window_id,file_id,window_type,source,score
conf_00254@0ms_n,conf_00254,negative_confusable,tts_synthetic_phonetic_nearmiss,0.8303498
tts2_en_US-libritts_r-medium_spk51_neg0@-396ms_n,tts2_en_US-libritts_r-medium_spk51_neg0,negative_confusable,tts_synthetic_phonetic_nearmiss,0.68718565
Ext-MSWC-data-common_voice_en_17966323@-250ms_n,Ext-MSWC-data-common_voice_en_17966323,negative_confusable,ext_mswc,0.6703729
media_syn_media_rec_0080_004@0ms_n,media_syn_media_rec_0080_004,negative_media,tts_synthetic_continuous_speech,0.5416951
Ext-HeySnips-f3187429-6150-4578-a5ba-d0a594ae0c2a@0ms_n,Ext-HeySnips-f3187429-6150-4578-a5ba-d0a594ae0c2a,negative_general_speech,ext_heysnips,0.5199029
Ext-MSWC-delta-common_voice_en_22109647@-250ms_n,Ext-MSWC-delta-common_voice_en_22109647,negative_partial_wakeword,ext_mswc,0.49916413
tts2_en_GB-vctk-medium_spk57_neg1@-315ms_n,tts2_en_GB-vctk-medium_spk57_neg1,negative_confusable,tts_synthetic_phonetic_nearmiss,0.4788125
tts2_en_US-libritts_r-medium_spk250_neg0@-297ms_n,tts2_en_US-libritts_r-medium_spk250_neg0,negative_confusable,tts_synthetic_phonetic_nearmiss,0.46471843
conf_00660@-518ms_n,conf_00660,negative_confusable,tts_synthetic_phonetic_nearmiss,0.44674617
Ext-MSWC-walter-common_voice_en_18730141@-250ms_n,Ext-MSWC-walter-common_voice_en_18730141,negative_confusable,ext_mswc,0.43109563
Ext-HeySnips-8bfbc64c-da2a-4bbe-9df7-7b20d7f001f7@1500ms_n,Ext-HeySnips-8bfbc64c-da2a-4bbe-9df7-7b20d7f001f7,negative_general_speech,ext_heysnips,0.41659167
Ext-FLEURS-fil_ph-552803008718300017@3750ms_n,Ext-FLEURS-fil_ph-552803008718300017,negative_general_speech,ext_fleurs,0.4106371
Ext-MUSAN-music-music-jamendo-0140@4500ms_n,Ext-MUSAN-music-music-jamendo-0140,negative_media,ext_musan_music,0.40395933
Ext-MUSAN-noise-noise-free-sound-0143@1500ms_n,Ext-MUSAN-noise-noise-free-sound-0143,negative_silence_noise,ext_musan_noise,0.39672655
Ext-MSWC-hector-common_voice_en_19789397@-250ms_n,Ext-MSWC-hector-common_voice_en_19789397,negative_confusable,ext_mswc,0.3966757
Ext-MSWC-delta-common_voice_en_19267830@-250ms_n,Ext-MSWC-delta-common_voice_en_19267830,negative_partial_wakeword,ext_mswc,0.3741843
Ext-MUSAN-noise-noise-free-sound-0096@1500ms_n,Ext-MUSAN-noise-noise-free-sound-0096,negative_silence_noise,ext_musan_noise,0.36177167
Ext-MSWC-delta-common_voice_en_20919176@-250ms_n,Ext-MSWC-delta-common_voice_en_20919176,negative_partial_wakeword,ext_mswc,0.35989147
tts2_en_US-libritts_r-medium_spk364_neg1@-378ms_n,tts2_en_US-libritts_r-medium_spk364_neg1,negative_confusable,tts_synthetic_phonetic_nearmiss,0.35705042
conf_01165@-303ms_n,conf_01165,negative_confusable,tts_synthetic_phonetic_nearmiss,0.35627875
Ext-FLEURS-en_us-1394697283561012104@0ms_n,Ext-FLEURS-en_us-1394697283561012104,negative_general_speech,ext_fleurs,0.35474455
Ext-MSWC-delta-common_voice_en_19398756@-250ms_n,Ext-MSWC-delta-common_voice_en_19398756,negative_partial_wakeword,ext_mswc,0.35280442
tts2_en_US-libritts_r-medium_spk323_neg1@-338ms_n,tts2_en_US-libritts_r-medium_spk323_neg1,negative_confusable,tts_synthetic_phonetic_nearmiss,0.34875956
tts2_en_GB-semaine-medium_spk2_neg0@-286ms_n,tts2_en_GB-semaine-medium_spk2_neg0,negative_confusable,tts_synthetic_phonetic_nearmiss,0.34426013
tts2_en_US-l2arctic-medium_spk3_neg1@-117ms_n,tts2_en_US-l2arctic-medium_spk3_neg1,negative_confusable,tts_synthetic_phonetic_nearmiss,0.34297496
tts2_en_US-libritts_r-medium_spk761_neg0@-425ms_n,tts2_en_US-libritts_r-medium_spk761_neg0,negative_confusable,tts_synthetic_phonetic_nearmiss,0.33731276
Ext-MSWC-delta-common_voice_en_19638580@-250ms_n,Ext-MSWC-delta-common_voice_en_19638580,negative_partial_wakeword,ext_mswc,0.33315194
Ext-MUSAN-noise-noise-free-sound-0096@2250ms_n,Ext-MUSAN-noise-noise-free-sound-0096,negative_silence_noise,ext_musan_noise,0.33236578
Ext-MSWC-delta-common_voice_en_18779749@-250ms_n,Ext-MSWC-delta-common_voice_en_18779749,negative_partial_wakeword,ext_mswc,0.33204696
Ext-MUSAN-noise-noise-free-sound-0502@1500ms_n,Ext-MUSAN-noise-noise-free-sound-0502,negative_silence_noise,ext_musan_noise,0.33145285
Ext-MUSAN-noise-noise-free-sound-0116@2250ms_n,Ext-MUSAN-noise-noise-free-sound-0116,negative_silence_noise,ext_musan_noise,0.3277161
Ext-HeySnips-a17dea9c-e8c7-4b0d-9481-dc87ad519d78@2250ms_n,Ext-HeySnips-a17dea9c-e8c7-4b0d-9481-dc87ad519d78,negative_general_speech,ext_heysnips,0.32104182
tts2_en_US-libritts_r-medium_spk761_neg1@-373ms_n,tts2_en_US-libritts_r-medium_spk761_neg1,negative_confusable,tts_synthetic_phonetic_nearmiss,0.31862015
tts2_en_GB-vctk-medium_spk14_neg1@-344ms_n,tts2_en_GB-vctk-medium_spk14_neg1,negative_confusable,tts_synthetic_phonetic_nearmiss,0.31100798
conf_00738@0ms_n,conf_00738,negative_confusable,tts_synthetic_phonetic_nearmiss,0.30985057
Ext-MSWC-delta-common_voice_en_19264998@-250ms_n,Ext-MSWC-delta-common_voice_en_19264998,negative_partial_wakeword,ext_mswc,0.30904874
media_syn_media_rec_0140_003@0ms_n,media_syn_media_rec_0140_003,negative_media,tts_synthetic_continuous_speech,0.30735853
conf_00440@0ms_n,conf_00440,negative_confusable,tts_synthetic_phonetic_nearmiss,0.30602136
conf_00176@-535ms_n,conf_00176,negative_confusable,tts_synthetic_phonetic_nearmiss,0.2948358
Ext-MSWC-delta-common_voice_en_22043064@-250ms_n,Ext-MSWC-delta-common_voice_en_22043064,negative_partial_wakeword,ext_mswc,0.29241678
Ext-MUSAN-music-music-jamendo-0210@750ms_n,Ext-MUSAN-music-music-jamendo-0210,negative_media,ext_musan_music,0.29236615
tts2_en_US-libritts_r-medium_spk727_neg0@-198ms_n,tts2_en_US-libritts_r-medium_spk727_neg0,negative_confusable,tts_synthetic_phonetic_nearmiss,0.29124877
Ext-MSWC-delta-common_voice_en_481813@-250ms_n,Ext-MSWC-delta-common_voice_en_481813,negative_partial_wakeword,ext_mswc,0.29048902
Ext-MUSAN-noise-noise-free-sound-0029@1500ms_n,Ext-MUSAN-noise-noise-free-sound-0029,negative_silence_noise,ext_musan_noise,0.28988162
Ext-MUSAN-noise-noise-free-sound-0096@3000ms_n,Ext-MUSAN-noise-noise-free-sound-0096,negative_silence_noise,ext_musan_noise,0.28879768
media_syn_media_rec_0121_003@0ms_n,media_syn_media_rec_0121_003,negative_media,tts_synthetic_continuous_speech,0.28516483
Ext-MSWC-delta-common_voice_en_20403657@-250ms_n,Ext-MSWC-delta-common_voice_en_20403657,negative_partial_wakeword,ext_mswc,0.27943978
tts2_en_US-l2arctic-medium_spk0_neg1@-326ms_n,tts2_en_US-l2arctic-medium_spk0_neg1,negative_confusable,tts_synthetic_phonetic_nearmiss,0.27926993
tts2_en_US-libritts_r-medium_spk606_neg0@-373ms_n,tts2_en_US-libritts_r-medium_spk606_neg0,negative_confusable,tts_synthetic_phonetic_nearmiss,0.27612156
Ext-MUSAN-noise-noise-free-sound-0096@3750ms_n,Ext-MUSAN-noise-noise-free-sound-0096,negative_silence_noise,ext_musan_noise,0.27484292
Ext-MSWC-felt-common_voice_en_17412120@-250ms_n,Ext-MSWC-felt-common_voice_en_17412120,negative_confusable,ext_mswc,0.27468908
Ext-HeySnips-717b0c95-3616-4826-9ffd-70d39b63bdfa@0ms_n,Ext-HeySnips-717b0c95-3616-4826-9ffd-70d39b63bdfa,negative_general_speech,ext_heysnips,0.27439278
Ext-MUSAN-music-music-rfm-0138@2250ms_n,Ext-MUSAN-music-music-rfm-0138,negative_media,ext_musan_music,0.27028185
Ext-MUSAN-music-music-jamendo-0005@3750ms_n,Ext-MUSAN-music-music-jamendo-0005,negative_media,ext_musan_music,0.26919374
tts2_en_GB-vctk-medium_spk17_neg1@-170ms_n,tts2_en_GB-vctk-medium_spk17_neg1,negative_confusable,tts_synthetic_phonetic_nearmiss,0.26830128
Ext-MUSAN-noise-noise-free-sound-0413@750ms_n,Ext-MUSAN-noise-noise-free-sound-0413,negative_silence_noise,ext_musan_noise,0.2637668
Manual-Fil-RPI69@36750ms_n,Manual-Fil-RPI69,negative_media,manual_recording,0.25881305
Ext-MUSAN-speech-speech-us-gov-0177@750ms_n,Ext-MUSAN-speech-speech-us-gov-0177,negative_general_speech,ext_musan_speech,0.257361
Ext-MSWC-belt-common_voice_en_19766145@-250ms_n,Ext-MSWC-belt-common_voice_en_19766145,negative_confusable,ext_mswc,0.2559333
Ext-MUSAN-music-music-fma-0110@2250ms_n,Ext-MUSAN-music-music-fma-0110,negative_media,ext_musan_music,0.25491413
Ext-MUSAN-noise-noise-free-sound-0464@3750ms_n,Ext-MUSAN-noise-noise-free-sound-0464,negative_silence_noise,ext_musan_noise,0.2538855
Ext-MSWC-dealt-common_voice_en_19766143@-250ms_n,Ext-MSWC-dealt-common_voice_en_19766143,negative_confusable,ext_mswc,0.25109744
Ext-MSWC-delta-common_voice_en_20921908@-250ms_n,Ext-MSWC-delta-common_voice_en_20921908,negative_partial_wakeword,ext_mswc,0.25059837
Ext-MSWC-dealt-common_voice_en_19664977@-250ms_n,Ext-MSWC-dealt-common_voice_en_19664977,negative_confusable,ext_mswc,0.24977285
Ext-MUSAN-noise-noise-free-sound-0530@2250ms_n,Ext-MUSAN-noise-noise-free-sound-0530,negative_silence_noise,ext_musan_noise,0.24952698
Ext-MSWC-delta-common_voice_en_20008971@-250ms_n,Ext-MSWC-delta-common_voice_en_20008971,negative_partial_wakeword,ext_mswc,0.2450217
Ext-HeySnips-adf80b45-c5a0-4b7f-ab24-02e5a101033b@0ms_n,Ext-HeySnips-adf80b45-c5a0-4b7f-ab24-02e5a101033b,negative_general_speech,ext_heysnips,0.24278392
Ext-MUSAN-noise-noise-free-sound-0029@750ms_n,Ext-MUSAN-noise-noise-free-sound-0029,negative_silence_noise,ext_musan_noise,0.24136823
Ext-FLEURS-fil_ph-552803008718300017@3000ms_n,Ext-FLEURS-fil_ph-552803008718300017,negative_general_speech,ext_fleurs,0.24115072
Ext-MUSAN-noise-noise-free-sound-0095@750ms_n,Ext-MUSAN-noise-noise-free-sound-0095,negative_silence_noise,ext_musan_noise,0.23952197
Ext-MUSAN-noise-noise-free-sound-0502@750ms_n,Ext-MUSAN-noise-noise-free-sound-0502,negative_silence_noise,ext_musan_noise,0.23858176
Ext-MSWC-belt-common_voice_en_19214760@-250ms_n,Ext-MSWC-belt-common_voice_en_19214760,negative_confusable,ext_mswc,0.23579998
Ext-MUSAN-noise-noise-free-sound-0096@4500ms_n,Ext-MUSAN-noise-noise-free-sound-0096,negative_silence_noise,ext_musan_noise,0.23520625
tts2_en_US-libritts_r-medium_spk656_neg0@-71ms_n,tts2_en_US-libritts_r-medium_spk656_neg0,negative_confusable,tts_synthetic_phonetic_nearmiss,0.23283045
tts2_en_US-libritts_r-medium_spk666_neg0@-396ms_n,tts2_en_US-libritts_r-medium_spk666_neg0,negative_confusable,tts_synthetic_phonetic_nearmiss,0.23186062
conf_00132@0ms_n,conf_00132,negative_confusable,tts_synthetic_phonetic_nearmiss,0.23161727
Ext-MUSAN-music-music-fma-0021@750ms_n,Ext-MUSAN-music-music-fma-0021,negative_media,ext_musan_music,0.23124719
tts2_en_GB-vctk-medium_spk102_neg1@-315ms_n,tts2_en_GB-vctk-medium_spk102_neg1,negative_confusable,tts_synthetic_phonetic_nearmiss,0.22990032
Ext-HeySnips-24fcd5de-c586-493c-a4f7-04cb6cbe75b5@750ms_n,Ext-HeySnips-24fcd5de-c586-493c-a4f7-04cb6cbe75b5,negative_general_speech,ext_heysnips,0.22598246
Ext-MSWC-delta-common_voice_en_19515727@-250ms_n,Ext-MSWC-delta-common_voice_en_19515727,negative_partial_wakeword,ext_mswc,0.22434333
Ext-FLEURS-en_us-1394697283561012104@750ms_n,Ext-FLEURS-en_us-1394697283561012104,negative_general_speech,ext_fleurs,0.22355337
Ext-HeySnips-13e00303-08f9-4a11-a86c-d06ea1d69e9c@0ms_n,Ext-HeySnips-13e00303-08f9-4a11-a86c-d06ea1d69e9c,negative_general_speech,ext_heysnips,0.22326669
tts2_en_US-libritts_r-medium_spk413_neg0@-257ms_n,tts2_en_US-libritts_r-medium_spk413_neg0,negative_confusable,tts_synthetic_phonetic_nearmiss,0.22136392
Ext-MSWC-data-common_voice_en_413118@-250ms_n,Ext-MSWC-data-common_voice_en_413118,negative_confusable,ext_mswc,0.2199812
Ext-MUSAN-noise-noise-free-sound-0209@3000ms_n,Ext-MUSAN-noise-noise-free-sound-0209,negative_silence_noise,ext_musan_noise,0.21671252
Ext-MUSAN-noise-noise-free-sound-0002@3750ms_n,Ext-MUSAN-noise-noise-free-sound-0002,negative_silence_noise,ext_musan_noise,0.21639514
Ext-HeySnips-cd7a959f-dabe-4715-a98a-d5af039577d8@750ms_n,Ext-HeySnips-cd7a959f-dabe-4715-a98a-d5af039577d8,negative_general_speech,ext_heysnips,0.21182027
Ext-HeySnips-97680535-2fc1-4f08-b32f-ad1fd50e352d@0ms_n,Ext-HeySnips-97680535-2fc1-4f08-b32f-ad1fd50e352d,negative_general_speech,ext_heysnips,0.2104438
Ext-FLEURS-en_us-2254021119996292300@0ms_n,Ext-FLEURS-en_us-2254021119996292300,negative_general_speech,ext_fleurs,0.210079
Ext-MUSAN-noise-noise-free-sound-0029@3000ms_n,Ext-MUSAN-noise-noise-free-sound-0029,negative_silence_noise,ext_musan_noise,0.20868248
Ext-MSWC-delta-common_voice_en_17877214@-251ms_n,Ext-MSWC-delta-common_voice_en_17877214,negative_partial_wakeword,ext_mswc,0.20859928
tts2_en_GB-vctk-medium_spk89_neg0@-396ms_n,tts2_en_GB-vctk-medium_spk89_neg0,negative_confusable,tts_synthetic_phonetic_nearmiss,0.2077365
Ext-MSWC-delta-common_voice_en_20993083@-250ms_n,Ext-MSWC-delta-common_voice_en_20993083,negative_partial_wakeword,ext_mswc,0.2062218
Ext-MSWC-delta-common_voice_en_583904@-250ms_n,Ext-MSWC-delta-common_voice_en_583904,negative_partial_wakeword,ext_mswc,0.20333807
Ext-MUSAN-music-music-jamendo-0022@750ms_n,Ext-MUSAN-music-music-jamendo-0022,negative_media,ext_musan_music,0.20318146
Ext-MUSAN-speech-speech-librivox-0147@1500ms_n,Ext-MUSAN-speech-speech-librivox-0147,negative_general_speech,ext_musan_speech,0.20299466
Ext-MUSAN-noise-noise-free-sound-0100@1500ms_n,Ext-MUSAN-noise-noise-free-sound-0100,negative_silence_noise,ext_musan_noise,0.19983311
speech_syn_general_rec_0004_001@0ms_n,speech_syn_general_rec_0004_001,negative_general_speech,tts_synthetic_continuous_speech,0.19939484
Ext-MUSAN-music-music-rfm-0141@1500ms_n,Ext-MUSAN-music-music-rfm-0141,negative_media,ext_musan_music,0.19835274
Ext-MUSAN-music-music-fma-0021@3750ms_n,Ext-MUSAN-music-music-fma-0021,negative_media,ext_musan_music,0.19785757
tts2_en_US-libritts_r-medium_spk857_neg0@-489ms_n,tts2_en_US-libritts_r-medium_spk857_neg0,negative_confusable,tts_synthetic_phonetic_nearmiss,0.19736211
Ext-HeySnips-96bcce32-f3aa-47c7-952d-e7023a4141d1@750ms_n,Ext-HeySnips-96bcce32-f3aa-47c7-952d-e7023a4141d1,negative_general_speech,ext_heysnips,0.19394013
conf_00826@-390ms_n,conf_00826,negative_confusable,tts_synthetic_phonetic_nearmiss,0.19313069
Ext-MSWC-delta-common_voice_en_21811976@-250ms_n,Ext-MSWC-delta-common_voice_en_21811976,negative_partial_wakeword,ext_mswc,0.19242556
Ext-FLEURS-en_us-8756381645087147947@750ms_n,Ext-FLEURS-en_us-8756381645087147947,negative_general_speech,ext_fleurs,0.1905587
Ext-MUSAN-noise-noise-free-sound-0326@4500ms_n,Ext-MUSAN-noise-noise-free-sound-0326,negative_silence_noise,ext_musan_noise,0.19025005
Ext-HeySnips-a17dea9c-e8c7-4b0d-9481-dc87ad519d78@1500ms_n,Ext-HeySnips-a17dea9c-e8c7-4b0d-9481-dc87ad519d78,negative_general_speech,ext_heysnips,0.18997058
Ext-HeySnips-ae95dece-d382-41fa-b9c8-62e77d0074d5@0ms_n,Ext-HeySnips-ae95dece-d382-41fa-b9c8-62e77d0074d5,negative_general_speech,ext_heysnips,0.18820488
Ext-HeySnips-083d4f12-18c3-46e0-a8ab-89e582007c23@0ms_n,Ext-HeySnips-083d4f12-18c3-46e0-a8ab-89e582007c23,negative_confusable,ext_heysnips,0.18745942
Ext-MSWC-dealt-common_voice_en_19534672@-250ms_n,Ext-MSWC-dealt-common_voice_en_19534672,negative_confusable,ext_mswc,0.18744993
conf_00395@-332ms_n,conf_00395,negative_confusable,tts_synthetic_phonetic_nearmiss,0.18639281
conf_00407@-262ms_n,conf_00407,negative_confusable,tts_synthetic_phonetic_nearmiss,0.18601103
Ext-MUSAN-noise-noise-free-sound-0438@2250ms_n,Ext-MUSAN-noise-noise-free-sound-0438,negative_silence_noise,ext_musan_noise,0.18557116
Ext-MUSAN-speech-speech-librivox-0062@3000ms_n,Ext-MUSAN-speech-speech-librivox-0062,negative_general_speech,ext_musan_speech,0.18497342
Ext-MSWC-dealt-common_voice_en_18758110@-250ms_n,Ext-MSWC-dealt-common_voice_en_18758110,negative_confusable,ext_mswc,0.1848697
Ext-MSWC-delta-common_voice_en_19616225@-250ms_n,Ext-MSWC-delta-common_voice_en_19616225,negative_partial_wakeword,ext_mswc,0.18450929
Ext-MUSAN-noise-noise-free-sound-0413@0ms_n,Ext-MUSAN-noise-noise-free-sound-0413,negative_silence_noise,ext_musan_noise,0.18291338
Ext-MSWC-heather-common_voice_en_593771@-250ms_n,Ext-MSWC-heather-common_voice_en_593771,negative_confusable,ext_mswc,0.18265735
Ext-MUSAN-noise-noise-free-sound-0086@4500ms_n,Ext-MUSAN-noise-noise-free-sound-0086,negative_silence_noise,ext_musan_noise,0.18220131
Ext-MUSAN-music-music-fma-0004@1500ms_n,Ext-MUSAN-music-music-fma-0004,negative_media,ext_musan_music,0.18151082
Ext-MSWC-dealt-common_voice_en_18978448@-250ms_n,Ext-MSWC-dealt-common_voice_en_18978448,negative_confusable,ext_mswc,0.18128504
conf_00892@0ms_n,conf_00892,negative_confusable,tts_synthetic_phonetic_nearmiss,0.17777874
Ext-HeySnips-610cb704-29de-44b1-b9dd-a30227d00273@1500ms_n,Ext-HeySnips-610cb704-29de-44b1-b9dd-a30227d00273,negative_general_speech,ext_heysnips,0.1771677
Ext-MSWC-delta-common_voice_en_21777323@-250ms_n,Ext-MSWC-delta-common_voice_en_21777323,negative_partial_wakeword,ext_mswc,0.17708974
Ext-MUSAN-music-music-jamendo-0022@1500ms_n,Ext-MUSAN-music-music-jamendo-0022,negative_media,ext_musan_music,0.17684774
Ext-MUSAN-music-music-jamendo-0187@3000ms_n,Ext-MUSAN-music-music-jamendo-0187,negative_media,ext_musan_music,0.17677607
conf_00726@-500ms_n,conf_00726,negative_confusable,tts_synthetic_phonetic_nearmiss,0.17620896
Ext-MUSAN-noise-noise-free-sound-0086@3000ms_n,Ext-MUSAN-noise-noise-free-sound-0086,negative_silence_noise,ext_musan_noise,0.17294483
Ext-MUSAN-noise-noise-free-sound-0086@2250ms_n,Ext-MUSAN-noise-noise-free-sound-0086,negative_silence_noise,ext_musan_noise,0.17174546
Ext-MUSAN-noise-noise-free-sound-0209@4500ms_n,Ext-MUSAN-noise-noise-free-sound-0209,negative_silence_noise,ext_musan_noise,0.17142814
Ext-MSWC-doctor-common_voice_en_18105727@-250ms_n,Ext-MSWC-doctor-common_voice_en_18105727,negative_confusable,ext_mswc,0.17001224
Ext-MUSAN-noise-noise-free-sound-0438@3750ms_n,Ext-MUSAN-noise-noise-free-sound-0438,negative_silence_noise,ext_musan_noise,0.16921772
Ext-MSWC-delta-common_voice_en_18729610@-250ms_n,Ext-MSWC-delta-common_voice_en_18729610,negative_partial_wakeword,ext_mswc,0.16862504
Ext-MSWC-belt-common_voice_en_18990009@-250ms_n,Ext-MSWC-belt-common_voice_en_18990009,negative_confusable,ext_mswc,0.16818687
Ext-MSWC-data-common_voice_en_20134854@-250ms_n,Ext-MSWC-data-common_voice_en_20134854,negative_confusable,ext_mswc,0.16641286
Ext-MUSAN-noise-noise-free-sound-0326@3750ms_n,Ext-MUSAN-noise-noise-free-sound-0326,negative_silence_noise,ext_musan_noise,0.16628835
Ext-MUSAN-music-music-jamendo-0176@0ms_n,Ext-MUSAN-music-music-jamendo-0176,negative_media,ext_musan_music,0.16592702
Ext-HeySnips-9882e463-bbac-4d38-a5a7-fe5be09398a9@2250ms_n,Ext-HeySnips-9882e463-bbac-4d38-a5a7-fe5be09398a9,negative_general_speech,ext_heysnips,0.16496618
Ext-MUSAN-noise-noise-free-sound-0156@1500ms_n,Ext-MUSAN-noise-noise-free-sound-0156,negative_silence_noise,ext_musan_noise,0.1645561
Ext-MUSAN-music-music-fma-0021@4500ms_n,Ext-MUSAN-music-music-fma-0021,negative_media,ext_musan_music,0.16451532
Ext-MUSAN-noise-noise-free-sound-0122@4500ms_n,Ext-MUSAN-noise-noise-free-sound-0122,negative_silence_noise,ext_musan_noise,0.16445726
speech_syn_general_rec_0069_008@0ms_n,speech_syn_general_rec_0069_008,negative_general_speech,tts_synthetic_continuous_speech,0.16418768
tts2_en_GB-aru-medium_spk11_neg1@-332ms_n,tts2_en_GB-aru-medium_spk11_neg1,negative_confusable,tts_synthetic_phonetic_nearmiss,0.16319507
Ext-MUSAN-noise-noise-free-sound-0666@3000ms_n,Ext-MUSAN-noise-noise-free-sound-0666,negative_silence_noise,ext_musan_noise,0.1626692
Ext-MUSAN-noise-noise-free-sound-0030@2250ms_n,Ext-MUSAN-noise-noise-free-sound-0030,negative_silence_noise,ext_musan_noise,0.16259329
Ext-HeySnips-307573d2-1fbb-45e8-8208-003615d3f9b9@2250ms_n,Ext-HeySnips-307573d2-1fbb-45e8-8208-003615d3f9b9,negative_general_speech,ext_heysnips,0.16170016
Ext-MSWC-delta-common_voice_en_19612206@-250ms_n,Ext-MSWC-delta-common_voice_en_19612206,negative_partial_wakeword,ext_mswc,0.16044247
tts2_en_GB-aru-medium_spk7_neg1@-320ms_n,tts2_en_GB-aru-medium_spk7_neg1,negative_confusable,tts_synthetic_phonetic_nearmiss,0.15736902
Ext-FLEURS-en_us-17406400587485166719@3000ms_n,Ext-FLEURS-en_us-17406400587485166719,negative_general_speech,ext_fleurs,0.15736605
Ext-MSWC-alta-common_voice_en_18680252@-250ms_n,Ext-MSWC-alta-common_voice_en_18680252,negative_confusable,ext_mswc,0.15731533
Ext-MUSAN-music-music-jamendo-0163@0ms_n,Ext-MUSAN-music-music-jamendo-0163,negative_media,ext_musan_music,0.1564349
conf_01121@-384ms_n,conf_01121,negative_confusable,tts_synthetic_phonetic_nearmiss,0.15568738
Ext-FLEURS-fil_ph-1221814186142076105@750ms_n,Ext-FLEURS-fil_ph-1221814186142076105,negative_general_speech,ext_fleurs,0.15529862
Ext-MUSAN-music-music-jamendo-0189@2250ms_n,Ext-MUSAN-music-music-jamendo-0189,negative_media,ext_musan_music,0.15388057
Ext-MUSAN-music-music-jamendo-0022@2250ms_n,Ext-MUSAN-music-music-jamendo-0022,negative_media,ext_musan_music,0.15359993
Ext-MUSAN-noise-noise-free-sound-0209@3750ms_n,Ext-MUSAN-noise-noise-free-sound-0209,negative_silence_noise,ext_musan_noise,0.15295847
Ext-MUSAN-noise-noise-free-sound-0086@1500ms_n,Ext-MUSAN-noise-noise-free-sound-0086,negative_silence_noise,ext_musan_noise,0.15271424
Ext-MUSAN-noise-noise-free-sound-0058@0ms_n,Ext-MUSAN-noise-noise-free-sound-0058,negative_silence_noise,ext_musan_noise,0.15213455
speech_syn_general_rec_0130_008@0ms_n,speech_syn_general_rec_0130_008,negative_general_speech,tts_synthetic_continuous_speech,0.15202299
Ext-MSWC-dealt-common_voice_en_19754363@-250ms_n,Ext-MSWC-dealt-common_voice_en_19754363,negative_confusable,ext_mswc,0.15138909
Ext-MUSAN-noise-noise-free-sound-0152@2250ms_n,Ext-MUSAN-noise-noise-free-sound-0152,negative_silence_noise,ext_musan_noise,0.15073813
Ext-MUSAN-noise-noise-free-sound-0438@750ms_n,Ext-MUSAN-noise-noise-free-sound-0438,negative_silence_noise,ext_musan_noise,0.15071635
Ext-MUSAN-noise-noise-free-sound-0670@0ms_n,Ext-MUSAN-noise-noise-free-sound-0670,negative_silence_noise,ext_musan_noise,0.149602
Ext-MUSAN-noise-noise-sound-bible-0079@750ms_n,Ext-MUSAN-noise-noise-sound-bible-0079,negative_silence_noise,ext_musan_noise,0.14867903
Ext-MUSAN-noise-noise-free-sound-0438@0ms_n,Ext-MUSAN-noise-noise-free-sound-0438,negative_silence_noise,ext_musan_noise,0.14833748
Ext-MUSAN-music-music-fma-0000@4500ms_n,Ext-MUSAN-music-music-fma-0000,negative_media,ext_musan_music,0.14817883
Ext-HeySnips-4c95a6bb-7ca7-4881-a114-6d9378191f16@0ms_n,Ext-HeySnips-4c95a6bb-7ca7-4881-a114-6d9378191f16,negative_general_speech,ext_heysnips,0.1481605
Ext-MUSAN-noise-noise-free-sound-0767@2250ms_n,Ext-MUSAN-noise-noise-free-sound-0767,negative_silence_noise,ext_musan_noise,0.1480234
Ext-MUSAN-speech-speech-librivox-0111@750ms_n,Ext-MUSAN-speech-speech-librivox-0111,negative_general_speech,ext_musan_speech,0.14763263
Ext-MSWC-delta-common_voice_en_19515615@-250ms_n,Ext-MSWC-delta-common_voice_en_19515615,negative_partial_wakeword,ext_mswc,0.14711289
Ext-MSWC-dealt-common_voice_en_21690829@-250ms_n,Ext-MSWC-dealt-common_voice_en_21690829,negative_confusable,ext_mswc,0.14669423
Ext-FLEURS-en_us-9393095557904752800@3000ms_n,Ext-FLEURS-en_us-9393095557904752800,negative_general_speech,ext_fleurs,0.14628458
tts2_en_US-libritts_r-medium_spk672_neg0@-396ms_n,tts2_en_US-libritts_r-medium_spk672_neg0,negative_confusable,tts_synthetic_phonetic_nearmiss,0.14574292
Ext-MSWC-delta-common_voice_en_19541408@-250ms_n,Ext-MSWC-delta-common_voice_en_19541408,negative_partial_wakeword,ext_mswc,0.14546748
Ext-MUSAN-noise-noise-free-sound-0567@0ms_n,Ext-MUSAN-noise-noise-free-sound-0567,negative_silence_noise,ext_musan_noise,0.14531228
Ext-MUSAN-noise-noise-free-sound-0029@2250ms_n,Ext-MUSAN-noise-noise-free-sound-0029,negative_silence_noise,ext_musan_noise,0.14485988
Ext-MSWC-delta-common_voice_en_21573314@-250ms_n,Ext-MSWC-delta-common_voice_en_21573314,negative_partial_wakeword,ext_mswc,0.14483295
Manual-BG-RPI18@122250ms_n,Manual-BG-RPI18,negative_real_background,manual_recording,0.14437157
Ext-MUSAN-music-music-jamendo-0060@1500ms_n,Ext-MUSAN-music-music-jamendo-0060,negative_media,ext_musan_music,0.1436936
Ext-MUSAN-noise-noise-free-sound-0209@1500ms_n,Ext-MUSAN-noise-noise-free-sound-0209,negative_silence_noise,ext_musan_noise,0.1436247
Ext-MUSAN-noise-noise-free-sound-0086@3750ms_n,Ext-MUSAN-noise-noise-free-sound-0086,negative_silence_noise,ext_musan_noise,0.14332207
tts2_en_US-libritts_r-medium_spk599_neg1@-338ms_n,tts2_en_US-libritts_r-medium_spk599_neg1,negative_confusable,tts_synthetic_phonetic_nearmiss,0.14307302
Ext-MUSAN-noise-noise-free-sound-0273@3000ms_n,Ext-MUSAN-noise-noise-free-sound-0273,negative_silence_noise,ext_musan_noise,0.14213808
Ext-MUSAN-noise-noise-free-sound-0767@1500ms_n,Ext-MUSAN-noise-noise-free-sound-0767,negative_silence_noise,ext_musan_noise,0.14162251
Ext-FLEURS-en_us-665356010601593238@4500ms_n,Ext-FLEURS-en_us-665356010601593238,negative_general_speech,ext_fleurs,0.1412669
Ext-MSWC-delta-common_voice_en_20328945@-250ms_n,Ext-MSWC-delta-common_voice_en_20328945,negative_partial_wakeword,ext_mswc,0.14116931
Ext-MUSAN-noise-noise-free-sound-0029@3750ms_n,Ext-MUSAN-noise-noise-free-sound-0029,negative_silence_noise,ext_musan_noise,0.1407996
Ext-MSWC-delta-common_voice_en_18878710@-250ms_n,Ext-MSWC-delta-common_voice_en_18878710,negative_partial_wakeword,ext_mswc,0.14067121
Ext-MUSAN-noise-noise-free-sound-0078@2250ms_n,Ext-MUSAN-noise-noise-free-sound-0078,negative_silence_noise,ext_musan_noise,0.14051121
tts2_en_GB-semaine-medium_spk1_neg0@-71ms_n,tts2_en_GB-semaine-medium_spk1_neg0,negative_confusable,tts_synthetic_phonetic_nearmiss,0.14048703
conf_00121@-129ms_n,conf_00121,negative_confusable,tts_synthetic_phonetic_nearmiss,0.14017306
Ext-MSWC-delta-common_voice_en_10224876@-250ms_n,Ext-MSWC-delta-common_voice_en_10224876,negative_partial_wakeword,ext_mswc,0.14004904
Ext-MUSAN-noise-noise-free-sound-0273@2250ms_n,Ext-MUSAN-noise-noise-free-sound-0273,negative_silence_noise,ext_musan_noise,0.13947748
Ext-MSWC-doctor-common_voice_en_22175050@-250ms_n,Ext-MSWC-doctor-common_voice_en_22175050,negative_confusable,ext_mswc,0.13924567
Ext-FLEURS-fil_ph-11419397534925300308@3000ms_n,Ext-FLEURS-fil_ph-11419397534925300308,negative_general_speech,ext_fleurs,0.13908853
Ext-MUSAN-noise-noise-sound-bible-0077@750ms_n,Ext-MUSAN-noise-noise-sound-bible-0077,negative_silence_noise,ext_musan_noise,0.13885847
Ext-MSWC-belt-common_voice_en_20304620@-250ms_n,Ext-MSWC-belt-common_voice_en_20304620,negative_confusable,ext_mswc,0.13869247
Ext-MUSAN-music-music-jamendo-0111@750ms_n,Ext-MUSAN-music-music-jamendo-0111,negative_media,ext_musan_music,0.13859516
Ext-MUSAN-noise-noise-free-sound-0237@2250ms_n,Ext-MUSAN-noise-noise-free-sound-0237,negative_silence_noise,ext_musan_noise,0.13787326
Ext-MSWC-help-common_voice_en_481086@-250ms_n,Ext-MSWC-help-common_voice_en_481086,negative_confusable,ext_mswc,0.13777193
conf_01011@-239ms_n,conf_01011,negative_confusable,tts_synthetic_phonetic_nearmiss,0.1376042
Ext-FLEURS-en_us-8756381645087147947@3750ms_n,Ext-FLEURS-en_us-8756381645087147947,negative_general_speech,ext_fleurs,0.13755275
Ext-MSWC-felt-common_voice_en_17483562@-250ms_n,Ext-MSWC-felt-common_voice_en_17483562,negative_confusable,ext_mswc,0.13715753
Ext-MUSAN-noise-noise-free-sound-0228@3750ms_n,Ext-MUSAN-noise-noise-free-sound-0228,negative_silence_noise,ext_musan_noise,0.13594592
Ext-MUSAN-noise-noise-free-sound-0438@3000ms_n,Ext-MUSAN-noise-noise-free-sound-0438,negative_silence_noise,ext_musan_noise,0.13550201
speech_syn_general_rec_0061_003@0ms_n,speech_syn_general_rec_0061_003,negative_general_speech,tts_synthetic_continuous_speech,0.13528606
Ext-MUSAN-noise-noise-free-sound-0438@4500ms_n,Ext-MUSAN-noise-noise-free-sound-0438,negative_silence_noise,ext_musan_noise,0.13484849
Ext-MUSAN-noise-noise-free-sound-0100@3750ms_n,Ext-MUSAN-noise-noise-free-sound-0100,negative_silence_noise,ext_musan_noise,0.13481045
Ext-MSWC-delta-common_voice_en_18956202@-250ms_n,Ext-MSWC-delta-common_voice_en_18956202,negative_partial_wakeword,ext_mswc,0.13454553
Ext-MUSAN-speech-speech-us-gov-0120@2250ms_n,Ext-MUSAN-speech-speech-us-gov-0120,negative_general_speech,ext_musan_speech,0.13408114
Ext-MUSAN-music-music-jamendo-0171@3000ms_n,Ext-MUSAN-music-music-jamendo-0171,negative_media,ext_musan_music,0.13402043
tts2_en_US-l2arctic-medium_spk0_neg0@-158ms_n,tts2_en_US-l2arctic-medium_spk0_neg0,negative_confusable,tts_synthetic_phonetic_nearmiss,0.13391611
Ext-MSWC-delta-common_voice_en_19086025@-250ms_n,Ext-MSWC-delta-common_voice_en_19086025,negative_partial_wakeword,ext_mswc,0.13352
Ext-MUSAN-noise-noise-free-sound-0567@2250ms_n,Ext-MUSAN-noise-noise-free-sound-0567,negative_silence_noise,ext_musan_noise,0.13344942
Ext-MSWC-help-common_voice_en_19515605@-250ms_n,Ext-MSWC-help-common_voice_en_19515605,negative_confusable,ext_mswc,0.13327816
Ext-MUSAN-noise-noise-free-sound-0523@0ms_n,Ext-MUSAN-noise-noise-free-sound-0523,negative_silence_noise,ext_musan_noise,0.13284513
Ext-HeySnips-25a673e3-9ca7-4cf1-b028-9e9225df7d46@3000ms_n,Ext-HeySnips-25a673e3-9ca7-4cf1-b028-9e9225df7d46,negative_general_speech,ext_heysnips,0.13259804
Ext-MUSAN-noise-noise-free-sound-0535@1500ms_n,Ext-MUSAN-noise-noise-free-sound-0535,negative_silence_noise,ext_musan_noise,0.1325182
tts2_en_US-libritts_r-medium_spk113_neg1@-367ms_n,tts2_en_US-libritts_r-medium_spk113_neg1,negative_confusable,tts_synthetic_phonetic_nearmiss,0.13248633
Ext-HeySnips-885c091d-3fb6-49fd-996c-9d1722c3348e@0ms_n,Ext-HeySnips-885c091d-3fb6-49fd-996c-9d1722c3348e,negative_general_speech,ext_heysnips,0.13239935
Manual-BG-RPI19@420000ms_n,Manual-BG-RPI19,negative_real_background,manual_recording,0.13239919
Ext-MUSAN-noise-noise-free-sound-0438@1500ms_n,Ext-MUSAN-noise-noise-free-sound-0438,negative_silence_noise,ext_musan_noise,0.13176419
Ext-MUSAN-music-music-jamendo-0005@4500ms_n,Ext-MUSAN-music-music-jamendo-0005,negative_media,ext_musan_music,0.13121106
Ext-HeySnips-3e97a487-d46e-4bcc-b3e0-87bf7e5915da@1500ms_n,Ext-HeySnips-3e97a487-d46e-4bcc-b3e0-87bf7e5915da,negative_general_speech,ext_heysnips,0.13063797
Ext-HeySnips-8fb77bb4-ad5f-40fd-aa63-b6b404529417@0ms_n,Ext-HeySnips-8fb77bb4-ad5f-40fd-aa63-b6b404529417,negative_general_speech,ext_heysnips,0.13017571
media_syn_media_rec_0082_003@0ms_n,media_syn_media_rec_0082_003,negative_media,tts_synthetic_continuous_speech,0.12975906
Ext-MUSAN-noise-noise-free-sound-0780@4500ms_n,Ext-MUSAN-noise-noise-free-sound-0780,negative_silence_noise,ext_musan_noise,0.12949483
Ext-MSWC-belt-common_voice_en_19511621@-250ms_n,Ext-MSWC-belt-common_voice_en_19511621,negative_confusable,ext_mswc,0.12935528
Ext-MUSAN-noise-noise-free-sound-0597@4500ms_n,Ext-MUSAN-noise-noise-free-sound-0597,negative_silence_noise,ext_musan_noise,0.12892948
Ext-MUSAN-noise-noise-free-sound-0155@1500ms_n,Ext-MUSAN-noise-noise-free-sound-0155,negative_silence_noise,ext_musan_noise,0.12888156
Ext-MSWC-felt-common_voice_en_566874@-250ms_n,Ext-MSWC-felt-common_voice_en_566874,negative_confusable,ext_mswc,0.12874626
Ext-MUSAN-noise-noise-free-sound-0476@4500ms_n,Ext-MUSAN-noise-noise-free-sound-0476,negative_silence_noise,ext_musan_noise,0.12865067
Ext-MUSAN-noise-noise-free-sound-0273@3750ms_n,Ext-MUSAN-noise-noise-free-sound-0273,negative_silence_noise,ext_musan_noise,0.12854142
speech_syn_general_rec_0087_004@0ms_n,speech_syn_general_rec_0087_004,negative_general_speech,tts_synthetic_continuous_speech,0.12834974
media_syn_media_rec_0116_002@0ms_n,media_syn_media_rec_0116_002,negative_media,tts_synthetic_continuous_speech,0.12832919
Ext-MSWC-dealt-common_voice_en_20033449@-250ms_n,Ext-MSWC-dealt-common_voice_en_20033449,negative_confusable,ext_mswc,0.12696353
speech_syn_general_rec_0150_008@0ms_n,speech_syn_general_rec_0150_008,negative_general_speech,tts_synthetic_continuous_speech,0.12626827
Ext-MUSAN-noise-noise-free-sound-0666@1500ms_n,Ext-MUSAN-noise-noise-free-sound-0666,negative_silence_noise,ext_musan_noise,0.12622748
Ext-HeySnips-7aa22e8b-77be-455f-bfe5-28b0b27e4c9c@0ms_n,Ext-HeySnips-7aa22e8b-77be-455f-bfe5-28b0b27e4c9c,negative_general_speech,ext_heysnips,0.12622257
Ext-MUSAN-noise-noise-free-sound-0074@3000ms_n,Ext-MUSAN-noise-noise-free-sound-0074,negative_silence_noise,ext_musan_noise,0.12600902
Ext-MUSAN-noise-noise-free-sound-0078@0ms_n,Ext-MUSAN-noise-noise-free-sound-0078,negative_silence_noise,ext_musan_noise,0.12599595
Ext-MSWC-doctor-common_voice_en_17793625@-250ms_n,Ext-MSWC-doctor-common_voice_en_17793625,negative_confusable,ext_mswc,0.12538916
Manual-BG-RPI11@54750ms_n,Manual-BG-RPI11,negative_real_background,manual_recording,0.12529835
Ext-MSWC-delta-common_voice_en_17843779@-250ms_n,Ext-MSWC-delta-common_voice_en_17843779,negative_partial_wakeword,ext_mswc,0.12430241
Ext-HeySnips-65147520-ca10-4c73-8a9c-a95b5c1df9b2@0ms_n,Ext-HeySnips-65147520-ca10-4c73-8a9c-a95b5c1df9b2,negative_general_speech,ext_heysnips,0.12418527
Ext-HeySnips-fb5d5482-cc06-4e54-8aed-6041be028fe8@0ms_n,Ext-HeySnips-fb5d5482-cc06-4e54-8aed-6041be028fe8,negative_general_speech,ext_heysnips,0.1238337
Ext-MUSAN-noise-noise-free-sound-0666@2250ms_n,Ext-MUSAN-noise-noise-free-sound-0666,negative_silence_noise,ext_musan_noise,0.123694666
Ext-MUSAN-noise-noise-free-sound-0086@0ms_n,Ext-MUSAN-noise-noise-free-sound-0086,negative_silence_noise,ext_musan_noise,0.12319137
Ext-MUSAN-noise-noise-sound-bible-0079@1500ms_n,Ext-MUSAN-noise-noise-sound-bible-0079,negative_silence_noise,ext_musan_noise,0.12316916
Ext-MUSAN-noise-noise-free-sound-0489@4500ms_n,Ext-MUSAN-noise-noise-free-sound-0489,negative_silence_noise,ext_musan_noise,0.122989155
Ext-MUSAN-noise-noise-free-sound-0535@750ms_n,Ext-MUSAN-noise-noise-free-sound-0535,negative_silence_noise,ext_musan_noise,0.12298373
Ext-MUSAN-noise-noise-free-sound-0287@0ms_n,Ext-MUSAN-noise-noise-free-sound-0287,negative_silence_noise,ext_musan_noise,0.12236551
Ext-MUSAN-noise-noise-free-sound-0326@3000ms_n,Ext-MUSAN-noise-noise-free-sound-0326,negative_silence_noise,ext_musan_noise,0.1217234
Ext-MUSAN-noise-noise-free-sound-0800@2250ms_n,Ext-MUSAN-noise-noise-free-sound-0800,negative_silence_noise,ext_musan_noise,0.121692635
tts2_en_US-bryce-medium_spk0_neg1@-106ms_n,tts2_en_US-bryce-medium_spk0_neg1,negative_confusable,tts_synthetic_phonetic_nearmiss,0.12158048
Ext-MSWC-help-common_voice_en_184582@-250ms_n,Ext-MSWC-help-common_voice_en_184582,negative_confusable,ext_mswc,0.121525176
Ext-MSWC-felt-common_voice_en_17266207@-250ms_n,Ext-MSWC-felt-common_voice_en_17266207,negative_confusable,ext_mswc,0.12139327
Ext-MSWC-dealt-common_voice_en_19746469@-250ms_n,Ext-MSWC-dealt-common_voice_en_19746469,negative_confusable,ext_mswc,0.12125605
Ext-MUSAN-noise-noise-free-sound-0228@2250ms_n,Ext-MUSAN-noise-noise-free-sound-0228,negative_silence_noise,ext_musan_noise,0.12093103
Ext-MUSAN-noise-noise-free-sound-0078@3000ms_n,Ext-MUSAN-noise-noise-free-sound-0078,negative_silence_noise,ext_musan_noise,0.120847434
tts2_en_US-arctic-medium_spk0_neg0@-315ms_n,tts2_en_US-arctic-medium_spk0_neg0,negative_confusable,tts_synthetic_phonetic_nearmiss,0.12077786
Ext-MSWC-debt-common_voice_en_84531@-250ms_n,Ext-MSWC-debt-common_voice_en_84531,negative_confusable,ext_mswc,0.120691575
Ext-MSWC-shelter-common_voice_en_311741@-250ms_n,Ext-MSWC-shelter-common_voice_en_311741,negative_confusable,ext_mswc,0.12068716
Ext-HeySnips-bb3df6b6-cd61-450e-bbd4-81b46475d18e@0ms_n,Ext-HeySnips-bb3df6b6-cd61-450e-bbd4-81b46475d18e,negative_general_speech,ext_heysnips,0.120381825
Ext-MSWC-felt-common_voice_en_17271774@-250ms_n,Ext-MSWC-felt-common_voice_en_17271774,negative_confusable,ext_mswc,0.120312184
Ext-MSWC-delta-common_voice_en_20221778@-250ms_n,Ext-MSWC-delta-common_voice_en_20221778,negative_partial_wakeword,ext_mswc,0.12014447
Ext-MUSAN-noise-noise-free-sound-0446@750ms_n,Ext-MUSAN-noise-noise-free-sound-0446,negative_silence_noise,ext_musan_noise,0.12003384
Ext-HeySnips-a76db2ca-a5e5-403e-a18b-f42265bcec0a@0ms_n,Ext-HeySnips-a76db2ca-a5e5-403e-a18b-f42265bcec0a,negative_general_speech,ext_heysnips,0.119618386
tts2_en_GB-southern_english_female-low_spk0_neg1@-102ms_n,tts2_en_GB-southern_english_female-low_spk0_neg1,negative_confusable,tts_synthetic_phonetic_nearmiss,0.1195735
Ext-MSWC-dealt-common_voice_en_18885260@-250ms_n,Ext-MSWC-dealt-common_voice_en_18885260,negative_confusable,ext_mswc,0.11919711
Ext-MSWC-felt-common_voice_en_19113521@-250ms_n,Ext-MSWC-felt-common_voice_en_19113521,negative_confusable,ext_mswc,0.11919082
Ext-MSWC-felt-common_voice_en_155650@-250ms_n,Ext-MSWC-felt-common_voice_en_155650,negative_confusable,ext_mswc,0.11896256
tts2_en_GB-vctk-medium_spk90_neg0@-326ms_n,tts2_en_GB-vctk-medium_spk90_neg0,negative_confusable,tts_synthetic_phonetic_nearmiss,0.11839717
Ext-MUSAN-noise-noise-free-sound-0187@1500ms_n,Ext-MUSAN-noise-noise-free-sound-0187,negative_silence_noise,ext_musan_noise,0.118301116
Ext-MUSAN-noise-noise-free-sound-0001@4500ms_n,Ext-MUSAN-noise-noise-free-sound-0001,negative_silence_noise,ext_musan_noise,0.11828147
Ext-MSWC-dealt-common_voice_en_18966826@-250ms_n,Ext-MSWC-dealt-common_voice_en_18966826,negative_confusable,ext_mswc,0.118258595
Ext-MSWC-help-common_voice_en_47294@-250ms_n,Ext-MSWC-help-common_voice_en_47294,negative_confusable,ext_mswc,0.11815093
tts2_en_US-libritts_r-medium_spk334_neg0@-460ms_n,tts2_en_US-libritts_r-medium_spk334_neg0,negative_confusable,tts_synthetic_phonetic_nearmiss,0.11789104
Ext-MUSAN-noise-noise-free-sound-0152@1500ms_n,Ext-MUSAN-noise-noise-free-sound-0152,negative_silence_noise,ext_musan_noise,0.11768353
Ext-MSWC-hello-common_voice_en_700627@-250ms_n,Ext-MSWC-hello-common_voice_en_700627,negative_confusable,ext_mswc,0.11763259
Ext-MUSAN-noise-noise-free-sound-0743@3000ms_n,Ext-MUSAN-noise-noise-free-sound-0743,negative_silence_noise,ext_musan_noise,0.11742196
Ext-MSWC-hate-common_voice_en_21335702@-250ms_n,Ext-MSWC-hate-common_voice_en_21335702,negative_confusable,ext_mswc,0.11733976
media_syn_media_rec_0145_003@0ms_n,media_syn_media_rec_0145_003,negative_media,tts_synthetic_continuous_speech,0.11695122
Ext-MUSAN-noise-noise-free-sound-0228@4500ms_n,Ext-MUSAN-noise-noise-free-sound-0228,negative_silence_noise,ext_musan_noise,0.11678828
Ext-MSWC-delta-common_voice_en_19467607@-250ms_n,Ext-MSWC-delta-common_voice_en_19467607,negative_partial_wakeword,ext_mswc,0.11599179
Ext-MUSAN-noise-noise-free-sound-0798@0ms_n,Ext-MUSAN-noise-noise-free-sound-0798,negative_silence_noise,ext_musan_noise,0.1159288
Ext-MSWC-dealt-common_voice_en_20822617@-250ms_n,Ext-MSWC-dealt-common_voice_en_20822617,negative_confusable,ext_mswc,0.1158212
Ext-MSWC-dealt-common_voice_en_18610581@-250ms_n,Ext-MSWC-dealt-common_voice_en_18610581,negative_confusable,ext_mswc,0.11560396
Ext-MUSAN-noise-noise-free-sound-0461@0ms_n,Ext-MUSAN-noise-noise-free-sound-0461,negative_silence_noise,ext_musan_noise,0.11555439
Ext-MUSAN-noise-noise-free-sound-0155@750ms_n,Ext-MUSAN-noise-noise-free-sound-0155,negative_silence_noise,ext_musan_noise,0.11539049
Ext-MUSAN-noise-noise-free-sound-0209@2250ms_n,Ext-MUSAN-noise-noise-free-sound-0209,negative_silence_noise,ext_musan_noise,0.115323305
Ext-MUSAN-noise-noise-free-sound-0597@3000ms_n,Ext-MUSAN-noise-noise-free-sound-0597,negative_silence_noise,ext_musan_noise,0.11524637
Ext-MUSAN-noise-noise-free-sound-0535@3000ms_n,Ext-MUSAN-noise-noise-free-sound-0535,negative_silence_noise,ext_musan_noise,0.11509811
Ext-MUSAN-noise-noise-free-sound-0741@4500ms_n,Ext-MUSAN-noise-noise-free-sound-0741,negative_silence_noise,ext_musan_noise,0.11484181
Ext-MSWC-delta-common_voice_en_18147415@-250ms_n,Ext-MSWC-delta-common_voice_en_18147415,negative_partial_wakeword,ext_mswc,0.11457865
Ext-MUSAN-music-music-fma-0006@3750ms_n,Ext-MUSAN-music-music-fma-0006,negative_media,ext_musan_music,0.11429773
Ext-MUSAN-noise-noise-free-sound-0743@4500ms_n,Ext-MUSAN-noise-noise-free-sound-0743,negative_silence_noise,ext_musan_noise,0.11428659
media_syn_media_rec_0161_001@0ms_n,media_syn_media_rec_0161_001,negative_media,tts_synthetic_continuous_speech,0.114261255
Ext-HeySnips-4d855deb-b2ee-4d87-bb54-b4517a5ba546@750ms_n,Ext-HeySnips-4d855deb-b2ee-4d87-bb54-b4517a5ba546,negative_general_speech,ext_heysnips,0.11398259
conf_00770@-390ms_n,conf_00770,negative_confusable,tts_synthetic_phonetic_nearmiss,0.11393793
Ext-MUSAN-noise-noise-free-sound-0187@2250ms_n,Ext-MUSAN-noise-noise-free-sound-0187,negative_silence_noise,ext_musan_noise,0.11373027
Ext-MSWC-doctor-common_voice_en_597184@-250ms_n,Ext-MSWC-doctor-common_voice_en_597184,negative_confusable,ext_mswc,0.113610126
Ext-MUSAN-noise-noise-sound-bible-0034@4500ms_n,Ext-MUSAN-noise-noise-sound-bible-0034,negative_silence_noise,ext_musan_noise,0.113553554
Ext-MUSAN-noise-noise-free-sound-0434@3000ms_n,Ext-MUSAN-noise-noise-free-sound-0434,negative_silence_noise,ext_musan_noise,0.11342301
Ext-MUSAN-music-music-fma-wa-0027@3000ms_n,Ext-MUSAN-music-music-fma-wa-0027,negative_media,ext_musan_music,0.11330141
speech_syn_general_rec_0128_005@0ms_n,speech_syn_general_rec_0128_005,negative_general_speech,tts_synthetic_continuous_speech,0.11323473
Ext-MSWC-walter-common_voice_en_19816446@-250ms_n,Ext-MSWC-walter-common_voice_en_19816446,negative_confusable,ext_mswc,0.113178626
Ext-HeySnips-9b3c7e86-3722-4676-9707-994dc3089509@4500ms_n,Ext-HeySnips-9b3c7e86-3722-4676-9707-994dc3089509,negative_general_speech,ext_heysnips,0.11299403
Ext-MUSAN-noise-noise-free-sound-0743@750ms_n,Ext-MUSAN-noise-noise-free-sound-0743,negative_silence_noise,ext_musan_noise,0.11241358
Ext-MSWC-help-common_voice_en_18117161@-250ms_n,Ext-MSWC-help-common_voice_en_18117161,negative_confusable,ext_mswc,0.11235255
Ext-MUSAN-noise-noise-free-sound-0096@750ms_n,Ext-MUSAN-noise-noise-free-sound-0096,negative_silence_noise,ext_musan_noise,0.11216331
Ext-MUSAN-speech-speech-librivox-0091@4500ms_n,Ext-MUSAN-speech-speech-librivox-0091,negative_general_speech,ext_musan_speech,0.111857936
Ext-MUSAN-noise-noise-free-sound-0024@2250ms_n,Ext-MUSAN-noise-noise-free-sound-0024,negative_silence_noise,ext_musan_noise,0.111714646
Ext-MUSAN-music-music-fma-0124@750ms_n,Ext-MUSAN-music-music-fma-0124,negative_media,ext_musan_music,0.11160473
Ext-MSWC-doctor-common_voice_en_21834449@-250ms_n,Ext-MSWC-doctor-common_voice_en_21834449,negative_confusable,ext_mswc,0.11150869
Ext-FLEURS-fil_ph-12095924688278062679@2250ms_n,Ext-FLEURS-fil_ph-12095924688278062679,negative_general_speech,ext_fleurs,0.11141533
Ext-MSWC-daughter-common_voice_en_21936274@-250ms_n,Ext-MSWC-daughter-common_voice_en_21936274,negative_confusable,ext_mswc,0.11092489
Ext-MUSAN-noise-noise-free-sound-0017@3750ms_n,Ext-MUSAN-noise-noise-free-sound-0017,negative_silence_noise,ext_musan_noise,0.11089602
Ext-MSWC-felt-common_voice_en_131680@-250ms_n,Ext-MSWC-felt-common_voice_en_131680,negative_confusable,ext_mswc,0.110839546
Ext-MUSAN-noise-noise-free-sound-0780@750ms_n,Ext-MUSAN-noise-noise-free-sound-0780,negative_silence_noise,ext_musan_noise,0.11078201
media_syn_media_rec_0159_006@0ms_n,media_syn_media_rec_0159_006,negative_media,tts_synthetic_continuous_speech,0.11063352
Ext-MSWC-dental-common_voice_en_22364186@-250ms_n,Ext-MSWC-dental-common_voice_en_22364186,negative_confusable,ext_mswc,0.11056359
Ext-MUSAN-noise-noise-free-sound-0029@0ms_n,Ext-MUSAN-noise-noise-free-sound-0029,negative_silence_noise,ext_musan_noise,0.11042168
Ext-MUSAN-noise-noise-free-sound-0530@3000ms_n,Ext-MUSAN-noise-noise-free-sound-0530,negative_silence_noise,ext_musan_noise,0.11029544
Ext-MUSAN-noise-noise-free-sound-0024@0ms_n,Ext-MUSAN-noise-noise-free-sound-0024,negative_silence_noise,ext_musan_noise,0.109688774
Ext-MSWC-data-common_voice_en_148037@-250ms_n,Ext-MSWC-data-common_voice_en_148037,negative_confusable,ext_mswc,0.10957769
Ext-MSWC-help-common_voice_en_18097079@-250ms_n,Ext-MSWC-help-common_voice_en_18097079,negative_confusable,ext_mswc,0.10903015
Ext-MUSAN-noise-noise-free-sound-0270@2250ms_n,Ext-MUSAN-noise-noise-free-sound-0270,negative_silence_noise,ext_musan_noise,0.10897596
Ext-MUSAN-noise-noise-free-sound-0800@4500ms_n,Ext-MUSAN-noise-noise-free-sound-0800,negative_silence_noise,ext_musan_noise,0.10896949
Ext-MUSAN-noise-noise-free-sound-0780@2250ms_n,Ext-MUSAN-noise-noise-free-sound-0780,negative_silence_noise,ext_musan_noise,0.108967826
Ext-MUSAN-noise-noise-free-sound-0696@0ms_n,Ext-MUSAN-noise-noise-free-sound-0696,negative_silence_noise,ext_musan_noise,0.10888037
Ext-MUSAN-noise-noise-sound-bible-0076@750ms_n,Ext-MUSAN-noise-noise-sound-bible-0076,negative_silence_noise,ext_musan_noise,0.10877983
Ext-MSWC-help-common_voice_en_623328@-250ms_n,Ext-MSWC-help-common_voice_en_623328,negative_confusable,ext_mswc,0.1087518
Manual-BG-RPI11@17250ms_n,Manual-BG-RPI11,negative_real_background,manual_recording,0.10872532
tts2_en_GB-vctk-medium_spk13_neg0@-245ms_n,tts2_en_GB-vctk-medium_spk13_neg0,negative_confusable,tts_synthetic_phonetic_nearmiss,0.10865496
Ext-MUSAN-music-music-fma-0081@2250ms_n,Ext-MUSAN-music-music-fma-0081,negative_media,ext_musan_music,0.10851715
tts2_en_US-libritts_r-medium_spk409_neg0@-431ms_n,tts2_en_US-libritts_r-medium_spk409_neg0,negative_confusable,tts_synthetic_phonetic_nearmiss,0.10819084
Ext-MUSAN-noise-noise-free-sound-0743@1500ms_n,Ext-MUSAN-noise-noise-free-sound-0743,negative_silence_noise,ext_musan_noise,0.10814059
Ext-MSWC-dealt-common_voice_en_19468523@-250ms_n,Ext-MSWC-dealt-common_voice_en_19468523,negative_confusable,ext_mswc,0.10802847
Ext-MUSAN-noise-noise-free-sound-0164@0ms_n,Ext-MUSAN-noise-noise-free-sound-0164,negative_silence_noise,ext_musan_noise,0.10788715
tts2_en_GB-aru-medium_spk5_neg0@-268ms_n,tts2_en_GB-aru-medium_spk5_neg0,negative_confusable,tts_synthetic_phonetic_nearmiss,0.10767489
Ext-FLEURS-en_us-17023935455389393902@4500ms_n,Ext-FLEURS-en_us-17023935455389393902,negative_general_speech,ext_fleurs,0.10753571
Ext-HeySnips-cef2dd62-b08f-4a4d-ac95-5f13ffb3c9c1@1500ms_n,Ext-HeySnips-cef2dd62-b08f-4a4d-ac95-5f13ffb3c9c1,negative_general_speech,ext_heysnips,0.10727814
Ext-MUSAN-noise-noise-sound-bible-0077@0ms_n,Ext-MUSAN-noise-noise-sound-bible-0077,negative_silence_noise,ext_musan_noise,0.107215
Ext-MUSAN-noise-noise-free-sound-0187@3000ms_n,Ext-MUSAN-noise-noise-free-sound-0187,negative_silence_noise,ext_musan_noise,0.107168406
Ext-MUSAN-music-music-rfm-0141@2250ms_n,Ext-MUSAN-music-music-rfm-0141,negative_media,ext_musan_music,0.10695752
Ext-MSWC-deli-common_voice_en_594702@-250ms_n,Ext-MSWC-deli-common_voice_en_594702,negative_confusable,ext_mswc,0.10683351
Ext-HeySnips-03949b72-dd34-48af-b44e-038098b3f7d1@1500ms_n,Ext-HeySnips-03949b72-dd34-48af-b44e-038098b3f7d1,negative_general_speech,ext_heysnips,0.10681472
Ext-MUSAN-music-music-fma-0006@4500ms_n,Ext-MUSAN-music-music-fma-0006,negative_media,ext_musan_music,0.106698185
Ext-MUSAN-noise-noise-free-sound-0739@1500ms_n,Ext-MUSAN-noise-noise-free-sound-0739,negative_silence_noise,ext_musan_noise,0.10659379
Ext-MUSAN-music-music-jamendo-0176@750ms_n,Ext-MUSAN-music-music-jamendo-0176,negative_media,ext_musan_music,0.10654691
Ext-MSWC-felt-common_voice_en_163644@-250ms_n,Ext-MSWC-felt-common_voice_en_163644,negative_confusable,ext_mswc,0.106205046
Ext-MUSAN-noise-noise-free-sound-0767@4500ms_n,Ext-MUSAN-noise-noise-free-sound-0767,negative_silence_noise,ext_musan_noise,0.105936565
Ext-MSWC-dealt-common_voice_en_19600368@-250ms_n,Ext-MSWC-dealt-common_voice_en_19600368,negative_confusable,ext_mswc,0.10576484
speech_syn_general_rec_0044_009@0ms_n,speech_syn_general_rec_0044_009,negative_general_speech,tts_synthetic_continuous_speech,0.105317965
Ext-HeySnips-ad541ee6-c3b7-4b15-999b-251728473bdb@0ms_n,Ext-HeySnips-ad541ee6-c3b7-4b15-999b-251728473bdb,negative_general_speech,ext_heysnips,0.10530974
Ext-MSWC-day-common_voice_en_607448@-250ms_n,Ext-MSWC-day-common_voice_en_607448,negative_confusable,ext_mswc,0.10524225
Ext-FLEURS-en_us-3926276660303924456@1500ms_n,Ext-FLEURS-en_us-3926276660303924456,negative_general_speech,ext_fleurs,0.10493237
speech_syn_general_rec_0075_007@0ms_n,speech_syn_general_rec_0075_007,negative_general_speech,tts_synthetic_continuous_speech,0.104881346
Ext-FLEURS-fil_ph-9757353198118435623@3750ms_n,Ext-FLEURS-fil_ph-9757353198118435623,negative_general_speech,ext_fleurs,0.10467839
Ext-MSWC-dell-common_voice_en_21767845@-250ms_n,Ext-MSWC-dell-common_voice_en_21767845,negative_confusable,ext_mswc,0.10466432
tts2_en_US-libritts_r-medium_spk94_neg0@-402ms_n,tts2_en_US-libritts_r-medium_spk94_neg0,negative_confusable,tts_synthetic_phonetic_nearmiss,0.104589336
Manual-BG-RPI18@220500ms_n,Manual-BG-RPI18,negative_real_background,manual_recording,0.10433487
Ext-MUSAN-noise-noise-free-sound-0095@1500ms_n,Ext-MUSAN-noise-noise-free-sound-0095,negative_silence_noise,ext_musan_noise,0.10432768
Ext-MSWC-felt-common_voice_en_18006944@-250ms_n,Ext-MSWC-felt-common_voice_en_18006944,negative_confusable,ext_mswc,0.1041953
Ext-MUSAN-noise-noise-free-sound-0597@2250ms_n,Ext-MUSAN-noise-noise-free-sound-0597,negative_silence_noise,ext_musan_noise,0.103718735
Ext-MSWC-delta-common_voice_en_18834470@-250ms_n,Ext-MSWC-delta-common_voice_en_18834470,negative_partial_wakeword,ext_mswc,0.10348521
Ext-MUSAN-noise-noise-free-sound-0372@1500ms_n,Ext-MUSAN-noise-noise-free-sound-0372,negative_silence_noise,ext_musan_noise,0.10348219
Ext-MUSAN-noise-noise-sound-bible-0079@3000ms_n,Ext-MUSAN-noise-noise-sound-bible-0079,negative_silence_noise,ext_musan_noise,0.10342907
Ext-FLEURS-fil_ph-4551988613592722337@750ms_n,Ext-FLEURS-fil_ph-4551988613592722337,negative_general_speech,ext_fleurs,0.103288226
Ext-MUSAN-noise-noise-free-sound-0017@4500ms_n,Ext-MUSAN-noise-noise-free-sound-0017,negative_silence_noise,ext_musan_noise,0.10325866
Ext-MUSAN-music-music-jamendo-0111@3000ms_n,Ext-MUSAN-music-music-jamendo-0111,negative_media,ext_musan_music,0.103025265
Ext-MSWC-felt-common_voice_en_18813396@-250ms_n,Ext-MSWC-felt-common_voice_en_18813396,negative_confusable,ext_mswc,0.102799535
Ext-MUSAN-noise-noise-free-sound-0116@0ms_n,Ext-MUSAN-noise-noise-free-sound-0116,negative_silence_noise,ext_musan_noise,0.1027273
Ext-MUSAN-noise-noise-free-sound-0302@1500ms_n,Ext-MUSAN-noise-noise-free-sound-0302,negative_silence_noise,ext_musan_noise,0.1025413
Ext-MUSAN-music-music-rfm-0114@0ms_n,Ext-MUSAN-music-music-rfm-0114,negative_media,ext_musan_music,0.10231724
Ext-MUSAN-noise-noise-free-sound-0741@2250ms_n,Ext-MUSAN-noise-noise-free-sound-0741,negative_silence_noise,ext_musan_noise,0.10223773
Ext-HeySnips-4b3f2dda-d520-4c16-b955-c096f7baa803@0ms_n,Ext-HeySnips-4b3f2dda-d520-4c16-b955-c096f7baa803,negative_confusable,ext_heysnips,0.10214142
Ext-MSWC-belt-common_voice_en_19764670@-250ms_n,Ext-MSWC-belt-common_voice_en_19764670,negative_confusable,ext_mswc,0.10210681
Ext-MUSAN-noise-noise-free-sound-0620@3750ms_n,Ext-MUSAN-noise-noise-free-sound-0620,negative_silence_noise,ext_musan_noise,0.101984605
Ext-MUSAN-noise-noise-sound-bible-0083@0ms_n,Ext-MUSAN-noise-noise-sound-bible-0083,negative_silence_noise,ext_musan_noise,0.10195065
Ext-MSWC-felt-common_voice_en_117598@-250ms_n,Ext-MSWC-felt-common_voice_en_117598,negative_confusable,ext_mswc,0.10189892
Ext-MSWC-daughter-common_voice_en_18488169@-250ms_n,Ext-MSWC-daughter-common_voice_en_18488169,negative_confusable,ext_mswc,0.10181127
Ext-MUSAN-noise-noise-free-sound-0489@3750ms_n,Ext-MUSAN-noise-noise-free-sound-0489,negative_silence_noise,ext_musan_noise,0.10175261
Ext-MUSAN-music-music-jamendo-0022@0ms_n,Ext-MUSAN-music-music-jamendo-0022,negative_media,ext_musan_music,0.10172153
Ext-MSWC-hey-common_voice_en_18020754@-250ms_n,Ext-MSWC-hey-common_voice_en_18020754,negative_partial_wakeword,ext_mswc,0.10170306
partial_00333@0ms_n,partial_00333,negative_partial_wakeword,positive_clip_truncated,0.10159846
Ext-MSWC-belt-common_voice_en_21383176@-250ms_n,Ext-MSWC-belt-common_voice_en_21383176,negative_confusable,ext_mswc,0.10127943
Ext-MUSAN-noise-noise-free-sound-0416@3000ms_n,Ext-MUSAN-noise-noise-free-sound-0416,negative_silence_noise,ext_musan_noise,0.10114379
Ext-HeySnips-b31c33fb-0ebc-44e8-adef-a88213ee112e@0ms_n,Ext-HeySnips-b31c33fb-0ebc-44e8-adef-a88213ee112e,negative_general_speech,ext_heysnips,0.10079803
Ext-MUSAN-music-music-fma-0027@3000ms_n,Ext-MUSAN-music-music-fma-0027,negative_media,ext_musan_music,0.10070375
Ext-MUSAN-noise-noise-free-sound-0030@3750ms_n,Ext-MUSAN-noise-noise-free-sound-0030,negative_silence_noise,ext_musan_noise,0.10002346
Ext-MSWC-debt-common_voice_en_18598695@-250ms_n,Ext-MSWC-debt-common_voice_en_18598695,negative_confusable,ext_mswc,0.099820755
Ext-MUSAN-noise-noise-free-sound-0100@2250ms_n,Ext-MUSAN-noise-noise-free-sound-0100,negative_silence_noise,ext_musan_noise,0.09968737
Ext-MSWC-delta-common_voice_en_20858154@-250ms_n,Ext-MSWC-delta-common_voice_en_20858154,negative_partial_wakeword,ext_mswc,0.09963385
Ext-MSWC-doctor-common_voice_en_19039703@-250ms_n,Ext-MSWC-doctor-common_voice_en_19039703,negative_confusable,ext_mswc,0.09954813
Ext-MUSAN-music-music-fma-wa-0027@2250ms_n,Ext-MUSAN-music-music-fma-wa-0027,negative_media,ext_musan_music,0.099420555
Ext-MUSAN-music-music-fma-0006@3000ms_n,Ext-MUSAN-music-music-fma-0006,negative_media,ext_musan_music,0.09913044
Ext-HeySnips-8b794f77-ec66-4ba3-874c-49d9c26525b8@1500ms_n,Ext-HeySnips-8b794f77-ec66-4ba3-874c-49d9c26525b8,negative_general_speech,ext_heysnips,0.09912528
Ext-MUSAN-music-music-fma-0004@0ms_n,Ext-MUSAN-music-music-fma-0004,negative_media,ext_musan_music,0.099108286
Ext-MUSAN-noise-noise-free-sound-0790@3750ms_n,Ext-MUSAN-noise-noise-free-sound-0790,negative_silence_noise,ext_musan_noise,0.099107295
Ext-MSWC-debt-common_voice_en_19536797@-250ms_n,Ext-MSWC-debt-common_voice_en_19536797,negative_confusable,ext_mswc,0.09903513
Ext-MSWC-felt-common_voice_en_664770@-250ms_n,Ext-MSWC-felt-common_voice_en_664770,negative_confusable,ext_mswc,0.0989149
Ext-MUSAN-music-music-fma-0006@2250ms_n,Ext-MUSAN-music-music-fma-0006,negative_media,ext_musan_music,0.09888918
Ext-MUSAN-noise-noise-free-sound-0550@4500ms_n,Ext-MUSAN-noise-noise-free-sound-0550,negative_silence_noise,ext_musan_noise,0.098838374
Ext-MSWC-day-common_voice_en_18571266@-250ms_n,Ext-MSWC-day-common_voice_en_18571266,negative_confusable,ext_mswc,0.09878962
Ext-MSWC-heather-common_voice_en_557459@-250ms_n,Ext-MSWC-heather-common_voice_en_557459,negative_confusable,ext_mswc,0.09878645
Ext-HeySnips-0bec2b33-3526-4ec1-8043-6622a7cc8178@2250ms_n,Ext-HeySnips-0bec2b33-3526-4ec1-8043-6622a7cc8178,negative_general_speech,ext_heysnips,0.098753616
Ext-HeySnips-00a9a86c-7b8e-4bb6-8a0f-fb723e6322b7@0ms_n,Ext-HeySnips-00a9a86c-7b8e-4bb6-8a0f-fb723e6322b7,negative_general_speech,ext_heysnips,0.09874551
tts2_en_US-libritts_r-medium_spk838_neg1@-419ms_n,tts2_en_US-libritts_r-medium_spk838_neg1,negative_confusable,tts_synthetic_phonetic_nearmiss,0.09869282
Ext-MUSAN-music-music-jamendo-0022@3000ms_n,Ext-MUSAN-music-music-jamendo-0022,negative_media,ext_musan_music,0.09860659
Ext-HeySnips-9764a26c-15d4-462b-8b4d-46214c45c1be@0ms_n,Ext-HeySnips-9764a26c-15d4-462b-8b4d-46214c45c1be,negative_general_speech,ext_heysnips,0.09859624
Ext-MUSAN-noise-noise-sound-bible-0063@0ms_n,Ext-MUSAN-noise-noise-sound-bible-0063,negative_silence_noise,ext_musan_noise,0.09856823
Ext-MSWC-delta-common_voice_en_21807641@-250ms_n,Ext-MSWC-delta-common_voice_en_21807641,negative_partial_wakeword,ext_mswc,0.09848779
Ext-MUSAN-noise-noise-free-sound-0557@750ms_n,Ext-MUSAN-noise-noise-free-sound-0557,negative_silence_noise,ext_musan_noise,0.09848225
Ext-MUSAN-noise-noise-free-sound-0826@0ms_n,Ext-MUSAN-noise-noise-free-sound-0826,negative_silence_noise,ext_musan_noise,0.09847811
Ext-HeySnips-4c95a6bb-7ca7-4881-a114-6d9378191f16@750ms_n,Ext-HeySnips-4c95a6bb-7ca7-4881-a114-6d9378191f16,negative_general_speech,ext_heysnips,0.09844759
Ext-MUSAN-music-music-fma-0102@2250ms_n,Ext-MUSAN-music-music-fma-0102,negative_media,ext_musan_music,0.09842198
Ext-MUSAN-noise-noise-free-sound-0743@2250ms_n,Ext-MUSAN-noise-noise-free-sound-0743,negative_silence_noise,ext_musan_noise,0.09809041
Ext-MSWC-belt-common_voice_en_20664790@-250ms_n,Ext-MSWC-belt-common_voice_en_20664790,negative_confusable,ext_mswc,0.09802121
Ext-FLEURS-fil_ph-12955178139062485534@4500ms_n,Ext-FLEURS-fil_ph-12955178139062485534,negative_general_speech,ext_fleurs,0.0976274
Ext-MUSAN-noise-noise-sound-bible-0015@750ms_n,Ext-MUSAN-noise-noise-sound-bible-0015,negative_silence_noise,ext_musan_noise,0.09756545
Ext-MUSAN-noise-noise-free-sound-0173@4500ms_n,Ext-MUSAN-noise-noise-free-sound-0173,negative_silence_noise,ext_musan_noise,0.09723582
Ext-MUSAN-music-music-fma-0006@1500ms_n,Ext-MUSAN-music-music-fma-0006,negative_media,ext_musan_music,0.09714664
Ext-MUSAN-noise-noise-free-sound-0335@2250ms_n,Ext-MUSAN-noise-noise-free-sound-0335,negative_silence_noise,ext_musan_noise,0.097092815
Ext-MUSAN-noise-noise-free-sound-0523@750ms_n,Ext-MUSAN-noise-noise-free-sound-0523,negative_silence_noise,ext_musan_noise,0.09707084
Ext-MUSAN-music-music-jamendo-0010@0ms_n,Ext-MUSAN-music-music-jamendo-0010,negative_media,ext_musan_music,0.09675567
Ext-MUSAN-music-music-fma-wa-0068@750ms_n,Ext-MUSAN-music-music-fma-wa-0068,negative_media,ext_musan_music,0.09666298
conf_01178@-384ms_n,conf_01178,negative_confusable,tts_synthetic_phonetic_nearmiss,0.09662289
Ext-HeySnips-d47324f9-458c-4d09-aa23-1624fc34e698@0ms_n,Ext-HeySnips-d47324f9-458c-4d09-aa23-1624fc34e698,negative_general_speech,ext_heysnips,0.09656937
Ext-MSWC-help-common_voice_en_18143733@-250ms_n,Ext-MSWC-help-common_voice_en_18143733,negative_confusable,ext_mswc,0.09638199
Ext-HeySnips-0133b912-7991-4086-a94f-7214729d994e@2250ms_n,Ext-HeySnips-0133b912-7991-4086-a94f-7214729d994e,negative_general_speech,ext_heysnips,0.096329175
Ext-MUSAN-music-music-fma-0111@3750ms_n,Ext-MUSAN-music-music-fma-0111,negative_media,ext_musan_music,0.09632017
Ext-MUSAN-noise-noise-free-sound-0685@1500ms_n,Ext-MUSAN-noise-noise-free-sound-0685,negative_silence_noise,ext_musan_noise,0.096294835
Ext-MUSAN-noise-noise-sound-bible-0079@2250ms_n,Ext-MUSAN-noise-noise-sound-bible-0079,negative_silence_noise,ext_musan_noise,0.096271396
Ext-MSWC-felt-common_voice_en_627146@-250ms_n,Ext-MSWC-felt-common_voice_en_627146,negative_confusable,ext_mswc,0.09626936
Ext-MSWC-belt-common_voice_en_20256360@-250ms_n,Ext-MSWC-belt-common_voice_en_20256360,negative_confusable,ext_mswc,0.09619906
Ext-MSWC-dell-common_voice_en_20315680@-250ms_n,Ext-MSWC-dell-common_voice_en_20315680,negative_confusable,ext_mswc,0.09615614
Ext-MSWC-belt-common_voice_en_19952918@-250ms_n,Ext-MSWC-belt-common_voice_en_19952918,negative_confusable,ext_mswc,0.096106894
Ext-MSWC-vendetta-common_voice_en_17245902@-250ms_n,Ext-MSWC-vendetta-common_voice_en_17245902,negative_confusable,ext_mswc,0.09593
Ext-MSWC-alpha-common_voice_en_17246924@-250ms_n,Ext-MSWC-alpha-common_voice_en_17246924,negative_confusable,ext_mswc,0.09589155
Ext-MUSAN-noise-noise-free-sound-0396@3000ms_n,Ext-MUSAN-noise-noise-free-sound-0396,negative_silence_noise,ext_musan_noise,0.09584286
Ext-MUSAN-noise-noise-free-sound-0505@0ms_n,Ext-MUSAN-noise-noise-free-sound-0505,negative_silence_noise,ext_musan_noise,0.09569835
tts2_en_US-libritts_r-medium_spk193_neg1@-460ms_n,tts2_en_US-libritts_r-medium_spk193_neg1,negative_confusable,tts_synthetic_phonetic_nearmiss,0.09567976
Ext-MUSAN-noise-noise-free-sound-0567@1500ms_n,Ext-MUSAN-noise-noise-free-sound-0567,negative_silence_noise,ext_musan_noise,0.09567075
Ext-MUSAN-noise-noise-free-sound-0152@750ms_n,Ext-MUSAN-noise-noise-free-sound-0152,negative_silence_noise,ext_musan_noise,0.095636986
Ext-MSWC-data-common_voice_en_22252749@-250ms_n,Ext-MSWC-data-common_voice_en_22252749,negative_confusable,ext_mswc,0.095574334
Ext-MSWC-day-common_voice_en_7997@-250ms_n,Ext-MSWC-day-common_voice_en_7997,negative_confusable,ext_mswc,0.09549575
Ext-HeySnips-f3187429-6150-4578-a5ba-d0a594ae0c2a@750ms_n,Ext-HeySnips-f3187429-6150-4578-a5ba-d0a594ae0c2a,negative_general_speech,ext_heysnips,0.09549084
Ext-MUSAN-noise-noise-free-sound-0649@1500ms_n,Ext-MUSAN-noise-noise-free-sound-0649,negative_silence_noise,ext_musan_noise,0.095440984
Ext-MUSAN-music-music-jamendo-0127@3000ms_n,Ext-MUSAN-music-music-jamendo-0127,negative_media,ext_musan_music,0.095301025
Ext-HeySnips-d1f38d16-5960-43d5-96c5-a41b07ba7961@0ms_n,Ext-HeySnips-d1f38d16-5960-43d5-96c5-a41b07ba7961,negative_confusable,ext_heysnips,0.09493396
Ext-MUSAN-noise-noise-free-sound-0434@1500ms_n,Ext-MUSAN-noise-noise-free-sound-0434,negative_silence_noise,ext_musan_noise,0.094927415
Ext-MSWC-dealt-common_voice_en_18522023@-250ms_n,Ext-MSWC-dealt-common_voice_en_18522023,negative_confusable,ext_mswc,0.09486684
Ext-MUSAN-noise-noise-free-sound-0767@3000ms_n,Ext-MUSAN-noise-noise-free-sound-0767,negative_silence_noise,ext_musan_noise,0.09486197
Ext-MUSAN-noise-noise-free-sound-0790@3000ms_n,Ext-MUSAN-noise-noise-free-sound-0790,negative_silence_noise,ext_musan_noise,0.09484539
Ext-MUSAN-speech-speech-librivox-0002@0ms_n,Ext-MUSAN-speech-speech-librivox-0002,negative_general_speech,ext_musan_speech,0.09469375
Ext-MUSAN-noise-noise-free-sound-0703@3000ms_n,Ext-MUSAN-noise-noise-free-sound-0703,negative_silence_noise,ext_musan_noise,0.094535135
Ext-MUSAN-noise-noise-free-sound-0059@750ms_n,Ext-MUSAN-noise-noise-free-sound-0059,negative_silence_noise,ext_musan_noise,0.09451827
Ext-MSWC-doctor-common_voice_en_21089635@-250ms_n,Ext-MSWC-doctor-common_voice_en_21089635,negative_confusable,ext_mswc,0.0944156
Ext-MUSAN-noise-noise-free-sound-0086@750ms_n,Ext-MUSAN-noise-noise-free-sound-0086,negative_silence_noise,ext_musan_noise,0.09435076
conf_00506@-367ms_n,conf_00506,negative_confusable,tts_synthetic_phonetic_nearmiss,0.09418164
Ext-MSWC-felt-common_voice_en_51886@-250ms_n,Ext-MSWC-felt-common_voice_en_51886,negative_confusable,ext_mswc,0.09417347
Ext-MUSAN-speech-speech-librivox-0063@3000ms_n,Ext-MUSAN-speech-speech-librivox-0063,negative_general_speech,ext_musan_speech,0.094148576
Ext-MSWC-delta-common_voice_en_19639039@-250ms_n,Ext-MSWC-delta-common_voice_en_19639039,negative_partial_wakeword,ext_mswc,0.094101846
tts2_en_GB-semaine-medium_spk3_neg0@-233ms_n,tts2_en_GB-semaine-medium_spk3_neg0,negative_confusable,tts_synthetic_phonetic_nearmiss,0.094005615
Ext-MUSAN-noise-noise-free-sound-0209@0ms_n,Ext-MUSAN-noise-noise-free-sound-0209,negative_silence_noise,ext_musan_noise,0.09396129
Ext-MUSAN-noise-noise-free-sound-0439@0ms_n,Ext-MUSAN-noise-noise-free-sound-0439,negative_silence_noise,ext_musan_noise,0.09386004
Ext-MSWC-data-common_voice_en_576914@-250ms_n,Ext-MSWC-data-common_voice_en_576914,negative_confusable,ext_mswc,0.09382921
Ext-MUSAN-noise-noise-free-sound-0304@2250ms_n,Ext-MUSAN-noise-noise-free-sound-0304,negative_silence_noise,ext_musan_noise,0.09377143
Ext-MUSAN-noise-noise-free-sound-0489@1500ms_n,Ext-MUSAN-noise-noise-free-sound-0489,negative_silence_noise,ext_musan_noise,0.093735605
Ext-MSWC-felt-common_voice_en_103297@-250ms_n,Ext-MSWC-felt-common_voice_en_103297,negative_confusable,ext_mswc,0.09362357
Ext-MSWC-felt-common_voice_en_558581@-250ms_n,Ext-MSWC-felt-common_voice_en_558581,negative_confusable,ext_mswc,0.093610026
Ext-MUSAN-noise-noise-free-sound-0237@1500ms_n,Ext-MUSAN-noise-noise-free-sound-0237,negative_silence_noise,ext_musan_noise,0.093538225
Ext-MSWC-shelter-common_voice_en_17269787@-250ms_n,Ext-MSWC-shelter-common_voice_en_17269787,negative_confusable,ext_mswc,0.093477316
Ext-MUSAN-noise-noise-free-sound-0739@750ms_n,Ext-MUSAN-noise-noise-free-sound-0739,negative_silence_noise,ext_musan_noise,0.09336436
Ext-MSWC-shelter-common_voice_en_20075191@-250ms_n,Ext-MSWC-shelter-common_voice_en_20075191,negative_confusable,ext_mswc,0.09333279
Ext-MUSAN-music-music-fma-0126@4500ms_n,Ext-MUSAN-music-music-fma-0126,negative_media,ext_musan_music,0.093263544
Ext-MUSAN-noise-noise-free-sound-0029@4500ms_n,Ext-MUSAN-noise-noise-free-sound-0029,negative_silence_noise,ext_musan_noise,0.093261585
Ext-MUSAN-noise-noise-free-sound-0100@4500ms_n,Ext-MUSAN-noise-noise-free-sound-0100,negative_silence_noise,ext_musan_noise,0.093167715
Ext-MUSAN-music-music-fma-wa-0051@0ms_n,Ext-MUSAN-music-music-fma-wa-0051,negative_media,ext_musan_music,0.0931578
Ext-MUSAN-noise-noise-free-sound-0024@1500ms_n,Ext-MUSAN-noise-noise-free-sound-0024,negative_silence_noise,ext_musan_noise,0.09315678
Ext-MSWC-walter-common_voice_en_20001746@-250ms_n,Ext-MSWC-walter-common_voice_en_20001746,negative_confusable,ext_mswc,0.093035355
Ext-MSWC-debt-common_voice_en_497629@-250ms_n,Ext-MSWC-debt-common_voice_en_497629,negative_confusable,ext_mswc,0.0930263
speech_syn_general_rec_0064_001@0ms_n,speech_syn_general_rec_0064_001,negative_general_speech,tts_synthetic_continuous_speech,0.09285373
Ext-MUSAN-music-music-fma-wa-0025@3750ms_n,Ext-MUSAN-music-music-fma-wa-0025,negative_media,ext_musan_music,0.09281622
Ext-MUSAN-music-music-fma-0068@0ms_n,Ext-MUSAN-music-music-fma-0068,negative_media,ext_musan_music,0.09278876
Ext-MUSAN-noise-noise-free-sound-0091@750ms_n,Ext-MUSAN-noise-noise-free-sound-0091,negative_silence_noise,ext_musan_noise,0.09270804
tts2_en_US-libritts_r-medium_spk94_neg1@-408ms_n,tts2_en_US-libritts_r-medium_spk94_neg1,negative_confusable,tts_synthetic_phonetic_nearmiss,0.09270543
Ext-FLEURS-en_us-16685771406658302555@750ms_n,Ext-FLEURS-en_us-16685771406658302555,negative_general_speech,ext_fleurs,0.092565864
Ext-MUSAN-noise-noise-free-sound-0217@750ms_n,Ext-MUSAN-noise-noise-free-sound-0217,negative_silence_noise,ext_musan_noise,0.09241378
Ext-MSWC-help-common_voice_en_20234546@-250ms_n,Ext-MSWC-help-common_voice_en_20234546,negative_confusable,ext_mswc,0.09233378
Ext-MSWC-data-common_voice_en_1858169@-250ms_n,Ext-MSWC-data-common_voice_en_1858169,negative_confusable,ext_mswc,0.09223989
Ext-MSWC-felt-common_voice_en_18080464@-250ms_n,Ext-MSWC-felt-common_voice_en_18080464,negative_confusable,ext_mswc,0.09220574
Ext-HeySnips-d16c146c-0c3d-42ec-bfe1-bc7630458daa@2250ms_n,Ext-HeySnips-d16c146c-0c3d-42ec-bfe1-bc7630458daa,negative_general_speech,ext_heysnips,0.09201907
tts2_en_US-libritts_r-medium_spk892_neg0@-291ms_n,tts2_en_US-libritts_r-medium_spk892_neg0,negative_confusable,tts_synthetic_phonetic_nearmiss,0.09201517
Manual-BG-Macmic2@3750ms_n,Manual-BG-Macmic2,negative_real_background,manual_recording,0.09199398
Ext-MUSAN-noise-noise-sound-bible-0078@750ms_n,Ext-MUSAN-noise-noise-sound-bible-0078,negative_silence_noise,ext_musan_noise,0.09198528
Ext-MSWC-belt-common_voice_en_18634895@-250ms_n,Ext-MSWC-belt-common_voice_en_18634895,negative_confusable,ext_mswc,0.091637954
Ext-MSWC-daughter-common_voice_en_20425484@-250ms_n,Ext-MSWC-daughter-common_voice_en_20425484,negative_confusable,ext_mswc,0.091615215
Ext-MUSAN-noise-noise-free-sound-0017@1500ms_n,Ext-MUSAN-noise-noise-free-sound-0017,negative_silence_noise,ext_musan_noise,0.09148934
Ext-MUSAN-noise-noise-sound-bible-0045@4500ms_n,Ext-MUSAN-noise-noise-sound-bible-0045,negative_silence_noise,ext_musan_noise,0.0914281
Manual-BG-RPI21@12000ms_n,Manual-BG-RPI21,negative_real_background,manual_recording,0.09134125
Ext-HeySnips-25a673e3-9ca7-4cf1-b028-9e9225df7d46@1500ms_n,Ext-HeySnips-25a673e3-9ca7-4cf1-b028-9e9225df7d46,negative_general_speech,ext_heysnips,0.091261655
Ext-MSWC-daughter-common_voice_en_17810288@-250ms_n,Ext-MSWC-daughter-common_voice_en_17810288,negative_confusable,ext_mswc,0.0911564
Ext-MUSAN-noise-noise-free-sound-0685@3750ms_n,Ext-MUSAN-noise-noise-free-sound-0685,negative_silence_noise,ext_musan_noise,0.09100727
Ext-MUSAN-noise-noise-free-sound-0216@4500ms_n,Ext-MUSAN-noise-noise-free-sound-0216,negative_silence_noise,ext_musan_noise,0.09096965
Ext-MUSAN-noise-noise-free-sound-0254@750ms_n,Ext-MUSAN-noise-noise-free-sound-0254,negative_silence_noise,ext_musan_noise,0.09095947
Ext-MUSAN-music-music-hd-0017@750ms_n,Ext-MUSAN-music-music-hd-0017,negative_media,ext_musan_music,0.09064759
Ext-MUSAN-noise-noise-free-sound-0136@-438ms_n,Ext-MUSAN-noise-noise-free-sound-0136,negative_silence_noise,ext_musan_noise,0.09063061
Ext-FLEURS-fil_ph-7787817486216889076@0ms_n,Ext-FLEURS-fil_ph-7787817486216889076,negative_general_speech,ext_fleurs,0.09044033
Ext-MSWC-dealt-common_voice_en_21962593@-250ms_n,Ext-MSWC-dealt-common_voice_en_21962593,negative_confusable,ext_mswc,0.090267345
Ext-MSWC-daughter-common_voice_en_18492723@-250ms_n,Ext-MSWC-daughter-common_voice_en_18492723,negative_confusable,ext_mswc,0.09014676
Ext-MUSAN-noise-noise-free-sound-0446@3750ms_n,Ext-MUSAN-noise-noise-free-sound-0446,negative_silence_noise,ext_musan_noise,0.090120055
Ext-MUSAN-noise-noise-sound-bible-0011@2250ms_n,Ext-MUSAN-noise-noise-sound-bible-0011,negative_silence_noise,ext_musan_noise,0.089961916
Ext-HeySnips-8730bac0-ff3c-4653-995d-015efbe4c723@0ms_n,Ext-HeySnips-8730bac0-ff3c-4653-995d-015efbe4c723,negative_confusable,ext_heysnips,0.08994527
Ext-MUSAN-music-music-fma-0101@4500ms_n,Ext-MUSAN-music-music-fma-0101,negative_media,ext_musan_music,0.08956402
Ext-MSWC-debt-common_voice_en_17340647@-250ms_n,Ext-MSWC-debt-common_voice_en_17340647,negative_confusable,ext_mswc,0.08952718
Ext-MSWC-dealt-common_voice_en_21388452@-250ms_n,Ext-MSWC-dealt-common_voice_en_21388452,negative_confusable,ext_mswc,0.08926357
Ext-MUSAN-noise-noise-free-sound-0696@3000ms_n,Ext-MUSAN-noise-noise-free-sound-0696,negative_silence_noise,ext_musan_noise,0.08923893
tts2_en_GB-vctk-medium_spk26_neg1@-350ms_n,tts2_en_GB-vctk-medium_spk26_neg1,negative_confusable,tts_synthetic_phonetic_nearmiss,0.08916392
Ext-MSWC-felt-common_voice_en_17681000@-250ms_n,Ext-MSWC-felt-common_voice_en_17681000,negative_confusable,ext_mswc,0.08916265
speech_syn_general_rec_0036_004@0ms_n,speech_syn_general_rec_0036_004,negative_general_speech,tts_synthetic_continuous_speech,0.088765815
speech_syn_general_rec_0194_001@0ms_n,speech_syn_general_rec_0194_001,negative_general_speech,tts_synthetic_continuous_speech,0.088700846
Ext-MUSAN-music-music-jamendo-0111@4500ms_n,Ext-MUSAN-music-music-jamendo-0111,negative_media,ext_musan_music,0.08867294
Ext-MUSAN-noise-noise-sound-bible-0031@750ms_n,Ext-MUSAN-noise-noise-sound-bible-0031,negative_silence_noise,ext_musan_noise,0.088523895
Ext-MUSAN-noise-noise-free-sound-0217@1500ms_n,Ext-MUSAN-noise-noise-free-sound-0217,negative_silence_noise,ext_musan_noise,0.088521525
Ext-MSWC-delta-common_voice_en_19296775@-250ms_n,Ext-MSWC-delta-common_voice_en_19296775,negative_partial_wakeword,ext_mswc,0.08837488
Ext-MUSAN-music-music-fma-0021@0ms_n,Ext-MUSAN-music-music-fma-0021,negative_media,ext_musan_music,0.08834388
Ext-MUSAN-noise-noise-free-sound-0446@3000ms_n,Ext-MUSAN-noise-noise-free-sound-0446,negative_silence_noise,ext_musan_noise,0.088219054
Ext-MUSAN-noise-noise-free-sound-0030@4500ms_n,Ext-MUSAN-noise-noise-free-sound-0030,negative_silence_noise,ext_musan_noise,0.08821117
Ext-HeySnips-f758cc0f-d1ce-41ba-9d81-9de692a7b9f1@750ms_n,Ext-HeySnips-f758cc0f-d1ce-41ba-9d81-9de692a7b9f1,negative_general_speech,ext_heysnips,0.08820113
Ext-MUSAN-noise-noise-free-sound-0386@4500ms_n,Ext-MUSAN-noise-noise-free-sound-0386,negative_silence_noise,ext_musan_noise,0.088027604
Ext-MUSAN-noise-noise-free-sound-0187@3750ms_n,Ext-MUSAN-noise-noise-free-sound-0187,negative_silence_noise,ext_musan_noise,0.08791031
Ext-MSWC-shelter-common_voice_en_17268287@-250ms_n,Ext-MSWC-shelter-common_voice_en_17268287,negative_confusable,ext_mswc,0.08774577
Ext-HeySnips-7d018c97-afd7-431e-a638-19d1f4eb3935@0ms_n,Ext-HeySnips-7d018c97-afd7-431e-a638-19d1f4eb3935,negative_general_speech,ext_heysnips,0.08773459
Ext-MUSAN-noise-noise-free-sound-0017@3000ms_n,Ext-MUSAN-noise-noise-free-sound-0017,negative_silence_noise,ext_musan_noise,0.08762874
Ext-MSWC-help-common_voice_en_18829895@-250ms_n,Ext-MSWC-help-common_voice_en_18829895,negative_confusable,ext_mswc,0.08752333
Ext-MUSAN-noise-noise-free-sound-0396@1500ms_n,Ext-MUSAN-noise-noise-free-sound-0396,negative_silence_noise,ext_musan_noise,0.087447785
Ext-MSWC-felt-common_voice_en_586118@-250ms_n,Ext-MSWC-felt-common_voice_en_586118,negative_confusable,ext_mswc,0.0874452
Ext-MUSAN-noise-noise-free-sound-0024@3000ms_n,Ext-MUSAN-noise-noise-free-sound-0024,negative_silence_noise,ext_musan_noise,0.087421075
Ext-MUSAN-noise-noise-free-sound-0396@2250ms_n,Ext-MUSAN-noise-noise-free-sound-0396,negative_silence_noise,ext_musan_noise,0.087402195
Ext-HeySnips-7a63a2f3-19de-4c55-9500-6d13e089e490@2250ms_n,Ext-HeySnips-7a63a2f3-19de-4c55-9500-6d13e089e490,negative_general_speech,ext_heysnips,0.08733943
Ext-MUSAN-noise-noise-sound-bible-0045@3000ms_n,Ext-MUSAN-noise-noise-sound-bible-0045,negative_silence_noise,ext_musan_noise,0.0872527
Ext-MUSAN-noise-noise-free-sound-0352@2250ms_n,Ext-MUSAN-noise-noise-free-sound-0352,negative_silence_noise,ext_musan_noise,0.08720016
Manual-Fil-RPI69@12750ms_n,Manual-Fil-RPI69,negative_media,manual_recording,0.08694035
Ext-MUSAN-music-music-jamendo-0120@3750ms_n,Ext-MUSAN-music-music-jamendo-0120,negative_media,ext_musan_music,0.08690423
Ext-MUSAN-noise-noise-free-sound-0228@1500ms_n,Ext-MUSAN-noise-noise-free-sound-0228,negative_silence_noise,ext_musan_noise,0.08682665
Ext-MSWC-hello-common_voice_en_20078381@-250ms_n,Ext-MSWC-hello-common_voice_en_20078381,negative_confusable,ext_mswc,0.086788855
Ext-FLEURS-fil_ph-10205734654933651052@3000ms_n,Ext-FLEURS-fil_ph-10205734654933651052,negative_general_speech,ext_fleurs,0.08678757
Ext-MUSAN-noise-noise-free-sound-0156@3000ms_n,Ext-MUSAN-noise-noise-free-sound-0156,negative_silence_noise,ext_musan_noise,0.08676142
Ext-MUSAN-noise-noise-free-sound-0109@4500ms_n,Ext-MUSAN-noise-noise-free-sound-0109,negative_silence_noise,ext_musan_noise,0.08669392
Ext-MUSAN-noise-noise-free-sound-0826@1500ms_n,Ext-MUSAN-noise-noise-free-sound-0826,negative_silence_noise,ext_musan_noise,0.08668286
Ext-FLEURS-en_us-11853072634976133891@3750ms_n,Ext-FLEURS-en_us-11853072634976133891,negative_general_speech,ext_fleurs,0.08667774
Ext-MSWC-data-common_voice_en_18841412@-250ms_n,Ext-MSWC-data-common_voice_en_18841412,negative_confusable,ext_mswc,0.0866505
Ext-MUSAN-noise-noise-free-sound-0481@750ms_n,Ext-MUSAN-noise-noise-free-sound-0481,negative_silence_noise,ext_musan_noise,0.08653982
Manual-BG-RPI19@400500ms_n,Manual-BG-RPI19,negative_real_background,manual_recording,0.08629486
Ext-MUSAN-noise-noise-free-sound-0091@1500ms_n,Ext-MUSAN-noise-noise-free-sound-0091,negative_silence_noise,ext_musan_noise,0.08620151
Ext-MSWC-debt-common_voice_en_19909057@-250ms_n,Ext-MSWC-debt-common_voice_en_19909057,negative_confusable,ext_mswc,0.08618818
Ext-MUSAN-noise-noise-free-sound-0017@2250ms_n,Ext-MUSAN-noise-noise-free-sound-0017,negative_silence_noise,ext_musan_noise,0.086152695
Ext-MSWC-help-common_voice_en_180203@-250ms_n,Ext-MSWC-help-common_voice_en_180203,negative_confusable,ext_mswc,0.08607299
Ext-MSWC-debt-common_voice_en_173657@-250ms_n,Ext-MSWC-debt-common_voice_en_173657,negative_confusable,ext_mswc,0.08601106
Ext-FLEURS-en_us-17023935455389393902@3750ms_n,Ext-FLEURS-en_us-17023935455389393902,negative_general_speech,ext_fleurs,0.08598793
Ext-MSWC-dealt-common_voice_en_19786550@-250ms_n,Ext-MSWC-dealt-common_voice_en_19786550,negative_confusable,ext_mswc,0.085857294
Ext-MUSAN-noise-noise-free-sound-0523@2250ms_n,Ext-MUSAN-noise-noise-free-sound-0523,negative_silence_noise,ext_musan_noise,0.08567586
speech_syn_general_rec_0216_004@0ms_n,speech_syn_general_rec_0216_004,negative_general_speech,tts_synthetic_continuous_speech,0.085673615
Ext-HeySnips-481c7e8c-aa1f-4fec-b371-7c72b15d6cc3@0ms_n,Ext-HeySnips-481c7e8c-aa1f-4fec-b371-7c72b15d6cc3,negative_general_speech,ext_heysnips,0.085556686
Ext-MUSAN-noise-noise-free-sound-0447@0ms_n,Ext-MUSAN-noise-noise-free-sound-0447,negative_silence_noise,ext_musan_noise,0.08551744
Ext-MSWC-denton-common_voice_en_21475251@-250ms_n,Ext-MSWC-denton-common_voice_en_21475251,negative_confusable,ext_mswc,0.08529317
Ext-MUSAN-noise-noise-free-sound-0780@3750ms_n,Ext-MUSAN-noise-noise-free-sound-0780,negative_silence_noise,ext_musan_noise,0.08525088
Ext-MSWC-debt-common_voice_en_17388239@-250ms_n,Ext-MSWC-debt-common_voice_en_17388239,negative_confusable,ext_mswc,0.085024185
conf_00241@-396ms_n,conf_00241,negative_confusable,tts_synthetic_phonetic_nearmiss,0.084931165
Ext-MUSAN-noise-noise-free-sound-0720@750ms_n,Ext-MUSAN-noise-noise-free-sound-0720,negative_silence_noise,ext_musan_noise,0.08480033
Ext-MUSAN-noise-noise-free-sound-0471@3750ms_n,Ext-MUSAN-noise-noise-free-sound-0471,negative_silence_noise,ext_musan_noise,0.08479466
Ext-MUSAN-music-music-rfm-0031@2250ms_n,Ext-MUSAN-music-music-rfm-0031,negative_media,ext_musan_music,0.0847491
conf_00615@-303ms_n,conf_00615,negative_confusable,tts_synthetic_phonetic_nearmiss,0.08469303
Ext-MUSAN-noise-noise-free-sound-0708@3000ms_n,Ext-MUSAN-noise-noise-free-sound-0708,negative_silence_noise,ext_musan_noise,0.0844997
Ext-MSWC-data-common_voice_en_19531172@-250ms_n,Ext-MSWC-data-common_voice_en_19531172,negative_confusable,ext_mswc,0.08447113
Ext-MUSAN-noise-noise-free-sound-0530@750ms_n,Ext-MUSAN-noise-noise-free-sound-0530,negative_silence_noise,ext_musan_noise,0.084282376
Ext-HeySnips-a76db2ca-a5e5-403e-a18b-f42265bcec0a@1500ms_n,Ext-HeySnips-a76db2ca-a5e5-403e-a18b-f42265bcec0a,negative_general_speech,ext_heysnips,0.084258996
Ext-MSWC-doctor-common_voice_en_18113796@-250ms_n,Ext-MSWC-doctor-common_voice_en_18113796,negative_confusable,ext_mswc,0.08419597
Ext-MSWC-felt-common_voice_en_18793771@-250ms_n,Ext-MSWC-felt-common_voice_en_18793771,negative_confusable,ext_mswc,0.08413952
Ext-MUSAN-noise-noise-free-sound-0109@3750ms_n,Ext-MUSAN-noise-noise-free-sound-0109,negative_silence_noise,ext_musan_noise,0.084121846
Ext-MSWC-shelter-common_voice_en_18095160@-250ms_n,Ext-MSWC-shelter-common_voice_en_18095160,negative_confusable,ext_mswc,0.08404895
Ext-MSWC-delta-common_voice_en_19979122@-250ms_n,Ext-MSWC-delta-common_voice_en_19979122,negative_partial_wakeword,ext_mswc,0.08401931
Ext-MSWC-doctor-common_voice_en_661095@-250ms_n,Ext-MSWC-doctor-common_voice_en_661095,negative_confusable,ext_mswc,0.08390658
Ext-HeySnips-8e069743-9cec-46f4-8221-08db71d8dd8a@0ms_n,Ext-HeySnips-8e069743-9cec-46f4-8221-08db71d8dd8a,negative_general_speech,ext_heysnips,0.08384855
Ext-MUSAN-noise-noise-free-sound-0005@1500ms_n,Ext-MUSAN-noise-noise-free-sound-0005,negative_silence_noise,ext_musan_noise,0.08374933
Ext-MUSAN-music-music-jamendo-0201@2250ms_n,Ext-MUSAN-music-music-jamendo-0201,negative_media,ext_musan_music,0.08369311
Ext-MSWC-dealt-common_voice_en_18456606@-250ms_n,Ext-MSWC-dealt-common_voice_en_18456606,negative_confusable,ext_mswc,0.08363155
Ext-MSWC-felt-common_voice_en_595735@-250ms_n,Ext-MSWC-felt-common_voice_en_595735,negative_confusable,ext_mswc,0.083463244
Ext-MUSAN-noise-noise-free-sound-0326@2250ms_n,Ext-MUSAN-noise-noise-free-sound-0326,negative_silence_noise,ext_musan_noise,0.08339708
Ext-MUSAN-music-music-hd-0017@1500ms_n,Ext-MUSAN-music-music-hd-0017,negative_media,ext_musan_music,0.0833522
Ext-FLEURS-fil_ph-1587024252477278693@750ms_n,Ext-FLEURS-fil_ph-1587024252477278693,negative_general_speech,ext_fleurs,0.08314541
Ext-MUSAN-noise-noise-free-sound-0790@4500ms_n,Ext-MUSAN-noise-noise-free-sound-0790,negative_silence_noise,ext_musan_noise,0.083082005
Ext-HeySnips-103a9b73-5caf-4996-a4b7-f4717a2b79f7@750ms_n,Ext-HeySnips-103a9b73-5caf-4996-a4b7-f4717a2b79f7,negative_general_speech,ext_heysnips,0.0828316
Ext-MUSAN-music-music-fma-wa-0056@0ms_n,Ext-MUSAN-music-music-fma-wa-0056,negative_media,ext_musan_music,0.08261786
tts2_en_GB-vctk-medium_spk64_neg0@-65ms_n,tts2_en_GB-vctk-medium_spk64_neg0,negative_confusable,tts_synthetic_phonetic_nearmiss,0.08258734
Ext-MUSAN-music-music-fma-0104@0ms_n,Ext-MUSAN-music-music-fma-0104,negative_media,ext_musan_music,0.08252291
Manual-BG-RPI20@57000ms_n,Manual-BG-RPI20,negative_real_background,manual_recording,0.082512714
Ext-MUSAN-music-music-jamendo-0200@0ms_n,Ext-MUSAN-music-music-jamendo-0200,negative_media,ext_musan_music,0.08245681
Ext-MSWC-melt-common_voice_en_19318418@-250ms_n,Ext-MSWC-melt-common_voice_en_19318418,negative_confusable,ext_mswc,0.08238529
Ext-MSWC-help-common_voice_en_577524@-250ms_n,Ext-MSWC-help-common_voice_en_577524,negative_confusable,ext_mswc,0.082353026
Ext-MUSAN-noise-noise-free-sound-0258@4500ms_n,Ext-MUSAN-noise-noise-free-sound-0258,negative_silence_noise,ext_musan_noise,0.08229214
Ext-MUSAN-music-music-fma-0000@0ms_n,Ext-MUSAN-music-music-fma-0000,negative_media,ext_musan_music,0.08225143
Ext-MUSAN-music-music-rfm-0114@3750ms_n,Ext-MUSAN-music-music-rfm-0114,negative_media,ext_musan_music,0.08210256
Ext-MUSAN-noise-noise-free-sound-0017@0ms_n,Ext-MUSAN-noise-noise-free-sound-0017,negative_silence_noise,ext_musan_noise,0.08199346
speech_syn_general_rec_0139_007@0ms_n,speech_syn_general_rec_0139_007,negative_general_speech,tts_synthetic_continuous_speech,0.08193149
Manual-BG-RPI19@228000ms_n,Manual-BG-RPI19,negative_real_background,manual_recording,0.08191441
Ext-MUSAN-noise-noise-free-sound-0728@1500ms_n,Ext-MUSAN-noise-noise-free-sound-0728,negative_silence_noise,ext_musan_noise,0.08179278
Ext-MSWC-day-common_voice_en_606094@-250ms_n,Ext-MSWC-day-common_voice_en_606094,negative_confusable,ext_mswc,0.0817499
Ext-HeySnips-adf80b45-c5a0-4b7f-ab24-02e5a101033b@1500ms_n,Ext-HeySnips-adf80b45-c5a0-4b7f-ab24-02e5a101033b,negative_general_speech,ext_heysnips,0.08173035
Ext-MSWC-better-common_voice_en_17688296@-250ms_n,Ext-MSWC-better-common_voice_en_17688296,negative_confusable,ext_mswc,0.081601225
Ext-MSWC-day-common_voice_en_131873@-250ms_n,Ext-MSWC-day-common_voice_en_131873,negative_confusable,ext_mswc,0.0815131
tts2_en_US-arctic-medium_spk14_neg0@-419ms_n,tts2_en_US-arctic-medium_spk14_neg0,negative_confusable,tts_synthetic_phonetic_nearmiss,0.08151162
Ext-MUSAN-noise-noise-sound-bible-0002@-228ms_n,Ext-MUSAN-noise-noise-sound-bible-0002,negative_silence_noise,ext_musan_noise,0.08148832
Ext-MSWC-heather-common_voice_en_620162@-250ms_n,Ext-MSWC-heather-common_voice_en_620162,negative_confusable,ext_mswc,0.08148406
Ext-MUSAN-noise-noise-free-sound-0270@3000ms_n,Ext-MUSAN-noise-noise-free-sound-0270,negative_silence_noise,ext_musan_noise,0.0814337
Ext-MSWC-debt-common_voice_en_18058671@-250ms_n,Ext-MSWC-debt-common_voice_en_18058671,negative_confusable,ext_mswc,0.08125413
synth_fan_00643@0ms_n,synth_fan_00643,negative_silence_noise,synth_fan,0.081138
Ext-MUSAN-noise-noise-free-sound-0800@3750ms_n,Ext-MUSAN-noise-noise-free-sound-0800,negative_silence_noise,ext_musan_noise,0.0809708
Ext-MSWC-felt-common_voice_en_18541631@-250ms_n,Ext-MSWC-felt-common_voice_en_18541631,negative_confusable,ext_mswc,0.080883235
Ext-MUSAN-noise-noise-free-sound-0618@750ms_n,Ext-MUSAN-noise-noise-free-sound-0618,negative_silence_noise,ext_musan_noise,0.080832876
Ext-MUSAN-noise-noise-sound-bible-0079@4500ms_n,Ext-MUSAN-noise-noise-sound-bible-0079,negative_silence_noise,ext_musan_noise,0.08076019
Ext-HeySnips-db55a127-0e3a-472b-b2ca-3a45f662c8a9@0ms_n,Ext-HeySnips-db55a127-0e3a-472b-b2ca-3a45f662c8a9,negative_general_speech,ext_heysnips,0.0805747
Ext-MSWC-shelter-common_voice_en_17261850@-250ms_n,Ext-MSWC-shelter-common_voice_en_17261850,negative_confusable,ext_mswc,0.080562964
Ext-MUSAN-noise-noise-free-sound-0530@4500ms_n,Ext-MUSAN-noise-noise-free-sound-0530,negative_silence_noise,ext_musan_noise,0.0805445
media_syn_media_rec_0043_005@0ms_n,media_syn_media_rec_0043_005,negative_media,tts_synthetic_continuous_speech,0.0805135
Ext-MUSAN-noise-noise-free-sound-0233@3000ms_n,Ext-MUSAN-noise-noise-free-sound-0233,negative_silence_noise,ext_musan_noise,0.080504775
Ext-MSWC-alpha-common_voice_en_19581273__2@-250ms_n,Ext-MSWC-alpha-common_voice_en_19581273__2,negative_confusable,ext_mswc,0.08040715
Ext-FLEURS-en_us-9393095557904752800@3750ms_n,Ext-FLEURS-en_us-9393095557904752800,negative_general_speech,ext_fleurs,0.08033359
Ext-MSWC-heather-common_voice_en_673356@-250ms_n,Ext-MSWC-heather-common_voice_en_673356,negative_confusable,ext_mswc,0.08031257
tts2_en_US-libritts_r-medium_spk194_neg0@-489ms_n,tts2_en_US-libritts_r-medium_spk194_neg0,negative_confusable,tts_synthetic_phonetic_nearmiss,0.08025329
Ext-MUSAN-noise-noise-free-sound-0832@750ms_n,Ext-MUSAN-noise-noise-free-sound-0832,negative_silence_noise,ext_musan_noise,0.08022966
Ext-MUSAN-music-music-rfm-0108@4500ms_n,Ext-MUSAN-music-music-rfm-0108,negative_media,ext_musan_music,0.08021431
tts2_en_GB-vctk-medium_spk9_neg1@-53ms_n,tts2_en_GB-vctk-medium_spk9_neg1,negative_confusable,tts_synthetic_phonetic_nearmiss,0.08019098
Ext-MSWC-delta-common_voice_en_19453792@-250ms_n,Ext-MSWC-delta-common_voice_en_19453792,negative_partial_wakeword,ext_mswc,0.08015951
Ext-MSWC-day-common_voice_en_520814@-250ms_n,Ext-MSWC-day-common_voice_en_520814,negative_confusable,ext_mswc,0.08006751
Ext-MUSAN-music-music-rfm-0118@1500ms_n,Ext-MUSAN-music-music-rfm-0118,negative_media,ext_musan_music,0.08000864
Ext-MUSAN-noise-noise-free-sound-0685@3000ms_n,Ext-MUSAN-noise-noise-free-sound-0685,negative_silence_noise,ext_musan_noise,0.07997277
Ext-MUSAN-music-music-jamendo-0094@2250ms_n,Ext-MUSAN-music-music-jamendo-0094,negative_media,ext_musan_music,0.07988482
Ext-HeySnips-11383cd3-9d0d-4207-9808-23d332a2d670@750ms_n,Ext-HeySnips-11383cd3-9d0d-4207-9808-23d332a2d670,negative_general_speech,ext_heysnips,0.079867624
Ext-MUSAN-noise-noise-free-sound-0814@3750ms_n,Ext-MUSAN-noise-noise-free-sound-0814,negative_silence_noise,ext_musan_noise,0.07980448
Ext-MSWC-heather-common_voice_en_578087@-250ms_n,Ext-MSWC-heather-common_voice_en_578087,negative_confusable,ext_mswc,0.07976142
Ext-MUSAN-music-music-fma-0105@3750ms_n,Ext-MUSAN-music-music-fma-0105,negative_media,ext_musan_music,0.07974429
Ext-MSWC-debt-common_voice_en_19106479@-250ms_n,Ext-MSWC-debt-common_voice_en_19106479,negative_confusable,ext_mswc,0.07972427
Ext-MSWC-debt-common_voice_en_17666517@-250ms_n,Ext-MSWC-debt-common_voice_en_17666517,negative_confusable,ext_mswc,0.07968242
Ext-MUSAN-noise-noise-free-sound-0187@750ms_n,Ext-MUSAN-noise-noise-free-sound-0187,negative_silence_noise,ext_musan_noise,0.07967883
Ext-MSWC-help-common_voice_en_532692@-250ms_n,Ext-MSWC-help-common_voice_en_532692,negative_confusable,ext_mswc,0.07967226
Ext-MSWC-heather-common_voice_en_673948@-250ms_n,Ext-MSWC-heather-common_voice_en_673948,negative_confusable,ext_mswc,0.07954674
Ext-MUSAN-noise-noise-free-sound-0761@750ms_n,Ext-MUSAN-noise-noise-free-sound-0761,negative_silence_noise,ext_musan_noise,0.07953248
Ext-MSWC-data-common_voice_en_21397942@-250ms_n,Ext-MSWC-data-common_voice_en_21397942,negative_confusable,ext_mswc,0.07943096
Ext-MUSAN-music-music-jamendo-0210@0ms_n,Ext-MUSAN-music-music-jamendo-0210,negative_media,ext_musan_music,0.07941515
Ext-MUSAN-speech-speech-librivox-0150@2250ms_n,Ext-MUSAN-speech-speech-librivox-0150,negative_general_speech,ext_musan_speech,0.07940237
Ext-MSWC-della-common_voice_en_21202579@-250ms_n,Ext-MSWC-della-common_voice_en_21202579,negative_confusable,ext_mswc,0.07929658
Ext-MUSAN-music-music-rfm-0138@0ms_n,Ext-MUSAN-music-music-rfm-0138,negative_media,ext_musan_music,0.079274446
Ext-MUSAN-noise-noise-sound-bible-0033@2250ms_n,Ext-MUSAN-noise-noise-sound-bible-0033,negative_silence_noise,ext_musan_noise,0.07924749
Ext-MUSAN-noise-noise-free-sound-0059@4500ms_n,Ext-MUSAN-noise-noise-free-sound-0059,negative_silence_noise,ext_musan_noise,0.07922598
Ext-HeySnips-efed2f4e-b2ed-4d58-9025-61912070d4a3@2250ms_n,Ext-HeySnips-efed2f4e-b2ed-4d58-9025-61912070d4a3,negative_general_speech,ext_heysnips,0.07913753
Ext-FLEURS-en_us-1372746700546513130@3750ms_n,Ext-FLEURS-en_us-1372746700546513130,negative_general_speech,ext_fleurs,0.07913438
Ext-MUSAN-noise-noise-free-sound-0371@3750ms_n,Ext-MUSAN-noise-noise-free-sound-0371,negative_silence_noise,ext_musan_noise,0.0791086
Ext-FLEURS-en_us-16685771406658302555@1500ms_n,Ext-FLEURS-en_us-16685771406658302555,negative_general_speech,ext_fleurs,0.079077326
Ext-HeySnips-1938fa20-66c0-45f2-8314-fc8307ebf86c@750ms_n,Ext-HeySnips-1938fa20-66c0-45f2-8314-fc8307ebf86c,negative_general_speech,ext_heysnips,0.079019114
media_syn_media_rec_0112_002@0ms_n,media_syn_media_rec_0112_002,negative_media,tts_synthetic_continuous_speech,0.07901878
Ext-MUSAN-noise-noise-free-sound-0666@750ms_n,Ext-MUSAN-noise-noise-free-sound-0666,negative_silence_noise,ext_musan_noise,0.07901644
speech_syn_general_rec_0012_003@0ms_n,speech_syn_general_rec_0012_003,negative_general_speech,tts_synthetic_continuous_speech,0.078988284
Ext-MUSAN-noise-noise-free-sound-0216@3000ms_n,Ext-MUSAN-noise-noise-free-sound-0216,negative_silence_noise,ext_musan_noise,0.07895927
Manual-BG-RPI18@222000ms_n,Manual-BG-RPI18,negative_real_background,manual_recording,0.07893509
Ext-MSWC-belt-common_voice_en_19720578@-250ms_n,Ext-MSWC-belt-common_voice_en_19720578,negative_confusable,ext_mswc,0.07890453
Ext-MSWC-delta-common_voice_en_161308@-263ms_n,Ext-MSWC-delta-common_voice_en_161308,negative_partial_wakeword,ext_mswc,0.078898646
Ext-FLEURS-en_us-1218355507714944126@3750ms_n,Ext-FLEURS-en_us-1218355507714944126,negative_general_speech,ext_fleurs,0.07889126
Ext-MUSAN-noise-noise-free-sound-0687@750ms_n,Ext-MUSAN-noise-noise-free-sound-0687,negative_silence_noise,ext_musan_noise,0.07876698
conf_00450@-222ms_n,conf_00450,negative_confusable,tts_synthetic_phonetic_nearmiss,0.07861374
Manual-BG-Macmic1@1500ms_n,Manual-BG-Macmic1,negative_real_background,manual_recording,0.078613296
Ext-MSWC-walter-common_voice_en_21738074@-250ms_n,Ext-MSWC-walter-common_voice_en_21738074,negative_confusable,ext_mswc,0.07855505
Ext-MUSAN-music-music-rfm-0031@4500ms_n,Ext-MUSAN-music-music-rfm-0031,negative_media,ext_musan_music,0.07852051
Ext-MSWC-hay-common_voice_en_17831311@-250ms_n,Ext-MSWC-hay-common_voice_en_17831311,negative_partial_wakeword,ext_mswc,0.078501455
tts2_en_GB-vctk-medium_spk12_neg1@-146ms_n,tts2_en_GB-vctk-medium_spk12_neg1,negative_confusable,tts_synthetic_phonetic_nearmiss,0.07848542
Ext-MSWC-shelter-common_voice_en_17260598@-250ms_n,Ext-MSWC-shelter-common_voice_en_17260598,negative_confusable,ext_mswc,0.078458525
speech_syn_general_rec_0063_007@0ms_n,speech_syn_general_rec_0063_007,negative_general_speech,tts_synthetic_continuous_speech,0.07844325
media_syn_media_rec_0048_002@0ms_n,media_syn_media_rec_0048_002,negative_media,tts_synthetic_continuous_speech,0.07843345
Ext-MSWC-belt-common_voice_en_171607@-250ms_n,Ext-MSWC-belt-common_voice_en_171607,negative_confusable,ext_mswc,0.07840086
Ext-MSWC-felt-common_voice_en_17885317@-250ms_n,Ext-MSWC-felt-common_voice_en_17885317,negative_confusable,ext_mswc,0.07839299
Ext-MUSAN-noise-noise-free-sound-0164@750ms_n,Ext-MUSAN-noise-noise-free-sound-0164,negative_silence_noise,ext_musan_noise,0.07833695
Ext-MSWC-doctor-common_voice_en_18745786@-250ms_n,Ext-MSWC-doctor-common_voice_en_18745786,negative_confusable,ext_mswc,0.078305036
Ext-MSWC-hello-common_voice_en_17256859@-250ms_n,Ext-MSWC-hello-common_voice_en_17256859,negative_confusable,ext_mswc,0.07828244
Ext-MSWC-delhi-common_voice_en_19368721@-250ms_n,Ext-MSWC-delhi-common_voice_en_19368721,negative_confusable,ext_mswc,0.078276366
Ext-FLEURS-fil_ph-17848386843727825770@3000ms_n,Ext-FLEURS-fil_ph-17848386843727825770,negative_general_speech,ext_fleurs,0.078206696
Ext-MSWC-data-common_voice_en_19546418@-250ms_n,Ext-MSWC-data-common_voice_en_19546418,negative_confusable,ext_mswc,0.07816219
tts2_en_US-libritts_r-medium_spk29_neg1@-483ms_n,tts2_en_US-libritts_r-medium_spk29_neg1,negative_confusable,tts_synthetic_phonetic_nearmiss,0.07808716
Ext-MUSAN-noise-noise-free-sound-0432@0ms_n,Ext-MUSAN-noise-noise-free-sound-0432,negative_silence_noise,ext_musan_noise,0.07806289
Ext-MUSAN-noise-noise-free-sound-0767@3750ms_n,Ext-MUSAN-noise-noise-free-sound-0767,negative_silence_noise,ext_musan_noise,0.078046314
Ext-MUSAN-noise-noise-free-sound-0225@1500ms_n,Ext-MUSAN-noise-noise-free-sound-0225,negative_silence_noise,ext_musan_noise,0.078012764
speech_syn_general_rec_0042_008@0ms_n,speech_syn_general_rec_0042_008,negative_general_speech,tts_synthetic_continuous_speech,0.07792351
Ext-MSWC-better-common_voice_en_633174@-250ms_n,Ext-MSWC-better-common_voice_en_633174,negative_confusable,ext_mswc,0.07780198
conf_00803@0ms_n,conf_00803,negative_confusable,tts_synthetic_phonetic_nearmiss,0.07779168
Ext-MUSAN-noise-noise-free-sound-0321@4500ms_n,Ext-MUSAN-noise-noise-free-sound-0321,negative_silence_noise,ext_musan_noise,0.0777621
Ext-MUSAN-noise-noise-free-sound-0696@4500ms_n,Ext-MUSAN-noise-noise-free-sound-0696,negative_silence_noise,ext_musan_noise,0.077747464
tts2_en_US-libritts_r-medium_spk876_neg0@-361ms_n,tts2_en_US-libritts_r-medium_spk876_neg0,negative_confusable,tts_synthetic_phonetic_nearmiss,0.07765621
Ext-MUSAN-noise-noise-sound-bible-0083@2250ms_n,Ext-MUSAN-noise-noise-sound-bible-0083,negative_silence_noise,ext_musan_noise,0.0776515
Ext-MSWC-doctor-common_voice_en_499547@-250ms_n,Ext-MSWC-doctor-common_voice_en_499547,negative_confusable,ext_mswc,0.07761448
tts2_en_US-libritts_r-medium_spk17_neg0@-419ms_n,tts2_en_US-libritts_r-medium_spk17_neg0,negative_confusable,tts_synthetic_phonetic_nearmiss,0.07754209
tts2_en_US-libritts_r-medium_spk334_pos0@-879ms_n,tts2_en_US-libritts_r-medium_spk334_pos0,negative_partial_wakeword,tts_synth,0.07748767
Ext-MUSAN-noise-noise-free-sound-0684@750ms_n,Ext-MUSAN-noise-noise-free-sound-0684,negative_silence_noise,ext_musan_noise,0.07730151
Manual-BG-RPI34@24000ms_n,Manual-BG-RPI34,negative_real_background,manual_recording,0.07729223
conf_01163@-158ms_n,conf_01163,negative_confusable,tts_synthetic_phonetic_nearmiss,0.077156566
Ext-MSWC-dealt-common_voice_en_21886359@-250ms_n,Ext-MSWC-dealt-common_voice_en_21886359,negative_confusable,ext_mswc,0.07714379
conf_00152@-187ms_n,conf_00152,negative_confusable,tts_synthetic_phonetic_nearmiss,0.07710578
Ext-MUSAN-noise-noise-free-sound-0001@3750ms_n,Ext-MUSAN-noise-noise-free-sound-0001,negative_silence_noise,ext_musan_noise,0.07709281
speech_syn_general_rec_0085_004@0ms_n,speech_syn_general_rec_0085_004,negative_general_speech,tts_synthetic_continuous_speech,0.077086225
Ext-MUSAN-noise-noise-free-sound-0347@0ms_n,Ext-MUSAN-noise-noise-free-sound-0347,negative_silence_noise,ext_musan_noise,0.07708531
Ext-MSWC-debt-common_voice_en_16435672@-250ms_n,Ext-MSWC-debt-common_voice_en_16435672,negative_confusable,ext_mswc,0.07704254
Ext-HeySnips-175a370d-b074-4798-859a-ecff3ee5b412@0ms_n,Ext-HeySnips-175a370d-b074-4798-859a-ecff3ee5b412,negative_general_speech,ext_heysnips,0.077035286
Ext-FLEURS-en_us-11200231708585274851@2250ms_n,Ext-FLEURS-en_us-11200231708585274851,negative_general_speech,ext_fleurs,0.07693005
Ext-MUSAN-noise-noise-sound-bible-0065@1500ms_n,Ext-MUSAN-noise-noise-sound-bible-0065,negative_silence_noise,ext_musan_noise,0.07690512
Ext-MUSAN-noise-noise-free-sound-0084@0ms_n,Ext-MUSAN-noise-noise-free-sound-0084,negative_silence_noise,ext_musan_noise,0.07688812
Ext-MSWC-felt-common_voice_en_20234549@-250ms_n,Ext-MSWC-felt-common_voice_en_20234549,negative_confusable,ext_mswc,0.07685021
Ext-MSWC-better-common_voice_en_78995@-250ms_n,Ext-MSWC-better-common_voice_en_78995,negative_confusable,ext_mswc,0.07661593
tts2_en_US-libritts_r-medium_spk806_neg1@-553ms_n,tts2_en_US-libritts_r-medium_spk806_neg1,negative_confusable,tts_synthetic_phonetic_nearmiss,0.076599404
Ext-MUSAN-music-music-fma-wa-0050@2250ms_n,Ext-MUSAN-music-music-fma-wa-0050,negative_media,ext_musan_music,0.076443836
Ext-MSWC-debt-common_voice_en_22311962@-250ms_n,Ext-MSWC-debt-common_voice_en_22311962,negative_confusable,ext_mswc,0.07627642
Ext-MUSAN-noise-noise-free-sound-0471@750ms_n,Ext-MUSAN-noise-noise-free-sound-0471,negative_silence_noise,ext_musan_noise,0.0762206
Ext-MUSAN-noise-noise-free-sound-0763@750ms_n,Ext-MUSAN-noise-noise-free-sound-0763,negative_silence_noise,ext_musan_noise,0.07616824
Ext-MUSAN-music-music-jamendo-0152@750ms_n,Ext-MUSAN-music-music-jamendo-0152,negative_media,ext_musan_music,0.07608413
Ext-MUSAN-music-music-fma-0083@2250ms_n,Ext-MUSAN-music-music-fma-0083,negative_media,ext_musan_music,0.07603366
Ext-HeySnips-ec4fcf3f-6438-4e18-a14d-7dab885c783a@0ms_n,Ext-HeySnips-ec4fcf3f-6438-4e18-a14d-7dab885c783a,negative_confusable,ext_heysnips,0.07600288
Ext-FLEURS-en_us-9393095557904752800@0ms_n,Ext-FLEURS-en_us-9393095557904752800,negative_general_speech,ext_fleurs,0.07594722
Ext-MUSAN-noise-noise-free-sound-0279@3750ms_n,Ext-MUSAN-noise-noise-free-sound-0279,negative_silence_noise,ext_musan_noise,0.075943634
Ext-MSWC-della-common_voice_en_22212660@-250ms_n,Ext-MSWC-della-common_voice_en_22212660,negative_confusable,ext_mswc,0.07589245
Ext-MSWC-hay-common_voice_en_336105@-250ms_n,Ext-MSWC-hay-common_voice_en_336105,negative_partial_wakeword,ext_mswc,0.07578311
Ext-MUSAN-music-music-rfm-0033@4500ms_n,Ext-MUSAN-music-music-rfm-0033,negative_media,ext_musan_music,0.07574722
partial_00294@0ms_n,partial_00294,negative_partial_wakeword,positive_clip_truncated,0.07567579
Ext-MSWC-better-common_voice_en_17347975@-250ms_n,Ext-MSWC-better-common_voice_en_17347975,negative_confusable,ext_mswc,0.07562712
Ext-MSWC-shelter-common_voice_en_193749@-250ms_n,Ext-MSWC-shelter-common_voice_en_193749,negative_confusable,ext_mswc,0.07555214
Ext-MUSAN-music-music-jamendo-0201@750ms_n,Ext-MUSAN-music-music-jamendo-0201,negative_media,ext_musan_music,0.07552707
partial_00033@0ms_n,partial_00033,negative_partial_wakeword,positive_clip_truncated,0.07552516
Ext-MSWC-felt-common_voice_en_689993@-250ms_n,Ext-MSWC-felt-common_voice_en_689993,negative_confusable,ext_mswc,0.07550019
Ext-HeySnips-4d855deb-b2ee-4d87-bb54-b4517a5ba546@3000ms_n,Ext-HeySnips-4d855deb-b2ee-4d87-bb54-b4517a5ba546,negative_general_speech,ext_heysnips,0.075473614
speech_syn_general_rec_0155_010@0ms_n,speech_syn_general_rec_0155_010,negative_general_speech,tts_synthetic_continuous_speech,0.07544454
Ext-MUSAN-noise-noise-free-sound-0499@3000ms_n,Ext-MUSAN-noise-noise-free-sound-0499,negative_silence_noise,ext_musan_noise,0.07542372
Ext-FLEURS-fil_ph-50659203026003932@3000ms_n,Ext-FLEURS-fil_ph-50659203026003932,negative_general_speech,ext_fleurs,0.07541197
Ext-HeySnips-1afa0e39-6cc0-4f8f-bb98-f7b1c0db8b27@3750ms_n,Ext-HeySnips-1afa0e39-6cc0-4f8f-bb98-f7b1c0db8b27,negative_general_speech,ext_heysnips,0.07534558
Ext-MSWC-felt-common_voice_en_17851665@-250ms_n,Ext-MSWC-felt-common_voice_en_17851665,negative_confusable,ext_mswc,0.075229555
Ext-MSWC-shelter-common_voice_en_18112536@-250ms_n,Ext-MSWC-shelter-common_voice_en_18112536,negative_confusable,ext_mswc,0.0752216
Ext-MSWC-day-common_voice_en_20877905@-250ms_n,Ext-MSWC-day-common_voice_en_20877905,negative_confusable,ext_mswc,0.07521842
Ext-HeySnips-ae95dece-d382-41fa-b9c8-62e77d0074d5@1500ms_n,Ext-HeySnips-ae95dece-d382-41fa-b9c8-62e77d0074d5,negative_general_speech,ext_heysnips,0.07521332
Ext-MSWC-felt-common_voice_en_680382@-250ms_n,Ext-MSWC-felt-common_voice_en_680382,negative_confusable,ext_mswc,0.07518837
Ext-HeySnips-492d4aad-b1a8-45f5-b8f0-d775d2626fed@750ms_n,Ext-HeySnips-492d4aad-b1a8-45f5-b8f0-d775d2626fed,negative_general_speech,ext_heysnips,0.075170115
conf_01088@-123ms_n,conf_01088,negative_confusable,tts_synthetic_phonetic_nearmiss,0.07510621
Ext-MSWC-dealt-common_voice_en_19267266@-250ms_n,Ext-MSWC-dealt-common_voice_en_19267266,negative_confusable,ext_mswc,0.074994005
Ext-MUSAN-noise-noise-free-sound-0072@750ms_n,Ext-MUSAN-noise-noise-free-sound-0072,negative_silence_noise,ext_musan_noise,0.07498257
Ext-MUSAN-noise-noise-sound-bible-0031@1500ms_n,Ext-MUSAN-noise-noise-sound-bible-0031,negative_silence_noise,ext_musan_noise,0.074981116
Ext-MUSAN-noise-noise-free-sound-0023@3000ms_n,Ext-MUSAN-noise-noise-free-sound-0023,negative_silence_noise,ext_musan_noise,0.07497223
Ext-MSWC-felt-common_voice_en_570451@-250ms_n,Ext-MSWC-felt-common_voice_en_570451,negative_confusable,ext_mswc,0.07493583
Ext-HeySnips-5f182795-62a9-44af-8055-4691249541ac@0ms_n,Ext-HeySnips-5f182795-62a9-44af-8055-4691249541ac,negative_general_speech,ext_heysnips,0.0749313
Ext-MUSAN-noise-noise-free-sound-0304@3750ms_n,Ext-MUSAN-noise-noise-free-sound-0304,negative_silence_noise,ext_musan_noise,0.07488555
Ext-MSWC-eight-common_voice_en_20183579@-250ms_n,Ext-MSWC-eight-common_voice_en_20183579,negative_confusable,ext_mswc,0.074717015
conf_00908@-309ms_n,conf_00908,negative_confusable,tts_synthetic_phonetic_nearmiss,0.07465765
Ext-MSWC-help-common_voice_en_142581@-250ms_n,Ext-MSWC-help-common_voice_en_142581,negative_confusable,ext_mswc,0.07465276
speech_syn_general_rec_0060_008@0ms_n,speech_syn_general_rec_0060_008,negative_general_speech,tts_synthetic_continuous_speech,0.0746214
Ext-HeySnips-b3801995-8cd7-4dc0-a0d3-9e562a30e3b0@1500ms_n,Ext-HeySnips-b3801995-8cd7-4dc0-a0d3-9e562a30e3b0,negative_general_speech,ext_heysnips,0.07458686
Ext-MSWC-dealt-common_voice_en_20381413@-250ms_n,Ext-MSWC-dealt-common_voice_en_20381413,negative_confusable,ext_mswc,0.07457045
Manual-BG-RPI6@9750ms_n,Manual-BG-RPI6,negative_real_background,manual_recording,0.07451546
Ext-MUSAN-noise-noise-sound-bible-0011@3000ms_n,Ext-MUSAN-noise-noise-sound-bible-0011,negative_silence_noise,ext_musan_noise,0.074439585
speech_syn_general_rec_0105_004@0ms_n,speech_syn_general_rec_0105_004,negative_general_speech,tts_synthetic_continuous_speech,0.07443811
Ext-MUSAN-noise-noise-free-sound-0476@1500ms_n,Ext-MUSAN-noise-noise-free-sound-0476,negative_silence_noise,ext_musan_noise,0.07438476
Ext-FLEURS-en_us-14855926442890309286@1500ms_n,Ext-FLEURS-en_us-14855926442890309286,negative_general_speech,ext_fleurs,0.07436258
synth_white_00635@0ms_n,synth_white_00635,negative_silence_noise,synth_white,0.074291326
Ext-MSWC-shelter-common_voice_en_21255030@-265ms_n,Ext-MSWC-shelter-common_voice_en_21255030,negative_confusable,ext_mswc,0.074279055
Ext-MSWC-ate-common_voice_en_17296707@-250ms_n,Ext-MSWC-ate-common_voice_en_17296707,negative_confusable,ext_mswc,0.07418013
Ext-MUSAN-noise-noise-free-sound-0684@4500ms_n,Ext-MUSAN-noise-noise-free-sound-0684,negative_silence_noise,ext_musan_noise,0.07416445
Ext-MSWC-felt-common_voice_en_63401@-250ms_n,Ext-MSWC-felt-common_voice_en_63401,negative_confusable,ext_mswc,0.07411748
Ext-MUSAN-noise-noise-sound-bible-0077@1500ms_n,Ext-MUSAN-noise-noise-sound-bible-0077,negative_silence_noise,ext_musan_noise,0.07396462
Ext-MUSAN-noise-noise-free-sound-0371@1500ms_n,Ext-MUSAN-noise-noise-free-sound-0371,negative_silence_noise,ext_musan_noise,0.07393327
Ext-HeySnips-7a63a2f3-19de-4c55-9500-6d13e089e490@1500ms_n,Ext-HeySnips-7a63a2f3-19de-4c55-9500-6d13e089e490,negative_general_speech,ext_heysnips,0.07391021
Ext-MSWC-heather-common_voice_en_211535@-250ms_n,Ext-MSWC-heather-common_voice_en_211535,negative_confusable,ext_mswc,0.073872864
Ext-MSWC-della-common_voice_en_19798437@-250ms_n,Ext-MSWC-della-common_voice_en_19798437,negative_confusable,ext_mswc,0.07378613
Ext-MUSAN-music-music-jamendo-0201@0ms_n,Ext-MUSAN-music-music-jamendo-0201,negative_media,ext_musan_music,0.07376326
Ext-MUSAN-noise-noise-free-sound-0333@4500ms_n,Ext-MUSAN-noise-noise-free-sound-0333,negative_silence_noise,ext_musan_noise,0.07375229
Ext-HeySnips-2b9fbf70-5438-4ce3-aaab-19279b1449b5@0ms_n,Ext-HeySnips-2b9fbf70-5438-4ce3-aaab-19279b1449b5,negative_general_speech,ext_heysnips,0.07372821
Ext-HeySnips-61afb59f-2bec-4815-be7d-bb437ed2bfc6@0ms_n,Ext-HeySnips-61afb59f-2bec-4815-be7d-bb437ed2bfc6,negative_general_speech,ext_heysnips,0.07368569
Manual-BG-RPI21@220500ms_n,Manual-BG-RPI21,negative_real_background,manual_recording,0.073612265
Ext-MSWC-letter-common_voice_en_121918@-250ms_n,Ext-MSWC-letter-common_voice_en_121918,negative_confusable,ext_mswc,0.073580205
Ext-MSWC-dealt-common_voice_en_20172208@-250ms_n,Ext-MSWC-dealt-common_voice_en_20172208,negative_confusable,ext_mswc,0.07357332
Ext-HeySnips-0593fd5e-0fbb-4ae9-9994-0c3aac60f9e9@0ms_n,Ext-HeySnips-0593fd5e-0fbb-4ae9-9994-0c3aac60f9e9,negative_general_speech,ext_heysnips,0.07350642
Ext-MUSAN-noise-noise-free-sound-0261@0ms_n,Ext-MUSAN-noise-noise-free-sound-0261,negative_silence_noise,ext_musan_noise,0.07336527
Ext-MUSAN-music-music-fma-0068@2250ms_n,Ext-MUSAN-music-music-fma-0068,negative_media,ext_musan_music,0.07334694
Ext-MUSAN-music-music-fma-0067@3000ms_n,Ext-MUSAN-music-music-fma-0067,negative_media,ext_musan_music,0.07331279
Ext-MSWC-felt-common_voice_en_498519@-250ms_n,Ext-MSWC-felt-common_voice_en_498519,negative_confusable,ext_mswc,0.073152095
Ext-MSWC-help-common_voice_en_21410797@-250ms_n,Ext-MSWC-help-common_voice_en_21410797,negative_confusable,ext_mswc,0.07303255
Ext-MUSAN-noise-noise-free-sound-0143@3000ms_n,Ext-MUSAN-noise-noise-free-sound-0143,negative_silence_noise,ext_musan_noise,0.07296674
Ext-MSWC-ate-common_voice_en_555061@-250ms_n,Ext-MSWC-ate-common_voice_en_555061,negative_confusable,ext_mswc,0.07294516
Ext-MSWC-better-common_voice_en_15830543@-250ms_n,Ext-MSWC-better-common_voice_en_15830543,negative_confusable,ext_mswc,0.07290443
media_syn_media_rec_0100_004@0ms_n,media_syn_media_rec_0100_004,negative_media,tts_synthetic_continuous_speech,0.072804555
Ext-MUSAN-noise-noise-free-sound-0767@750ms_n,Ext-MUSAN-noise-noise-free-sound-0767,negative_silence_noise,ext_musan_noise,0.07279619
Ext-MUSAN-noise-noise-free-sound-0471@3000ms_n,Ext-MUSAN-noise-noise-free-sound-0471,negative_silence_noise,ext_musan_noise,0.07277742
Ext-MUSAN-noise-noise-free-sound-0273@4500ms_n,Ext-MUSAN-noise-noise-free-sound-0273,negative_silence_noise,ext_musan_noise,0.072770245
Ext-MSWC-help-common_voice_en_494080@-250ms_n,Ext-MSWC-help-common_voice_en_494080,negative_confusable,ext_mswc,0.072769344
Ext-MUSAN-noise-noise-free-sound-0063@0ms_n,Ext-MUSAN-noise-noise-free-sound-0063,negative_silence_noise,ext_musan_noise,0.0727376
media_syn_media_rec_0094_005@0ms_n,media_syn_media_rec_0094_005,negative_media,tts_synthetic_continuous_speech,0.0727058
Ext-MSWC-delta-common_voice_en_22322826@-250ms_n,Ext-MSWC-delta-common_voice_en_22322826,negative_partial_wakeword,ext_mswc,0.07267444
Ext-MUSAN-music-music-fma-wa-0016@0ms_n,Ext-MUSAN-music-music-fma-wa-0016,negative_media,ext_musan_music,0.07267434
Ext-MUSAN-noise-noise-free-sound-0666@4500ms_n,Ext-MUSAN-noise-noise-free-sound-0666,negative_silence_noise,ext_musan_noise,0.07267123
Ext-MUSAN-noise-noise-sound-bible-0066@750ms_n,Ext-MUSAN-noise-noise-sound-bible-0066,negative_silence_noise,ext_musan_noise,0.072664976
Ext-MSWC-help-common_voice_en_615801@-250ms_n,Ext-MSWC-help-common_voice_en_615801,negative_confusable,ext_mswc,0.0726647
Ext-MUSAN-music-music-jamendo-0038@1500ms_n,Ext-MUSAN-music-music-jamendo-0038,negative_media,ext_musan_music,0.072628774
Ext-MSWC-data-common_voice_en_19621196@-250ms_n,Ext-MSWC-data-common_voice_en_19621196,negative_confusable,ext_mswc,0.07253663
Ext-MUSAN-music-music-rfm-0118@3000ms_n,Ext-MUSAN-music-music-rfm-0118,negative_media,ext_musan_music,0.072508246
Ext-MSWC-shelter-common_voice_en_17910534@-250ms_n,Ext-MSWC-shelter-common_voice_en_17910534,negative_confusable,ext_mswc,0.072470166
Ext-MUSAN-noise-noise-free-sound-0116@3000ms_n,Ext-MUSAN-noise-noise-free-sound-0116,negative_silence_noise,ext_musan_noise,0.07246518
Ext-MSWC-day-common_voice_en_673205@-250ms_n,Ext-MSWC-day-common_voice_en_673205,negative_confusable,ext_mswc,0.072462484
Ext-MUSAN-noise-noise-free-sound-0550@0ms_n,Ext-MUSAN-noise-noise-free-sound-0550,negative_silence_noise,ext_musan_noise,0.072367504
Ext-MSWC-alpha-common_voice_en_21342339@-250ms_n,Ext-MSWC-alpha-common_voice_en_21342339,negative_confusable,ext_mswc,0.07232755
Ext-MUSAN-noise-noise-free-sound-0530@0ms_n,Ext-MUSAN-noise-noise-free-sound-0530,negative_silence_noise,ext_musan_noise,0.07230684
Ext-MUSAN-music-music-fma-0095@4500ms_n,Ext-MUSAN-music-music-fma-0095,negative_media,ext_musan_music,0.0722778
Ext-MUSAN-noise-noise-free-sound-0740@4500ms_n,Ext-MUSAN-noise-noise-free-sound-0740,negative_silence_noise,ext_musan_noise,0.07225229
Ext-FLEURS-fil_ph-40546561072581186@1500ms_n,Ext-FLEURS-fil_ph-40546561072581186,negative_general_speech,ext_fleurs,0.0722314
Ext-MUSAN-noise-noise-sound-bible-0031@2250ms_n,Ext-MUSAN-noise-noise-sound-bible-0031,negative_silence_noise,ext_musan_noise,0.07220718
conf_00264@-384ms_n,conf_00264,negative_confusable,tts_synthetic_phonetic_nearmiss,0.07218195
Ext-HeySnips-ad139c65-544f-42d2-a150-1f36426873bb@0ms_n,Ext-HeySnips-ad139c65-544f-42d2-a150-1f36426873bb,negative_general_speech,ext_heysnips,0.072163664
Ext-MSWC-debt-common_voice_en_20392740@-250ms_n,Ext-MSWC-debt-common_voice_en_20392740,negative_confusable,ext_mswc,0.07213786
Ext-MSWC-felt-common_voice_en_17265843@-250ms_n,Ext-MSWC-felt-common_voice_en_17265843,negative_confusable,ext_mswc,0.07211824
Ext-MSWC-day-common_voice_en_19049936@-250ms_n,Ext-MSWC-day-common_voice_en_19049936,negative_confusable,ext_mswc,0.072109625
Ext-MSWC-delta-common_voice_en_19805021@-250ms_n,Ext-MSWC-delta-common_voice_en_19805021,negative_partial_wakeword,ext_mswc,0.07206789
Ext-MUSAN-music-music-jamendo-0201@4500ms_n,Ext-MUSAN-music-music-jamendo-0201,negative_media,ext_musan_music,0.07200512
Ext-MUSAN-music-music-fma-0006@0ms_n,Ext-MUSAN-music-music-fma-0006,negative_media,ext_musan_music,0.071926825
Ext-MSWC-salt-common_voice_en_12101@-250ms_n,Ext-MSWC-salt-common_voice_en_12101,negative_confusable,ext_mswc,0.07179162
Manual-BG-RPI18@222750ms_n,Manual-BG-RPI18,negative_real_background,manual_recording,0.07169379
Ext-HeySnips-6426a77e-5f45-42c1-8c58-31c79cc2a479@3750ms_n,Ext-HeySnips-6426a77e-5f45-42c1-8c58-31c79cc2a479,negative_general_speech,ext_heysnips,0.071693525
Ext-MSWC-debt-common_voice_en_72732@-250ms_n,Ext-MSWC-debt-common_voice_en_72732,negative_confusable,ext_mswc,0.07166525
Manual-BG-RPI6@750ms_n,Manual-BG-RPI6,negative_real_background,manual_recording,0.07162957
Ext-MUSAN-noise-noise-free-sound-0072@3750ms_n,Ext-MUSAN-noise-noise-free-sound-0072,negative_silence_noise,ext_musan_noise,0.07162913
tts2_en_US-sam-medium_spk0_neg0@-332ms_n,tts2_en_US-sam-medium_spk0_neg0,negative_confusable,tts_synthetic_phonetic_nearmiss,0.071523085
tts2_en_GB-aru-medium_spk9_neg1@-77ms_n,tts2_en_GB-aru-medium_spk9_neg1,negative_confusable,tts_synthetic_phonetic_nearmiss,0.07148339
Ext-MSWC-delta-common_voice_en_21419878@-250ms_n,Ext-MSWC-delta-common_voice_en_21419878,negative_partial_wakeword,ext_mswc,0.07143479
Ext-MUSAN-noise-noise-free-sound-0273@1500ms_n,Ext-MUSAN-noise-noise-free-sound-0273,negative_silence_noise,ext_musan_noise,0.07138916
Ext-MSWC-melt-common_voice_en_19820362@-250ms_n,Ext-MSWC-melt-common_voice_en_19820362,negative_confusable,ext_mswc,0.07135614
Ext-MSWC-hello-common_voice_en_669471@-250ms_n,Ext-MSWC-hello-common_voice_en_669471,negative_confusable,ext_mswc,0.07135015
Ext-MSWC-better-common_voice_en_194512@-250ms_n,Ext-MSWC-better-common_voice_en_194512,negative_confusable,ext_mswc,0.07133829
Ext-MUSAN-noise-noise-free-sound-0666@3750ms_n,Ext-MUSAN-noise-noise-free-sound-0666,negative_silence_noise,ext_musan_noise,0.07132919
Ext-MUSAN-noise-noise-free-sound-0720@3000ms_n,Ext-MUSAN-noise-noise-free-sound-0720,negative_silence_noise,ext_musan_noise,0.07131296
partial_00641@0ms_n,partial_00641,negative_partial_wakeword,positive_clip_truncated,0.07130348
Ext-MSWC-day-common_voice_en_21307643@-250ms_n,Ext-MSWC-day-common_voice_en_21307643,negative_confusable,ext_mswc,0.07128925
Ext-MUSAN-music-music-rfm-0141@750ms_n,Ext-MUSAN-music-music-rfm-0141,negative_media,ext_musan_music,0.07126408
Ext-MUSAN-noise-noise-free-sound-0292@4500ms_n,Ext-MUSAN-noise-noise-free-sound-0292,negative_silence_noise,ext_musan_noise,0.071193926
Ext-FLEURS-en_us-17406400587485166719@2250ms_n,Ext-FLEURS-en_us-17406400587485166719,negative_general_speech,ext_fleurs,0.07118526
Ext-MUSAN-noise-noise-free-sound-0546@3000ms_n,Ext-MUSAN-noise-noise-free-sound-0546,negative_silence_noise,ext_musan_noise,0.071125135
Ext-MUSAN-noise-noise-free-sound-0504@2250ms_n,Ext-MUSAN-noise-noise-free-sound-0504,negative_silence_noise,ext_musan_noise,0.07111909
Ext-MSWC-data-common_voice_en_20858258@-250ms_n,Ext-MSWC-data-common_voice_en_20858258,negative_confusable,ext_mswc,0.071093366
tts2_en_US-arctic-medium_spk8_neg0@-477ms_n,tts2_en_US-arctic-medium_spk8_neg0,negative_confusable,tts_synthetic_phonetic_nearmiss,0.07109061
Ext-MSWC-day-common_voice_en_20420108__2@-250ms_n,Ext-MSWC-day-common_voice_en_20420108__2,negative_confusable,ext_mswc,0.071089335
Ext-MUSAN-noise-noise-free-sound-0227@3000ms_n,Ext-MUSAN-noise-noise-free-sound-0227,negative_silence_noise,ext_musan_noise,0.07103656
Ext-MSWC-eight-common_voice_en_19249121@-250ms_n,Ext-MSWC-eight-common_voice_en_19249121,negative_confusable,ext_mswc,0.07101127
tts2_en_GB-vctk-medium_spk103_neg0@-344ms_n,tts2_en_GB-vctk-medium_spk103_neg0,negative_confusable,tts_synthetic_phonetic_nearmiss,0.07099593
Ext-MSWC-felt-common_voice_en_210125@-250ms_n,Ext-MSWC-felt-common_voice_en_210125,negative_confusable,ext_mswc,0.07090762
Ext-MUSAN-noise-noise-free-sound-0072@4500ms_n,Ext-MUSAN-noise-noise-free-sound-0072,negative_silence_noise,ext_musan_noise,0.07088573
Ext-FLEURS-fil_ph-7338960520289333847@750ms_n,Ext-FLEURS-fil_ph-7338960520289333847,negative_general_speech,ext_fleurs,0.07085025
partial_00544@0ms_n,partial_00544,negative_partial_wakeword,positive_clip_truncated,0.070787184
partial_00397@0ms_n,partial_00397,negative_partial_wakeword,positive_clip_truncated,0.070771374
Ext-HeySnips-3e285893-8978-43e6-977a-315ce733adc9@1500ms_n,Ext-HeySnips-3e285893-8978-43e6-977a-315ce733adc9,negative_general_speech,ext_heysnips,0.07072175
Ext-MUSAN-noise-noise-free-sound-0526@-41ms_n,Ext-MUSAN-noise-noise-free-sound-0526,negative_silence_noise,ext_musan_noise,0.07066439
Ext-MSWC-felt-common_voice_en_608018@-250ms_n,Ext-MSWC-felt-common_voice_en_608018,negative_confusable,ext_mswc,0.07061014
Ext-MSWC-ate-common_voice_en_17287211@-250ms_n,Ext-MSWC-ate-common_voice_en_17287211,negative_confusable,ext_mswc,0.07057107
Ext-HeySnips-6426a77e-5f45-42c1-8c58-31c79cc2a479@3000ms_n,Ext-HeySnips-6426a77e-5f45-42c1-8c58-31c79cc2a479,negative_general_speech,ext_heysnips,0.070562534
Ext-MUSAN-noise-noise-free-sound-0064@3000ms_n,Ext-MUSAN-noise-noise-free-sound-0064,negative_silence_noise,ext_musan_noise,0.070550665
speech_syn_general_rec_0219_009@0ms_n,speech_syn_general_rec_0219_009,negative_general_speech,tts_synthetic_continuous_speech,0.07052539
Ext-MUSAN-noise-noise-sound-bible-0033@3750ms_n,Ext-MUSAN-noise-noise-sound-bible-0033,negative_silence_noise,ext_musan_noise,0.07051229
Ext-MUSAN-noise-noise-free-sound-0357@3000ms_n,Ext-MUSAN-noise-noise-free-sound-0357,negative_silence_noise,ext_musan_noise,0.07046668
Ext-MUSAN-music-music-jamendo-0111@0ms_n,Ext-MUSAN-music-music-jamendo-0111,negative_media,ext_musan_music,0.07045614
Ext-MUSAN-noise-noise-sound-bible-0084@0ms_n,Ext-MUSAN-noise-noise-sound-bible-0084,negative_silence_noise,ext_musan_noise,0.07043277
Ext-MUSAN-noise-noise-free-sound-0523@1500ms_n,Ext-MUSAN-noise-noise-free-sound-0523,negative_silence_noise,ext_musan_noise,0.07043171
Ext-MSWC-data-common_voice_en_19214705@-250ms_n,Ext-MSWC-data-common_voice_en_19214705,negative_confusable,ext_mswc,0.07042701
Ext-MSWC-belt-common_voice_en_20049436@-250ms_n,Ext-MSWC-belt-common_voice_en_20049436,negative_confusable,ext_mswc,0.07039023
Ext-MSWC-daughter-common_voice_en_20160730@-250ms_n,Ext-MSWC-daughter-common_voice_en_20160730,negative_confusable,ext_mswc,0.07038895
Ext-MUSAN-noise-noise-free-sound-0147@3000ms_n,Ext-MUSAN-noise-noise-free-sound-0147,negative_silence_noise,ext_musan_noise,0.07037893
Ext-MSWC-doctor-common_voice_en_18711182@-250ms_n,Ext-MSWC-doctor-common_voice_en_18711182,negative_confusable,ext_mswc,0.070363745
Manual-BG-RPI18@15750ms_n,Manual-BG-RPI18,negative_real_background,manual_recording,0.0702768
Ext-HeySnips-c6163475-3745-47a6-a73d-47368d26c611@0ms_n,Ext-HeySnips-c6163475-3745-47a6-a73d-47368d26c611,negative_general_speech,ext_heysnips,0.07021363
Ext-HeySnips-d80f5591-b50c-4a63-94e0-4576f740efa2@0ms_n,Ext-HeySnips-d80f5591-b50c-4a63-94e0-4576f740efa2,negative_general_speech,ext_heysnips,0.07017476
Ext-MUSAN-noise-noise-free-sound-0091@2250ms_n,Ext-MUSAN-noise-noise-free-sound-0091,negative_silence_noise,ext_musan_noise,0.070159696
Ext-MUSAN-speech-speech-librivox-0087@4500ms_n,Ext-MUSAN-speech-speech-librivox-0087,negative_general_speech,ext_musan_speech,0.07011784
Ext-MUSAN-noise-noise-free-sound-0489@3000ms_n,Ext-MUSAN-noise-noise-free-sound-0489,negative_silence_noise,ext_musan_noise,0.070087396
Ext-MUSAN-noise-noise-free-sound-0520@2250ms_n,Ext-MUSAN-noise-noise-free-sound-0520,negative_silence_noise,ext_musan_noise,0.07008429
Ext-MUSAN-noise-noise-free-sound-0359@750ms_n,Ext-MUSAN-noise-noise-free-sound-0359,negative_silence_noise,ext_musan_noise,0.06997595
Ext-MSWC-debt-common_voice_en_17391383@-250ms_n,Ext-MSWC-debt-common_voice_en_17391383,negative_confusable,ext_mswc,0.0699343
speech_syn_general_rec_0038_004@0ms_n,speech_syn_general_rec_0038_004,negative_general_speech,tts_synthetic_continuous_speech,0.06990872
Ext-MUSAN-noise-noise-free-sound-0100@750ms_n,Ext-MUSAN-noise-noise-free-sound-0100,negative_silence_noise,ext_musan_noise,0.06984367
Ext-MUSAN-noise-noise-free-sound-0339@750ms_n,Ext-MUSAN-noise-noise-free-sound-0339,negative_silence_noise,ext_musan_noise,0.06981415
Ext-MSWC-delta-common_voice_en_21097683@-250ms_n,Ext-MSWC-delta-common_voice_en_21097683,negative_partial_wakeword,ext_mswc,0.06979157
Ext-MUSAN-noise-noise-free-sound-0059@2250ms_n,Ext-MUSAN-noise-noise-free-sound-0059,negative_silence_noise,ext_musan_noise,0.06976537
Ext-MUSAN-noise-noise-free-sound-0434@2250ms_n,Ext-MUSAN-noise-noise-free-sound-0434,negative_silence_noise,ext_musan_noise,0.069757804
Ext-MUSAN-noise-noise-free-sound-0333@1500ms_n,Ext-MUSAN-noise-noise-free-sound-0333,negative_silence_noise,ext_musan_noise,0.06974444
Ext-MUSAN-noise-noise-free-sound-0467@750ms_n,Ext-MUSAN-noise-noise-free-sound-0467,negative_silence_noise,ext_musan_noise,0.069713116
Ext-MSWC-della-common_voice_en_21916663@-250ms_n,Ext-MSWC-della-common_voice_en_21916663,negative_confusable,ext_mswc,0.06971146
Ext-MSWC-help-common_voice_en_37448@-250ms_n,Ext-MSWC-help-common_voice_en_37448,negative_confusable,ext_mswc,0.069699205
Manual-BG-RPI18@15000ms_n,Manual-BG-RPI18,negative_real_background,manual_recording,0.06967493
Ext-HeySnips-5016168b-f7e3-4aeb-9bde-ea177e5ebda6@4500ms_n,Ext-HeySnips-5016168b-f7e3-4aeb-9bde-ea177e5ebda6,negative_general_speech,ext_heysnips,0.06966535
Ext-MSWC-hello-common_voice_en_17846266@-250ms_n,Ext-MSWC-hello-common_voice_en_17846266,negative_confusable,ext_mswc,0.06965149
Ext-MSWC-doctor-common_voice_en_32353@-250ms_n,Ext-MSWC-doctor-common_voice_en_32353,negative_confusable,ext_mswc,0.069626115
Ext-MUSAN-noise-noise-free-sound-0116@750ms_n,Ext-MUSAN-noise-noise-free-sound-0116,negative_silence_noise,ext_musan_noise,0.069624074
Ext-MUSAN-music-music-hd-0019@2250ms_n,Ext-MUSAN-music-music-hd-0019,negative_media,ext_musan_music,0.06960073
Ext-MSWC-felt-common_voice_en_448152@-250ms_n,Ext-MSWC-felt-common_voice_en_448152,negative_confusable,ext_mswc,0.0695927
Ext-MUSAN-noise-noise-free-sound-0357@2250ms_n,Ext-MUSAN-noise-noise-free-sound-0357,negative_silence_noise,ext_musan_noise,0.06957137
Ext-MUSAN-noise-noise-free-sound-0790@2250ms_n,Ext-MUSAN-noise-noise-free-sound-0790,negative_silence_noise,ext_musan_noise,0.06955817
tts2_en_US-libritts_r-medium_spk556_neg1@-338ms_n,tts2_en_US-libritts_r-medium_spk556_neg1,negative_confusable,tts_synthetic_phonetic_nearmiss,0.06953428
Ext-MSWC-data-common_voice_en_20061967@-250ms_n,Ext-MSWC-data-common_voice_en_20061967,negative_confusable,ext_mswc,0.06948316
Ext-MUSAN-noise-noise-free-sound-0446@4500ms_n,Ext-MUSAN-noise-noise-free-sound-0446,negative_silence_noise,ext_musan_noise,0.06948136
Ext-MSWC-dealt-common_voice_en_19244974@-250ms_n,Ext-MSWC-dealt-common_voice_en_19244974,negative_confusable,ext_mswc,0.06945442
Ext-MUSAN-music-music-fma-0004@750ms_n,Ext-MUSAN-music-music-fma-0004,negative_media,ext_musan_music,0.06944003
Ext-MSWC-halt-common_voice_en_20314966@-250ms_n,Ext-MSWC-halt-common_voice_en_20314966,negative_confusable,ext_mswc,0.06942501
Ext-MUSAN-noise-noise-free-sound-0832@1500ms_n,Ext-MUSAN-noise-noise-free-sound-0832,negative_silence_noise,ext_musan_noise,0.06938923
Ext-MSWC-delta-common_voice_en_21469979@-250ms_n,Ext-MSWC-delta-common_voice_en_21469979,negative_partial_wakeword,ext_mswc,0.06925839
Ext-MSWC-eight-common_voice_en_20243820@-250ms_n,Ext-MSWC-eight-common_voice_en_20243820,negative_confusable,ext_mswc,0.069223434
Ext-HeySnips-610176ed-ad6e-40d1-a639-67f0dfc2b09e@0ms_n,Ext-HeySnips-610176ed-ad6e-40d1-a639-67f0dfc2b09e,negative_general_speech,ext_heysnips,0.06919556
Ext-MUSAN-noise-noise-free-sound-0082@0ms_n,Ext-MUSAN-noise-noise-free-sound-0082,negative_silence_noise,ext_musan_noise,0.069148615
Ext-MUSAN-music-music-fma-0006@750ms_n,Ext-MUSAN-music-music-fma-0006,negative_media,ext_musan_music,0.069147326
Ext-MSWC-felt-common_voice_en_493983@-250ms_n,Ext-MSWC-felt-common_voice_en_493983,negative_confusable,ext_mswc,0.06904317
tts2_en_GB-vctk-medium_spk1_neg1@-245ms_n,tts2_en_GB-vctk-medium_spk1_neg1,negative_confusable,tts_synthetic_phonetic_nearmiss,0.068997055
Ext-MSWC-dealt-common_voice_en_20676163@-250ms_n,Ext-MSWC-dealt-common_voice_en_20676163,negative_confusable,ext_mswc,0.06898958
Ext-MUSAN-noise-noise-free-sound-0006@1500ms_n,Ext-MUSAN-noise-noise-free-sound-0006,negative_silence_noise,ext_musan_noise,0.06898855
speech_syn_general_rec_0051_010@0ms_n,speech_syn_general_rec_0051_010,negative_general_speech,tts_synthetic_continuous_speech,0.068924196
Ext-HeySnips-34812793-a1f4-4d02-8af0-b231276e734d@0ms_n,Ext-HeySnips-34812793-a1f4-4d02-8af0-b231276e734d,negative_general_speech,ext_heysnips,0.068900265
Ext-MSWC-felt-common_voice_en_17556802@-250ms_n,Ext-MSWC-felt-common_voice_en_17556802,negative_confusable,ext_mswc,0.06883732
Ext-MSWC-martha-common_voice_en_18759015@-250ms_n,Ext-MSWC-martha-common_voice_en_18759015,negative_confusable,ext_mswc,0.068812154
Ext-HeySnips-e9e6f975-6303-4ab1-b9ac-51f72de81392@0ms_n,Ext-HeySnips-e9e6f975-6303-4ab1-b9ac-51f72de81392,negative_confusable,ext_heysnips,0.068740144
Ext-MSWC-hay-common_voice_en_17331218@-250ms_n,Ext-MSWC-hay-common_voice_en_17331218,negative_partial_wakeword,ext_mswc,0.06864076
Ext-HeySnips-fd9e4017-b392-4d68-942d-a2c0b5c04151@1500ms_n,Ext-HeySnips-fd9e4017-b392-4d68-942d-a2c0b5c04151,negative_general_speech,ext_heysnips,0.06859154
Ext-MSWC-doctor-common_voice_en_22169930@-250ms_n,Ext-MSWC-doctor-common_voice_en_22169930,negative_confusable,ext_mswc,0.068586625
synth_white_00825@0ms_n,synth_white_00825,negative_silence_noise,synth_white,0.06856629
Ext-MSWC-salt-common_voice_en_21306760@-250ms_n,Ext-MSWC-salt-common_voice_en_21306760,negative_confusable,ext_mswc,0.06852016
Ext-MSWC-debt-common_voice_en_17309032@-250ms_n,Ext-MSWC-debt-common_voice_en_17309032,negative_confusable,ext_mswc,0.06843138
partial_00547@0ms_n,partial_00547,negative_partial_wakeword,positive_clip_truncated,0.06839713
Ext-MUSAN-noise-noise-free-sound-0026@750ms_n,Ext-MUSAN-noise-noise-free-sound-0026,negative_silence_noise,ext_musan_noise,0.068385884
Manual-BG-RPI5@24750ms_n,Manual-BG-RPI5,negative_real_background,manual_recording,0.06837875
Ext-MSWC-delta-common_voice_en_20216363@-250ms_n,Ext-MSWC-delta-common_voice_en_20216363,negative_partial_wakeword,ext_mswc,0.0683785
Ext-MSWC-dealt-common_voice_en_19499584@-250ms_n,Ext-MSWC-dealt-common_voice_en_19499584,negative_confusable,ext_mswc,0.0683187
Ext-MSWC-help-common_voice_en_689796@-250ms_n,Ext-MSWC-help-common_voice_en_689796,negative_confusable,ext_mswc,0.06831436
Ext-MUSAN-noise-noise-free-sound-0763@0ms_n,Ext-MUSAN-noise-noise-free-sound-0763,negative_silence_noise,ext_musan_noise,0.06825338
Ext-MSWC-data-common_voice_en_17255136@-250ms_n,Ext-MSWC-data-common_voice_en_17255136,negative_confusable,ext_mswc,0.06824353
Ext-MUSAN-noise-noise-free-sound-0597@750ms_n,Ext-MUSAN-noise-noise-free-sound-0597,negative_silence_noise,ext_musan_noise,0.06822143
Ext-MUSAN-noise-noise-free-sound-0800@3000ms_n,Ext-MUSAN-noise-noise-free-sound-0800,negative_silence_noise,ext_musan_noise,0.06819258
Ext-MSWC-help-common_voice_en_691729@-250ms_n,Ext-MSWC-help-common_voice_en_691729,negative_confusable,ext_mswc,0.068166316
Ext-MSWC-help-common_voice_en_503859@-250ms_n,Ext-MSWC-help-common_voice_en_503859,negative_confusable,ext_mswc,0.0681514
speech_syn_general_rec_0194_003@0ms_n,speech_syn_general_rec_0194_003,negative_general_speech,tts_synthetic_continuous_speech,0.068131365
Ext-HeySnips-9de4e721-876c-4d8c-a688-47ca58ff303d@0ms_n,Ext-HeySnips-9de4e721-876c-4d8c-a688-47ca58ff303d,negative_general_speech,ext_heysnips,0.06812408
Ext-MUSAN-music-music-rfm-0056@3750ms_n,Ext-MUSAN-music-music-rfm-0056,negative_media,ext_musan_music,0.06811714
Ext-MSWC-debt-common_voice_en_17687373@-250ms_n,Ext-MSWC-debt-common_voice_en_17687373,negative_confusable,ext_mswc,0.06810355
Ext-MUSAN-music-music-jamendo-0120@750ms_n,Ext-MUSAN-music-music-jamendo-0120,negative_media,ext_musan_music,0.06809241
Ext-MUSAN-noise-noise-free-sound-0566@3000ms_n,Ext-MUSAN-noise-noise-free-sound-0566,negative_silence_noise,ext_musan_noise,0.068066716
Ext-HeySnips-8b794f77-ec66-4ba3-874c-49d9c26525b8@2250ms_n,Ext-HeySnips-8b794f77-ec66-4ba3-874c-49d9c26525b8,negative_general_speech,ext_heysnips,0.06805617
Ext-HeySnips-98e7fac3-699c-423c-9b9c-28337e022702@2250ms_n,Ext-HeySnips-98e7fac3-699c-423c-9b9c-28337e022702,negative_general_speech,ext_heysnips,0.068014905
Ext-MUSAN-noise-noise-free-sound-0208@2250ms_n,Ext-MUSAN-noise-noise-free-sound-0208,negative_silence_noise,ext_musan_noise,0.06800378
Ext-HeySnips-4d855deb-b2ee-4d87-bb54-b4517a5ba546@1500ms_n,Ext-HeySnips-4d855deb-b2ee-4d87-bb54-b4517a5ba546,negative_general_speech,ext_heysnips,0.06798544
Ext-MUSAN-music-music-rfm-0114@4500ms_n,Ext-MUSAN-music-music-rfm-0114,negative_media,ext_musan_music,0.06798538
Ext-MUSAN-speech-speech-librivox-0062@3750ms_n,Ext-MUSAN-speech-speech-librivox-0062,negative_general_speech,ext_musan_speech,0.06797994
Ext-MUSAN-noise-noise-free-sound-0446@0ms_n,Ext-MUSAN-noise-noise-free-sound-0446,negative_silence_noise,ext_musan_noise,0.0679402
Ext-MSWC-help-common_voice_en_2202685@-250ms_n,Ext-MSWC-help-common_voice_en_2202685,negative_confusable,ext_mswc,0.06793663
