file_id,split,label,source,group,wakeword,header_sr,duration_sec,clipped_fraction,nonzero_fraction,fullband_rms_dbfs,start_click_over_median_db,peak_db,floor_db,peak_over_floor_db,span_level_db,span_over_floor_db,oct_125_db,oct_250_db,oct_500_db,oct_1000_db,oct_2000_db,oct_4000_db
Manual-BG-Macmic1,train,negative,manual_recording,real Macmic negative,n/a,48000,3.2213333333333334,0.0,0.9845819536423841,-35.53010177612305,-10.914363861083984,-34.224890542674146,-45.07360109784414,10.848710555169994,,,,,,,,
Manual-BG-RPI1,validation,negative,manual_recording,real RPI negative (relabelled),n/a,48000,5.258666666666667,0.0,0.0,-240.0,0.0,-180.0,-180.0,0.0,,,,,,,,
Manual-BG-RPI10,train,negative,manual_recording,real RPI negative,n/a,48000,62.528,0.0,0.9958245372739679,-47.76683044433594,0.12247085571289062,-38.097441125306666,-56.302673069410716,18.20523194410405,,,,,,,,
Manual-BG-RPI11,train,negative,manual_recording,real RPI negative,n/a,48000,56.40533333333333,0.0,0.9960527521038199,-45.428279876708984,-2.862834930419922,-42.533038637298056,-54.57934293977664,12.046304302478582,,,,,,,,
Manual-BG-RPI12,test,negative,manual_recording,real RPI negative,n/a,48000,20.469333333333335,0.0,0.9950332204273059,-52.50012969970703,6.1918792724609375,-51.2809991752646,-56.06354615129748,4.782546976032883,,,,,,,,
Manual-BG-RPI13,train,negative,manual_recording,real RPI negative,n/a,48000,27.52,0.0,0.9954699612403101,-50.07205581665039,6.248805999755859,-43.36814423911227,-55.86299147095041,12.494847231838143,,,,,,,,
Manual-BG-RPI14,train,negative,manual_recording,real RPI negative,n/a,48000,2.026666666666667,0.0,0.9962685032894737,-37.101280212402344,-3.1703567504882812,-29.71524998527739,-42.74695067459584,13.031700689318448,,,,,,,,
Manual-BG-RPI15,train,negative,manual_recording,real RPI negative,n/a,48000,2.848,0.0,0.9986467111423221,-41.16622543334961,3.3911476135253906,-39.56365101955573,-44.43434930444315,4.870698284887425,,,,,,,,
Manual-BG-RPI16,validation,negative,manual_recording,real RPI negative,n/a,48000,125.49333333333334,0.0,0.9988862290161497,-32.78687286376953,-2.3154335021972656,-25.92867518597926,-42.722486197435174,16.793811011455915,,,,,,,,
Manual-BG-RPI17,test,negative,manual_recording,real RPI negative,n/a,48000,111.02933333333333,0.0,0.9946973472475742,-43.168434143066406,10.420333862304688,-34.11529502346947,-62.24246932085179,28.127174297382318,,,,,,,,
Manual-BG-RPI18,train,negative,manual_recording,real RPI negative,n/a,48000,261.1306666666667,0.0,0.9980152018402026,-39.79719161987305,-15.119964599609375,-32.70111123004966,-45.67865831153076,12.977547081481099,,,,,,,,
Manual-BG-RPI19,train,negative,manual_recording,real RPI negative,n/a,48000,472.5973333333333,0.0,0.9985652867275313,-40.38397216796875,-2.5425987243652344,-35.832104674768736,-44.75624630553893,8.924141630770194,,,,,,,,
Manual-BG-RPI2,train,negative,manual_recording,real RPI negative (relabelled),n/a,48000,3.082666666666667,0.0,0.0,-240.0,0.0,-180.0,-180.0,0.0,,,,,,,,
Manual-BG-RPI3,train,negative,manual_recording,real RPI negative,n/a,48000,11.317333333333334,0.0,0.9948033252827522,-50.773231506347656,-15.061771392822266,-53.54785769787776,-56.41607637337457,2.868218675496813,,,,,,,,
Manual-BG-RPI4,validation,negative,manual_recording,real RPI negative,n/a,48000,12.672,0.0,0.9970719565446128,-45.35166931152344,-8.781684875488281,-37.458794279753654,-57.20740342136086,19.748609141607204,,,,,,,,
Manual-BG-RPI5,train,negative,manual_recording,real RPI negative,n/a,48000,31.093333333333334,0.0,0.9986063464837049,-35.33935546875,-29.526763916015625,-37.21932308385362,-50.150236463711174,12.930913379857557,,,,,,,,
Manual-BG-RPI6,train,negative,manual_recording,real RPI negative,n/a,48000,23.669333333333334,0.0,0.9988011914150519,-36.467010498046875,-14.512542724609375,-32.97192100489358,-49.133239149833365,16.161318144939784,,,,,,,,
Manual-BG-RPI7,test,negative,manual_recording,real RPI negative,n/a,48000,7.445333333333333,0.0,0.9992640804083095,-32.102760314941406,23.005035400390625,-36.79883200828716,-48.87942235046866,12.080590342181502,,,,,,,,
Manual-BG-RPI8,validation,negative,manual_recording,real RPI negative,n/a,48000,1.4613333333333334,0.0,0.9942974452554745,-37.86579132080078,-9.55581283569336,-30.734127624079353,-51.896301159564175,21.162173535484822,,,,,,,,
Manual-BG-RPI9,validation,negative,manual_recording,real RPI negative,n/a,48000,7.925333333333334,0.0,0.9954024015814267,-46.217655181884766,-1.676910400390625,-44.75773867603544,-52.36794868190476,7.61021000586932,,,,,,,,
Manual-Fil-Macmic1,train,positive,manual_recording,real Macmic positive,located,48000,30.421333333333333,0.0,0.9945131705820477,-36.88850021362305,12.369388580322266,-25.83362617074103,-61.952905825369626,36.1192796546286,-26.208563509174365,36.451018303610894,-24.770284681120252,-5.041667729157453,-4.00538952441056,-6.493994708545898,-16.092902028225538,-14.309174934505656
Manual-Fil-Macmic2,train,positive,manual_recording,real Macmic positive,located,48000,37.888,0.0,0.9974524695594031,-28.452106475830078,-3.9476394653320312,-18.972358171763616,-47.736476052960455,28.76411788119684,-21.015455088748876,27.036726803043134,-33.428355440672085,-12.888481493431144,-6.162074470556604,-2.9040695410756143,-8.271447680572265,-13.480560038111832
Manual-Fil-Phonemic1,test,positive,manual_recording,real Phonemic positive,located,48000,4.586666666666667,0.0,0.9953851744186046,-32.449764251708984,12.985527038574219,-22.62315122253887,-56.85266298101151,34.22951175847264,-22.757070750112007,34.56246285766254,-36.99929636360561,-4.68225607879338,-2.294911783191438,-15.91717301072098,-16.456024207977464,-16.61194636068953
Manual-Fil-Phonemic2,validation,positive,manual_recording,real Phonemic positive,located,48000,2.56,0.0,0.9900390625,-24.993118286132812,-4.286235809326172,-18.240249249906086,-51.32379371781511,33.08354446790902,-18.857016522164734,32.16641124891731,-38.95121897586476,-3.8601380059440373,-3.5109803823764167,-12.171646852709763,-13.779310679779293,-13.910063507427857
Manual-Fil-Phonemic3,train,positive,manual_recording,real Phonemic positive,located,48000,25.429333333333332,0.0,0.9955956375838926,-34.881492614746094,-5.250823974609375,-25.590782538426996,-57.54233304722182,31.95155050879482,-26.953000245475135,31.55281966963243,-16.134477666295652,-7.480007958786942,-3.6009142397954435,-5.0008361524090645,-14.80599198131609,-19.453759430307564
Manual-Fil-RPI1,train,positive,manual_recording,real RPI positive,located,48000,1.792,0.0,0.9913853236607143,-25.453750610351562,-22.994205474853516,-18.760924242372635,-55.13787624007496,36.37695199770232,-19.82162563658994,37.03088019519468,-39.056187394405825,-11.492442811648992,-4.342176104858368,-3.984067613239219,-9.33842677575094,-13.469016674693677
Manual-Fil-RPI10,train,positive,manual_recording,real RPI positive,located,48000,1.5786666666666667,0.0,0.9959749788851351,-39.85498046875,30.396644592285156,-39.28368525722209,-53.7348970648601,14.45121180763801,-42.66555220222694,11.585481699547906,-21.84521044408465,-17.40774410899638,-9.57712678187444,-1.8313998800917375,-7.034919871491461,-19.50475334980004
Manual-Fil-RPI11,validation,positive,manual_recording,real RPI positive,located,48000,1.4933333333333334,0.0,0.9958147321428571,-49.90632629394531,4.161159515380859,-46.028156566441766,-53.1965189782359,7.168362411794135,-47.23279746407956,6.40169591176695,-18.936098344078587,-11.062932245142331,-4.770965331509487,-5.466381625726299,-5.880962869434796,-14.764548146274798
Manual-Fil-RPI12,train,positive,manual_recording,real RPI positive,located,48000,1.4826666666666666,0.0,0.997470773381295,-38.82688903808594,-8.910980224609375,-32.4495945706308,-51.475308549542035,19.025713978911234,-32.478874087204936,19.223316275217,-30.341272901593562,-9.285509202309292,-3.417572623849175,-5.512352276944014,-9.77500677973699,-14.023521863748947
Manual-Fil-RPI13,validation,negative,manual_recording,real RPI negative (relabelled),n/a,48000,1.2373333333333334,0.0,0.9962789601293104,-34.47200012207031,-0.36540985107421875,-27.258795192164065,-54.64656819042559,27.387772998261525,,,,,,,,
Manual-Fil-RPI14,validation,positive,manual_recording,real RPI positive,located,48000,1.4293333333333333,0.0,0.9967059235074627,-46.089027404785156,-3.7699623107910156,-39.784611719057445,-52.92656915011783,13.141957431060383,-42.3654721751682,8.131106312038092,-20.326634470307624,-3.498829700508068,-5.680036940575995,-8.292955207047875,-10.353141327066375,-14.790502674053478
Manual-Fil-RPI15,validation,positive,manual_recording,real RPI positive,located,48000,1.472,0.0,0.9957257699275363,-45.925682067871094,-1.5642662048339844,-38.32630463562705,-53.53167498485151,15.205370349224467,-39.9225331290502,13.043264132340454,-17.29437515988323,-10.207032123155123,-7.9350314222305585,-6.20062949674799,-5.533535538589529,-6.869488298933092
Manual-Fil-RPI16,train,positive,manual_recording,real RPI positive,located,48000,1.696,0.0,0.9963271422955975,-47.418766021728516,-0.34891510009765625,-41.03271871402237,-52.31339485452542,11.280676140503047,-43.12668036552036,9.723645481481427,-20.901884479351992,-10.584664135068106,-7.656595320953095,-3.5842894767723052,-5.964940940935058,-13.807164413605612
Manual-Fil-RPI17,train,positive,manual_recording,real RPI positive,located,48000,1.8986666666666667,0.0,0.9962693117977528,-49.669525146484375,6.566982269287109,-46.22311116862881,-51.94275516932212,5.719644000693307,-48.054101559578704,4.006639884532483,-20.29350113323749,-8.858144165525289,-6.666187258350103,-5.954386980203971,-4.786831347828965,-12.281460414338518
Manual-Fil-RPI18,train,positive,manual_recording,real RPI positive,located,48000,1.9093333333333333,0.0,0.9962683310055865,-49.65266418457031,6.594146728515625,-46.32956208443511,-51.92150838886313,5.591946304428021,-47.36101715180551,4.909366105221096,-20.590737704193007,-10.547838798287504,-6.732867913184528,-5.643338884739215,-4.358763834616809,-12.86435537041924
Manual-Fil-RPI19,validation,positive,manual_recording,real RPI positive,owner_confirmed_unlocated,48000,1.1946666666666668,0.0,0.9969831194196429,-48.38926696777344,0.7850112915039062,-45.165023983266096,-50.32553478965465,5.160510806388551,,,,,,,,
Manual-Fil-RPI2,train,positive,manual_recording,real RPI positive,located,48000,1.9413333333333334,0.0,0.9914362980769231,-29.637359619140625,22.432119369506836,-26.547855789626745,-57.244846303162454,30.69699051353571,-28.402288282040534,25.262104944473858,-33.171629213797075,-13.332374645674712,-1.2730074208203845,-12.248484787429355,-12.087620518525839,-10.668289115723255
Manual-Fil-RPI20,test,positive,manual_recording,real RPI positive,owner_confirmed_unlocated,48000,1.1306666666666667,0.0,0.9964069870283019,-48.185821533203125,-0.8196220397949219,-45.51898614695431,-49.93750753084247,4.418521383888155,,,,,,,,
Manual-Fil-RPI21,test,positive,manual_recording,real RPI positive,owner_confirmed_unlocated,48000,1.312,0.0,0.9975546239837398,-44.31398010253906,-1.0885505676269531,-37.27946289240536,-48.93541408700034,11.655951194594977,,,,,,,,
Manual-Fil-RPI22,test,positive,manual_recording,real RPI positive,owner_confirmed_unlocated,48000,1.3226666666666667,0.0,0.9987871723790323,-28.923961639404297,-13.149742126464844,-23.03301869169568,-48.73999159672492,25.70697290502924,,,,,,,,
Manual-Fil-RPI23,train,positive,manual_recording,real RPI positive,located,48000,13.536,0.0,0.9961537751182034,-46.45398712158203,-1.6978683471679688,-36.502892307719016,-52.52059080560969,16.017698497890677,-42.66662424370083,10.457545340133713,-17.323915711475692,-9.692144326323962,-7.295522017862588,-4.381326612848582,-5.533864271428087,-13.620810779432794
Manual-Fil-RPI24,test,positive,manual_recording,real RPI positive,located,48000,1.4613333333333334,0.0,0.9947108804744526,-33.435340881347656,-7.947685241699219,-25.53986693987498,-51.13523595408337,25.59536901420839,-25.565992880193992,25.92056418011906,-31.45850171985839,-9.62719150174761,-8.954988624664253,-1.4429188722596962,-14.13049206661685,-21.442779636161976
Manual-Fil-RPI25,train,positive,manual_recording,real RPI positive,located,48000,3.6906666666666665,0.0,0.996438087066474,-38.74730682373047,-2.6973953247070312,-29.572346769066353,-52.24971498763271,22.677368218566354,-29.425710972892748,22.851834884353938,-28.92748207274831,-9.93628258288792,-8.659589275032083,-2.1061171824473135,-10.037802778842739,-13.351314020029982
Manual-Fil-RPI26,train,positive,manual_recording,real RPI positive,located,48000,1.8026666666666666,0.0,0.9953194341715976,-36.33880615234375,-5.2463226318359375,-28.75195792386707,-51.3336110712941,22.58165314742703,-28.658041757428297,23.083593327527712,-32.869661347456166,-4.579101059959314,-7.7601067643009,-3.656539466513898,-17.7733897619422,-14.435011137134772
Manual-Fil-RPI27,train,positive,manual_recording,real RPI positive,located,48000,2.7306666666666666,0.0,0.9980545043945312,-36.26677703857422,-3.6557388305664062,-25.868888294816443,-51.69328737053503,25.82439907571859,-32.2482131262416,19.563703029843218,-20.70434386555191,-4.338713620461462,-4.29937243142885,-7.94500919347287,-13.074612898223961,-13.778246740299224
Manual-Fil-RPI28,train,positive,manual_recording,real RPI positive,located,48000,2.965333333333333,0.0,0.9979836443345323,-39.14286804199219,-4.456787109375,-30.34531503533083,-52.58421380738275,22.238898772051922,-33.91483366819615,18.70621239220398,-20.300025717343715,-5.357133107612427,-8.895187674967787,-10.63097872836856,-7.405878149043836,-5.196558874979665
Manual-Fil-RPI29,validation,positive,manual_recording,real RPI positive,located,48000,1.6533333333333333,0.0,0.9960433467741936,-46.82609176635742,-6.4497222900390625,-40.89225620413416,-55.1189963385392,14.226740134405034,-43.20226239194908,12.695510968806865,-20.717052756824238,-9.61630806042347,-6.770816663136301,-2.222915748271234,-12.313990028084401,-18.581327805416073
Manual-Fil-RPI3,validation,positive,manual_recording,real RPI positive,located,48000,1.568,0.0,0.993967899659864,-31.232261657714844,23.255220413208008,-27.49487929083472,-54.793304485784226,27.298425194949505,-28.991227010620328,28.1467633839655,-32.1506406270046,-14.172678523666981,-1.6838855275913502,-7.758156526797187,-12.50111170180621,-12.309898715515345
Manual-Fil-RPI30,train,positive,manual_recording,real RPI positive,located,48000,1.696,0.0,0.9957129520440252,-46.50062561035156,-0.5378227233886719,-39.89515993359998,-54.94817606513235,15.053016131532374,-41.50257947045646,13.85783694724919,-24.31840780083663,-17.85998207459931,-7.250003781826322,-1.6802670094033942,-11.197500589087404,-14.376585718170183
Manual-Fil-RPI31,train,positive,manual_recording,real RPI positive,located,48000,2.112,0.0,0.9958767361111112,-47.308799743652344,-2.6529998779296875,-41.36064667345288,-55.508945395802,14.148298722349125,-41.99080821449437,14.194892574248122,-23.247584396508476,-15.62158199928183,-4.252678928503833,-2.670150985880248,-14.13709945728553,-18.87886432916703
Manual-Fil-RPI32,train,positive,manual_recording,real RPI positive,located,48000,2.1546666666666665,0.0,0.9954459313118812,-48.266685485839844,5.470710754394531,-39.7583997280724,-54.37190425320938,14.613504525136982,-42.87741690934708,11.693886347839616,-22.070004710845748,-18.0121606674245,-6.215098563392374,-2.064772641863698,-9.853646475478712,-18.572413467429257
Manual-Fil-RPI33,test,positive,manual_recording,real RPI positive,located,48000,1.5893333333333333,0.0,0.994782927852349,-52.69904327392578,-0.8708000183105469,-49.448315501491166,-55.94514913644224,6.496833634951074,-50.83707148433773,5.815949031086653,-15.109694890064297,-7.783475726723577,-7.924454127468767,-4.513829331528974,-5.747121289030318,-16.701962111631676
Manual-Fil-RPI34,train,positive,manual_recording,real RPI positive,located,48000,1.7706666666666666,0.0,0.9953642695783133,-44.679683685302734,4.1365814208984375,-37.11331163201289,-56.13588756276359,19.022575930750705,-38.04157104456653,18.758919922454794,-24.019846031110472,-19.14962482038734,-13.074002945627438,-2.1952881382590377,-4.85111842677135,-23.83825878360682
Manual-Fil-RPI35,train,positive,manual_recording,real RPI positive,located,48000,1.8773333333333333,0.0,0.989501953125,-51.15997314453125,7.374900817871094,-48.983371341209825,-54.887946876547325,5.9045755353375,-50.24417656748716,5.043642812186597,-14.41910520731911,-8.04587162710494,-4.037399779545101,-6.095411332417093,-8.861120362834892,-14.362804531741492
Manual-Fil-RPI36,train,positive,manual_recording,real RPI positive,located,48000,1.664,0.0,0.9964693509615384,-41.68476867675781,-7.180454254150391,-35.4336474870247,-55.18764216152265,19.753994674497953,-35.67784020759441,19.66942427326378,-28.131168284823133,-15.832704278949798,-1.7980410978848482,-9.278839148635676,-11.49739688645069,-9.119889335303625
Manual-Fil-RPI37,train,positive,manual_recording,real RPI positive,located,48000,1.6853333333333333,0.0,0.9960813884493671,-43.79112243652344,-4.944583892822266,-35.766101885205714,-55.91168186243302,20.145579977227307,-35.919455094429495,20.599498271880336,-23.967617829121224,-8.785894823373944,-6.001029291263869,-8.643187855974972,-7.864486854333752,-5.052606998104636
Manual-Fil-RPI38,train,positive,manual_recording,real RPI positive,located,48000,2.048,0.0,0.9949442545572916,-48.08017349243164,-0.4909095764160156,-39.35155504960344,-56.828112232292334,17.476557182688893,-42.01254405879422,14.692899514286715,-15.318494149620793,-12.000252476778762,-2.1081934943863274,-10.143077925992458,-9.236473608076132,-11.185680961808174
Manual-Fil-RPI39,train,positive,manual_recording,real RPI positive,located,48000,2.2613333333333334,0.0,0.9964991155660378,-44.19562911987305,-3.359375,-37.840443107676386,-55.567522253879275,17.72707914620289,-39.095594458647625,15.845955232772404,-18.685558638731784,-11.324555709644684,-0.7696071523744266,-14.026387509989725,-16.830006325731034,-18.288978278391404
Manual-Fil-RPI4,train,positive,manual_recording,real RPI positive,owner_confirmed_unlocated,48000,1.3226666666666667,0.0,0.9933845766129032,-33.57631301879883,-21.166454315185547,-26.276672291101765,-53.30873735456375,27.03206506346199,,,,,,,,
Manual-Fil-RPI40,train,negative,manual_recording,real RPI negative (relabelled),n/a,48000,1.8666666666666667,0.0,0.9934821428571429,-49.768733978271484,12.791324615478516,-43.911772976706885,-59.59050700045983,15.678734023752945,,,,,,,,
Manual-Fil-RPI41,train,positive,manual_recording,real RPI positive,located,48000,2.6773333333333333,0.0,0.9921330303784861,-46.30860900878906,28.744247436523438,-43.22248654073414,-61.53414891200059,18.31166237126645,-45.70180643901788,16.21736196589167,-20.20511618971386,-10.520947523445969,-4.103859523028042,-3.3507715604863435,-13.002642834527975,-31.685175415177035
Manual-Fil-RPI42,train,positive,manual_recording,real RPI positive,located,48000,1.6746666666666667,0.0,0.9873855493630573,-61.225013732910156,1.060638427734375,-59.382348493512694,-65.5741404167196,6.191791923206907,-60.92686969475083,4.694038506687924,-8.778491853306,-3.457829180282303,-6.93097401584728,-8.02086197793931,-13.481434874956502,-19.521252039611884
Manual-Fil-RPI43,train,positive,manual_recording,real RPI positive,located,48000,1.6853333333333333,0.0,0.9900860363924051,-57.85818099975586,-0.5701942443847656,-53.373713350364326,-63.085924664666884,9.712211314302557,-55.04482496476619,8.996195021144985,-11.373236529763194,-6.188366858183063,-9.91666679996824,-3.177554687487973,-10.409957614391157,-19.01627839639832
Manual-Fil-RPI44,train,positive,manual_recording,real RPI positive,located,48000,2.3466666666666667,0.0,0.9935901988636363,-51.747894287109375,-4.2651214599609375,-45.673677506048946,-62.5426917396829,16.869014233633955,-50.25431626997952,11.214278860211081,-6.9180940722163875,-1.98159762997793,-10.090693250712214,-14.397402236126423,-16.981798106404135,-20.585284633066088
Manual-Fil-RPI45,test,positive,manual_recording,real RPI positive,located,48000,1.5573333333333332,0.0,0.9921741224315068,-55.24547576904297,0.4184112548828125,-50.334585713200084,-59.24755742294563,8.912971709745548,-53.063575857691234,6.472177944709102,-13.53287510852116,-7.758167436900937,-8.041988033276919,-3.091708177603369,-8.767076511148392,-21.194468688481006
Manual-Fil-RPI46,train,positive,manual_recording,real RPI positive,located,48000,2.496,0.0,0.9974459134615384,-30.050987243652344,33.93659591674805,-34.1470637744815,-56.70147207570217,22.55440830122067,-35.647556541971426,19.67905105595098,-20.71999583341241,-13.009892002960555,-0.6070688834816451,-13.438181755302868,-16.61242952131581,-23.14069871174788
Manual-Fil-RPI47,train,positive,manual_recording,real RPI positive,located,48000,2.0906666666666665,0.0,0.9937121332908163,-54.243690490722656,-1.396942138671875,-48.99484982227891,-58.22914668382196,9.23429686154305,-51.852846348376545,6.517871616837553,-11.362616096080234,-7.658835595867458,-8.775919488332626,-2.8113841302096034,-10.651675068346869,-18.719231534947887
Manual-Fil-RPI48,train,positive,manual_recording,real RPI positive,located,48000,2.08,0.0,0.9937299679487179,-54.23408889770508,-0.5831756591796875,-49.150003200052595,-58.15169437323162,9.001691173179026,-52.23347519725442,6.625500238421424,-11.717978871525531,-7.91458808234907,-9.001661944932941,-2.629778132059336,-10.609284950526792,-19.033198128549092
Manual-Fil-RPI49,train,positive,manual_recording,real RPI positive,located,48000,1.9626666666666666,0.0,0.9952127207880435,-52.06253433227539,9.358509063720703,-49.85999916061235,-56.427776288379036,6.567777127766689,-51.347251284142615,5.157609645117155,-11.61758343674769,-7.504800281302298,-5.440543576362479,-4.732167402072417,-9.384211860736073,-17.914385784052747
Manual-Fil-RPI5,test,positive,manual_recording,real RPI positive,located,48000,1.6213333333333333,0.0,0.9988178453947368,-28.756990432739258,22.864856719970703,-27.523251746389846,-52.481151987106415,24.95790024071657,-30.77948440669523,13.469567964395448,-28.364445521781,-17.132350455660784,-1.869272248004748,-14.290225294905817,-8.685991257685309,-8.058161860342643
Manual-Fil-RPI50,train,positive,manual_recording,real RPI positive,located,48000,2.1546666666666665,0.0,0.9959583849009901,-45.384098052978516,0.9763412475585938,-35.742301382152114,-55.873325458539846,20.13102407638773,-38.463872947381496,17.826848998105987,-20.775120047303467,-16.177643837484013,-7.823143109193822,-4.156182574326273,-4.075829059770832,-15.656759492891062
Manual-Fil-RPI51,train,positive,manual_recording,real RPI positive,located,48000,1.856,0.0,0.9956672054597702,-51.79112243652344,-0.06312942504882812,-49.55848000776501,-55.372581783136035,5.814101775371022,-52.11589932718356,4.041924081148707,-8.953328511654583,-4.684866785510636,-7.077324808773632,-7.59097680217096,-8.610398631710453,-16.04405699645967
Manual-Fil-RPI52,train,positive,manual_recording,real RPI positive,located,48000,1.792,0.0,0.9959891183035714,-50.63134002685547,0.4212608337402344,-49.75807641089376,-54.0306477870318,4.272571376138046,-51.00166155711961,3.356457145094481,-7.820454623161972,-5.350367748839751,-5.998227864397844,-7.512687507882333,-10.657341638717703,-15.44411966329912
Manual-Fil-RPI53,train,positive,manual_recording,real RPI positive,located,48000,1.856,0.0,0.9966774425287356,-47.8816032409668,7.115333557128906,-43.16237359289917,-53.408705544241705,10.246331951342533,-44.699679414441576,8.911134333799964,-13.434452165049933,-7.982926937920205,-5.171027975600886,-4.197915063818236,-10.189689261956236,-18.118029836865045
Manual-Fil-RPI54,train,positive,manual_recording,real RPI positive,located,48000,2.1013333333333333,0.0,0.9959648635786802,-51.050010681152344,0.10421371459960938,-49.42840839397486,-53.77544929541629,4.347040901441424,-51.360271657730664,2.558808828257689,-9.575032359096173,-7.6760651366314505,-6.3092093743749516,-4.613026395257879,-9.73583856776905,-14.806830054061049
Manual-Fil-RPI55,train,positive,manual_recording,real RPI positive,located,48000,1.8026666666666666,0.0,0.9962208764792899,-49.665618896484375,0.353973388671875,-44.72520530324839,-52.72653592266137,8.001330619412983,-47.52295362306802,5.52953725849418,-14.820318996204854,-11.950579952324794,-6.990183633820468,-2.353840591142365,-9.795317817568268,-17.738794960848043
Manual-Fil-RPI56,train,positive,manual_recording,real RPI positive,located,48000,1.5573333333333332,0.0,0.9964950770547946,-48.78699493408203,-0.9496574401855469,-43.188215375495155,-53.31488873597691,10.126673360481753,-45.77812723633111,8.062126726643527,-16.153722563254064,-11.924897526201686,-6.306951127704103,-5.780170725288556,-3.9785387233889793,-18.794080513549083
Manual-Fil-RPI57,train,positive,manual_recording,real RPI positive,located,48000,1.9733333333333334,0.0,0.9973923141891892,-42.48419189453125,3.7387733459472656,-32.61870582195596,-51.34363400165404,18.724928179698075,-35.588924036875426,16.18349009240852,-23.982251032815544,-17.620688778973893,-8.928966224399517,-1.4082210029373243,-9.42726031251101,-18.672360950383062
Manual-Fil-RPI58,train,positive,manual_recording,real RPI positive,located,48000,1.664,0.0,0.9951923076923077,-52.33823776245117,0.0251617431640625,-50.5872764544395,-55.97397476263889,5.386698308199392,-51.45393547615779,4.752064855216737,-10.350941916798508,-3.7447083857840298,-7.463946686819831,-7.393917566154162,-10.544859428192101,-14.46025483173348
Manual-Fil-RPI59,train,positive,manual_recording,real RPI positive,located,48000,1.92,0.0,0.9961805555555555,-50.780487060546875,3.311023712158203,-49.03849033226936,-53.32725081962111,4.288760487351752,-51.20974823042687,2.1175025891942454,-11.847659852679719,-7.988414741554294,-5.829039878403375,-5.9542229348633064,-6.9749275376832465,-12.223310203127795
Manual-Fil-RPI6,validation,positive,manual_recording,real RPI positive,owner_confirmed_unlocated,48000,1.3866666666666667,0.0,0.9857271634615384,-40.035423278808594,16.116840362548828,-35.60739760718606,-56.11473948451635,20.50734187733029,,,,,,,,
Manual-Fil-RPI60,validation,positive,manual_recording,real RPI positive,located,48000,1.5786666666666667,0.0,0.9968327702702703,-48.00798034667969,-1.3995094299316406,-42.25941720701392,-53.16888251383394,10.909465306820024,-44.733437295106974,9.434963964609885,-13.921605220529116,-9.158110588302307,-6.387562573535057,-4.8857701361271,-6.073286502537496,-14.354810238340484
Manual-Fil-RPI61,train,positive,manual_recording,real RPI positive,located,48000,1.8986666666666667,0.0,0.9956219276685393,-50.89437484741211,-0.5301895141601562,-49.77865672248568,-53.194548685181154,3.4158919626954756,-50.89226446985805,2.710091560140299,-10.680741619735748,-7.054565886600766,-5.5276527908642095,-5.91378316257218,-9.097861333623484,-12.357425290015534
Manual-Fil-RPI62,train,positive,manual_recording,real RPI positive,located,48000,1.44,0.0,0.9973524305555556,-45.250099182128906,1.7377853393554688,-38.35660020334397,-55.65969529957221,17.30309509622824,-38.849674393861555,15.372974133530477,-9.885078834128265,-10.734319532247756,-4.130564200597483,-7.483734071291423,-6.911151344813639,-13.524952929026252
Manual-Fil-RPI63,train,positive,manual_recording,real RPI positive,located,48000,1.5893333333333333,0.0,0.9945076552013423,-39.37959289550781,-2.9400634765625,-32.862707144064515,-54.53805975221229,21.675352608147776,-33.70197095289411,22.472126703968826,-23.13457336893657,-11.61248178033955,-0.7361020616569434,-14.94331721080335,-17.527445009495448,-14.900519215692842
Manual-Fil-RPI64,test,positive,manual_recording,real RPI positive,located,48000,1.4293333333333333,0.0,0.9936450559701493,-47.86353302001953,1.6283645629882812,-44.830555741392494,-56.58528655654124,11.754730815148747,-46.678788971835445,9.428960360800964,-15.124382802279754,-8.428125798472465,-1.6531238597135562,-11.221654023668794,-13.472835880288837,-16.613409705995085
Manual-Fil-RPI7,train,positive,manual_recording,real RPI positive,owner_confirmed_unlocated,48000,1.216,0.0,0.9976870888157895,-42.187713623046875,-11.68572998046875,-36.88656145958764,-51.779268786130984,14.892707326543345,,,,,,,,
Manual-Fil-RPI8,train,positive,manual_recording,real RPI positive,owner_confirmed_unlocated,48000,1.3866666666666667,0.0,0.9938551682692308,-35.523460388183594,-16.99901580810547,-29.42777787490452,-56.56975141985782,27.141973544953302,,,,,,,,
Manual-Fil-RPI9,test,positive,manual_recording,real RPI positive,located,48000,1.568,0.0,0.9912840136054422,-28.86754608154297,27.343547821044922,-29.974425113138885,-53.825999685035626,23.85157457189674,-32.60776002377,20.635498851080122,-24.75002279258662,-6.410901074358321,-3.92412895674218,-12.961903039577194,-6.587064448105657,-10.313973356426985
en_GB-alan-medium_spd0.85_pit-2,test,positive,tts_synth,synthetic TTS positive,located,22050,1.0448979591836736,4.340277777777778e-05,0.9956163194444444,-17.236515045166016,,-12.202661785252305,-35.3475411436066,23.144879358354295,-13.117558044137642,58.68174895968971,,,,,,
en_GB-alan-medium_spd0.85_pit0,test,positive,tts_synth,synthetic TTS positive,located,22050,1.0565079365079366,4.292582417582418e-05,0.9908567994505495,-15.013677597045898,,-10.072944321616102,-44.286781538661124,34.213837217045025,-10.71518185736174,60.2288259687941,,,,,,
en_GB-alan-medium_spd0.85_pit2,test,positive,tts_synth,synthetic TTS positive,located,22050,1.0100680272108844,0.0,0.9988326149425287,-17.9597110748291,,-12.803088560321742,-33.93405340200169,21.130964841679948,-14.771194727886893,44.08642683414943,,,,,,
en_GB-alan-medium_spd1.0_pit-2,test,positive,tts_synth,synthetic TTS positive,located,22050,0.8823582766439909,0.0,0.9975328947368421,-15.893343925476074,,-10.552649074470713,-36.066410335865385,25.51376126139467,-11.88090540706421,55.183819464746456,,,,,,
en_GB-alan-medium_spd1.0_pit0,test,positive,tts_synth,synthetic TTS positive,located,22050,0.9287981859410431,4.8828125e-05,0.99296875,-15.910367965698242,,-10.460953890269701,-40.508556403869804,30.047602513600104,-12.117665007636196,61.70378931104786,,,,,,
en_GB-alan-medium_spd1.0_pit2,test,positive,tts_synth,synthetic TTS positive,located,22050,0.9636281179138322,0.0,0.9974115210843374,-16.588220596313477,,-11.906676907313802,-40.05673643413509,28.150059526821288,-12.86234006704776,54.692577103727594,,,,,,
en_GB-alan-medium_spd1.15_pit-2,test,positive,tts_synth,synthetic TTS positive,located,22050,0.8243083900226758,0.0,0.9985145246478874,-15.600439071655273,,-10.95045968510632,-34.53844332200991,23.58798363690359,-12.11482215270325,50.86421708311858,,,,,,
en_GB-alan-medium_spd1.15_pit0,test,positive,tts_synth,synthetic TTS positive,located,22050,0.8126984126984127,5.580357142857143e-05,0.992578125,-15.713948249816895,,-11.727124661622382,-36.94271773639811,25.215593074775725,-12.799880021730782,58.35127675273188,,,,,,
en_GB-alan-medium_spd1.15_pit2,test,positive,tts_synth,synthetic TTS positive,located,22050,0.8243083900226758,0.0,0.9984044894366197,-16.972867965698242,,-11.338331327776334,-32.98830537804911,21.649974050272778,-12.771146384780817,45.69355016295198,,,,,,
en_US-amy-medium_spd0.85_pit-2,validation,positive,tts_synth,synthetic TTS positive,located,22050,0.9984580498866213,0.0,0.9939135174418605,-17.045475006103516,,-9.221926454837154,-41.52945774119539,32.307531286358234,-10.553883633462679,63.509065895524145,,,,,,
en_US-amy-medium_spd0.85_pit0,validation,positive,tts_synth,synthetic TTS positive,located,22050,1.0797278911564625,4.2002688172043014e-05,0.9880292338709677,-14.647750854492188,,-8.091982933090067,-50.73172111762731,42.639738184537244,-9.207169989532817,61.77456992765171,,,,,,
en_US-amy-medium_spd0.85_pit2,validation,positive,tts_synth,synthetic TTS positive,located,22050,0.9752380952380952,0.0,0.9954892113095238,-17.056747436523438,,-10.23975259261562,-39.82932104341197,29.589568450796353,-11.576325845393717,62.213777882565715,,,,,,
en_US-amy-medium_spd1.0_pit-2,validation,positive,tts_synth,synthetic TTS positive,located,22050,0.9520181405895691,4.763719512195122e-05,0.9933307926829268,-16.58749771118164,,-8.74946469545537,-43.51426692278499,34.764802227329625,-9.742372583633063,63.54470067872186,,,,,,
en_US-amy-medium_spd1.0_pit0,validation,positive,tts_synth,synthetic TTS positive,located,22050,0.9868480725623583,9.191176470588235e-05,0.9841452205882353,-14.801087379455566,,-8.071837434287156,-53.19452366373157,45.12268622944442,-8.979619156420183,62.44894810750404,,,,,,
en_US-amy-medium_spd1.0_pit2,validation,positive,tts_synth,synthetic TTS positive,located,22050,0.893968253968254,0.0,0.994825487012987,-17.465167999267578,,-10.756283655689677,-35.863779707874734,25.107496052185056,-12.53724727334394,60.386326794533076,,,,,,
en_US-amy-medium_spd1.15_pit-2,validation,positive,tts_synth,synthetic TTS positive,located,22050,0.8359183673469388,0.0,0.9952799479166666,-16.22694969177246,,-9.14999256902842,-36.19880474597446,27.048812176946043,-9.72468598228001,61.99456965256627,,,,,,
en_US-amy-medium_spd1.15_pit0,validation,positive,tts_synth,synthetic TTS positive,located,22050,0.8475283446712019,5.351027397260274e-05,0.9899935787671232,-15.295037269592285,,-8.497006668063676,-48.50325864217303,40.006251974109354,-9.596681275764972,59.79058646525045,,,,,,
en_US-amy-medium_spd1.15_pit2,validation,positive,tts_synth,synthetic TTS positive,located,22050,0.8591383219954648,0.0,0.9947740709459459,-15.877528190612793,,-8.82291834928321,-37.501585597064654,28.678667247781444,-9.604039484975534,63.2366764550014,,,,,,
en_US-lessac-medium_spd0.85_pit-2,train,positive,tts_synth,synthetic TTS positive,located,22050,0.893968253968254,0.0,0.9497260551948052,-18.06416893005371,,-8.83113917863182,-64.9019929196691,56.070853741037276,-12.393655103835982,78.33371577182092,,,,,,
en_US-lessac-medium_spd0.85_pit0,train,positive,tts_synth,synthetic TTS positive,located,22050,0.9287981859410431,4.8828125e-05,0.954541015625,-14.548521041870117,,-7.625935424506503,-54.25710518617639,46.63116976166989,-8.90146129791154,78.4607279832053,,,,,,
en_US-lessac-medium_spd1.0_pit0,train,positive,tts_synth,synthetic TTS positive,located,22050,0.7778684807256235,5.830223880597015e-05,0.9630363805970149,-13.570008277893066,,-7.406125089288877,-55.90563226050471,48.49950717121583,-8.702953551573158,74.0752230976244,,,,,,
en_US-lessac-medium_spd1.15_pit-2,train,positive,tts_synth,synthetic TTS positive,located,22050,0.7198185941043084,0.0,0.9747353830645161,-17.585094451904297,,-10.052906121893376,-45.670929996842716,35.618023874949344,-12.145989275187876,75.33539678045673,,,,,,
en_US-lessac-medium_spd1.15_pit0,train,positive,tts_synth,synthetic TTS positive,located,22050,0.7198185941043084,6.300403225806451e-05,0.9477696572580645,-14.7174654006958,,-7.972198587529447,-56.001636286209596,48.02943769868015,-9.055395503081023,76.55478231503977,,,,,,
en_US-lessac-medium_spd1.15_pit2,train,positive,tts_synth,synthetic TTS positive,located,22050,0.6849886621315193,0.0,0.9909957627118644,-19.44830322265625,,-13.275764218699985,-39.61863509621128,26.342870877511295,-14.645562896725785,62.44688101875399,,,,,,
en_US-ryan-medium_spd0.85_pit-2,train,positive,tts_synth,synthetic TTS positive,located,22050,0.6501587301587302,0.0,0.9997209821428571,-15.31279468536377,,-9.05661298141592,-30.068163199633553,21.011550218217632,,,,,,,,
en_US-ryan-medium_spd0.85_pit0,train,positive,tts_synth,synthetic TTS positive,located,22050,0.6733786848072563,6.734913793103448e-05,0.9991244612068966,-14.222345352172852,,-8.53335229064763,-35.10417625949852,26.570823968850895,,,,,,,,
en_US-ryan-medium_spd0.85_pit2,train,positive,tts_synth,synthetic TTS positive,located,22050,0.626938775510204,0.0,0.9996383101851852,-15.576043128967285,,-9.561462412591892,-29.383344806974144,19.82188239438225,,,,,,,,
en_US-ryan-medium_spd1.0_pit0,train,positive,tts_synth,synthetic TTS positive,located,22050,0.615328798185941,7.370283018867924e-05,0.9990418632075472,-13.411895751953125,,-7.21216651857741,-29.135559847325986,21.923393328748574,,,,,,,,
en_US-ryan-medium_spd1.0_pit2,train,positive,tts_synth,synthetic TTS positive,located,22050,0.6501587301587302,0.0,0.9998604910714286,-16.12809944152832,,-9.677597547005423,-30.264084610949357,20.586487063943935,,,,,,,,
en_US-ryan-medium_spd1.15_pit0,train,positive,tts_synth,synthetic TTS positive,located,22050,0.603718820861678,7.512019230769231e-05,0.9993239182692307,-12.874979019165039,,-7.749111854772629,-34.73861813462901,26.98950627985638,,,,,,,,
en_US-ryan-medium_spd1.15_pit2,train,positive,tts_synth,synthetic TTS positive,located,22050,0.6385487528344671,0.0,0.9997869318181818,-17.424829483032227,,-11.890696788784307,-29.687119227043812,17.796422438259505,,,,,,,,
fil-PH-AngeloNeural_spd0.85_pit-2,train,positive,tts_synth,synthetic TTS positive,located,24000,1.968,0.0,0.924754403794038,-22.941635131835938,,-19.199606564185594,-101.60545287120785,82.40584630702224,-19.625621658233445,82.66306872199682,,,,,,
fil-PH-AngeloNeural_spd0.85_pit0,train,positive,tts_synth,synthetic TTS positive,located,24000,1.968,0.0,0.924754403794038,-22.761106491088867,,-15.640989056277986,-102.15749667204632,86.51650761576833,-15.997984170432117,86.60353476305673,,,,,,
fil-PH-AngeloNeural_spd0.85_pit2,train,positive,tts_synth,synthetic TTS positive,located,24000,1.968,0.0,0.924754403794038,-22.80583381652832,,-13.643014517267396,-101.83340294390676,88.19038842663937,-13.739576924082877,88.78869033408775,,,,,,
fil-PH-AngeloNeural_spd1.0_pit-2,train,positive,tts_synth,synthetic TTS positive,located,24000,1.872,0.0,0.9743144586894587,-23.422592163085938,,-19.067937211232373,-102.10992084683934,83.04198363560697,-19.89068495662005,82.55629297582003,,,,,,
fil-PH-AngeloNeural_spd1.0_pit0,train,positive,tts_synth,synthetic TTS positive,located,24000,1.872,0.0,0.9743144586894587,-23.202802658081055,,-15.573542629728196,-101.93689015128976,86.36334752156156,-15.62267525453635,86.40013891408493,,,,,,
fil-PH-AngeloNeural_spd1.0_pit2,train,positive,tts_synth,synthetic TTS positive,located,24000,1.872,0.0,0.9743144586894587,-23.30815887451172,,-13.754153337984285,-102.15265722826071,88.39850389027643,-13.990937724453582,88.29406916327922,,,,,,
fil-PH-AngeloNeural_spd1.15_pit0,train,positive,tts_synth,synthetic TTS positive,located,24000,1.872,0.0,0.9743144586894587,-23.87120246887207,,-15.593911852682101,-102.03790257978352,86.44399072710142,-15.982168194668779,86.31605920730999,,,,,,
fil-PH-AngeloNeural_spd1.15_pit2,train,positive,tts_synth,synthetic TTS positive,located,24000,1.872,0.0,0.9743144586894587,-23.821212768554688,,-14.070994806324563,-101.71517707613978,87.64418226981522,-14.127015416299393,87.81701008376584,,,,,,
fil-PH-BlessicaNeural_spd0.85_pit-2,train,positive,tts_synth,synthetic TTS positive,located,24000,2.088,0.0,0.6072397828863346,-21.647933959960938,,-12.916732260965519,-180.0,167.08326773903448,-13.261600895983674,166.73839910401634,,,,,,
fil-PH-BlessicaNeural_spd0.85_pit0,train,positive,tts_synth,synthetic TTS positive,located,24000,2.112,0.0,0.8730666035353535,-21.683879852294922,,-12.174920367694805,-102.13472211348335,89.95980174578854,-12.31684176964233,140.6561724053293,,,,,,
fil-PH-BlessicaNeural_spd0.85_pit2,train,positive,tts_synth,synthetic TTS positive,located,24000,2.112,0.0,0.8730666035353535,-21.657163619995117,,-12.225991586489501,-101.89906152664912,89.67306994015962,-12.786325540504992,135.7326866805939,,,,,,
fil-PH-BlessicaNeural_spd1.0_pit-2,train,positive,tts_synth,synthetic TTS positive,located,24000,1.872,0.0,0.9743144586894587,-21.891101837158203,,-12.789321653209369,-101.83107532626418,89.04175367305481,-13.076396093353258,88.97374213030011,,,,,,
fil-PH-BlessicaNeural_spd1.0_pit0,train,positive,tts_synth,synthetic TTS positive,located,24000,1.872,0.0,0.9743144586894587,-21.902889251708984,,-12.05360078570189,-101.98923758617292,89.93563680047103,-12.683816057941527,89.81789669085701,,,,,,
fil-PH-BlessicaNeural_spd1.0_pit2,train,positive,tts_synth,synthetic TTS positive,located,24000,1.872,0.0,0.9743144586894587,-21.783119201660156,,-11.779157273368844,-101.84537766374271,90.06622039037387,-12.661524989596153,89.67980780573782,,,,,,
fil-PH-BlessicaNeural_spd1.15_pit-2,train,positive,tts_synth,synthetic TTS positive,located,24000,1.872,0.0,0.9871349715099715,-22.444061279296875,,-13.029164426116528,-101.98771305949441,88.95854863337789,-13.240927189730407,88.87982931867779,,,,,,
fil-PH-BlessicaNeural_spd1.15_pit0,train,positive,tts_synth,synthetic TTS positive,located,24000,1.872,0.0,0.9871349715099715,-22.464218139648438,,-12.213044366770852,-101.89281629784176,89.67977193107092,-12.570096544813484,89.54178013866678,,,,,,
fil-PH-BlessicaNeural_spd1.15_pit2,train,positive,tts_synth,synthetic TTS positive,located,24000,1.872,0.0,0.9871349715099715,-22.41521453857422,,-12.537092169264085,-101.87364137449583,89.33654920523175,-12.647008905110399,89.32766046504608,,,,,,
id_ID-news_tts-medium_spd0.85_pit0,train,positive,tts_synth,synthetic TTS positive,located,22050,1.0448979591836736,4.340277777777778e-05,0.9974392361111111,-15.216225624084473,,-8.074511166256597,-55.320464137373314,47.245952971116715,-9.901648042625938,67.51135433745854,,,,,,
id_ID-news_tts-medium_spd1.15_pit0,train,positive,tts_synth,synthetic TTS positive,located,22050,0.8359183673469388,5.425347222222222e-05,0.9984809027777778,-14.146562576293945,,-6.572764634707969,-46.24082090884996,39.66805627414199,,,,,,,,
conf_00523,train,negative,tts_synthetic_phonetic_nearmiss,synthetic negative_confusable,n/a,22050,0.8126984126984127,0.0,0.9950892857142857,-17.99919319152832,,-12.489907607904826,-37.23842850804833,24.748520900143504,,,,,,,,
conf_00554,train,negative,tts_synthetic_phonetic_nearmiss,synthetic negative_confusable,n/a,24000,1.872,0.0,0.7329059829059829,-25.612821578979492,,-18.424682228202858,-101.94580290008072,83.52112067187787,,,,,,,,
conf_00038,validation,negative,tts_synthetic_phonetic_nearmiss,synthetic negative_confusable,n/a,22050,0.9520181405895691,0.0,0.999094893292683,-17.223430633544922,,-12.046982693735934,-34.150743284826454,22.10376059109052,,,,,,,,
conf_01151,train,negative,tts_synthetic_phonetic_nearmiss,synthetic negative_confusable,n/a,22050,0.9520181405895691,0.0,0.9988567073170732,-19.352901458740234,,-12.66161918329464,-45.32330676377304,32.6616875804784,,,,,,,,
conf_00257,train,negative,tts_synthetic_phonetic_nearmiss,synthetic negative_confusable,n/a,22050,0.7546485260770975,0.0,0.9982572115384616,-15.861111640930176,,-8.344653237701475,-40.57272265859264,32.22806942089116,,,,,,,,
conf_00461,validation,negative,tts_synthetic_phonetic_nearmiss,synthetic negative_confusable,n/a,24000,1.872,0.0,0.7591924857549858,-25.545345306396484,,-17.663107859458357,-101.07065557025817,83.4075477107998,,,,,,,,
conf_00966,train,negative,tts_synthetic_phonetic_nearmiss,synthetic negative_confusable,n/a,22050,0.9520181405895691,0.0,0.9992854420731707,-17.852121353149414,,-9.504781652418288,-43.65402412715391,34.14924247473562,,,,,,,,
conf_00621,test,negative,tts_synthetic_phonetic_nearmiss,synthetic negative_confusable,n/a,24000,2.064,0.0,0.7605377906976745,-25.838409423828125,,-15.107566001183702,-101.8505572955745,86.7429912943908,,,,,,,,
conf_00224,validation,negative,tts_synthetic_phonetic_nearmiss,synthetic negative_confusable,n/a,24000,1.872,0.0,0.7084223646723646,-25.073253631591797,,-17.437102033671483,-102.06521094850461,84.62810891483313,,,,,,,,
conf_01109,validation,negative,tts_synthetic_phonetic_nearmiss,synthetic negative_confusable,n/a,22050,0.8475283446712019,0.0,0.9998394691780822,-16.62187957763672,,-10.584532565067974,-24.172859214846515,13.58832664977854,,,,,,,,
conf_00127,train,negative,tts_synthetic_phonetic_nearmiss,synthetic negative_confusable,n/a,16000,0.848,0.0,0.9986733490566038,-14.797533988952637,,-9.095792566886924,-41.35322781482114,32.25743524793421,,,,,,,,
conf_00411,validation,negative,tts_synthetic_phonetic_nearmiss,synthetic negative_confusable,n/a,22050,0.9520181405895691,0.0,0.9997141768292683,-18.1342830657959,,-10.038430666720522,-49.63972878302654,39.60129811630602,,,,,,,,
conf_00790,train,negative,tts_synthetic_phonetic_nearmiss,synthetic negative_confusable,n/a,22050,0.9404081632653061,0.0,0.9997106481481481,-16.26266860961914,,-9.720330980936987,-35.723693082633126,26.00336210169614,,,,,,,,
conf_00334,train,negative,tts_synthetic_phonetic_nearmiss,synthetic negative_confusable,n/a,24000,1.872,0.0,0.7684962606837606,-25.117902755737305,,-18.181601281342537,-100.63145726444598,82.44985598310345,,,,,,,,
conf_00072,train,negative,tts_synthetic_phonetic_nearmiss,synthetic negative_confusable,n/a,22050,0.9404081632653061,0.0,0.9914641203703703,-16.050960540771484,,-10.285493561518502,-52.767644295720324,42.482150734201824,,,,,,,,
conf_00508,train,negative,tts_synthetic_phonetic_nearmiss,synthetic negative_confusable,n/a,22050,0.6501587301587302,0.0,0.9967912946428571,-20.440479278564453,,-16.22293806380414,-37.01256847079672,20.789630406992583,,,,,,,,
conf_00181,train,negative,tts_synthetic_phonetic_nearmiss,synthetic negative_confusable,n/a,22050,0.9984580498866213,0.0,0.9998637354651163,-17.72689437866211,,-11.017965220776828,-39.14405145483604,28.12608623405921,,,,,,,,
conf_00484,train,negative,tts_synthetic_phonetic_nearmiss,synthetic negative_confusable,n/a,16000,1.008,0.0,0.9989459325396826,-20.59488296508789,,-13.063368456032553,-31.572390159456454,18.5090217034239,,,,,,,,
conf_00921,train,negative,tts_synthetic_phonetic_nearmiss,synthetic negative_confusable,n/a,22050,1.1029478458049886,0.0,0.9951891447368421,-18.206951141357422,,-12.739646259844157,-49.175918448077034,36.43627218823288,,,,,,,,
conf_00657,train,negative,tts_synthetic_phonetic_nearmiss,synthetic negative_confusable,n/a,24000,1.872,0.0,0.7963630698005698,-22.735977172851562,,-16.28221061874048,-100.44046609636463,84.15825547762415,,,,,,,,
conf_00335,train,negative,tts_synthetic_phonetic_nearmiss,synthetic negative_confusable,n/a,22050,0.8243083900226758,0.0,0.9552156690140845,-16.212366104125977,,-9.603131835226302,-53.858559118004905,44.255427282778605,,,,,,,,
conf_00442,validation,negative,tts_synthetic_phonetic_nearmiss,synthetic negative_confusable,n/a,22050,0.626938775510204,0.0,0.9653501157407407,-20.555450439453125,,-12.353648291531748,-64.64219345655117,52.28854516501942,,,,,,,,
conf_00673,train,negative,tts_synthetic_phonetic_nearmiss,synthetic negative_confusable,n/a,22050,0.8823582766439909,0.0,0.9937294407894737,-14.802422523498535,,-9.30064886185083,-43.87775678947926,34.577107927628425,,,,,,,,
conf_00296,train,negative,tts_synthetic_phonetic_nearmiss,synthetic negative_confusable,n/a,16000,1.408,0.0,0.99951171875,-14.794716835021973,,-9.897130019440805,-23.723573744065956,13.82644372462515,,,,,,,,
conf_00492,train,negative,tts_synthetic_phonetic_nearmiss,synthetic negative_confusable,n/a,22050,0.8126984126984127,0.0,0.9994419642857143,-15.402746200561523,,-7.56531248484826,-53.11032150506938,45.545009020221116,,,,,,,,
conf_01101,train,negative,tts_synthetic_phonetic_nearmiss,synthetic negative_confusable,n/a,22050,1.207437641723356,0.0,0.9962439903846154,-21.75113296508789,,-15.451565624512227,-36.47460707829974,21.023041453787513,,,,,,,,
conf_00555,train,negative,tts_synthetic_phonetic_nearmiss,synthetic negative_confusable,n/a,22050,0.5224489795918368,0.0,0.9997395833333333,-13.725022315979004,,-8.244144060044043,-31.084006853104867,22.839862793060824,,,,,,,,
conf_00424,train,negative,tts_synthetic_phonetic_nearmiss,synthetic negative_confusable,n/a,22050,0.8243083900226758,0.0004951584507042253,0.9418463908450704,-16.075206756591797,,-7.902442142285648,-81.63901734897267,73.73657520668702,,,,,,,,
conf_00664,train,negative,tts_synthetic_phonetic_nearmiss,synthetic negative_confusable,n/a,24000,2.256,0.0,0.7285202423167849,-25.198978424072266,,-16.124860049689815,-102.15079476587282,86.025934716183,,,,,,,,
conf_00161,train,negative,tts_synthetic_phonetic_nearmiss,synthetic negative_confusable,n/a,24000,1.872,0.0,0.7757745726495726,-22.824661254882812,,-13.16199059436064,-100.21361311642708,87.05162252206644,,,,,,,,
conf_00387,test,negative,tts_synthetic_phonetic_nearmiss,synthetic negative_confusable,n/a,22050,0.8243083900226758,0.0,0.9958736795774648,-16.22197723388672,,-7.706050549284792,-45.936180900544194,38.230130351259405,,,,,,,,
conf_01093,train,negative,tts_synthetic_phonetic_nearmiss,synthetic negative_confusable,n/a,24000,1.872,0.0,0.7760861823361823,-25.359943389892578,,-14.755343276460996,-101.81374967395863,87.05840639749763,,,,,,,,
conf_00656,train,negative,tts_synthetic_phonetic_nearmiss,synthetic negative_confusable,n/a,16000,0.864,0.00014467592592592592,0.9991319444444444,-16.25516700744629,,-8.923220357640492,-38.78783592830284,29.864615570662348,,,,,,,,
conf_00748,train,negative,tts_synthetic_phonetic_nearmiss,synthetic negative_confusable,n/a,16000,0.816,0.0,0.9990808823529411,-16.63751220703125,,-10.884629449749744,-36.03629465024763,25.151665200497888,,,,,,,,
conf_00971,train,negative,tts_synthetic_phonetic_nearmiss,synthetic negative_confusable,n/a,22050,0.4527891156462585,0.00010016025641025641,0.9985977564102564,-10.898813247680664,,-6.736661139687316,-41.19510995915315,34.458448819465836,,,,,,,,
conf_00952,train,negative,tts_synthetic_phonetic_nearmiss,synthetic negative_confusable,n/a,22050,0.7662585034013606,0.0,0.952829071969697,-16.531370162963867,,-9.826644360689844,-67.8918320304436,58.065187669753755,,,,,,,,
conf_00356,test,negative,tts_synthetic_phonetic_nearmiss,synthetic negative_confusable,n/a,16000,0.976,0.0,0.9977587090163934,-16.107196807861328,,-10.001907118319465,-53.693704677056786,43.69179755873732,,,,,,,,
conf_01003,train,negative,tts_synthetic_phonetic_nearmiss,synthetic negative_confusable,n/a,24000,1.872,0.0,0.7035478988603988,-26.154691696166992,,-20.075902788443557,-102.17748843322411,82.10158564478056,,,,,,,,
conf_00785,train,negative,tts_synthetic_phonetic_nearmiss,synthetic negative_confusable,n/a,22050,0.9752380952380952,0.0,0.9971168154761905,-18.289669036865234,,-13.786598560074117,-38.749125024841305,24.962526464767187,,,,,,,,
conf_01022,train,negative,tts_synthetic_phonetic_nearmiss,synthetic negative_confusable,n/a,22050,1.0100680272108844,0.0,0.998742816091954,-18.050907135009766,,-13.409514845376643,-34.766930292885554,21.357415447508913,,,,,,,,
conf_01147,test,negative,tts_synthetic_phonetic_nearmiss,synthetic negative_confusable,n/a,22050,0.46439909297052157,0.0001953125,0.99736328125,-11.610383987426758,,-6.72155902549037,-41.49281617305333,34.771257147562956,,,,,,,,
conf_00565,validation,negative,tts_synthetic_phonetic_nearmiss,synthetic negative_confusable,n/a,22050,1.0565079365079366,0.0,0.9903846153846154,-19.37989044189453,,-12.145623774850455,-47.79703481267464,35.65141103782418,,,,,,,,
conf_00238,train,negative,tts_synthetic_phonetic_nearmiss,synthetic negative_confusable,n/a,22050,1.253877551020408,0.0,0.9993851273148148,-17.81711769104004,,-10.445701472754983,-57.738082289948856,47.29238081719387,,,,,,,,
conf_00033,train,negative,tts_synthetic_phonetic_nearmiss,synthetic negative_confusable,n/a,22050,1.1029478458049886,0.0,0.9983963815789474,-20.863733291625977,,-12.174318140408948,-61.009560136496304,48.835241996087355,,,,,,,,
conf_00081,train,negative,tts_synthetic_phonetic_nearmiss,synthetic negative_confusable,n/a,24000,1.992,0.0,0.771188922356091,-25.496761322021484,,-14.614238071095242,-101.99684580147985,87.3826077303846,,,,,,,,
conf_00814,train,negative,tts_synthetic_phonetic_nearmiss,synthetic negative_confusable,n/a,24000,1.872,0.0,0.7425436253561254,-24.354848861694336,,-17.78746899359048,-102.58483450827443,84.79736551468395,,,,,,,,
conf_00316,train,negative,tts_synthetic_phonetic_nearmiss,synthetic negative_confusable,n/a,22050,0.6501587301587302,0.0,0.9679129464285714,-13.936796188354492,,-7.392280165730731,-52.48348896496401,45.09120879923328,,,,,,,,
conf_00898,train,negative,tts_synthetic_phonetic_nearmiss,synthetic negative_confusable,n/a,24000,2.208,0.0,0.7316198671497585,-25.85326385498047,,-15.451234178193095,-102.65624092142825,87.20500674323516,,,,,,,,
conf_00313,train,negative,tts_synthetic_phonetic_nearmiss,synthetic negative_confusable,n/a,22050,0.8591383219954648,0.0,0.9972550675675675,-18.69390869140625,,-14.78510667195638,-37.300881718919904,22.515775046963526,,,,,,,,
conf_00951,train,negative,tts_synthetic_phonetic_nearmiss,synthetic negative_confusable,n/a,22050,0.905578231292517,0.0,0.975761217948718,-17.79899787902832,,-11.474060118240645,-40.03451291200929,28.560452793768647,,,,,,,,
conf_01165,train,negative,tts_synthetic_phonetic_nearmiss,synthetic negative_confusable,n/a,22050,0.893968253968254,0.0,0.9943181818181818,-16.89919662475586,,-7.816240239265014,-52.04512714229366,44.228886903028645,,,,,,,,
conf_00899,train,negative,tts_synthetic_phonetic_nearmiss,synthetic negative_confusable,n/a,22050,1.2770975056689342,0.0,0.9990411931818182,-17.990875244140625,,-12.122996718755678,-63.3203455524612,51.19734883370552,,,,,,,,
conf_00810,train,negative,tts_synthetic_phonetic_nearmiss,synthetic negative_confusable,n/a,24000,1.872,0.0,0.7467948717948718,-24.11065673828125,,-17.063882425928675,-102.01454110551983,84.95065867959116,,,,,,,,
conf_01082,train,negative,tts_synthetic_phonetic_nearmiss,synthetic negative_confusable,n/a,24000,1.872,0.0,0.7152110042735043,-26.788105010986328,,-19.24434503693561,-102.09634115729584,82.85199612036023,,,,,,,,
conf_00486,train,negative,tts_synthetic_phonetic_nearmiss,synthetic negative_confusable,n/a,24000,1.872,0.0,0.7574786324786325,-25.28554916381836,,-15.367395646212218,-102.3535816748152,86.98618602860299,,,,,,,,
conf_00352,train,negative,tts_synthetic_phonetic_nearmiss,synthetic negative_confusable,n/a,22050,0.893968253968254,0.0,0.9488129058441559,-21.073097229003906,,-12.439205155055417,-78.60084457174392,66.1616394166885,,,,,,,,
conf_00413,train,negative,tts_synthetic_phonetic_nearmiss,synthetic negative_confusable,n/a,22050,0.8475283446712019,0.0,0.9989833047945206,-16.92937469482422,,-10.25357217090581,-53.70775695284517,43.45418478193936,,,,,,,,
conf_00263,train,negative,tts_synthetic_phonetic_nearmiss,synthetic negative_confusable,n/a,16000,1.248,5.0080128205128203e-05,0.998848157051282,-15.379936218261719,,-8.880250560824026,-41.71506467718374,32.834814116359716,,,,,,,,
conf_01066,train,negative,tts_synthetic_phonetic_nearmiss,synthetic negative_confusable,n/a,24000,2.04,0.0,0.736172385620915,-22.1518497467041,,-12.097138258007645,-102.56286640621808,90.46572814821043,,,,,,,,
conf_00729,train,negative,tts_synthetic_phonetic_nearmiss,synthetic negative_confusable,n/a,24000,1.872,0.0,0.7495548433048433,-27.269956588745117,,-16.832459398137733,-102.12542777364112,85.29296837550339,,,,,,,,
conf_00679,train,negative,tts_synthetic_phonetic_nearmiss,synthetic negative_confusable,n/a,22050,0.8010884353741496,0.0,0.9980185688405797,-18.75092315673828,,-11.266197996966303,-50.67135620870715,39.40515821174085,,,,,,,,
conf_00638,validation,negative,tts_synthetic_phonetic_nearmiss,synthetic negative_confusable,n/a,22050,0.7778684807256235,0.0,0.9979594216417911,-20.446914672851562,,-13.724604215210267,-33.93786467953591,20.213260464325646,,,,,,,,
conf_00305,train,negative,tts_synthetic_phonetic_nearmiss,synthetic negative_confusable,n/a,22050,0.905578231292517,0.0,0.9955929487179487,-16.968067169189453,,-9.351305521361427,-55.54059562521882,46.189290103857395,,,,,,,,
conf_00764,test,negative,tts_synthetic_phonetic_nearmiss,synthetic negative_confusable,n/a,22050,0.8823582766439909,0.0,0.9992290296052632,-17.220338821411133,,-8.46140635083144,-51.5537915300919,43.09238517926046,,,,,,,,
conf_00983,train,negative,tts_synthetic_phonetic_nearmiss,synthetic negative_confusable,n/a,22050,0.9287981859410431,0.0,0.997607421875,-16.8389892578125,,-12.288186480159998,-38.486889504979935,26.198703024819935,,,,,,,,
conf_00714,train,negative,tts_synthetic_phonetic_nearmiss,synthetic negative_confusable,n/a,24000,2.016,0.0,0.7861276455026455,-22.14620590209961,,-12.428719511860631,-102.20902087697826,89.78030136511762,,,,,,,,
conf_00962,train,negative,tts_synthetic_phonetic_nearmiss,synthetic negative_confusable,n/a,16000,0.704,0.0,0.9992897727272727,-12.475421905517578,,-7.901061332517392,-31.34704620122653,23.44598486870914,,,,,,,,
conf_00659,test,negative,tts_synthetic_phonetic_nearmiss,synthetic negative_confusable,n/a,22050,1.0797278911564625,0.0,0.9954637096774194,-16.690418243408203,,-8.807613237569198,-39.98487409310077,31.17726085553157,,,,,,,,
conf_00818,train,negative,tts_synthetic_phonetic_nearmiss,synthetic negative_confusable,n/a,16000,0.928,0.0,0.9979121767241379,-18.576547622680664,,-13.962823941428116,-37.103076515354594,23.140252573926478,,,,,,,,
conf_00945,train,negative,tts_synthetic_phonetic_nearmiss,synthetic negative_confusable,n/a,24000,1.872,0.0,0.7108039529914529,-27.177095413208008,,-18.90644902606827,-101.81310904974093,82.90666002367266,,,,,,,,
conf_01132,train,negative,tts_synthetic_phonetic_nearmiss,synthetic negative_confusable,n/a,22050,1.1145578231292517,0.0,0.997314453125,-15.705843925476074,,-11.053661548733187,-33.82624197940354,22.772580430670352,,,,,,,,
conf_00538,validation,negative,tts_synthetic_phonetic_nearmiss,synthetic negative_confusable,n/a,22050,0.9171882086167801,0.0,0.9879351265822784,-18.247697830200195,,-11.216408003399156,-31.659375184677103,20.442967181277947,,,,,,,,
conf_00131,train,negative,tts_synthetic_phonetic_nearmiss,synthetic negative_confusable,n/a,22050,0.8591383219954648,0.0,0.998363597972973,-15.59185791015625,,-11.10984749323792,-30.323319577731688,19.213472084493766,,,,,,,,
conf_00142,validation,negative,tts_synthetic_phonetic_nearmiss,synthetic negative_confusable,n/a,22050,0.905578231292517,0.00030048076923076925,0.9925380608974359,-17.612930297851562,,-10.626173535363636,-32.05262558061363,21.426452045249995,,,,,,,,
conf_00260,train,negative,tts_synthetic_phonetic_nearmiss,synthetic negative_confusable,n/a,22050,1.253877551020408,0.00014467592592592592,0.9992766203703703,-16.47854995727539,,-8.499090357864617,-54.03960049729051,45.54051013942589,,,,,,,,
conf_00135,train,negative,tts_synthetic_phonetic_nearmiss,synthetic negative_confusable,n/a,22050,0.5572789115646258,0.0,0.979736328125,-12.53734016418457,,-7.475629343067528,-46.56470059956101,39.08907125649348,,,,,,,,
conf_00935,test,negative,tts_synthetic_phonetic_nearmiss,synthetic negative_confusable,n/a,22050,0.9520181405895691,0.0,0.9973323170731707,-17.602142333984375,,-11.246619961711666,-44.20079715031563,32.954177188603964,,,,,,,,
conf_01035,train,negative,tts_synthetic_phonetic_nearmiss,synthetic negative_confusable,n/a,22050,1.1145578231292517,0.0,0.9987386067708334,-22.978641510009766,,-15.852183923858261,-32.3262939426879,16.474110018829634,,,,,,,,
conf_00903,train,negative,tts_synthetic_phonetic_nearmiss,synthetic negative_confusable,n/a,22050,1.253877551020408,0.0,0.9989872685185185,-21.388954162597656,,-16.218872830452288,-32.57161172504394,16.35273889459165,,,,,,,,
conf_00168,train,negative,tts_synthetic_phonetic_nearmiss,synthetic negative_confusable,n/a,16000,0.96,0.0,0.9983723958333334,-15.942991256713867,,-10.673368186936608,-40.81425412572481,30.1408859387882,,,,,,,,
conf_00196,train,negative,tts_synthetic_phonetic_nearmiss,synthetic negative_confusable,n/a,24000,1.872,0.0,0.7730591168091168,-24.01006507873535,,-14.90899122192458,-101.93738641457867,87.02839519265409,,,,,,,,
conf_00428,train,negative,tts_synthetic_phonetic_nearmiss,synthetic negative_confusable,n/a,24000,2.016,0.0,0.7739335317460317,-21.709949493408203,,-12.841336918210203,-102.18990732760851,89.3485704093983,,,,,,,,
conf_00392,train,negative,tts_synthetic_phonetic_nearmiss,synthetic negative_confusable,n/a,16000,0.768,0.0,0.9990234375,-13.902627944946289,,-8.145479669972808,-34.11908327561096,25.973603605638154,,,,,,,,
conf_01057,validation,negative,tts_synthetic_phonetic_nearmiss,synthetic negative_confusable,n/a,22050,0.9171882086167801,0.0,0.9998022151898734,-17.5764102935791,,-9.971629633337091,-33.48069024693555,23.50906061359846,,,,,,,,
conf_00376,train,negative,tts_synthetic_phonetic_nearmiss,synthetic negative_confusable,n/a,22050,0.6501587301587302,0.0,0.9886300223214286,-20.2060546875,,-11.662641462563295,-44.83026760379498,33.167626141231686,,,,,,,,
conf_00483,train,negative,tts_synthetic_phonetic_nearmiss,synthetic negative_confusable,n/a,24000,1.872,0.0,0.7658475783475783,-27.24231719970703,,-18.80854260017559,-101.8980596662517,83.08951706607611,,,,,,,,
conf_00564,train,negative,tts_synthetic_phonetic_nearmiss,synthetic negative_confusable,n/a,22050,0.8126984126984127,0.0,0.9560825892857143,-18.635854721069336,,-9.504955733090792,-61.64009832514415,52.135142592053356,,,,,,,,
conf_00374,train,negative,tts_synthetic_phonetic_nearmiss,synthetic negative_confusable,n/a,16000,1.184,0.0,0.998363597972973,-19.274826049804688,,-12.990307038374441,-39.14792229083323,26.15761525245879,,,,,,,,
conf_00396,train,negative,tts_synthetic_phonetic_nearmiss,synthetic negative_confusable,n/a,16000,1.024,0.0,0.9989013671875,-19.622575759887695,,-14.812013615660058,-42.06931257313633,27.257298957476273,,,,,,,,
conf_00083,train,negative,tts_synthetic_phonetic_nearmiss,synthetic negative_confusable,n/a,24000,2.232,0.0,0.7265531660692951,-25.515729904174805,,-15.075452658219392,-101.99787167379878,86.9224190155794,,,,,,,,
conf_00491,train,negative,tts_synthetic_phonetic_nearmiss,synthetic negative_confusable,n/a,16000,0.944,0.00013241525423728814,0.9983448093220338,-12.251976013183594,,-7.2788340288956235,-51.66381574901066,44.384981720115036,,,,,,,,
conf_00510,train,negative,tts_synthetic_phonetic_nearmiss,synthetic negative_confusable,n/a,16000,0.944,0.0,0.9996027542372882,-15.435224533081055,,-10.760346606391266,-27.96232189360977,17.201975287218502,,,,,,,,
conf_00867,train,negative,tts_synthetic_phonetic_nearmiss,synthetic negative_confusable,n/a,22050,0.9984580498866213,0.0,0.9987736191860465,-16.40888214111328,,-10.636841619121403,-36.67683025387052,26.039988634749115,,,,,,,,
conf_01092,test,negative,tts_synthetic_phonetic_nearmiss,synthetic negative_confusable,n/a,22050,1.18421768707483,0.0001914828431372549,0.9960171568627451,-18.845117568969727,,-10.925562975459673,-60.24013011233287,49.314567136873194,,,,,,,,
conf_00619,validation,negative,tts_synthetic_phonetic_nearmiss,synthetic negative_confusable,n/a,22050,0.4876190476190476,0.0,0.9990699404761905,-15.661041259765625,,-8.369587670802229,-57.96963744547372,49.60004977467149,,,,,,,,
conf_00293,train,negative,tts_synthetic_phonetic_nearmiss,synthetic negative_confusable,n/a,24000,1.872,0.0,0.7750400641025641,-23.32982063293457,,-13.63215352134794,-100.75414675970976,87.12199323836181,,,,,,,,
conf_00787,train,negative,tts_synthetic_phonetic_nearmiss,synthetic negative_confusable,n/a,22050,0.7894784580498866,0.0,0.9952895220588235,-16.040142059326172,,-9.283652631047538,-39.873895634412165,30.590243003364627,,,,,,,,
conf_00954,train,negative,tts_synthetic_phonetic_nearmiss,synthetic negative_confusable,n/a,22050,0.6617687074829932,0.0,0.9981496710526315,-15.876480102539062,,-7.585193634025869,-41.668991147032415,34.083797513006544,,,,,,,,
conf_00991,train,negative,tts_synthetic_phonetic_nearmiss,synthetic negative_confusable,n/a,22050,1.242267573696145,0.0,0.997334988317757,-16.524703979492188,,-11.586631619990573,-36.833382702161224,25.24675108217065,,,,,,,,
conf_00416,train,negative,tts_synthetic_phonetic_nearmiss,synthetic negative_confusable,n/a,22050,1.1145578231292517,0.0,0.9949137369791666,-16.032081604003906,,-9.112208694072752,-41.07181841451054,31.959609720437786,,,,,,,,
conf_00314,train,negative,tts_synthetic_phonetic_nearmiss,synthetic negative_confusable,n/a,16000,0.88,0.0,0.9982244318181818,-13.077177047729492,,-7.290964863327089,-36.30374472134362,29.01277985801653,,,,,,,,
conf_00546,train,negative,tts_synthetic_phonetic_nearmiss,synthetic negative_confusable,n/a,22050,1.1493877551020408,0.0,0.9943576388888888,-17.068965911865234,,-10.500802848962964,-50.049935075723056,39.54913222676009,,,,,,,,
conf_00167,test,negative,tts_synthetic_phonetic_nearmiss,synthetic negative_confusable,n/a,22050,0.893968253968254,0.0,0.9961444805194806,-15.569320678710938,,-10.589676335479755,-32.357306972850935,21.76763063737118,,,,,,,,
conf_00464,train,negative,tts_synthetic_phonetic_nearmiss,synthetic negative_confusable,n/a,22050,0.5456689342403628,0.0,0.9814660904255319,-15.972085952758789,,-7.914952507344853,-51.002790631064265,43.087838123719415,,,,,,,,
conf_00110,train,negative,tts_synthetic_phonetic_nearmiss,synthetic negative_confusable,n/a,24000,1.872,0.0,0.7784677706552706,-23.974580764770508,,-14.303739520348866,-102.2630628110194,87.95932329067053,,,,,,,,
conf_00397,train,negative,tts_synthetic_phonetic_nearmiss,synthetic negative_confusable,n/a,22050,1.195827664399093,0.0,0.9965488470873787,-15.771875381469727,,-10.762004463197808,-34.95573657979833,24.19373211660052,,,,,,,,
conf_00221,train,negative,tts_synthetic_phonetic_nearmiss,synthetic negative_confusable,n/a,22050,1.0681179138321995,0.0,0.9974949048913043,-20.150020599365234,,-13.521922123564263,-42.42433013639156,28.902408012827298,,,,,,,,
conf_00144,train,negative,tts_synthetic_phonetic_nearmiss,synthetic negative_confusable,n/a,22050,0.7082086167800453,0.0,0.9998078893442623,-15.557475090026855,,-8.964777286123041,-31.297975031463448,22.333197745340406,,,,,,,,
conf_00797,train,negative,tts_synthetic_phonetic_nearmiss,synthetic negative_confusable,n/a,22050,1.0332879818594105,0.0,0.9927141853932584,-19.449682235717773,,-12.753473276770716,-41.01136915459777,28.257895877827057,,,,,,,,
conf_00579,train,negative,tts_synthetic_phonetic_nearmiss,synthetic negative_confusable,n/a,22050,0.8823582766439909,0.0,0.9986122532894737,-18.349685668945312,,-13.80231641531277,-34.5957898376845,20.79347342237173,,,,,,,,
conf_00487,train,negative,tts_synthetic_phonetic_nearmiss,synthetic negative_confusable,n/a,22050,0.47600907029478456,0.0,0.9593178353658537,-13.315510749816895,,-6.86891071543562,-63.8833656342833,57.01445491884768,,,,,,,,
conf_00929,train,negative,tts_synthetic_phonetic_nearmiss,synthetic negative_confusable,n/a,22050,0.9984580498866213,0.0,0.9996366279069767,-17.36321449279785,,-9.197842866309104,-48.22862856722775,39.03078570091865,,,,,,,,
conf_00784,train,negative,tts_synthetic_phonetic_nearmiss,synthetic negative_confusable,n/a,22050,0.8126984126984127,0.0,0.9475446428571429,-18.248388290405273,,-11.063086463707174,-64.03922796023188,52.97614149652471,,,,,,,,
conf_01183,train,negative,tts_synthetic_phonetic_nearmiss,synthetic negative_confusable,n/a,24000,2.496,0.0,0.6806390224358975,-24.745370864868164,,-14.708452737196287,-148.35093074019642,133.64247800300012,,,,,,,,
conf_00998,train,negative,tts_synthetic_phonetic_nearmiss,synthetic negative_confusable,n/a,24000,1.872,0.0,0.7230457621082621,-24.976497650146484,,-17.032262441069776,-102.0367051917763,85.00444275070653,,,,,,,,
conf_00963,train,negative,tts_synthetic_phonetic_nearmiss,synthetic negative_confusable,n/a,22050,0.9404081632653061,0.0,0.9995659722222222,-16.0649471282959,,-9.240301075767329,-59.47239969681859,50.232098621051264,,,,,,,,
conf_00780,train,negative,tts_synthetic_phonetic_nearmiss,synthetic negative_confusable,n/a,22050,1.0332879818594105,0.0,0.975684691011236,-15.329113960266113,,-7.971932157311369,-45.40920551936882,37.43727336205745,,,,,,,,
conf_00585,train,negative,tts_synthetic_phonetic_nearmiss,synthetic negative_confusable,n/a,16000,0.96,0.0,0.9986979166666666,-13.232172012329102,,-8.396089077594963,-43.1342462363508,34.73815715875583,,,,,,,,
conf_00080,train,negative,tts_synthetic_phonetic_nearmiss,synthetic negative_confusable,n/a,22050,0.8475283446712019,0.0,0.9982876712328768,-17.405433654785156,,-12.705217278651077,-32.114741372706554,19.409524094055477,,,,,,,,
conf_00904,test,negative,tts_synthetic_phonetic_nearmiss,synthetic negative_confusable,n/a,22050,0.4876190476190476,0.0,0.9992559523809523,-16.05311393737793,,-10.42812429255074,-31.606451616293416,21.17832732374268,,,,,,,,
conf_00930,train,negative,tts_synthetic_phonetic_nearmiss,synthetic negative_confusable,n/a,24000,1.872,0.0,0.7493100071225072,-23.55323028564453,,-15.749088492754339,-101.76777197039235,86.018683477638,,,,,,,,
conf_01137,train,negative,tts_synthetic_phonetic_nearmiss,synthetic negative_confusable,n/a,22050,0.8591383219954648,0.0,0.9624155405405406,-18.251182556152344,,-11.55369080589865,-55.227171720328485,43.67348091442983,,,,,,,,
conf_00395,train,negative,tts_synthetic_phonetic_nearmiss,synthetic negative_confusable,n/a,22050,0.8359183673469388,0.0,0.9965277777777778,-16.80621337890625,,-7.434124229932399,-45.02822541142138,37.59410118148898,,,,,,,,
conf_00206,train,negative,tts_synthetic_phonetic_nearmiss,synthetic negative_confusable,n/a,22050,0.8707482993197279,0.0,0.9930729166666666,-16.587636947631836,,-11.842627971200184,-41.47574454376394,29.633116572563754,,,,,,,,
conf_00320,train,negative,tts_synthetic_phonetic_nearmiss,synthetic negative_confusable,n/a,22050,1.0100680272108844,0.0,0.9974407327586207,-17.050020217895508,,-10.177956115353123,-37.43288263237415,27.25492651702103,,,,,,,,
conf_01070,train,negative,tts_synthetic_phonetic_nearmiss,synthetic negative_confusable,n/a,24000,1.872,0.0,0.7320601851851852,-25.66408348083496,,-18.78041369750979,-101.9766883056349,83.19627460812511,,,,,,,,
conf_00171,train,negative,tts_synthetic_phonetic_nearmiss,synthetic negative_confusable,n/a,22050,0.7546485260770975,6.009615384615385e-05,0.9942307692307693,-14.8832368850708,,-9.829210514037818,-35.85830806149379,26.02909754745597,,,,,,,,
conf_00441,train,negative,tts_synthetic_phonetic_nearmiss,synthetic negative_confusable,n/a,22050,1.172607709750567,0.0,0.9943146658415841,-17.439363479614258,,-10.325778642209068,-40.31002740984963,29.984248767640565,,,,,,,,
conf_00689,train,negative,tts_synthetic_phonetic_nearmiss,synthetic negative_confusable,n/a,22050,0.8243083900226758,0.0,0.9970290492957746,-15.4393949508667,,-11.17533152553344,-36.99197270274991,25.81664117721647,,,,,,,,
conf_01040,train,negative,tts_synthetic_phonetic_nearmiss,synthetic negative_confusable,n/a,22050,0.6617687074829932,0.0,0.9980126096491229,-15.209857940673828,,-8.040987558650595,-47.53088767839787,39.489900119747276,,,,,,,,
conf_00543,train,negative,tts_synthetic_phonetic_nearmiss,synthetic negative_confusable,n/a,24000,1.968,0.0,0.7832401761517616,-24.337055206298828,,-14.306623797535272,-101.0147600114071,86.70813621387184,,,,,,,,
conf_00746,test,negative,tts_synthetic_phonetic_nearmiss,synthetic negative_confusable,n/a,22050,0.9752380952380952,0.0,0.9960472470238095,-24.65013885498047,,-17.226043651604847,-36.78113051921085,19.555086867606,,,,,,,,
conf_00724,train,negative,tts_synthetic_phonetic_nearmiss,synthetic negative_confusable,n/a,22050,1.0448979591836736,0.0,0.9980902777777778,-14.658025741577148,,-10.71630368593164,-39.54549864285891,28.829194956927267,,,,,,,,
conf_00805,test,negative,tts_synthetic_phonetic_nearmiss,synthetic negative_confusable,n/a,22050,0.7778684807256235,0.00017490671641791044,0.9983675373134329,-15.729065895080566,,-8.187618949673325,-36.103320042533596,27.91570109286027,,,,,,,,
conf_00560,test,negative,tts_synthetic_phonetic_nearmiss,synthetic negative_confusable,n/a,22050,1.1609977324263039,0.0,0.9956640625,-15.79055404663086,,-9.390306862368577,-36.190839778877795,26.80053291650922,,,,,,,,
conf_00297,train,negative,tts_synthetic_phonetic_nearmiss,synthetic negative_confusable,n/a,22050,1.0913378684807256,0.0,0.9950548537234043,-20.04727554321289,,-11.20030368345366,-54.9561996014971,43.755895918043436,,,,,,,,
conf_00736,train,negative,tts_synthetic_phonetic_nearmiss,synthetic negative_confusable,n/a,22050,1.207437641723356,3.7560096153846156e-05,0.9975961538461539,-17.768245697021484,,-11.009701613116263,-57.21562256803257,46.20592095491631,,,,,,,,
conf_00747,test,negative,tts_synthetic_phonetic_nearmiss,synthetic negative_confusable,n/a,24000,1.872,0.0,0.7857905982905983,-22.766624450683594,,-14.134384048669448,-100.48953450915106,86.35515046048161,,,,,,,,
conf_00556,train,negative,tts_synthetic_phonetic_nearmiss,synthetic negative_confusable,n/a,22050,0.8010884353741496,0.0,0.9997735507246377,-18.40681266784668,,-10.965154300583182,-41.42822078564622,30.463066485063038,,,,,,,,
conf_00637,train,negative,tts_synthetic_phonetic_nearmiss,synthetic negative_confusable,n/a,22050,0.8591383219954648,0.0,0.9994721283783784,-17.788286209106445,,-11.552468771880068,-49.85880134007771,38.30633256819765,,,,,,,,
conf_00916,train,negative,tts_synthetic_phonetic_nearmiss,synthetic negative_confusable,n/a,22050,0.7546485260770975,0.0,0.9956730769230769,-19.77822494506836,,-13.557993702927401,-51.629833739135876,38.07184003620847,,,,,,,,
conf_01011,train,negative,tts_synthetic_phonetic_nearmiss,synthetic negative_confusable,n/a,22050,1.0216780045351475,0.0,0.9958274147727273,-15.759443283081055,,-9.012979849421894,-40.442658416651184,31.42967856722929,,,,,,,,
conf_00708,train,negative,tts_synthetic_phonetic_nearmiss,synthetic negative_confusable,n/a,16000,0.88,0.0,0.9988636363636364,-18.71417808532715,,-13.493241830777679,-37.99785192635992,24.504610095582244,,,,,,,,
conf_00688,train,negative,tts_synthetic_phonetic_nearmiss,synthetic negative_confusable,n/a,22050,0.6617687074829932,0.00020559210526315788,0.9998629385964912,-14.624345779418945,,-9.4691693360379,-28.971059707534522,19.50189037149662,,,,,,,,
conf_00075,train,negative,tts_synthetic_phonetic_nearmiss,synthetic negative_confusable,n/a,22050,1.1493877551020408,0.0,0.9997632575757576,-16.07373046875,,-9.658730170420771,-33.76814430131694,24.109414130896166,,,,,,,,
conf_01041,train,negative,tts_synthetic_phonetic_nearmiss,synthetic negative_confusable,n/a,22050,0.6617687074829932,0.00013706140350877192,0.9998629385964912,-15.161478042602539,,-10.204518010216402,-22.604700423759954,12.400182413543552,,,,,,,,
conf_01119,train,negative,tts_synthetic_phonetic_nearmiss,synthetic negative_confusable,n/a,22050,1.253877551020408,0.0,0.9960214120370371,-20.31568145751953,,-12.22971422052638,-49.994253456971975,37.76453923644559,,,,,,,,
conf_00756,train,negative,tts_synthetic_phonetic_nearmiss,synthetic negative_confusable,n/a,22050,0.6965986394557823,0.0,0.997265625,-18.14208221435547,,-11.784490258045887,-45.72212654449362,33.937636286447734,,,,,,,,
conf_00272,train,negative,tts_synthetic_phonetic_nearmiss,synthetic negative_confusable,n/a,22050,0.8823582766439909,0.0,0.9934724506578947,-17.537654876708984,,-13.749928223737998,-41.93842149923913,28.188493275501138,,,,,,,,
conf_00984,train,negative,tts_synthetic_phonetic_nearmiss,synthetic negative_confusable,n/a,24000,1.872,0.0,0.7225560897435898,-23.21845054626465,,-15.769936879995278,-102.6649001311736,86.89496325117832,,,,,,,,
speech_syn_general_rec_0035_002,train,negative,tts_synthetic_continuous_speech,synthetic negative_general_speech,n/a,48000,1.5,0.00025,0.9996805555555556,-16.6079158782959,,-7.948046619960827,-27.638081609755876,19.69003498979505,,,,,,,,
speech_syn_general_rec_0086_004,validation,negative,tts_synthetic_continuous_speech,synthetic negative_general_speech,n/a,48000,1.5,0.0,0.5275,-23.988338470458984,,-13.295611866593683,-180.0,166.70438813340633,,,,,,,,
speech_syn_general_rec_0034_009,train,negative,tts_synthetic_continuous_speech,synthetic negative_general_speech,n/a,48000,1.5,0.0,0.999625,-16.188980102539062,,-10.27457433596722,-28.293962343481386,18.019388007514166,,,,,,,,
speech_syn_general_rec_0083_004,test,negative,tts_synthetic_continuous_speech,synthetic negative_general_speech,n/a,48000,1.5,0.0,0.9995416666666667,-20.792177200317383,,-15.398527848881143,-42.9645197865582,27.565991937677055,,,,,,,,
speech_syn_general_rec_0196_005,train,negative,tts_synthetic_continuous_speech,synthetic negative_general_speech,n/a,48000,1.5,0.0,0.9840694444444444,-17.869491577148438,,-11.800193363800155,-32.68979410940366,20.889600745603502,,,,,,,,
speech_syn_general_rec_0122_004,train,negative,tts_synthetic_continuous_speech,synthetic negative_general_speech,n/a,48000,1.5,0.0,0.9965833333333334,-22.969043731689453,,-15.601541059320562,-32.5101393052061,16.908598245885543,,,,,,,,
speech_syn_general_rec_0127_004,train,negative,tts_synthetic_continuous_speech,synthetic negative_general_speech,n/a,48000,1.5,0.0,0.9797361111111111,-20.751033782958984,,-14.27245710287276,-38.0163046195367,23.743847516663937,,,,,,,,
speech_syn_general_rec_0199_009,train,negative,tts_synthetic_continuous_speech,synthetic negative_general_speech,n/a,48000,1.5,0.0,0.9987916666666666,-22.360252380371094,,-14.7263667114538,-33.95970667681423,19.23333996536043,,,,,,,,
speech_syn_general_rec_0199_001,train,negative,tts_synthetic_continuous_speech,synthetic negative_general_speech,n/a,48000,1.5,0.0,0.9917777777777778,-23.09178352355957,,-17.2029530513252,-37.74633623293462,20.543383181609418,,,,,,,,
speech_syn_general_rec_0046_002,train,negative,tts_synthetic_continuous_speech,synthetic negative_general_speech,n/a,48000,1.5,0.0,0.9996805555555556,-18.49066162109375,,-12.469439501444437,-31.095305001917364,18.625865500472926,,,,,,,,
speech_syn_general_rec_0163_001,train,negative,tts_synthetic_continuous_speech,synthetic negative_general_speech,n/a,48000,1.5,0.0,0.9992083333333334,-17.155353546142578,,-9.342544525404163,-54.20866782236017,44.866123296956005,,,,,,,,
speech_syn_general_rec_0049_013,train,negative,tts_synthetic_continuous_speech,synthetic negative_general_speech,n/a,48000,1.5,0.0,0.5174444444444445,-21.867427825927734,,-15.605201018791513,-180.0,164.39479898120848,,,,,,,,
speech_syn_general_rec_0030_007,train,negative,tts_synthetic_continuous_speech,synthetic negative_general_speech,n/a,48000,1.5,0.0,0.9990416666666667,-19.241554260253906,,-12.838058821355599,-59.697436453814134,46.85937763245853,,,,,,,,
speech_syn_general_rec_0105_002,train,negative,tts_synthetic_continuous_speech,synthetic negative_general_speech,n/a,48000,1.5,0.0,0.9995,-21.29802894592285,,-14.450068304087878,-36.1701435526246,21.720075248536723,,,,,,,,
speech_syn_general_rec_0013_011,train,negative,tts_synthetic_continuous_speech,synthetic negative_general_speech,n/a,48000,1.5,0.0,0.9829722222222222,-18.305965423583984,,-13.031139568431552,-42.56659903466962,29.53545946623807,,,,,,,,
speech_syn_general_rec_0143_007,train,negative,tts_synthetic_continuous_speech,synthetic negative_general_speech,n/a,48000,1.5,0.0,0.9995972222222222,-16.418975830078125,,-10.246006491874708,-33.893030921279234,23.647024429404524,,,,,,,,
speech_syn_general_rec_0155_010,train,negative,tts_synthetic_continuous_speech,synthetic negative_general_speech,n/a,48000,1.5,0.0,0.9992916666666667,-20.76425552368164,,-13.397040168295035,-34.992185678717526,21.59514551042249,,,,,,,,
speech_syn_general_rec_0115_012,validation,negative,tts_synthetic_continuous_speech,synthetic negative_general_speech,n/a,48000,1.5,0.0,0.9996944444444444,-17.453502655029297,,-14.878532015379236,-30.26213730490514,15.383605289525903,,,,,,,,
speech_syn_general_rec_0081_004,train,negative,tts_synthetic_continuous_speech,synthetic negative_general_speech,n/a,48000,1.5,0.0,0.9971388888888889,-16.82406997680664,,-8.437758646161821,-44.30821433761751,35.87045569145569,,,,,,,,
speech_syn_general_rec_0187_008,train,negative,tts_synthetic_continuous_speech,synthetic negative_general_speech,n/a,48000,1.5,0.0,0.9994861111111111,-16.67152214050293,,-12.608379904573802,-25.622147948643306,13.013768044069504,,,,,,,,
speech_syn_general_rec_0189_011,validation,negative,tts_synthetic_continuous_speech,synthetic negative_general_speech,n/a,48000,1.5,0.0,0.9996666666666667,-18.721620559692383,,-11.631980950417997,-33.88271868439859,22.250737733980593,,,,,,,,
speech_syn_general_rec_0107_005,train,negative,tts_synthetic_continuous_speech,synthetic negative_general_speech,n/a,48000,1.5,0.0,0.6429305555555556,-29.341896057128906,,-23.11127166903638,-180.0,156.88872833096363,,,,,,,,
speech_syn_general_rec_0093_018,validation,negative,tts_synthetic_continuous_speech,synthetic negative_general_speech,n/a,48000,1.5,0.0,0.99975,-22.630306243896484,,-18.252288448414703,-37.61324180913611,19.36095336072141,,,,,,,,
speech_syn_general_rec_0086_012,validation,negative,tts_synthetic_continuous_speech,synthetic negative_general_speech,n/a,48000,1.5,0.0,0.8646666666666667,-28.9400577545166,,-22.043697426638015,-96.44208796696036,74.39839054032234,,,,,,,,
speech_syn_general_rec_0178_005,train,negative,tts_synthetic_continuous_speech,synthetic negative_general_speech,n/a,48000,1.5,0.0,0.9998194444444445,-19.370594024658203,,-14.240241240273688,-32.17849405638929,17.9382528161156,,,,,,,,
speech_syn_general_rec_0219_002,train,negative,tts_synthetic_continuous_speech,synthetic negative_general_speech,n/a,48000,1.5,0.0,0.999625,-21.686203002929688,,-15.713573566624571,-34.673602939238386,18.960029372613814,,,,,,,,
speech_syn_general_rec_0145_000,train,negative,tts_synthetic_continuous_speech,synthetic negative_general_speech,n/a,48000,1.5,0.0,0.9996527777777777,-20.861854553222656,,-13.290006446194495,-31.116651789857137,17.82664534366264,,,,,,,,
speech_syn_general_rec_0156_004,validation,negative,tts_synthetic_continuous_speech,synthetic negative_general_speech,n/a,48000,1.5,0.0,0.9996944444444444,-15.894767761230469,,-11.731554416700522,-23.657022436119817,11.925468019419295,,,,,,,,
speech_syn_general_rec_0147_000,train,negative,tts_synthetic_continuous_speech,synthetic negative_general_speech,n/a,48000,1.5,0.0,0.9998194444444445,-16.149742126464844,,-10.895262251688994,-24.44348718675744,13.548224935068447,,,,,,,,
speech_syn_general_rec_0044_000,train,negative,tts_synthetic_continuous_speech,synthetic negative_general_speech,n/a,48000,1.5,0.0,0.9988194444444445,-15.327896118164062,,-11.703180601274255,-29.42584997631576,17.722669375041505,,,,,,,,
speech_syn_general_rec_0203_001,train,negative,tts_synthetic_continuous_speech,synthetic negative_general_speech,n/a,48000,1.5,0.0,0.9848333333333333,-21.632909774780273,,-14.765797763303045,-38.28052873934015,23.514730976037104,,,,,,,,
speech_syn_general_rec_0137_012,train,negative,tts_synthetic_continuous_speech,synthetic negative_general_speech,n/a,48000,1.5,0.0,0.9995555555555555,-17.454845428466797,,-13.743832880998468,-25.807588651673875,12.063755770675407,,,,,,,,
speech_syn_general_rec_0172_015,validation,negative,tts_synthetic_continuous_speech,synthetic negative_general_speech,n/a,48000,1.5,0.0,0.9063472222222222,-19.45263671875,,-12.937340512804283,-58.98200401825091,46.04466350544663,,,,,,,,
speech_syn_general_rec_0010_011,validation,negative,tts_synthetic_continuous_speech,synthetic negative_general_speech,n/a,48000,1.5,0.0,0.9944722222222222,-17.205638885498047,,-9.692507219823105,-37.877674333877856,28.18516711405475,,,,,,,,
speech_syn_general_rec_0089_010,train,negative,tts_synthetic_continuous_speech,synthetic negative_general_speech,n/a,48000,1.5,0.0,0.9997222222222222,-22.904634475708008,,-18.142641371318806,-30.892219665865362,12.749578294546556,,,,,,,,
speech_syn_general_rec_0180_003,train,negative,tts_synthetic_continuous_speech,synthetic negative_general_speech,n/a,48000,1.5,0.0,0.9997083333333333,-19.20645523071289,,-14.401291353429567,-33.96306351881792,19.56177216538835,,,,,,,,
speech_syn_general_rec_0008_002,train,negative,tts_synthetic_continuous_speech,synthetic negative_general_speech,n/a,48000,1.5,0.0,0.9554305555555556,-20.961149215698242,,-14.90082632824963,-43.117118632001976,28.216292303752347,,,,,,,,
speech_syn_general_rec_0078_010,train,negative,tts_synthetic_continuous_speech,synthetic negative_general_speech,n/a,48000,1.5,0.0,0.9991527777777778,-17.164451599121094,,-9.60869913989965,-31.01714010789486,21.40844096799521,,,,,,,,
speech_syn_general_rec_0020_003,train,negative,tts_synthetic_continuous_speech,synthetic negative_general_speech,n/a,48000,1.5,0.0,0.998875,-15.451080322265625,,-7.654889129923657,-44.6649858536917,37.01009672376804,,,,,,,,
speech_syn_general_rec_0105_010,train,negative,tts_synthetic_continuous_speech,synthetic negative_general_speech,n/a,48000,1.5,0.0,0.9888472222222222,-20.48016357421875,,-14.136624272929543,-40.96219039155964,26.825566118630093,,,,,,,,
speech_syn_general_rec_0193_013,train,negative,tts_synthetic_continuous_speech,synthetic negative_general_speech,n/a,48000,1.5,0.0,0.9998333333333334,-17.810623168945312,,-12.84493137397551,-24.254176982362218,11.409245608386707,,,,,,,,
speech_syn_general_rec_0124_005,train,negative,tts_synthetic_continuous_speech,synthetic negative_general_speech,n/a,48000,1.5,0.0,0.9801388888888889,-19.416019439697266,,-10.798114484277155,-39.073452473657674,28.275337989380517,,,,,,,,
speech_syn_general_rec_0051_010,train,negative,tts_synthetic_continuous_speech,synthetic negative_general_speech,n/a,48000,1.5,0.0,0.8774722222222222,-23.53549575805664,,-19.462941724725006,-71.35499622783135,51.892054503106344,,,,,,,,
speech_syn_general_rec_0181_005,train,negative,tts_synthetic_continuous_speech,synthetic negative_general_speech,n/a,48000,1.5,0.0,0.9777361111111111,-25.852632522583008,,-20.07618624778098,-47.45673759959975,27.380551351818767,,,,,,,,
speech_syn_general_rec_0036_005,train,negative,tts_synthetic_continuous_speech,synthetic negative_general_speech,n/a,48000,1.5,0.0,0.9996805555555556,-21.453243255615234,,-15.849510107925793,-35.59822690805785,19.74871680013206,,,,,,,,
speech_syn_general_rec_0171_002,train,negative,tts_synthetic_continuous_speech,synthetic negative_general_speech,n/a,48000,1.5,0.0,0.9881944444444445,-19.826509475708008,,-13.864392563608714,-38.231151965651385,24.36675940204267,,,,,,,,
speech_syn_general_rec_0087_005,train,negative,tts_synthetic_continuous_speech,synthetic negative_general_speech,n/a,48000,1.5,0.0,0.9998055555555555,-20.132366180419922,,-13.614733506087493,-30.917937090017684,17.30320358393019,,,,,,,,
speech_syn_general_rec_0095_003,test,negative,tts_synthetic_continuous_speech,synthetic negative_general_speech,n/a,48000,1.5,0.0,0.9996805555555556,-17.555469512939453,,-11.612906304348877,-35.92434548324878,24.311439178899903,,,,,,,,
speech_syn_general_rec_0013_012,train,negative,tts_synthetic_continuous_speech,synthetic negative_general_speech,n/a,48000,1.5,0.0,0.9997083333333333,-15.844659805297852,,-7.887882268965128,-29.118025365919998,21.23014309695487,,,,,,,,
speech_syn_general_rec_0196_009,train,negative,tts_synthetic_continuous_speech,synthetic negative_general_speech,n/a,48000,1.5,0.0,0.9963888888888889,-18.624189376831055,,-9.886985483730207,-32.29181803932664,22.404832555596435,,,,,,,,
speech_syn_general_rec_0031_006,train,negative,tts_synthetic_continuous_speech,synthetic negative_general_speech,n/a,48000,1.5,0.0,0.9969305555555555,-19.930461883544922,,-10.43834120888114,-39.25358960507411,28.81524839619297,,,,,,,,
speech_syn_general_rec_0065_009,train,negative,tts_synthetic_continuous_speech,synthetic negative_general_speech,n/a,48000,1.5,0.0,0.9996944444444444,-20.683900833129883,,-15.886339763647428,-30.198249896830696,14.311910133183268,,,,,,,,
speech_syn_general_rec_0203_009,train,negative,tts_synthetic_continuous_speech,synthetic negative_general_speech,n/a,48000,1.5,0.0,0.9845416666666666,-19.784088134765625,,-13.495123673982443,-39.48173314708917,25.986609473106732,,,,,,,,
speech_syn_general_rec_0140_003,train,negative,tts_synthetic_continuous_speech,synthetic negative_general_speech,n/a,48000,1.5,0.0,0.9996805555555556,-19.492006301879883,,-14.858061102719798,-28.76441423273327,13.906353130013471,,,,,,,,
speech_syn_general_rec_0181_002,train,negative,tts_synthetic_continuous_speech,synthetic negative_general_speech,n/a,48000,1.5,0.0,0.5681944444444444,-21.424074172973633,,-13.465136819089937,-180.0,166.53486318091007,,,,,,,,
speech_syn_general_rec_0179_003,train,negative,tts_synthetic_continuous_speech,synthetic negative_general_speech,n/a,48000,1.5,0.0,0.9990555555555556,-21.86880111694336,,-15.655339820883963,-40.14415007440544,24.488810253521475,,,,,,,,
speech_syn_general_rec_0108_009,train,negative,tts_synthetic_continuous_speech,synthetic negative_general_speech,n/a,48000,1.5,0.0,0.9960416666666667,-21.196670532226562,,-16.377642314919914,-38.600525909393895,22.22288359447398,,,,,,,,
speech_syn_general_rec_0037_009,train,negative,tts_synthetic_continuous_speech,synthetic negative_general_speech,n/a,48000,1.5,0.0,0.9998611111111111,-16.924230575561523,,-10.869018485948834,-23.13380842566945,12.264789939720616,,,,,,,,
speech_syn_general_rec_0163_000,train,negative,tts_synthetic_continuous_speech,synthetic negative_general_speech,n/a,48000,1.5,0.0,0.9996388888888889,-19.96748161315918,,-14.639457762239694,-32.509545671770276,17.870087909530582,,,,,,,,
speech_syn_general_rec_0168_003,train,negative,tts_synthetic_continuous_speech,synthetic negative_general_speech,n/a,48000,1.5,0.0,0.9983333333333333,-21.920175552368164,,-16.56928436494173,-32.92948656925901,16.360202204317282,,,,,,,,
speech_syn_general_rec_0141_009,train,negative,tts_synthetic_continuous_speech,synthetic negative_general_speech,n/a,48000,1.5,0.0,0.9987638888888889,-13.347295761108398,,-7.87051952386655,-38.56999635669907,30.699476832832524,,,,,,,,
speech_syn_general_rec_0189_008,validation,negative,tts_synthetic_continuous_speech,synthetic negative_general_speech,n/a,48000,1.5,0.0,0.9992083333333334,-16.339736938476562,,-9.146439221680364,-29.772603786680268,20.626164564999904,,,,,,,,
speech_syn_general_rec_0188_002,train,negative,tts_synthetic_continuous_speech,synthetic negative_general_speech,n/a,48000,1.5,0.0,0.9994444444444445,-20.389482498168945,,-13.25201104636282,-41.259114904684665,28.007103858321845,,,,,,,,
speech_syn_general_rec_0082_006,train,negative,tts_synthetic_continuous_speech,synthetic negative_general_speech,n/a,48000,1.5,0.0,0.9998055555555555,-17.942752838134766,,-15.18950948903493,-28.846580916419313,13.657071427384384,,,,,,,,
speech_syn_general_rec_0113_006,train,negative,tts_synthetic_continuous_speech,synthetic negative_general_speech,n/a,48000,1.5,0.0,0.9991666666666666,-15.540924072265625,,-9.600624964011503,-29.636285719680963,20.03566075566946,,,,,,,,
speech_syn_general_rec_0209_004,train,negative,tts_synthetic_continuous_speech,synthetic negative_general_speech,n/a,48000,1.5,0.0,0.9997916666666666,-20.3358097076416,,-15.128613101340468,-30.128972577977297,15.00035947663683,,,,,,,,
speech_syn_general_rec_0058_001,train,negative,tts_synthetic_continuous_speech,synthetic negative_general_speech,n/a,48000,1.5,0.0,0.9976527777777778,-18.568660736083984,,-13.21749067862991,-36.807234309182306,23.589743630552398,,,,,,,,
speech_syn_general_rec_0138_001,train,negative,tts_synthetic_continuous_speech,synthetic negative_general_speech,n/a,48000,1.5,1.388888888888889e-05,0.9996388888888889,-13.456974983215332,,-8.589228464136418,-35.39554034219926,26.806311878062843,,,,,,,,
speech_syn_general_rec_0156_005,validation,negative,tts_synthetic_continuous_speech,synthetic negative_general_speech,n/a,48000,1.5,0.0,0.9997222222222222,-17.271282196044922,,-12.557175013821714,-30.16317140453488,17.605996390713166,,,,,,,,
speech_syn_general_rec_0175_009,validation,negative,tts_synthetic_continuous_speech,synthetic negative_general_speech,n/a,48000,1.5,0.0,0.9982777777777778,-19.96379280090332,,-12.532009840037611,-35.513269453385085,22.981259613347476,,,,,,,,
speech_syn_general_rec_0162_005,train,negative,tts_synthetic_continuous_speech,synthetic negative_general_speech,n/a,48000,1.5,0.0,0.5424444444444444,-33.126712799072266,,-26.073470508576133,-180.0,153.92652949142388,,,,,,,,
speech_syn_general_rec_0175_014,validation,negative,tts_synthetic_continuous_speech,synthetic negative_general_speech,n/a,48000,1.5,0.0004027777777777778,0.9992083333333334,-15.563035011291504,,-8.532390835571661,-32.628547322367496,24.096156486795834,,,,,,,,
speech_syn_general_rec_0102_006,train,negative,tts_synthetic_continuous_speech,synthetic negative_general_speech,n/a,48000,1.5,0.0,0.9998333333333334,-15.80966854095459,,-8.25315186927651,-28.61164866320104,20.35849679392453,,,,,,,,
speech_syn_general_rec_0059_010,train,negative,tts_synthetic_continuous_speech,synthetic negative_general_speech,n/a,48000,1.5,0.0,0.5352361111111111,-27.83555030822754,,-17.76206383113903,-180.0,162.23793616886098,,,,,,,,
speech_syn_general_rec_0103_010,test,negative,tts_synthetic_continuous_speech,synthetic negative_general_speech,n/a,48000,1.5,0.0,0.8652777777777778,-26.156082153320312,,-20.61302048829353,-79.61095306410215,58.99793257580862,,,,,,,,
speech_syn_general_rec_0137_008,train,negative,tts_synthetic_continuous_speech,synthetic negative_general_speech,n/a,48000,1.5,0.0,0.9970972222222222,-20.31414222717285,,-17.127849510330037,-37.914409668113116,20.78656015778308,,,,,,,,
speech_syn_general_rec_0031_008,train,negative,tts_synthetic_continuous_speech,synthetic negative_general_speech,n/a,48000,1.5,0.0,0.9965833333333334,-15.410062789916992,,-6.552246129734635,-43.27073289394403,36.718486764209395,,,,,,,,
speech_syn_general_rec_0101_004,train,negative,tts_synthetic_continuous_speech,synthetic negative_general_speech,n/a,48000,1.5,0.0,0.9998333333333334,-16.874008178710938,,-13.340909350214615,-25.795549524651683,12.454640174437069,,,,,,,,
speech_syn_general_rec_0061_007,train,negative,tts_synthetic_continuous_speech,synthetic negative_general_speech,n/a,48000,1.5,0.0,0.9958333333333333,-17.549612045288086,,-9.016845185027128,-40.96000892879454,31.943163743767407,,,,,,,,
speech_syn_general_rec_0099_005,train,negative,tts_synthetic_continuous_speech,synthetic negative_general_speech,n/a,48000,1.5,0.0,0.9925138888888889,-23.032928466796875,,-16.65041299680323,-38.737774376931405,22.087361380128176,,,,,,,,
speech_syn_general_rec_0005_006,test,negative,tts_synthetic_continuous_speech,synthetic negative_general_speech,n/a,48000,1.5,0.0,0.9998055555555555,-20.176057815551758,,-16.26619017417861,-34.378373801383866,18.112183627205255,,,,,,,,
speech_syn_general_rec_0023_002,train,negative,tts_synthetic_continuous_speech,synthetic negative_general_speech,n/a,48000,1.5,0.0,0.9998611111111111,-14.804412841796875,,-11.484143266070653,-24.412122050700777,12.927978784630124,,,,,,,,
speech_syn_general_rec_0147_003,train,negative,tts_synthetic_continuous_speech,synthetic negative_general_speech,n/a,48000,1.5,0.0,0.9948472222222222,-21.329978942871094,,-16.42810907882798,-31.908355059000915,15.480245980172935,,,,,,,,
speech_syn_general_rec_0105_006,train,negative,tts_synthetic_continuous_speech,synthetic negative_general_speech,n/a,48000,1.5,0.0,0.9995416666666667,-20.829811096191406,,-13.318860436999563,-32.633148654718944,19.31428821771938,,,,,,,,
speech_syn_general_rec_0124_000,train,negative,tts_synthetic_continuous_speech,synthetic negative_general_speech,n/a,48000,1.5,0.0,0.9987361111111112,-18.513580322265625,,-11.231982368343491,-31.916662590928514,20.684680222585023,,,,,,,,
speech_syn_general_rec_0148_009,train,negative,tts_synthetic_continuous_speech,synthetic negative_general_speech,n/a,48000,1.5,0.0,0.9998055555555555,-16.348548889160156,,-10.978730371444252,-26.24923787463186,15.270507503187607,,,,,,,,
speech_syn_general_rec_0053_003,train,negative,tts_synthetic_continuous_speech,synthetic negative_general_speech,n/a,48000,1.5,0.0,0.9957222222222222,-19.717540740966797,,-14.346953269337575,-44.616586915307394,30.26963364596982,,,,,,,,
speech_syn_general_rec_0023_009,train,negative,tts_synthetic_continuous_speech,synthetic negative_general_speech,n/a,48000,1.5,0.0,0.9998611111111111,-18.047687530517578,,-16.17189541636155,-26.899273485014533,10.727378068652982,,,,,,,,
speech_syn_general_rec_0130_010,train,negative,tts_synthetic_continuous_speech,synthetic negative_general_speech,n/a,48000,1.5,0.0,0.9998055555555555,-17.89895248413086,,-14.08413927879845,-30.86692333935802,16.78278406055957,,,,,,,,
speech_syn_general_rec_0033_008,train,negative,tts_synthetic_continuous_speech,synthetic negative_general_speech,n/a,48000,1.5,0.0,0.9992222222222222,-19.048707962036133,,-12.458811872898337,-39.283647407611944,26.824835534713607,,,,,,,,
speech_syn_general_rec_0130_008,train,negative,tts_synthetic_continuous_speech,synthetic negative_general_speech,n/a,48000,1.5,0.0,0.9999027777777778,-16.491168975830078,,-14.60866450544063,-23.471589221216576,8.862924715775945,,,,,,,,
speech_syn_general_rec_0002_007,test,negative,tts_synthetic_continuous_speech,synthetic negative_general_speech,n/a,48000,1.5,0.0,0.790625,-29.565654754638672,,-22.73862309001831,-100.09646334647661,77.3578402564583,,,,,,,,
speech_syn_general_rec_0024_004,train,negative,tts_synthetic_continuous_speech,synthetic negative_general_speech,n/a,48000,1.5,0.0,0.9986111111111111,-20.370147705078125,,-11.85408752562759,-42.44109864331146,30.587011117683872,,,,,,,,
speech_syn_general_rec_0176_001,train,negative,tts_synthetic_continuous_speech,synthetic negative_general_speech,n/a,48000,1.5,0.0,0.9991527777777778,-17.435606002807617,,-10.964957522001864,-32.61749040461766,21.652532882615798,,,,,,,,
speech_syn_general_rec_0173_003,train,negative,tts_synthetic_continuous_speech,synthetic negative_general_speech,n/a,48000,1.5,0.0,0.9984444444444445,-17.034687042236328,,-14.648834673215298,-32.367898126114234,17.719063452898936,,,,,,,,
speech_syn_general_rec_0192_004,train,negative,tts_synthetic_continuous_speech,synthetic negative_general_speech,n/a,48000,1.5,0.0,0.998375,-20.132423400878906,,-14.068115528634635,-32.226372337597,18.158256808962363,,,,,,,,
speech_syn_general_rec_0139_002,train,negative,tts_synthetic_continuous_speech,synthetic negative_general_speech,n/a,48000,1.5,0.0,0.9989722222222223,-19.631389617919922,,-12.711942376715461,-36.207515802837825,23.495573426122363,,,,,,,,
speech_syn_general_rec_0048_009,train,negative,tts_synthetic_continuous_speech,synthetic negative_general_speech,n/a,48000,1.5,0.0,0.9981805555555555,-22.091461181640625,,-16.137220984500143,-38.44453367176861,22.307312687268467,,,,,,,,
speech_syn_general_rec_0183_007,train,negative,tts_synthetic_continuous_speech,synthetic negative_general_speech,n/a,48000,1.5,0.0,0.7496388888888889,-27.589073181152344,,-21.730282395760547,-177.53374091728435,155.8034585215238,,,,,,,,
speech_syn_general_rec_0163_005,train,negative,tts_synthetic_continuous_speech,synthetic negative_general_speech,n/a,48000,1.5,0.0,0.99975,-17.252498626708984,,-11.526096878834526,-27.56186790355781,16.035771024723285,,,,,,,,
speech_syn_general_rec_0208_008,train,negative,tts_synthetic_continuous_speech,synthetic negative_general_speech,n/a,48000,1.5,0.0,0.9967777777777778,-18.104633331298828,,-9.985484106701843,-30.586897724018907,20.601413617317064,,,,,,,,
speech_syn_general_rec_0032_007,test,negative,tts_synthetic_continuous_speech,synthetic negative_general_speech,n/a,48000,1.5,0.0,0.9994305555555556,-22.377090454101562,,-14.257409621004337,-34.55016168917962,20.292752068175282,,,,,,,,
speech_syn_general_rec_0089_008,train,negative,tts_synthetic_continuous_speech,synthetic negative_general_speech,n/a,48000,1.5,0.0,0.9999027777777778,-19.372529983520508,,-14.7741476224272,-31.511186527322252,16.73703890489505,,,,,,,,
speech_syn_general_rec_0036_000,train,negative,tts_synthetic_continuous_speech,synthetic negative_general_speech,n/a,48000,1.5,0.0,0.9998611111111111,-16.148780822753906,,-10.517899461053952,-28.563401994963105,18.04550253390915,,,,,,,,
speech_syn_general_rec_0173_007,train,negative,tts_synthetic_continuous_speech,synthetic negative_general_speech,n/a,48000,1.5,0.0,0.9981527777777778,-13.60954761505127,,-9.89250008036504,-28.53077367796215,18.63827359759711,,,,,,,,
speech_syn_general_rec_0122_007,train,negative,tts_synthetic_continuous_speech,synthetic negative_general_speech,n/a,48000,1.5,0.0,0.9993194444444444,-17.410415649414062,,-11.109301379486412,-31.984946057299087,20.875644677812673,,,,,,,,
speech_syn_general_rec_0201_005,train,negative,tts_synthetic_continuous_speech,synthetic negative_general_speech,n/a,48000,1.5,0.0,0.5674027777777778,-34.34279251098633,,-25.353327007897988,-180.0,154.64667299210203,,,,,,,,
speech_syn_general_rec_0159_007,train,negative,tts_synthetic_continuous_speech,synthetic negative_general_speech,n/a,48000,1.5,0.0,0.995625,-18.246715545654297,,-9.210104253863529,-59.942568848659086,50.73246459479556,,,,,,,,
speech_syn_general_rec_0009_003,train,negative,tts_synthetic_continuous_speech,synthetic negative_general_speech,n/a,48000,1.5,0.0,0.5639166666666666,-24.783763885498047,,-18.18995099498481,-180.0,161.8100490050152,,,,,,,,
speech_syn_general_rec_0040_002,train,negative,tts_synthetic_continuous_speech,synthetic negative_general_speech,n/a,48000,1.5,0.0,0.9865416666666667,-21.02452850341797,,-14.3697281884192,-39.62590816853652,25.256179980117317,,,,,,,,
speech_syn_general_rec_0038_004,train,negative,tts_synthetic_continuous_speech,synthetic negative_general_speech,n/a,48000,1.5,0.0,0.9998611111111111,-15.778705596923828,,-9.232170193006137,-25.554226399471126,16.32205620646499,,,,,,,,
speech_syn_general_rec_0186_002,train,negative,tts_synthetic_continuous_speech,synthetic negative_general_speech,n/a,48000,1.5,0.0,0.9982083333333334,-18.69267463684082,,-11.329133496613817,-33.10306161374561,21.773928117131792,,,,,,,,
speech_syn_general_rec_0199_006,train,negative,tts_synthetic_continuous_speech,synthetic negative_general_speech,n/a,48000,1.5,0.0,0.9998888888888889,-18.534496307373047,,-12.668014355760652,-28.163928264651034,15.495913908890381,,,,,,,,
speech_syn_general_rec_0133_002,train,negative,tts_synthetic_continuous_speech,synthetic negative_general_speech,n/a,48000,1.5,0.0,0.9998055555555555,-15.850126266479492,,-10.162109051403737,-25.643472181208104,15.481363129804366,,,,,,,,
speech_syn_general_rec_0086_013,validation,negative,tts_synthetic_continuous_speech,synthetic negative_general_speech,n/a,48000,1.5,0.0,0.6652083333333333,-21.89507484436035,,-14.343103989493434,-180.0,165.65689601050656,,,,,,,,
speech_syn_general_rec_0137_002,train,negative,tts_synthetic_continuous_speech,synthetic negative_general_speech,n/a,48000,1.5,0.0,0.9998611111111111,-15.932111740112305,,-12.32269038427896,-29.31088159916346,16.9881912148845,,,,,,,,
speech_syn_general_rec_0060_011,train,negative,tts_synthetic_continuous_speech,synthetic negative_general_speech,n/a,48000,1.5,0.0,0.6182638888888888,-21.684825897216797,,-13.734245672555772,-180.0,166.26575432744423,,,,,,,,
speech_syn_general_rec_0072_006,train,negative,tts_synthetic_continuous_speech,synthetic negative_general_speech,n/a,48000,1.5,1.388888888888889e-05,0.997,-19.78883934020996,,-11.839289135418124,-41.79525951038352,29.955970374965393,,,,,,,,
speech_syn_general_rec_0144_002,train,negative,tts_synthetic_continuous_speech,synthetic negative_general_speech,n/a,48000,1.5,0.0,0.9998194444444445,-16.564958572387695,,-10.606231645352784,-26.666185110625463,16.059953465272677,,,,,,,,
speech_syn_general_rec_0205_007,train,negative,tts_synthetic_continuous_speech,synthetic negative_general_speech,n/a,48000,1.5,0.0,0.9992361111111111,-26.346921920776367,,-20.68912546299904,-40.2790791772842,19.589953714285162,,,,,,,,
speech_syn_general_rec_0179_009,train,negative,tts_synthetic_continuous_speech,synthetic negative_general_speech,n/a,48000,1.5,0.0,0.9996388888888889,-19.414682388305664,,-14.810470532287502,-33.309131229623716,18.498660697336213,,,,,,,,
speech_syn_general_rec_0141_006,train,negative,tts_synthetic_continuous_speech,synthetic negative_general_speech,n/a,48000,1.5,0.0,0.9985833333333334,-17.74448013305664,,-11.347591695464176,-41.1982853430168,29.850693647552625,,,,,,,,
speech_syn_general_rec_0043_005,train,negative,tts_synthetic_continuous_speech,synthetic negative_general_speech,n/a,48000,1.5,0.0,0.9988333333333334,-17.837133407592773,,-9.080150837826528,-36.43101158885317,27.350860751026637,,,,,,,,
speech_syn_general_rec_0103_003,test,negative,tts_synthetic_continuous_speech,synthetic negative_general_speech,n/a,48000,1.5,0.0,0.99475,-28.126628875732422,,-20.64383396895661,-44.51133315187448,23.86749918291787,,,,,,,,
speech_syn_general_rec_0048_002,train,negative,tts_synthetic_continuous_speech,synthetic negative_general_speech,n/a,48000,1.5,0.0,0.9995,-19.649341583251953,,-12.09002037821181,-38.36140263633879,26.271382258126977,,,,,,,,
speech_syn_general_rec_0008_012,train,negative,tts_synthetic_continuous_speech,synthetic negative_general_speech,n/a,48000,1.5,0.0,0.9429166666666666,-24.397361755371094,,-16.34934258442868,-59.67041566416579,43.321073079737104,,,,,,,,
speech_syn_general_rec_0067_003,train,negative,tts_synthetic_continuous_speech,synthetic negative_general_speech,n/a,48000,1.5,0.0,0.9997916666666666,-18.633638381958008,,-13.401968497295314,-27.93176224648087,14.529793749185554,,,,,,,,
speech_syn_general_rec_0032_012,test,negative,tts_synthetic_continuous_speech,synthetic negative_general_speech,n/a,48000,1.5,0.0,0.9855,-27.812559127807617,,-20.723871489997048,-50.23843337056607,29.514561880569023,,,,,,,,
speech_syn_general_rec_0164_002,train,negative,tts_synthetic_continuous_speech,synthetic negative_general_speech,n/a,48000,1.5,0.0,0.99275,-16.714323043823242,,-10.092269723622731,-38.73799791645423,28.645728192831502,,,,,,,,
speech_syn_general_rec_0213_004,train,negative,tts_synthetic_continuous_speech,synthetic negative_general_speech,n/a,48000,1.5,0.0,0.9995416666666667,-23.421619415283203,,-16.147655813445954,-38.14298398176245,21.995328168316494,,,,,,,,
speech_syn_general_rec_0095_012,test,negative,tts_synthetic_continuous_speech,synthetic negative_general_speech,n/a,48000,1.5,0.0,0.9995555555555555,-16.411941528320312,,-8.50653087667543,-50.10768039210895,41.60114951543352,,,,,,,,
speech_syn_general_rec_0107_007,train,negative,tts_synthetic_continuous_speech,synthetic negative_general_speech,n/a,48000,1.5,0.0,0.5238611111111111,-35.05967712402344,,-26.049065054561332,-180.0,153.95093494543866,,,,,,,,
speech_syn_general_rec_0103_001,test,negative,tts_synthetic_continuous_speech,synthetic negative_general_speech,n/a,48000,1.5,0.0,0.8276388888888889,-28.807554244995117,,-21.99250875322822,-99.12607777479508,77.13356902156686,,,,,,,,
speech_syn_general_rec_0079_007,train,negative,tts_synthetic_continuous_speech,synthetic negative_general_speech,n/a,48000,1.5,0.0,0.9994027777777778,-16.14666748046875,,-9.124427066362177,-35.26109873658531,26.136671670223134,,,,,,,,
speech_syn_general_rec_0172_001,validation,negative,tts_synthetic_continuous_speech,synthetic negative_general_speech,n/a,48000,1.5,0.0,0.6472361111111111,-26.874164581298828,,-18.04484689597752,-180.0,161.9551531040225,,,,,,,,
speech_syn_general_rec_0114_007,train,negative,tts_synthetic_continuous_speech,synthetic negative_general_speech,n/a,48000,1.5,0.0,0.9998055555555555,-20.400623321533203,,-17.11548654965933,-31.147731166669338,14.032244617010008,,,,,,,,
speech_syn_general_rec_0029_012,test,negative,tts_synthetic_continuous_speech,synthetic negative_general_speech,n/a,48000,1.5,0.0,0.672125,-20.714282989501953,,-13.91711002055618,-180.0,166.08288997944382,,,,,,,,
speech_syn_general_rec_0042_014,train,negative,tts_synthetic_continuous_speech,synthetic negative_general_speech,n/a,48000,1.5,0.0,0.999875,-17.556549072265625,,-13.684419429189541,-30.123944519331836,16.439525090142297,,,,,,,,
speech_syn_general_rec_0055_014,test,negative,tts_synthetic_continuous_speech,synthetic negative_general_speech,n/a,48000,1.5,0.0,0.9991111111111111,-23.966670989990234,,-16.321655345544514,-44.7574020730813,28.435746727536788,,,,,,,,
speech_syn_general_rec_0188_001,train,negative,tts_synthetic_continuous_speech,synthetic negative_general_speech,n/a,48000,1.5,0.0,0.5536666666666666,-30.422771453857422,,-20.730831171139993,-180.0,159.26916882886002,,,,,,,,
speech_syn_general_rec_0037_005,train,negative,tts_synthetic_continuous_speech,synthetic negative_general_speech,n/a,48000,1.5,0.0,0.9996388888888889,-18.379751205444336,,-14.119765015648088,-27.741585382062492,13.621820366414404,,,,,,,,
speech_syn_general_rec_0154_008,train,negative,tts_synthetic_continuous_speech,synthetic negative_general_speech,n/a,48000,1.5,0.0,0.9998194444444445,-19.9923038482666,,-17.854353333309614,-31.000892547945384,13.14653921463577,,,,,,,,
speech_syn_general_rec_0098_014,validation,negative,tts_synthetic_continuous_speech,synthetic negative_general_speech,n/a,48000,1.5,0.0,0.7044444444444444,-22.843002319335938,,-15.356722288603725,-180.0,164.64327771139628,,,,,,,,
speech_syn_general_rec_0005_009,test,negative,tts_synthetic_continuous_speech,synthetic negative_general_speech,n/a,48000,1.5,0.0,0.563125,-30.812145233154297,,-22.477231553953324,-180.0,157.52276844604668,,,,,,,,
speech_syn_general_rec_0162_007,train,negative,tts_synthetic_continuous_speech,synthetic negative_general_speech,n/a,48000,1.5,0.0,0.8023888888888889,-26.333087921142578,,-18.775172330618453,-100.47882906574793,81.70365673512947,,,,,,,,
speech_syn_general_rec_0136_004,train,negative,tts_synthetic_continuous_speech,synthetic negative_general_speech,n/a,48000,1.5,0.0,0.7289722222222222,-21.944046020507812,,-15.020870213306338,-180.0,164.97912978669365,,,,,,,,
speech_syn_general_rec_0006_005,train,negative,tts_synthetic_continuous_speech,synthetic negative_general_speech,n/a,48000,1.5,0.0,0.9995277777777778,-25.452621459960938,,-19.024134513931628,-33.44446275072521,14.42032823679358,,,,,,,,
speech_syn_general_rec_0194_012,train,negative,tts_synthetic_continuous_speech,synthetic negative_general_speech,n/a,48000,1.5,0.0,0.9998888888888889,-17.783674240112305,,-12.470079285070074,-26.275355912057787,13.805276626987713,,,,,,,,
speech_syn_general_rec_0134_003,train,negative,tts_synthetic_continuous_speech,synthetic negative_general_speech,n/a,48000,1.5,0.0,0.9329444444444445,-29.48125648498535,,-21.76861931330141,-53.928241426893145,32.15962211359174,,,,,,,,
speech_syn_general_rec_0152_008,test,negative,tts_synthetic_continuous_speech,synthetic negative_general_speech,n/a,48000,1.5,0.0,0.9993611111111111,-17.452993392944336,,-11.271667739964856,-37.19477260376424,25.923104863799388,,,,,,,,
media_syn_media_rec_0109_004,train,negative,tts_synthetic_continuous_speech,synthetic negative_media,n/a,48000,1.5,0.0,0.9997638888888889,-20.107763290405273,,-13.60315805215269,-29.01442328039109,15.411265228238399,,,,,,,,
media_syn_media_rec_0015_006,train,negative,tts_synthetic_continuous_speech,synthetic negative_media,n/a,48000,1.5,0.0,0.9998888888888889,-18.753398895263672,,-14.822264773197931,-26.477000662814977,11.654735889617045,,,,,,,,
media_syn_media_rec_0173_006,train,negative,tts_synthetic_continuous_speech,synthetic negative_media,n/a,48000,1.5,0.0,0.9997916666666666,-19.747190475463867,,-13.325454234596442,-31.572579656623976,18.247125422027533,,,,,,,,
media_syn_media_rec_0041_003,train,negative,tts_synthetic_continuous_speech,synthetic negative_media,n/a,48000,1.5,0.0,0.9994444444444445,-24.672710418701172,,-19.007224278859546,-35.55479050637567,16.54756622751612,,,,,,,,
media_syn_media_rec_0051_003,train,negative,tts_synthetic_continuous_speech,synthetic negative_media,n/a,48000,1.5,0.0,0.9996944444444444,-22.23346519470215,,-14.782498628521157,-31.63232096507025,16.849822336549092,,,,,,,,
media_syn_media_rec_0048_001,train,negative,tts_synthetic_continuous_speech,synthetic negative_media,n/a,48000,1.5,0.0,0.9997222222222222,-20.74616241455078,,-15.47894817429151,-41.13514939953162,25.65620122524011,,,,,,,,
media_syn_media_rec_0092_003,train,negative,tts_synthetic_continuous_speech,synthetic negative_media,n/a,48000,1.5,0.0,0.9993055555555556,-20.413970947265625,,-11.999341856101806,-43.10265833623466,31.103316480132854,,,,,,,,
media_syn_media_rec_0053_003,train,negative,tts_synthetic_continuous_speech,synthetic negative_media,n/a,48000,1.5,0.0,0.9997638888888889,-23.358585357666016,,-16.59492631572242,-31.594617319743243,14.999691004020821,,,,,,,,
media_syn_media_rec_0025_005,train,negative,tts_synthetic_continuous_speech,synthetic negative_media,n/a,48000,1.5,0.0,0.9989583333333333,-19.58513069152832,,-11.219013705843217,-46.476714959633995,35.25770125379078,,,,,,,,
media_syn_media_rec_0036_003,train,negative,tts_synthetic_continuous_speech,synthetic negative_media,n/a,48000,1.5,0.0,0.9995,-18.959117889404297,,-11.977803765920985,-35.92948632706225,23.951682561141265,,,,,,,,
media_syn_media_rec_0170_001,train,negative,tts_synthetic_continuous_speech,synthetic negative_media,n/a,48000,1.5,0.0,0.9994722222222222,-21.79302406311035,,-14.505851884874195,-42.53111649379482,28.025264608920622,,,,,,,,
media_syn_media_rec_0095_001,test,negative,tts_synthetic_continuous_speech,synthetic negative_media,n/a,48000,1.5,0.0,0.9993888888888889,-29.597272872924805,,-22.889678571066774,-40.61717850952342,17.727499938456646,,,,,,,,
media_syn_media_rec_0000_003,train,negative,tts_synthetic_continuous_speech,synthetic negative_media,n/a,48000,1.5,0.0,0.9998472222222222,-19.156597137451172,,-13.007461712731125,-27.24340288004241,14.235941167311285,,,,,,,,
media_syn_media_rec_0158_005,train,negative,tts_synthetic_continuous_speech,synthetic negative_media,n/a,48000,1.5,0.0,0.9997222222222222,-19.555728912353516,,-13.161411853945564,-36.64421500521119,23.48280315126562,,,,,,,,
media_syn_media_rec_0066_007,train,negative,tts_synthetic_continuous_speech,synthetic negative_media,n/a,48000,1.5,0.0,0.9998194444444445,-20.007951736450195,,-12.158539072098838,-31.461844804910847,19.303305732812007,,,,,,,,
media_syn_media_rec_0029_005,test,negative,tts_synthetic_continuous_speech,synthetic negative_media,n/a,48000,1.5,0.0,0.9996111111111111,-17.948020935058594,,-14.411821588595654,-34.48531128032348,20.073489691727826,,,,,,,,
media_syn_media_rec_0001_002,train,negative,tts_synthetic_continuous_speech,synthetic negative_media,n/a,48000,1.5,0.0,0.9998472222222222,-15.641525268554688,,-13.940199916702143,-24.314174112934655,10.373974196232512,,,,,,,,
media_syn_media_rec_0146_003,test,negative,tts_synthetic_continuous_speech,synthetic negative_media,n/a,48000,1.5,0.0,0.9998888888888889,-21.216510772705078,,-15.94342834146847,-33.53507380483589,17.59164546336742,,,,,,,,
media_syn_media_rec_0113_006,test,negative,tts_synthetic_continuous_speech,synthetic negative_media,n/a,48000,1.5,0.0,0.9998194444444445,-20.515825271606445,,-11.887018015277635,-31.22499310832596,19.33797509304833,,,,,,,,
media_syn_media_rec_0097_004,train,negative,tts_synthetic_continuous_speech,synthetic negative_media,n/a,48000,1.5,0.0,0.9998333333333334,-20.70482063293457,,-13.630611432632112,-31.822028437901327,18.191417005269216,,,,,,,,
media_syn_media_rec_0009_005,train,negative,tts_synthetic_continuous_speech,synthetic negative_media,n/a,48000,1.5,0.0,0.9989166666666667,-24.758289337158203,,-14.142402877255664,-47.55589869318773,33.413495815932066,,,,,,,,
media_syn_media_rec_0046_000,train,negative,tts_synthetic_continuous_speech,synthetic negative_media,n/a,48000,1.5,0.0,0.9997777777777778,-21.769195556640625,,-14.70270594746828,-31.75041890083956,17.04771295337128,,,,,,,,
media_syn_media_rec_0103_008,validation,negative,tts_synthetic_continuous_speech,synthetic negative_media,n/a,48000,1.5,0.0,0.9997083333333333,-19.811044692993164,,-14.71050755285416,-33.10091869278654,18.390411139932382,,,,,,,,
media_syn_media_rec_0099_001,train,negative,tts_synthetic_continuous_speech,synthetic negative_media,n/a,48000,1.5,0.0,0.99975,-18.051145553588867,,-11.919350613409584,-29.343553416187714,17.42420280277813,,,,,,,,
media_syn_media_rec_0120_000,train,negative,tts_synthetic_continuous_speech,synthetic negative_media,n/a,48000,1.5,0.0,0.999875,-21.265003204345703,,-12.375739068776745,-30.30289629460751,17.927157225830765,,,,,,,,
media_syn_media_rec_0065_001,train,negative,tts_synthetic_continuous_speech,synthetic negative_media,n/a,48000,1.5,0.0,0.9997777777777778,-20.73101234436035,,-14.49077074268125,-33.12692401036218,18.636153267680932,,,,,,,,
media_syn_media_rec_0086_001,test,negative,tts_synthetic_continuous_speech,synthetic negative_media,n/a,48000,1.5,0.0,0.9983333333333333,-25.073930740356445,,-13.503429062650524,-48.80826495726934,35.30483589461881,,,,,,,,
media_syn_media_rec_0136_000,train,negative,tts_synthetic_continuous_speech,synthetic negative_media,n/a,48000,1.5,0.0,0.9997083333333333,-19.11537742614746,,-14.458596112682105,-37.28508021728698,22.826484104604877,,,,,,,,
media_syn_media_rec_0057_006,validation,negative,tts_synthetic_continuous_speech,synthetic negative_media,n/a,48000,1.5,0.0,0.9996805555555556,-22.00735092163086,,-11.152048237518777,-34.12361724316274,22.971569005643964,,,,,,,,
media_syn_media_rec_0067_000,train,negative,tts_synthetic_continuous_speech,synthetic negative_media,n/a,48000,1.5,0.0,0.9997638888888889,-18.076351165771484,,-11.336027721102475,-29.91705587971431,18.581028158611836,,,,,,,,
media_syn_media_rec_0111_006,train,negative,tts_synthetic_continuous_speech,synthetic negative_media,n/a,48000,1.5,0.0,0.9998194444444445,-18.405790328979492,,-11.102663445661884,-28.540739305104847,17.43807585944296,,,,,,,,
media_syn_media_rec_0146_008,test,negative,tts_synthetic_continuous_speech,synthetic negative_media,n/a,48000,1.5,0.0,0.9998333333333334,-19.275283813476562,,-16.98334359678703,-28.747293668333555,11.763950071546525,,,,,,,,
media_syn_media_rec_0085_000,train,negative,tts_synthetic_continuous_speech,synthetic negative_media,n/a,48000,1.5,0.0,0.9998472222222222,-15.84044075012207,,-13.199597547100687,-29.987285698627783,16.787688151527096,,,,,,,,
media_syn_media_rec_0132_003,train,negative,tts_synthetic_continuous_speech,synthetic negative_media,n/a,48000,1.5,0.0,0.99975,-23.07447052001953,,-17.168794344668363,-34.63473248062893,17.465938135960563,,,,,,,,
media_syn_media_rec_0047_002,train,negative,tts_synthetic_continuous_speech,synthetic negative_media,n/a,48000,1.5,0.0,0.9998472222222222,-16.534147262573242,,-15.30374901171915,-26.448767295824872,11.145018284105722,,,,,,,,
media_syn_media_rec_0070_005,train,negative,tts_synthetic_continuous_speech,synthetic negative_media,n/a,48000,1.5,0.0,0.9995833333333334,-20.316730499267578,,-12.301363364608882,-40.17661235488364,27.875248990274756,,,,,,,,
media_syn_media_rec_0164_000,train,negative,tts_synthetic_continuous_speech,synthetic negative_media,n/a,48000,1.5,0.0,0.999875,-16.867855072021484,,-9.30281956552065,-26.502164796529097,17.199345231008447,,,,,,,,
media_syn_media_rec_0051_000,train,negative,tts_synthetic_continuous_speech,synthetic negative_media,n/a,48000,1.5,0.0,0.9998888888888889,-17.59327507019043,,-15.509494822116038,-28.162649882806832,12.653155060690795,,,,,,,,
media_syn_media_rec_0047_003,train,negative,tts_synthetic_continuous_speech,synthetic negative_media,n/a,48000,1.5,0.0,0.9997777777777778,-19.474220275878906,,-13.062571968428017,-30.69282243611327,17.630250467685254,,,,,,,,
media_syn_media_rec_0157_004,train,negative,tts_synthetic_continuous_speech,synthetic negative_media,n/a,48000,1.5,0.0,0.9997638888888889,-18.915752410888672,,-11.87816115324672,-34.250627138861304,22.372465985614582,,,,,,,,
media_syn_media_rec_0118_005,train,negative,tts_synthetic_continuous_speech,synthetic negative_media,n/a,48000,1.5,0.0,0.9997083333333333,-22.77212905883789,,-19.91819011967063,-33.60546613942715,13.68727601975652,,,,,,,,
media_syn_media_rec_0015_002,train,negative,tts_synthetic_continuous_speech,synthetic negative_media,n/a,48000,1.5,0.0,0.9998333333333334,-19.832351684570312,,-15.30830464402799,-28.094317135667886,12.786012491639896,,,,,,,,
media_syn_media_rec_0105_008,test,negative,tts_synthetic_continuous_speech,synthetic negative_media,n/a,48000,1.5,0.0,0.9998194444444445,-17.926631927490234,,-13.751412955662717,-30.03354612618191,16.282133170519195,,,,,,,,
media_syn_media_rec_0126_000,test,negative,tts_synthetic_continuous_speech,synthetic negative_media,n/a,48000,1.5,0.0,0.9996666666666667,-19.838132858276367,,-12.876518627649975,-31.520474380569677,18.6439557529197,,,,,,,,
media_syn_media_rec_0031_002,train,negative,tts_synthetic_continuous_speech,synthetic negative_media,n/a,48000,1.5,0.0,0.9997916666666666,-17.36355972290039,,-10.443887247649279,-28.870393156050593,18.426505908401314,,,,,,,,
media_syn_media_rec_0162_004,train,negative,tts_synthetic_continuous_speech,synthetic negative_media,n/a,48000,1.5,0.0,0.9997083333333333,-19.157032012939453,,-13.683512422625027,-33.79410310633174,20.11059068370671,,,,,,,,
media_syn_media_rec_0058_002,train,negative,tts_synthetic_continuous_speech,synthetic negative_media,n/a,48000,1.5,0.0,0.9998611111111111,-20.945384979248047,,-14.608839394813591,-31.834253070365996,17.225413675552403,,,,,,,,
media_syn_media_rec_0166_003,test,negative,tts_synthetic_continuous_speech,synthetic negative_media,n/a,48000,1.5,0.0,0.9998055555555555,-17.685897827148438,,-14.418773485162086,-41.453393182743305,27.03461969758122,,,,,,,,
media_syn_media_rec_0057_008,validation,negative,tts_synthetic_continuous_speech,synthetic negative_media,n/a,48000,1.5,0.0,0.9997777777777778,-20.256540298461914,,-14.573214315842538,-34.948681671371716,20.375467355529178,,,,,,,,
media_syn_media_rec_0089_005,train,negative,tts_synthetic_continuous_speech,synthetic negative_media,n/a,48000,1.5,0.0,0.9997361111111112,-21.25756072998047,,-17.151841054963125,-32.89523344827077,15.743392393307648,,,,,,,,
media_syn_media_rec_0172_003,train,negative,tts_synthetic_continuous_speech,synthetic negative_media,n/a,48000,1.5,0.0,0.9995,-22.521854400634766,,-16.337974079013367,-33.2898785704456,16.951904491432234,,,,,,,,
media_syn_media_rec_0131_004,train,negative,tts_synthetic_continuous_speech,synthetic negative_media,n/a,48000,1.5,0.0,0.999875,-19.749298095703125,,-14.341054870689014,-24.875945503114757,10.534890632425743,,,,,,,,
media_syn_media_rec_0101_007,test,negative,tts_synthetic_continuous_speech,synthetic negative_media,n/a,48000,1.5,0.0,0.9995277777777778,-18.817829132080078,,-12.145815840247058,-36.191868327669695,24.046052487422635,,,,,,,,
media_syn_media_rec_0150_007,train,negative,tts_synthetic_continuous_speech,synthetic negative_media,n/a,48000,1.5,0.0,0.9991666666666666,-26.101179122924805,,-16.908071068566002,-42.806754481904484,25.898683413338482,,,,,,,,
media_syn_media_rec_0110_004,train,negative,tts_synthetic_continuous_speech,synthetic negative_media,n/a,48000,1.5,0.0,0.9997916666666666,-18.827749252319336,,-13.506944408407666,-27.773395763574353,14.266451355166687,,,,,,,,
media_syn_media_rec_0073_000,train,negative,tts_synthetic_continuous_speech,synthetic negative_media,n/a,48000,1.5,0.0,0.9997361111111112,-20.401790618896484,,-11.714258452716223,-32.70581220489948,20.991553752183258,,,,,,,,
media_syn_media_rec_0099_004,train,negative,tts_synthetic_continuous_speech,synthetic negative_media,n/a,48000,1.5,0.0,0.9998194444444445,-20.09326934814453,,-14.436950657175181,-29.727331337147977,15.290380679972795,,,,,,,,
media_syn_media_rec_0022_000,train,negative,tts_synthetic_continuous_speech,synthetic negative_media,n/a,48000,1.5,0.0,0.9995833333333334,-20.745193481445312,,-14.11148436645694,-33.55578699458862,19.44430262813168,,,,,,,,
media_syn_media_rec_0124_000,train,negative,tts_synthetic_continuous_speech,synthetic negative_media,n/a,48000,1.5,0.0,0.9997083333333333,-23.647579193115234,,-16.2359287595145,-35.559058422908365,19.323129663393864,,,,,,,,
media_syn_media_rec_0105_007,test,negative,tts_synthetic_continuous_speech,synthetic negative_media,n/a,48000,1.5,0.0,0.9996388888888889,-17.9943790435791,,-14.704021494386414,-44.07961600932244,29.37559451493603,,,,,,,,
media_syn_media_rec_0068_001,train,negative,tts_synthetic_continuous_speech,synthetic negative_media,n/a,48000,1.5,0.0,0.9995277777777778,-19.85940170288086,,-13.351156274701678,-44.0381312469347,30.686974972233017,,,,,,,,
media_syn_media_rec_0034_005,validation,negative,tts_synthetic_continuous_speech,synthetic negative_media,n/a,48000,1.5,0.0,0.9995694444444444,-19.187753677368164,,-15.054477744736669,-45.60671546075102,30.55223771601435,,,,,,,,
media_syn_media_rec_0152_001,train,negative,tts_synthetic_continuous_speech,synthetic negative_media,n/a,48000,1.5,0.0,0.9997638888888889,-17.992219924926758,,-13.477810001754923,-32.52712614016014,19.049316138405217,,,,,,,,
media_syn_media_rec_0047_005,train,negative,tts_synthetic_continuous_speech,synthetic negative_media,n/a,48000,1.5,0.0,0.9998611111111111,-18.401256561279297,,-15.300484298000486,-30.233713986152914,14.933229688152428,,,,,,,,
media_syn_media_rec_0125_000,train,negative,tts_synthetic_continuous_speech,synthetic negative_media,n/a,48000,1.5,0.0,0.999625,-21.99850082397461,,-18.689435669667574,-34.41968126462655,15.730245594958973,,,,,,,,
media_syn_media_rec_0015_007,train,negative,tts_synthetic_continuous_speech,synthetic negative_media,n/a,48000,1.5,0.0,0.9994861111111111,-16.029460906982422,,-9.19176304340926,-41.11069016528219,31.918927121872933,,,,,,,,
media_syn_media_rec_0060_004,train,negative,tts_synthetic_continuous_speech,synthetic negative_media,n/a,48000,1.5,0.0,0.9999305555555555,-17.081680297851562,,-10.970996550520955,-27.926551155840237,16.955554605319282,,,,,,,,
media_syn_media_rec_0100_000,train,negative,tts_synthetic_continuous_speech,synthetic negative_media,n/a,48000,1.5,0.0,0.9997916666666666,-17.23450469970703,,-10.589561484603443,-31.356240097863886,20.766678613260442,,,,,,,,
media_syn_media_rec_0091_003,train,negative,tts_synthetic_continuous_speech,synthetic negative_media,n/a,48000,1.5,0.0,0.9995,-18.622451782226562,,-12.383825880889715,-33.15342398094616,20.76959810005644,,,,,,,,
media_syn_media_rec_0155_000,train,negative,tts_synthetic_continuous_speech,synthetic negative_media,n/a,48000,1.5,0.0,0.9999027777777778,-16.753910064697266,,-11.456917415779149,-27.6401230101561,16.18320559437695,,,,,,,,
media_syn_media_rec_0005_005,train,negative,tts_synthetic_continuous_speech,synthetic negative_media,n/a,48000,1.5,0.0,0.999875,-17.444133758544922,,-13.329997181319973,-27.62774476942846,14.297747588108487,,,,,,,,
media_syn_media_rec_0022_001,train,negative,tts_synthetic_continuous_speech,synthetic negative_media,n/a,48000,1.5,0.0,0.9996388888888889,-21.490306854248047,,-15.518531800713554,-38.11991607154724,22.601384270833684,,,,,,,,
media_syn_media_rec_0034_007,validation,negative,tts_synthetic_continuous_speech,synthetic negative_media,n/a,48000,1.5,0.0,0.9992361111111111,-20.41582489013672,,-12.619534340652839,-44.043388925109966,31.423854584457125,,,,,,,,
media_syn_media_rec_0076_002,train,negative,tts_synthetic_continuous_speech,synthetic negative_media,n/a,48000,1.5,0.0,0.9998611111111111,-19.2911376953125,,-14.716261228324592,-27.30340637299515,12.587145144670556,,,,,,,,
media_syn_media_rec_0045_004,train,negative,tts_synthetic_continuous_speech,synthetic negative_media,n/a,48000,1.5,0.0,0.9998472222222222,-16.641483306884766,,-9.96394004307198,-33.87385681105915,23.90991676798717,,,,,,,,
media_syn_media_rec_0041_000,train,negative,tts_synthetic_continuous_speech,synthetic negative_media,n/a,48000,1.5,0.0,0.9996944444444444,-17.257495880126953,,-11.695149259350988,-34.87990287360448,23.18475361425349,,,,,,,,
media_syn_media_rec_0163_006,train,negative,tts_synthetic_continuous_speech,synthetic negative_media,n/a,48000,1.5,0.0,0.9998194444444445,-16.477596282958984,,-11.332764497627897,-30.023487435733507,18.69072293810561,,,,,,,,
media_syn_media_rec_0067_003,train,negative,tts_synthetic_continuous_speech,synthetic negative_media,n/a,48000,1.5,0.0,0.9997222222222222,-18.30443572998047,,-11.065746136314395,-33.10770917576366,22.041963039449264,,,,,,,,
media_syn_media_rec_0089_007,train,negative,tts_synthetic_continuous_speech,synthetic negative_media,n/a,48000,1.5,0.0,0.9996805555555556,-21.31147003173828,,-16.011476014543526,-34.98188182728135,18.970405812737823,,,,,,,,
media_syn_media_rec_0105_000,test,negative,tts_synthetic_continuous_speech,synthetic negative_media,n/a,48000,1.5,0.0,0.9998333333333334,-15.787043571472168,,-11.240105649324486,-26.7239983949862,15.483892745661715,,,,,,,,
media_syn_media_rec_0061_000,test,negative,tts_synthetic_continuous_speech,synthetic negative_media,n/a,48000,1.5,0.0,0.9998888888888889,-17.511844635009766,,-9.581512438546278,-26.7856500112626,17.20413757271632,,,,,,,,
media_syn_media_rec_0119_000,train,negative,tts_synthetic_continuous_speech,synthetic negative_media,n/a,48000,1.5,0.0,0.9998472222222222,-18.691431045532227,,-9.909218635393488,-33.81405706303874,23.904838427645252,,,,,,,,
media_syn_media_rec_0078_008,test,negative,tts_synthetic_continuous_speech,synthetic negative_media,n/a,48000,1.5,0.0,0.9998611111111111,-18.34217071533203,,-12.8543517809613,-26.161169509762896,13.306817728801596,,,,,,,,
media_syn_media_rec_0078_000,test,negative,tts_synthetic_continuous_speech,synthetic negative_media,n/a,48000,1.5,0.0,0.9998333333333334,-14.989852905273438,,-9.362537700768588,-30.133906661168098,20.77136896039951,,,,,,,,
media_syn_media_rec_0143_000,train,negative,tts_synthetic_continuous_speech,synthetic negative_media,n/a,48000,1.5,0.0,0.999875,-15.366272926330566,,-13.135893083322792,-24.32097499067875,11.185081907355958,,,,,,,,
media_syn_media_rec_0173_004,train,negative,tts_synthetic_continuous_speech,synthetic negative_media,n/a,48000,1.5,0.0,0.9998611111111111,-23.407787322998047,,-17.756186808925207,-32.760878277926544,15.004691469001337,,,,,,,,
media_syn_media_rec_0127_003,train,negative,tts_synthetic_continuous_speech,synthetic negative_media,n/a,48000,1.5,0.0,0.9998472222222222,-19.82710838317871,,-14.702805659237628,-31.83222005885382,17.129414399616195,,,,,,,,
media_syn_media_rec_0021_005,train,negative,tts_synthetic_continuous_speech,synthetic negative_media,n/a,48000,1.5,0.0,0.9987777777777778,-20.762462615966797,,-11.743560734542212,-49.11425517001608,37.370694435473865,,,,,,,,
media_syn_media_rec_0117_001,train,negative,tts_synthetic_continuous_speech,synthetic negative_media,n/a,48000,1.5,0.0,0.9993888888888889,-33.35224533081055,,-26.44796742778163,-43.09154565132576,16.64357822354413,,,,,,,,
media_syn_media_rec_0065_004,train,negative,tts_synthetic_continuous_speech,synthetic negative_media,n/a,48000,1.5,0.0,0.9997916666666666,-16.316621780395508,,-11.472360504931055,-25.718944494570795,14.24658398963974,,,,,,,,
media_syn_media_rec_0025_000,train,negative,tts_synthetic_continuous_speech,synthetic negative_media,n/a,48000,1.5,0.0,0.9997638888888889,-21.717525482177734,,-15.306739080654514,-32.9059280360465,17.59918895539198,,,,,,,,
media_syn_media_rec_0168_001,test,negative,tts_synthetic_continuous_speech,synthetic negative_media,n/a,48000,1.5,0.0,0.99975,-16.412485122680664,,-10.236189662984327,-35.838396303764696,25.60220664078037,,,,,,,,
media_syn_media_rec_0155_002,train,negative,tts_synthetic_continuous_speech,synthetic negative_media,n/a,48000,1.5,0.0,0.9998888888888889,-18.340763092041016,,-13.818281028630533,-24.99690759832587,11.178626569695336,,,,,,,,
media_syn_media_rec_0110_003,train,negative,tts_synthetic_continuous_speech,synthetic negative_media,n/a,48000,1.5,0.0,0.9996666666666667,-19.984973907470703,,-15.259794691439994,-39.34541930401976,24.085624612579764,,,,,,,,
media_syn_media_rec_0098_006,train,negative,tts_synthetic_continuous_speech,synthetic negative_media,n/a,48000,1.5,0.0,0.9997777777777778,-18.634933471679688,,-13.4892354309003,-32.022453229905246,18.533217799004944,,,,,,,,
media_syn_media_rec_0156_000,train,negative,tts_synthetic_continuous_speech,synthetic negative_media,n/a,48000,1.5,0.0,0.9996527777777777,-23.34262466430664,,-16.864533951080976,-33.54852044317301,16.683986492092036,,,,,,,,
media_syn_media_rec_0169_000,train,negative,tts_synthetic_continuous_speech,synthetic negative_media,n/a,48000,1.5,0.0,0.9998472222222222,-17.549358367919922,,-11.344233555702667,-27.11682545209025,15.772591896387583,,,,,,,,
media_syn_media_rec_0024_000,train,negative,tts_synthetic_continuous_speech,synthetic negative_media,n/a,48000,1.5,0.0,0.999875,-17.625581741333008,,-13.004558571472435,-25.870923466120047,12.866364894647612,,,,,,,,
media_syn_media_rec_0159_005,train,negative,tts_synthetic_continuous_speech,synthetic negative_media,n/a,48000,1.5,0.0,0.9992916666666667,-20.649982452392578,,-11.879634224870056,-42.56831295767931,30.688678732809255,,,,,,,,
media_syn_media_rec_0040_001,train,negative,tts_synthetic_continuous_speech,synthetic negative_media,n/a,48000,1.5,0.0,0.9995972222222222,-25.938032150268555,,-20.144311624887685,-38.5818542295644,18.437542604676715,,,,,,,,
media_syn_media_rec_0092_004,train,negative,tts_synthetic_continuous_speech,synthetic negative_media,n/a,48000,1.5,0.0,0.9998194444444445,-20.777450561523438,,-13.438350436787704,-31.69448683953329,18.256136402745586,,,,,,,,
media_syn_media_rec_0127_006,train,negative,tts_synthetic_continuous_speech,synthetic negative_media,n/a,48000,1.5,0.0,0.9998888888888889,-17.945802688598633,,-14.557002954522632,-28.338476559780222,13.78147360525759,,,,,,,,
media_syn_media_rec_0055_000,train,negative,tts_synthetic_continuous_speech,synthetic negative_media,n/a,48000,1.5,0.0,0.9997638888888889,-23.69350814819336,,-18.63228258177918,-32.165283614250036,13.533001032470857,,,,,,,,
media_syn_media_rec_0029_008,test,negative,tts_synthetic_continuous_speech,synthetic negative_media,n/a,48000,1.5,0.0,0.999,-25.51957130432129,,-16.993359238899465,-48.52463650592438,31.53127726702491,,,,,,,,
media_syn_media_rec_0033_006,validation,negative,tts_synthetic_continuous_speech,synthetic negative_media,n/a,48000,1.5,0.0,0.9996805555555556,-26.01496696472168,,-19.73061161289181,-32.55036325944261,12.819751646550802,,,,,,,,
media_syn_media_rec_0052_002,train,negative,tts_synthetic_continuous_speech,synthetic negative_media,n/a,48000,1.5,0.0,0.999875,-16.06106948852539,,-10.048407662280509,-27.687679723342747,17.639272061062236,,,,,,,,
media_syn_media_rec_0095_002,test,negative,tts_synthetic_continuous_speech,synthetic negative_media,n/a,48000,1.5,0.0,0.9999027777777778,-18.60451316833496,,-12.224940005924637,-26.42247967772044,14.197539671795802,,,,,,,,
media_syn_media_rec_0039_005,train,negative,tts_synthetic_continuous_speech,synthetic negative_media,n/a,48000,1.5,0.0,0.9997222222222222,-20.928117752075195,,-14.643981086337412,-33.496924427003954,18.852943340666542,,,,,,,,
media_syn_media_rec_0112_003,train,negative,tts_synthetic_continuous_speech,synthetic negative_media,n/a,48000,1.5,0.0,0.9990972222222222,-30.535926818847656,,-22.024224216127653,-43.96778761817389,21.943563402046234,,,,,,,,
media_syn_media_rec_0161_005,train,negative,tts_synthetic_continuous_speech,synthetic negative_media,n/a,48000,1.5,0.0,0.9997777777777778,-23.941158294677734,,-18.195163361934974,-35.79900686242538,17.603843500490406,,,,,,,,
media_syn_media_rec_0104_002,train,negative,tts_synthetic_continuous_speech,synthetic negative_media,n/a,48000,1.5,0.0,0.9998888888888889,-19.812135696411133,,-13.980082514657825,-32.62572439187925,18.64564187722143,,,,,,,,
media_syn_media_rec_0061_005,test,negative,tts_synthetic_continuous_speech,synthetic negative_media,n/a,48000,1.5,0.0,0.9997916666666666,-20.149696350097656,,-13.053176439675907,-29.012318617661748,15.959142177985841,,,,,,,,
media_syn_media_rec_0152_002,train,negative,tts_synthetic_continuous_speech,synthetic negative_media,n/a,48000,1.5,0.0,0.9997083333333333,-27.053035736083984,,-22.725740472289402,-33.4150834847223,10.6893430124329,,,,,,,,
media_syn_media_rec_0083_000,train,negative,tts_synthetic_continuous_speech,synthetic negative_media,n/a,48000,1.5,0.0,0.9998333333333334,-18.892675399780273,,-11.694288255798416,-28.60572303833831,16.911434782539896,,,,,,,,
media_syn_media_rec_0158_001,train,negative,tts_synthetic_continuous_speech,synthetic negative_media,n/a,48000,1.5,0.0,0.9996805555555556,-20.254512786865234,,-14.729644546537967,-37.21695755261449,22.48731300607652,,,,,,,,
media_syn_media_rec_0004_007,train,negative,tts_synthetic_continuous_speech,synthetic negative_media,n/a,48000,1.5,0.0,0.9997361111111112,-19.862991333007812,,-12.175649982475923,-30.5033574025163,18.327707420040376,,,,,,,,
media_syn_media_rec_0172_005,train,negative,tts_synthetic_continuous_speech,synthetic negative_media,n/a,48000,1.5,0.0,0.9998472222222222,-17.938819885253906,,-11.519870893335163,-25.906173400471538,14.386302507136374,,,,,,,,
media_syn_media_rec_0150_008,train,negative,tts_synthetic_continuous_speech,synthetic negative_media,n/a,48000,1.5,0.0,0.9998611111111111,-17.071142196655273,,-10.165015867273933,-29.51047016159547,19.345454294321538,,,,,,,,
media_syn_media_rec_0048_002,train,negative,tts_synthetic_continuous_speech,synthetic negative_media,n/a,48000,1.5,0.0,0.9997916666666666,-21.616104125976562,,-18.064340216683256,-33.13000576019962,15.065665543516367,,,,,,,,
media_syn_media_rec_0029_003,test,negative,tts_synthetic_continuous_speech,synthetic negative_media,n/a,48000,1.5,0.0,0.9998472222222222,-15.929794311523438,,-10.118086420275903,-30.61846234691682,20.50037592664092,,,,,,,,
media_syn_media_rec_0129_002,train,negative,tts_synthetic_continuous_speech,synthetic negative_media,n/a,48000,1.5,0.0,0.9998472222222222,-21.54994010925293,,-16.794788684114014,-26.765291594071257,9.970502909957244,,,,,,,,
media_syn_media_rec_0160_001,train,negative,tts_synthetic_continuous_speech,synthetic negative_media,n/a,48000,1.5,0.0,0.9993472222222223,-26.61802101135254,,-16.985877039924183,-40.81145468571259,23.825577645788407,,,,,,,,
media_syn_media_rec_0137_000,train,negative,tts_synthetic_continuous_speech,synthetic negative_media,n/a,48000,1.5,0.0,0.9998611111111111,-16.99002456665039,,-12.395959724950684,-25.33801542077157,12.942055695820885,,,,,,,,
media_syn_media_rec_0154_006,train,negative,tts_synthetic_continuous_speech,synthetic negative_media,n/a,48000,1.5,0.0,0.9998194444444445,-18.911989212036133,,-10.958496539491382,-28.603959053357716,17.645462513866335,,,,,,,,
media_syn_media_rec_0030_001,train,negative,tts_synthetic_continuous_speech,synthetic negative_media,n/a,48000,1.5,0.0,0.9995694444444444,-17.44642448425293,,-9.152224314759772,-39.17432653047416,30.02210221571439,,,,,,,,
media_syn_media_rec_0083_004,train,negative,tts_synthetic_continuous_speech,synthetic negative_media,n/a,48000,1.5,0.0,0.9998194444444445,-15.709834098815918,,-10.256609864598556,-31.195823051924318,20.939213187325763,,,,,,,,
media_syn_media_rec_0179_001,validation,negative,tts_synthetic_continuous_speech,synthetic negative_media,n/a,48000,1.5,0.0,0.9997361111111112,-21.09339714050293,,-12.480253366282248,-38.61471590421734,26.134462537935093,,,,,,,,
media_syn_media_rec_0026_000,train,negative,tts_synthetic_continuous_speech,synthetic negative_media,n/a,48000,1.5,0.0,0.9997222222222222,-21.41956329345703,,-15.622294699794526,-30.802461019066865,15.180166319272338,,,,,,,,
media_syn_media_rec_0025_004,train,negative,tts_synthetic_continuous_speech,synthetic negative_media,n/a,48000,1.5,0.0,0.99975,-23.0966854095459,,-18.28177828972971,-30.029768957119245,11.747990667389534,,,,,,,,
media_syn_media_rec_0028_003,train,negative,tts_synthetic_continuous_speech,synthetic negative_media,n/a,48000,1.5,0.0,0.9990416666666667,-30.163066864013672,,-22.41392363915595,-45.298497913569214,22.884574274413264,,,,,,,,
media_syn_media_rec_0014_002,train,negative,tts_synthetic_continuous_speech,synthetic negative_media,n/a,48000,1.5,0.0,0.9997777777777778,-19.779067993164062,,-14.810313124953524,-29.829465809938874,15.01915268498535,,,,,,,,
media_syn_media_rec_0059_004,train,negative,tts_synthetic_continuous_speech,synthetic negative_media,n/a,48000,1.5,0.0,0.9998194444444445,-19.151554107666016,,-13.465815776503185,-30.966133441646626,17.50031766514344,,,,,,,,
media_syn_media_rec_0105_001,test,negative,tts_synthetic_continuous_speech,synthetic negative_media,n/a,48000,1.5,0.0,0.9995694444444444,-19.14191436767578,,-13.648647231811488,-38.831366344888124,25.182719113076637,,,,,,,,
media_syn_media_rec_0032_000,train,negative,tts_synthetic_continuous_speech,synthetic negative_media,n/a,48000,1.5,0.0,0.9996944444444444,-21.20737075805664,,-16.243669256633268,-33.57556748339432,17.331898226761055,,,,,,,,
media_syn_media_rec_0018_000,train,negative,tts_synthetic_continuous_speech,synthetic negative_media,n/a,48000,1.5,0.0,0.9998888888888889,-17.0290584564209,,-12.82284032814508,-27.786330743116704,14.963490414971623,,,,,,,,
media_syn_media_rec_0122_002,train,negative,tts_synthetic_continuous_speech,synthetic negative_media,n/a,48000,1.5,0.0,0.9998194444444445,-16.122417449951172,,-10.756807217898086,-25.731166824613506,14.97435960671542,,,,,,,,
media_syn_media_rec_0101_004,test,negative,tts_synthetic_continuous_speech,synthetic negative_media,n/a,48000,1.5,0.0,0.9998194444444445,-23.762636184692383,,-18.890612971511562,-33.693921829203184,14.803308857691622,,,,,,,,
media_syn_media_rec_0001_000,train,negative,tts_synthetic_continuous_speech,synthetic negative_media,n/a,48000,1.5,0.0,0.9997083333333333,-20.2669677734375,,-11.992625623847415,-32.59091435508564,20.59828873123822,,,,,,,,
media_syn_media_rec_0013_004,train,negative,tts_synthetic_continuous_speech,synthetic negative_media,n/a,48000,1.5,0.0,0.9998472222222222,-17.797115325927734,,-11.887462468869545,-25.181880826254254,13.294418357384709,,,,,,,,
media_syn_media_rec_0103_001,validation,negative,tts_synthetic_continuous_speech,synthetic negative_media,n/a,48000,1.5,0.0,0.999125,-25.8971004486084,,-19.496567744416378,-44.43574743302013,24.939179688603755,,,,,,,,
media_syn_media_rec_0029_000,test,negative,tts_synthetic_continuous_speech,synthetic negative_media,n/a,48000,1.5,0.0,0.9996527777777777,-19.404598236083984,,-12.221833110809264,-35.18166427308829,22.959831162279023,,,,,,,,
media_syn_media_rec_0153_000,train,negative,tts_synthetic_continuous_speech,synthetic negative_media,n/a,48000,1.5,0.0,0.9999027777777778,-20.662456512451172,,-12.377944998254419,-27.827193272202035,15.449248273947616,,,,,,,,
media_syn_media_rec_0159_000,train,negative,tts_synthetic_continuous_speech,synthetic negative_media,n/a,48000,1.5,0.0,0.9998055555555555,-21.947534561157227,,-18.069732331987808,-30.624717105169992,12.554984773182184,,,,,,,,
media_syn_media_rec_0147_002,train,negative,tts_synthetic_continuous_speech,synthetic negative_media,n/a,48000,1.5,0.0,0.9995694444444444,-21.14698600769043,,-15.83519100921585,-35.696559573182185,19.861368563966337,,,,,,,,
media_syn_media_rec_0055_002,train,negative,tts_synthetic_continuous_speech,synthetic negative_media,n/a,48000,1.5,0.0,0.9998472222222222,-19.339521408081055,,-12.941073116031617,-29.105809215126005,16.164736099094387,,,,,,,,
media_syn_media_rec_0175_006,validation,negative,tts_synthetic_continuous_speech,synthetic negative_media,n/a,48000,1.5,0.0,0.9994722222222222,-23.575210571289062,,-15.923114579208798,-37.26913019625998,21.34601561705118,,,,,,,,
media_syn_media_rec_0086_008,test,negative,tts_synthetic_continuous_speech,synthetic negative_media,n/a,48000,1.5,0.0,0.9992222222222222,-28.84885597229004,,-24.901395871233433,-45.32419971214402,20.42280384091059,,,,,,,,
media_syn_media_rec_0152_003,train,negative,tts_synthetic_continuous_speech,synthetic negative_media,n/a,48000,1.5,0.0,0.9998194444444445,-17.21767807006836,,-11.028613807329698,-29.514634384799553,18.486020577469855,,,,,,,,
media_syn_media_rec_0010_003,train,negative,tts_synthetic_continuous_speech,synthetic negative_media,n/a,48000,1.5,0.0,0.9996666666666667,-19.853647232055664,,-14.66240521845306,-31.005490296533676,16.343085078080616,,,,,,,,
media_syn_media_rec_0056_002,train,negative,tts_synthetic_continuous_speech,synthetic negative_media,n/a,48000,1.5,0.0,0.99975,-17.73070526123047,,-10.661976242731102,-37.03925402205978,26.37727777932868,,,,,,,,
partial_00502,train,negative,positive_clip_truncated,synthetic negative_partial_wakeword,n/a,48000,1.5,1.388888888888889e-05,0.13869444444444445,-20.004243850708008,,-8.572329214387668,-180.0,171.42767078561232,,,,,,,,
partial_00305,train,negative,positive_clip_truncated,synthetic negative_partial_wakeword,n/a,48000,1.5,0.0,0.10743055555555556,-28.666637420654297,,-17.44299945870129,-180.0,162.55700054129872,,,,,,,,
partial_00270,train,negative,positive_clip_truncated,synthetic negative_partial_wakeword,n/a,48000,1.5,0.0,0.057833333333333334,-29.291675567626953,,-17.246206545968043,-180.0,162.75379345403195,,,,,,,,
partial_00262,validation,negative,positive_clip_truncated,synthetic negative_partial_wakeword,n/a,48000,1.5,0.0,0.10479166666666667,-26.609394073486328,,-15.175590618258697,-180.0,164.8244093817413,,,,,,,,
partial_00315,train,negative,positive_clip_truncated,synthetic negative_partial_wakeword,n/a,48000,1.5,0.0,0.13016666666666668,-23.147470474243164,,-12.458025254024243,-180.0,167.54197474597575,,,,,,,,
partial_00115,train,negative,positive_clip_truncated,synthetic negative_partial_wakeword,n/a,48000,1.5,0.0,0.09459722222222222,-26.47587013244629,,-13.712854501951094,-180.0,166.28714549804891,,,,,,,,
partial_00009,validation,negative,positive_clip_truncated,synthetic negative_partial_wakeword,n/a,48000,1.5,0.0,0.09229166666666666,-36.8690071105957,,-24.90541061883202,-180.0,155.094589381168,,,,,,,,
partial_00202,train,negative,positive_clip_truncated,synthetic negative_partial_wakeword,n/a,48000,1.5,1.388888888888889e-05,0.10179166666666667,-20.520401000976562,,-8.860632023305099,-180.0,171.1393679766949,,,,,,,,
partial_00134,train,negative,positive_clip_truncated,synthetic negative_partial_wakeword,n/a,48000,1.5,0.0,0.30791666666666667,-24.8549747467041,,-14.117586954101833,-180.0,165.88241304589818,,,,,,,,
partial_00769,train,negative,positive_clip_truncated,synthetic negative_partial_wakeword,n/a,48000,1.5,0.0,0.13354166666666667,-23.261653900146484,,-13.155056472794326,-180.0,166.8449435272057,,,,,,,,
partial_00341,train,negative,positive_clip_truncated,synthetic negative_partial_wakeword,n/a,48000,1.5,0.0,0.2834305555555556,-24.058822631835938,,-12.72461944905275,-180.0,167.27538055094726,,,,,,,,
partial_00272,test,negative,positive_clip_truncated,synthetic negative_partial_wakeword,n/a,48000,1.5,1.388888888888889e-05,0.143875,-22.40163803100586,,-10.720896804646161,-180.0,169.27910319535383,,,,,,,,
partial_00342,train,negative,positive_clip_truncated,synthetic negative_partial_wakeword,n/a,48000,1.5,0.0,0.13981944444444444,-95.74913024902344,,-100.06682583434551,-180.0,79.93317416565449,,,,,,,,
partial_00357,validation,negative,positive_clip_truncated,synthetic negative_partial_wakeword,n/a,48000,1.5,0.0,0.14397222222222222,-23.889156341552734,,-12.017212146995034,-180.0,167.98278785300496,,,,,,,,
partial_00775,test,negative,positive_clip_truncated,synthetic negative_partial_wakeword,n/a,48000,1.5,0.0,0.10327777777777777,-23.053081512451172,,-11.125707318585922,-180.0,168.8742926814141,,,,,,,,
partial_00787,train,negative,positive_clip_truncated,synthetic negative_partial_wakeword,n/a,48000,1.5,0.0,0.3297777777777778,-25.26219367980957,,-14.125242275281131,-180.0,165.87475772471888,,,,,,,,
partial_00534,train,negative,positive_clip_truncated,synthetic negative_partial_wakeword,n/a,48000,1.5,0.0,0.30718055555555557,-27.521026611328125,,-16.34558144688281,-180.0,163.65441855311718,,,,,,,,
partial_00221,train,negative,positive_clip_truncated,synthetic negative_partial_wakeword,n/a,48000,1.5,0.0,0.07779166666666666,-26.434886932373047,,-15.00148316544092,-180.0,164.99851683455907,,,,,,,,
partial_00736,train,negative,positive_clip_truncated,synthetic negative_partial_wakeword,n/a,48000,1.5,0.0,0.2813888888888889,-27.330739974975586,,-17.93360329411417,-180.0,162.06639670588584,,,,,,,,
partial_00054,train,negative,positive_clip_truncated,synthetic negative_partial_wakeword,n/a,48000,1.5,1.388888888888889e-05,0.16552777777777777,-21.288738250732422,,-9.761593623793361,-180.0,170.23840637620663,,,,,,,,
partial_00417,train,negative,positive_clip_truncated,synthetic negative_partial_wakeword,n/a,48000,1.5,0.0,0.08031944444444444,-25.375612258911133,,-13.898103617842844,-180.0,166.10189638215715,,,,,,,,
partial_00161,validation,negative,positive_clip_truncated,synthetic negative_partial_wakeword,n/a,48000,1.5,0.0,0.15865277777777778,-27.366321563720703,,-16.394449584029815,-180.0,163.60555041597019,,,,,,,,
partial_00220,train,negative,positive_clip_truncated,synthetic negative_partial_wakeword,n/a,48000,1.5,1.388888888888889e-05,0.058125,-23.531877517700195,,-10.674263688460075,-180.0,169.3257363115399,,,,,,,,
partial_00248,train,negative,positive_clip_truncated,synthetic negative_partial_wakeword,n/a,48000,1.5,0.0,0.1490277777777778,-95.82730102539062,,-101.06511884850796,-180.0,78.93488115149204,,,,,,,,
partial_00023,test,negative,positive_clip_truncated,synthetic negative_partial_wakeword,n/a,48000,1.5,0.0,0.11572222222222223,-24.74238395690918,,-13.874858214168595,-180.0,166.1251417858314,,,,,,,,
partial_00583,train,negative,positive_clip_truncated,synthetic negative_partial_wakeword,n/a,48000,1.5,0.0,0.17473611111111112,-36.702484130859375,,-27.156148070541896,-180.0,152.8438519294581,,,,,,,,
partial_00381,train,negative,positive_clip_truncated,synthetic negative_partial_wakeword,n/a,48000,1.5,1.388888888888889e-05,0.20080555555555554,-20.34238624572754,,-9.572578441895233,-180.0,170.42742155810475,,,,,,,,
partial_00674,test,negative,positive_clip_truncated,synthetic negative_partial_wakeword,n/a,48000,1.5,0.0,0.20001388888888888,-26.469308853149414,,-16.021291469375935,-180.0,163.97870853062406,,,,,,,,
partial_00080,test,negative,positive_clip_truncated,synthetic negative_partial_wakeword,n/a,48000,1.5,0.0,0.15329166666666666,-27.042251586914062,,-15.764009834876333,-180.0,164.23599016512367,,,,,,,,
partial_00259,validation,negative,positive_clip_truncated,synthetic negative_partial_wakeword,n/a,48000,1.5,1.388888888888889e-05,0.14368055555555556,-22.084564208984375,,-9.959399079543168,-180.0,170.04060092045682,,,,,,,,
partial_00264,validation,negative,positive_clip_truncated,synthetic negative_partial_wakeword,n/a,48000,1.5,0.0,0.1965,-21.688785552978516,,-10.00613900642433,-180.0,169.99386099357568,,,,,,,,
partial_00211,validation,negative,positive_clip_truncated,synthetic negative_partial_wakeword,n/a,48000,1.5,0.0,0.1426388888888889,-27.9636287689209,,-16.29411394145794,-180.0,163.70588605854206,,,,,,,,
partial_00124,test,negative,positive_clip_truncated,synthetic negative_partial_wakeword,n/a,48000,1.5,0.0,0.13509722222222223,-32.01945495605469,,-22.42391116812881,-180.0,157.57608883187117,,,,,,,,
partial_00142,train,negative,positive_clip_truncated,synthetic negative_partial_wakeword,n/a,48000,1.5,0.0,0.2896388888888889,-25.180919647216797,,-13.115238406904236,-180.0,166.88476159309576,,,,,,,,
partial_00606,validation,negative,positive_clip_truncated,synthetic negative_partial_wakeword,n/a,48000,1.5,0.0,0.09665277777777778,-23.003921508789062,,-10.88265572119945,-180.0,169.11734427880054,,,,,,,,
partial_00471,train,negative,positive_clip_truncated,synthetic negative_partial_wakeword,n/a,48000,1.5,0.0,0.07088888888888889,-27.134628295898438,,-14.78363393054511,-180.0,165.2163660694549,,,,,,,,
partial_00271,train,negative,positive_clip_truncated,synthetic negative_partial_wakeword,n/a,48000,1.5,0.0,0.1443888888888889,-25.85006332397461,,-14.47254546988169,-180.0,165.52745453011832,,,,,,,,
partial_00153,train,negative,positive_clip_truncated,synthetic negative_partial_wakeword,n/a,48000,1.5,0.0,0.06866666666666667,-36.59767150878906,,-24.91060260054091,-180.0,155.0893973994591,,,,,,,,
partial_00230,test,negative,positive_clip_truncated,synthetic negative_partial_wakeword,n/a,48000,1.5,0.0,0.193875,-22.97539520263672,,-12.744323848081997,-180.0,167.255676151918,,,,,,,,
partial_00108,validation,negative,positive_clip_truncated,synthetic negative_partial_wakeword,n/a,48000,1.5,0.0,0.14415277777777777,-28.339996337890625,,-17.358626631141302,-180.0,162.6413733688587,,,,,,,,
partial_00246,train,negative,positive_clip_truncated,synthetic negative_partial_wakeword,n/a,48000,1.5,0.0,0.14875,-95.59465026855469,,-100.72997549350548,-180.0,79.27002450649452,,,,,,,,
partial_00306,validation,negative,positive_clip_truncated,synthetic negative_partial_wakeword,n/a,48000,1.5,0.0,0.12568055555555555,-22.552701950073242,,-10.645539365500346,-180.0,169.35446063449965,,,,,,,,
partial_00371,train,negative,positive_clip_truncated,synthetic negative_partial_wakeword,n/a,48000,1.5,0.0,0.14052777777777778,-26.567333221435547,,-14.64592794992566,-180.0,165.35407205007434,,,,,,,,
partial_00098,train,negative,positive_clip_truncated,synthetic negative_partial_wakeword,n/a,48000,1.5,0.0,0.30951388888888887,-37.03805923461914,,-27.5377667930229,-180.0,152.4622332069771,,,,,,,,
partial_00069,train,negative,positive_clip_truncated,synthetic negative_partial_wakeword,n/a,48000,1.5,0.0,0.1629861111111111,-25.975343704223633,,-14.89450769297524,-180.0,165.10549230702475,,,,,,,,
partial_00526,test,negative,positive_clip_truncated,synthetic negative_partial_wakeword,n/a,48000,1.5,0.0,0.16095833333333334,-25.746742248535156,,-14.302587796812748,-180.0,165.69741220318724,,,,,,,,
partial_00338,train,negative,positive_clip_truncated,synthetic negative_partial_wakeword,n/a,48000,1.5,0.0,0.36833333333333335,-27.620304107666016,,-16.3350200136116,-180.0,163.6649799863884,,,,,,,,
partial_00236,train,negative,positive_clip_truncated,synthetic negative_partial_wakeword,n/a,48000,1.5,0.0,0.3150833333333333,-28.427490234375,,-19.001978944669506,-180.0,160.9980210553305,,,,,,,,
partial_00499,train,negative,positive_clip_truncated,synthetic negative_partial_wakeword,n/a,48000,1.5,0.0,0.18005555555555555,-34.4662971496582,,-22.974414521470962,-180.0,157.02558547852902,,,,,,,,
partial_00533,train,negative,positive_clip_truncated,synthetic negative_partial_wakeword,n/a,48000,1.5,0.0,0.41783333333333333,-24.7725887298584,,-16.348512002602302,-180.0,163.6514879973977,,,,,,,,
partial_00140,train,negative,positive_clip_truncated,synthetic negative_partial_wakeword,n/a,48000,1.5,0.0,0.3352777777777778,-26.630718231201172,,-15.306280176308025,-180.0,164.69371982369196,,,,,,,,
partial_00171,train,negative,positive_clip_truncated,synthetic negative_partial_wakeword,n/a,48000,1.5,0.0,0.0923888888888889,-25.203014373779297,,-14.659403680537386,-180.0,165.3405963194626,,,,,,,,
partial_00504,train,negative,positive_clip_truncated,synthetic negative_partial_wakeword,n/a,48000,1.5,1.388888888888889e-05,0.15259722222222222,-21.285341262817383,,-9.547428164859195,-180.0,170.45257183514082,,,,,,,,
partial_00439,train,negative,positive_clip_truncated,synthetic negative_partial_wakeword,n/a,48000,1.5,0.0,0.15756944444444446,-65.44856262207031,,-62.72502880556186,-180.0,117.27497119443814,,,,,,,,
partial_00584,train,negative,positive_clip_truncated,synthetic negative_partial_wakeword,n/a,48000,1.5,0.0,0.4332638888888889,-24.592060089111328,,-13.870036123191023,-180.0,166.12996387680897,,,,,,,,
partial_00294,train,negative,positive_clip_truncated,synthetic negative_partial_wakeword,n/a,48000,1.5,0.0,0.18322222222222223,-29.064760208129883,,-17.873955373094297,-180.0,162.1260446269057,,,,,,,,
partial_00400,train,negative,positive_clip_truncated,synthetic negative_partial_wakeword,n/a,48000,1.5,0.0,0.14081944444444444,-27.48432159423828,,-16.362838778395652,-180.0,163.63716122160434,,,,,,,,
partial_00159,validation,negative,positive_clip_truncated,synthetic negative_partial_wakeword,n/a,48000,1.5,1.388888888888889e-05,0.19416666666666665,-22.049253463745117,,-9.727332567274482,-180.0,170.2726674327255,,,,,,,,
partial_00266,train,negative,positive_clip_truncated,synthetic negative_partial_wakeword,n/a,48000,1.5,1.388888888888889e-05,0.13083333333333333,-23.154067993164062,,-11.234062569803243,-180.0,168.76593743019674,,,,,,,,
partial_00263,validation,negative,positive_clip_truncated,synthetic negative_partial_wakeword,n/a,48000,1.5,1.388888888888889e-05,0.15444444444444444,-21.498926162719727,,-10.359604192242823,-180.0,169.6403958077572,,,,,,,,
partial_00040,train,negative,positive_clip_truncated,synthetic negative_partial_wakeword,n/a,48000,1.5,0.0,0.38355555555555554,-27.446338653564453,,-16.037452711276288,-180.0,163.96254728872373,,,,,,,,
partial_00649,train,negative,positive_clip_truncated,synthetic negative_partial_wakeword,n/a,48000,1.5,0.0,0.26005555555555554,-36.99479675292969,,-27.41720478812163,-180.0,152.58279521187836,,,,,,,,
partial_00630,test,negative,positive_clip_truncated,synthetic negative_partial_wakeword,n/a,48000,1.5,0.0,0.16545833333333335,-26.08053970336914,,-14.868931551072128,-180.0,165.13106844892786,,,,,,,,
partial_00485,train,negative,positive_clip_truncated,synthetic negative_partial_wakeword,n/a,48000,1.5,0.0,0.20883333333333334,-27.739059448242188,,-16.861752567026738,-180.0,163.13824743297326,,,,,,,,
partial_00743,train,negative,positive_clip_truncated,synthetic negative_partial_wakeword,n/a,48000,1.5,0.0,0.3215972222222222,-29.2432861328125,,-17.89932605576533,-180.0,162.10067394423467,,,,,,,,
partial_00318,train,negative,positive_clip_truncated,synthetic negative_partial_wakeword,n/a,48000,1.5,0.0,0.10234722222222223,-25.224327087402344,,-14.328789245819165,-180.0,165.67121075418083,,,,,,,,
partial_00405,train,negative,positive_clip_truncated,synthetic negative_partial_wakeword,n/a,48000,1.5,0.0,0.06963888888888889,-36.14799118041992,,-24.791530334313833,-180.0,155.20846966568615,,,,,,,,
partial_00723,test,negative,positive_clip_truncated,synthetic negative_partial_wakeword,n/a,48000,1.5,1.388888888888889e-05,0.23497222222222222,-20.488258361816406,,-10.087719993039993,-180.0,169.91228000696,,,,,,,,
partial_00155,train,negative,positive_clip_truncated,synthetic negative_partial_wakeword,n/a,48000,1.5,0.0,0.13991666666666666,-26.527042388916016,,-15.607496099671282,-180.0,164.3925039003287,,,,,,,,
partial_00353,train,negative,positive_clip_truncated,synthetic negative_partial_wakeword,n/a,48000,1.5,0.0,0.09229166666666666,-38.47688674926758,,-27.483298481076325,-180.0,152.51670151892367,,,,,,,,
partial_00406,validation,negative,positive_clip_truncated,synthetic negative_partial_wakeword,n/a,48000,1.5,0.0,0.23518055555555556,-22.203147888183594,,-10.529175471917329,-180.0,169.47082452808266,,,,,,,,
partial_00719,train,negative,positive_clip_truncated,synthetic negative_partial_wakeword,n/a,48000,1.5,0.0,0.06716666666666667,-27.60503578186035,,-15.196137162096115,-180.0,164.8038628379039,,,,,,,,
partial_00572,test,negative,positive_clip_truncated,synthetic negative_partial_wakeword,n/a,48000,1.5,0.0,0.12325,-30.939741134643555,,-20.09214525682065,-180.0,159.90785474317934,,,,,,,,
partial_00125,test,negative,positive_clip_truncated,synthetic negative_partial_wakeword,n/a,48000,1.5,0.0,0.15583333333333332,-29.133583068847656,,-18.531765282214007,-180.0,161.468234717786,,,,,,,,
partial_00687,train,negative,positive_clip_truncated,synthetic negative_partial_wakeword,n/a,48000,1.5,0.0,0.35281944444444446,-26.572237014770508,,-15.19846885485411,-180.0,164.8015311451459,,,,,,,,
partial_00355,train,negative,positive_clip_truncated,synthetic negative_partial_wakeword,n/a,48000,1.5,0.0,0.09766666666666667,-26.651145935058594,,-16.010932429597986,-180.0,163.98906757040203,,,,,,,,
partial_00329,test,negative,positive_clip_truncated,synthetic negative_partial_wakeword,n/a,48000,1.5,1.388888888888889e-05,0.11845833333333333,-22.878477096557617,,-11.786951240391815,-180.0,168.21304875960817,,,,,,,,
partial_00419,train,negative,positive_clip_truncated,synthetic negative_partial_wakeword,n/a,48000,1.5,0.0,0.15080555555555555,-24.499774932861328,,-13.279122979345736,-180.0,166.72087702065426,,,,,,,,
partial_00337,train,negative,positive_clip_truncated,synthetic negative_partial_wakeword,n/a,48000,1.5,0.0,0.20018055555555556,-25.280427932739258,,-14.436700643001629,-180.0,165.56329935699836,,,,,,,,
partial_00050,train,negative,positive_clip_truncated,synthetic negative_partial_wakeword,n/a,48000,1.5,0.0,0.13781944444444444,-23.95437240600586,,-12.99010515646756,-180.0,167.00989484353244,,,,,,,,
partial_00146,train,negative,positive_clip_truncated,synthetic negative_partial_wakeword,n/a,48000,1.5,0.0,0.3400138888888889,-25.126665115356445,,-13.693474916742154,-180.0,166.30652508325784,,,,,,,,
partial_00544,train,negative,positive_clip_truncated,synthetic negative_partial_wakeword,n/a,48000,1.5,0.0,0.2415,-26.901472091674805,,-15.669963148300912,-180.0,164.33003685169908,,,,,,,,
partial_00629,test,negative,positive_clip_truncated,synthetic negative_partial_wakeword,n/a,48000,1.5,1.388888888888889e-05,0.154,-22.081499099731445,,-11.531834124758394,-180.0,168.4681658752416,,,,,,,,
partial_00135,train,negative,positive_clip_truncated,synthetic negative_partial_wakeword,n/a,48000,1.5,0.0,0.20091666666666666,-25.83194923400879,,-15.022325361768,-180.0,164.977674638232,,,,,,,,
partial_00129,test,negative,positive_clip_truncated,synthetic negative_partial_wakeword,n/a,48000,1.5,1.388888888888889e-05,0.2038611111111111,-21.804763793945312,,-11.703951395996413,-180.0,168.2960486040036,,,,,,,,
partial_00316,train,negative,positive_clip_truncated,synthetic negative_partial_wakeword,n/a,48000,1.5,1.388888888888889e-05,0.104875,-24.181941986083984,,-12.710486653296769,-180.0,167.28951334670325,,,,,,,,
partial_00391,train,negative,positive_clip_truncated,synthetic negative_partial_wakeword,n/a,48000,1.5,0.0,0.10895833333333334,-43.32212829589844,,-32.779107630286546,-180.0,147.22089236971345,,,,,,,,
partial_00322,test,negative,positive_clip_truncated,synthetic negative_partial_wakeword,n/a,48000,1.5,1.388888888888889e-05,0.11209722222222222,-23.130409240722656,,-10.648693737193632,-180.0,169.35130626280636,,,,,,,,
partial_00089,train,negative,positive_clip_truncated,synthetic negative_partial_wakeword,n/a,48000,1.5,0.0,0.3650277777777778,-28.23459815979004,,-17.27517337821847,-180.0,162.72482662178152,,,,,,,,
partial_00061,validation,negative,positive_clip_truncated,synthetic negative_partial_wakeword,n/a,48000,1.5,0.0,0.19856944444444444,-26.364608764648438,,-16.171326602898546,-180.0,163.82867339710145,,,,,,,,
partial_00654,train,negative,positive_clip_truncated,synthetic negative_partial_wakeword,n/a,48000,1.5,1.388888888888889e-05,0.07320833333333333,-23.51573944091797,,-10.41408833646282,-180.0,169.5859116635372,,,,,,,,
partial_00214,validation,negative,positive_clip_truncated,synthetic negative_partial_wakeword,n/a,48000,1.5,0.0,0.16231944444444443,-21.821622848510742,,-10.11457835965971,-180.0,169.8854216403403,,,,,,,,
partial_00029,test,negative,positive_clip_truncated,synthetic negative_partial_wakeword,n/a,48000,1.5,1.388888888888889e-05,0.17502777777777778,-21.81086540222168,,-11.698574441441075,-180.0,168.30142555855892,,,,,,,,
partial_00540,train,negative,positive_clip_truncated,synthetic negative_partial_wakeword,n/a,48000,1.5,0.0,0.3285972222222222,-34.16994094848633,,-23.82733326525438,-180.0,156.17266673474563,,,,,,,,
partial_00706,validation,negative,positive_clip_truncated,synthetic negative_partial_wakeword,n/a,48000,1.5,0.0,0.19619444444444445,-29.215335845947266,,-18.76145678499192,-180.0,161.23854321500806,,,,,,,,
partial_00343,train,negative,positive_clip_truncated,synthetic negative_partial_wakeword,n/a,48000,1.5,0.0,0.41423611111111114,-23.689960479736328,,-13.038521216214077,-180.0,166.96147878378594,,,,,,,,
partial_00689,train,negative,positive_clip_truncated,synthetic negative_partial_wakeword,n/a,48000,1.5,0.0,0.1373611111111111,-95.77815246582031,,-99.28290981616254,-180.0,80.71709018383746,,,,,,,,
partial_00304,train,negative,positive_clip_truncated,synthetic negative_partial_wakeword,n/a,48000,1.5,1.388888888888889e-05,0.12295833333333334,-24.954639434814453,,-14.370372992290415,-180.0,165.6296270077096,,,,,,,,
partial_00093,train,negative,positive_clip_truncated,synthetic negative_partial_wakeword,n/a,48000,1.5,0.0,0.4002777777777778,-24.519882202148438,,-13.001146047300693,-180.0,166.9988539526993,,,,,,,,
partial_00229,test,negative,positive_clip_truncated,synthetic negative_partial_wakeword,n/a,48000,1.5,0.0,0.0804861111111111,-26.374818801879883,,-14.669515207201082,-180.0,165.33048479279893,,,,,,,,
partial_00732,train,negative,positive_clip_truncated,synthetic negative_partial_wakeword,n/a,48000,1.5,1.388888888888889e-05,0.18097222222222223,-20.07207679748535,,-8.728779077386127,-180.0,171.27122092261388,,,,,,,,
partial_00175,test,negative,positive_clip_truncated,synthetic negative_partial_wakeword,n/a,48000,1.5,0.0,0.0945,-29.23042106628418,,-18.16164729275593,-180.0,161.83835270724407,,,,,,,,
partial_00031,train,negative,positive_clip_truncated,synthetic negative_partial_wakeword,n/a,48000,1.5,1.388888888888889e-05,0.22558333333333333,-20.186874389648438,,-9.93008652112955,-180.0,170.06991347887046,,,,,,,,
partial_00401,train,negative,positive_clip_truncated,synthetic negative_partial_wakeword,n/a,48000,1.5,1.388888888888889e-05,0.14791666666666667,-22.334306716918945,,-9.63892586362472,-180.0,170.3610741363753,,,,,,,,
partial_00013,validation,negative,positive_clip_truncated,synthetic negative_partial_wakeword,n/a,48000,1.5,1.388888888888889e-05,0.1386111111111111,-22.329530715942383,,-10.987308499913965,-180.0,169.01269150008602,,,,,,,,
partial_00454,train,negative,positive_clip_truncated,synthetic negative_partial_wakeword,n/a,48000,1.5,1.388888888888889e-05,0.0797361111111111,-23.522768020629883,,-11.832035874316736,-180.0,168.16796412568326,,,,,,,,
partial_00737,train,negative,positive_clip_truncated,synthetic negative_partial_wakeword,n/a,48000,1.5,0.0,0.3131527777777778,-28.283376693725586,,-16.513243796461378,-180.0,163.48675620353862,,,,,,,,
partial_00501,train,negative,positive_clip_truncated,synthetic negative_partial_wakeword,n/a,48000,1.5,1.388888888888889e-05,0.19106944444444443,-22.331642150878906,,-9.776451357683639,-180.0,170.22354864231636,,,,,,,,
partial_00413,validation,negative,positive_clip_truncated,synthetic negative_partial_wakeword,n/a,48000,1.5,0.0,0.12068055555555555,-25.198421478271484,,-12.877956826541666,-180.0,167.12204317345834,,,,,,,,
partial_00603,train,negative,positive_clip_truncated,synthetic negative_partial_wakeword,n/a,48000,1.5,0.0,0.11118055555555556,-34.548160552978516,,-22.771480994832714,-180.0,157.2285190051673,,,,,,,,
partial_00770,train,negative,positive_clip_truncated,synthetic negative_partial_wakeword,n/a,48000,1.5,1.388888888888889e-05,0.11033333333333334,-22.876489639282227,,-11.054060620760687,-180.0,168.94593937923932,,,,,,,,
partial_00522,test,negative,positive_clip_truncated,synthetic negative_partial_wakeword,n/a,48000,1.5,0.0,0.15163888888888888,-24.23312759399414,,-12.953571152988204,-180.0,167.04642884701178,,,,,,,,
partial_00368,train,negative,positive_clip_truncated,synthetic negative_partial_wakeword,n/a,48000,1.5,1.388888888888889e-05,0.14879166666666666,-20.996654510498047,,-10.194812883205508,-180.0,169.80518711679449,,,,,,,,
partial_00207,validation,negative,positive_clip_truncated,synthetic negative_partial_wakeword,n/a,48000,1.5,0.0,0.21006944444444445,-23.42075538635254,,-11.963572347494486,-180.0,168.03642765250552,,,,,,,,
partial_00792,train,negative,positive_clip_truncated,synthetic negative_partial_wakeword,n/a,48000,1.5,0.0,0.3244444444444444,-27.044544219970703,,-16.050784254630745,-180.0,163.94921574536926,,,,,,,,
partial_00450,train,negative,positive_clip_truncated,synthetic negative_partial_wakeword,n/a,48000,1.5,0.0,0.11536111111111111,-27.763090133666992,,-16.102736947818823,-180.0,163.8972630521812,,,,,,,,
partial_00763,validation,negative,positive_clip_truncated,synthetic negative_partial_wakeword,n/a,48000,1.5,1.388888888888889e-05,0.18395833333333333,-21.159780502319336,,-10.392056013801268,-180.0,169.60794398619873,,,,,,,,
partial_00097,train,negative,positive_clip_truncated,synthetic negative_partial_wakeword,n/a,48000,1.5,0.0,0.22343055555555555,-36.6068115234375,,-26.75643167867352,-180.0,153.24356832132648,,,,,,,,
partial_00697,train,negative,positive_clip_truncated,synthetic negative_partial_wakeword,n/a,48000,1.5,0.0,0.18984722222222222,-93.18472290039062,,-99.58620571778171,-180.0,80.41379428221829,,,,,,,,
partial_00740,train,negative,positive_clip_truncated,synthetic negative_partial_wakeword,n/a,48000,1.5,0.0,0.35894444444444445,-25.869367599487305,,-14.859242049337071,-180.0,165.14075795066293,,,,,,,,
partial_00038,train,negative,positive_clip_truncated,synthetic negative_partial_wakeword,n/a,48000,1.5,0.0,0.15745833333333334,-76.9271240234375,,-76.83502416875514,-180.0,103.16497583124486,,,,,,,,
partial_00490,train,negative,positive_clip_truncated,synthetic negative_partial_wakeword,n/a,48000,1.5,0.0,0.32640277777777776,-25.869367599487305,,-14.884682726312429,-180.0,165.11531727368757,,,,,,,,
partial_00755,train,negative,positive_clip_truncated,synthetic negative_partial_wakeword,n/a,48000,1.5,0.0,0.12194444444444444,-26.71504020690918,,-15.269041011965724,-180.0,164.73095898803427,,,,,,,,
partial_00523,test,negative,positive_clip_truncated,synthetic negative_partial_wakeword,n/a,48000,1.5,1.388888888888889e-05,0.14084722222222223,-20.29067611694336,,-9.826402856166663,-180.0,170.17359714383335,,,,,,,,
partial_00445,train,negative,positive_clip_truncated,synthetic negative_partial_wakeword,n/a,48000,1.5,0.0,0.2474861111111111,-26.291988372802734,,-13.702736304190257,-180.0,166.29726369580973,,,,,,,,
partial_00215,train,negative,positive_clip_truncated,synthetic negative_partial_wakeword,n/a,48000,1.5,0.0,0.16241666666666665,-22.849605560302734,,-12.729164478268572,-180.0,167.27083552173144,,,,,,,,
partial_00679,test,negative,positive_clip_truncated,synthetic negative_partial_wakeword,n/a,48000,1.5,0.0,0.10377777777777777,-25.09813117980957,,-13.825821651680977,-180.0,166.17417834831903,,,,,,,,
partial_00393,train,negative,positive_clip_truncated,synthetic negative_partial_wakeword,n/a,48000,1.5,0.0,0.2442361111111111,-23.414213180541992,,-12.621297312929462,-180.0,167.37870268707053,,,,,,,,
partial_00680,test,negative,positive_clip_truncated,synthetic negative_partial_wakeword,n/a,48000,1.5,0.0,0.08355555555555555,-28.08222007751465,,-15.69525115040835,-180.0,164.30474884959165,,,,,,,,
partial_00012,validation,negative,positive_clip_truncated,synthetic negative_partial_wakeword,n/a,48000,1.5,0.0,0.12211111111111111,-30.70343780517578,,-19.945896586189413,-180.0,160.0541034138106,,,,,,,,
partial_00172,test,negative,positive_clip_truncated,synthetic negative_partial_wakeword,n/a,48000,1.5,0.0,0.16227777777777777,-31.990562438964844,,-21.663617981577136,-180.0,158.33638201842285,,,,,,,,
partial_00503,train,negative,positive_clip_truncated,synthetic negative_partial_wakeword,n/a,48000,1.5,0.0,0.0898888888888889,-25.288114547729492,,-12.695158219275049,-180.0,167.30484178072496,,,,,,,,
partial_00657,validation,negative,positive_clip_truncated,synthetic negative_partial_wakeword,n/a,48000,1.5,1.388888888888889e-05,0.10320833333333333,-21.68065071105957,,-9.126240211627518,-180.0,170.87375978837247,,,,,,,,
partial_00474,test,negative,positive_clip_truncated,synthetic negative_partial_wakeword,n/a,48000,1.5,0.0,0.205375,-26.45754051208496,,-16.084188686427904,-180.0,163.9158113135721,,,,,,,,
partial_00119,train,negative,positive_clip_truncated,synthetic negative_partial_wakeword,n/a,48000,1.5,0.0,0.13219444444444445,-27.56052017211914,,-16.195920420763365,-180.0,163.80407957923663,,,,,,,,
partial_00339,train,negative,positive_clip_truncated,synthetic negative_partial_wakeword,n/a,48000,1.5,0.0,0.2890138888888889,-25.919363021850586,,-14.448453996210242,-180.0,165.55154600378975,,,,,,,,
partial_00006,validation,negative,positive_clip_truncated,synthetic negative_partial_wakeword,n/a,48000,1.5,0.0,0.23556944444444444,-23.172191619873047,,-11.39207842478102,-180.0,168.60792157521897,,,,,,,,
partial_00210,validation,negative,positive_clip_truncated,synthetic negative_partial_wakeword,n/a,48000,1.5,2.777777777777778e-05,0.2103611111111111,-20.00909996032715,,-9.459613522054736,-180.0,170.54038647794528,,,,,,,,
partial_00753,train,negative,positive_clip_truncated,synthetic negative_partial_wakeword,n/a,48000,1.5,0.0,0.15079166666666666,-25.80457305908203,,-15.308027225909916,-180.0,164.6919727740901,,,,,,,,
partial_00208,validation,negative,positive_clip_truncated,synthetic negative_partial_wakeword,n/a,48000,1.5,0.0,0.20677777777777778,-26.376461029052734,,-15.778358608896122,-180.0,164.22164139110387,,,,,,,,
partial_00185,train,negative,positive_clip_truncated,synthetic negative_partial_wakeword,n/a,48000,1.5,0.0,0.1230138888888889,-96.89520263671875,,-100.6687833383872,-180.0,79.3312166616128,,,,,,,,
partial_00593,train,negative,positive_clip_truncated,synthetic negative_partial_wakeword,n/a,48000,1.5,0.0,0.335875,-24.700258255004883,,-12.807754525656526,-180.0,167.19224547434348,,,,,,,,
partial_00244,train,negative,positive_clip_truncated,synthetic negative_partial_wakeword,n/a,48000,1.5,0.0,0.15415277777777778,-74.32020568847656,,-81.23637201334442,-180.0,98.76362798665558,,,,,,,,
partial_00285,train,negative,positive_clip_truncated,synthetic negative_partial_wakeword,n/a,48000,1.5,0.0,0.2946666666666667,-25.612693786621094,,-15.3826067250059,-180.0,164.6173932749941,,,,,,,,
partial_00282,train,negative,positive_clip_truncated,synthetic negative_partial_wakeword,n/a,48000,1.5,1.388888888888889e-05,0.15168055555555557,-20.67608070373535,,-10.065414998132947,-180.0,169.93458500186705,,,,,,,,
partial_00186,train,negative,positive_clip_truncated,synthetic negative_partial_wakeword,n/a,48000,1.5,0.0,0.12569444444444444,-96.20028686523438,,-99.4662178724122,-180.0,80.5337821275878,,,,,,,,
partial_00407,validation,negative,positive_clip_truncated,synthetic negative_partial_wakeword,n/a,48000,1.5,1.388888888888889e-05,0.2286527777777778,-19.488113403320312,,-9.082040490474641,-180.0,170.91795950952536,,,,,,,,
partial_00151,train,negative,positive_clip_truncated,synthetic negative_partial_wakeword,n/a,48000,1.5,1.388888888888889e-05,0.1763611111111111,-21.783618927001953,,-10.120621279589825,-180.0,169.8793787204102,,,,,,,,
partial_00021,train,negative,positive_clip_truncated,synthetic negative_partial_wakeword,n/a,48000,1.5,0.0,0.12394444444444444,-26.596302032470703,,-14.924127605600772,-180.0,165.07587239439923,,,,,,,,
partial_00794,train,negative,positive_clip_truncated,synthetic negative_partial_wakeword,n/a,48000,1.5,0.0,0.236375,-23.939311981201172,,-12.863603042088826,-180.0,167.1363969579112,,,,,,,,
synth_clicks_00009,train,negative,synth_clicks,synthetic negative_silence_noise,n/a,48000,1.5,0.0,0.9691388888888889,-66.85379791259766,,-64.39996557376067,-76.56067476709913,12.160709193338462,,,,,,,,
synth_clicks_00509,train,negative,synth_clicks,synthetic negative_silence_noise,n/a,48000,1.5,0.0,0.9818472222222222,-62.03901672363281,,-61.1948534080279,-72.29222210090279,11.097368692874888,,,,,,,,
synth_white_00540,train,negative,synth_white,synthetic negative_silence_noise,n/a,48000,1.5,0.0,0.9990138888888889,-39.06825256347656,,-46.03456336866923,-47.303175778668844,1.2686124099996121,,,,,,,,
synth_white_00160,train,negative,synth_white,synthetic negative_silence_noise,n/a,48000,1.5,0.0,0.9989027777777778,-37.70283508300781,,-44.70779111216789,-46.01833088291902,1.3105397707511273,,,,,,,,
synth_pink_00746,train,negative,synth_pink,synthetic negative_silence_noise,n/a,48000,1.5,0.0,0.9941111111111111,-54.224082946777344,,-57.23030991816826,-59.07427513398916,1.8439652158209014,,,,,,,,
synth_fan_00698,train,negative,synth_fan,synthetic negative_silence_noise,n/a,48000,1.5,0.0,0.9955138888888889,-50.98875427246094,,-51.242439862804815,-53.36479640221669,2.122356539411875,,,,,,,,
synth_fan_00343,train,negative,synth_fan,synthetic negative_silence_noise,n/a,48000,1.5,0.0,0.996,-49.496246337890625,,-49.57187383614433,-52.09812178770247,2.5262479515581404,,,,,,,,
synth_clicks_00374,train,negative,synth_clicks,synthetic negative_silence_noise,n/a,48000,1.5,0.0,0.9548472222222222,-70.10751342773438,,-67.85781682211346,-79.6547876269297,11.79697080481624,,,,,,,,
synth_hum_00722,train,negative,synth_hum,synthetic negative_silence_noise,n/a,48000,1.5,0.0,0.9975,-40.607791900634766,,-60.97553345550712,-61.773325937158,0.7977924816508803,,,,,,,,
synth_white_00150,train,negative,synth_white,synthetic negative_silence_noise,n/a,48000,1.5,0.0,0.9974722222222222,-47.59856414794922,,-54.62706975802585,-55.885393706992815,1.258323948966968,,,,,,,,
synth_pink_00176,train,negative,synth_pink,synthetic negative_silence_noise,n/a,48000,1.5,0.0,0.9749444444444444,-66.42837524414062,,-68.9098224341538,-70.97052467600903,2.060702241855239,,,,,,,,
synth_fan_00078,train,negative,synth_fan,synthetic negative_silence_noise,n/a,48000,1.5,0.0,0.9514583333333333,-72.01704406738281,,-72.58534542203836,-74.66503328319361,2.07968786115525,,,,,,,,
synth_pink_00026,train,negative,synth_pink,synthetic negative_silence_noise,n/a,48000,1.5,0.0,0.9933472222222223,-55.156105041503906,,-57.38206804082323,-59.51899825280016,2.1369302119769316,,,,,,,,
synth_hum_00932,train,negative,synth_hum,synthetic negative_silence_noise,n/a,48000,1.5,0.0,0.9975,-41.027503967285156,,-61.39656890214914,-62.19445015443962,0.7978812522904803,,,,,,,,
synth_clicks_00484,train,negative,synth_clicks,synthetic negative_silence_noise,n/a,48000,1.5,0.0,0.9656944444444444,-67.63090515136719,,-65.25072022317883,-77.33886671642136,12.088146493242533,,,,,,,,
synth_pink_00826,train,negative,synth_pink,synthetic negative_silence_noise,n/a,48000,1.5,0.0,0.9935138888888889,-54.38916778564453,,-57.02034250769374,-58.77021456047288,1.7498720527791392,,,,,,,,
synth_white_00410,test,negative,synth_white,synthetic negative_silence_noise,n/a,48000,1.5,0.0,0.9980277777777777,-44.37974548339844,,-51.229609119621074,-52.589773772064135,1.3601646524430606,,,,,,,,
synth_hum_00937,train,negative,synth_hum,synthetic negative_silence_noise,n/a,48000,1.5,0.0,0.9975,-42.039066314697266,,-62.40554749576379,-63.20359063288557,0.7980431371217804,,,,,,,,
synth_hum_00492,train,negative,synth_hum,synthetic negative_silence_noise,n/a,48000,1.5,0.0,0.9975,-40.63083267211914,,-61.00041363137385,-61.79922518884308,0.7988115574692287,,,,,,,,
synth_hum_00717,train,negative,synth_hum,synthetic negative_silence_noise,n/a,48000,1.5,0.0,0.9975,-41.616424560546875,,-61.98680497932294,-62.786866859462755,0.8000618801398147,,,,,,,,
synth_hum_00617,train,negative,synth_hum,synthetic negative_silence_noise,n/a,48000,1.5,0.0,0.99625,-47.23479461669922,,-67.59878809077595,-68.39809197994099,0.7993038891650315,,,,,,,,
synth_white_00445,train,negative,synth_white,synthetic negative_silence_noise,n/a,48000,1.5,0.0,0.9988472222222222,-38.946754455566406,,-46.07404572518421,-47.24008977222199,1.1660440470377793,,,,,,,,
synth_pink_00191,test,negative,synth_pink,synthetic negative_silence_noise,n/a,48000,1.5,0.0,0.9860694444444444,-60.87664031982422,,-63.263661725318556,-65.28253621731001,2.018874491991454,,,,,,,,
synth_pink_00276,train,negative,synth_pink,synthetic negative_silence_noise,n/a,48000,1.5,0.0,0.9944027777777777,-53.41185760498047,,-56.193255339332254,-57.9683553484131,1.7751000090808446,,,,,,,,
synth_white_00555,train,negative,synth_white,synthetic negative_silence_noise,n/a,48000,1.5,0.0,0.9988472222222222,-39.948970794677734,,-46.9026847623543,-48.26361808787358,1.3609333255192837,,,,,,,,
synth_pink_00501,train,negative,synth_pink,synthetic negative_silence_noise,n/a,48000,1.5,0.0,0.9955833333333334,-52.13591003417969,,-54.7847576702184,-56.84839701869863,2.06363934848023,,,,,,,,
synth_fan_00768,train,negative,synth_fan,synthetic negative_silence_noise,n/a,48000,1.5,0.0,0.9957083333333333,-50.53333282470703,,-51.09242240638565,-53.039098048487716,1.9466756421020648,,,,,,,,
synth_fan_00618,train,negative,synth_fan,synthetic negative_silence_noise,n/a,48000,1.5,0.0,0.9952222222222222,-51.72786331176758,,-52.25303284446048,-54.08551501478064,1.8324821703201621,,,,,,,,
synth_clicks_00044,train,negative,synth_clicks,synthetic negative_silence_noise,n/a,48000,1.5,0.0,0.9875972222222222,-58.6876106262207,,-56.29955364320401,-68.36702078786907,12.06746714466506,,,,,,,,
synth_clicks_00249,train,negative,synth_clicks,synthetic negative_silence_noise,n/a,48000,1.5,0.0,0.9890694444444444,-57.612457275390625,,-55.39047176973738,-67.38799074786623,11.997518978128845,,,,,,,,
synth_pink_00206,train,negative,synth_pink,synthetic negative_silence_noise,n/a,48000,1.5,0.0,0.9839583333333334,-62.51597595214844,,-65.08815268870504,-66.93547100154804,1.8473183128430009,,,,,,,,
synth_pink_00266,test,negative,synth_pink,synthetic negative_silence_noise,n/a,48000,1.5,0.0,0.9922361111111111,-57.17580795288086,,-59.94756275207205,-61.75361111451738,1.8060483624453312,,,,,,,,
synth_pink_00596,train,negative,synth_pink,synthetic negative_silence_noise,n/a,48000,1.5,0.0,0.9962222222222222,-49.65464782714844,,-52.06312179123644,-54.151402981813945,2.0882811905775043,,,,,,,,
synth_clicks_00784,test,negative,synth_clicks,synthetic negative_silence_noise,n/a,48000,1.5,0.0,0.9763055555555555,-64.30781555175781,,-62.32353437715358,-73.90442256183428,11.580888184680703,,,,,,,,
synth_fan_00428,validation,negative,synth_fan,synthetic negative_silence_noise,n/a,48000,1.5,0.0,0.9950972222222222,-52.4730110168457,,-52.791529850790255,-54.70675595066338,1.9152260998731236,,,,,,,,
synth_hum_00192,validation,negative,synth_hum,synthetic negative_silence_noise,n/a,48000,1.5,0.0,0.99625,-48.52864074707031,,-68.89516929689202,-69.69763454937375,0.8024652524817242,,,,,,,,
synth_white_00745,validation,negative,synth_white,synthetic negative_silence_noise,n/a,48000,1.5,0.0,0.9981666666666666,-43.733551025390625,,-50.694451905933356,-51.933165528974946,1.2387136230415905,,,,,,,,
synth_fan_00043,train,negative,synth_fan,synthetic negative_silence_noise,n/a,48000,1.5,0.0,0.9881111111111112,-59.829925537109375,,-60.25744859680662,-62.02086364220265,1.7634150453960302,,,,,,,,
synth_pink_00986,train,negative,synth_pink,synthetic negative_silence_noise,n/a,48000,1.5,0.0,0.9936111111111111,-54.46358108520508,,-56.977990964456325,-58.76876037164139,1.790769407185067,,,,,,,,
synth_pink_00296,train,negative,synth_pink,synthetic negative_silence_noise,n/a,48000,1.5,0.0,0.9873888888888889,-60.04199981689453,,-63.13984951080546,-64.90063965864836,1.7607901478428971,,,,,,,,
synth_fan_00998,test,negative,synth_fan,synthetic negative_silence_noise,n/a,48000,1.5,0.0,0.9944027777777777,-53.31142807006836,,-53.614957073529894,-55.78526112697718,2.170304053447289,,,,,,,,
synth_hum_00982,train,negative,synth_hum,synthetic negative_silence_noise,n/a,48000,1.5,0.0,0.99625,-50.8356819152832,,-71.2034866431003,-72.00157986080232,0.7980932177020179,,,,,,,,
synth_white_00080,train,negative,synth_white,synthetic negative_silence_noise,n/a,48000,1.5,0.0,0.9975555555555555,-46.542022705078125,,-53.51915055298244,-54.67752657690171,1.1583760239192742,,,,,,,,
synth_pink_00546,train,negative,synth_pink,synthetic negative_silence_noise,n/a,48000,1.5,0.0,0.9958611111111111,-50.862327575683594,,-53.25530005461409,-55.23037627868932,1.9750762240752309,,,,,,,,
synth_white_00585,train,negative,synth_white,synthetic negative_silence_noise,n/a,48000,1.5,0.0,0.9991527777777778,-36.5408935546875,,-43.56140045232906,-44.81322282516747,1.2518223728384115,,,,,,,,
synth_white_00220,train,negative,synth_white,synthetic negative_silence_noise,n/a,48000,1.5,0.0,0.9970416666666667,-47.869224548339844,,-54.96456863335577,-56.125955195544904,1.1613865621891364,,,,,,,,
synth_white_00955,train,negative,synth_white,synthetic negative_silence_noise,n/a,48000,1.5,0.0,0.9940277777777777,-54.172325134277344,,-61.22357359451651,-62.31562863246099,1.0920550379444833,,,,,,,,
synth_pink_00226,validation,negative,synth_pink,synthetic negative_silence_noise,n/a,48000,1.5,0.0,0.9945277777777778,-53.2194709777832,,-56.18950864498865,-57.90060995594931,1.7111013109606574,,,,,,,,
synth_pink_00381,train,negative,synth_pink,synthetic negative_silence_noise,n/a,48000,1.5,0.0,0.9940416666666667,-53.36833190917969,,-56.25437543385945,-57.95176264071037,1.6973872068509195,,,,,,,,
synth_hum_00707,train,negative,synth_hum,synthetic negative_silence_noise,n/a,48000,1.5,0.0,0.99625,-49.70721435546875,,-70.08105102171659,-70.8800491006119,0.798998078895309,,,,,,,,
synth_clicks_00594,validation,negative,synth_clicks,synthetic negative_silence_noise,n/a,48000,1.5,0.0,0.9459166666666666,-71.38612365722656,,-69.0285146703865,-80.98913115489523,11.960616484508733,,,,,,,,
synth_fan_00308,validation,negative,synth_fan,synthetic negative_silence_noise,n/a,48000,1.5,0.0,0.9924583333333333,-55.6710090637207,,-56.157300749206335,-58.15117370280873,1.9938729536023914,,,,,,,,
synth_pink_00976,train,negative,synth_pink,synthetic negative_silence_noise,n/a,48000,1.5,0.0,0.9954722222222222,-51.7778205871582,,-54.52945316759764,-56.34239161322561,1.812938445627971,,,,,,,,
synth_white_00860,validation,negative,synth_white,synthetic negative_silence_noise,n/a,48000,1.5,0.0,0.9987638888888889,-39.57246780395508,,-46.42201811982256,-47.817606641943854,1.3955885221212938,,,,,,,,
synth_pink_00076,train,negative,synth_pink,synthetic negative_silence_noise,n/a,48000,1.5,0.0,0.9827222222222223,-62.62611389160156,,-65.60266527341376,-67.58918592948288,1.9865206560691178,,,,,,,,
synth_pink_00286,train,negative,synth_pink,synthetic negative_silence_noise,n/a,48000,1.5,0.0,0.9956527777777778,-50.700260162353516,,-53.15251504094001,-55.553566789294386,2.4010517483543765,,,,,,,,
synth_clicks_00419,train,negative,synth_clicks,synthetic negative_silence_noise,n/a,48000,1.5,0.0,0.9913888888888889,-55.611934661865234,,-53.139533351192235,-65.33097682211395,12.191443470921719,,,,,,,,
synth_clicks_00444,train,negative,synth_clicks,synthetic negative_silence_noise,n/a,48000,1.5,0.0,0.8839166666666667,-78.25112915039062,,-75.90796983213292,-88.03461380098113,12.126643968848214,,,,,,,,
synth_white_00340,validation,negative,synth_white,synthetic negative_silence_noise,n/a,48000,1.5,0.0,0.9984861111111111,-41.114749908447266,,-47.724377369839814,-49.19587891256177,1.4715015427219527,,,,,,,,
synth_pink_00021,train,negative,synth_pink,synthetic negative_silence_noise,n/a,48000,1.5,0.0,0.9938055555555556,-54.36723709106445,,-57.37959261776295,-59.11122848796453,1.731635870201579,,,,,,,,
synth_pink_00061,train,negative,synth_pink,synthetic negative_silence_noise,n/a,48000,1.5,0.0,0.9956111111111111,-50.47160339355469,,-53.416604131322586,-54.978994782069776,1.56239065074719,,,,,,,,
synth_fan_00503,train,negative,synth_fan,synthetic negative_silence_noise,n/a,48000,1.5,0.0,0.9932222222222222,-55.23741912841797,,-55.14296678224675,-57.74797109408983,2.605004311843075,,,,,,,,
synth_fan_00783,train,negative,synth_fan,synthetic negative_silence_noise,n/a,48000,1.5,0.0,0.9961944444444445,-49.821876525878906,,-49.84097600636743,-52.02144463976842,2.1804686334009915,,,,,,,,
synth_fan_00553,train,negative,synth_fan,synthetic negative_silence_noise,n/a,48000,1.5,0.0,0.9900833333333333,-57.860694885253906,,-58.57358921931041,-60.40317845638757,1.8295892370771583,,,,,,,,
synth_fan_00163,validation,negative,synth_fan,synthetic negative_silence_noise,n/a,48000,1.5,0.0,0.9894027777777777,-58.78431701660156,,-58.95996040453065,-61.24156326673373,2.28160286220308,,,,,,,,
synth_hum_00462,train,negative,synth_hum,synthetic negative_silence_noise,n/a,48000,1.5,0.0,0.9975,-39.37274169921875,,-59.74238378503439,-60.54104511172887,0.7986613266944786,,,,,,,,
synth_pink_00506,train,negative,synth_pink,synthetic negative_silence_noise,n/a,48000,1.5,0.0,0.9873888888888889,-60.506370544433594,,-63.2098682668847,-65.15950284210139,1.9496345752166917,,,,,,,,
synth_pink_00091,train,negative,synth_pink,synthetic negative_silence_noise,n/a,48000,1.5,0.0,0.9964166666666666,-49.12580871582031,,-51.84380457285561,-53.54248878768243,1.6986842148268195,,,,,,,,
synth_pink_00336,validation,negative,synth_pink,synthetic negative_silence_noise,n/a,48000,1.5,0.0,0.9884305555555556,-59.35477828979492,,-61.813995140672375,-64.0265527259063,2.212557585233924,,,,,,,,
synth_hum_00517,train,negative,synth_hum,synthetic negative_silence_noise,n/a,48000,1.5,0.0,0.9975,-41.77663803100586,,-62.14301422269041,-62.94114651697401,0.7981322942835973,,,,,,,,
synth_hum_00962,train,negative,synth_hum,synthetic negative_silence_noise,n/a,48000,1.5,0.0,0.9925,-54.60719299316406,,-74.97519669818215,-75.77917658401213,0.8039798858299889,,,,,,,,
synth_hum_00422,test,negative,synth_hum,synthetic negative_silence_noise,n/a,48000,1.5,0.0,0.9925,-56.76277160644531,,-77.14377295826945,-77.94188114890862,0.7981081906391694,,,,,,,,
synth_fan_00808,train,negative,synth_fan,synthetic negative_silence_noise,n/a,48000,1.5,0.0,0.9945416666666667,-53.47133255004883,,-53.75742155231379,-55.82075103506903,2.0633294827552433,,,,,,,,
synth_hum_00452,train,negative,synth_hum,synthetic negative_silence_noise,n/a,48000,1.5,0.0,0.99625,-48.33141326904297,,-68.69969109214533,-69.49077228044577,0.7910811883004385,,,,,,,,
synth_fan_00433,train,negative,synth_fan,synthetic negative_silence_noise,n/a,48000,1.5,0.0,0.9929305555555555,-54.959022521972656,,-55.175946123577205,-57.55861196352232,2.382665839945112,,,,,,,,
synth_hum_00822,train,negative,synth_hum,synthetic negative_silence_noise,n/a,48000,1.5,0.0,0.9975,-42.781097412109375,,-63.153090791056215,-63.9502012459472,0.7971104548909835,,,,,,,,
synth_fan_00763,test,negative,synth_fan,synthetic negative_silence_noise,n/a,48000,1.5,0.0,0.9944444444444445,-52.51569747924805,,-52.947301759257606,-54.88466408542444,1.9373623261668342,,,,,,,,
synth_hum_00077,train,negative,synth_hum,synthetic negative_silence_noise,n/a,48000,1.5,0.0,0.99625,-49.3550910949707,,-69.71842372386627,-70.51892098606218,0.8004972621959183,,,,,,,,
synth_hum_00562,train,negative,synth_hum,synthetic negative_silence_noise,n/a,48000,1.5,0.0,0.9925,-56.624141693115234,,-76.99141988908175,-77.79112949529565,0.7997096062138951,,,,,,,,
synth_white_00660,train,negative,synth_white,synthetic negative_silence_noise,n/a,48000,1.5,0.0,0.9992083333333334,-38.31525421142578,,-44.86973126028954,-46.67974681465046,1.8100155543609162,,,,,,,,
synth_white_00475,train,negative,synth_white,synthetic negative_silence_noise,n/a,48000,1.5,0.0,0.9973472222222223,-45.836570739746094,,-52.980002391829636,-53.97576932213498,0.9957669303053436,,,,,,,,
synth_clicks_00839,train,negative,synth_clicks,synthetic negative_silence_noise,n/a,48000,1.5,0.0,0.9896944444444444,-56.45668029785156,,-53.90707829155059,-66.29279494324935,12.385716651698758,,,,,,,,
synth_fan_00193,train,negative,synth_fan,synthetic negative_silence_noise,n/a,48000,1.5,0.0,0.994,-54.784080505371094,,-55.280029149545186,-57.32751706377689,2.047487914231702,,,,,,,,
synth_white_00125,train,negative,synth_white,synthetic negative_silence_noise,n/a,48000,1.5,0.0,0.9948888888888889,-52.35576629638672,,-59.317435963017644,-60.52840723040989,1.210971267392246,,,,,,,,
synth_white_00190,train,negative,synth_white,synthetic negative_silence_noise,n/a,48000,1.5,0.0,0.9857777777777778,-61.49688720703125,,-68.36041790530106,-69.67892246750999,1.318504562208929,,,,,,,,
synth_white_00440,train,negative,synth_white,synthetic negative_silence_noise,n/a,48000,1.5,0.0,0.9990694444444445,-38.17498016357422,,-45.133030310291815,-46.365446126917604,1.2324158166257888,,,,,,,,
synth_clicks_00474,train,negative,synth_clicks,synthetic negative_silence_noise,n/a,48000,1.5,0.0,0.9893611111111111,-57.646728515625,,-55.275089764018766,-67.35809361880176,12.083003854782994,,,,,,,,
synth_fan_00448,train,negative,synth_fan,synthetic negative_silence_noise,n/a,48000,1.5,0.0,0.9954722222222222,-51.34237289428711,,-51.79474713494525,-53.76035807364237,1.9656109386971252,,,,,,,,
synth_pink_00831,train,negative,synth_pink,synthetic negative_silence_noise,n/a,48000,1.5,0.0,0.9920277777777777,-55.88654327392578,,-58.44990420158742,-60.68060938438321,2.2307051827957878,,,,,,,,
synth_white_00420,train,negative,synth_white,synthetic negative_silence_noise,n/a,48000,1.5,0.0,0.9987361111111112,-41.659488677978516,,-48.64695419484761,-49.89172988068585,1.244775685838242,,,,,,,,
synth_pink_00721,train,negative,synth_pink,synthetic negative_silence_noise,n/a,48000,1.5,0.0,0.9947638888888889,-52.696876525878906,,-54.816147832341024,-57.15577406875262,2.339626236411597,,,,,,,,
synth_pink_00956,train,negative,synth_pink,synthetic negative_silence_noise,n/a,48000,1.5,0.0,0.9967638888888889,-49.362327575683594,,-52.105020231819054,-54.11914398920363,2.0141237573845743,,,,,,,,
synth_hum_00892,train,negative,synth_hum,synthetic negative_silence_noise,n/a,48000,1.5,0.0,0.9925,-54.503639221191406,,-74.86584059234538,-75.66819990153824,0.802359309192866,,,,,,,,
synth_white_00090,train,negative,synth_white,synthetic negative_silence_noise,n/a,48000,1.5,0.0,0.993125,-55.331382751464844,,-62.46099574161488,-63.63796019239529,1.1769644507804102,,,,,,,,
synth_hum_00162,train,negative,synth_hum,synthetic negative_silence_noise,n/a,48000,1.5,0.0,0.99625,-45.80635070800781,,-66.17467477647922,-66.97361109013586,0.7989363136566396,,,,,,,,
synth_white_00900,train,negative,synth_white,synthetic negative_silence_noise,n/a,48000,1.5,0.0,0.9961666666666666,-49.91666793823242,,-56.67279379215797,-58.16958456387907,1.496790771721102,,,,,,,,
synth_fan_00648,validation,negative,synth_fan,synthetic negative_silence_noise,n/a,48000,1.5,0.0,0.9679583333333334,-68.53330993652344,,-68.81564142902256,-70.9872533238689,2.171611894846336,,,,,,,,
synth_clicks_00284,train,negative,synth_clicks,synthetic negative_silence_noise,n/a,48000,1.5,0.0,0.9884583333333333,-58.24684143066406,,-55.79874811005716,-68.08135744786053,12.282609337803365,,,,,,,,
synth_clicks_00104,train,negative,synth_clicks,synthetic negative_silence_noise,n/a,48000,1.5,0.0,0.9892777777777778,-57.12555694580078,,-55.586986801124276,-66.82802371329633,11.241036912172056,,,,,,,,
synth_fan_00178,train,negative,synth_fan,synthetic negative_silence_noise,n/a,48000,1.5,0.0,0.9879305555555555,-59.84611511230469,,-60.329423235831754,-62.11083447274605,1.7814112369142947,,,,,,,,
synth_pink_00216,train,negative,synth_pink,synthetic negative_silence_noise,n/a,48000,1.5,0.0,0.9491388888888889,-72.35075378417969,,-75.15023477734121,-76.89418655942188,1.7439517820806714,,,,,,,,
synth_clicks_00314,train,negative,synth_clicks,synthetic negative_silence_noise,n/a,48000,1.5,0.0,0.9855694444444445,-59.77561950683594,,-57.37773995604856,-69.49238319219849,12.11464323614993,,,,,,,,
synth_white_00880,train,negative,synth_white,synthetic negative_silence_noise,n/a,48000,1.5,0.0,0.9976111111111111,-45.48843765258789,,-52.379594045007806,-53.64465884595633,1.2650648009485224,,,,,,,,
synth_white_00795,train,negative,synth_white,synthetic negative_silence_noise,n/a,48000,1.5,0.0,0.9975,-45.018924713134766,,-52.19950671389696,-53.31423417338064,1.1147274594836816,,,,,,,,
synth_hum_00237,validation,negative,synth_hum,synthetic negative_silence_noise,n/a,48000,1.5,0.0,0.9975,-44.886531829833984,,-65.25271883976626,-66.05043341786825,0.7977145781019885,,,,,,,,
synth_clicks_00874,train,negative,synth_clicks,synthetic negative_silence_noise,n/a,48000,1.5,0.0,0.9866111111111111,-58.834388732910156,,-56.803744314703756,-68.86260902721837,12.058864712514612,,,,,,,,
synth_pink_00341,test,negative,synth_pink,synthetic negative_silence_noise,n/a,48000,1.5,0.0,0.9945555555555555,-52.426570892333984,,-55.450553863174065,-57.0521666924486,1.6016128292745364,,,,,,,,
synth_hum_00367,train,negative,synth_hum,synthetic negative_silence_noise,n/a,48000,1.5,0.0,0.99,-59.677452087402344,,-80.04631609113834,-80.84361113879784,0.7972950476595031,,,,,,,,
synth_fan_00098,train,negative,synth_fan,synthetic negative_silence_noise,n/a,48000,1.5,0.0,0.9855694444444445,-60.9986686706543,,-61.564022096810056,-63.32475144744893,1.7607293506388757,,,,,,,,
synth_hum_00002,train,negative,synth_hum,synthetic negative_silence_noise,n/a,48000,1.5,0.0,0.99625,-48.675132751464844,,-69.04639672042042,-69.84237534753824,0.7959786271178189,,,,,,,,
synth_pink_00241,train,negative,synth_pink,synthetic negative_silence_noise,n/a,48000,1.5,0.0,0.9956666666666667,-51.46791458129883,,-53.974655879112014,-56.30611496607033,2.3314590869583185,,,,,,,,
synth_fan_00578,train,negative,synth_fan,synthetic negative_silence_noise,n/a,48000,1.5,0.0,0.992625,-55.52350616455078,,-55.501629045440275,-58.10165493956735,2.6000258941270715,,,,,,,,
synth_white_00705,train,negative,synth_white,synthetic negative_silence_noise,n/a,48000,1.5,0.0,0.998875,-39.022308349609375,,-45.76462500247529,-47.308688869312654,1.5440638668373623,,,,,,,,
synth_white_00470,train,negative,synth_white,synthetic negative_silence_noise,n/a,48000,1.5,0.0,0.9985694444444444,-42.70802307128906,,-49.61720586426041,-50.951741497345544,1.3345356330851317,,,,,,,,
synth_fan_00893,train,negative,synth_fan,synthetic negative_silence_noise,n/a,48000,1.5,0.0,0.9933472222222223,-54.69333267211914,,-55.095702181984,-57.271411632656495,2.1757094506724926,,,,,,,,
synth_pink_00376,train,negative,synth_pink,synthetic negative_silence_noise,n/a,48000,1.5,0.0,0.99625,-50.46213150024414,,-52.638208146946475,-54.89629483186617,2.2580866849196966,,,,,,,,
synth_clicks_00559,train,negative,synth_clicks,synthetic negative_silence_noise,n/a,48000,1.5,0.0,0.9612083333333333,-68.70817565917969,,-67.1570626470928,-78.39409102145484,11.23702837436204,,,,,,,,
synth_pink_00821,train,negative,synth_pink,synthetic negative_silence_noise,n/a,48000,1.5,0.0,0.9895694444444444,-58.0260009765625,,-60.968843947423395,-62.56903501261018,1.6001910651867846,,,,,,,,
synth_white_00840,test,negative,synth_white,synthetic negative_silence_noise,n/a,48000,1.5,0.0,0.9988055555555555,-40.85624694824219,,-48.23676004305467,-49.1352257767602,0.8984657337055282,,,,,,,,
synth_clicks_00929,train,negative,synth_clicks,synthetic negative_silence_noise,n/a,48000,1.5,0.0,0.9906666666666667,-56.095252990722656,,-54.97260057757325,-65.80158537151233,10.828984793939078,,,,,,,,
synth_pink_00651,train,negative,synth_pink,synthetic negative_silence_noise,n/a,48000,1.5,0.0,0.99475,-52.208740234375,,-54.76044666453928,-56.57104914199273,1.8106024774534504,,,,,,,,
synth_clicks_00324,test,negative,synth_clicks,synthetic negative_silence_noise,n/a,48000,1.5,0.0,0.9514583333333333,-70.74366760253906,,-68.27353028436546,-80.4140658894972,12.140535605131731,,,,,,,,
synth_clicks_00769,train,negative,synth_clicks,synthetic negative_silence_noise,n/a,48000,1.5,0.0,0.9531944444444445,-70.66336059570312,,-68.46689174019023,-80.34174230589333,11.874850565703099,,,,,,,,
synth_clicks_00119,train,negative,synth_clicks,synthetic negative_silence_noise,n/a,48000,1.5,0.0,0.9747222222222223,-65.10746765136719,,-62.840679167212414,-74.72294734779305,11.882268180580638,,,,,,,,
synth_hum_00247,train,negative,synth_hum,synthetic negative_silence_noise,n/a,48000,1.5,0.0,0.995,-51.010704040527344,,-71.37112684095547,-72.17105279287995,0.7999259519244788,,,,,,,,
synth_white_00590,train,negative,synth_white,synthetic negative_silence_noise,n/a,48000,1.5,0.0,0.9989166666666667,-37.39183044433594,,-44.4370452188785,-45.56597674728058,1.1289315284020773,,,,,,,,
synth_clicks_00439,validation,negative,synth_clicks,synthetic negative_silence_noise,n/a,48000,1.5,0.0,0.9894027777777777,-57.73210906982422,,-55.40732780222587,-67.43137815881336,12.024050356587487,,,,,,,,
synth_pink_00151,train,negative,synth_pink,synthetic negative_silence_noise,n/a,48000,1.5,0.0,0.9922638888888888,-55.37392044067383,,-57.94914711133175,-60.16510069092303,2.215953579591286,,,,,,,,
synth_hum_00402,test,negative,synth_hum,synthetic negative_silence_noise,n/a,48000,1.5,0.0,0.99625,-47.15705490112305,,-67.53062814437095,-68.33355815278455,0.8029300084135969,,,,,,,,
synth_fan_00543,validation,negative,synth_fan,synthetic negative_silence_noise,n/a,48000,1.5,0.0,0.993375,-55.354888916015625,,-55.68603269585805,-57.909904909417584,2.223872213559531,,,,,,,,
synth_white_00385,train,negative,synth_white,synthetic negative_silence_noise,n/a,48000,1.5,0.0,0.9989166666666667,-38.595489501953125,,-45.522139969326865,-46.793157778065485,1.2710178087386197,,,,,,,,
synth_white_00270,validation,negative,synth_white,synthetic negative_silence_noise,n/a,48000,1.5,0.0,0.9987916666666666,-41.21222686767578,,-48.20443905934885,-49.37324768758122,1.1688086282323695,,,,,,,,
synth_fan_00933,train,negative,synth_fan,synthetic negative_silence_noise,n/a,48000,1.5,0.0,0.9959861111111111,-50.3760986328125,,-50.640394789546086,-52.71073948798032,2.0703446984342335,,,,,,,,
synth_hum_00737,train,negative,synth_hum,synthetic negative_silence_noise,n/a,48000,1.5,0.0,0.99625,-46.04092025756836,,-66.41328616914332,-67.21559013029534,0.8023039611520204,,,,,,,,
synth_hum_00217,train,negative,synth_hum,synthetic negative_silence_noise,n/a,48000,1.5,0.0,0.9875,-61.710960388183594,,-82.06968889845737,-82.86730536779703,0.7976164693396584,,,,,,,,
synth_fan_00688,validation,negative,synth_fan,synthetic negative_silence_noise,n/a,48000,1.5,0.0,0.9947777777777778,-53.124977111816406,,-53.80741988100217,-55.56894414192728,1.761524260925114,,,,,,,,
synth_clicks_00329,test,negative,synth_clicks,synthetic negative_silence_noise,n/a,48000,1.5,0.0,0.9852361111111111,-59.70746994018555,,-57.32070652178224,-69.39600439340153,12.075297871619284,,,,,,,,
synth_hum_00782,train,negative,synth_hum,synthetic negative_silence_noise,n/a,48000,1.5,0.0,0.99625,-46.11214065551758,,-66.48114862061914,-67.28046994727629,0.7993213266571502,,,,,,,,
synth_clicks_00774,train,negative,synth_clicks,synthetic negative_silence_noise,n/a,48000,1.5,0.0,0.9855972222222222,-60.24363708496094,,-57.71074615957072,-69.94952390230296,12.238777742732239,,,,,,,,
synth_hum_00477,train,negative,synth_hum,synthetic negative_silence_noise,n/a,48000,1.5,0.0,0.9975,-43.14008712768555,,-63.510957537014114,-64.30841137243061,0.7974538354164977,,,,,,,,
synth_hum_00092,train,negative,synth_hum,synthetic negative_silence_noise,n/a,48000,1.5,0.0,0.9975,-40.11878967285156,,-60.48988594162747,-61.287753412707055,0.7978674710795843,,,,,,,,
synth_pink_00161,train,negative,synth_pink,synthetic negative_silence_noise,n/a,48000,1.5,0.0,0.9834861111111111,-62.61294937133789,,-65.51643580408623,-67.06732434853345,1.5508885444472185,,,,,,,,
synth_clicks_00174,train,negative,synth_clicks,synthetic negative_silence_noise,n/a,48000,1.5,0.0,0.9809722222222222,-61.8842658996582,,-59.38691468631972,-71.42200833304496,12.035093646725237,,,,,,,,
synth_fan_00823,train,negative,synth_fan,synthetic negative_silence_noise,n/a,48000,1.5,0.0,0.9944027777777777,-53.34457778930664,,-53.60528900716431,-55.7956292730797,2.1903402659153883,,,,,,,,
synth_pink_00311,train,negative,synth_pink,synthetic negative_silence_noise,n/a,48000,1.5,0.0,0.9954861111111111,-51.79655075073242,,-54.21472001919293,-56.131206869701295,1.9164868505083632,,,,,,,,
synth_hum_00672,train,negative,synth_hum,synthetic negative_silence_noise,n/a,48000,1.5,0.0,0.9975,-43.222190856933594,,-63.591755909567645,-64.38924477690729,0.797488867339645,,,,,,,,
synth_clicks_00964,train,negative,synth_clicks,synthetic negative_silence_noise,n/a,48000,1.5,0.0,0.9805833333333334,-62.803199768066406,,-60.64076128029947,-72.42592882909548,11.78516754879601,,,,,,,,
synth_clicks_00454,train,negative,synth_clicks,synthetic negative_silence_noise,n/a,48000,1.5,0.0,0.9894305555555556,-57.29848861694336,,-54.879000350007374,-66.99773269454577,12.118732344538401,,,,,,,,
synth_hum_00212,train,negative,synth_hum,synthetic negative_silence_noise,n/a,48000,1.5,0.0,0.99625,-46.641021728515625,,-67.01191366107345,-67.8064681007905,0.7945544397170465,,,,,,,,
synth_pink_00146,train,negative,synth_pink,synthetic negative_silence_noise,n/a,48000,1.5,0.0,0.9955277777777778,-52.30636978149414,,-54.87041805084679,-57.03246663648927,2.1620485856424807,,,,,,,,
