window_id,file_id,filepath,split,src_start_sec,src_end_sec
Manual-BG-Macmic1@0ms_n,Manual-BG-Macmic1,data/negatives_general/Manual-BG-Macmic1.wav,train,0.0,1.5
Manual-BG-Macmic1@750ms_n,Manual-BG-Macmic1,data/negatives_general/Manual-BG-Macmic1.wav,train,0.75,2.25
Manual-BG-Macmic1@1500ms_n,Manual-BG-Macmic1,data/negatives_general/Manual-BG-Macmic1.wav,train,1.5,3.0
Manual-BG-RPI10@0ms_n,Manual-BG-RPI10,data/negatives_general/Manual-BG-RPI10.wav,train,0.0,1.5
Manual-BG-RPI10@750ms_n,Manual-BG-RPI10,data/negatives_general/Manual-BG-RPI10.wav,train,0.75,2.25
Manual-BG-RPI10@1500ms_n,Manual-BG-RPI10,data/negatives_general/Manual-BG-RPI10.wav,train,1.5,3.0
Manual-BG-RPI10@2250ms_n,Manual-BG-RPI10,data/negatives_general/Manual-BG-RPI10.wav,train,2.25,3.75
Manual-BG-RPI10@3000ms_n,Manual-BG-RPI10,data/negatives_general/Manual-BG-RPI10.wav,train,3.0,4.5
Manual-BG-RPI10@3750ms_n,Manual-BG-RPI10,data/negatives_general/Manual-BG-RPI10.wav,train,3.75,5.25
Manual-BG-RPI10@4500ms_n,Manual-BG-RPI10,data/negatives_general/Manual-BG-RPI10.wav,train,4.5,6.0
Manual-BG-RPI10@5250ms_n,Manual-BG-RPI10,data/negatives_general/Manual-BG-RPI10.wav,train,5.25,6.75
Manual-BG-RPI10@6000ms_n,Manual-BG-RPI10,data/negatives_general/Manual-BG-RPI10.wav,train,6.0,7.5
Manual-BG-RPI10@6750ms_n,Manual-BG-RPI10,data/negatives_general/Manual-BG-RPI10.wav,train,6.75,8.25
Manual-BG-RPI10@7500ms_n,Manual-BG-RPI10,data/negatives_general/Manual-BG-RPI10.wav,train,7.5,9.0
Manual-BG-RPI10@8250ms_n,Manual-BG-RPI10,data/negatives_general/Manual-BG-RPI10.wav,train,8.25,9.75
Manual-BG-RPI10@9000ms_n,Manual-BG-RPI10,data/negatives_general/Manual-BG-RPI10.wav,train,9.0,10.5
Manual-BG-RPI10@9750ms_n,Manual-BG-RPI10,data/negatives_general/Manual-BG-RPI10.wav,train,9.75,11.25
Manual-BG-RPI10@10500ms_n,Manual-BG-RPI10,data/negatives_general/Manual-BG-RPI10.wav,train,10.5,12.0
Manual-BG-RPI10@11250ms_n,Manual-BG-RPI10,data/negatives_general/Manual-BG-RPI10.wav,train,11.25,12.75
Manual-BG-RPI10@12000ms_n,Manual-BG-RPI10,data/negatives_general/Manual-BG-RPI10.wav,train,12.0,13.5
Manual-BG-RPI10@12750ms_n,Manual-BG-RPI10,data/negatives_general/Manual-BG-RPI10.wav,train,12.75,14.25
Manual-BG-RPI10@13500ms_n,Manual-BG-RPI10,data/negatives_general/Manual-BG-RPI10.wav,train,13.5,15.0
Manual-BG-RPI10@14250ms_n,Manual-BG-RPI10,data/negatives_general/Manual-BG-RPI10.wav,train,14.25,15.75
Manual-BG-RPI10@15000ms_n,Manual-BG-RPI10,data/negatives_general/Manual-BG-RPI10.wav,train,15.0,16.5
Manual-BG-RPI10@15750ms_n,Manual-BG-RPI10,data/negatives_general/Manual-BG-RPI10.wav,train,15.75,17.25
Manual-BG-RPI10@16500ms_n,Manual-BG-RPI10,data/negatives_general/Manual-BG-RPI10.wav,train,16.5,18.0
Manual-BG-RPI10@17250ms_n,Manual-BG-RPI10,data/negatives_general/Manual-BG-RPI10.wav,train,17.25,18.75
Manual-BG-RPI10@18000ms_n,Manual-BG-RPI10,data/negatives_general/Manual-BG-RPI10.wav,train,18.0,19.5
Manual-BG-RPI10@18750ms_n,Manual-BG-RPI10,data/negatives_general/Manual-BG-RPI10.wav,train,18.75,20.25
Manual-BG-RPI10@19500ms_n,Manual-BG-RPI10,data/negatives_general/Manual-BG-RPI10.wav,train,19.5,21.0
Manual-BG-RPI10@20250ms_n,Manual-BG-RPI10,data/negatives_general/Manual-BG-RPI10.wav,train,20.25,21.75
Manual-BG-RPI10@21000ms_n,Manual-BG-RPI10,data/negatives_general/Manual-BG-RPI10.wav,train,21.0,22.5
Manual-BG-RPI10@21750ms_n,Manual-BG-RPI10,data/negatives_general/Manual-BG-RPI10.wav,train,21.75,23.25
Manual-BG-RPI10@22500ms_n,Manual-BG-RPI10,data/negatives_general/Manual-BG-RPI10.wav,train,22.5,24.0
Manual-BG-RPI10@23250ms_n,Manual-BG-RPI10,data/negatives_general/Manual-BG-RPI10.wav,train,23.25,24.75
Manual-BG-RPI10@24000ms_n,Manual-BG-RPI10,data/negatives_general/Manual-BG-RPI10.wav,train,24.0,25.5
Manual-BG-RPI10@24750ms_n,Manual-BG-RPI10,data/negatives_general/Manual-BG-RPI10.wav,train,24.75,26.25
Manual-BG-RPI10@25500ms_n,Manual-BG-RPI10,data/negatives_general/Manual-BG-RPI10.wav,train,25.5,27.0
Manual-BG-RPI10@26250ms_n,Manual-BG-RPI10,data/negatives_general/Manual-BG-RPI10.wav,train,26.25,27.75
Manual-BG-RPI10@27000ms_n,Manual-BG-RPI10,data/negatives_general/Manual-BG-RPI10.wav,train,27.0,28.5
Manual-BG-RPI10@27750ms_n,Manual-BG-RPI10,data/negatives_general/Manual-BG-RPI10.wav,train,27.75,29.25
Manual-BG-RPI10@28500ms_n,Manual-BG-RPI10,data/negatives_general/Manual-BG-RPI10.wav,train,28.5,30.0
Manual-BG-RPI10@29250ms_n,Manual-BG-RPI10,data/negatives_general/Manual-BG-RPI10.wav,train,29.25,30.75
Manual-BG-RPI10@30000ms_n,Manual-BG-RPI10,data/negatives_general/Manual-BG-RPI10.wav,train,30.0,31.5
Manual-BG-RPI10@30750ms_n,Manual-BG-RPI10,data/negatives_general/Manual-BG-RPI10.wav,train,30.75,32.25
Manual-BG-RPI10@31500ms_n,Manual-BG-RPI10,data/negatives_general/Manual-BG-RPI10.wav,train,31.5,33.0
Manual-BG-RPI10@32250ms_n,Manual-BG-RPI10,data/negatives_general/Manual-BG-RPI10.wav,train,32.25,33.75
Manual-BG-RPI10@33000ms_n,Manual-BG-RPI10,data/negatives_general/Manual-BG-RPI10.wav,train,33.0,34.5
Manual-BG-RPI10@33750ms_n,Manual-BG-RPI10,data/negatives_general/Manual-BG-RPI10.wav,train,33.75,35.25
Manual-BG-RPI10@34500ms_n,Manual-BG-RPI10,data/negatives_general/Manual-BG-RPI10.wav,train,34.5,36.0
Manual-BG-RPI10@35250ms_n,Manual-BG-RPI10,data/negatives_general/Manual-BG-RPI10.wav,train,35.25,36.75
Manual-BG-RPI10@36000ms_n,Manual-BG-RPI10,data/negatives_general/Manual-BG-RPI10.wav,train,36.0,37.5
Manual-BG-RPI10@36750ms_n,Manual-BG-RPI10,data/negatives_general/Manual-BG-RPI10.wav,train,36.75,38.25
Manual-BG-RPI10@37500ms_n,Manual-BG-RPI10,data/negatives_general/Manual-BG-RPI10.wav,train,37.5,39.0
Manual-BG-RPI10@38250ms_n,Manual-BG-RPI10,data/negatives_general/Manual-BG-RPI10.wav,train,38.25,39.75
Manual-BG-RPI10@39000ms_n,Manual-BG-RPI10,data/negatives_general/Manual-BG-RPI10.wav,train,39.0,40.5
Manual-BG-RPI10@39750ms_n,Manual-BG-RPI10,data/negatives_general/Manual-BG-RPI10.wav,train,39.75,41.25
Manual-BG-RPI10@40500ms_n,Manual-BG-RPI10,data/negatives_general/Manual-BG-RPI10.wav,train,40.5,42.0
Manual-BG-RPI10@41250ms_n,Manual-BG-RPI10,data/negatives_general/Manual-BG-RPI10.wav,train,41.25,42.75
Manual-BG-RPI10@42000ms_n,Manual-BG-RPI10,data/negatives_general/Manual-BG-RPI10.wav,train,42.0,43.5
Manual-BG-RPI10@42750ms_n,Manual-BG-RPI10,data/negatives_general/Manual-BG-RPI10.wav,train,42.75,44.25
Manual-BG-RPI10@43500ms_n,Manual-BG-RPI10,data/negatives_general/Manual-BG-RPI10.wav,train,43.5,45.0
Manual-BG-RPI10@44250ms_n,Manual-BG-RPI10,data/negatives_general/Manual-BG-RPI10.wav,train,44.25,45.75
Manual-BG-RPI10@45000ms_n,Manual-BG-RPI10,data/negatives_general/Manual-BG-RPI10.wav,train,45.0,46.5
Manual-BG-RPI10@45750ms_n,Manual-BG-RPI10,data/negatives_general/Manual-BG-RPI10.wav,train,45.75,47.25
Manual-BG-RPI10@46500ms_n,Manual-BG-RPI10,data/negatives_general/Manual-BG-RPI10.wav,train,46.5,48.0
Manual-BG-RPI10@47250ms_n,Manual-BG-RPI10,data/negatives_general/Manual-BG-RPI10.wav,train,47.25,48.75
Manual-BG-RPI10@48000ms_n,Manual-BG-RPI10,data/negatives_general/Manual-BG-RPI10.wav,train,48.0,49.5
Manual-BG-RPI10@48750ms_n,Manual-BG-RPI10,data/negatives_general/Manual-BG-RPI10.wav,train,48.75,50.25
Manual-BG-RPI10@49500ms_n,Manual-BG-RPI10,data/negatives_general/Manual-BG-RPI10.wav,train,49.5,51.0
Manual-BG-RPI10@50250ms_n,Manual-BG-RPI10,data/negatives_general/Manual-BG-RPI10.wav,train,50.25,51.75
Manual-BG-RPI10@51000ms_n,Manual-BG-RPI10,data/negatives_general/Manual-BG-RPI10.wav,train,51.0,52.5
Manual-BG-RPI10@51750ms_n,Manual-BG-RPI10,data/negatives_general/Manual-BG-RPI10.wav,train,51.75,53.25
Manual-BG-RPI10@52500ms_n,Manual-BG-RPI10,data/negatives_general/Manual-BG-RPI10.wav,train,52.5,54.0
Manual-BG-RPI10@53250ms_n,Manual-BG-RPI10,data/negatives_general/Manual-BG-RPI10.wav,train,53.25,54.75
Manual-BG-RPI10@54000ms_n,Manual-BG-RPI10,data/negatives_general/Manual-BG-RPI10.wav,train,54.0,55.5
Manual-BG-RPI10@54750ms_n,Manual-BG-RPI10,data/negatives_general/Manual-BG-RPI10.wav,train,54.75,56.25
Manual-BG-RPI10@55500ms_n,Manual-BG-RPI10,data/negatives_general/Manual-BG-RPI10.wav,train,55.5,57.0
Manual-BG-RPI10@56250ms_n,Manual-BG-RPI10,data/negatives_general/Manual-BG-RPI10.wav,train,56.25,57.75
Manual-BG-RPI10@57000ms_n,Manual-BG-RPI10,data/negatives_general/Manual-BG-RPI10.wav,train,57.0,58.5
Manual-BG-RPI10@57750ms_n,Manual-BG-RPI10,data/negatives_general/Manual-BG-RPI10.wav,train,57.75,59.25
Manual-BG-RPI10@58500ms_n,Manual-BG-RPI10,data/negatives_general/Manual-BG-RPI10.wav,train,58.5,60.0
Manual-BG-RPI10@59250ms_n,Manual-BG-RPI10,data/negatives_general/Manual-BG-RPI10.wav,train,59.25,60.75
Manual-BG-RPI10@60000ms_n,Manual-BG-RPI10,data/negatives_general/Manual-BG-RPI10.wav,train,60.0,61.5
Manual-BG-RPI10@60750ms_n,Manual-BG-RPI10,data/negatives_general/Manual-BG-RPI10.wav,train,60.75,62.25
Manual-BG-RPI11@0ms_n,Manual-BG-RPI11,data/negatives_general/Manual-BG-RPI11.wav,train,0.0,1.5
Manual-BG-RPI11@750ms_n,Manual-BG-RPI11,data/negatives_general/Manual-BG-RPI11.wav,train,0.75,2.25
Manual-BG-RPI11@1500ms_n,Manual-BG-RPI11,data/negatives_general/Manual-BG-RPI11.wav,train,1.5,3.0
Manual-BG-RPI11@2250ms_n,Manual-BG-RPI11,data/negatives_general/Manual-BG-RPI11.wav,train,2.25,3.75
Manual-BG-RPI11@3000ms_n,Manual-BG-RPI11,data/negatives_general/Manual-BG-RPI11.wav,train,3.0,4.5
Manual-BG-RPI11@3750ms_n,Manual-BG-RPI11,data/negatives_general/Manual-BG-RPI11.wav,train,3.75,5.25
Manual-BG-RPI11@4500ms_n,Manual-BG-RPI11,data/negatives_general/Manual-BG-RPI11.wav,train,4.5,6.0
Manual-BG-RPI11@5250ms_n,Manual-BG-RPI11,data/negatives_general/Manual-BG-RPI11.wav,train,5.25,6.75
Manual-BG-RPI11@6000ms_n,Manual-BG-RPI11,data/negatives_general/Manual-BG-RPI11.wav,train,6.0,7.5
Manual-BG-RPI11@6750ms_n,Manual-BG-RPI11,data/negatives_general/Manual-BG-RPI11.wav,train,6.75,8.25
Manual-BG-RPI11@7500ms_n,Manual-BG-RPI11,data/negatives_general/Manual-BG-RPI11.wav,train,7.5,9.0
Manual-BG-RPI11@8250ms_n,Manual-BG-RPI11,data/negatives_general/Manual-BG-RPI11.wav,train,8.25,9.75
Manual-BG-RPI11@9000ms_n,Manual-BG-RPI11,data/negatives_general/Manual-BG-RPI11.wav,train,9.0,10.5
Manual-BG-RPI11@9750ms_n,Manual-BG-RPI11,data/negatives_general/Manual-BG-RPI11.wav,train,9.75,11.25
Manual-BG-RPI11@10500ms_n,Manual-BG-RPI11,data/negatives_general/Manual-BG-RPI11.wav,train,10.5,12.0
Manual-BG-RPI11@11250ms_n,Manual-BG-RPI11,data/negatives_general/Manual-BG-RPI11.wav,train,11.25,12.75
Manual-BG-RPI11@12000ms_n,Manual-BG-RPI11,data/negatives_general/Manual-BG-RPI11.wav,train,12.0,13.5
Manual-BG-RPI11@12750ms_n,Manual-BG-RPI11,data/negatives_general/Manual-BG-RPI11.wav,train,12.75,14.25
Manual-BG-RPI11@13500ms_n,Manual-BG-RPI11,data/negatives_general/Manual-BG-RPI11.wav,train,13.5,15.0
Manual-BG-RPI11@14250ms_n,Manual-BG-RPI11,data/negatives_general/Manual-BG-RPI11.wav,train,14.25,15.75
Manual-BG-RPI11@15000ms_n,Manual-BG-RPI11,data/negatives_general/Manual-BG-RPI11.wav,train,15.0,16.5
Manual-BG-RPI11@15750ms_n,Manual-BG-RPI11,data/negatives_general/Manual-BG-RPI11.wav,train,15.75,17.25
Manual-BG-RPI11@16500ms_n,Manual-BG-RPI11,data/negatives_general/Manual-BG-RPI11.wav,train,16.5,18.0
Manual-BG-RPI11@17250ms_n,Manual-BG-RPI11,data/negatives_general/Manual-BG-RPI11.wav,train,17.25,18.75
Manual-BG-RPI11@18000ms_n,Manual-BG-RPI11,data/negatives_general/Manual-BG-RPI11.wav,train,18.0,19.5
Manual-BG-RPI11@18750ms_n,Manual-BG-RPI11,data/negatives_general/Manual-BG-RPI11.wav,train,18.75,20.25
Manual-BG-RPI11@19500ms_n,Manual-BG-RPI11,data/negatives_general/Manual-BG-RPI11.wav,train,19.5,21.0
Manual-BG-RPI11@20250ms_n,Manual-BG-RPI11,data/negatives_general/Manual-BG-RPI11.wav,train,20.25,21.75
Manual-BG-RPI11@21000ms_n,Manual-BG-RPI11,data/negatives_general/Manual-BG-RPI11.wav,train,21.0,22.5
Manual-BG-RPI11@21750ms_n,Manual-BG-RPI11,data/negatives_general/Manual-BG-RPI11.wav,train,21.75,23.25
Manual-BG-RPI11@22500ms_n,Manual-BG-RPI11,data/negatives_general/Manual-BG-RPI11.wav,train,22.5,24.0
Manual-BG-RPI11@23250ms_n,Manual-BG-RPI11,data/negatives_general/Manual-BG-RPI11.wav,train,23.25,24.75
Manual-BG-RPI11@24000ms_n,Manual-BG-RPI11,data/negatives_general/Manual-BG-RPI11.wav,train,24.0,25.5
Manual-BG-RPI11@24750ms_n,Manual-BG-RPI11,data/negatives_general/Manual-BG-RPI11.wav,train,24.75,26.25
Manual-BG-RPI11@25500ms_n,Manual-BG-RPI11,data/negatives_general/Manual-BG-RPI11.wav,train,25.5,27.0
Manual-BG-RPI11@26250ms_n,Manual-BG-RPI11,data/negatives_general/Manual-BG-RPI11.wav,train,26.25,27.75
Manual-BG-RPI11@27000ms_n,Manual-BG-RPI11,data/negatives_general/Manual-BG-RPI11.wav,train,27.0,28.5
Manual-BG-RPI11@27750ms_n,Manual-BG-RPI11,data/negatives_general/Manual-BG-RPI11.wav,train,27.75,29.25
Manual-BG-RPI11@28500ms_n,Manual-BG-RPI11,data/negatives_general/Manual-BG-RPI11.wav,train,28.5,30.0
Manual-BG-RPI11@29250ms_n,Manual-BG-RPI11,data/negatives_general/Manual-BG-RPI11.wav,train,29.25,30.75
Manual-BG-RPI11@30000ms_n,Manual-BG-RPI11,data/negatives_general/Manual-BG-RPI11.wav,train,30.0,31.5
Manual-BG-RPI11@30750ms_n,Manual-BG-RPI11,data/negatives_general/Manual-BG-RPI11.wav,train,30.75,32.25
Manual-BG-RPI11@31500ms_n,Manual-BG-RPI11,data/negatives_general/Manual-BG-RPI11.wav,train,31.5,33.0
Manual-BG-RPI11@32250ms_n,Manual-BG-RPI11,data/negatives_general/Manual-BG-RPI11.wav,train,32.25,33.75
Manual-BG-RPI11@33000ms_n,Manual-BG-RPI11,data/negatives_general/Manual-BG-RPI11.wav,train,33.0,34.5
Manual-BG-RPI11@33750ms_n,Manual-BG-RPI11,data/negatives_general/Manual-BG-RPI11.wav,train,33.75,35.25
Manual-BG-RPI11@34500ms_n,Manual-BG-RPI11,data/negatives_general/Manual-BG-RPI11.wav,train,34.5,36.0
Manual-BG-RPI11@35250ms_n,Manual-BG-RPI11,data/negatives_general/Manual-BG-RPI11.wav,train,35.25,36.75
Manual-BG-RPI11@36000ms_n,Manual-BG-RPI11,data/negatives_general/Manual-BG-RPI11.wav,train,36.0,37.5
Manual-BG-RPI11@36750ms_n,Manual-BG-RPI11,data/negatives_general/Manual-BG-RPI11.wav,train,36.75,38.25
Manual-BG-RPI11@37500ms_n,Manual-BG-RPI11,data/negatives_general/Manual-BG-RPI11.wav,train,37.5,39.0
Manual-BG-RPI11@38250ms_n,Manual-BG-RPI11,data/negatives_general/Manual-BG-RPI11.wav,train,38.25,39.75
Manual-BG-RPI11@39000ms_n,Manual-BG-RPI11,data/negatives_general/Manual-BG-RPI11.wav,train,39.0,40.5
Manual-BG-RPI11@39750ms_n,Manual-BG-RPI11,data/negatives_general/Manual-BG-RPI11.wav,train,39.75,41.25
Manual-BG-RPI11@40500ms_n,Manual-BG-RPI11,data/negatives_general/Manual-BG-RPI11.wav,train,40.5,42.0
Manual-BG-RPI11@41250ms_n,Manual-BG-RPI11,data/negatives_general/Manual-BG-RPI11.wav,train,41.25,42.75
Manual-BG-RPI11@42000ms_n,Manual-BG-RPI11,data/negatives_general/Manual-BG-RPI11.wav,train,42.0,43.5
Manual-BG-RPI11@42750ms_n,Manual-BG-RPI11,data/negatives_general/Manual-BG-RPI11.wav,train,42.75,44.25
Manual-BG-RPI11@43500ms_n,Manual-BG-RPI11,data/negatives_general/Manual-BG-RPI11.wav,train,43.5,45.0
Manual-BG-RPI11@44250ms_n,Manual-BG-RPI11,data/negatives_general/Manual-BG-RPI11.wav,train,44.25,45.75
Manual-BG-RPI11@45000ms_n,Manual-BG-RPI11,data/negatives_general/Manual-BG-RPI11.wav,train,45.0,46.5
Manual-BG-RPI11@45750ms_n,Manual-BG-RPI11,data/negatives_general/Manual-BG-RPI11.wav,train,45.75,47.25
Manual-BG-RPI11@46500ms_n,Manual-BG-RPI11,data/negatives_general/Manual-BG-RPI11.wav,train,46.5,48.0
Manual-BG-RPI11@47250ms_n,Manual-BG-RPI11,data/negatives_general/Manual-BG-RPI11.wav,train,47.25,48.75
Manual-BG-RPI11@48000ms_n,Manual-BG-RPI11,data/negatives_general/Manual-BG-RPI11.wav,train,48.0,49.5
Manual-BG-RPI11@48750ms_n,Manual-BG-RPI11,data/negatives_general/Manual-BG-RPI11.wav,train,48.75,50.25
Manual-BG-RPI11@49500ms_n,Manual-BG-RPI11,data/negatives_general/Manual-BG-RPI11.wav,train,49.5,51.0
Manual-BG-RPI11@50250ms_n,Manual-BG-RPI11,data/negatives_general/Manual-BG-RPI11.wav,train,50.25,51.75
Manual-BG-RPI11@51000ms_n,Manual-BG-RPI11,data/negatives_general/Manual-BG-RPI11.wav,train,51.0,52.5
Manual-BG-RPI11@51750ms_n,Manual-BG-RPI11,data/negatives_general/Manual-BG-RPI11.wav,train,51.75,53.25
Manual-BG-RPI11@52500ms_n,Manual-BG-RPI11,data/negatives_general/Manual-BG-RPI11.wav,train,52.5,54.0
Manual-BG-RPI11@53250ms_n,Manual-BG-RPI11,data/negatives_general/Manual-BG-RPI11.wav,train,53.25,54.75
Manual-BG-RPI11@54000ms_n,Manual-BG-RPI11,data/negatives_general/Manual-BG-RPI11.wav,train,54.0,55.5
Manual-BG-RPI11@54750ms_n,Manual-BG-RPI11,data/negatives_general/Manual-BG-RPI11.wav,train,54.75,56.25
Manual-BG-RPI13@0ms_n,Manual-BG-RPI13,data/negatives_general/Manual-BG-RPI13.wav,train,0.0,1.5
Manual-BG-RPI13@750ms_n,Manual-BG-RPI13,data/negatives_general/Manual-BG-RPI13.wav,train,0.75,2.25
Manual-BG-RPI13@1500ms_n,Manual-BG-RPI13,data/negatives_general/Manual-BG-RPI13.wav,train,1.5,3.0
Manual-BG-RPI13@2250ms_n,Manual-BG-RPI13,data/negatives_general/Manual-BG-RPI13.wav,train,2.25,3.75
Manual-BG-RPI13@3000ms_n,Manual-BG-RPI13,data/negatives_general/Manual-BG-RPI13.wav,train,3.0,4.5
Manual-BG-RPI13@3750ms_n,Manual-BG-RPI13,data/negatives_general/Manual-BG-RPI13.wav,train,3.75,5.25
Manual-BG-RPI13@4500ms_n,Manual-BG-RPI13,data/negatives_general/Manual-BG-RPI13.wav,train,4.5,6.0
Manual-BG-RPI13@5250ms_n,Manual-BG-RPI13,data/negatives_general/Manual-BG-RPI13.wav,train,5.25,6.75
Manual-BG-RPI13@6000ms_n,Manual-BG-RPI13,data/negatives_general/Manual-BG-RPI13.wav,train,6.0,7.5
Manual-BG-RPI13@6750ms_n,Manual-BG-RPI13,data/negatives_general/Manual-BG-RPI13.wav,train,6.75,8.25
Manual-BG-RPI13@7500ms_n,Manual-BG-RPI13,data/negatives_general/Manual-BG-RPI13.wav,train,7.5,9.0
Manual-BG-RPI13@8250ms_n,Manual-BG-RPI13,data/negatives_general/Manual-BG-RPI13.wav,train,8.25,9.75
Manual-BG-RPI13@9000ms_n,Manual-BG-RPI13,data/negatives_general/Manual-BG-RPI13.wav,train,9.0,10.5
Manual-BG-RPI13@9750ms_n,Manual-BG-RPI13,data/negatives_general/Manual-BG-RPI13.wav,train,9.75,11.25
Manual-BG-RPI13@10500ms_n,Manual-BG-RPI13,data/negatives_general/Manual-BG-RPI13.wav,train,10.5,12.0
Manual-BG-RPI13@11250ms_n,Manual-BG-RPI13,data/negatives_general/Manual-BG-RPI13.wav,train,11.25,12.75
Manual-BG-RPI13@12000ms_n,Manual-BG-RPI13,data/negatives_general/Manual-BG-RPI13.wav,train,12.0,13.5
Manual-BG-RPI13@12750ms_n,Manual-BG-RPI13,data/negatives_general/Manual-BG-RPI13.wav,train,12.75,14.25
Manual-BG-RPI13@13500ms_n,Manual-BG-RPI13,data/negatives_general/Manual-BG-RPI13.wav,train,13.5,15.0
Manual-BG-RPI13@14250ms_n,Manual-BG-RPI13,data/negatives_general/Manual-BG-RPI13.wav,train,14.25,15.75
Manual-BG-RPI13@15000ms_n,Manual-BG-RPI13,data/negatives_general/Manual-BG-RPI13.wav,train,15.0,16.5
Manual-BG-RPI13@15750ms_n,Manual-BG-RPI13,data/negatives_general/Manual-BG-RPI13.wav,train,15.75,17.25
Manual-BG-RPI13@16500ms_n,Manual-BG-RPI13,data/negatives_general/Manual-BG-RPI13.wav,train,16.5,18.0
Manual-BG-RPI13@17250ms_n,Manual-BG-RPI13,data/negatives_general/Manual-BG-RPI13.wav,train,17.25,18.75
Manual-BG-RPI13@18000ms_n,Manual-BG-RPI13,data/negatives_general/Manual-BG-RPI13.wav,train,18.0,19.5
Manual-BG-RPI13@18750ms_n,Manual-BG-RPI13,data/negatives_general/Manual-BG-RPI13.wav,train,18.75,20.25
Manual-BG-RPI13@19500ms_n,Manual-BG-RPI13,data/negatives_general/Manual-BG-RPI13.wav,train,19.5,21.0
Manual-BG-RPI13@20250ms_n,Manual-BG-RPI13,data/negatives_general/Manual-BG-RPI13.wav,train,20.25,21.75
Manual-BG-RPI13@21000ms_n,Manual-BG-RPI13,data/negatives_general/Manual-BG-RPI13.wav,train,21.0,22.5
Manual-BG-RPI13@21750ms_n,Manual-BG-RPI13,data/negatives_general/Manual-BG-RPI13.wav,train,21.75,23.25
Manual-BG-RPI13@22500ms_n,Manual-BG-RPI13,data/negatives_general/Manual-BG-RPI13.wav,train,22.5,24.0
Manual-BG-RPI13@23250ms_n,Manual-BG-RPI13,data/negatives_general/Manual-BG-RPI13.wav,train,23.25,24.75
Manual-BG-RPI13@24000ms_n,Manual-BG-RPI13,data/negatives_general/Manual-BG-RPI13.wav,train,24.0,25.5
Manual-BG-RPI13@24750ms_n,Manual-BG-RPI13,data/negatives_general/Manual-BG-RPI13.wav,train,24.75,26.25
Manual-BG-RPI13@25500ms_n,Manual-BG-RPI13,data/negatives_general/Manual-BG-RPI13.wav,train,25.5,27.0
Manual-BG-RPI14@0ms_n,Manual-BG-RPI14,data/negatives_general/Manual-BG-RPI14.wav,train,0.0,1.5
Manual-BG-RPI15@0ms_n,Manual-BG-RPI15,data/negatives_general/Manual-BG-RPI15.wav,train,0.0,1.5
Manual-BG-RPI15@750ms_n,Manual-BG-RPI15,data/negatives_general/Manual-BG-RPI15.wav,train,0.75,2.25
Manual-BG-RPI18@0ms_n,Manual-BG-RPI18,data/negatives_general/Manual-BG-RPI18.wav,train,0.0,1.5
Manual-BG-RPI18@750ms_n,Manual-BG-RPI18,data/negatives_general/Manual-BG-RPI18.wav,train,0.75,2.25
Manual-BG-RPI18@1500ms_n,Manual-BG-RPI18,data/negatives_general/Manual-BG-RPI18.wav,train,1.5,3.0
Manual-BG-RPI18@2250ms_n,Manual-BG-RPI18,data/negatives_general/Manual-BG-RPI18.wav,train,2.25,3.75
Manual-BG-RPI18@3000ms_n,Manual-BG-RPI18,data/negatives_general/Manual-BG-RPI18.wav,train,3.0,4.5
Manual-BG-RPI18@3750ms_n,Manual-BG-RPI18,data/negatives_general/Manual-BG-RPI18.wav,train,3.75,5.25
Manual-BG-RPI18@4500ms_n,Manual-BG-RPI18,data/negatives_general/Manual-BG-RPI18.wav,train,4.5,6.0
Manual-BG-RPI18@5250ms_n,Manual-BG-RPI18,data/negatives_general/Manual-BG-RPI18.wav,train,5.25,6.75
Manual-BG-RPI18@6000ms_n,Manual-BG-RPI18,data/negatives_general/Manual-BG-RPI18.wav,train,6.0,7.5
Manual-BG-RPI18@6750ms_n,Manual-BG-RPI18,data/negatives_general/Manual-BG-RPI18.wav,train,6.75,8.25
Manual-BG-RPI18@7500ms_n,Manual-BG-RPI18,data/negatives_general/Manual-BG-RPI18.wav,train,7.5,9.0
Manual-BG-RPI18@8250ms_n,Manual-BG-RPI18,data/negatives_general/Manual-BG-RPI18.wav,train,8.25,9.75
Manual-BG-RPI18@9000ms_n,Manual-BG-RPI18,data/negatives_general/Manual-BG-RPI18.wav,train,9.0,10.5
Manual-BG-RPI18@9750ms_n,Manual-BG-RPI18,data/negatives_general/Manual-BG-RPI18.wav,train,9.75,11.25
Manual-BG-RPI18@10500ms_n,Manual-BG-RPI18,data/negatives_general/Manual-BG-RPI18.wav,train,10.5,12.0
Manual-BG-RPI18@11250ms_n,Manual-BG-RPI18,data/negatives_general/Manual-BG-RPI18.wav,train,11.25,12.75
Manual-BG-RPI18@12000ms_n,Manual-BG-RPI18,data/negatives_general/Manual-BG-RPI18.wav,train,12.0,13.5
Manual-BG-RPI18@12750ms_n,Manual-BG-RPI18,data/negatives_general/Manual-BG-RPI18.wav,train,12.75,14.25
Manual-BG-RPI18@13500ms_n,Manual-BG-RPI18,data/negatives_general/Manual-BG-RPI18.wav,train,13.5,15.0
Manual-BG-RPI18@14250ms_n,Manual-BG-RPI18,data/negatives_general/Manual-BG-RPI18.wav,train,14.25,15.75
Manual-BG-RPI18@15000ms_n,Manual-BG-RPI18,data/negatives_general/Manual-BG-RPI18.wav,train,15.0,16.5
Manual-BG-RPI18@15750ms_n,Manual-BG-RPI18,data/negatives_general/Manual-BG-RPI18.wav,train,15.75,17.25
Manual-BG-RPI18@16500ms_n,Manual-BG-RPI18,data/negatives_general/Manual-BG-RPI18.wav,train,16.5,18.0
Manual-BG-RPI18@17250ms_n,Manual-BG-RPI18,data/negatives_general/Manual-BG-RPI18.wav,train,17.25,18.75
Manual-BG-RPI18@18000ms_n,Manual-BG-RPI18,data/negatives_general/Manual-BG-RPI18.wav,train,18.0,19.5
Manual-BG-RPI18@18750ms_n,Manual-BG-RPI18,data/negatives_general/Manual-BG-RPI18.wav,train,18.75,20.25
Manual-BG-RPI18@19500ms_n,Manual-BG-RPI18,data/negatives_general/Manual-BG-RPI18.wav,train,19.5,21.0
Manual-BG-RPI18@20250ms_n,Manual-BG-RPI18,data/negatives_general/Manual-BG-RPI18.wav,train,20.25,21.75
Manual-BG-RPI18@21000ms_n,Manual-BG-RPI18,data/negatives_general/Manual-BG-RPI18.wav,train,21.0,22.5
Manual-BG-RPI18@21750ms_n,Manual-BG-RPI18,data/negatives_general/Manual-BG-RPI18.wav,train,21.75,23.25
Manual-BG-RPI18@22500ms_n,Manual-BG-RPI18,data/negatives_general/Manual-BG-RPI18.wav,train,22.5,24.0
Manual-BG-RPI18@23250ms_n,Manual-BG-RPI18,data/negatives_general/Manual-BG-RPI18.wav,train,23.25,24.75
Manual-BG-RPI18@24000ms_n,Manual-BG-RPI18,data/negatives_general/Manual-BG-RPI18.wav,train,24.0,25.5
Manual-BG-RPI18@24750ms_n,Manual-BG-RPI18,data/negatives_general/Manual-BG-RPI18.wav,train,24.75,26.25
Manual-BG-RPI18@25500ms_n,Manual-BG-RPI18,data/negatives_general/Manual-BG-RPI18.wav,train,25.5,27.0
Manual-BG-RPI18@26250ms_n,Manual-BG-RPI18,data/negatives_general/Manual-BG-RPI18.wav,train,26.25,27.75
Manual-BG-RPI18@27000ms_n,Manual-BG-RPI18,data/negatives_general/Manual-BG-RPI18.wav,train,27.0,28.5
Manual-BG-RPI18@27750ms_n,Manual-BG-RPI18,data/negatives_general/Manual-BG-RPI18.wav,train,27.75,29.25
Manual-BG-RPI18@28500ms_n,Manual-BG-RPI18,data/negatives_general/Manual-BG-RPI18.wav,train,28.5,30.0
Manual-BG-RPI18@29250ms_n,Manual-BG-RPI18,data/negatives_general/Manual-BG-RPI18.wav,train,29.25,30.75
Manual-BG-RPI18@30000ms_n,Manual-BG-RPI18,data/negatives_general/Manual-BG-RPI18.wav,train,30.0,31.5
Manual-BG-RPI18@30750ms_n,Manual-BG-RPI18,data/negatives_general/Manual-BG-RPI18.wav,train,30.75,32.25
Manual-BG-RPI18@31500ms_n,Manual-BG-RPI18,data/negatives_general/Manual-BG-RPI18.wav,train,31.5,33.0
Manual-BG-RPI18@32250ms_n,Manual-BG-RPI18,data/negatives_general/Manual-BG-RPI18.wav,train,32.25,33.75
Manual-BG-RPI18@33000ms_n,Manual-BG-RPI18,data/negatives_general/Manual-BG-RPI18.wav,train,33.0,34.5
Manual-BG-RPI18@33750ms_n,Manual-BG-RPI18,data/negatives_general/Manual-BG-RPI18.wav,train,33.75,35.25
Manual-BG-RPI18@34500ms_n,Manual-BG-RPI18,data/negatives_general/Manual-BG-RPI18.wav,train,34.5,36.0
Manual-BG-RPI18@35250ms_n,Manual-BG-RPI18,data/negatives_general/Manual-BG-RPI18.wav,train,35.25,36.75
Manual-BG-RPI18@36000ms_n,Manual-BG-RPI18,data/negatives_general/Manual-BG-RPI18.wav,train,36.0,37.5
Manual-BG-RPI18@36750ms_n,Manual-BG-RPI18,data/negatives_general/Manual-BG-RPI18.wav,train,36.75,38.25
Manual-BG-RPI18@37500ms_n,Manual-BG-RPI18,data/negatives_general/Manual-BG-RPI18.wav,train,37.5,39.0
Manual-BG-RPI18@38250ms_n,Manual-BG-RPI18,data/negatives_general/Manual-BG-RPI18.wav,train,38.25,39.75
Manual-BG-RPI18@39000ms_n,Manual-BG-RPI18,data/negatives_general/Manual-BG-RPI18.wav,train,39.0,40.5
Manual-BG-RPI18@39750ms_n,Manual-BG-RPI18,data/negatives_general/Manual-BG-RPI18.wav,train,39.75,41.25
Manual-BG-RPI18@40500ms_n,Manual-BG-RPI18,data/negatives_general/Manual-BG-RPI18.wav,train,40.5,42.0
Manual-BG-RPI18@41250ms_n,Manual-BG-RPI18,data/negatives_general/Manual-BG-RPI18.wav,train,41.25,42.75
Manual-BG-RPI18@42000ms_n,Manual-BG-RPI18,data/negatives_general/Manual-BG-RPI18.wav,train,42.0,43.5
Manual-BG-RPI18@42750ms_n,Manual-BG-RPI18,data/negatives_general/Manual-BG-RPI18.wav,train,42.75,44.25
Manual-BG-RPI18@43500ms_n,Manual-BG-RPI18,data/negatives_general/Manual-BG-RPI18.wav,train,43.5,45.0
Manual-BG-RPI18@44250ms_n,Manual-BG-RPI18,data/negatives_general/Manual-BG-RPI18.wav,train,44.25,45.75
Manual-BG-RPI18@45000ms_n,Manual-BG-RPI18,data/negatives_general/Manual-BG-RPI18.wav,train,45.0,46.5
Manual-BG-RPI18@45750ms_n,Manual-BG-RPI18,data/negatives_general/Manual-BG-RPI18.wav,train,45.75,47.25
Manual-BG-RPI18@46500ms_n,Manual-BG-RPI18,data/negatives_general/Manual-BG-RPI18.wav,train,46.5,48.0
Manual-BG-RPI18@47250ms_n,Manual-BG-RPI18,data/negatives_general/Manual-BG-RPI18.wav,train,47.25,48.75
Manual-BG-RPI18@48000ms_n,Manual-BG-RPI18,data/negatives_general/Manual-BG-RPI18.wav,train,48.0,49.5
Manual-BG-RPI18@48750ms_n,Manual-BG-RPI18,data/negatives_general/Manual-BG-RPI18.wav,train,48.75,50.25
Manual-BG-RPI18@49500ms_n,Manual-BG-RPI18,data/negatives_general/Manual-BG-RPI18.wav,train,49.5,51.0
Manual-BG-RPI18@50250ms_n,Manual-BG-RPI18,data/negatives_general/Manual-BG-RPI18.wav,train,50.25,51.75
Manual-BG-RPI18@51000ms_n,Manual-BG-RPI18,data/negatives_general/Manual-BG-RPI18.wav,train,51.0,52.5
Manual-BG-RPI18@51750ms_n,Manual-BG-RPI18,data/negatives_general/Manual-BG-RPI18.wav,train,51.75,53.25
Manual-BG-RPI18@52500ms_n,Manual-BG-RPI18,data/negatives_general/Manual-BG-RPI18.wav,train,52.5,54.0
Manual-BG-RPI18@53250ms_n,Manual-BG-RPI18,data/negatives_general/Manual-BG-RPI18.wav,train,53.25,54.75
Manual-BG-RPI18@54000ms_n,Manual-BG-RPI18,data/negatives_general/Manual-BG-RPI18.wav,train,54.0,55.5
Manual-BG-RPI18@54750ms_n,Manual-BG-RPI18,data/negatives_general/Manual-BG-RPI18.wav,train,54.75,56.25
Manual-BG-RPI18@55500ms_n,Manual-BG-RPI18,data/negatives_general/Manual-BG-RPI18.wav,train,55.5,57.0
Manual-BG-RPI18@56250ms_n,Manual-BG-RPI18,data/negatives_general/Manual-BG-RPI18.wav,train,56.25,57.75
Manual-BG-RPI18@57000ms_n,Manual-BG-RPI18,data/negatives_general/Manual-BG-RPI18.wav,train,57.0,58.5
Manual-BG-RPI18@57750ms_n,Manual-BG-RPI18,data/negatives_general/Manual-BG-RPI18.wav,train,57.75,59.25
Manual-BG-RPI18@58500ms_n,Manual-BG-RPI18,data/negatives_general/Manual-BG-RPI18.wav,train,58.5,60.0
Manual-BG-RPI18@59250ms_n,Manual-BG-RPI18,data/negatives_general/Manual-BG-RPI18.wav,train,59.25,60.75
Manual-BG-RPI18@60000ms_n,Manual-BG-RPI18,data/negatives_general/Manual-BG-RPI18.wav,train,60.0,61.5
Manual-BG-RPI18@60750ms_n,Manual-BG-RPI18,data/negatives_general/Manual-BG-RPI18.wav,train,60.75,62.25
Manual-BG-RPI18@61500ms_n,Manual-BG-RPI18,data/negatives_general/Manual-BG-RPI18.wav,train,61.5,63.0
Manual-BG-RPI18@62250ms_n,Manual-BG-RPI18,data/negatives_general/Manual-BG-RPI18.wav,train,62.25,63.75
Manual-BG-RPI18@63000ms_n,Manual-BG-RPI18,data/negatives_general/Manual-BG-RPI18.wav,train,63.0,64.5
Manual-BG-RPI18@63750ms_n,Manual-BG-RPI18,data/negatives_general/Manual-BG-RPI18.wav,train,63.75,65.25
Manual-BG-RPI18@64500ms_n,Manual-BG-RPI18,data/negatives_general/Manual-BG-RPI18.wav,train,64.5,66.0
Manual-BG-RPI18@65250ms_n,Manual-BG-RPI18,data/negatives_general/Manual-BG-RPI18.wav,train,65.25,66.75
Manual-BG-RPI18@66000ms_n,Manual-BG-RPI18,data/negatives_general/Manual-BG-RPI18.wav,train,66.0,67.5
Manual-BG-RPI18@66750ms_n,Manual-BG-RPI18,data/negatives_general/Manual-BG-RPI18.wav,train,66.75,68.25
Manual-BG-RPI18@67500ms_n,Manual-BG-RPI18,data/negatives_general/Manual-BG-RPI18.wav,train,67.5,69.0
Manual-BG-RPI18@68250ms_n,Manual-BG-RPI18,data/negatives_general/Manual-BG-RPI18.wav,train,68.25,69.75
Manual-BG-RPI18@69000ms_n,Manual-BG-RPI18,data/negatives_general/Manual-BG-RPI18.wav,train,69.0,70.5
Manual-BG-RPI18@69750ms_n,Manual-BG-RPI18,data/negatives_general/Manual-BG-RPI18.wav,train,69.75,71.25
Manual-BG-RPI18@70500ms_n,Manual-BG-RPI18,data/negatives_general/Manual-BG-RPI18.wav,train,70.5,72.0
Manual-BG-RPI18@71250ms_n,Manual-BG-RPI18,data/negatives_general/Manual-BG-RPI18.wav,train,71.25,72.75
Manual-BG-RPI18@72000ms_n,Manual-BG-RPI18,data/negatives_general/Manual-BG-RPI18.wav,train,72.0,73.5
Manual-BG-RPI18@72750ms_n,Manual-BG-RPI18,data/negatives_general/Manual-BG-RPI18.wav,train,72.75,74.25
Manual-BG-RPI18@73500ms_n,Manual-BG-RPI18,data/negatives_general/Manual-BG-RPI18.wav,train,73.5,75.0
Manual-BG-RPI18@74250ms_n,Manual-BG-RPI18,data/negatives_general/Manual-BG-RPI18.wav,train,74.25,75.75
Manual-BG-RPI18@75000ms_n,Manual-BG-RPI18,data/negatives_general/Manual-BG-RPI18.wav,train,75.0,76.5
Manual-BG-RPI18@75750ms_n,Manual-BG-RPI18,data/negatives_general/Manual-BG-RPI18.wav,train,75.75,77.25
Manual-BG-RPI18@76500ms_n,Manual-BG-RPI18,data/negatives_general/Manual-BG-RPI18.wav,train,76.5,78.0
Manual-BG-RPI18@77250ms_n,Manual-BG-RPI18,data/negatives_general/Manual-BG-RPI18.wav,train,77.25,78.75
Manual-BG-RPI18@78000ms_n,Manual-BG-RPI18,data/negatives_general/Manual-BG-RPI18.wav,train,78.0,79.5
Manual-BG-RPI18@78750ms_n,Manual-BG-RPI18,data/negatives_general/Manual-BG-RPI18.wav,train,78.75,80.25
Manual-BG-RPI18@79500ms_n,Manual-BG-RPI18,data/negatives_general/Manual-BG-RPI18.wav,train,79.5,81.0
Manual-BG-RPI18@80250ms_n,Manual-BG-RPI18,data/negatives_general/Manual-BG-RPI18.wav,train,80.25,81.75
Manual-BG-RPI18@81000ms_n,Manual-BG-RPI18,data/negatives_general/Manual-BG-RPI18.wav,train,81.0,82.5
Manual-BG-RPI18@81750ms_n,Manual-BG-RPI18,data/negatives_general/Manual-BG-RPI18.wav,train,81.75,83.25
Manual-BG-RPI18@82500ms_n,Manual-BG-RPI18,data/negatives_general/Manual-BG-RPI18.wav,train,82.5,84.0
Manual-BG-RPI18@83250ms_n,Manual-BG-RPI18,data/negatives_general/Manual-BG-RPI18.wav,train,83.25,84.75
Manual-BG-RPI18@84000ms_n,Manual-BG-RPI18,data/negatives_general/Manual-BG-RPI18.wav,train,84.0,85.5
Manual-BG-RPI18@84750ms_n,Manual-BG-RPI18,data/negatives_general/Manual-BG-RPI18.wav,train,84.75,86.25
Manual-BG-RPI18@85500ms_n,Manual-BG-RPI18,data/negatives_general/Manual-BG-RPI18.wav,train,85.5,87.0
Manual-BG-RPI18@86250ms_n,Manual-BG-RPI18,data/negatives_general/Manual-BG-RPI18.wav,train,86.25,87.75
Manual-BG-RPI18@87000ms_n,Manual-BG-RPI18,data/negatives_general/Manual-BG-RPI18.wav,train,87.0,88.5
Manual-BG-RPI18@87750ms_n,Manual-BG-RPI18,data/negatives_general/Manual-BG-RPI18.wav,train,87.75,89.25
Manual-BG-RPI18@88500ms_n,Manual-BG-RPI18,data/negatives_general/Manual-BG-RPI18.wav,train,88.5,90.0
Manual-BG-RPI18@89250ms_n,Manual-BG-RPI18,data/negatives_general/Manual-BG-RPI18.wav,train,89.25,90.75
Manual-BG-RPI18@90000ms_n,Manual-BG-RPI18,data/negatives_general/Manual-BG-RPI18.wav,train,90.0,91.5
Manual-BG-RPI18@90750ms_n,Manual-BG-RPI18,data/negatives_general/Manual-BG-RPI18.wav,train,90.75,92.25
Manual-BG-RPI18@91500ms_n,Manual-BG-RPI18,data/negatives_general/Manual-BG-RPI18.wav,train,91.5,93.0
Manual-BG-RPI18@92250ms_n,Manual-BG-RPI18,data/negatives_general/Manual-BG-RPI18.wav,train,92.25,93.75
Manual-BG-RPI18@93000ms_n,Manual-BG-RPI18,data/negatives_general/Manual-BG-RPI18.wav,train,93.0,94.5
Manual-BG-RPI18@93750ms_n,Manual-BG-RPI18,data/negatives_general/Manual-BG-RPI18.wav,train,93.75,95.25
Manual-BG-RPI18@94500ms_n,Manual-BG-RPI18,data/negatives_general/Manual-BG-RPI18.wav,train,94.5,96.0
Manual-BG-RPI18@95250ms_n,Manual-BG-RPI18,data/negatives_general/Manual-BG-RPI18.wav,train,95.25,96.75
Manual-BG-RPI18@96000ms_n,Manual-BG-RPI18,data/negatives_general/Manual-BG-RPI18.wav,train,96.0,97.5
Manual-BG-RPI18@96750ms_n,Manual-BG-RPI18,data/negatives_general/Manual-BG-RPI18.wav,train,96.75,98.25
Manual-BG-RPI18@97500ms_n,Manual-BG-RPI18,data/negatives_general/Manual-BG-RPI18.wav,train,97.5,99.0
Manual-BG-RPI18@98250ms_n,Manual-BG-RPI18,data/negatives_general/Manual-BG-RPI18.wav,train,98.25,99.75
Manual-BG-RPI18@99000ms_n,Manual-BG-RPI18,data/negatives_general/Manual-BG-RPI18.wav,train,99.0,100.5
Manual-BG-RPI18@99750ms_n,Manual-BG-RPI18,data/negatives_general/Manual-BG-RPI18.wav,train,99.75,101.25
Manual-BG-RPI18@100500ms_n,Manual-BG-RPI18,data/negatives_general/Manual-BG-RPI18.wav,train,100.5,102.0
Manual-BG-RPI18@101250ms_n,Manual-BG-RPI18,data/negatives_general/Manual-BG-RPI18.wav,train,101.25,102.75
Manual-BG-RPI18@102000ms_n,Manual-BG-RPI18,data/negatives_general/Manual-BG-RPI18.wav,train,102.0,103.5
Manual-BG-RPI18@102750ms_n,Manual-BG-RPI18,data/negatives_general/Manual-BG-RPI18.wav,train,102.75,104.25
Manual-BG-RPI18@103500ms_n,Manual-BG-RPI18,data/negatives_general/Manual-BG-RPI18.wav,train,103.5,105.0
Manual-BG-RPI18@104250ms_n,Manual-BG-RPI18,data/negatives_general/Manual-BG-RPI18.wav,train,104.25,105.75
Manual-BG-RPI18@105000ms_n,Manual-BG-RPI18,data/negatives_general/Manual-BG-RPI18.wav,train,105.0,106.5
Manual-BG-RPI18@105750ms_n,Manual-BG-RPI18,data/negatives_general/Manual-BG-RPI18.wav,train,105.75,107.25
Manual-BG-RPI18@106500ms_n,Manual-BG-RPI18,data/negatives_general/Manual-BG-RPI18.wav,train,106.5,108.0
Manual-BG-RPI18@107250ms_n,Manual-BG-RPI18,data/negatives_general/Manual-BG-RPI18.wav,train,107.25,108.75
Manual-BG-RPI18@108000ms_n,Manual-BG-RPI18,data/negatives_general/Manual-BG-RPI18.wav,train,108.0,109.5
Manual-BG-RPI18@108750ms_n,Manual-BG-RPI18,data/negatives_general/Manual-BG-RPI18.wav,train,108.75,110.25
Manual-BG-RPI18@109500ms_n,Manual-BG-RPI18,data/negatives_general/Manual-BG-RPI18.wav,train,109.5,111.0
Manual-BG-RPI18@110250ms_n,Manual-BG-RPI18,data/negatives_general/Manual-BG-RPI18.wav,train,110.25,111.75
Manual-BG-RPI18@111000ms_n,Manual-BG-RPI18,data/negatives_general/Manual-BG-RPI18.wav,train,111.0,112.5
Manual-BG-RPI18@111750ms_n,Manual-BG-RPI18,data/negatives_general/Manual-BG-RPI18.wav,train,111.75,113.25
Manual-BG-RPI18@112500ms_n,Manual-BG-RPI18,data/negatives_general/Manual-BG-RPI18.wav,train,112.5,114.0
Manual-BG-RPI18@113250ms_n,Manual-BG-RPI18,data/negatives_general/Manual-BG-RPI18.wav,train,113.25,114.75
Manual-BG-RPI18@114000ms_n,Manual-BG-RPI18,data/negatives_general/Manual-BG-RPI18.wav,train,114.0,115.5
Manual-BG-RPI18@114750ms_n,Manual-BG-RPI18,data/negatives_general/Manual-BG-RPI18.wav,train,114.75,116.25
Manual-BG-RPI18@115500ms_n,Manual-BG-RPI18,data/negatives_general/Manual-BG-RPI18.wav,train,115.5,117.0
Manual-BG-RPI18@116250ms_n,Manual-BG-RPI18,data/negatives_general/Manual-BG-RPI18.wav,train,116.25,117.75
Manual-BG-RPI18@117000ms_n,Manual-BG-RPI18,data/negatives_general/Manual-BG-RPI18.wav,train,117.0,118.5
Manual-BG-RPI18@117750ms_n,Manual-BG-RPI18,data/negatives_general/Manual-BG-RPI18.wav,train,117.75,119.25
Manual-BG-RPI18@118500ms_n,Manual-BG-RPI18,data/negatives_general/Manual-BG-RPI18.wav,train,118.5,120.0
Manual-BG-RPI18@119250ms_n,Manual-BG-RPI18,data/negatives_general/Manual-BG-RPI18.wav,train,119.25,120.75
Manual-BG-RPI18@120000ms_n,Manual-BG-RPI18,data/negatives_general/Manual-BG-RPI18.wav,train,120.0,121.5
Manual-BG-RPI18@120750ms_n,Manual-BG-RPI18,data/negatives_general/Manual-BG-RPI18.wav,train,120.75,122.25
Manual-BG-RPI18@121500ms_n,Manual-BG-RPI18,data/negatives_general/Manual-BG-RPI18.wav,train,121.5,123.0
Manual-BG-RPI18@122250ms_n,Manual-BG-RPI18,data/negatives_general/Manual-BG-RPI18.wav,train,122.25,123.75
Manual-BG-RPI18@123000ms_n,Manual-BG-RPI18,data/negatives_general/Manual-BG-RPI18.wav,train,123.0,124.5
Manual-BG-RPI18@123750ms_n,Manual-BG-RPI18,data/negatives_general/Manual-BG-RPI18.wav,train,123.75,125.25
Manual-BG-RPI18@124500ms_n,Manual-BG-RPI18,data/negatives_general/Manual-BG-RPI18.wav,train,124.5,126.0
Manual-BG-RPI18@125250ms_n,Manual-BG-RPI18,data/negatives_general/Manual-BG-RPI18.wav,train,125.25,126.75
Manual-BG-RPI18@126000ms_n,Manual-BG-RPI18,data/negatives_general/Manual-BG-RPI18.wav,train,126.0,127.5
Manual-BG-RPI18@126750ms_n,Manual-BG-RPI18,data/negatives_general/Manual-BG-RPI18.wav,train,126.75,128.25
Manual-BG-RPI18@127500ms_n,Manual-BG-RPI18,data/negatives_general/Manual-BG-RPI18.wav,train,127.5,129.0
Manual-BG-RPI18@128250ms_n,Manual-BG-RPI18,data/negatives_general/Manual-BG-RPI18.wav,train,128.25,129.75
Manual-BG-RPI18@129000ms_n,Manual-BG-RPI18,data/negatives_general/Manual-BG-RPI18.wav,train,129.0,130.5
Manual-BG-RPI18@129750ms_n,Manual-BG-RPI18,data/negatives_general/Manual-BG-RPI18.wav,train,129.75,131.25
Manual-BG-RPI18@130500ms_n,Manual-BG-RPI18,data/negatives_general/Manual-BG-RPI18.wav,train,130.5,132.0
Manual-BG-RPI18@131250ms_n,Manual-BG-RPI18,data/negatives_general/Manual-BG-RPI18.wav,train,131.25,132.75
Manual-BG-RPI18@132000ms_n,Manual-BG-RPI18,data/negatives_general/Manual-BG-RPI18.wav,train,132.0,133.5
Manual-BG-RPI18@132750ms_n,Manual-BG-RPI18,data/negatives_general/Manual-BG-RPI18.wav,train,132.75,134.25
Manual-BG-RPI18@133500ms_n,Manual-BG-RPI18,data/negatives_general/Manual-BG-RPI18.wav,train,133.5,135.0
Manual-BG-RPI18@134250ms_n,Manual-BG-RPI18,data/negatives_general/Manual-BG-RPI18.wav,train,134.25,135.75
Manual-BG-RPI18@135000ms_n,Manual-BG-RPI18,data/negatives_general/Manual-BG-RPI18.wav,train,135.0,136.5
Manual-BG-RPI18@135750ms_n,Manual-BG-RPI18,data/negatives_general/Manual-BG-RPI18.wav,train,135.75,137.25
Manual-BG-RPI18@136500ms_n,Manual-BG-RPI18,data/negatives_general/Manual-BG-RPI18.wav,train,136.5,138.0
Manual-BG-RPI18@137250ms_n,Manual-BG-RPI18,data/negatives_general/Manual-BG-RPI18.wav,train,137.25,138.75
Manual-BG-RPI18@138000ms_n,Manual-BG-RPI18,data/negatives_general/Manual-BG-RPI18.wav,train,138.0,139.5
Manual-BG-RPI18@138750ms_n,Manual-BG-RPI18,data/negatives_general/Manual-BG-RPI18.wav,train,138.75,140.25
Manual-BG-RPI18@139500ms_n,Manual-BG-RPI18,data/negatives_general/Manual-BG-RPI18.wav,train,139.5,141.0
Manual-BG-RPI18@140250ms_n,Manual-BG-RPI18,data/negatives_general/Manual-BG-RPI18.wav,train,140.25,141.75
Manual-BG-RPI18@141000ms_n,Manual-BG-RPI18,data/negatives_general/Manual-BG-RPI18.wav,train,141.0,142.5
Manual-BG-RPI18@141750ms_n,Manual-BG-RPI18,data/negatives_general/Manual-BG-RPI18.wav,train,141.75,143.25
Manual-BG-RPI18@142500ms_n,Manual-BG-RPI18,data/negatives_general/Manual-BG-RPI18.wav,train,142.5,144.0
Manual-BG-RPI18@143250ms_n,Manual-BG-RPI18,data/negatives_general/Manual-BG-RPI18.wav,train,143.25,144.75
Manual-BG-RPI18@144000ms_n,Manual-BG-RPI18,data/negatives_general/Manual-BG-RPI18.wav,train,144.0,145.5
Manual-BG-RPI18@144750ms_n,Manual-BG-RPI18,data/negatives_general/Manual-BG-RPI18.wav,train,144.75,146.25
Manual-BG-RPI18@145500ms_n,Manual-BG-RPI18,data/negatives_general/Manual-BG-RPI18.wav,train,145.5,147.0
Manual-BG-RPI18@146250ms_n,Manual-BG-RPI18,data/negatives_general/Manual-BG-RPI18.wav,train,146.25,147.75
Manual-BG-RPI18@147000ms_n,Manual-BG-RPI18,data/negatives_general/Manual-BG-RPI18.wav,train,147.0,148.5
Manual-BG-RPI18@147750ms_n,Manual-BG-RPI18,data/negatives_general/Manual-BG-RPI18.wav,train,147.75,149.25
Manual-BG-RPI18@148500ms_n,Manual-BG-RPI18,data/negatives_general/Manual-BG-RPI18.wav,train,148.5,150.0
Manual-BG-RPI18@149250ms_n,Manual-BG-RPI18,data/negatives_general/Manual-BG-RPI18.wav,train,149.25,150.75
Manual-BG-RPI18@150000ms_n,Manual-BG-RPI18,data/negatives_general/Manual-BG-RPI18.wav,train,150.0,151.5
Manual-BG-RPI18@150750ms_n,Manual-BG-RPI18,data/negatives_general/Manual-BG-RPI18.wav,train,150.75,152.25
Manual-BG-RPI18@151500ms_n,Manual-BG-RPI18,data/negatives_general/Manual-BG-RPI18.wav,train,151.5,153.0
Manual-BG-RPI18@152250ms_n,Manual-BG-RPI18,data/negatives_general/Manual-BG-RPI18.wav,train,152.25,153.75
Manual-BG-RPI18@153000ms_n,Manual-BG-RPI18,data/negatives_general/Manual-BG-RPI18.wav,train,153.0,154.5
Manual-BG-RPI18@153750ms_n,Manual-BG-RPI18,data/negatives_general/Manual-BG-RPI18.wav,train,153.75,155.25
Manual-BG-RPI18@154500ms_n,Manual-BG-RPI18,data/negatives_general/Manual-BG-RPI18.wav,train,154.5,156.0
Manual-BG-RPI18@155250ms_n,Manual-BG-RPI18,data/negatives_general/Manual-BG-RPI18.wav,train,155.25,156.75
Manual-BG-RPI18@156000ms_n,Manual-BG-RPI18,data/negatives_general/Manual-BG-RPI18.wav,train,156.0,157.5
Manual-BG-RPI18@156750ms_n,Manual-BG-RPI18,data/negatives_general/Manual-BG-RPI18.wav,train,156.75,158.25
Manual-BG-RPI18@157500ms_n,Manual-BG-RPI18,data/negatives_general/Manual-BG-RPI18.wav,train,157.5,159.0
Manual-BG-RPI18@158250ms_n,Manual-BG-RPI18,data/negatives_general/Manual-BG-RPI18.wav,train,158.25,159.75
Manual-BG-RPI18@159000ms_n,Manual-BG-RPI18,data/negatives_general/Manual-BG-RPI18.wav,train,159.0,160.5
Manual-BG-RPI18@159750ms_n,Manual-BG-RPI18,data/negatives_general/Manual-BG-RPI18.wav,train,159.75,161.25
Manual-BG-RPI18@160500ms_n,Manual-BG-RPI18,data/negatives_general/Manual-BG-RPI18.wav,train,160.5,162.0
Manual-BG-RPI18@161250ms_n,Manual-BG-RPI18,data/negatives_general/Manual-BG-RPI18.wav,train,161.25,162.75
Manual-BG-RPI18@162000ms_n,Manual-BG-RPI18,data/negatives_general/Manual-BG-RPI18.wav,train,162.0,163.5
Manual-BG-RPI18@162750ms_n,Manual-BG-RPI18,data/negatives_general/Manual-BG-RPI18.wav,train,162.75,164.25
Manual-BG-RPI18@163500ms_n,Manual-BG-RPI18,data/negatives_general/Manual-BG-RPI18.wav,train,163.5,165.0
Manual-BG-RPI18@164250ms_n,Manual-BG-RPI18,data/negatives_general/Manual-BG-RPI18.wav,train,164.25,165.75
Manual-BG-RPI18@165000ms_n,Manual-BG-RPI18,data/negatives_general/Manual-BG-RPI18.wav,train,165.0,166.5
Manual-BG-RPI18@165750ms_n,Manual-BG-RPI18,data/negatives_general/Manual-BG-RPI18.wav,train,165.75,167.25
Manual-BG-RPI18@166500ms_n,Manual-BG-RPI18,data/negatives_general/Manual-BG-RPI18.wav,train,166.5,168.0
Manual-BG-RPI18@167250ms_n,Manual-BG-RPI18,data/negatives_general/Manual-BG-RPI18.wav,train,167.25,168.75
Manual-BG-RPI18@168000ms_n,Manual-BG-RPI18,data/negatives_general/Manual-BG-RPI18.wav,train,168.0,169.5
Manual-BG-RPI18@168750ms_n,Manual-BG-RPI18,data/negatives_general/Manual-BG-RPI18.wav,train,168.75,170.25
Manual-BG-RPI18@169500ms_n,Manual-BG-RPI18,data/negatives_general/Manual-BG-RPI18.wav,train,169.5,171.0
Manual-BG-RPI18@170250ms_n,Manual-BG-RPI18,data/negatives_general/Manual-BG-RPI18.wav,train,170.25,171.75
Manual-BG-RPI18@171000ms_n,Manual-BG-RPI18,data/negatives_general/Manual-BG-RPI18.wav,train,171.0,172.5
Manual-BG-RPI18@171750ms_n,Manual-BG-RPI18,data/negatives_general/Manual-BG-RPI18.wav,train,171.75,173.25
Manual-BG-RPI18@172500ms_n,Manual-BG-RPI18,data/negatives_general/Manual-BG-RPI18.wav,train,172.5,174.0
Manual-BG-RPI18@173250ms_n,Manual-BG-RPI18,data/negatives_general/Manual-BG-RPI18.wav,train,173.25,174.75
Manual-BG-RPI18@174000ms_n,Manual-BG-RPI18,data/negatives_general/Manual-BG-RPI18.wav,train,174.0,175.5
Manual-BG-RPI18@174750ms_n,Manual-BG-RPI18,data/negatives_general/Manual-BG-RPI18.wav,train,174.75,176.25
Manual-BG-RPI18@175500ms_n,Manual-BG-RPI18,data/negatives_general/Manual-BG-RPI18.wav,train,175.5,177.0
Manual-BG-RPI18@176250ms_n,Manual-BG-RPI18,data/negatives_general/Manual-BG-RPI18.wav,train,176.25,177.75
Manual-BG-RPI18@177000ms_n,Manual-BG-RPI18,data/negatives_general/Manual-BG-RPI18.wav,train,177.0,178.5
Manual-BG-RPI18@177750ms_n,Manual-BG-RPI18,data/negatives_general/Manual-BG-RPI18.wav,train,177.75,179.25
Manual-BG-RPI18@178500ms_n,Manual-BG-RPI18,data/negatives_general/Manual-BG-RPI18.wav,train,178.5,180.0
Manual-BG-RPI18@179250ms_n,Manual-BG-RPI18,data/negatives_general/Manual-BG-RPI18.wav,train,179.25,180.75
Manual-BG-RPI18@180000ms_n,Manual-BG-RPI18,data/negatives_general/Manual-BG-RPI18.wav,train,180.0,181.5
Manual-BG-RPI18@180750ms_n,Manual-BG-RPI18,data/negatives_general/Manual-BG-RPI18.wav,train,180.75,182.25
Manual-BG-RPI18@181500ms_n,Manual-BG-RPI18,data/negatives_general/Manual-BG-RPI18.wav,train,181.5,183.0
Manual-BG-RPI18@182250ms_n,Manual-BG-RPI18,data/negatives_general/Manual-BG-RPI18.wav,train,182.25,183.75
Manual-BG-RPI18@183000ms_n,Manual-BG-RPI18,data/negatives_general/Manual-BG-RPI18.wav,train,183.0,184.5
Manual-BG-RPI18@183750ms_n,Manual-BG-RPI18,data/negatives_general/Manual-BG-RPI18.wav,train,183.75,185.25
Manual-BG-RPI18@184500ms_n,Manual-BG-RPI18,data/negatives_general/Manual-BG-RPI18.wav,train,184.5,186.0
Manual-BG-RPI18@185250ms_n,Manual-BG-RPI18,data/negatives_general/Manual-BG-RPI18.wav,train,185.25,186.75
Manual-BG-RPI18@186000ms_n,Manual-BG-RPI18,data/negatives_general/Manual-BG-RPI18.wav,train,186.0,187.5
Manual-BG-RPI18@186750ms_n,Manual-BG-RPI18,data/negatives_general/Manual-BG-RPI18.wav,train,186.75,188.25
Manual-BG-RPI18@187500ms_n,Manual-BG-RPI18,data/negatives_general/Manual-BG-RPI18.wav,train,187.5,189.0
Manual-BG-RPI18@188250ms_n,Manual-BG-RPI18,data/negatives_general/Manual-BG-RPI18.wav,train,188.25,189.75
Manual-BG-RPI18@189000ms_n,Manual-BG-RPI18,data/negatives_general/Manual-BG-RPI18.wav,train,189.0,190.5
Manual-BG-RPI18@189750ms_n,Manual-BG-RPI18,data/negatives_general/Manual-BG-RPI18.wav,train,189.75,191.25
Manual-BG-RPI18@190500ms_n,Manual-BG-RPI18,data/negatives_general/Manual-BG-RPI18.wav,train,190.5,192.0
Manual-BG-RPI18@191250ms_n,Manual-BG-RPI18,data/negatives_general/Manual-BG-RPI18.wav,train,191.25,192.75
Manual-BG-RPI18@192000ms_n,Manual-BG-RPI18,data/negatives_general/Manual-BG-RPI18.wav,train,192.0,193.5
Manual-BG-RPI18@192750ms_n,Manual-BG-RPI18,data/negatives_general/Manual-BG-RPI18.wav,train,192.75,194.25
Manual-BG-RPI18@193500ms_n,Manual-BG-RPI18,data/negatives_general/Manual-BG-RPI18.wav,train,193.5,195.0
Manual-BG-RPI18@194250ms_n,Manual-BG-RPI18,data/negatives_general/Manual-BG-RPI18.wav,train,194.25,195.75
Manual-BG-RPI18@195000ms_n,Manual-BG-RPI18,data/negatives_general/Manual-BG-RPI18.wav,train,195.0,196.5
Manual-BG-RPI18@195750ms_n,Manual-BG-RPI18,data/negatives_general/Manual-BG-RPI18.wav,train,195.75,197.25
Manual-BG-RPI18@196500ms_n,Manual-BG-RPI18,data/negatives_general/Manual-BG-RPI18.wav,train,196.5,198.0
Manual-BG-RPI18@197250ms_n,Manual-BG-RPI18,data/negatives_general/Manual-BG-RPI18.wav,train,197.25,198.75
Manual-BG-RPI18@198000ms_n,Manual-BG-RPI18,data/negatives_general/Manual-BG-RPI18.wav,train,198.0,199.5
Manual-BG-RPI18@198750ms_n,Manual-BG-RPI18,data/negatives_general/Manual-BG-RPI18.wav,train,198.75,200.25
Manual-BG-RPI18@199500ms_n,Manual-BG-RPI18,data/negatives_general/Manual-BG-RPI18.wav,train,199.5,201.0
Manual-BG-RPI18@200250ms_n,Manual-BG-RPI18,data/negatives_general/Manual-BG-RPI18.wav,train,200.25,201.75
Manual-BG-RPI18@201000ms_n,Manual-BG-RPI18,data/negatives_general/Manual-BG-RPI18.wav,train,201.0,202.5
Manual-BG-RPI18@201750ms_n,Manual-BG-RPI18,data/negatives_general/Manual-BG-RPI18.wav,train,201.75,203.25
Manual-BG-RPI18@202500ms_n,Manual-BG-RPI18,data/negatives_general/Manual-BG-RPI18.wav,train,202.5,204.0
Manual-BG-RPI18@203250ms_n,Manual-BG-RPI18,data/negatives_general/Manual-BG-RPI18.wav,train,203.25,204.75
Manual-BG-RPI18@204000ms_n,Manual-BG-RPI18,data/negatives_general/Manual-BG-RPI18.wav,train,204.0,205.5
Manual-BG-RPI18@204750ms_n,Manual-BG-RPI18,data/negatives_general/Manual-BG-RPI18.wav,train,204.75,206.25
Manual-BG-RPI18@205500ms_n,Manual-BG-RPI18,data/negatives_general/Manual-BG-RPI18.wav,train,205.5,207.0
Manual-BG-RPI18@206250ms_n,Manual-BG-RPI18,data/negatives_general/Manual-BG-RPI18.wav,train,206.25,207.75
Manual-BG-RPI18@207000ms_n,Manual-BG-RPI18,data/negatives_general/Manual-BG-RPI18.wav,train,207.0,208.5
Manual-BG-RPI18@207750ms_n,Manual-BG-RPI18,data/negatives_general/Manual-BG-RPI18.wav,train,207.75,209.25
Manual-BG-RPI18@208500ms_n,Manual-BG-RPI18,data/negatives_general/Manual-BG-RPI18.wav,train,208.5,210.0
Manual-BG-RPI18@209250ms_n,Manual-BG-RPI18,data/negatives_general/Manual-BG-RPI18.wav,train,209.25,210.75
Manual-BG-RPI18@210000ms_n,Manual-BG-RPI18,data/negatives_general/Manual-BG-RPI18.wav,train,210.0,211.5
Manual-BG-RPI18@210750ms_n,Manual-BG-RPI18,data/negatives_general/Manual-BG-RPI18.wav,train,210.75,212.25
Manual-BG-RPI18@211500ms_n,Manual-BG-RPI18,data/negatives_general/Manual-BG-RPI18.wav,train,211.5,213.0
Manual-BG-RPI18@212250ms_n,Manual-BG-RPI18,data/negatives_general/Manual-BG-RPI18.wav,train,212.25,213.75
Manual-BG-RPI18@213000ms_n,Manual-BG-RPI18,data/negatives_general/Manual-BG-RPI18.wav,train,213.0,214.5
Manual-BG-RPI18@213750ms_n,Manual-BG-RPI18,data/negatives_general/Manual-BG-RPI18.wav,train,213.75,215.25
Manual-BG-RPI18@214500ms_n,Manual-BG-RPI18,data/negatives_general/Manual-BG-RPI18.wav,train,214.5,216.0
Manual-BG-RPI18@215250ms_n,Manual-BG-RPI18,data/negatives_general/Manual-BG-RPI18.wav,train,215.25,216.75
Manual-BG-RPI18@216000ms_n,Manual-BG-RPI18,data/negatives_general/Manual-BG-RPI18.wav,train,216.0,217.5
Manual-BG-RPI18@216750ms_n,Manual-BG-RPI18,data/negatives_general/Manual-BG-RPI18.wav,train,216.75,218.25
Manual-BG-RPI18@217500ms_n,Manual-BG-RPI18,data/negatives_general/Manual-BG-RPI18.wav,train,217.5,219.0
Manual-BG-RPI18@218250ms_n,Manual-BG-RPI18,data/negatives_general/Manual-BG-RPI18.wav,train,218.25,219.75
Manual-BG-RPI18@219000ms_n,Manual-BG-RPI18,data/negatives_general/Manual-BG-RPI18.wav,train,219.0,220.5
Manual-BG-RPI18@219750ms_n,Manual-BG-RPI18,data/negatives_general/Manual-BG-RPI18.wav,train,219.75,221.25
Manual-BG-RPI18@220500ms_n,Manual-BG-RPI18,data/negatives_general/Manual-BG-RPI18.wav,train,220.5,222.0
Manual-BG-RPI18@221250ms_n,Manual-BG-RPI18,data/negatives_general/Manual-BG-RPI18.wav,train,221.25,222.75
Manual-BG-RPI18@222000ms_n,Manual-BG-RPI18,data/negatives_general/Manual-BG-RPI18.wav,train,222.0,223.5
Manual-BG-RPI18@222750ms_n,Manual-BG-RPI18,data/negatives_general/Manual-BG-RPI18.wav,train,222.75,224.25
Manual-BG-RPI18@223500ms_n,Manual-BG-RPI18,data/negatives_general/Manual-BG-RPI18.wav,train,223.5,225.0
Manual-BG-RPI18@224250ms_n,Manual-BG-RPI18,data/negatives_general/Manual-BG-RPI18.wav,train,224.25,225.75
Manual-BG-RPI18@225000ms_n,Manual-BG-RPI18,data/negatives_general/Manual-BG-RPI18.wav,train,225.0,226.5
Manual-BG-RPI18@225750ms_n,Manual-BG-RPI18,data/negatives_general/Manual-BG-RPI18.wav,train,225.75,227.25
Manual-BG-RPI18@226500ms_n,Manual-BG-RPI18,data/negatives_general/Manual-BG-RPI18.wav,train,226.5,228.0
Manual-BG-RPI18@227250ms_n,Manual-BG-RPI18,data/negatives_general/Manual-BG-RPI18.wav,train,227.25,228.75
Manual-BG-RPI18@228000ms_n,Manual-BG-RPI18,data/negatives_general/Manual-BG-RPI18.wav,train,228.0,229.5
Manual-BG-RPI18@228750ms_n,Manual-BG-RPI18,data/negatives_general/Manual-BG-RPI18.wav,train,228.75,230.25
Manual-BG-RPI18@229500ms_n,Manual-BG-RPI18,data/negatives_general/Manual-BG-RPI18.wav,train,229.5,231.0
Manual-BG-RPI18@230250ms_n,Manual-BG-RPI18,data/negatives_general/Manual-BG-RPI18.wav,train,230.25,231.75
Manual-BG-RPI18@231000ms_n,Manual-BG-RPI18,data/negatives_general/Manual-BG-RPI18.wav,train,231.0,232.5
Manual-BG-RPI18@231750ms_n,Manual-BG-RPI18,data/negatives_general/Manual-BG-RPI18.wav,train,231.75,233.25
Manual-BG-RPI18@232500ms_n,Manual-BG-RPI18,data/negatives_general/Manual-BG-RPI18.wav,train,232.5,234.0
Manual-BG-RPI18@233250ms_n,Manual-BG-RPI18,data/negatives_general/Manual-BG-RPI18.wav,train,233.25,234.75
Manual-BG-RPI18@234000ms_n,Manual-BG-RPI18,data/negatives_general/Manual-BG-RPI18.wav,train,234.0,235.5
Manual-BG-RPI18@234750ms_n,Manual-BG-RPI18,data/negatives_general/Manual-BG-RPI18.wav,train,234.75,236.25
Manual-BG-RPI18@235500ms_n,Manual-BG-RPI18,data/negatives_general/Manual-BG-RPI18.wav,train,235.5,237.0
Manual-BG-RPI18@236250ms_n,Manual-BG-RPI18,data/negatives_general/Manual-BG-RPI18.wav,train,236.25,237.75
Manual-BG-RPI18@237000ms_n,Manual-BG-RPI18,data/negatives_general/Manual-BG-RPI18.wav,train,237.0,238.5
Manual-BG-RPI18@237750ms_n,Manual-BG-RPI18,data/negatives_general/Manual-BG-RPI18.wav,train,237.75,239.25
Manual-BG-RPI18@238500ms_n,Manual-BG-RPI18,data/negatives_general/Manual-BG-RPI18.wav,train,238.5,240.0
Manual-BG-RPI18@239250ms_n,Manual-BG-RPI18,data/negatives_general/Manual-BG-RPI18.wav,train,239.25,240.75
Manual-BG-RPI18@240000ms_n,Manual-BG-RPI18,data/negatives_general/Manual-BG-RPI18.wav,train,240.0,241.5
Manual-BG-RPI18@240750ms_n,Manual-BG-RPI18,data/negatives_general/Manual-BG-RPI18.wav,train,240.75,242.25
Manual-BG-RPI18@241500ms_n,Manual-BG-RPI18,data/negatives_general/Manual-BG-RPI18.wav,train,241.5,243.0
Manual-BG-RPI18@242250ms_n,Manual-BG-RPI18,data/negatives_general/Manual-BG-RPI18.wav,train,242.25,243.75
Manual-BG-RPI18@243000ms_n,Manual-BG-RPI18,data/negatives_general/Manual-BG-RPI18.wav,train,243.0,244.5
Manual-BG-RPI18@243750ms_n,Manual-BG-RPI18,data/negatives_general/Manual-BG-RPI18.wav,train,243.75,245.25
Manual-BG-RPI18@244500ms_n,Manual-BG-RPI18,data/negatives_general/Manual-BG-RPI18.wav,train,244.5,246.0
Manual-BG-RPI18@245250ms_n,Manual-BG-RPI18,data/negatives_general/Manual-BG-RPI18.wav,train,245.25,246.75
Manual-BG-RPI18@246000ms_n,Manual-BG-RPI18,data/negatives_general/Manual-BG-RPI18.wav,train,246.0,247.5
Manual-BG-RPI18@246750ms_n,Manual-BG-RPI18,data/negatives_general/Manual-BG-RPI18.wav,train,246.75,248.25
Manual-BG-RPI18@247500ms_n,Manual-BG-RPI18,data/negatives_general/Manual-BG-RPI18.wav,train,247.5,249.0
Manual-BG-RPI18@248250ms_n,Manual-BG-RPI18,data/negatives_general/Manual-BG-RPI18.wav,train,248.25,249.75
Manual-BG-RPI18@249000ms_n,Manual-BG-RPI18,data/negatives_general/Manual-BG-RPI18.wav,train,249.0,250.5
Manual-BG-RPI18@249750ms_n,Manual-BG-RPI18,data/negatives_general/Manual-BG-RPI18.wav,train,249.75,251.25
Manual-BG-RPI18@250500ms_n,Manual-BG-RPI18,data/negatives_general/Manual-BG-RPI18.wav,train,250.5,252.0
Manual-BG-RPI18@251250ms_n,Manual-BG-RPI18,data/negatives_general/Manual-BG-RPI18.wav,train,251.25,252.75
Manual-BG-RPI18@252000ms_n,Manual-BG-RPI18,data/negatives_general/Manual-BG-RPI18.wav,train,252.0,253.5
Manual-BG-RPI18@252750ms_n,Manual-BG-RPI18,data/negatives_general/Manual-BG-RPI18.wav,train,252.75,254.25
Manual-BG-RPI18@253500ms_n,Manual-BG-RPI18,data/negatives_general/Manual-BG-RPI18.wav,train,253.5,255.0
Manual-BG-RPI18@254250ms_n,Manual-BG-RPI18,data/negatives_general/Manual-BG-RPI18.wav,train,254.25,255.75
Manual-BG-RPI18@255000ms_n,Manual-BG-RPI18,data/negatives_general/Manual-BG-RPI18.wav,train,255.0,256.5
Manual-BG-RPI18@255750ms_n,Manual-BG-RPI18,data/negatives_general/Manual-BG-RPI18.wav,train,255.75,257.25
Manual-BG-RPI18@256500ms_n,Manual-BG-RPI18,data/negatives_general/Manual-BG-RPI18.wav,train,256.5,258.0
Manual-BG-RPI18@257250ms_n,Manual-BG-RPI18,data/negatives_general/Manual-BG-RPI18.wav,train,257.25,258.75
Manual-BG-RPI18@258000ms_n,Manual-BG-RPI18,data/negatives_general/Manual-BG-RPI18.wav,train,258.0,259.5
Manual-BG-RPI18@258750ms_n,Manual-BG-RPI18,data/negatives_general/Manual-BG-RPI18.wav,train,258.75,260.25
Manual-BG-RPI18@259500ms_n,Manual-BG-RPI18,data/negatives_general/Manual-BG-RPI18.wav,train,259.5,261.0
Manual-BG-RPI19@0ms_n,Manual-BG-RPI19,data/negatives_general/Manual-BG-RPI19.wav,train,0.0,1.5
Manual-BG-RPI19@750ms_n,Manual-BG-RPI19,data/negatives_general/Manual-BG-RPI19.wav,train,0.75,2.25
Manual-BG-RPI19@1500ms_n,Manual-BG-RPI19,data/negatives_general/Manual-BG-RPI19.wav,train,1.5,3.0
Manual-BG-RPI19@2250ms_n,Manual-BG-RPI19,data/negatives_general/Manual-BG-RPI19.wav,train,2.25,3.75
Manual-BG-RPI19@3000ms_n,Manual-BG-RPI19,data/negatives_general/Manual-BG-RPI19.wav,train,3.0,4.5
Manual-BG-RPI19@3750ms_n,Manual-BG-RPI19,data/negatives_general/Manual-BG-RPI19.wav,train,3.75,5.25
Manual-BG-RPI19@4500ms_n,Manual-BG-RPI19,data/negatives_general/Manual-BG-RPI19.wav,train,4.5,6.0
Manual-BG-RPI19@5250ms_n,Manual-BG-RPI19,data/negatives_general/Manual-BG-RPI19.wav,train,5.25,6.75
Manual-BG-RPI19@6000ms_n,Manual-BG-RPI19,data/negatives_general/Manual-BG-RPI19.wav,train,6.0,7.5
Manual-BG-RPI19@6750ms_n,Manual-BG-RPI19,data/negatives_general/Manual-BG-RPI19.wav,train,6.75,8.25
Manual-BG-RPI19@7500ms_n,Manual-BG-RPI19,data/negatives_general/Manual-BG-RPI19.wav,train,7.5,9.0
Manual-BG-RPI19@8250ms_n,Manual-BG-RPI19,data/negatives_general/Manual-BG-RPI19.wav,train,8.25,9.75
Manual-BG-RPI19@9000ms_n,Manual-BG-RPI19,data/negatives_general/Manual-BG-RPI19.wav,train,9.0,10.5
Manual-BG-RPI19@9750ms_n,Manual-BG-RPI19,data/negatives_general/Manual-BG-RPI19.wav,train,9.75,11.25
Manual-BG-RPI19@10500ms_n,Manual-BG-RPI19,data/negatives_general/Manual-BG-RPI19.wav,train,10.5,12.0
Manual-BG-RPI19@11250ms_n,Manual-BG-RPI19,data/negatives_general/Manual-BG-RPI19.wav,train,11.25,12.75
Manual-BG-RPI19@12000ms_n,Manual-BG-RPI19,data/negatives_general/Manual-BG-RPI19.wav,train,12.0,13.5
Manual-BG-RPI19@12750ms_n,Manual-BG-RPI19,data/negatives_general/Manual-BG-RPI19.wav,train,12.75,14.25
Manual-BG-RPI19@13500ms_n,Manual-BG-RPI19,data/negatives_general/Manual-BG-RPI19.wav,train,13.5,15.0
Manual-BG-RPI19@14250ms_n,Manual-BG-RPI19,data/negatives_general/Manual-BG-RPI19.wav,train,14.25,15.75
Manual-BG-RPI19@15000ms_n,Manual-BG-RPI19,data/negatives_general/Manual-BG-RPI19.wav,train,15.0,16.5
Manual-BG-RPI19@15750ms_n,Manual-BG-RPI19,data/negatives_general/Manual-BG-RPI19.wav,train,15.75,17.25
Manual-BG-RPI19@16500ms_n,Manual-BG-RPI19,data/negatives_general/Manual-BG-RPI19.wav,train,16.5,18.0
Manual-BG-RPI19@17250ms_n,Manual-BG-RPI19,data/negatives_general/Manual-BG-RPI19.wav,train,17.25,18.75
Manual-BG-RPI19@18000ms_n,Manual-BG-RPI19,data/negatives_general/Manual-BG-RPI19.wav,train,18.0,19.5
Manual-BG-RPI19@18750ms_n,Manual-BG-RPI19,data/negatives_general/Manual-BG-RPI19.wav,train,18.75,20.25
Manual-BG-RPI19@19500ms_n,Manual-BG-RPI19,data/negatives_general/Manual-BG-RPI19.wav,train,19.5,21.0
Manual-BG-RPI19@20250ms_n,Manual-BG-RPI19,data/negatives_general/Manual-BG-RPI19.wav,train,20.25,21.75
Manual-BG-RPI19@21000ms_n,Manual-BG-RPI19,data/negatives_general/Manual-BG-RPI19.wav,train,21.0,22.5
Manual-BG-RPI19@21750ms_n,Manual-BG-RPI19,data/negatives_general/Manual-BG-RPI19.wav,train,21.75,23.25
Manual-BG-RPI19@22500ms_n,Manual-BG-RPI19,data/negatives_general/Manual-BG-RPI19.wav,train,22.5,24.0
Manual-BG-RPI19@23250ms_n,Manual-BG-RPI19,data/negatives_general/Manual-BG-RPI19.wav,train,23.25,24.75
Manual-BG-RPI19@24000ms_n,Manual-BG-RPI19,data/negatives_general/Manual-BG-RPI19.wav,train,24.0,25.5
Manual-BG-RPI19@24750ms_n,Manual-BG-RPI19,data/negatives_general/Manual-BG-RPI19.wav,train,24.75,26.25
Manual-BG-RPI19@25500ms_n,Manual-BG-RPI19,data/negatives_general/Manual-BG-RPI19.wav,train,25.5,27.0
Manual-BG-RPI19@26250ms_n,Manual-BG-RPI19,data/negatives_general/Manual-BG-RPI19.wav,train,26.25,27.75
Manual-BG-RPI19@27000ms_n,Manual-BG-RPI19,data/negatives_general/Manual-BG-RPI19.wav,train,27.0,28.5
Manual-BG-RPI19@27750ms_n,Manual-BG-RPI19,data/negatives_general/Manual-BG-RPI19.wav,train,27.75,29.25
Manual-BG-RPI19@28500ms_n,Manual-BG-RPI19,data/negatives_general/Manual-BG-RPI19.wav,train,28.5,30.0
Manual-BG-RPI19@29250ms_n,Manual-BG-RPI19,data/negatives_general/Manual-BG-RPI19.wav,train,29.25,30.75
Manual-BG-RPI19@30000ms_n,Manual-BG-RPI19,data/negatives_general/Manual-BG-RPI19.wav,train,30.0,31.5
Manual-BG-RPI19@30750ms_n,Manual-BG-RPI19,data/negatives_general/Manual-BG-RPI19.wav,train,30.75,32.25
Manual-BG-RPI19@31500ms_n,Manual-BG-RPI19,data/negatives_general/Manual-BG-RPI19.wav,train,31.5,33.0
Manual-BG-RPI19@32250ms_n,Manual-BG-RPI19,data/negatives_general/Manual-BG-RPI19.wav,train,32.25,33.75
Manual-BG-RPI19@33000ms_n,Manual-BG-RPI19,data/negatives_general/Manual-BG-RPI19.wav,train,33.0,34.5
Manual-BG-RPI19@33750ms_n,Manual-BG-RPI19,data/negatives_general/Manual-BG-RPI19.wav,train,33.75,35.25
Manual-BG-RPI19@34500ms_n,Manual-BG-RPI19,data/negatives_general/Manual-BG-RPI19.wav,train,34.5,36.0
Manual-BG-RPI19@35250ms_n,Manual-BG-RPI19,data/negatives_general/Manual-BG-RPI19.wav,train,35.25,36.75
Manual-BG-RPI19@36000ms_n,Manual-BG-RPI19,data/negatives_general/Manual-BG-RPI19.wav,train,36.0,37.5
Manual-BG-RPI19@36750ms_n,Manual-BG-RPI19,data/negatives_general/Manual-BG-RPI19.wav,train,36.75,38.25
Manual-BG-RPI19@37500ms_n,Manual-BG-RPI19,data/negatives_general/Manual-BG-RPI19.wav,train,37.5,39.0
Manual-BG-RPI19@38250ms_n,Manual-BG-RPI19,data/negatives_general/Manual-BG-RPI19.wav,train,38.25,39.75
Manual-BG-RPI19@39000ms_n,Manual-BG-RPI19,data/negatives_general/Manual-BG-RPI19.wav,train,39.0,40.5
Manual-BG-RPI19@39750ms_n,Manual-BG-RPI19,data/negatives_general/Manual-BG-RPI19.wav,train,39.75,41.25
Manual-BG-RPI19@40500ms_n,Manual-BG-RPI19,data/negatives_general/Manual-BG-RPI19.wav,train,40.5,42.0
Manual-BG-RPI19@41250ms_n,Manual-BG-RPI19,data/negatives_general/Manual-BG-RPI19.wav,train,41.25,42.75
Manual-BG-RPI19@42000ms_n,Manual-BG-RPI19,data/negatives_general/Manual-BG-RPI19.wav,train,42.0,43.5
Manual-BG-RPI19@42750ms_n,Manual-BG-RPI19,data/negatives_general/Manual-BG-RPI19.wav,train,42.75,44.25
Manual-BG-RPI19@43500ms_n,Manual-BG-RPI19,data/negatives_general/Manual-BG-RPI19.wav,train,43.5,45.0
Manual-BG-RPI19@44250ms_n,Manual-BG-RPI19,data/negatives_general/Manual-BG-RPI19.wav,train,44.25,45.75
Manual-BG-RPI19@45000ms_n,Manual-BG-RPI19,data/negatives_general/Manual-BG-RPI19.wav,train,45.0,46.5
Manual-BG-RPI19@45750ms_n,Manual-BG-RPI19,data/negatives_general/Manual-BG-RPI19.wav,train,45.75,47.25
Manual-BG-RPI19@46500ms_n,Manual-BG-RPI19,data/negatives_general/Manual-BG-RPI19.wav,train,46.5,48.0
Manual-BG-RPI19@47250ms_n,Manual-BG-RPI19,data/negatives_general/Manual-BG-RPI19.wav,train,47.25,48.75
Manual-BG-RPI19@48000ms_n,Manual-BG-RPI19,data/negatives_general/Manual-BG-RPI19.wav,train,48.0,49.5
Manual-BG-RPI19@48750ms_n,Manual-BG-RPI19,data/negatives_general/Manual-BG-RPI19.wav,train,48.75,50.25
Manual-BG-RPI19@49500ms_n,Manual-BG-RPI19,data/negatives_general/Manual-BG-RPI19.wav,train,49.5,51.0
Manual-BG-RPI19@50250ms_n,Manual-BG-RPI19,data/negatives_general/Manual-BG-RPI19.wav,train,50.25,51.75
Manual-BG-RPI19@51000ms_n,Manual-BG-RPI19,data/negatives_general/Manual-BG-RPI19.wav,train,51.0,52.5
Manual-BG-RPI19@51750ms_n,Manual-BG-RPI19,data/negatives_general/Manual-BG-RPI19.wav,train,51.75,53.25
Manual-BG-RPI19@52500ms_n,Manual-BG-RPI19,data/negatives_general/Manual-BG-RPI19.wav,train,52.5,54.0
Manual-BG-RPI19@53250ms_n,Manual-BG-RPI19,data/negatives_general/Manual-BG-RPI19.wav,train,53.25,54.75
Manual-BG-RPI19@54000ms_n,Manual-BG-RPI19,data/negatives_general/Manual-BG-RPI19.wav,train,54.0,55.5
Manual-BG-RPI19@54750ms_n,Manual-BG-RPI19,data/negatives_general/Manual-BG-RPI19.wav,train,54.75,56.25
Manual-BG-RPI19@55500ms_n,Manual-BG-RPI19,data/negatives_general/Manual-BG-RPI19.wav,train,55.5,57.0
Manual-BG-RPI19@56250ms_n,Manual-BG-RPI19,data/negatives_general/Manual-BG-RPI19.wav,train,56.25,57.75
Manual-BG-RPI19@57000ms_n,Manual-BG-RPI19,data/negatives_general/Manual-BG-RPI19.wav,train,57.0,58.5
Manual-BG-RPI19@57750ms_n,Manual-BG-RPI19,data/negatives_general/Manual-BG-RPI19.wav,train,57.75,59.25
Manual-BG-RPI19@58500ms_n,Manual-BG-RPI19,data/negatives_general/Manual-BG-RPI19.wav,train,58.5,60.0
Manual-BG-RPI19@59250ms_n,Manual-BG-RPI19,data/negatives_general/Manual-BG-RPI19.wav,train,59.25,60.75
Manual-BG-RPI19@60000ms_n,Manual-BG-RPI19,data/negatives_general/Manual-BG-RPI19.wav,train,60.0,61.5
Manual-BG-RPI19@60750ms_n,Manual-BG-RPI19,data/negatives_general/Manual-BG-RPI19.wav,train,60.75,62.25
Manual-BG-RPI19@61500ms_n,Manual-BG-RPI19,data/negatives_general/Manual-BG-RPI19.wav,train,61.5,63.0
Manual-BG-RPI19@62250ms_n,Manual-BG-RPI19,data/negatives_general/Manual-BG-RPI19.wav,train,62.25,63.75
Manual-BG-RPI19@63000ms_n,Manual-BG-RPI19,data/negatives_general/Manual-BG-RPI19.wav,train,63.0,64.5
Manual-BG-RPI19@63750ms_n,Manual-BG-RPI19,data/negatives_general/Manual-BG-RPI19.wav,train,63.75,65.25
Manual-BG-RPI19@64500ms_n,Manual-BG-RPI19,data/negatives_general/Manual-BG-RPI19.wav,train,64.5,66.0
Manual-BG-RPI19@65250ms_n,Manual-BG-RPI19,data/negatives_general/Manual-BG-RPI19.wav,train,65.25,66.75
Manual-BG-RPI19@66000ms_n,Manual-BG-RPI19,data/negatives_general/Manual-BG-RPI19.wav,train,66.0,67.5
Manual-BG-RPI19@66750ms_n,Manual-BG-RPI19,data/negatives_general/Manual-BG-RPI19.wav,train,66.75,68.25
Manual-BG-RPI19@67500ms_n,Manual-BG-RPI19,data/negatives_general/Manual-BG-RPI19.wav,train,67.5,69.0
Manual-BG-RPI19@68250ms_n,Manual-BG-RPI19,data/negatives_general/Manual-BG-RPI19.wav,train,68.25,69.75
Manual-BG-RPI19@69000ms_n,Manual-BG-RPI19,data/negatives_general/Manual-BG-RPI19.wav,train,69.0,70.5
Manual-BG-RPI19@69750ms_n,Manual-BG-RPI19,data/negatives_general/Manual-BG-RPI19.wav,train,69.75,71.25
Manual-BG-RPI19@70500ms_n,Manual-BG-RPI19,data/negatives_general/Manual-BG-RPI19.wav,train,70.5,72.0
Manual-BG-RPI19@71250ms_n,Manual-BG-RPI19,data/negatives_general/Manual-BG-RPI19.wav,train,71.25,72.75
Manual-BG-RPI19@72000ms_n,Manual-BG-RPI19,data/negatives_general/Manual-BG-RPI19.wav,train,72.0,73.5
Manual-BG-RPI19@72750ms_n,Manual-BG-RPI19,data/negatives_general/Manual-BG-RPI19.wav,train,72.75,74.25
Manual-BG-RPI19@73500ms_n,Manual-BG-RPI19,data/negatives_general/Manual-BG-RPI19.wav,train,73.5,75.0
Manual-BG-RPI19@74250ms_n,Manual-BG-RPI19,data/negatives_general/Manual-BG-RPI19.wav,train,74.25,75.75
Manual-BG-RPI19@75000ms_n,Manual-BG-RPI19,data/negatives_general/Manual-BG-RPI19.wav,train,75.0,76.5
Manual-BG-RPI19@75750ms_n,Manual-BG-RPI19,data/negatives_general/Manual-BG-RPI19.wav,train,75.75,77.25
Manual-BG-RPI19@76500ms_n,Manual-BG-RPI19,data/negatives_general/Manual-BG-RPI19.wav,train,76.5,78.0
Manual-BG-RPI19@77250ms_n,Manual-BG-RPI19,data/negatives_general/Manual-BG-RPI19.wav,train,77.25,78.75
Manual-BG-RPI19@78000ms_n,Manual-BG-RPI19,data/negatives_general/Manual-BG-RPI19.wav,train,78.0,79.5
Manual-BG-RPI19@78750ms_n,Manual-BG-RPI19,data/negatives_general/Manual-BG-RPI19.wav,train,78.75,80.25
Manual-BG-RPI19@79500ms_n,Manual-BG-RPI19,data/negatives_general/Manual-BG-RPI19.wav,train,79.5,81.0
Manual-BG-RPI19@80250ms_n,Manual-BG-RPI19,data/negatives_general/Manual-BG-RPI19.wav,train,80.25,81.75
Manual-BG-RPI19@81000ms_n,Manual-BG-RPI19,data/negatives_general/Manual-BG-RPI19.wav,train,81.0,82.5
Manual-BG-RPI19@81750ms_n,Manual-BG-RPI19,data/negatives_general/Manual-BG-RPI19.wav,train,81.75,83.25
Manual-BG-RPI19@82500ms_n,Manual-BG-RPI19,data/negatives_general/Manual-BG-RPI19.wav,train,82.5,84.0
Manual-BG-RPI19@83250ms_n,Manual-BG-RPI19,data/negatives_general/Manual-BG-RPI19.wav,train,83.25,84.75
Manual-BG-RPI19@84000ms_n,Manual-BG-RPI19,data/negatives_general/Manual-BG-RPI19.wav,train,84.0,85.5
Manual-BG-RPI19@84750ms_n,Manual-BG-RPI19,data/negatives_general/Manual-BG-RPI19.wav,train,84.75,86.25
Manual-BG-RPI19@85500ms_n,Manual-BG-RPI19,data/negatives_general/Manual-BG-RPI19.wav,train,85.5,87.0
Manual-BG-RPI19@86250ms_n,Manual-BG-RPI19,data/negatives_general/Manual-BG-RPI19.wav,train,86.25,87.75
Manual-BG-RPI19@87000ms_n,Manual-BG-RPI19,data/negatives_general/Manual-BG-RPI19.wav,train,87.0,88.5
Manual-BG-RPI19@87750ms_n,Manual-BG-RPI19,data/negatives_general/Manual-BG-RPI19.wav,train,87.75,89.25
Manual-BG-RPI19@88500ms_n,Manual-BG-RPI19,data/negatives_general/Manual-BG-RPI19.wav,train,88.5,90.0
Manual-BG-RPI19@89250ms_n,Manual-BG-RPI19,data/negatives_general/Manual-BG-RPI19.wav,train,89.25,90.75
Manual-BG-RPI19@90000ms_n,Manual-BG-RPI19,data/negatives_general/Manual-BG-RPI19.wav,train,90.0,91.5
Manual-BG-RPI19@90750ms_n,Manual-BG-RPI19,data/negatives_general/Manual-BG-RPI19.wav,train,90.75,92.25
Manual-BG-RPI19@91500ms_n,Manual-BG-RPI19,data/negatives_general/Manual-BG-RPI19.wav,train,91.5,93.0
Manual-BG-RPI19@92250ms_n,Manual-BG-RPI19,data/negatives_general/Manual-BG-RPI19.wav,train,92.25,93.75
Manual-BG-RPI19@93000ms_n,Manual-BG-RPI19,data/negatives_general/Manual-BG-RPI19.wav,train,93.0,94.5
Manual-BG-RPI19@93750ms_n,Manual-BG-RPI19,data/negatives_general/Manual-BG-RPI19.wav,train,93.75,95.25
Manual-BG-RPI19@94500ms_n,Manual-BG-RPI19,data/negatives_general/Manual-BG-RPI19.wav,train,94.5,96.0
Manual-BG-RPI19@95250ms_n,Manual-BG-RPI19,data/negatives_general/Manual-BG-RPI19.wav,train,95.25,96.75
Manual-BG-RPI19@96000ms_n,Manual-BG-RPI19,data/negatives_general/Manual-BG-RPI19.wav,train,96.0,97.5
Manual-BG-RPI19@96750ms_n,Manual-BG-RPI19,data/negatives_general/Manual-BG-RPI19.wav,train,96.75,98.25
Manual-BG-RPI19@97500ms_n,Manual-BG-RPI19,data/negatives_general/Manual-BG-RPI19.wav,train,97.5,99.0
Manual-BG-RPI19@98250ms_n,Manual-BG-RPI19,data/negatives_general/Manual-BG-RPI19.wav,train,98.25,99.75
Manual-BG-RPI19@99000ms_n,Manual-BG-RPI19,data/negatives_general/Manual-BG-RPI19.wav,train,99.0,100.5
Manual-BG-RPI19@99750ms_n,Manual-BG-RPI19,data/negatives_general/Manual-BG-RPI19.wav,train,99.75,101.25
Manual-BG-RPI19@100500ms_n,Manual-BG-RPI19,data/negatives_general/Manual-BG-RPI19.wav,train,100.5,102.0
Manual-BG-RPI19@101250ms_n,Manual-BG-RPI19,data/negatives_general/Manual-BG-RPI19.wav,train,101.25,102.75
Manual-BG-RPI19@102000ms_n,Manual-BG-RPI19,data/negatives_general/Manual-BG-RPI19.wav,train,102.0,103.5
Manual-BG-RPI19@102750ms_n,Manual-BG-RPI19,data/negatives_general/Manual-BG-RPI19.wav,train,102.75,104.25
Manual-BG-RPI19@103500ms_n,Manual-BG-RPI19,data/negatives_general/Manual-BG-RPI19.wav,train,103.5,105.0
Manual-BG-RPI19@104250ms_n,Manual-BG-RPI19,data/negatives_general/Manual-BG-RPI19.wav,train,104.25,105.75
Manual-BG-RPI19@105000ms_n,Manual-BG-RPI19,data/negatives_general/Manual-BG-RPI19.wav,train,105.0,106.5
Manual-BG-RPI19@105750ms_n,Manual-BG-RPI19,data/negatives_general/Manual-BG-RPI19.wav,train,105.75,107.25
Manual-BG-RPI19@106500ms_n,Manual-BG-RPI19,data/negatives_general/Manual-BG-RPI19.wav,train,106.5,108.0
Manual-BG-RPI19@107250ms_n,Manual-BG-RPI19,data/negatives_general/Manual-BG-RPI19.wav,train,107.25,108.75
Manual-BG-RPI19@108000ms_n,Manual-BG-RPI19,data/negatives_general/Manual-BG-RPI19.wav,train,108.0,109.5
Manual-BG-RPI19@108750ms_n,Manual-BG-RPI19,data/negatives_general/Manual-BG-RPI19.wav,train,108.75,110.25
Manual-BG-RPI19@109500ms_n,Manual-BG-RPI19,data/negatives_general/Manual-BG-RPI19.wav,train,109.5,111.0
Manual-BG-RPI19@110250ms_n,Manual-BG-RPI19,data/negatives_general/Manual-BG-RPI19.wav,train,110.25,111.75
Manual-BG-RPI19@111000ms_n,Manual-BG-RPI19,data/negatives_general/Manual-BG-RPI19.wav,train,111.0,112.5
Manual-BG-RPI19@111750ms_n,Manual-BG-RPI19,data/negatives_general/Manual-BG-RPI19.wav,train,111.75,113.25
Manual-BG-RPI19@112500ms_n,Manual-BG-RPI19,data/negatives_general/Manual-BG-RPI19.wav,train,112.5,114.0
Manual-BG-RPI19@113250ms_n,Manual-BG-RPI19,data/negatives_general/Manual-BG-RPI19.wav,train,113.25,114.75
Manual-BG-RPI19@114000ms_n,Manual-BG-RPI19,data/negatives_general/Manual-BG-RPI19.wav,train,114.0,115.5
Manual-BG-RPI19@114750ms_n,Manual-BG-RPI19,data/negatives_general/Manual-BG-RPI19.wav,train,114.75,116.25
Manual-BG-RPI19@115500ms_n,Manual-BG-RPI19,data/negatives_general/Manual-BG-RPI19.wav,train,115.5,117.0
Manual-BG-RPI19@116250ms_n,Manual-BG-RPI19,data/negatives_general/Manual-BG-RPI19.wav,train,116.25,117.75
Manual-BG-RPI19@117000ms_n,Manual-BG-RPI19,data/negatives_general/Manual-BG-RPI19.wav,train,117.0,118.5
Manual-BG-RPI19@117750ms_n,Manual-BG-RPI19,data/negatives_general/Manual-BG-RPI19.wav,train,117.75,119.25
Manual-BG-RPI19@118500ms_n,Manual-BG-RPI19,data/negatives_general/Manual-BG-RPI19.wav,train,118.5,120.0
Manual-BG-RPI19@119250ms_n,Manual-BG-RPI19,data/negatives_general/Manual-BG-RPI19.wav,train,119.25,120.75
Manual-BG-RPI19@120000ms_n,Manual-BG-RPI19,data/negatives_general/Manual-BG-RPI19.wav,train,120.0,121.5
Manual-BG-RPI19@120750ms_n,Manual-BG-RPI19,data/negatives_general/Manual-BG-RPI19.wav,train,120.75,122.25
Manual-BG-RPI19@121500ms_n,Manual-BG-RPI19,data/negatives_general/Manual-BG-RPI19.wav,train,121.5,123.0
Manual-BG-RPI19@122250ms_n,Manual-BG-RPI19,data/negatives_general/Manual-BG-RPI19.wav,train,122.25,123.75
Manual-BG-RPI19@123000ms_n,Manual-BG-RPI19,data/negatives_general/Manual-BG-RPI19.wav,train,123.0,124.5
Manual-BG-RPI19@123750ms_n,Manual-BG-RPI19,data/negatives_general/Manual-BG-RPI19.wav,train,123.75,125.25
Manual-BG-RPI19@124500ms_n,Manual-BG-RPI19,data/negatives_general/Manual-BG-RPI19.wav,train,124.5,126.0
Manual-BG-RPI19@125250ms_n,Manual-BG-RPI19,data/negatives_general/Manual-BG-RPI19.wav,train,125.25,126.75
Manual-BG-RPI19@126000ms_n,Manual-BG-RPI19,data/negatives_general/Manual-BG-RPI19.wav,train,126.0,127.5
Manual-BG-RPI19@126750ms_n,Manual-BG-RPI19,data/negatives_general/Manual-BG-RPI19.wav,train,126.75,128.25
Manual-BG-RPI19@127500ms_n,Manual-BG-RPI19,data/negatives_general/Manual-BG-RPI19.wav,train,127.5,129.0
Manual-BG-RPI19@128250ms_n,Manual-BG-RPI19,data/negatives_general/Manual-BG-RPI19.wav,train,128.25,129.75
Manual-BG-RPI19@129000ms_n,Manual-BG-RPI19,data/negatives_general/Manual-BG-RPI19.wav,train,129.0,130.5
Manual-BG-RPI19@129750ms_n,Manual-BG-RPI19,data/negatives_general/Manual-BG-RPI19.wav,train,129.75,131.25
Manual-BG-RPI19@130500ms_n,Manual-BG-RPI19,data/negatives_general/Manual-BG-RPI19.wav,train,130.5,132.0
Manual-BG-RPI19@131250ms_n,Manual-BG-RPI19,data/negatives_general/Manual-BG-RPI19.wav,train,131.25,132.75
Manual-BG-RPI19@132000ms_n,Manual-BG-RPI19,data/negatives_general/Manual-BG-RPI19.wav,train,132.0,133.5
Manual-BG-RPI19@132750ms_n,Manual-BG-RPI19,data/negatives_general/Manual-BG-RPI19.wav,train,132.75,134.25
Manual-BG-RPI19@133500ms_n,Manual-BG-RPI19,data/negatives_general/Manual-BG-RPI19.wav,train,133.5,135.0
Manual-BG-RPI19@134250ms_n,Manual-BG-RPI19,data/negatives_general/Manual-BG-RPI19.wav,train,134.25,135.75
Manual-BG-RPI19@135000ms_n,Manual-BG-RPI19,data/negatives_general/Manual-BG-RPI19.wav,train,135.0,136.5
Manual-BG-RPI19@135750ms_n,Manual-BG-RPI19,data/negatives_general/Manual-BG-RPI19.wav,train,135.75,137.25
Manual-BG-RPI19@136500ms_n,Manual-BG-RPI19,data/negatives_general/Manual-BG-RPI19.wav,train,136.5,138.0
Manual-BG-RPI19@137250ms_n,Manual-BG-RPI19,data/negatives_general/Manual-BG-RPI19.wav,train,137.25,138.75
Manual-BG-RPI19@138000ms_n,Manual-BG-RPI19,data/negatives_general/Manual-BG-RPI19.wav,train,138.0,139.5
Manual-BG-RPI19@138750ms_n,Manual-BG-RPI19,data/negatives_general/Manual-BG-RPI19.wav,train,138.75,140.25
Manual-BG-RPI19@139500ms_n,Manual-BG-RPI19,data/negatives_general/Manual-BG-RPI19.wav,train,139.5,141.0
Manual-BG-RPI19@140250ms_n,Manual-BG-RPI19,data/negatives_general/Manual-BG-RPI19.wav,train,140.25,141.75
Manual-BG-RPI19@141000ms_n,Manual-BG-RPI19,data/negatives_general/Manual-BG-RPI19.wav,train,141.0,142.5
Manual-BG-RPI19@141750ms_n,Manual-BG-RPI19,data/negatives_general/Manual-BG-RPI19.wav,train,141.75,143.25
Manual-BG-RPI19@142500ms_n,Manual-BG-RPI19,data/negatives_general/Manual-BG-RPI19.wav,train,142.5,144.0
Manual-BG-RPI19@143250ms_n,Manual-BG-RPI19,data/negatives_general/Manual-BG-RPI19.wav,train,143.25,144.75
Manual-BG-RPI19@144000ms_n,Manual-BG-RPI19,data/negatives_general/Manual-BG-RPI19.wav,train,144.0,145.5
Manual-BG-RPI19@144750ms_n,Manual-BG-RPI19,data/negatives_general/Manual-BG-RPI19.wav,train,144.75,146.25
Manual-BG-RPI19@145500ms_n,Manual-BG-RPI19,data/negatives_general/Manual-BG-RPI19.wav,train,145.5,147.0
Manual-BG-RPI19@146250ms_n,Manual-BG-RPI19,data/negatives_general/Manual-BG-RPI19.wav,train,146.25,147.75
Manual-BG-RPI19@147000ms_n,Manual-BG-RPI19,data/negatives_general/Manual-BG-RPI19.wav,train,147.0,148.5
Manual-BG-RPI19@147750ms_n,Manual-BG-RPI19,data/negatives_general/Manual-BG-RPI19.wav,train,147.75,149.25
Manual-BG-RPI19@148500ms_n,Manual-BG-RPI19,data/negatives_general/Manual-BG-RPI19.wav,train,148.5,150.0
Manual-BG-RPI19@149250ms_n,Manual-BG-RPI19,data/negatives_general/Manual-BG-RPI19.wav,train,149.25,150.75
Manual-BG-RPI19@150000ms_n,Manual-BG-RPI19,data/negatives_general/Manual-BG-RPI19.wav,train,150.0,151.5
Manual-BG-RPI19@150750ms_n,Manual-BG-RPI19,data/negatives_general/Manual-BG-RPI19.wav,train,150.75,152.25
Manual-BG-RPI19@151500ms_n,Manual-BG-RPI19,data/negatives_general/Manual-BG-RPI19.wav,train,151.5,153.0
Manual-BG-RPI19@152250ms_n,Manual-BG-RPI19,data/negatives_general/Manual-BG-RPI19.wav,train,152.25,153.75
Manual-BG-RPI19@153000ms_n,Manual-BG-RPI19,data/negatives_general/Manual-BG-RPI19.wav,train,153.0,154.5
Manual-BG-RPI19@153750ms_n,Manual-BG-RPI19,data/negatives_general/Manual-BG-RPI19.wav,train,153.75,155.25
Manual-BG-RPI19@154500ms_n,Manual-BG-RPI19,data/negatives_general/Manual-BG-RPI19.wav,train,154.5,156.0
Manual-BG-RPI19@155250ms_n,Manual-BG-RPI19,data/negatives_general/Manual-BG-RPI19.wav,train,155.25,156.75
Manual-BG-RPI19@156000ms_n,Manual-BG-RPI19,data/negatives_general/Manual-BG-RPI19.wav,train,156.0,157.5
Manual-BG-RPI19@156750ms_n,Manual-BG-RPI19,data/negatives_general/Manual-BG-RPI19.wav,train,156.75,158.25
Manual-BG-RPI19@157500ms_n,Manual-BG-RPI19,data/negatives_general/Manual-BG-RPI19.wav,train,157.5,159.0
Manual-BG-RPI19@158250ms_n,Manual-BG-RPI19,data/negatives_general/Manual-BG-RPI19.wav,train,158.25,159.75
Manual-BG-RPI19@159000ms_n,Manual-BG-RPI19,data/negatives_general/Manual-BG-RPI19.wav,train,159.0,160.5
Manual-BG-RPI19@159750ms_n,Manual-BG-RPI19,data/negatives_general/Manual-BG-RPI19.wav,train,159.75,161.25
Manual-BG-RPI19@160500ms_n,Manual-BG-RPI19,data/negatives_general/Manual-BG-RPI19.wav,train,160.5,162.0
Manual-BG-RPI19@161250ms_n,Manual-BG-RPI19,data/negatives_general/Manual-BG-RPI19.wav,train,161.25,162.75
Manual-BG-RPI19@162000ms_n,Manual-BG-RPI19,data/negatives_general/Manual-BG-RPI19.wav,train,162.0,163.5
Manual-BG-RPI19@162750ms_n,Manual-BG-RPI19,data/negatives_general/Manual-BG-RPI19.wav,train,162.75,164.25
Manual-BG-RPI19@163500ms_n,Manual-BG-RPI19,data/negatives_general/Manual-BG-RPI19.wav,train,163.5,165.0
Manual-BG-RPI19@164250ms_n,Manual-BG-RPI19,data/negatives_general/Manual-BG-RPI19.wav,train,164.25,165.75
Manual-BG-RPI19@165000ms_n,Manual-BG-RPI19,data/negatives_general/Manual-BG-RPI19.wav,train,165.0,166.5
Manual-BG-RPI19@165750ms_n,Manual-BG-RPI19,data/negatives_general/Manual-BG-RPI19.wav,train,165.75,167.25
Manual-BG-RPI19@166500ms_n,Manual-BG-RPI19,data/negatives_general/Manual-BG-RPI19.wav,train,166.5,168.0
Manual-BG-RPI19@167250ms_n,Manual-BG-RPI19,data/negatives_general/Manual-BG-RPI19.wav,train,167.25,168.75
Manual-BG-RPI19@168000ms_n,Manual-BG-RPI19,data/negatives_general/Manual-BG-RPI19.wav,train,168.0,169.5
Manual-BG-RPI19@168750ms_n,Manual-BG-RPI19,data/negatives_general/Manual-BG-RPI19.wav,train,168.75,170.25
Manual-BG-RPI19@169500ms_n,Manual-BG-RPI19,data/negatives_general/Manual-BG-RPI19.wav,train,169.5,171.0
Manual-BG-RPI19@170250ms_n,Manual-BG-RPI19,data/negatives_general/Manual-BG-RPI19.wav,train,170.25,171.75
Manual-BG-RPI19@171000ms_n,Manual-BG-RPI19,data/negatives_general/Manual-BG-RPI19.wav,train,171.0,172.5
Manual-BG-RPI19@171750ms_n,Manual-BG-RPI19,data/negatives_general/Manual-BG-RPI19.wav,train,171.75,173.25
Manual-BG-RPI19@172500ms_n,Manual-BG-RPI19,data/negatives_general/Manual-BG-RPI19.wav,train,172.5,174.0
Manual-BG-RPI19@173250ms_n,Manual-BG-RPI19,data/negatives_general/Manual-BG-RPI19.wav,train,173.25,174.75
Manual-BG-RPI19@174000ms_n,Manual-BG-RPI19,data/negatives_general/Manual-BG-RPI19.wav,train,174.0,175.5
Manual-BG-RPI19@174750ms_n,Manual-BG-RPI19,data/negatives_general/Manual-BG-RPI19.wav,train,174.75,176.25
Manual-BG-RPI19@175500ms_n,Manual-BG-RPI19,data/negatives_general/Manual-BG-RPI19.wav,train,175.5,177.0
Manual-BG-RPI19@176250ms_n,Manual-BG-RPI19,data/negatives_general/Manual-BG-RPI19.wav,train,176.25,177.75
Manual-BG-RPI19@177000ms_n,Manual-BG-RPI19,data/negatives_general/Manual-BG-RPI19.wav,train,177.0,178.5
Manual-BG-RPI19@177750ms_n,Manual-BG-RPI19,data/negatives_general/Manual-BG-RPI19.wav,train,177.75,179.25
Manual-BG-RPI19@178500ms_n,Manual-BG-RPI19,data/negatives_general/Manual-BG-RPI19.wav,train,178.5,180.0
Manual-BG-RPI19@179250ms_n,Manual-BG-RPI19,data/negatives_general/Manual-BG-RPI19.wav,train,179.25,180.75
Manual-BG-RPI19@180000ms_n,Manual-BG-RPI19,data/negatives_general/Manual-BG-RPI19.wav,train,180.0,181.5
Manual-BG-RPI19@180750ms_n,Manual-BG-RPI19,data/negatives_general/Manual-BG-RPI19.wav,train,180.75,182.25
Manual-BG-RPI19@181500ms_n,Manual-BG-RPI19,data/negatives_general/Manual-BG-RPI19.wav,train,181.5,183.0
Manual-BG-RPI19@182250ms_n,Manual-BG-RPI19,data/negatives_general/Manual-BG-RPI19.wav,train,182.25,183.75
Manual-BG-RPI19@183000ms_n,Manual-BG-RPI19,data/negatives_general/Manual-BG-RPI19.wav,train,183.0,184.5
Manual-BG-RPI19@183750ms_n,Manual-BG-RPI19,data/negatives_general/Manual-BG-RPI19.wav,train,183.75,185.25
Manual-BG-RPI19@184500ms_n,Manual-BG-RPI19,data/negatives_general/Manual-BG-RPI19.wav,train,184.5,186.0
Manual-BG-RPI19@185250ms_n,Manual-BG-RPI19,data/negatives_general/Manual-BG-RPI19.wav,train,185.25,186.75
Manual-BG-RPI19@186000ms_n,Manual-BG-RPI19,data/negatives_general/Manual-BG-RPI19.wav,train,186.0,187.5
Manual-BG-RPI19@186750ms_n,Manual-BG-RPI19,data/negatives_general/Manual-BG-RPI19.wav,train,186.75,188.25
Manual-BG-RPI19@187500ms_n,Manual-BG-RPI19,data/negatives_general/Manual-BG-RPI19.wav,train,187.5,189.0
Manual-BG-RPI19@188250ms_n,Manual-BG-RPI19,data/negatives_general/Manual-BG-RPI19.wav,train,188.25,189.75
Manual-BG-RPI19@189000ms_n,Manual-BG-RPI19,data/negatives_general/Manual-BG-RPI19.wav,train,189.0,190.5
Manual-BG-RPI19@189750ms_n,Manual-BG-RPI19,data/negatives_general/Manual-BG-RPI19.wav,train,189.75,191.25
Manual-BG-RPI19@190500ms_n,Manual-BG-RPI19,data/negatives_general/Manual-BG-RPI19.wav,train,190.5,192.0
Manual-BG-RPI19@191250ms_n,Manual-BG-RPI19,data/negatives_general/Manual-BG-RPI19.wav,train,191.25,192.75
Manual-BG-RPI19@192000ms_n,Manual-BG-RPI19,data/negatives_general/Manual-BG-RPI19.wav,train,192.0,193.5
Manual-BG-RPI19@192750ms_n,Manual-BG-RPI19,data/negatives_general/Manual-BG-RPI19.wav,train,192.75,194.25
Manual-BG-RPI19@193500ms_n,Manual-BG-RPI19,data/negatives_general/Manual-BG-RPI19.wav,train,193.5,195.0
Manual-BG-RPI19@194250ms_n,Manual-BG-RPI19,data/negatives_general/Manual-BG-RPI19.wav,train,194.25,195.75
Manual-BG-RPI19@195000ms_n,Manual-BG-RPI19,data/negatives_general/Manual-BG-RPI19.wav,train,195.0,196.5
Manual-BG-RPI19@195750ms_n,Manual-BG-RPI19,data/negatives_general/Manual-BG-RPI19.wav,train,195.75,197.25
Manual-BG-RPI19@196500ms_n,Manual-BG-RPI19,data/negatives_general/Manual-BG-RPI19.wav,train,196.5,198.0
Manual-BG-RPI19@197250ms_n,Manual-BG-RPI19,data/negatives_general/Manual-BG-RPI19.wav,train,197.25,198.75
Manual-BG-RPI19@198000ms_n,Manual-BG-RPI19,data/negatives_general/Manual-BG-RPI19.wav,train,198.0,199.5
Manual-BG-RPI19@198750ms_n,Manual-BG-RPI19,data/negatives_general/Manual-BG-RPI19.wav,train,198.75,200.25
Manual-BG-RPI19@199500ms_n,Manual-BG-RPI19,data/negatives_general/Manual-BG-RPI19.wav,train,199.5,201.0
Manual-BG-RPI19@200250ms_n,Manual-BG-RPI19,data/negatives_general/Manual-BG-RPI19.wav,train,200.25,201.75
Manual-BG-RPI19@201000ms_n,Manual-BG-RPI19,data/negatives_general/Manual-BG-RPI19.wav,train,201.0,202.5
Manual-BG-RPI19@201750ms_n,Manual-BG-RPI19,data/negatives_general/Manual-BG-RPI19.wav,train,201.75,203.25
Manual-BG-RPI19@202500ms_n,Manual-BG-RPI19,data/negatives_general/Manual-BG-RPI19.wav,train,202.5,204.0
Manual-BG-RPI19@203250ms_n,Manual-BG-RPI19,data/negatives_general/Manual-BG-RPI19.wav,train,203.25,204.75
Manual-BG-RPI19@204000ms_n,Manual-BG-RPI19,data/negatives_general/Manual-BG-RPI19.wav,train,204.0,205.5
Manual-BG-RPI19@204750ms_n,Manual-BG-RPI19,data/negatives_general/Manual-BG-RPI19.wav,train,204.75,206.25
Manual-BG-RPI19@205500ms_n,Manual-BG-RPI19,data/negatives_general/Manual-BG-RPI19.wav,train,205.5,207.0
Manual-BG-RPI19@206250ms_n,Manual-BG-RPI19,data/negatives_general/Manual-BG-RPI19.wav,train,206.25,207.75
Manual-BG-RPI19@207000ms_n,Manual-BG-RPI19,data/negatives_general/Manual-BG-RPI19.wav,train,207.0,208.5
Manual-BG-RPI19@207750ms_n,Manual-BG-RPI19,data/negatives_general/Manual-BG-RPI19.wav,train,207.75,209.25
Manual-BG-RPI19@208500ms_n,Manual-BG-RPI19,data/negatives_general/Manual-BG-RPI19.wav,train,208.5,210.0
Manual-BG-RPI19@209250ms_n,Manual-BG-RPI19,data/negatives_general/Manual-BG-RPI19.wav,train,209.25,210.75
Manual-BG-RPI19@210000ms_n,Manual-BG-RPI19,data/negatives_general/Manual-BG-RPI19.wav,train,210.0,211.5
Manual-BG-RPI19@210750ms_n,Manual-BG-RPI19,data/negatives_general/Manual-BG-RPI19.wav,train,210.75,212.25
Manual-BG-RPI19@211500ms_n,Manual-BG-RPI19,data/negatives_general/Manual-BG-RPI19.wav,train,211.5,213.0
Manual-BG-RPI19@212250ms_n,Manual-BG-RPI19,data/negatives_general/Manual-BG-RPI19.wav,train,212.25,213.75
Manual-BG-RPI19@213000ms_n,Manual-BG-RPI19,data/negatives_general/Manual-BG-RPI19.wav,train,213.0,214.5
Manual-BG-RPI19@213750ms_n,Manual-BG-RPI19,data/negatives_general/Manual-BG-RPI19.wav,train,213.75,215.25
Manual-BG-RPI19@214500ms_n,Manual-BG-RPI19,data/negatives_general/Manual-BG-RPI19.wav,train,214.5,216.0
Manual-BG-RPI19@215250ms_n,Manual-BG-RPI19,data/negatives_general/Manual-BG-RPI19.wav,train,215.25,216.75
Manual-BG-RPI19@216000ms_n,Manual-BG-RPI19,data/negatives_general/Manual-BG-RPI19.wav,train,216.0,217.5
Manual-BG-RPI19@216750ms_n,Manual-BG-RPI19,data/negatives_general/Manual-BG-RPI19.wav,train,216.75,218.25
Manual-BG-RPI19@217500ms_n,Manual-BG-RPI19,data/negatives_general/Manual-BG-RPI19.wav,train,217.5,219.0
Manual-BG-RPI19@218250ms_n,Manual-BG-RPI19,data/negatives_general/Manual-BG-RPI19.wav,train,218.25,219.75
Manual-BG-RPI19@219000ms_n,Manual-BG-RPI19,data/negatives_general/Manual-BG-RPI19.wav,train,219.0,220.5
Manual-BG-RPI19@219750ms_n,Manual-BG-RPI19,data/negatives_general/Manual-BG-RPI19.wav,train,219.75,221.25
Manual-BG-RPI19@220500ms_n,Manual-BG-RPI19,data/negatives_general/Manual-BG-RPI19.wav,train,220.5,222.0
Manual-BG-RPI19@221250ms_n,Manual-BG-RPI19,data/negatives_general/Manual-BG-RPI19.wav,train,221.25,222.75
Manual-BG-RPI19@222000ms_n,Manual-BG-RPI19,data/negatives_general/Manual-BG-RPI19.wav,train,222.0,223.5
Manual-BG-RPI19@222750ms_n,Manual-BG-RPI19,data/negatives_general/Manual-BG-RPI19.wav,train,222.75,224.25
Manual-BG-RPI19@223500ms_n,Manual-BG-RPI19,data/negatives_general/Manual-BG-RPI19.wav,train,223.5,225.0
Manual-BG-RPI19@224250ms_n,Manual-BG-RPI19,data/negatives_general/Manual-BG-RPI19.wav,train,224.25,225.75
Manual-BG-RPI19@225000ms_n,Manual-BG-RPI19,data/negatives_general/Manual-BG-RPI19.wav,train,225.0,226.5
Manual-BG-RPI19@225750ms_n,Manual-BG-RPI19,data/negatives_general/Manual-BG-RPI19.wav,train,225.75,227.25
Manual-BG-RPI19@226500ms_n,Manual-BG-RPI19,data/negatives_general/Manual-BG-RPI19.wav,train,226.5,228.0
Manual-BG-RPI19@227250ms_n,Manual-BG-RPI19,data/negatives_general/Manual-BG-RPI19.wav,train,227.25,228.75
Manual-BG-RPI19@228000ms_n,Manual-BG-RPI19,data/negatives_general/Manual-BG-RPI19.wav,train,228.0,229.5
Manual-BG-RPI19@228750ms_n,Manual-BG-RPI19,data/negatives_general/Manual-BG-RPI19.wav,train,228.75,230.25
Manual-BG-RPI19@229500ms_n,Manual-BG-RPI19,data/negatives_general/Manual-BG-RPI19.wav,train,229.5,231.0
Manual-BG-RPI19@230250ms_n,Manual-BG-RPI19,data/negatives_general/Manual-BG-RPI19.wav,train,230.25,231.75
Manual-BG-RPI19@231000ms_n,Manual-BG-RPI19,data/negatives_general/Manual-BG-RPI19.wav,train,231.0,232.5
Manual-BG-RPI19@231750ms_n,Manual-BG-RPI19,data/negatives_general/Manual-BG-RPI19.wav,train,231.75,233.25
Manual-BG-RPI19@232500ms_n,Manual-BG-RPI19,data/negatives_general/Manual-BG-RPI19.wav,train,232.5,234.0
Manual-BG-RPI19@233250ms_n,Manual-BG-RPI19,data/negatives_general/Manual-BG-RPI19.wav,train,233.25,234.75
Manual-BG-RPI19@234000ms_n,Manual-BG-RPI19,data/negatives_general/Manual-BG-RPI19.wav,train,234.0,235.5
Manual-BG-RPI19@234750ms_n,Manual-BG-RPI19,data/negatives_general/Manual-BG-RPI19.wav,train,234.75,236.25
Manual-BG-RPI19@235500ms_n,Manual-BG-RPI19,data/negatives_general/Manual-BG-RPI19.wav,train,235.5,237.0
Manual-BG-RPI19@236250ms_n,Manual-BG-RPI19,data/negatives_general/Manual-BG-RPI19.wav,train,236.25,237.75
Manual-BG-RPI19@237000ms_n,Manual-BG-RPI19,data/negatives_general/Manual-BG-RPI19.wav,train,237.0,238.5
Manual-BG-RPI19@237750ms_n,Manual-BG-RPI19,data/negatives_general/Manual-BG-RPI19.wav,train,237.75,239.25
Manual-BG-RPI19@238500ms_n,Manual-BG-RPI19,data/negatives_general/Manual-BG-RPI19.wav,train,238.5,240.0
Manual-BG-RPI19@239250ms_n,Manual-BG-RPI19,data/negatives_general/Manual-BG-RPI19.wav,train,239.25,240.75
Manual-BG-RPI19@240000ms_n,Manual-BG-RPI19,data/negatives_general/Manual-BG-RPI19.wav,train,240.0,241.5
Manual-BG-RPI19@240750ms_n,Manual-BG-RPI19,data/negatives_general/Manual-BG-RPI19.wav,train,240.75,242.25
Manual-BG-RPI19@241500ms_n,Manual-BG-RPI19,data/negatives_general/Manual-BG-RPI19.wav,train,241.5,243.0
Manual-BG-RPI19@242250ms_n,Manual-BG-RPI19,data/negatives_general/Manual-BG-RPI19.wav,train,242.25,243.75
Manual-BG-RPI19@243000ms_n,Manual-BG-RPI19,data/negatives_general/Manual-BG-RPI19.wav,train,243.0,244.5
Manual-BG-RPI19@243750ms_n,Manual-BG-RPI19,data/negatives_general/Manual-BG-RPI19.wav,train,243.75,245.25
Manual-BG-RPI19@244500ms_n,Manual-BG-RPI19,data/negatives_general/Manual-BG-RPI19.wav,train,244.5,246.0
Manual-BG-RPI19@245250ms_n,Manual-BG-RPI19,data/negatives_general/Manual-BG-RPI19.wav,train,245.25,246.75
Manual-BG-RPI19@246000ms_n,Manual-BG-RPI19,data/negatives_general/Manual-BG-RPI19.wav,train,246.0,247.5
Manual-BG-RPI19@246750ms_n,Manual-BG-RPI19,data/negatives_general/Manual-BG-RPI19.wav,train,246.75,248.25
Manual-BG-RPI19@247500ms_n,Manual-BG-RPI19,data/negatives_general/Manual-BG-RPI19.wav,train,247.5,249.0
Manual-BG-RPI19@248250ms_n,Manual-BG-RPI19,data/negatives_general/Manual-BG-RPI19.wav,train,248.25,249.75
Manual-BG-RPI19@249000ms_n,Manual-BG-RPI19,data/negatives_general/Manual-BG-RPI19.wav,train,249.0,250.5
Manual-BG-RPI19@249750ms_n,Manual-BG-RPI19,data/negatives_general/Manual-BG-RPI19.wav,train,249.75,251.25
Manual-BG-RPI19@250500ms_n,Manual-BG-RPI19,data/negatives_general/Manual-BG-RPI19.wav,train,250.5,252.0
Manual-BG-RPI19@251250ms_n,Manual-BG-RPI19,data/negatives_general/Manual-BG-RPI19.wav,train,251.25,252.75
Manual-BG-RPI19@252000ms_n,Manual-BG-RPI19,data/negatives_general/Manual-BG-RPI19.wav,train,252.0,253.5
Manual-BG-RPI19@252750ms_n,Manual-BG-RPI19,data/negatives_general/Manual-BG-RPI19.wav,train,252.75,254.25
Manual-BG-RPI19@253500ms_n,Manual-BG-RPI19,data/negatives_general/Manual-BG-RPI19.wav,train,253.5,255.0
Manual-BG-RPI19@254250ms_n,Manual-BG-RPI19,data/negatives_general/Manual-BG-RPI19.wav,train,254.25,255.75
Manual-BG-RPI19@255000ms_n,Manual-BG-RPI19,data/negatives_general/Manual-BG-RPI19.wav,train,255.0,256.5
Manual-BG-RPI19@255750ms_n,Manual-BG-RPI19,data/negatives_general/Manual-BG-RPI19.wav,train,255.75,257.25
Manual-BG-RPI19@256500ms_n,Manual-BG-RPI19,data/negatives_general/Manual-BG-RPI19.wav,train,256.5,258.0
Manual-BG-RPI19@257250ms_n,Manual-BG-RPI19,data/negatives_general/Manual-BG-RPI19.wav,train,257.25,258.75
Manual-BG-RPI19@258000ms_n,Manual-BG-RPI19,data/negatives_general/Manual-BG-RPI19.wav,train,258.0,259.5
Manual-BG-RPI19@258750ms_n,Manual-BG-RPI19,data/negatives_general/Manual-BG-RPI19.wav,train,258.75,260.25
Manual-BG-RPI19@259500ms_n,Manual-BG-RPI19,data/negatives_general/Manual-BG-RPI19.wav,train,259.5,261.0
Manual-BG-RPI19@260250ms_n,Manual-BG-RPI19,data/negatives_general/Manual-BG-RPI19.wav,train,260.25,261.75
Manual-BG-RPI19@261000ms_n,Manual-BG-RPI19,data/negatives_general/Manual-BG-RPI19.wav,train,261.0,262.5
Manual-BG-RPI19@261750ms_n,Manual-BG-RPI19,data/negatives_general/Manual-BG-RPI19.wav,train,261.75,263.25
Manual-BG-RPI19@262500ms_n,Manual-BG-RPI19,data/negatives_general/Manual-BG-RPI19.wav,train,262.5,264.0
Manual-BG-RPI19@263250ms_n,Manual-BG-RPI19,data/negatives_general/Manual-BG-RPI19.wav,train,263.25,264.75
Manual-BG-RPI19@264000ms_n,Manual-BG-RPI19,data/negatives_general/Manual-BG-RPI19.wav,train,264.0,265.5
Manual-BG-RPI19@264750ms_n,Manual-BG-RPI19,data/negatives_general/Manual-BG-RPI19.wav,train,264.75,266.25
Manual-BG-RPI19@265500ms_n,Manual-BG-RPI19,data/negatives_general/Manual-BG-RPI19.wav,train,265.5,267.0
Manual-BG-RPI19@266250ms_n,Manual-BG-RPI19,data/negatives_general/Manual-BG-RPI19.wav,train,266.25,267.75
Manual-BG-RPI19@267000ms_n,Manual-BG-RPI19,data/negatives_general/Manual-BG-RPI19.wav,train,267.0,268.5
Manual-BG-RPI19@267750ms_n,Manual-BG-RPI19,data/negatives_general/Manual-BG-RPI19.wav,train,267.75,269.25
Manual-BG-RPI19@268500ms_n,Manual-BG-RPI19,data/negatives_general/Manual-BG-RPI19.wav,train,268.5,270.0
Manual-BG-RPI19@269250ms_n,Manual-BG-RPI19,data/negatives_general/Manual-BG-RPI19.wav,train,269.25,270.75
Manual-BG-RPI19@270000ms_n,Manual-BG-RPI19,data/negatives_general/Manual-BG-RPI19.wav,train,270.0,271.5
Manual-BG-RPI19@270750ms_n,Manual-BG-RPI19,data/negatives_general/Manual-BG-RPI19.wav,train,270.75,272.25
Manual-BG-RPI19@271500ms_n,Manual-BG-RPI19,data/negatives_general/Manual-BG-RPI19.wav,train,271.5,273.0
Manual-BG-RPI19@272250ms_n,Manual-BG-RPI19,data/negatives_general/Manual-BG-RPI19.wav,train,272.25,273.75
Manual-BG-RPI19@273000ms_n,Manual-BG-RPI19,data/negatives_general/Manual-BG-RPI19.wav,train,273.0,274.5
Manual-BG-RPI19@273750ms_n,Manual-BG-RPI19,data/negatives_general/Manual-BG-RPI19.wav,train,273.75,275.25
Manual-BG-RPI19@274500ms_n,Manual-BG-RPI19,data/negatives_general/Manual-BG-RPI19.wav,train,274.5,276.0
Manual-BG-RPI19@275250ms_n,Manual-BG-RPI19,data/negatives_general/Manual-BG-RPI19.wav,train,275.25,276.75
Manual-BG-RPI19@276000ms_n,Manual-BG-RPI19,data/negatives_general/Manual-BG-RPI19.wav,train,276.0,277.5
Manual-BG-RPI19@276750ms_n,Manual-BG-RPI19,data/negatives_general/Manual-BG-RPI19.wav,train,276.75,278.25
Manual-BG-RPI19@277500ms_n,Manual-BG-RPI19,data/negatives_general/Manual-BG-RPI19.wav,train,277.5,279.0
Manual-BG-RPI19@278250ms_n,Manual-BG-RPI19,data/negatives_general/Manual-BG-RPI19.wav,train,278.25,279.75
Manual-BG-RPI19@279000ms_n,Manual-BG-RPI19,data/negatives_general/Manual-BG-RPI19.wav,train,279.0,280.5
Manual-BG-RPI19@279750ms_n,Manual-BG-RPI19,data/negatives_general/Manual-BG-RPI19.wav,train,279.75,281.25
Manual-BG-RPI19@280500ms_n,Manual-BG-RPI19,data/negatives_general/Manual-BG-RPI19.wav,train,280.5,282.0
Manual-BG-RPI19@281250ms_n,Manual-BG-RPI19,data/negatives_general/Manual-BG-RPI19.wav,train,281.25,282.75
Manual-BG-RPI19@282000ms_n,Manual-BG-RPI19,data/negatives_general/Manual-BG-RPI19.wav,train,282.0,283.5
Manual-BG-RPI19@282750ms_n,Manual-BG-RPI19,data/negatives_general/Manual-BG-RPI19.wav,train,282.75,284.25
Manual-BG-RPI19@283500ms_n,Manual-BG-RPI19,data/negatives_general/Manual-BG-RPI19.wav,train,283.5,285.0
Manual-BG-RPI19@284250ms_n,Manual-BG-RPI19,data/negatives_general/Manual-BG-RPI19.wav,train,284.25,285.75
Manual-BG-RPI19@285000ms_n,Manual-BG-RPI19,data/negatives_general/Manual-BG-RPI19.wav,train,285.0,286.5
Manual-BG-RPI19@285750ms_n,Manual-BG-RPI19,data/negatives_general/Manual-BG-RPI19.wav,train,285.75,287.25
Manual-BG-RPI19@286500ms_n,Manual-BG-RPI19,data/negatives_general/Manual-BG-RPI19.wav,train,286.5,288.0
Manual-BG-RPI19@287250ms_n,Manual-BG-RPI19,data/negatives_general/Manual-BG-RPI19.wav,train,287.25,288.75
Manual-BG-RPI19@288000ms_n,Manual-BG-RPI19,data/negatives_general/Manual-BG-RPI19.wav,train,288.0,289.5
Manual-BG-RPI19@288750ms_n,Manual-BG-RPI19,data/negatives_general/Manual-BG-RPI19.wav,train,288.75,290.25
Manual-BG-RPI19@289500ms_n,Manual-BG-RPI19,data/negatives_general/Manual-BG-RPI19.wav,train,289.5,291.0
Manual-BG-RPI19@290250ms_n,Manual-BG-RPI19,data/negatives_general/Manual-BG-RPI19.wav,train,290.25,291.75
Manual-BG-RPI19@291000ms_n,Manual-BG-RPI19,data/negatives_general/Manual-BG-RPI19.wav,train,291.0,292.5
Manual-BG-RPI19@291750ms_n,Manual-BG-RPI19,data/negatives_general/Manual-BG-RPI19.wav,train,291.75,293.25
Manual-BG-RPI19@292500ms_n,Manual-BG-RPI19,data/negatives_general/Manual-BG-RPI19.wav,train,292.5,294.0
Manual-BG-RPI19@293250ms_n,Manual-BG-RPI19,data/negatives_general/Manual-BG-RPI19.wav,train,293.25,294.75
Manual-BG-RPI19@294000ms_n,Manual-BG-RPI19,data/negatives_general/Manual-BG-RPI19.wav,train,294.0,295.5
Manual-BG-RPI19@294750ms_n,Manual-BG-RPI19,data/negatives_general/Manual-BG-RPI19.wav,train,294.75,296.25
Manual-BG-RPI19@295500ms_n,Manual-BG-RPI19,data/negatives_general/Manual-BG-RPI19.wav,train,295.5,297.0
Manual-BG-RPI19@296250ms_n,Manual-BG-RPI19,data/negatives_general/Manual-BG-RPI19.wav,train,296.25,297.75
Manual-BG-RPI19@297000ms_n,Manual-BG-RPI19,data/negatives_general/Manual-BG-RPI19.wav,train,297.0,298.5
Manual-BG-RPI19@297750ms_n,Manual-BG-RPI19,data/negatives_general/Manual-BG-RPI19.wav,train,297.75,299.25
Manual-BG-RPI19@298500ms_n,Manual-BG-RPI19,data/negatives_general/Manual-BG-RPI19.wav,train,298.5,300.0
Manual-BG-RPI19@299250ms_n,Manual-BG-RPI19,data/negatives_general/Manual-BG-RPI19.wav,train,299.25,300.75
Manual-BG-RPI19@300000ms_n,Manual-BG-RPI19,data/negatives_general/Manual-BG-RPI19.wav,train,300.0,301.5
Manual-BG-RPI19@300750ms_n,Manual-BG-RPI19,data/negatives_general/Manual-BG-RPI19.wav,train,300.75,302.25
Manual-BG-RPI19@301500ms_n,Manual-BG-RPI19,data/negatives_general/Manual-BG-RPI19.wav,train,301.5,303.0
Manual-BG-RPI19@302250ms_n,Manual-BG-RPI19,data/negatives_general/Manual-BG-RPI19.wav,train,302.25,303.75
Manual-BG-RPI19@303000ms_n,Manual-BG-RPI19,data/negatives_general/Manual-BG-RPI19.wav,train,303.0,304.5
Manual-BG-RPI19@303750ms_n,Manual-BG-RPI19,data/negatives_general/Manual-BG-RPI19.wav,train,303.75,305.25
Manual-BG-RPI19@304500ms_n,Manual-BG-RPI19,data/negatives_general/Manual-BG-RPI19.wav,train,304.5,306.0
Manual-BG-RPI19@305250ms_n,Manual-BG-RPI19,data/negatives_general/Manual-BG-RPI19.wav,train,305.25,306.75
Manual-BG-RPI19@306000ms_n,Manual-BG-RPI19,data/negatives_general/Manual-BG-RPI19.wav,train,306.0,307.5
Manual-BG-RPI19@306750ms_n,Manual-BG-RPI19,data/negatives_general/Manual-BG-RPI19.wav,train,306.75,308.25
Manual-BG-RPI19@307500ms_n,Manual-BG-RPI19,data/negatives_general/Manual-BG-RPI19.wav,train,307.5,309.0
Manual-BG-RPI19@308250ms_n,Manual-BG-RPI19,data/negatives_general/Manual-BG-RPI19.wav,train,308.25,309.75
Manual-BG-RPI19@309000ms_n,Manual-BG-RPI19,data/negatives_general/Manual-BG-RPI19.wav,train,309.0,310.5
Manual-BG-RPI19@309750ms_n,Manual-BG-RPI19,data/negatives_general/Manual-BG-RPI19.wav,train,309.75,311.25
Manual-BG-RPI19@310500ms_n,Manual-BG-RPI19,data/negatives_general/Manual-BG-RPI19.wav,train,310.5,312.0
Manual-BG-RPI19@311250ms_n,Manual-BG-RPI19,data/negatives_general/Manual-BG-RPI19.wav,train,311.25,312.75
Manual-BG-RPI19@312000ms_n,Manual-BG-RPI19,data/negatives_general/Manual-BG-RPI19.wav,train,312.0,313.5
Manual-BG-RPI19@312750ms_n,Manual-BG-RPI19,data/negatives_general/Manual-BG-RPI19.wav,train,312.75,314.25
Manual-BG-RPI19@313500ms_n,Manual-BG-RPI19,data/negatives_general/Manual-BG-RPI19.wav,train,313.5,315.0
Manual-BG-RPI19@314250ms_n,Manual-BG-RPI19,data/negatives_general/Manual-BG-RPI19.wav,train,314.25,315.75
Manual-BG-RPI19@315000ms_n,Manual-BG-RPI19,data/negatives_general/Manual-BG-RPI19.wav,train,315.0,316.5
Manual-BG-RPI19@315750ms_n,Manual-BG-RPI19,data/negatives_general/Manual-BG-RPI19.wav,train,315.75,317.25
Manual-BG-RPI19@316500ms_n,Manual-BG-RPI19,data/negatives_general/Manual-BG-RPI19.wav,train,316.5,318.0
Manual-BG-RPI19@317250ms_n,Manual-BG-RPI19,data/negatives_general/Manual-BG-RPI19.wav,train,317.25,318.75
Manual-BG-RPI19@318000ms_n,Manual-BG-RPI19,data/negatives_general/Manual-BG-RPI19.wav,train,318.0,319.5
Manual-BG-RPI19@318750ms_n,Manual-BG-RPI19,data/negatives_general/Manual-BG-RPI19.wav,train,318.75,320.25
Manual-BG-RPI19@319500ms_n,Manual-BG-RPI19,data/negatives_general/Manual-BG-RPI19.wav,train,319.5,321.0
Manual-BG-RPI19@320250ms_n,Manual-BG-RPI19,data/negatives_general/Manual-BG-RPI19.wav,train,320.25,321.75
Manual-BG-RPI19@321000ms_n,Manual-BG-RPI19,data/negatives_general/Manual-BG-RPI19.wav,train,321.0,322.5
Manual-BG-RPI19@321750ms_n,Manual-BG-RPI19,data/negatives_general/Manual-BG-RPI19.wav,train,321.75,323.25
Manual-BG-RPI19@322500ms_n,Manual-BG-RPI19,data/negatives_general/Manual-BG-RPI19.wav,train,322.5,324.0
Manual-BG-RPI19@323250ms_n,Manual-BG-RPI19,data/negatives_general/Manual-BG-RPI19.wav,train,323.25,324.75
Manual-BG-RPI19@324000ms_n,Manual-BG-RPI19,data/negatives_general/Manual-BG-RPI19.wav,train,324.0,325.5
Manual-BG-RPI19@324750ms_n,Manual-BG-RPI19,data/negatives_general/Manual-BG-RPI19.wav,train,324.75,326.25
Manual-BG-RPI19@325500ms_n,Manual-BG-RPI19,data/negatives_general/Manual-BG-RPI19.wav,train,325.5,327.0
Manual-BG-RPI19@326250ms_n,Manual-BG-RPI19,data/negatives_general/Manual-BG-RPI19.wav,train,326.25,327.75
Manual-BG-RPI19@327000ms_n,Manual-BG-RPI19,data/negatives_general/Manual-BG-RPI19.wav,train,327.0,328.5
Manual-BG-RPI19@327750ms_n,Manual-BG-RPI19,data/negatives_general/Manual-BG-RPI19.wav,train,327.75,329.25
Manual-BG-RPI19@328500ms_n,Manual-BG-RPI19,data/negatives_general/Manual-BG-RPI19.wav,train,328.5,330.0
Manual-BG-RPI19@329250ms_n,Manual-BG-RPI19,data/negatives_general/Manual-BG-RPI19.wav,train,329.25,330.75
Manual-BG-RPI19@330000ms_n,Manual-BG-RPI19,data/negatives_general/Manual-BG-RPI19.wav,train,330.0,331.5
Manual-BG-RPI19@330750ms_n,Manual-BG-RPI19,data/negatives_general/Manual-BG-RPI19.wav,train,330.75,332.25
Manual-BG-RPI19@331500ms_n,Manual-BG-RPI19,data/negatives_general/Manual-BG-RPI19.wav,train,331.5,333.0
Manual-BG-RPI19@332250ms_n,Manual-BG-RPI19,data/negatives_general/Manual-BG-RPI19.wav,train,332.25,333.75
Manual-BG-RPI19@333000ms_n,Manual-BG-RPI19,data/negatives_general/Manual-BG-RPI19.wav,train,333.0,334.5
Manual-BG-RPI19@333750ms_n,Manual-BG-RPI19,data/negatives_general/Manual-BG-RPI19.wav,train,333.75,335.25
Manual-BG-RPI19@334500ms_n,Manual-BG-RPI19,data/negatives_general/Manual-BG-RPI19.wav,train,334.5,336.0
Manual-BG-RPI19@335250ms_n,Manual-BG-RPI19,data/negatives_general/Manual-BG-RPI19.wav,train,335.25,336.75
Manual-BG-RPI19@336000ms_n,Manual-BG-RPI19,data/negatives_general/Manual-BG-RPI19.wav,train,336.0,337.5
Manual-BG-RPI19@336750ms_n,Manual-BG-RPI19,data/negatives_general/Manual-BG-RPI19.wav,train,336.75,338.25
Manual-BG-RPI19@337500ms_n,Manual-BG-RPI19,data/negatives_general/Manual-BG-RPI19.wav,train,337.5,339.0
Manual-BG-RPI19@338250ms_n,Manual-BG-RPI19,data/negatives_general/Manual-BG-RPI19.wav,train,338.25,339.75
Manual-BG-RPI19@339000ms_n,Manual-BG-RPI19,data/negatives_general/Manual-BG-RPI19.wav,train,339.0,340.5
Manual-BG-RPI19@339750ms_n,Manual-BG-RPI19,data/negatives_general/Manual-BG-RPI19.wav,train,339.75,341.25
Manual-BG-RPI19@340500ms_n,Manual-BG-RPI19,data/negatives_general/Manual-BG-RPI19.wav,train,340.5,342.0
Manual-BG-RPI19@341250ms_n,Manual-BG-RPI19,data/negatives_general/Manual-BG-RPI19.wav,train,341.25,342.75
Manual-BG-RPI19@342000ms_n,Manual-BG-RPI19,data/negatives_general/Manual-BG-RPI19.wav,train,342.0,343.5
Manual-BG-RPI19@342750ms_n,Manual-BG-RPI19,data/negatives_general/Manual-BG-RPI19.wav,train,342.75,344.25
Manual-BG-RPI19@343500ms_n,Manual-BG-RPI19,data/negatives_general/Manual-BG-RPI19.wav,train,343.5,345.0
Manual-BG-RPI19@344250ms_n,Manual-BG-RPI19,data/negatives_general/Manual-BG-RPI19.wav,train,344.25,345.75
Manual-BG-RPI19@345000ms_n,Manual-BG-RPI19,data/negatives_general/Manual-BG-RPI19.wav,train,345.0,346.5
Manual-BG-RPI19@345750ms_n,Manual-BG-RPI19,data/negatives_general/Manual-BG-RPI19.wav,train,345.75,347.25
Manual-BG-RPI19@346500ms_n,Manual-BG-RPI19,data/negatives_general/Manual-BG-RPI19.wav,train,346.5,348.0
Manual-BG-RPI19@347250ms_n,Manual-BG-RPI19,data/negatives_general/Manual-BG-RPI19.wav,train,347.25,348.75
Manual-BG-RPI19@348000ms_n,Manual-BG-RPI19,data/negatives_general/Manual-BG-RPI19.wav,train,348.0,349.5
Manual-BG-RPI19@348750ms_n,Manual-BG-RPI19,data/negatives_general/Manual-BG-RPI19.wav,train,348.75,350.25
Manual-BG-RPI19@349500ms_n,Manual-BG-RPI19,data/negatives_general/Manual-BG-RPI19.wav,train,349.5,351.0
Manual-BG-RPI19@350250ms_n,Manual-BG-RPI19,data/negatives_general/Manual-BG-RPI19.wav,train,350.25,351.75
Manual-BG-RPI19@351000ms_n,Manual-BG-RPI19,data/negatives_general/Manual-BG-RPI19.wav,train,351.0,352.5
Manual-BG-RPI19@351750ms_n,Manual-BG-RPI19,data/negatives_general/Manual-BG-RPI19.wav,train,351.75,353.25
Manual-BG-RPI19@352500ms_n,Manual-BG-RPI19,data/negatives_general/Manual-BG-RPI19.wav,train,352.5,354.0
Manual-BG-RPI19@353250ms_n,Manual-BG-RPI19,data/negatives_general/Manual-BG-RPI19.wav,train,353.25,354.75
Manual-BG-RPI19@354000ms_n,Manual-BG-RPI19,data/negatives_general/Manual-BG-RPI19.wav,train,354.0,355.5
Manual-BG-RPI19@354750ms_n,Manual-BG-RPI19,data/negatives_general/Manual-BG-RPI19.wav,train,354.75,356.25
Manual-BG-RPI19@355500ms_n,Manual-BG-RPI19,data/negatives_general/Manual-BG-RPI19.wav,train,355.5,357.0
Manual-BG-RPI19@356250ms_n,Manual-BG-RPI19,data/negatives_general/Manual-BG-RPI19.wav,train,356.25,357.75
Manual-BG-RPI19@357000ms_n,Manual-BG-RPI19,data/negatives_general/Manual-BG-RPI19.wav,train,357.0,358.5
Manual-BG-RPI19@357750ms_n,Manual-BG-RPI19,data/negatives_general/Manual-BG-RPI19.wav,train,357.75,359.25
Manual-BG-RPI19@358500ms_n,Manual-BG-RPI19,data/negatives_general/Manual-BG-RPI19.wav,train,358.5,360.0
Manual-BG-RPI19@359250ms_n,Manual-BG-RPI19,data/negatives_general/Manual-BG-RPI19.wav,train,359.25,360.75
Manual-BG-RPI19@360000ms_n,Manual-BG-RPI19,data/negatives_general/Manual-BG-RPI19.wav,train,360.0,361.5
Manual-BG-RPI19@360750ms_n,Manual-BG-RPI19,data/negatives_general/Manual-BG-RPI19.wav,train,360.75,362.25
Manual-BG-RPI19@361500ms_n,Manual-BG-RPI19,data/negatives_general/Manual-BG-RPI19.wav,train,361.5,363.0
Manual-BG-RPI19@362250ms_n,Manual-BG-RPI19,data/negatives_general/Manual-BG-RPI19.wav,train,362.25,363.75
Manual-BG-RPI19@363000ms_n,Manual-BG-RPI19,data/negatives_general/Manual-BG-RPI19.wav,train,363.0,364.5
Manual-BG-RPI19@363750ms_n,Manual-BG-RPI19,data/negatives_general/Manual-BG-RPI19.wav,train,363.75,365.25
Manual-BG-RPI19@364500ms_n,Manual-BG-RPI19,data/negatives_general/Manual-BG-RPI19.wav,train,364.5,366.0
Manual-BG-RPI19@365250ms_n,Manual-BG-RPI19,data/negatives_general/Manual-BG-RPI19.wav,train,365.25,366.75
Manual-BG-RPI19@366000ms_n,Manual-BG-RPI19,data/negatives_general/Manual-BG-RPI19.wav,train,366.0,367.5
Manual-BG-RPI19@366750ms_n,Manual-BG-RPI19,data/negatives_general/Manual-BG-RPI19.wav,train,366.75,368.25
Manual-BG-RPI19@367500ms_n,Manual-BG-RPI19,data/negatives_general/Manual-BG-RPI19.wav,train,367.5,369.0
Manual-BG-RPI19@368250ms_n,Manual-BG-RPI19,data/negatives_general/Manual-BG-RPI19.wav,train,368.25,369.75
Manual-BG-RPI19@369000ms_n,Manual-BG-RPI19,data/negatives_general/Manual-BG-RPI19.wav,train,369.0,370.5
Manual-BG-RPI19@369750ms_n,Manual-BG-RPI19,data/negatives_general/Manual-BG-RPI19.wav,train,369.75,371.25
Manual-BG-RPI19@370500ms_n,Manual-BG-RPI19,data/negatives_general/Manual-BG-RPI19.wav,train,370.5,372.0
Manual-BG-RPI19@371250ms_n,Manual-BG-RPI19,data/negatives_general/Manual-BG-RPI19.wav,train,371.25,372.75
Manual-BG-RPI19@372000ms_n,Manual-BG-RPI19,data/negatives_general/Manual-BG-RPI19.wav,train,372.0,373.5
Manual-BG-RPI19@372750ms_n,Manual-BG-RPI19,data/negatives_general/Manual-BG-RPI19.wav,train,372.75,374.25
Manual-BG-RPI19@373500ms_n,Manual-BG-RPI19,data/negatives_general/Manual-BG-RPI19.wav,train,373.5,375.0
Manual-BG-RPI19@374250ms_n,Manual-BG-RPI19,data/negatives_general/Manual-BG-RPI19.wav,train,374.25,375.75
Manual-BG-RPI19@375000ms_n,Manual-BG-RPI19,data/negatives_general/Manual-BG-RPI19.wav,train,375.0,376.5
Manual-BG-RPI19@375750ms_n,Manual-BG-RPI19,data/negatives_general/Manual-BG-RPI19.wav,train,375.75,377.25
Manual-BG-RPI19@376500ms_n,Manual-BG-RPI19,data/negatives_general/Manual-BG-RPI19.wav,train,376.5,378.0
Manual-BG-RPI19@377250ms_n,Manual-BG-RPI19,data/negatives_general/Manual-BG-RPI19.wav,train,377.25,378.75
Manual-BG-RPI19@378000ms_n,Manual-BG-RPI19,data/negatives_general/Manual-BG-RPI19.wav,train,378.0,379.5
Manual-BG-RPI19@378750ms_n,Manual-BG-RPI19,data/negatives_general/Manual-BG-RPI19.wav,train,378.75,380.25
Manual-BG-RPI19@379500ms_n,Manual-BG-RPI19,data/negatives_general/Manual-BG-RPI19.wav,train,379.5,381.0
Manual-BG-RPI19@380250ms_n,Manual-BG-RPI19,data/negatives_general/Manual-BG-RPI19.wav,train,380.25,381.75
Manual-BG-RPI19@381000ms_n,Manual-BG-RPI19,data/negatives_general/Manual-BG-RPI19.wav,train,381.0,382.5
Manual-BG-RPI19@381750ms_n,Manual-BG-RPI19,data/negatives_general/Manual-BG-RPI19.wav,train,381.75,383.25
Manual-BG-RPI19@382500ms_n,Manual-BG-RPI19,data/negatives_general/Manual-BG-RPI19.wav,train,382.5,384.0
Manual-BG-RPI19@383250ms_n,Manual-BG-RPI19,data/negatives_general/Manual-BG-RPI19.wav,train,383.25,384.75
Manual-BG-RPI19@384000ms_n,Manual-BG-RPI19,data/negatives_general/Manual-BG-RPI19.wav,train,384.0,385.5
Manual-BG-RPI19@384750ms_n,Manual-BG-RPI19,data/negatives_general/Manual-BG-RPI19.wav,train,384.75,386.25
Manual-BG-RPI19@385500ms_n,Manual-BG-RPI19,data/negatives_general/Manual-BG-RPI19.wav,train,385.5,387.0
Manual-BG-RPI19@386250ms_n,Manual-BG-RPI19,data/negatives_general/Manual-BG-RPI19.wav,train,386.25,387.75
Manual-BG-RPI19@387000ms_n,Manual-BG-RPI19,data/negatives_general/Manual-BG-RPI19.wav,train,387.0,388.5
Manual-BG-RPI19@387750ms_n,Manual-BG-RPI19,data/negatives_general/Manual-BG-RPI19.wav,train,387.75,389.25
Manual-BG-RPI19@388500ms_n,Manual-BG-RPI19,data/negatives_general/Manual-BG-RPI19.wav,train,388.5,390.0
Manual-BG-RPI19@389250ms_n,Manual-BG-RPI19,data/negatives_general/Manual-BG-RPI19.wav,train,389.25,390.75
Manual-BG-RPI19@390000ms_n,Manual-BG-RPI19,data/negatives_general/Manual-BG-RPI19.wav,train,390.0,391.5
Manual-BG-RPI19@390750ms_n,Manual-BG-RPI19,data/negatives_general/Manual-BG-RPI19.wav,train,390.75,392.25
Manual-BG-RPI19@391500ms_n,Manual-BG-RPI19,data/negatives_general/Manual-BG-RPI19.wav,train,391.5,393.0
Manual-BG-RPI19@392250ms_n,Manual-BG-RPI19,data/negatives_general/Manual-BG-RPI19.wav,train,392.25,393.75
Manual-BG-RPI19@393000ms_n,Manual-BG-RPI19,data/negatives_general/Manual-BG-RPI19.wav,train,393.0,394.5
Manual-BG-RPI19@393750ms_n,Manual-BG-RPI19,data/negatives_general/Manual-BG-RPI19.wav,train,393.75,395.25
Manual-BG-RPI19@394500ms_n,Manual-BG-RPI19,data/negatives_general/Manual-BG-RPI19.wav,train,394.5,396.0
Manual-BG-RPI19@395250ms_n,Manual-BG-RPI19,data/negatives_general/Manual-BG-RPI19.wav,train,395.25,396.75
Manual-BG-RPI19@396000ms_n,Manual-BG-RPI19,data/negatives_general/Manual-BG-RPI19.wav,train,396.0,397.5
Manual-BG-RPI19@396750ms_n,Manual-BG-RPI19,data/negatives_general/Manual-BG-RPI19.wav,train,396.75,398.25
Manual-BG-RPI19@397500ms_n,Manual-BG-RPI19,data/negatives_general/Manual-BG-RPI19.wav,train,397.5,399.0
Manual-BG-RPI19@398250ms_n,Manual-BG-RPI19,data/negatives_general/Manual-BG-RPI19.wav,train,398.25,399.75
Manual-BG-RPI19@399000ms_n,Manual-BG-RPI19,data/negatives_general/Manual-BG-RPI19.wav,train,399.0,400.5
Manual-BG-RPI19@399750ms_n,Manual-BG-RPI19,data/negatives_general/Manual-BG-RPI19.wav,train,399.75,401.25
Manual-BG-RPI19@400500ms_n,Manual-BG-RPI19,data/negatives_general/Manual-BG-RPI19.wav,train,400.5,402.0
Manual-BG-RPI19@401250ms_n,Manual-BG-RPI19,data/negatives_general/Manual-BG-RPI19.wav,train,401.25,402.75
Manual-BG-RPI19@402000ms_n,Manual-BG-RPI19,data/negatives_general/Manual-BG-RPI19.wav,train,402.0,403.5
Manual-BG-RPI19@402750ms_n,Manual-BG-RPI19,data/negatives_general/Manual-BG-RPI19.wav,train,402.75,404.25
Manual-BG-RPI19@403500ms_n,Manual-BG-RPI19,data/negatives_general/Manual-BG-RPI19.wav,train,403.5,405.0
Manual-BG-RPI19@404250ms_n,Manual-BG-RPI19,data/negatives_general/Manual-BG-RPI19.wav,train,404.25,405.75
Manual-BG-RPI19@405000ms_n,Manual-BG-RPI19,data/negatives_general/Manual-BG-RPI19.wav,train,405.0,406.5
Manual-BG-RPI19@405750ms_n,Manual-BG-RPI19,data/negatives_general/Manual-BG-RPI19.wav,train,405.75,407.25
Manual-BG-RPI19@406500ms_n,Manual-BG-RPI19,data/negatives_general/Manual-BG-RPI19.wav,train,406.5,408.0
Manual-BG-RPI19@407250ms_n,Manual-BG-RPI19,data/negatives_general/Manual-BG-RPI19.wav,train,407.25,408.75
Manual-BG-RPI19@408000ms_n,Manual-BG-RPI19,data/negatives_general/Manual-BG-RPI19.wav,train,408.0,409.5
Manual-BG-RPI19@408750ms_n,Manual-BG-RPI19,data/negatives_general/Manual-BG-RPI19.wav,train,408.75,410.25
Manual-BG-RPI19@409500ms_n,Manual-BG-RPI19,data/negatives_general/Manual-BG-RPI19.wav,train,409.5,411.0
Manual-BG-RPI19@410250ms_n,Manual-BG-RPI19,data/negatives_general/Manual-BG-RPI19.wav,train,410.25,411.75
Manual-BG-RPI19@411000ms_n,Manual-BG-RPI19,data/negatives_general/Manual-BG-RPI19.wav,train,411.0,412.5
Manual-BG-RPI19@411750ms_n,Manual-BG-RPI19,data/negatives_general/Manual-BG-RPI19.wav,train,411.75,413.25
Manual-BG-RPI19@412500ms_n,Manual-BG-RPI19,data/negatives_general/Manual-BG-RPI19.wav,train,412.5,414.0
Manual-BG-RPI19@413250ms_n,Manual-BG-RPI19,data/negatives_general/Manual-BG-RPI19.wav,train,413.25,414.75
Manual-BG-RPI19@414000ms_n,Manual-BG-RPI19,data/negatives_general/Manual-BG-RPI19.wav,train,414.0,415.5
Manual-BG-RPI19@414750ms_n,Manual-BG-RPI19,data/negatives_general/Manual-BG-RPI19.wav,train,414.75,416.25
Manual-BG-RPI19@415500ms_n,Manual-BG-RPI19,data/negatives_general/Manual-BG-RPI19.wav,train,415.5,417.0
Manual-BG-RPI19@416250ms_n,Manual-BG-RPI19,data/negatives_general/Manual-BG-RPI19.wav,train,416.25,417.75
Manual-BG-RPI19@417000ms_n,Manual-BG-RPI19,data/negatives_general/Manual-BG-RPI19.wav,train,417.0,418.5
Manual-BG-RPI19@417750ms_n,Manual-BG-RPI19,data/negatives_general/Manual-BG-RPI19.wav,train,417.75,419.25
Manual-BG-RPI19@418500ms_n,Manual-BG-RPI19,data/negatives_general/Manual-BG-RPI19.wav,train,418.5,420.0
Manual-BG-RPI19@419250ms_n,Manual-BG-RPI19,data/negatives_general/Manual-BG-RPI19.wav,train,419.25,420.75
Manual-BG-RPI19@420000ms_n,Manual-BG-RPI19,data/negatives_general/Manual-BG-RPI19.wav,train,420.0,421.5
Manual-BG-RPI19@420750ms_n,Manual-BG-RPI19,data/negatives_general/Manual-BG-RPI19.wav,train,420.75,422.25
Manual-BG-RPI19@421500ms_n,Manual-BG-RPI19,data/negatives_general/Manual-BG-RPI19.wav,train,421.5,423.0
Manual-BG-RPI19@422250ms_n,Manual-BG-RPI19,data/negatives_general/Manual-BG-RPI19.wav,train,422.25,423.75
Manual-BG-RPI19@423000ms_n,Manual-BG-RPI19,data/negatives_general/Manual-BG-RPI19.wav,train,423.0,424.5
Manual-BG-RPI19@423750ms_n,Manual-BG-RPI19,data/negatives_general/Manual-BG-RPI19.wav,train,423.75,425.25
Manual-BG-RPI19@424500ms_n,Manual-BG-RPI19,data/negatives_general/Manual-BG-RPI19.wav,train,424.5,426.0
Manual-BG-RPI19@425250ms_n,Manual-BG-RPI19,data/negatives_general/Manual-BG-RPI19.wav,train,425.25,426.75
Manual-BG-RPI19@426000ms_n,Manual-BG-RPI19,data/negatives_general/Manual-BG-RPI19.wav,train,426.0,427.5
Manual-BG-RPI19@426750ms_n,Manual-BG-RPI19,data/negatives_general/Manual-BG-RPI19.wav,train,426.75,428.25
Manual-BG-RPI19@427500ms_n,Manual-BG-RPI19,data/negatives_general/Manual-BG-RPI19.wav,train,427.5,429.0
Manual-BG-RPI19@428250ms_n,Manual-BG-RPI19,data/negatives_general/Manual-BG-RPI19.wav,train,428.25,429.75
Manual-BG-RPI19@429000ms_n,Manual-BG-RPI19,data/negatives_general/Manual-BG-RPI19.wav,train,429.0,430.5
Manual-BG-RPI19@429750ms_n,Manual-BG-RPI19,data/negatives_general/Manual-BG-RPI19.wav,train,429.75,431.25
Manual-BG-RPI19@430500ms_n,Manual-BG-RPI19,data/negatives_general/Manual-BG-RPI19.wav,train,430.5,432.0
Manual-BG-RPI19@431250ms_n,Manual-BG-RPI19,data/negatives_general/Manual-BG-RPI19.wav,train,431.25,432.75
Manual-BG-RPI19@432000ms_n,Manual-BG-RPI19,data/negatives_general/Manual-BG-RPI19.wav,train,432.0,433.5
Manual-BG-RPI19@432750ms_n,Manual-BG-RPI19,data/negatives_general/Manual-BG-RPI19.wav,train,432.75,434.25
Manual-BG-RPI19@433500ms_n,Manual-BG-RPI19,data/negatives_general/Manual-BG-RPI19.wav,train,433.5,435.0
Manual-BG-RPI19@434250ms_n,Manual-BG-RPI19,data/negatives_general/Manual-BG-RPI19.wav,train,434.25,435.75
Manual-BG-RPI19@435000ms_n,Manual-BG-RPI19,data/negatives_general/Manual-BG-RPI19.wav,train,435.0,436.5
Manual-BG-RPI19@435750ms_n,Manual-BG-RPI19,data/negatives_general/Manual-BG-RPI19.wav,train,435.75,437.25
Manual-BG-RPI19@436500ms_n,Manual-BG-RPI19,data/negatives_general/Manual-BG-RPI19.wav,train,436.5,438.0
Manual-BG-RPI19@437250ms_n,Manual-BG-RPI19,data/negatives_general/Manual-BG-RPI19.wav,train,437.25,438.75
Manual-BG-RPI19@438000ms_n,Manual-BG-RPI19,data/negatives_general/Manual-BG-RPI19.wav,train,438.0,439.5
Manual-BG-RPI19@438750ms_n,Manual-BG-RPI19,data/negatives_general/Manual-BG-RPI19.wav,train,438.75,440.25
Manual-BG-RPI19@439500ms_n,Manual-BG-RPI19,data/negatives_general/Manual-BG-RPI19.wav,train,439.5,441.0
Manual-BG-RPI19@440250ms_n,Manual-BG-RPI19,data/negatives_general/Manual-BG-RPI19.wav,train,440.25,441.75
Manual-BG-RPI19@441000ms_n,Manual-BG-RPI19,data/negatives_general/Manual-BG-RPI19.wav,train,441.0,442.5
Manual-BG-RPI19@441750ms_n,Manual-BG-RPI19,data/negatives_general/Manual-BG-RPI19.wav,train,441.75,443.25
Manual-BG-RPI19@442500ms_n,Manual-BG-RPI19,data/negatives_general/Manual-BG-RPI19.wav,train,442.5,444.0
Manual-BG-RPI19@443250ms_n,Manual-BG-RPI19,data/negatives_general/Manual-BG-RPI19.wav,train,443.25,444.75
Manual-BG-RPI19@444000ms_n,Manual-BG-RPI19,data/negatives_general/Manual-BG-RPI19.wav,train,444.0,445.5
Manual-BG-RPI19@444750ms_n,Manual-BG-RPI19,data/negatives_general/Manual-BG-RPI19.wav,train,444.75,446.25
Manual-BG-RPI19@445500ms_n,Manual-BG-RPI19,data/negatives_general/Manual-BG-RPI19.wav,train,445.5,447.0
Manual-BG-RPI19@446250ms_n,Manual-BG-RPI19,data/negatives_general/Manual-BG-RPI19.wav,train,446.25,447.75
Manual-BG-RPI19@447000ms_n,Manual-BG-RPI19,data/negatives_general/Manual-BG-RPI19.wav,train,447.0,448.5
Manual-BG-RPI19@447750ms_n,Manual-BG-RPI19,data/negatives_general/Manual-BG-RPI19.wav,train,447.75,449.25
Manual-BG-RPI19@448500ms_n,Manual-BG-RPI19,data/negatives_general/Manual-BG-RPI19.wav,train,448.5,450.0
Manual-BG-RPI19@449250ms_n,Manual-BG-RPI19,data/negatives_general/Manual-BG-RPI19.wav,train,449.25,450.75
Manual-BG-RPI19@450000ms_n,Manual-BG-RPI19,data/negatives_general/Manual-BG-RPI19.wav,train,450.0,451.5
Manual-BG-RPI19@450750ms_n,Manual-BG-RPI19,data/negatives_general/Manual-BG-RPI19.wav,train,450.75,452.25
Manual-BG-RPI19@451500ms_n,Manual-BG-RPI19,data/negatives_general/Manual-BG-RPI19.wav,train,451.5,453.0
Manual-BG-RPI19@452250ms_n,Manual-BG-RPI19,data/negatives_general/Manual-BG-RPI19.wav,train,452.25,453.75
Manual-BG-RPI19@453000ms_n,Manual-BG-RPI19,data/negatives_general/Manual-BG-RPI19.wav,train,453.0,454.5
Manual-BG-RPI19@453750ms_n,Manual-BG-RPI19,data/negatives_general/Manual-BG-RPI19.wav,train,453.75,455.25
Manual-BG-RPI19@454500ms_n,Manual-BG-RPI19,data/negatives_general/Manual-BG-RPI19.wav,train,454.5,456.0
Manual-BG-RPI19@455250ms_n,Manual-BG-RPI19,data/negatives_general/Manual-BG-RPI19.wav,train,455.25,456.75
Manual-BG-RPI19@456000ms_n,Manual-BG-RPI19,data/negatives_general/Manual-BG-RPI19.wav,train,456.0,457.5
Manual-BG-RPI19@456750ms_n,Manual-BG-RPI19,data/negatives_general/Manual-BG-RPI19.wav,train,456.75,458.25
Manual-BG-RPI19@457500ms_n,Manual-BG-RPI19,data/negatives_general/Manual-BG-RPI19.wav,train,457.5,459.0
Manual-BG-RPI19@458250ms_n,Manual-BG-RPI19,data/negatives_general/Manual-BG-RPI19.wav,train,458.25,459.75
Manual-BG-RPI19@459000ms_n,Manual-BG-RPI19,data/negatives_general/Manual-BG-RPI19.wav,train,459.0,460.5
Manual-BG-RPI19@459750ms_n,Manual-BG-RPI19,data/negatives_general/Manual-BG-RPI19.wav,train,459.75,461.25
Manual-BG-RPI19@460500ms_n,Manual-BG-RPI19,data/negatives_general/Manual-BG-RPI19.wav,train,460.5,462.0
Manual-BG-RPI19@461250ms_n,Manual-BG-RPI19,data/negatives_general/Manual-BG-RPI19.wav,train,461.25,462.75
Manual-BG-RPI19@462000ms_n,Manual-BG-RPI19,data/negatives_general/Manual-BG-RPI19.wav,train,462.0,463.5
Manual-BG-RPI19@462750ms_n,Manual-BG-RPI19,data/negatives_general/Manual-BG-RPI19.wav,train,462.75,464.25
Manual-BG-RPI19@463500ms_n,Manual-BG-RPI19,data/negatives_general/Manual-BG-RPI19.wav,train,463.5,465.0
Manual-BG-RPI19@464250ms_n,Manual-BG-RPI19,data/negatives_general/Manual-BG-RPI19.wav,train,464.25,465.75
Manual-BG-RPI19@465000ms_n,Manual-BG-RPI19,data/negatives_general/Manual-BG-RPI19.wav,train,465.0,466.5
Manual-BG-RPI19@465750ms_n,Manual-BG-RPI19,data/negatives_general/Manual-BG-RPI19.wav,train,465.75,467.25
Manual-BG-RPI19@466500ms_n,Manual-BG-RPI19,data/negatives_general/Manual-BG-RPI19.wav,train,466.5,468.0
Manual-BG-RPI19@467250ms_n,Manual-BG-RPI19,data/negatives_general/Manual-BG-RPI19.wav,train,467.25,468.75
Manual-BG-RPI19@468000ms_n,Manual-BG-RPI19,data/negatives_general/Manual-BG-RPI19.wav,train,468.0,469.5
Manual-BG-RPI19@468750ms_n,Manual-BG-RPI19,data/negatives_general/Manual-BG-RPI19.wav,train,468.75,470.25
Manual-BG-RPI19@469500ms_n,Manual-BG-RPI19,data/negatives_general/Manual-BG-RPI19.wav,train,469.5,471.0
Manual-BG-RPI19@470250ms_n,Manual-BG-RPI19,data/negatives_general/Manual-BG-RPI19.wav,train,470.25,471.75
Manual-BG-RPI19@471000ms_n,Manual-BG-RPI19,data/negatives_general/Manual-BG-RPI19.wav,train,471.0,472.5
Manual-BG-RPI3@0ms_n,Manual-BG-RPI3,data/negatives_general/Manual-BG-RPI3.wav,train,0.0,1.5
Manual-BG-RPI3@750ms_n,Manual-BG-RPI3,data/negatives_general/Manual-BG-RPI3.wav,train,0.75,2.25
Manual-BG-RPI3@1500ms_n,Manual-BG-RPI3,data/negatives_general/Manual-BG-RPI3.wav,train,1.5,3.0
Manual-BG-RPI3@2250ms_n,Manual-BG-RPI3,data/negatives_general/Manual-BG-RPI3.wav,train,2.25,3.75
Manual-BG-RPI3@3000ms_n,Manual-BG-RPI3,data/negatives_general/Manual-BG-RPI3.wav,train,3.0,4.5
Manual-BG-RPI3@3750ms_n,Manual-BG-RPI3,data/negatives_general/Manual-BG-RPI3.wav,train,3.75,5.25
Manual-BG-RPI3@4500ms_n,Manual-BG-RPI3,data/negatives_general/Manual-BG-RPI3.wav,train,4.5,6.0
Manual-BG-RPI3@5250ms_n,Manual-BG-RPI3,data/negatives_general/Manual-BG-RPI3.wav,train,5.25,6.75
Manual-BG-RPI3@6000ms_n,Manual-BG-RPI3,data/negatives_general/Manual-BG-RPI3.wav,train,6.0,7.5
Manual-BG-RPI3@6750ms_n,Manual-BG-RPI3,data/negatives_general/Manual-BG-RPI3.wav,train,6.75,8.25
Manual-BG-RPI3@7500ms_n,Manual-BG-RPI3,data/negatives_general/Manual-BG-RPI3.wav,train,7.5,9.0
Manual-BG-RPI3@8250ms_n,Manual-BG-RPI3,data/negatives_general/Manual-BG-RPI3.wav,train,8.25,9.75
Manual-BG-RPI3@9000ms_n,Manual-BG-RPI3,data/negatives_general/Manual-BG-RPI3.wav,train,9.0,10.5
Manual-BG-RPI3@9750ms_n,Manual-BG-RPI3,data/negatives_general/Manual-BG-RPI3.wav,train,9.75,11.25
Manual-BG-RPI5@0ms_n,Manual-BG-RPI5,data/negatives_general/Manual-BG-RPI5.wav,train,0.0,1.5
Manual-BG-RPI5@750ms_n,Manual-BG-RPI5,data/negatives_general/Manual-BG-RPI5.wav,train,0.75,2.25
Manual-BG-RPI5@1500ms_n,Manual-BG-RPI5,data/negatives_general/Manual-BG-RPI5.wav,train,1.5,3.0
Manual-BG-RPI5@2250ms_n,Manual-BG-RPI5,data/negatives_general/Manual-BG-RPI5.wav,train,2.25,3.75
Manual-BG-RPI5@3000ms_n,Manual-BG-RPI5,data/negatives_general/Manual-BG-RPI5.wav,train,3.0,4.5
Manual-BG-RPI5@3750ms_n,Manual-BG-RPI5,data/negatives_general/Manual-BG-RPI5.wav,train,3.75,5.25
Manual-BG-RPI5@4500ms_n,Manual-BG-RPI5,data/negatives_general/Manual-BG-RPI5.wav,train,4.5,6.0
Manual-BG-RPI5@5250ms_n,Manual-BG-RPI5,data/negatives_general/Manual-BG-RPI5.wav,train,5.25,6.75
Manual-BG-RPI5@6000ms_n,Manual-BG-RPI5,data/negatives_general/Manual-BG-RPI5.wav,train,6.0,7.5
Manual-BG-RPI5@6750ms_n,Manual-BG-RPI5,data/negatives_general/Manual-BG-RPI5.wav,train,6.75,8.25
Manual-BG-RPI5@7500ms_n,Manual-BG-RPI5,data/negatives_general/Manual-BG-RPI5.wav,train,7.5,9.0
Manual-BG-RPI5@8250ms_n,Manual-BG-RPI5,data/negatives_general/Manual-BG-RPI5.wav,train,8.25,9.75
Manual-BG-RPI5@9000ms_n,Manual-BG-RPI5,data/negatives_general/Manual-BG-RPI5.wav,train,9.0,10.5
Manual-BG-RPI5@9750ms_n,Manual-BG-RPI5,data/negatives_general/Manual-BG-RPI5.wav,train,9.75,11.25
Manual-BG-RPI5@10500ms_n,Manual-BG-RPI5,data/negatives_general/Manual-BG-RPI5.wav,train,10.5,12.0
Manual-BG-RPI5@11250ms_n,Manual-BG-RPI5,data/negatives_general/Manual-BG-RPI5.wav,train,11.25,12.75
Manual-BG-RPI5@12000ms_n,Manual-BG-RPI5,data/negatives_general/Manual-BG-RPI5.wav,train,12.0,13.5
Manual-BG-RPI5@12750ms_n,Manual-BG-RPI5,data/negatives_general/Manual-BG-RPI5.wav,train,12.75,14.25
Manual-BG-RPI5@13500ms_n,Manual-BG-RPI5,data/negatives_general/Manual-BG-RPI5.wav,train,13.5,15.0
Manual-BG-RPI5@14250ms_n,Manual-BG-RPI5,data/negatives_general/Manual-BG-RPI5.wav,train,14.25,15.75
Manual-BG-RPI5@15000ms_n,Manual-BG-RPI5,data/negatives_general/Manual-BG-RPI5.wav,train,15.0,16.5
Manual-BG-RPI5@15750ms_n,Manual-BG-RPI5,data/negatives_general/Manual-BG-RPI5.wav,train,15.75,17.25
Manual-BG-RPI5@16500ms_n,Manual-BG-RPI5,data/negatives_general/Manual-BG-RPI5.wav,train,16.5,18.0
Manual-BG-RPI5@17250ms_n,Manual-BG-RPI5,data/negatives_general/Manual-BG-RPI5.wav,train,17.25,18.75
Manual-BG-RPI5@18000ms_n,Manual-BG-RPI5,data/negatives_general/Manual-BG-RPI5.wav,train,18.0,19.5
Manual-BG-RPI5@18750ms_n,Manual-BG-RPI5,data/negatives_general/Manual-BG-RPI5.wav,train,18.75,20.25
Manual-BG-RPI5@19500ms_n,Manual-BG-RPI5,data/negatives_general/Manual-BG-RPI5.wav,train,19.5,21.0
Manual-BG-RPI5@20250ms_n,Manual-BG-RPI5,data/negatives_general/Manual-BG-RPI5.wav,train,20.25,21.75
Manual-BG-RPI5@21000ms_n,Manual-BG-RPI5,data/negatives_general/Manual-BG-RPI5.wav,train,21.0,22.5
Manual-BG-RPI5@21750ms_n,Manual-BG-RPI5,data/negatives_general/Manual-BG-RPI5.wav,train,21.75,23.25
Manual-BG-RPI5@22500ms_n,Manual-BG-RPI5,data/negatives_general/Manual-BG-RPI5.wav,train,22.5,24.0
Manual-BG-RPI5@23250ms_n,Manual-BG-RPI5,data/negatives_general/Manual-BG-RPI5.wav,train,23.25,24.75
Manual-BG-RPI5@24000ms_n,Manual-BG-RPI5,data/negatives_general/Manual-BG-RPI5.wav,train,24.0,25.5
Manual-BG-RPI5@24750ms_n,Manual-BG-RPI5,data/negatives_general/Manual-BG-RPI5.wav,train,24.75,26.25
Manual-BG-RPI5@25500ms_n,Manual-BG-RPI5,data/negatives_general/Manual-BG-RPI5.wav,train,25.5,27.0
Manual-BG-RPI5@26250ms_n,Manual-BG-RPI5,data/negatives_general/Manual-BG-RPI5.wav,train,26.25,27.75
Manual-BG-RPI5@27000ms_n,Manual-BG-RPI5,data/negatives_general/Manual-BG-RPI5.wav,train,27.0,28.5
Manual-BG-RPI5@27750ms_n,Manual-BG-RPI5,data/negatives_general/Manual-BG-RPI5.wav,train,27.75,29.25
Manual-BG-RPI5@28500ms_n,Manual-BG-RPI5,data/negatives_general/Manual-BG-RPI5.wav,train,28.5,30.0
Manual-BG-RPI5@29250ms_n,Manual-BG-RPI5,data/negatives_general/Manual-BG-RPI5.wav,train,29.25,30.75
Manual-BG-RPI6@0ms_n,Manual-BG-RPI6,data/negatives_general/Manual-BG-RPI6.wav,train,0.0,1.5
Manual-BG-RPI6@750ms_n,Manual-BG-RPI6,data/negatives_general/Manual-BG-RPI6.wav,train,0.75,2.25
Manual-BG-RPI6@1500ms_n,Manual-BG-RPI6,data/negatives_general/Manual-BG-RPI6.wav,train,1.5,3.0
Manual-BG-RPI6@2250ms_n,Manual-BG-RPI6,data/negatives_general/Manual-BG-RPI6.wav,train,2.25,3.75
Manual-BG-RPI6@3000ms_n,Manual-BG-RPI6,data/negatives_general/Manual-BG-RPI6.wav,train,3.0,4.5
Manual-BG-RPI6@3750ms_n,Manual-BG-RPI6,data/negatives_general/Manual-BG-RPI6.wav,train,3.75,5.25
Manual-BG-RPI6@4500ms_n,Manual-BG-RPI6,data/negatives_general/Manual-BG-RPI6.wav,train,4.5,6.0
Manual-BG-RPI6@5250ms_n,Manual-BG-RPI6,data/negatives_general/Manual-BG-RPI6.wav,train,5.25,6.75
Manual-BG-RPI6@6000ms_n,Manual-BG-RPI6,data/negatives_general/Manual-BG-RPI6.wav,train,6.0,7.5
Manual-BG-RPI6@6750ms_n,Manual-BG-RPI6,data/negatives_general/Manual-BG-RPI6.wav,train,6.75,8.25
Manual-BG-RPI6@7500ms_n,Manual-BG-RPI6,data/negatives_general/Manual-BG-RPI6.wav,train,7.5,9.0
Manual-BG-RPI6@8250ms_n,Manual-BG-RPI6,data/negatives_general/Manual-BG-RPI6.wav,train,8.25,9.75
Manual-BG-RPI6@9000ms_n,Manual-BG-RPI6,data/negatives_general/Manual-BG-RPI6.wav,train,9.0,10.5
Manual-BG-RPI6@9750ms_n,Manual-BG-RPI6,data/negatives_general/Manual-BG-RPI6.wav,train,9.75,11.25
Manual-BG-RPI6@10500ms_n,Manual-BG-RPI6,data/negatives_general/Manual-BG-RPI6.wav,train,10.5,12.0
Manual-BG-RPI6@11250ms_n,Manual-BG-RPI6,data/negatives_general/Manual-BG-RPI6.wav,train,11.25,12.75
Manual-BG-RPI6@12000ms_n,Manual-BG-RPI6,data/negatives_general/Manual-BG-RPI6.wav,train,12.0,13.5
Manual-BG-RPI6@12750ms_n,Manual-BG-RPI6,data/negatives_general/Manual-BG-RPI6.wav,train,12.75,14.25
Manual-BG-RPI6@13500ms_n,Manual-BG-RPI6,data/negatives_general/Manual-BG-RPI6.wav,train,13.5,15.0
Manual-BG-RPI6@14250ms_n,Manual-BG-RPI6,data/negatives_general/Manual-BG-RPI6.wav,train,14.25,15.75
Manual-BG-RPI6@15000ms_n,Manual-BG-RPI6,data/negatives_general/Manual-BG-RPI6.wav,train,15.0,16.5
Manual-BG-RPI6@15750ms_n,Manual-BG-RPI6,data/negatives_general/Manual-BG-RPI6.wav,train,15.75,17.25
Manual-BG-RPI6@16500ms_n,Manual-BG-RPI6,data/negatives_general/Manual-BG-RPI6.wav,train,16.5,18.0
Manual-BG-RPI6@17250ms_n,Manual-BG-RPI6,data/negatives_general/Manual-BG-RPI6.wav,train,17.25,18.75
Manual-BG-RPI6@18000ms_n,Manual-BG-RPI6,data/negatives_general/Manual-BG-RPI6.wav,train,18.0,19.5
Manual-BG-RPI6@18750ms_n,Manual-BG-RPI6,data/negatives_general/Manual-BG-RPI6.wav,train,18.75,20.25
Manual-BG-RPI6@19500ms_n,Manual-BG-RPI6,data/negatives_general/Manual-BG-RPI6.wav,train,19.5,21.0
Manual-BG-RPI6@20250ms_n,Manual-BG-RPI6,data/negatives_general/Manual-BG-RPI6.wav,train,20.25,21.75
Manual-BG-RPI6@21000ms_n,Manual-BG-RPI6,data/negatives_general/Manual-BG-RPI6.wav,train,21.0,22.5
Manual-BG-RPI6@21750ms_n,Manual-BG-RPI6,data/negatives_general/Manual-BG-RPI6.wav,train,21.75,23.25
