session,note,file,expected,phrasing,end_reason,duration,speech_start,limit,cut_sec,model,balanced,argmax,prob,outcome
20261001-123944,"living room, quiet",louder/louder_20261001-124018-166.wav,volume_up,Louder,end_of_speech,3.0,1.2,2.5,3.0,bcresnet6,volume_up,volume_up,0.9746,correct
20261001-123944,"living room, quiet",louder/louder_20261001-124018-166.wav,volume_up,Louder,end_of_speech,3.0,1.2,2.5,3.0,bcresnet6_ownernoise,volume_up,volume_up,0.9465,correct
20261001-123944,"living room, quiet",louder/louder_20261001-124018-166.wav,volume_up,Louder,end_of_speech,3.0,1.2,3.0,3.0,bcresnet6,volume_up,volume_up,0.9755,correct
20261001-123944,"living room, quiet",louder/louder_20261001-124018-166.wav,volume_up,Louder,end_of_speech,3.0,1.2,3.0,3.0,bcresnet6_ownernoise,volume_up,volume_up,0.9462,correct
20261001-123944,"living room, quiet",louder/louder_20261001-124018-166.wav,volume_up,Louder,end_of_speech,3.0,1.2,3.5,3.0,bcresnet6,volume_up,volume_up,0.9752,correct
20261001-123944,"living room, quiet",louder/louder_20261001-124018-166.wav,volume_up,Louder,end_of_speech,3.0,1.2,3.5,3.0,bcresnet6_ownernoise,volume_up,volume_up,0.9467,correct
20261001-123944,"living room, quiet",louder/louder_20261001-124018-166.wav,volume_up,Louder,end_of_speech,3.0,1.2,4.0,3.0,bcresnet6,volume_up,volume_up,0.9749,correct
20261001-123944,"living room, quiet",louder/louder_20261001-124018-166.wav,volume_up,Louder,end_of_speech,3.0,1.2,4.0,3.0,bcresnet6_ownernoise,volume_up,volume_up,0.9468,correct
20261001-123944,"living room, quiet",louder/louder_20261001-124018-166.wav,volume_up,Louder,end_of_speech,3.0,1.2,4.5,3.0,bcresnet6,volume_up,volume_up,0.9747,correct
20261001-123944,"living room, quiet",louder/louder_20261001-124018-166.wav,volume_up,Louder,end_of_speech,3.0,1.2,4.5,3.0,bcresnet6_ownernoise,volume_up,volume_up,0.9467,correct
20261001-123944,"living room, quiet",louder/louder_20261001-124018-166.wav,volume_up,Louder,end_of_speech,3.0,1.2,6.0,3.0,bcresnet6,volume_up,volume_up,0.9756,correct
20261001-123944,"living room, quiet",louder/louder_20261001-124018-166.wav,volume_up,Louder,end_of_speech,3.0,1.2,6.0,3.0,bcresnet6_ownernoise,volume_up,volume_up,0.9464,correct
20261001-123944,"living room, quiet",play/play_20261001-124026-584.wav,play,Play,end_of_speech,2.6,1.26,2.5,2.6,bcresnet6,play,play,0.9843,correct
20261001-123944,"living room, quiet",play/play_20261001-124026-584.wav,play,Play,end_of_speech,2.6,1.26,2.5,2.6,bcresnet6_ownernoise,play,play,0.9814,correct
20261001-123944,"living room, quiet",play/play_20261001-124026-584.wav,play,Play,end_of_speech,2.6,1.26,3.0,2.6,bcresnet6,play,play,0.9839,correct
20261001-123944,"living room, quiet",play/play_20261001-124026-584.wav,play,Play,end_of_speech,2.6,1.26,3.0,2.6,bcresnet6_ownernoise,play,play,0.9818,correct
20261001-123944,"living room, quiet",play/play_20261001-124026-584.wav,play,Play,end_of_speech,2.6,1.26,3.5,2.6,bcresnet6,play,play,0.9842,correct
20261001-123944,"living room, quiet",play/play_20261001-124026-584.wav,play,Play,end_of_speech,2.6,1.26,3.5,2.6,bcresnet6_ownernoise,play,play,0.9818,correct
20261001-123944,"living room, quiet",play/play_20261001-124026-584.wav,play,Play,end_of_speech,2.6,1.26,4.0,2.6,bcresnet6,play,play,0.9843,correct
20261001-123944,"living room, quiet",play/play_20261001-124026-584.wav,play,Play,end_of_speech,2.6,1.26,4.0,2.6,bcresnet6_ownernoise,play,play,0.9821,correct
20261001-123944,"living room, quiet",play/play_20261001-124026-584.wav,play,Play,end_of_speech,2.6,1.26,4.5,2.6,bcresnet6,play,play,0.984,correct
20261001-123944,"living room, quiet",play/play_20261001-124026-584.wav,play,Play,end_of_speech,2.6,1.26,4.5,2.6,bcresnet6_ownernoise,play,play,0.9817,correct
20261001-123944,"living room, quiet",play/play_20261001-124026-584.wav,play,Play,end_of_speech,2.6,1.26,6.0,2.6,bcresnet6,play,play,0.9843,correct
20261001-123944,"living room, quiet",play/play_20261001-124026-584.wav,play,Play,end_of_speech,2.6,1.26,6.0,2.6,bcresnet6_ownernoise,play,play,0.9814,correct
20261001-123944,"living room, quiet",unknown_other/unknown_other_20261001-124039-859.wav,unknown,(say something that is NOT a command),end_of_speech,3.1,1.12,2.5,3.1,bcresnet6,unknown,unknown,0.926,correct
20261001-123944,"living room, quiet",unknown_other/unknown_other_20261001-124039-859.wav,unknown,(say something that is NOT a command),end_of_speech,3.1,1.12,2.5,3.1,bcresnet6_ownernoise,unknown,unknown,0.6246,correct
20261001-123944,"living room, quiet",unknown_other/unknown_other_20261001-124039-859.wav,unknown,(say something that is NOT a command),end_of_speech,3.1,1.12,3.0,3.1,bcresnet6,unknown,unknown,0.928,correct
20261001-123944,"living room, quiet",unknown_other/unknown_other_20261001-124039-859.wav,unknown,(say something that is NOT a command),end_of_speech,3.1,1.12,3.0,3.1,bcresnet6_ownernoise,unknown,unknown,0.6142,correct
20261001-123944,"living room, quiet",unknown_other/unknown_other_20261001-124039-859.wav,unknown,(say something that is NOT a command),end_of_speech,3.1,1.12,3.5,3.1,bcresnet6,unknown,unknown,0.9289,correct
20261001-123944,"living room, quiet",unknown_other/unknown_other_20261001-124039-859.wav,unknown,(say something that is NOT a command),end_of_speech,3.1,1.12,3.5,3.1,bcresnet6_ownernoise,unknown,unknown,0.6243,correct
20261001-123944,"living room, quiet",unknown_other/unknown_other_20261001-124039-859.wav,unknown,(say something that is NOT a command),end_of_speech,3.1,1.12,4.0,3.1,bcresnet6,unknown,unknown,0.9276,correct
20261001-123944,"living room, quiet",unknown_other/unknown_other_20261001-124039-859.wav,unknown,(say something that is NOT a command),end_of_speech,3.1,1.12,4.0,3.1,bcresnet6_ownernoise,unknown,unknown,0.6185,correct
20261001-123944,"living room, quiet",unknown_other/unknown_other_20261001-124039-859.wav,unknown,(say something that is NOT a command),end_of_speech,3.1,1.12,4.5,3.1,bcresnet6,unknown,unknown,0.9267,correct
20261001-123944,"living room, quiet",unknown_other/unknown_other_20261001-124039-859.wav,unknown,(say something that is NOT a command),end_of_speech,3.1,1.12,4.5,3.1,bcresnet6_ownernoise,unknown,unknown,0.6285,correct
20261001-123944,"living room, quiet",unknown_other/unknown_other_20261001-124039-859.wav,unknown,(say something that is NOT a command),end_of_speech,3.1,1.12,6.0,3.1,bcresnet6,unknown,unknown,0.9284,correct
20261001-123944,"living room, quiet",unknown_other/unknown_other_20261001-124039-859.wav,unknown,(say something that is NOT a command),end_of_speech,3.1,1.12,6.0,3.1,bcresnet6_ownernoise,unknown,unknown,0.6079,correct
20261001-123944,"living room, quiet",remind_trash/remind_trash_20261001-124049-808.wav,remind_trash,Remind me to take out the trash,end_of_speech,4.0,1.26,2.5,3.76,bcresnet6,remind_trash,remind_trash,0.9961,correct
20261001-123944,"living room, quiet",remind_trash/remind_trash_20261001-124049-808.wav,remind_trash,Remind me to take out the trash,end_of_speech,4.0,1.26,2.5,3.76,bcresnet6_ownernoise,remind_trash,remind_trash,0.9865,correct
20261001-123944,"living room, quiet",remind_trash/remind_trash_20261001-124049-808.wav,remind_trash,Remind me to take out the trash,end_of_speech,4.0,1.26,3.0,4.0,bcresnet6,remind_trash,remind_trash,0.9962,correct
20261001-123944,"living room, quiet",remind_trash/remind_trash_20261001-124049-808.wav,remind_trash,Remind me to take out the trash,end_of_speech,4.0,1.26,3.0,4.0,bcresnet6_ownernoise,remind_trash,remind_trash,0.9873,correct
20261001-123944,"living room, quiet",remind_trash/remind_trash_20261001-124049-808.wav,remind_trash,Remind me to take out the trash,end_of_speech,4.0,1.26,3.5,4.0,bcresnet6,remind_trash,remind_trash,0.9962,correct
20261001-123944,"living room, quiet",remind_trash/remind_trash_20261001-124049-808.wav,remind_trash,Remind me to take out the trash,end_of_speech,4.0,1.26,3.5,4.0,bcresnet6_ownernoise,remind_trash,remind_trash,0.9872,correct
20261001-123944,"living room, quiet",remind_trash/remind_trash_20261001-124049-808.wav,remind_trash,Remind me to take out the trash,end_of_speech,4.0,1.26,4.0,4.0,bcresnet6,remind_trash,remind_trash,0.9962,correct
20261001-123944,"living room, quiet",remind_trash/remind_trash_20261001-124049-808.wav,remind_trash,Remind me to take out the trash,end_of_speech,4.0,1.26,4.0,4.0,bcresnet6_ownernoise,remind_trash,remind_trash,0.9872,correct
20261001-123944,"living room, quiet",remind_trash/remind_trash_20261001-124049-808.wav,remind_trash,Remind me to take out the trash,end_of_speech,4.0,1.26,4.5,4.0,bcresnet6,remind_trash,remind_trash,0.9962,correct
20261001-123944,"living room, quiet",remind_trash/remind_trash_20261001-124049-808.wav,remind_trash,Remind me to take out the trash,end_of_speech,4.0,1.26,4.5,4.0,bcresnet6_ownernoise,remind_trash,remind_trash,0.9872,correct
20261001-123944,"living room, quiet",remind_trash/remind_trash_20261001-124049-808.wav,remind_trash,Remind me to take out the trash,end_of_speech,4.0,1.26,6.0,4.0,bcresnet6,remind_trash,remind_trash,0.9962,correct
20261001-123944,"living room, quiet",remind_trash/remind_trash_20261001-124049-808.wav,remind_trash,Remind me to take out the trash,end_of_speech,4.0,1.26,6.0,4.0,bcresnet6_ownernoise,remind_trash,remind_trash,0.9873,correct
20261001-123944,"living room, quiet",dim_lights_50/dim_lights_50_20261001-124101-675.wav,dim_lights_50,Dim lights to 50%,end_of_speech,3.8,1.2,2.5,3.7,bcresnet6,dim_lights_50,dim_lights_50,0.9644,correct
20261001-123944,"living room, quiet",dim_lights_50/dim_lights_50_20261001-124101-675.wav,dim_lights_50,Dim lights to 50%,end_of_speech,3.8,1.2,2.5,3.7,bcresnet6_ownernoise,dim_lights_50,dim_lights_50,0.9765,correct
20261001-123944,"living room, quiet",dim_lights_50/dim_lights_50_20261001-124101-675.wav,dim_lights_50,Dim lights to 50%,end_of_speech,3.8,1.2,3.0,3.8,bcresnet6,dim_lights_50,dim_lights_50,0.9644,correct
20261001-123944,"living room, quiet",dim_lights_50/dim_lights_50_20261001-124101-675.wav,dim_lights_50,Dim lights to 50%,end_of_speech,3.8,1.2,3.0,3.8,bcresnet6_ownernoise,dim_lights_50,dim_lights_50,0.9766,correct
20261001-123944,"living room, quiet",dim_lights_50/dim_lights_50_20261001-124101-675.wav,dim_lights_50,Dim lights to 50%,end_of_speech,3.8,1.2,3.5,3.8,bcresnet6,dim_lights_50,dim_lights_50,0.9645,correct
20261001-123944,"living room, quiet",dim_lights_50/dim_lights_50_20261001-124101-675.wav,dim_lights_50,Dim lights to 50%,end_of_speech,3.8,1.2,3.5,3.8,bcresnet6_ownernoise,dim_lights_50,dim_lights_50,0.9769,correct
20261001-123944,"living room, quiet",dim_lights_50/dim_lights_50_20261001-124101-675.wav,dim_lights_50,Dim lights to 50%,end_of_speech,3.8,1.2,4.0,3.8,bcresnet6,dim_lights_50,dim_lights_50,0.9645,correct
20261001-123944,"living room, quiet",dim_lights_50/dim_lights_50_20261001-124101-675.wav,dim_lights_50,Dim lights to 50%,end_of_speech,3.8,1.2,4.0,3.8,bcresnet6_ownernoise,dim_lights_50,dim_lights_50,0.9771,correct
20261001-123944,"living room, quiet",dim_lights_50/dim_lights_50_20261001-124101-675.wav,dim_lights_50,Dim lights to 50%,end_of_speech,3.8,1.2,4.5,3.8,bcresnet6,dim_lights_50,dim_lights_50,0.9649,correct
20261001-123944,"living room, quiet",dim_lights_50/dim_lights_50_20261001-124101-675.wav,dim_lights_50,Dim lights to 50%,end_of_speech,3.8,1.2,4.5,3.8,bcresnet6_ownernoise,dim_lights_50,dim_lights_50,0.9766,correct
20261001-123944,"living room, quiet",dim_lights_50/dim_lights_50_20261001-124101-675.wav,dim_lights_50,Dim lights to 50%,end_of_speech,3.8,1.2,6.0,3.8,bcresnet6,dim_lights_50,dim_lights_50,0.964,correct
20261001-123944,"living room, quiet",dim_lights_50/dim_lights_50_20261001-124101-675.wav,dim_lights_50,Dim lights to 50%,end_of_speech,3.8,1.2,6.0,3.8,bcresnet6_ownernoise,dim_lights_50,dim_lights_50,0.9773,correct
20261001-123944,"living room, quiet",next/next_20261001-124106-732.wav,next,Next,end_of_speech,2.5,,2.5,2.5,bcresnet6,next,next,0.9887,correct
20261001-123944,"living room, quiet",next/next_20261001-124106-732.wav,next,Next,end_of_speech,2.5,,2.5,2.5,bcresnet6_ownernoise,next,next,0.9961,correct
20261001-123944,"living room, quiet",next/next_20261001-124106-732.wav,next,Next,end_of_speech,2.5,,3.0,2.5,bcresnet6,next,next,0.9881,correct
20261001-123944,"living room, quiet",next/next_20261001-124106-732.wav,next,Next,end_of_speech,2.5,,3.0,2.5,bcresnet6_ownernoise,next,next,0.9962,correct
20261001-123944,"living room, quiet",next/next_20261001-124106-732.wav,next,Next,end_of_speech,2.5,,3.5,2.5,bcresnet6,next,next,0.9883,correct
20261001-123944,"living room, quiet",next/next_20261001-124106-732.wav,next,Next,end_of_speech,2.5,,3.5,2.5,bcresnet6_ownernoise,next,next,0.9961,correct
20261001-123944,"living room, quiet",next/next_20261001-124106-732.wav,next,Next,end_of_speech,2.5,,4.0,2.5,bcresnet6,next,next,0.9879,correct
20261001-123944,"living room, quiet",next/next_20261001-124106-732.wav,next,Next,end_of_speech,2.5,,4.0,2.5,bcresnet6_ownernoise,next,next,0.9962,correct
20261001-123944,"living room, quiet",next/next_20261001-124106-732.wav,next,Next,end_of_speech,2.5,,4.5,2.5,bcresnet6,next,next,0.9881,correct
20261001-123944,"living room, quiet",next/next_20261001-124106-732.wav,next,Next,end_of_speech,2.5,,4.5,2.5,bcresnet6_ownernoise,next,next,0.9962,correct
20261001-123944,"living room, quiet",next/next_20261001-124106-732.wav,next,Next,end_of_speech,2.5,,6.0,2.5,bcresnet6,next,next,0.9881,correct
20261001-123944,"living room, quiet",next/next_20261001-124106-732.wav,next,Next,end_of_speech,2.5,,6.0,2.5,bcresnet6_ownernoise,next,next,0.9962,correct
20261001-123944,"living room, quiet",play_music/play_music_20261001-124111-107.wav,play_music,Play music,end_of_speech,2.9,0.56,2.5,2.9,bcresnet6,play_music,play_music,0.9596,correct
20261001-123944,"living room, quiet",play_music/play_music_20261001-124111-107.wav,play_music,Play music,end_of_speech,2.9,0.56,2.5,2.9,bcresnet6_ownernoise,play_music,play_music,0.9749,correct
20261001-123944,"living room, quiet",play_music/play_music_20261001-124111-107.wav,play_music,Play music,end_of_speech,2.9,0.56,3.0,2.9,bcresnet6,play_music,play_music,0.9598,correct
20261001-123944,"living room, quiet",play_music/play_music_20261001-124111-107.wav,play_music,Play music,end_of_speech,2.9,0.56,3.0,2.9,bcresnet6_ownernoise,play_music,play_music,0.9743,correct
20261001-123944,"living room, quiet",play_music/play_music_20261001-124111-107.wav,play_music,Play music,end_of_speech,2.9,0.56,3.5,2.9,bcresnet6,play_music,play_music,0.9599,correct
20261001-123944,"living room, quiet",play_music/play_music_20261001-124111-107.wav,play_music,Play music,end_of_speech,2.9,0.56,3.5,2.9,bcresnet6_ownernoise,play_music,play_music,0.9746,correct
20261001-123944,"living room, quiet",play_music/play_music_20261001-124111-107.wav,play_music,Play music,end_of_speech,2.9,0.56,4.0,2.9,bcresnet6,play_music,play_music,0.9591,correct
20261001-123944,"living room, quiet",play_music/play_music_20261001-124111-107.wav,play_music,Play music,end_of_speech,2.9,0.56,4.0,2.9,bcresnet6_ownernoise,play_music,play_music,0.9745,correct
20261001-123944,"living room, quiet",play_music/play_music_20261001-124111-107.wav,play_music,Play music,end_of_speech,2.9,0.56,4.5,2.9,bcresnet6,play_music,play_music,0.9595,correct
20261001-123944,"living room, quiet",play_music/play_music_20261001-124111-107.wav,play_music,Play music,end_of_speech,2.9,0.56,4.5,2.9,bcresnet6_ownernoise,play_music,play_music,0.9741,correct
20261001-123944,"living room, quiet",play_music/play_music_20261001-124111-107.wav,play_music,Play music,end_of_speech,2.9,0.56,6.0,2.9,bcresnet6,play_music,play_music,0.9599,correct
20261001-123944,"living room, quiet",play_music/play_music_20261001-124111-107.wav,play_music,Play music,end_of_speech,2.9,0.56,6.0,2.9,bcresnet6_ownernoise,play_music,play_music,0.9744,correct
20261001-123944,"living room, quiet",set_alarm_6am/set_alarm_6am_20261001-124117-394.wav,set_alarm_6am,Set an alarm at 6 AM,end_of_speech,4.2,1.7,2.5,4.2,bcresnet6,set_alarm_6am,set_alarm_6am,0.9813,correct
20261001-123944,"living room, quiet",set_alarm_6am/set_alarm_6am_20261001-124117-394.wav,set_alarm_6am,Set an alarm at 6 AM,end_of_speech,4.2,1.7,2.5,4.2,bcresnet6_ownernoise,set_alarm_6am,set_alarm_6am,0.9903,correct
20261001-123944,"living room, quiet",set_alarm_6am/set_alarm_6am_20261001-124117-394.wav,set_alarm_6am,Set an alarm at 6 AM,end_of_speech,4.2,1.7,3.0,4.2,bcresnet6,set_alarm_6am,set_alarm_6am,0.9808,correct
20261001-123944,"living room, quiet",set_alarm_6am/set_alarm_6am_20261001-124117-394.wav,set_alarm_6am,Set an alarm at 6 AM,end_of_speech,4.2,1.7,3.0,4.2,bcresnet6_ownernoise,set_alarm_6am,set_alarm_6am,0.9903,correct
20261001-123944,"living room, quiet",set_alarm_6am/set_alarm_6am_20261001-124117-394.wav,set_alarm_6am,Set an alarm at 6 AM,end_of_speech,4.2,1.7,3.5,4.2,bcresnet6,set_alarm_6am,set_alarm_6am,0.981,correct
20261001-123944,"living room, quiet",set_alarm_6am/set_alarm_6am_20261001-124117-394.wav,set_alarm_6am,Set an alarm at 6 AM,end_of_speech,4.2,1.7,3.5,4.2,bcresnet6_ownernoise,set_alarm_6am,set_alarm_6am,0.9903,correct
20261001-123944,"living room, quiet",set_alarm_6am/set_alarm_6am_20261001-124117-394.wav,set_alarm_6am,Set an alarm at 6 AM,end_of_speech,4.2,1.7,4.0,4.2,bcresnet6,set_alarm_6am,set_alarm_6am,0.9809,correct
20261001-123944,"living room, quiet",set_alarm_6am/set_alarm_6am_20261001-124117-394.wav,set_alarm_6am,Set an alarm at 6 AM,end_of_speech,4.2,1.7,4.0,4.2,bcresnet6_ownernoise,set_alarm_6am,set_alarm_6am,0.9903,correct
20261001-123944,"living room, quiet",set_alarm_6am/set_alarm_6am_20261001-124117-394.wav,set_alarm_6am,Set an alarm at 6 AM,end_of_speech,4.2,1.7,4.5,4.2,bcresnet6,set_alarm_6am,set_alarm_6am,0.9805,correct
20261001-123944,"living room, quiet",set_alarm_6am/set_alarm_6am_20261001-124117-394.wav,set_alarm_6am,Set an alarm at 6 AM,end_of_speech,4.2,1.7,4.5,4.2,bcresnet6_ownernoise,set_alarm_6am,set_alarm_6am,0.9905,correct
20261001-123944,"living room, quiet",set_alarm_6am/set_alarm_6am_20261001-124117-394.wav,set_alarm_6am,Set an alarm at 6 AM,end_of_speech,4.2,1.7,6.0,4.2,bcresnet6,set_alarm_6am,set_alarm_6am,0.9805,correct
20261001-123944,"living room, quiet",set_alarm_6am/set_alarm_6am_20261001-124117-394.wav,set_alarm_6am,Set an alarm at 6 AM,end_of_speech,4.2,1.7,6.0,4.2,bcresnet6_ownernoise,set_alarm_6am,set_alarm_6am,0.9905,correct
20261001-123944,"living room, quiet",set_timer_10/set_timer_10_20261001-124123-072.wav,set_timer_10,Set a timer for 10 minutes,end_of_speech,3.7,1.56,2.5,3.7,bcresnet6,set_timer_10,set_timer_10,0.9832,correct
20261001-123944,"living room, quiet",set_timer_10/set_timer_10_20261001-124123-072.wav,set_timer_10,Set a timer for 10 minutes,end_of_speech,3.7,1.56,2.5,3.7,bcresnet6_ownernoise,set_timer_10,set_timer_10,0.9824,correct
20261001-123944,"living room, quiet",set_timer_10/set_timer_10_20261001-124123-072.wav,set_timer_10,Set a timer for 10 minutes,end_of_speech,3.7,1.56,3.0,3.7,bcresnet6,set_timer_10,set_timer_10,0.983,correct
20261001-123944,"living room, quiet",set_timer_10/set_timer_10_20261001-124123-072.wav,set_timer_10,Set a timer for 10 minutes,end_of_speech,3.7,1.56,3.0,3.7,bcresnet6_ownernoise,set_timer_10,set_timer_10,0.9822,correct
20261001-123944,"living room, quiet",set_timer_10/set_timer_10_20261001-124123-072.wav,set_timer_10,Set a timer for 10 minutes,end_of_speech,3.7,1.56,3.5,3.7,bcresnet6,set_timer_10,set_timer_10,0.9825,correct
20261001-123944,"living room, quiet",set_timer_10/set_timer_10_20261001-124123-072.wav,set_timer_10,Set a timer for 10 minutes,end_of_speech,3.7,1.56,3.5,3.7,bcresnet6_ownernoise,set_timer_10,set_timer_10,0.982,correct
20261001-123944,"living room, quiet",set_timer_10/set_timer_10_20261001-124123-072.wav,set_timer_10,Set a timer for 10 minutes,end_of_speech,3.7,1.56,4.0,3.7,bcresnet6,set_timer_10,set_timer_10,0.983,correct
20261001-123944,"living room, quiet",set_timer_10/set_timer_10_20261001-124123-072.wav,set_timer_10,Set a timer for 10 minutes,end_of_speech,3.7,1.56,4.0,3.7,bcresnet6_ownernoise,set_timer_10,set_timer_10,0.9823,correct
20261001-123944,"living room, quiet",set_timer_10/set_timer_10_20261001-124123-072.wav,set_timer_10,Set a timer for 10 minutes,end_of_speech,3.7,1.56,4.5,3.7,bcresnet6,set_timer_10,set_timer_10,0.9832,correct
20261001-123944,"living room, quiet",set_timer_10/set_timer_10_20261001-124123-072.wav,set_timer_10,Set a timer for 10 minutes,end_of_speech,3.7,1.56,4.5,3.7,bcresnet6_ownernoise,set_timer_10,set_timer_10,0.9823,correct
20261001-123944,"living room, quiet",set_timer_10/set_timer_10_20261001-124123-072.wav,set_timer_10,Set a timer for 10 minutes,end_of_speech,3.7,1.56,6.0,3.7,bcresnet6,set_timer_10,set_timer_10,0.9833,correct
20261001-123944,"living room, quiet",set_timer_10/set_timer_10_20261001-124123-072.wav,set_timer_10,Set a timer for 10 minutes,end_of_speech,3.7,1.56,6.0,3.7,bcresnet6_ownernoise,set_timer_10,set_timer_10,0.9823,correct
20261001-123944,"living room, quiet",party/party_20261001-124127-825.wav,party,Party party,end_of_speech,2.7,1.48,2.5,2.7,bcresnet6,party,party,0.9915,correct
20261001-123944,"living room, quiet",party/party_20261001-124127-825.wav,party,Party party,end_of_speech,2.7,1.48,2.5,2.7,bcresnet6_ownernoise,party,party,0.9886,correct
20261001-123944,"living room, quiet",party/party_20261001-124127-825.wav,party,Party party,end_of_speech,2.7,1.48,3.0,2.7,bcresnet6,party,party,0.9914,correct
20261001-123944,"living room, quiet",party/party_20261001-124127-825.wav,party,Party party,end_of_speech,2.7,1.48,3.0,2.7,bcresnet6_ownernoise,party,party,0.9886,correct
20261001-123944,"living room, quiet",party/party_20261001-124127-825.wav,party,Party party,end_of_speech,2.7,1.48,3.5,2.7,bcresnet6,party,party,0.9915,correct
20261001-123944,"living room, quiet",party/party_20261001-124127-825.wav,party,Party party,end_of_speech,2.7,1.48,3.5,2.7,bcresnet6_ownernoise,party,party,0.9886,correct
20261001-123944,"living room, quiet",party/party_20261001-124127-825.wav,party,Party party,end_of_speech,2.7,1.48,4.0,2.7,bcresnet6,party,party,0.9914,correct
20261001-123944,"living room, quiet",party/party_20261001-124127-825.wav,party,Party party,end_of_speech,2.7,1.48,4.0,2.7,bcresnet6_ownernoise,party,party,0.9885,correct
20261001-123944,"living room, quiet",party/party_20261001-124127-825.wav,party,Party party,end_of_speech,2.7,1.48,4.5,2.7,bcresnet6,party,party,0.9915,correct
20261001-123944,"living room, quiet",party/party_20261001-124127-825.wav,party,Party party,end_of_speech,2.7,1.48,4.5,2.7,bcresnet6_ownernoise,party,party,0.9885,correct
20261001-123944,"living room, quiet",party/party_20261001-124127-825.wav,party,Party party,end_of_speech,2.7,1.48,6.0,2.7,bcresnet6,party,party,0.9915,correct
20261001-123944,"living room, quiet",party/party_20261001-124127-825.wav,party,Party party,end_of_speech,2.7,1.48,6.0,2.7,bcresnet6_ownernoise,party,party,0.9885,correct
20261001-123944,"living room, quiet",set_temperature_18/set_temperature_18_20261001-124134-528.wav,set_temperature_18,Set temperature to 18 degrees,end_of_speech,4.3,1.58,2.5,4.08,bcresnet6,set_temperature_18,set_temperature_18,0.9286,correct
20261001-123944,"living room, quiet",set_temperature_18/set_temperature_18_20261001-124134-528.wav,set_temperature_18,Set temperature to 18 degrees,end_of_speech,4.3,1.58,2.5,4.08,bcresnet6_ownernoise,set_temperature_18,set_temperature_18,0.9282,correct
20261001-123944,"living room, quiet",set_temperature_18/set_temperature_18_20261001-124134-528.wav,set_temperature_18,Set temperature to 18 degrees,end_of_speech,4.3,1.58,3.0,4.3,bcresnet6,set_temperature_18,set_temperature_18,0.9213,correct
20261001-123944,"living room, quiet",set_temperature_18/set_temperature_18_20261001-124134-528.wav,set_temperature_18,Set temperature to 18 degrees,end_of_speech,4.3,1.58,3.0,4.3,bcresnet6_ownernoise,set_temperature_18,set_temperature_18,0.9247,correct
20261001-123944,"living room, quiet",set_temperature_18/set_temperature_18_20261001-124134-528.wav,set_temperature_18,Set temperature to 18 degrees,end_of_speech,4.3,1.58,3.5,4.3,bcresnet6,set_temperature_18,set_temperature_18,0.9213,correct
20261001-123944,"living room, quiet",set_temperature_18/set_temperature_18_20261001-124134-528.wav,set_temperature_18,Set temperature to 18 degrees,end_of_speech,4.3,1.58,3.5,4.3,bcresnet6_ownernoise,set_temperature_18,set_temperature_18,0.9236,correct
20261001-123944,"living room, quiet",set_temperature_18/set_temperature_18_20261001-124134-528.wav,set_temperature_18,Set temperature to 18 degrees,end_of_speech,4.3,1.58,4.0,4.3,bcresnet6,set_temperature_18,set_temperature_18,0.9221,correct
20261001-123944,"living room, quiet",set_temperature_18/set_temperature_18_20261001-124134-528.wav,set_temperature_18,Set temperature to 18 degrees,end_of_speech,4.3,1.58,4.0,4.3,bcresnet6_ownernoise,set_temperature_18,set_temperature_18,0.9284,correct
20261001-123944,"living room, quiet",set_temperature_18/set_temperature_18_20261001-124134-528.wav,set_temperature_18,Set temperature to 18 degrees,end_of_speech,4.3,1.58,4.5,4.3,bcresnet6,set_temperature_18,set_temperature_18,0.9226,correct
20261001-123944,"living room, quiet",set_temperature_18/set_temperature_18_20261001-124134-528.wav,set_temperature_18,Set temperature to 18 degrees,end_of_speech,4.3,1.58,4.5,4.3,bcresnet6_ownernoise,set_temperature_18,set_temperature_18,0.9246,correct
20261001-123944,"living room, quiet",set_temperature_18/set_temperature_18_20261001-124134-528.wav,set_temperature_18,Set temperature to 18 degrees,end_of_speech,4.3,1.58,6.0,4.3,bcresnet6,set_temperature_18,set_temperature_18,0.9226,correct
20261001-123944,"living room, quiet",set_temperature_18/set_temperature_18_20261001-124134-528.wav,set_temperature_18,Set temperature to 18 degrees,end_of_speech,4.3,1.58,6.0,4.3,bcresnet6_ownernoise,set_temperature_18,set_temperature_18,0.9263,correct
20261001-123944,"living room, quiet",volume_down/volume_down_20261001-124139-703.wav,volume_down,Volume down,end_of_speech,2.9,1.14,2.5,2.9,bcresnet6,volume_down,volume_down,0.9714,correct
20261001-123944,"living room, quiet",volume_down/volume_down_20261001-124139-703.wav,volume_down,Volume down,end_of_speech,2.9,1.14,2.5,2.9,bcresnet6_ownernoise,volume_down,volume_down,0.9723,correct
20261001-123944,"living room, quiet",volume_down/volume_down_20261001-124139-703.wav,volume_down,Volume down,end_of_speech,2.9,1.14,3.0,2.9,bcresnet6,volume_down,volume_down,0.9713,correct
20261001-123944,"living room, quiet",volume_down/volume_down_20261001-124139-703.wav,volume_down,Volume down,end_of_speech,2.9,1.14,3.0,2.9,bcresnet6_ownernoise,volume_down,volume_down,0.9721,correct
20261001-123944,"living room, quiet",volume_down/volume_down_20261001-124139-703.wav,volume_down,Volume down,end_of_speech,2.9,1.14,3.5,2.9,bcresnet6,volume_down,volume_down,0.9709,correct
20261001-123944,"living room, quiet",volume_down/volume_down_20261001-124139-703.wav,volume_down,Volume down,end_of_speech,2.9,1.14,3.5,2.9,bcresnet6_ownernoise,volume_down,volume_down,0.9725,correct
20261001-123944,"living room, quiet",volume_down/volume_down_20261001-124139-703.wav,volume_down,Volume down,end_of_speech,2.9,1.14,4.0,2.9,bcresnet6,volume_down,volume_down,0.9722,correct
20261001-123944,"living room, quiet",volume_down/volume_down_20261001-124139-703.wav,volume_down,Volume down,end_of_speech,2.9,1.14,4.0,2.9,bcresnet6_ownernoise,volume_down,volume_down,0.9724,correct
20261001-123944,"living room, quiet",volume_down/volume_down_20261001-124139-703.wav,volume_down,Volume down,end_of_speech,2.9,1.14,4.5,2.9,bcresnet6,volume_down,volume_down,0.971,correct
20261001-123944,"living room, quiet",volume_down/volume_down_20261001-124139-703.wav,volume_down,Volume down,end_of_speech,2.9,1.14,4.5,2.9,bcresnet6_ownernoise,volume_down,volume_down,0.972,correct
20261001-123944,"living room, quiet",volume_down/volume_down_20261001-124139-703.wav,volume_down,Volume down,end_of_speech,2.9,1.14,6.0,2.9,bcresnet6,volume_down,volume_down,0.9706,correct
20261001-123944,"living room, quiet",volume_down/volume_down_20261001-124139-703.wav,volume_down,Volume down,end_of_speech,2.9,1.14,6.0,2.9,bcresnet6_ownernoise,volume_down,volume_down,0.9727,correct
20261001-123944,"living room, quiet",pause/pause_20261001-124143-543.wav,pause,Pause,end_of_speech,2.4,1.1,2.5,2.4,bcresnet6,pause,pause,0.9939,correct
20261001-123944,"living room, quiet",pause/pause_20261001-124143-543.wav,pause,Pause,end_of_speech,2.4,1.1,2.5,2.4,bcresnet6_ownernoise,pause,pause,0.9861,correct
20261001-123944,"living room, quiet",pause/pause_20261001-124143-543.wav,pause,Pause,end_of_speech,2.4,1.1,3.0,2.4,bcresnet6,pause,pause,0.9939,correct
20261001-123944,"living room, quiet",pause/pause_20261001-124143-543.wav,pause,Pause,end_of_speech,2.4,1.1,3.0,2.4,bcresnet6_ownernoise,pause,pause,0.986,correct
20261001-123944,"living room, quiet",pause/pause_20261001-124143-543.wav,pause,Pause,end_of_speech,2.4,1.1,3.5,2.4,bcresnet6,pause,pause,0.9937,correct
20261001-123944,"living room, quiet",pause/pause_20261001-124143-543.wav,pause,Pause,end_of_speech,2.4,1.1,3.5,2.4,bcresnet6_ownernoise,pause,pause,0.986,correct
20261001-123944,"living room, quiet",pause/pause_20261001-124143-543.wav,pause,Pause,end_of_speech,2.4,1.1,4.0,2.4,bcresnet6,pause,pause,0.994,correct
20261001-123944,"living room, quiet",pause/pause_20261001-124143-543.wav,pause,Pause,end_of_speech,2.4,1.1,4.0,2.4,bcresnet6_ownernoise,pause,pause,0.9859,correct
20261001-123944,"living room, quiet",pause/pause_20261001-124143-543.wav,pause,Pause,end_of_speech,2.4,1.1,4.5,2.4,bcresnet6,pause,pause,0.9939,correct
20261001-123944,"living room, quiet",pause/pause_20261001-124143-543.wav,pause,Pause,end_of_speech,2.4,1.1,4.5,2.4,bcresnet6_ownernoise,pause,pause,0.9861,correct
20261001-123944,"living room, quiet",pause/pause_20261001-124143-543.wav,pause,Pause,end_of_speech,2.4,1.1,6.0,2.4,bcresnet6,pause,pause,0.9938,correct
20261001-123944,"living room, quiet",pause/pause_20261001-124143-543.wav,pause,Pause,end_of_speech,2.4,1.1,6.0,2.4,bcresnet6_ownernoise,pause,pause,0.9859,correct
20261001-123944,"living room, quiet",set_temperature_22/set_temperature_22_20261001-124149-225.wav,set_temperature_22,Set temperature to 22 degrees,end_of_speech,4.1,1.26,2.5,3.76,bcresnet6,set_temperature_22,set_temperature_22,0.9801,correct
20261001-123944,"living room, quiet",set_temperature_22/set_temperature_22_20261001-124149-225.wav,set_temperature_22,Set temperature to 22 degrees,end_of_speech,4.1,1.26,2.5,3.76,bcresnet6_ownernoise,set_temperature_22,set_temperature_22,0.9877,correct
20261001-123944,"living room, quiet",set_temperature_22/set_temperature_22_20261001-124149-225.wav,set_temperature_22,Set temperature to 22 degrees,end_of_speech,4.1,1.26,3.0,4.1,bcresnet6,set_temperature_22,set_temperature_22,0.9805,correct
20261001-123944,"living room, quiet",set_temperature_22/set_temperature_22_20261001-124149-225.wav,set_temperature_22,Set temperature to 22 degrees,end_of_speech,4.1,1.26,3.0,4.1,bcresnet6_ownernoise,set_temperature_22,set_temperature_22,0.9875,correct
20261001-123944,"living room, quiet",set_temperature_22/set_temperature_22_20261001-124149-225.wav,set_temperature_22,Set temperature to 22 degrees,end_of_speech,4.1,1.26,3.5,4.1,bcresnet6,set_temperature_22,set_temperature_22,0.98,correct
20261001-123944,"living room, quiet",set_temperature_22/set_temperature_22_20261001-124149-225.wav,set_temperature_22,Set temperature to 22 degrees,end_of_speech,4.1,1.26,3.5,4.1,bcresnet6_ownernoise,set_temperature_22,set_temperature_22,0.9875,correct
20261001-123944,"living room, quiet",set_temperature_22/set_temperature_22_20261001-124149-225.wav,set_temperature_22,Set temperature to 22 degrees,end_of_speech,4.1,1.26,4.0,4.1,bcresnet6,set_temperature_22,set_temperature_22,0.9805,correct
20261001-123944,"living room, quiet",set_temperature_22/set_temperature_22_20261001-124149-225.wav,set_temperature_22,Set temperature to 22 degrees,end_of_speech,4.1,1.26,4.0,4.1,bcresnet6_ownernoise,set_temperature_22,set_temperature_22,0.9876,correct
20261001-123944,"living room, quiet",set_temperature_22/set_temperature_22_20261001-124149-225.wav,set_temperature_22,Set temperature to 22 degrees,end_of_speech,4.1,1.26,4.5,4.1,bcresnet6,set_temperature_22,set_temperature_22,0.9804,correct
20261001-123944,"living room, quiet",set_temperature_22/set_temperature_22_20261001-124149-225.wav,set_temperature_22,Set temperature to 22 degrees,end_of_speech,4.1,1.26,4.5,4.1,bcresnet6_ownernoise,set_temperature_22,set_temperature_22,0.9876,correct
20261001-123944,"living room, quiet",set_temperature_22/set_temperature_22_20261001-124149-225.wav,set_temperature_22,Set temperature to 22 degrees,end_of_speech,4.1,1.26,6.0,4.1,bcresnet6,set_temperature_22,set_temperature_22,0.9809,correct
20261001-123944,"living room, quiet",set_temperature_22/set_temperature_22_20261001-124149-225.wav,set_temperature_22,Set temperature to 22 degrees,end_of_speech,4.1,1.26,6.0,4.1,bcresnet6_ownernoise,set_temperature_22,set_temperature_22,0.9873,correct
20261001-123944,"living room, quiet",lights_off/lights_off_20261001-124153-899.wav,lights_off,Turn off lights,end_of_speech,2.9,1.22,2.5,2.9,bcresnet6,lights_off,lights_off,0.9754,correct
20261001-123944,"living room, quiet",lights_off/lights_off_20261001-124153-899.wav,lights_off,Turn off lights,end_of_speech,2.9,1.22,2.5,2.9,bcresnet6_ownernoise,lights_off,lights_off,0.9825,correct
20261001-123944,"living room, quiet",lights_off/lights_off_20261001-124153-899.wav,lights_off,Turn off lights,end_of_speech,2.9,1.22,3.0,2.9,bcresnet6,lights_off,lights_off,0.9755,correct
20261001-123944,"living room, quiet",lights_off/lights_off_20261001-124153-899.wav,lights_off,Turn off lights,end_of_speech,2.9,1.22,3.0,2.9,bcresnet6_ownernoise,lights_off,lights_off,0.9825,correct
20261001-123944,"living room, quiet",lights_off/lights_off_20261001-124153-899.wav,lights_off,Turn off lights,end_of_speech,2.9,1.22,3.5,2.9,bcresnet6,lights_off,lights_off,0.9754,correct
20261001-123944,"living room, quiet",lights_off/lights_off_20261001-124153-899.wav,lights_off,Turn off lights,end_of_speech,2.9,1.22,3.5,2.9,bcresnet6_ownernoise,lights_off,lights_off,0.9825,correct
20261001-123944,"living room, quiet",lights_off/lights_off_20261001-124153-899.wav,lights_off,Turn off lights,end_of_speech,2.9,1.22,4.0,2.9,bcresnet6,lights_off,lights_off,0.9756,correct
20261001-123944,"living room, quiet",lights_off/lights_off_20261001-124153-899.wav,lights_off,Turn off lights,end_of_speech,2.9,1.22,4.0,2.9,bcresnet6_ownernoise,lights_off,lights_off,0.9825,correct
20261001-123944,"living room, quiet",lights_off/lights_off_20261001-124153-899.wav,lights_off,Turn off lights,end_of_speech,2.9,1.22,4.5,2.9,bcresnet6,lights_off,lights_off,0.9756,correct
20261001-123944,"living room, quiet",lights_off/lights_off_20261001-124153-899.wav,lights_off,Turn off lights,end_of_speech,2.9,1.22,4.5,2.9,bcresnet6_ownernoise,lights_off,lights_off,0.9827,correct
20261001-123944,"living room, quiet",lights_off/lights_off_20261001-124153-899.wav,lights_off,Turn off lights,end_of_speech,2.9,1.22,6.0,2.9,bcresnet6,lights_off,lights_off,0.9757,correct
20261001-123944,"living room, quiet",lights_off/lights_off_20261001-124153-899.wav,lights_off,Turn off lights,end_of_speech,2.9,1.22,6.0,2.9,bcresnet6_ownernoise,lights_off,lights_off,0.9827,correct
20261001-123944,"living room, quiet",call_jane/call_jane_20261001-124158-249.wav,call_jane,Call Jane,end_of_speech,2.6,1.12,2.5,2.6,bcresnet6,call_jane,call_jane,0.9757,correct
20261001-123944,"living room, quiet",call_jane/call_jane_20261001-124158-249.wav,call_jane,Call Jane,end_of_speech,2.6,1.12,2.5,2.6,bcresnet6_ownernoise,call_jane,call_jane,0.9653,correct
20261001-123944,"living room, quiet",call_jane/call_jane_20261001-124158-249.wav,call_jane,Call Jane,end_of_speech,2.6,1.12,3.0,2.6,bcresnet6,call_jane,call_jane,0.9759,correct
20261001-123944,"living room, quiet",call_jane/call_jane_20261001-124158-249.wav,call_jane,Call Jane,end_of_speech,2.6,1.12,3.0,2.6,bcresnet6_ownernoise,call_jane,call_jane,0.9657,correct
20261001-123944,"living room, quiet",call_jane/call_jane_20261001-124158-249.wav,call_jane,Call Jane,end_of_speech,2.6,1.12,3.5,2.6,bcresnet6,call_jane,call_jane,0.9759,correct
20261001-123944,"living room, quiet",call_jane/call_jane_20261001-124158-249.wav,call_jane,Call Jane,end_of_speech,2.6,1.12,3.5,2.6,bcresnet6_ownernoise,call_jane,call_jane,0.9655,correct
20261001-123944,"living room, quiet",call_jane/call_jane_20261001-124158-249.wav,call_jane,Call Jane,end_of_speech,2.6,1.12,4.0,2.6,bcresnet6,call_jane,call_jane,0.976,correct
20261001-123944,"living room, quiet",call_jane/call_jane_20261001-124158-249.wav,call_jane,Call Jane,end_of_speech,2.6,1.12,4.0,2.6,bcresnet6_ownernoise,call_jane,call_jane,0.9656,correct
20261001-123944,"living room, quiet",call_jane/call_jane_20261001-124158-249.wav,call_jane,Call Jane,end_of_speech,2.6,1.12,4.5,2.6,bcresnet6,call_jane,call_jane,0.976,correct
20261001-123944,"living room, quiet",call_jane/call_jane_20261001-124158-249.wav,call_jane,Call Jane,end_of_speech,2.6,1.12,4.5,2.6,bcresnet6_ownernoise,call_jane,call_jane,0.966,correct
20261001-123944,"living room, quiet",call_jane/call_jane_20261001-124158-249.wav,call_jane,Call Jane,end_of_speech,2.6,1.12,6.0,2.6,bcresnet6,call_jane,call_jane,0.9761,correct
20261001-123944,"living room, quiet",call_jane/call_jane_20261001-124158-249.wav,call_jane,Call Jane,end_of_speech,2.6,1.12,6.0,2.6,bcresnet6_ownernoise,call_jane,call_jane,0.9651,correct
20261001-123944,"living room, quiet",text_jane/text_jane_20261001-124202-825.wav,text_jane,Text Jane,end_of_speech,2.8,,2.5,2.8,bcresnet6,text_jane,text_jane,0.9774,correct
20261001-123944,"living room, quiet",text_jane/text_jane_20261001-124202-825.wav,text_jane,Text Jane,end_of_speech,2.8,,2.5,2.8,bcresnet6_ownernoise,text_jane,text_jane,0.9733,correct
20261001-123944,"living room, quiet",text_jane/text_jane_20261001-124202-825.wav,text_jane,Text Jane,end_of_speech,2.8,,3.0,2.8,bcresnet6,text_jane,text_jane,0.9779,correct
20261001-123944,"living room, quiet",text_jane/text_jane_20261001-124202-825.wav,text_jane,Text Jane,end_of_speech,2.8,,3.0,2.8,bcresnet6_ownernoise,text_jane,text_jane,0.9731,correct
20261001-123944,"living room, quiet",text_jane/text_jane_20261001-124202-825.wav,text_jane,Text Jane,end_of_speech,2.8,,3.5,2.8,bcresnet6,text_jane,text_jane,0.9781,correct
20261001-123944,"living room, quiet",text_jane/text_jane_20261001-124202-825.wav,text_jane,Text Jane,end_of_speech,2.8,,3.5,2.8,bcresnet6_ownernoise,text_jane,text_jane,0.973,correct
20261001-123944,"living room, quiet",text_jane/text_jane_20261001-124202-825.wav,text_jane,Text Jane,end_of_speech,2.8,,4.0,2.8,bcresnet6,text_jane,text_jane,0.978,correct
20261001-123944,"living room, quiet",text_jane/text_jane_20261001-124202-825.wav,text_jane,Text Jane,end_of_speech,2.8,,4.0,2.8,bcresnet6_ownernoise,text_jane,text_jane,0.9735,correct
20261001-123944,"living room, quiet",text_jane/text_jane_20261001-124202-825.wav,text_jane,Text Jane,end_of_speech,2.8,,4.5,2.8,bcresnet6,text_jane,text_jane,0.9782,correct
20261001-123944,"living room, quiet",text_jane/text_jane_20261001-124202-825.wav,text_jane,Text Jane,end_of_speech,2.8,,4.5,2.8,bcresnet6_ownernoise,text_jane,text_jane,0.9733,correct
20261001-123944,"living room, quiet",text_jane/text_jane_20261001-124202-825.wav,text_jane,Text Jane,end_of_speech,2.8,,6.0,2.8,bcresnet6,text_jane,text_jane,0.978,correct
20261001-123944,"living room, quiet",text_jane/text_jane_20261001-124202-825.wav,text_jane,Text Jane,end_of_speech,2.8,,6.0,2.8,bcresnet6_ownernoise,text_jane,text_jane,0.9733,correct
20261001-123944,"living room, quiet",set_timer_1/set_timer_1_20261001-124208-299.wav,set_timer_1,Set a timer for 1 minute,end_of_speech,3.7,1.22,2.5,3.7,bcresnet6,set_timer_1,set_timer_1,0.9902,correct
20261001-123944,"living room, quiet",set_timer_1/set_timer_1_20261001-124208-299.wav,set_timer_1,Set a timer for 1 minute,end_of_speech,3.7,1.22,2.5,3.7,bcresnet6_ownernoise,set_timer_1,set_timer_1,0.9933,correct
20261001-123944,"living room, quiet",set_timer_1/set_timer_1_20261001-124208-299.wav,set_timer_1,Set a timer for 1 minute,end_of_speech,3.7,1.22,3.0,3.7,bcresnet6,set_timer_1,set_timer_1,0.9902,correct
20261001-123944,"living room, quiet",set_timer_1/set_timer_1_20261001-124208-299.wav,set_timer_1,Set a timer for 1 minute,end_of_speech,3.7,1.22,3.0,3.7,bcresnet6_ownernoise,set_timer_1,set_timer_1,0.9933,correct
20261001-123944,"living room, quiet",set_timer_1/set_timer_1_20261001-124208-299.wav,set_timer_1,Set a timer for 1 minute,end_of_speech,3.7,1.22,3.5,3.7,bcresnet6,set_timer_1,set_timer_1,0.9902,correct
20261001-123944,"living room, quiet",set_timer_1/set_timer_1_20261001-124208-299.wav,set_timer_1,Set a timer for 1 minute,end_of_speech,3.7,1.22,3.5,3.7,bcresnet6_ownernoise,set_timer_1,set_timer_1,0.9933,correct
20261001-123944,"living room, quiet",set_timer_1/set_timer_1_20261001-124208-299.wav,set_timer_1,Set a timer for 1 minute,end_of_speech,3.7,1.22,4.0,3.7,bcresnet6,set_timer_1,set_timer_1,0.9903,correct
20261001-123944,"living room, quiet",set_timer_1/set_timer_1_20261001-124208-299.wav,set_timer_1,Set a timer for 1 minute,end_of_speech,3.7,1.22,4.0,3.7,bcresnet6_ownernoise,set_timer_1,set_timer_1,0.9934,correct
20261001-123944,"living room, quiet",set_timer_1/set_timer_1_20261001-124208-299.wav,set_timer_1,Set a timer for 1 minute,end_of_speech,3.7,1.22,4.5,3.7,bcresnet6,set_timer_1,set_timer_1,0.99,correct
20261001-123944,"living room, quiet",set_timer_1/set_timer_1_20261001-124208-299.wav,set_timer_1,Set a timer for 1 minute,end_of_speech,3.7,1.22,4.5,3.7,bcresnet6_ownernoise,set_timer_1,set_timer_1,0.9934,correct
20261001-123944,"living room, quiet",set_timer_1/set_timer_1_20261001-124208-299.wav,set_timer_1,Set a timer for 1 minute,end_of_speech,3.7,1.22,6.0,3.7,bcresnet6,set_timer_1,set_timer_1,0.9903,correct
20261001-123944,"living room, quiet",set_timer_1/set_timer_1_20261001-124208-299.wav,set_timer_1,Set a timer for 1 minute,end_of_speech,3.7,1.22,6.0,3.7,bcresnet6_ownernoise,set_timer_1,set_timer_1,0.9933,correct
20261001-123944,"living room, quiet",lights_on/lights_on_20261001-124213-575.wav,lights_on,Turn on lights,end_of_speech,3.0,1.36,2.5,3.0,bcresnet6,lights_on,lights_on,0.9228,correct
20261001-123944,"living room, quiet",lights_on/lights_on_20261001-124213-575.wav,lights_on,Turn on lights,end_of_speech,3.0,1.36,2.5,3.0,bcresnet6_ownernoise,lights_on,lights_on,0.9215,correct
20261001-123944,"living room, quiet",lights_on/lights_on_20261001-124213-575.wav,lights_on,Turn on lights,end_of_speech,3.0,1.36,3.0,3.0,bcresnet6,lights_on,lights_on,0.9218,correct
20261001-123944,"living room, quiet",lights_on/lights_on_20261001-124213-575.wav,lights_on,Turn on lights,end_of_speech,3.0,1.36,3.0,3.0,bcresnet6_ownernoise,lights_on,lights_on,0.9201,correct
20261001-123944,"living room, quiet",lights_on/lights_on_20261001-124213-575.wav,lights_on,Turn on lights,end_of_speech,3.0,1.36,3.5,3.0,bcresnet6,lights_on,lights_on,0.9228,correct
20261001-123944,"living room, quiet",lights_on/lights_on_20261001-124213-575.wav,lights_on,Turn on lights,end_of_speech,3.0,1.36,3.5,3.0,bcresnet6_ownernoise,lights_on,lights_on,0.9217,correct
20261001-123944,"living room, quiet",lights_on/lights_on_20261001-124213-575.wav,lights_on,Turn on lights,end_of_speech,3.0,1.36,4.0,3.0,bcresnet6,lights_on,lights_on,0.9245,correct
20261001-123944,"living room, quiet",lights_on/lights_on_20261001-124213-575.wav,lights_on,Turn on lights,end_of_speech,3.0,1.36,4.0,3.0,bcresnet6_ownernoise,lights_on,lights_on,0.9212,correct
20261001-123944,"living room, quiet",lights_on/lights_on_20261001-124213-575.wav,lights_on,Turn on lights,end_of_speech,3.0,1.36,4.5,3.0,bcresnet6,lights_on,lights_on,0.9222,correct
20261001-123944,"living room, quiet",lights_on/lights_on_20261001-124213-575.wav,lights_on,Turn on lights,end_of_speech,3.0,1.36,4.5,3.0,bcresnet6_ownernoise,lights_on,lights_on,0.9218,correct
20261001-123944,"living room, quiet",lights_on/lights_on_20261001-124213-575.wav,lights_on,Turn on lights,end_of_speech,3.0,1.36,6.0,3.0,bcresnet6,lights_on,lights_on,0.9237,correct
20261001-123944,"living room, quiet",lights_on/lights_on_20261001-124213-575.wav,lights_on,Turn on lights,end_of_speech,3.0,1.36,6.0,3.0,bcresnet6_ownernoise,lights_on,lights_on,0.9213,correct
20261001-123944,"living room, quiet",list_reminders/list_reminders_20261001-124218-635.wav,list_reminders,What are my reminders?,end_of_speech,3.1,1.36,2.5,3.1,bcresnet6,list_reminders,list_reminders,0.9589,correct
20261001-123944,"living room, quiet",list_reminders/list_reminders_20261001-124218-635.wav,list_reminders,What are my reminders?,end_of_speech,3.1,1.36,2.5,3.1,bcresnet6_ownernoise,list_reminders,list_reminders,0.9885,correct
20261001-123944,"living room, quiet",list_reminders/list_reminders_20261001-124218-635.wav,list_reminders,What are my reminders?,end_of_speech,3.1,1.36,3.0,3.1,bcresnet6,list_reminders,list_reminders,0.9591,correct
20261001-123944,"living room, quiet",list_reminders/list_reminders_20261001-124218-635.wav,list_reminders,What are my reminders?,end_of_speech,3.1,1.36,3.0,3.1,bcresnet6_ownernoise,list_reminders,list_reminders,0.9887,correct
20261001-123944,"living room, quiet",list_reminders/list_reminders_20261001-124218-635.wav,list_reminders,What are my reminders?,end_of_speech,3.1,1.36,3.5,3.1,bcresnet6,list_reminders,list_reminders,0.959,correct
20261001-123944,"living room, quiet",list_reminders/list_reminders_20261001-124218-635.wav,list_reminders,What are my reminders?,end_of_speech,3.1,1.36,3.5,3.1,bcresnet6_ownernoise,list_reminders,list_reminders,0.9885,correct
20261001-123944,"living room, quiet",list_reminders/list_reminders_20261001-124218-635.wav,list_reminders,What are my reminders?,end_of_speech,3.1,1.36,4.0,3.1,bcresnet6,list_reminders,list_reminders,0.9588,correct
20261001-123944,"living room, quiet",list_reminders/list_reminders_20261001-124218-635.wav,list_reminders,What are my reminders?,end_of_speech,3.1,1.36,4.0,3.1,bcresnet6_ownernoise,list_reminders,list_reminders,0.9886,correct
20261001-123944,"living room, quiet",list_reminders/list_reminders_20261001-124218-635.wav,list_reminders,What are my reminders?,end_of_speech,3.1,1.36,4.5,3.1,bcresnet6,list_reminders,list_reminders,0.9593,correct
20261001-123944,"living room, quiet",list_reminders/list_reminders_20261001-124218-635.wav,list_reminders,What are my reminders?,end_of_speech,3.1,1.36,4.5,3.1,bcresnet6_ownernoise,list_reminders,list_reminders,0.9886,correct
20261001-123944,"living room, quiet",list_reminders/list_reminders_20261001-124218-635.wav,list_reminders,What are my reminders?,end_of_speech,3.1,1.36,6.0,3.1,bcresnet6,list_reminders,list_reminders,0.9593,correct
20261001-123944,"living room, quiet",list_reminders/list_reminders_20261001-124218-635.wav,list_reminders,What are my reminders?,end_of_speech,3.1,1.36,6.0,3.1,bcresnet6_ownernoise,list_reminders,list_reminders,0.9888,correct
20261001-123944,"living room, quiet",set_alarm_7am/set_alarm_7am_20261001-124224-224.wav,set_alarm_7am,Set an alarm at 7 AM,end_of_speech,3.7,1.18,2.5,3.68,bcresnet6,set_alarm_7am,set_alarm_7am,0.9556,correct
20261001-123944,"living room, quiet",set_alarm_7am/set_alarm_7am_20261001-124224-224.wav,set_alarm_7am,Set an alarm at 7 AM,end_of_speech,3.7,1.18,2.5,3.68,bcresnet6_ownernoise,set_alarm_7am,set_alarm_7am,0.9629,correct
20261001-123944,"living room, quiet",set_alarm_7am/set_alarm_7am_20261001-124224-224.wav,set_alarm_7am,Set an alarm at 7 AM,end_of_speech,3.7,1.18,3.0,3.7,bcresnet6,set_alarm_7am,set_alarm_7am,0.9541,correct
20261001-123944,"living room, quiet",set_alarm_7am/set_alarm_7am_20261001-124224-224.wav,set_alarm_7am,Set an alarm at 7 AM,end_of_speech,3.7,1.18,3.0,3.7,bcresnet6_ownernoise,set_alarm_7am,set_alarm_7am,0.9619,correct
20261001-123944,"living room, quiet",set_alarm_7am/set_alarm_7am_20261001-124224-224.wav,set_alarm_7am,Set an alarm at 7 AM,end_of_speech,3.7,1.18,3.5,3.7,bcresnet6,set_alarm_7am,set_alarm_7am,0.9541,correct
20261001-123944,"living room, quiet",set_alarm_7am/set_alarm_7am_20261001-124224-224.wav,set_alarm_7am,Set an alarm at 7 AM,end_of_speech,3.7,1.18,3.5,3.7,bcresnet6_ownernoise,set_alarm_7am,set_alarm_7am,0.9625,correct
20261001-123944,"living room, quiet",set_alarm_7am/set_alarm_7am_20261001-124224-224.wav,set_alarm_7am,Set an alarm at 7 AM,end_of_speech,3.7,1.18,4.0,3.7,bcresnet6,set_alarm_7am,set_alarm_7am,0.9544,correct
20261001-123944,"living room, quiet",set_alarm_7am/set_alarm_7am_20261001-124224-224.wav,set_alarm_7am,Set an alarm at 7 AM,end_of_speech,3.7,1.18,4.0,3.7,bcresnet6_ownernoise,set_alarm_7am,set_alarm_7am,0.9616,correct
20261001-123944,"living room, quiet",set_alarm_7am/set_alarm_7am_20261001-124224-224.wav,set_alarm_7am,Set an alarm at 7 AM,end_of_speech,3.7,1.18,4.5,3.7,bcresnet6,set_alarm_7am,set_alarm_7am,0.954,correct
20261001-123944,"living room, quiet",set_alarm_7am/set_alarm_7am_20261001-124224-224.wav,set_alarm_7am,Set an alarm at 7 AM,end_of_speech,3.7,1.18,4.5,3.7,bcresnet6_ownernoise,set_alarm_7am,set_alarm_7am,0.9621,correct
20261001-123944,"living room, quiet",set_alarm_7am/set_alarm_7am_20261001-124224-224.wav,set_alarm_7am,Set an alarm at 7 AM,end_of_speech,3.7,1.18,6.0,3.7,bcresnet6,set_alarm_7am,set_alarm_7am,0.9543,correct
20261001-123944,"living room, quiet",set_alarm_7am/set_alarm_7am_20261001-124224-224.wav,set_alarm_7am,Set an alarm at 7 AM,end_of_speech,3.7,1.18,6.0,3.7,bcresnet6_ownernoise,set_alarm_7am,set_alarm_7am,0.9621,correct
20261001-123944,"living room, quiet",time/time_20261001-124230-005.wav,time,What time is it?,end_of_speech,2.8,1.24,2.5,2.8,bcresnet6,time,time,0.9654,correct
20261001-123944,"living room, quiet",time/time_20261001-124230-005.wav,time,What time is it?,end_of_speech,2.8,1.24,2.5,2.8,bcresnet6_ownernoise,time,time,0.9895,correct
20261001-123944,"living room, quiet",time/time_20261001-124230-005.wav,time,What time is it?,end_of_speech,2.8,1.24,3.0,2.8,bcresnet6,time,time,0.9651,correct
20261001-123944,"living room, quiet",time/time_20261001-124230-005.wav,time,What time is it?,end_of_speech,2.8,1.24,3.0,2.8,bcresnet6_ownernoise,time,time,0.9895,correct
20261001-123944,"living room, quiet",time/time_20261001-124230-005.wav,time,What time is it?,end_of_speech,2.8,1.24,3.5,2.8,bcresnet6,time,time,0.9657,correct
20261001-123944,"living room, quiet",time/time_20261001-124230-005.wav,time,What time is it?,end_of_speech,2.8,1.24,3.5,2.8,bcresnet6_ownernoise,time,time,0.9894,correct
20261001-123944,"living room, quiet",time/time_20261001-124230-005.wav,time,What time is it?,end_of_speech,2.8,1.24,4.0,2.8,bcresnet6,time,time,0.9656,correct
20261001-123944,"living room, quiet",time/time_20261001-124230-005.wav,time,What time is it?,end_of_speech,2.8,1.24,4.0,2.8,bcresnet6_ownernoise,time,time,0.9893,correct
20261001-123944,"living room, quiet",time/time_20261001-124230-005.wav,time,What time is it?,end_of_speech,2.8,1.24,4.5,2.8,bcresnet6,time,time,0.9649,correct
20261001-123944,"living room, quiet",time/time_20261001-124230-005.wav,time,What time is it?,end_of_speech,2.8,1.24,4.5,2.8,bcresnet6_ownernoise,time,time,0.9893,correct
20261001-123944,"living room, quiet",time/time_20261001-124230-005.wav,time,What time is it?,end_of_speech,2.8,1.24,6.0,2.8,bcresnet6,time,time,0.9659,correct
20261001-123944,"living room, quiet",time/time_20261001-124230-005.wav,time,What time is it?,end_of_speech,2.8,1.24,6.0,2.8,bcresnet6_ownernoise,time,time,0.9894,correct
20261001-123944,"living room, quiet",unknown_silent/unknown_silent_20261001-124235-583.wav,unknown,(say nothing after Hey Delta),no_speech_detected,3.4,,2.5,3.4,bcresnet6,unknown,unknown,0.973,correct
20261001-123944,"living room, quiet",unknown_silent/unknown_silent_20261001-124235-583.wav,unknown,(say nothing after Hey Delta),no_speech_detected,3.4,,2.5,3.4,bcresnet6_ownernoise,unknown,unknown,0.9564,correct
20261001-123944,"living room, quiet",unknown_silent/unknown_silent_20261001-124235-583.wav,unknown,(say nothing after Hey Delta),no_speech_detected,3.4,,3.0,3.4,bcresnet6,unknown,unknown,0.9727,correct
20261001-123944,"living room, quiet",unknown_silent/unknown_silent_20261001-124235-583.wav,unknown,(say nothing after Hey Delta),no_speech_detected,3.4,,3.0,3.4,bcresnet6_ownernoise,unknown,unknown,0.9578,correct
20261001-123944,"living room, quiet",unknown_silent/unknown_silent_20261001-124235-583.wav,unknown,(say nothing after Hey Delta),no_speech_detected,3.4,,3.5,3.4,bcresnet6,unknown,unknown,0.9732,correct
20261001-123944,"living room, quiet",unknown_silent/unknown_silent_20261001-124235-583.wav,unknown,(say nothing after Hey Delta),no_speech_detected,3.4,,3.5,3.4,bcresnet6_ownernoise,unknown,unknown,0.9599,correct
20261001-123944,"living room, quiet",unknown_silent/unknown_silent_20261001-124235-583.wav,unknown,(say nothing after Hey Delta),no_speech_detected,3.4,,4.0,3.4,bcresnet6,unknown,unknown,0.9723,correct
20261001-123944,"living room, quiet",unknown_silent/unknown_silent_20261001-124235-583.wav,unknown,(say nothing after Hey Delta),no_speech_detected,3.4,,4.0,3.4,bcresnet6_ownernoise,unknown,unknown,0.958,correct
20261001-123944,"living room, quiet",unknown_silent/unknown_silent_20261001-124235-583.wav,unknown,(say nothing after Hey Delta),no_speech_detected,3.4,,4.5,3.4,bcresnet6,unknown,unknown,0.9724,correct
20261001-123944,"living room, quiet",unknown_silent/unknown_silent_20261001-124235-583.wav,unknown,(say nothing after Hey Delta),no_speech_detected,3.4,,4.5,3.4,bcresnet6_ownernoise,unknown,unknown,0.9554,correct
20261001-123944,"living room, quiet",unknown_silent/unknown_silent_20261001-124235-583.wav,unknown,(say nothing after Hey Delta),no_speech_detected,3.4,,6.0,3.4,bcresnet6,unknown,unknown,0.9711,correct
20261001-123944,"living room, quiet",unknown_silent/unknown_silent_20261001-124235-583.wav,unknown,(say nothing after Hey Delta),no_speech_detected,3.4,,6.0,3.4,bcresnet6_ownernoise,unknown,unknown,0.959,correct
20261001-123944,"living room, quiet",weather/weather_20261001-124241-669.wav,weather,What's the weather?,end_of_speech,2.9,1.32,2.5,2.9,bcresnet6,weather,weather,0.9774,correct
20261001-123944,"living room, quiet",weather/weather_20261001-124241-669.wav,weather,What's the weather?,end_of_speech,2.9,1.32,2.5,2.9,bcresnet6_ownernoise,weather,weather,0.9644,correct
20261001-123944,"living room, quiet",weather/weather_20261001-124241-669.wav,weather,What's the weather?,end_of_speech,2.9,1.32,3.0,2.9,bcresnet6,weather,weather,0.9771,correct
20261001-123944,"living room, quiet",weather/weather_20261001-124241-669.wav,weather,What's the weather?,end_of_speech,2.9,1.32,3.0,2.9,bcresnet6_ownernoise,weather,weather,0.9644,correct
20261001-123944,"living room, quiet",weather/weather_20261001-124241-669.wav,weather,What's the weather?,end_of_speech,2.9,1.32,3.5,2.9,bcresnet6,weather,weather,0.9772,correct
20261001-123944,"living room, quiet",weather/weather_20261001-124241-669.wav,weather,What's the weather?,end_of_speech,2.9,1.32,3.5,2.9,bcresnet6_ownernoise,weather,weather,0.9643,correct
20261001-123944,"living room, quiet",weather/weather_20261001-124241-669.wav,weather,What's the weather?,end_of_speech,2.9,1.32,4.0,2.9,bcresnet6,weather,weather,0.9772,correct
20261001-123944,"living room, quiet",weather/weather_20261001-124241-669.wav,weather,What's the weather?,end_of_speech,2.9,1.32,4.0,2.9,bcresnet6_ownernoise,weather,weather,0.9645,correct
20261001-123944,"living room, quiet",weather/weather_20261001-124241-669.wav,weather,What's the weather?,end_of_speech,2.9,1.32,4.5,2.9,bcresnet6,weather,weather,0.9773,correct
20261001-123944,"living room, quiet",weather/weather_20261001-124241-669.wav,weather,What's the weather?,end_of_speech,2.9,1.32,4.5,2.9,bcresnet6_ownernoise,weather,weather,0.9644,correct
20261001-123944,"living room, quiet",weather/weather_20261001-124241-669.wav,weather,What's the weather?,end_of_speech,2.9,1.32,6.0,2.9,bcresnet6,weather,weather,0.9773,correct
20261001-123944,"living room, quiet",weather/weather_20261001-124241-669.wav,weather,What's the weather?,end_of_speech,2.9,1.32,6.0,2.9,bcresnet6_ownernoise,weather,weather,0.9643,correct
20261001-123944,"living room, quiet",skip/skip_20261001-124246-843.wav,next,Skip,no_speech_detected,3.4,,2.5,3.4,bcresnet6,next,next,0.963,correct
20261001-123944,"living room, quiet",skip/skip_20261001-124246-843.wav,next,Skip,no_speech_detected,3.4,,2.5,3.4,bcresnet6_ownernoise,next,next,0.9662,correct
20261001-123944,"living room, quiet",skip/skip_20261001-124246-843.wav,next,Skip,no_speech_detected,3.4,,3.0,3.4,bcresnet6,next,next,0.9628,correct
20261001-123944,"living room, quiet",skip/skip_20261001-124246-843.wav,next,Skip,no_speech_detected,3.4,,3.0,3.4,bcresnet6_ownernoise,next,next,0.9667,correct
20261001-123944,"living room, quiet",skip/skip_20261001-124246-843.wav,next,Skip,no_speech_detected,3.4,,3.5,3.4,bcresnet6,next,next,0.9619,correct
20261001-123944,"living room, quiet",skip/skip_20261001-124246-843.wav,next,Skip,no_speech_detected,3.4,,3.5,3.4,bcresnet6_ownernoise,next,next,0.9669,correct
20261001-123944,"living room, quiet",skip/skip_20261001-124246-843.wav,next,Skip,no_speech_detected,3.4,,4.0,3.4,bcresnet6,next,next,0.9628,correct
20261001-123944,"living room, quiet",skip/skip_20261001-124246-843.wav,next,Skip,no_speech_detected,3.4,,4.0,3.4,bcresnet6_ownernoise,next,next,0.9662,correct
20261001-123944,"living room, quiet",skip/skip_20261001-124246-843.wav,next,Skip,no_speech_detected,3.4,,4.5,3.4,bcresnet6,next,next,0.9635,correct
20261001-123944,"living room, quiet",skip/skip_20261001-124246-843.wav,next,Skip,no_speech_detected,3.4,,4.5,3.4,bcresnet6_ownernoise,next,next,0.9666,correct
20261001-123944,"living room, quiet",skip/skip_20261001-124246-843.wav,next,Skip,no_speech_detected,3.4,,6.0,3.4,bcresnet6,next,next,0.9634,correct
20261001-123944,"living room, quiet",skip/skip_20261001-124246-843.wav,next,Skip,no_speech_detected,3.4,,6.0,3.4,bcresnet6_ownernoise,next,next,0.9668,correct
20261001-123944,"living room, quiet",dim_lights_80/dim_lights_80_20261001-124253-430.wav,dim_lights_80,Dim lights to 80%,end_of_speech,3.5,1.18,2.5,3.5,bcresnet6,dim_lights_80,dim_lights_80,0.9776,correct
20261001-123944,"living room, quiet",dim_lights_80/dim_lights_80_20261001-124253-430.wav,dim_lights_80,Dim lights to 80%,end_of_speech,3.5,1.18,2.5,3.5,bcresnet6_ownernoise,dim_lights_80,dim_lights_80,0.9866,correct
20261001-123944,"living room, quiet",dim_lights_80/dim_lights_80_20261001-124253-430.wav,dim_lights_80,Dim lights to 80%,end_of_speech,3.5,1.18,3.0,3.5,bcresnet6,dim_lights_80,dim_lights_80,0.9767,correct
20261001-123944,"living room, quiet",dim_lights_80/dim_lights_80_20261001-124253-430.wav,dim_lights_80,Dim lights to 80%,end_of_speech,3.5,1.18,3.0,3.5,bcresnet6_ownernoise,dim_lights_80,dim_lights_80,0.9864,correct
20261001-123944,"living room, quiet",dim_lights_80/dim_lights_80_20261001-124253-430.wav,dim_lights_80,Dim lights to 80%,end_of_speech,3.5,1.18,3.5,3.5,bcresnet6,dim_lights_80,dim_lights_80,0.9778,correct
20261001-123944,"living room, quiet",dim_lights_80/dim_lights_80_20261001-124253-430.wav,dim_lights_80,Dim lights to 80%,end_of_speech,3.5,1.18,3.5,3.5,bcresnet6_ownernoise,dim_lights_80,dim_lights_80,0.9865,correct
20261001-123944,"living room, quiet",dim_lights_80/dim_lights_80_20261001-124253-430.wav,dim_lights_80,Dim lights to 80%,end_of_speech,3.5,1.18,4.0,3.5,bcresnet6,dim_lights_80,dim_lights_80,0.9773,correct
20261001-123944,"living room, quiet",dim_lights_80/dim_lights_80_20261001-124253-430.wav,dim_lights_80,Dim lights to 80%,end_of_speech,3.5,1.18,4.0,3.5,bcresnet6_ownernoise,dim_lights_80,dim_lights_80,0.9866,correct
20261001-123944,"living room, quiet",dim_lights_80/dim_lights_80_20261001-124253-430.wav,dim_lights_80,Dim lights to 80%,end_of_speech,3.5,1.18,4.5,3.5,bcresnet6,dim_lights_80,dim_lights_80,0.9773,correct
20261001-123944,"living room, quiet",dim_lights_80/dim_lights_80_20261001-124253-430.wav,dim_lights_80,Dim lights to 80%,end_of_speech,3.5,1.18,4.5,3.5,bcresnet6_ownernoise,dim_lights_80,dim_lights_80,0.9864,correct
20261001-123944,"living room, quiet",dim_lights_80/dim_lights_80_20261001-124253-430.wav,dim_lights_80,Dim lights to 80%,end_of_speech,3.5,1.18,6.0,3.5,bcresnet6,dim_lights_80,dim_lights_80,0.9775,correct
20261001-123944,"living room, quiet",dim_lights_80/dim_lights_80_20261001-124253-430.wav,dim_lights_80,Dim lights to 80%,end_of_speech,3.5,1.18,6.0,3.5,bcresnet6_ownernoise,dim_lights_80,dim_lights_80,0.9864,correct
20261001-123944,"living room, quiet",set_temperature_26/set_temperature_26_20261001-124259-721.wav,set_temperature_26,Set temperature to 26 degrees,end_of_speech,3.8,1.4,2.5,3.8,bcresnet6,set_temperature_26,set_temperature_26,0.9719,correct
20261001-123944,"living room, quiet",set_temperature_26/set_temperature_26_20261001-124259-721.wav,set_temperature_26,Set temperature to 26 degrees,end_of_speech,3.8,1.4,2.5,3.8,bcresnet6_ownernoise,set_temperature_26,set_temperature_26,0.9785,correct
20261001-123944,"living room, quiet",set_temperature_26/set_temperature_26_20261001-124259-721.wav,set_temperature_26,Set temperature to 26 degrees,end_of_speech,3.8,1.4,3.0,3.8,bcresnet6,set_temperature_26,set_temperature_26,0.9724,correct
20261001-123944,"living room, quiet",set_temperature_26/set_temperature_26_20261001-124259-721.wav,set_temperature_26,Set temperature to 26 degrees,end_of_speech,3.8,1.4,3.0,3.8,bcresnet6_ownernoise,set_temperature_26,set_temperature_26,0.9784,correct
20261001-123944,"living room, quiet",set_temperature_26/set_temperature_26_20261001-124259-721.wav,set_temperature_26,Set temperature to 26 degrees,end_of_speech,3.8,1.4,3.5,3.8,bcresnet6,set_temperature_26,set_temperature_26,0.9721,correct
20261001-123944,"living room, quiet",set_temperature_26/set_temperature_26_20261001-124259-721.wav,set_temperature_26,Set temperature to 26 degrees,end_of_speech,3.8,1.4,3.5,3.8,bcresnet6_ownernoise,set_temperature_26,set_temperature_26,0.9787,correct
20261001-123944,"living room, quiet",set_temperature_26/set_temperature_26_20261001-124259-721.wav,set_temperature_26,Set temperature to 26 degrees,end_of_speech,3.8,1.4,4.0,3.8,bcresnet6,set_temperature_26,set_temperature_26,0.9718,correct
20261001-123944,"living room, quiet",set_temperature_26/set_temperature_26_20261001-124259-721.wav,set_temperature_26,Set temperature to 26 degrees,end_of_speech,3.8,1.4,4.0,3.8,bcresnet6_ownernoise,set_temperature_26,set_temperature_26,0.9784,correct
20261001-123944,"living room, quiet",set_temperature_26/set_temperature_26_20261001-124259-721.wav,set_temperature_26,Set temperature to 26 degrees,end_of_speech,3.8,1.4,4.5,3.8,bcresnet6,set_temperature_26,set_temperature_26,0.9709,correct
20261001-123944,"living room, quiet",set_temperature_26/set_temperature_26_20261001-124259-721.wav,set_temperature_26,Set temperature to 26 degrees,end_of_speech,3.8,1.4,4.5,3.8,bcresnet6_ownernoise,set_temperature_26,set_temperature_26,0.9786,correct
20261001-123944,"living room, quiet",set_temperature_26/set_temperature_26_20261001-124259-721.wav,set_temperature_26,Set temperature to 26 degrees,end_of_speech,3.8,1.4,6.0,3.8,bcresnet6,set_temperature_26,set_temperature_26,0.9717,correct
20261001-123944,"living room, quiet",set_temperature_26/set_temperature_26_20261001-124259-721.wav,set_temperature_26,Set temperature to 26 degrees,end_of_speech,3.8,1.4,6.0,3.8,bcresnet6_ownernoise,set_temperature_26,set_temperature_26,0.9786,correct
20261001-123944,"living room, quiet",set_alarm_9pm/set_alarm_9pm_20261001-124305-298.wav,set_alarm_9pm,Set an alarm at 9 PM,end_of_speech,3.5,1.36,2.5,3.5,bcresnet6,set_alarm_9pm,set_alarm_9pm,0.9837,correct
20261001-123944,"living room, quiet",set_alarm_9pm/set_alarm_9pm_20261001-124305-298.wav,set_alarm_9pm,Set an alarm at 9 PM,end_of_speech,3.5,1.36,2.5,3.5,bcresnet6_ownernoise,set_alarm_9pm,set_alarm_9pm,0.979,correct
20261001-123944,"living room, quiet",set_alarm_9pm/set_alarm_9pm_20261001-124305-298.wav,set_alarm_9pm,Set an alarm at 9 PM,end_of_speech,3.5,1.36,3.0,3.5,bcresnet6,set_alarm_9pm,set_alarm_9pm,0.9835,correct
20261001-123944,"living room, quiet",set_alarm_9pm/set_alarm_9pm_20261001-124305-298.wav,set_alarm_9pm,Set an alarm at 9 PM,end_of_speech,3.5,1.36,3.0,3.5,bcresnet6_ownernoise,set_alarm_9pm,set_alarm_9pm,0.9786,correct
20261001-123944,"living room, quiet",set_alarm_9pm/set_alarm_9pm_20261001-124305-298.wav,set_alarm_9pm,Set an alarm at 9 PM,end_of_speech,3.5,1.36,3.5,3.5,bcresnet6,set_alarm_9pm,set_alarm_9pm,0.9835,correct
20261001-123944,"living room, quiet",set_alarm_9pm/set_alarm_9pm_20261001-124305-298.wav,set_alarm_9pm,Set an alarm at 9 PM,end_of_speech,3.5,1.36,3.5,3.5,bcresnet6_ownernoise,set_alarm_9pm,set_alarm_9pm,0.9787,correct
20261001-123944,"living room, quiet",set_alarm_9pm/set_alarm_9pm_20261001-124305-298.wav,set_alarm_9pm,Set an alarm at 9 PM,end_of_speech,3.5,1.36,4.0,3.5,bcresnet6,set_alarm_9pm,set_alarm_9pm,0.9836,correct
20261001-123944,"living room, quiet",set_alarm_9pm/set_alarm_9pm_20261001-124305-298.wav,set_alarm_9pm,Set an alarm at 9 PM,end_of_speech,3.5,1.36,4.0,3.5,bcresnet6_ownernoise,set_alarm_9pm,set_alarm_9pm,0.979,correct
20261001-123944,"living room, quiet",set_alarm_9pm/set_alarm_9pm_20261001-124305-298.wav,set_alarm_9pm,Set an alarm at 9 PM,end_of_speech,3.5,1.36,4.5,3.5,bcresnet6,set_alarm_9pm,set_alarm_9pm,0.9836,correct
20261001-123944,"living room, quiet",set_alarm_9pm/set_alarm_9pm_20261001-124305-298.wav,set_alarm_9pm,Set an alarm at 9 PM,end_of_speech,3.5,1.36,4.5,3.5,bcresnet6_ownernoise,set_alarm_9pm,set_alarm_9pm,0.9789,correct
20261001-123944,"living room, quiet",set_alarm_9pm/set_alarm_9pm_20261001-124305-298.wav,set_alarm_9pm,Set an alarm at 9 PM,end_of_speech,3.5,1.36,6.0,3.5,bcresnet6,set_alarm_9pm,set_alarm_9pm,0.9836,correct
20261001-123944,"living room, quiet",set_alarm_9pm/set_alarm_9pm_20261001-124305-298.wav,set_alarm_9pm,Set an alarm at 9 PM,end_of_speech,3.5,1.36,6.0,3.5,bcresnet6_ownernoise,set_alarm_9pm,set_alarm_9pm,0.9787,correct
20261001-123944,"living room, quiet",volume_up/volume_up_20261001-124310-053.wav,volume_up,Volume up,end_of_speech,3.0,1.12,2.5,3.0,bcresnet6,volume_up,volume_up,0.9593,correct
20261001-123944,"living room, quiet",volume_up/volume_up_20261001-124310-053.wav,volume_up,Volume up,end_of_speech,3.0,1.12,2.5,3.0,bcresnet6_ownernoise,volume_up,volume_up,0.9533,correct
20261001-123944,"living room, quiet",volume_up/volume_up_20261001-124310-053.wav,volume_up,Volume up,end_of_speech,3.0,1.12,3.0,3.0,bcresnet6,volume_up,volume_up,0.9585,correct
20261001-123944,"living room, quiet",volume_up/volume_up_20261001-124310-053.wav,volume_up,Volume up,end_of_speech,3.0,1.12,3.0,3.0,bcresnet6_ownernoise,volume_up,volume_up,0.9528,correct
20261001-123944,"living room, quiet",volume_up/volume_up_20261001-124310-053.wav,volume_up,Volume up,end_of_speech,3.0,1.12,3.5,3.0,bcresnet6,volume_up,volume_up,0.9592,correct
20261001-123944,"living room, quiet",volume_up/volume_up_20261001-124310-053.wav,volume_up,Volume up,end_of_speech,3.0,1.12,3.5,3.0,bcresnet6_ownernoise,volume_up,volume_up,0.9525,correct
20261001-123944,"living room, quiet",volume_up/volume_up_20261001-124310-053.wav,volume_up,Volume up,end_of_speech,3.0,1.12,4.0,3.0,bcresnet6,volume_up,volume_up,0.9581,correct
20261001-123944,"living room, quiet",volume_up/volume_up_20261001-124310-053.wav,volume_up,Volume up,end_of_speech,3.0,1.12,4.0,3.0,bcresnet6_ownernoise,volume_up,volume_up,0.9529,correct
20261001-123944,"living room, quiet",volume_up/volume_up_20261001-124310-053.wav,volume_up,Volume up,end_of_speech,3.0,1.12,4.5,3.0,bcresnet6,volume_up,volume_up,0.9584,correct
20261001-123944,"living room, quiet",volume_up/volume_up_20261001-124310-053.wav,volume_up,Volume up,end_of_speech,3.0,1.12,4.5,3.0,bcresnet6_ownernoise,volume_up,volume_up,0.9518,correct
20261001-123944,"living room, quiet",volume_up/volume_up_20261001-124310-053.wav,volume_up,Volume up,end_of_speech,3.0,1.12,6.0,3.0,bcresnet6,volume_up,volume_up,0.9594,correct
20261001-123944,"living room, quiet",volume_up/volume_up_20261001-124310-053.wav,volume_up,Volume up,end_of_speech,3.0,1.12,6.0,3.0,bcresnet6_ownernoise,volume_up,volume_up,0.9535,correct
20261001-123944,"living room, quiet",stop/stop_20261001-124315-032.wav,stop,Stop,no_speech_detected,3.4,,2.5,3.4,bcresnet6,stop,stop,0.9796,correct
20261001-123944,"living room, quiet",stop/stop_20261001-124315-032.wav,stop,Stop,no_speech_detected,3.4,,2.5,3.4,bcresnet6_ownernoise,stop,stop,0.9746,correct
20261001-123944,"living room, quiet",stop/stop_20261001-124315-032.wav,stop,Stop,no_speech_detected,3.4,,3.0,3.4,bcresnet6,stop,stop,0.9796,correct
20261001-123944,"living room, quiet",stop/stop_20261001-124315-032.wav,stop,Stop,no_speech_detected,3.4,,3.0,3.4,bcresnet6_ownernoise,stop,stop,0.974,correct
20261001-123944,"living room, quiet",stop/stop_20261001-124315-032.wav,stop,Stop,no_speech_detected,3.4,,3.5,3.4,bcresnet6,stop,stop,0.9798,correct
20261001-123944,"living room, quiet",stop/stop_20261001-124315-032.wav,stop,Stop,no_speech_detected,3.4,,3.5,3.4,bcresnet6_ownernoise,stop,stop,0.9741,correct
20261001-123944,"living room, quiet",stop/stop_20261001-124315-032.wav,stop,Stop,no_speech_detected,3.4,,4.0,3.4,bcresnet6,stop,stop,0.9798,correct
20261001-123944,"living room, quiet",stop/stop_20261001-124315-032.wav,stop,Stop,no_speech_detected,3.4,,4.0,3.4,bcresnet6_ownernoise,stop,stop,0.9741,correct
20261001-123944,"living room, quiet",stop/stop_20261001-124315-032.wav,stop,Stop,no_speech_detected,3.4,,4.5,3.4,bcresnet6,stop,stop,0.9797,correct
20261001-123944,"living room, quiet",stop/stop_20261001-124315-032.wav,stop,Stop,no_speech_detected,3.4,,4.5,3.4,bcresnet6_ownernoise,stop,stop,0.9742,correct
20261001-123944,"living room, quiet",stop/stop_20261001-124315-032.wav,stop,Stop,no_speech_detected,3.4,,6.0,3.4,bcresnet6,stop,stop,0.9798,correct
20261001-123944,"living room, quiet",stop/stop_20261001-124315-032.wav,stop,Stop,no_speech_detected,3.4,,6.0,3.4,bcresnet6_ownernoise,stop,stop,0.9741,correct
20261001-123944,"living room, quiet",set_timer_5/set_timer_5_20261001-124320-209.wav,set_timer_5,Set a timer for 5 minutes,end_of_speech,3.7,1.52,2.5,3.7,bcresnet6,set_timer_5,set_timer_5,0.9879,correct
20261001-123944,"living room, quiet",set_timer_5/set_timer_5_20261001-124320-209.wav,set_timer_5,Set a timer for 5 minutes,end_of_speech,3.7,1.52,2.5,3.7,bcresnet6_ownernoise,set_timer_5,set_timer_5,0.9924,correct
20261001-123944,"living room, quiet",set_timer_5/set_timer_5_20261001-124320-209.wav,set_timer_5,Set a timer for 5 minutes,end_of_speech,3.7,1.52,3.0,3.7,bcresnet6,set_timer_5,set_timer_5,0.9877,correct
20261001-123944,"living room, quiet",set_timer_5/set_timer_5_20261001-124320-209.wav,set_timer_5,Set a timer for 5 minutes,end_of_speech,3.7,1.52,3.0,3.7,bcresnet6_ownernoise,set_timer_5,set_timer_5,0.9924,correct
20261001-123944,"living room, quiet",set_timer_5/set_timer_5_20261001-124320-209.wav,set_timer_5,Set a timer for 5 minutes,end_of_speech,3.7,1.52,3.5,3.7,bcresnet6,set_timer_5,set_timer_5,0.9878,correct
20261001-123944,"living room, quiet",set_timer_5/set_timer_5_20261001-124320-209.wav,set_timer_5,Set a timer for 5 minutes,end_of_speech,3.7,1.52,3.5,3.7,bcresnet6_ownernoise,set_timer_5,set_timer_5,0.9924,correct
20261001-123944,"living room, quiet",set_timer_5/set_timer_5_20261001-124320-209.wav,set_timer_5,Set a timer for 5 minutes,end_of_speech,3.7,1.52,4.0,3.7,bcresnet6,set_timer_5,set_timer_5,0.9878,correct
20261001-123944,"living room, quiet",set_timer_5/set_timer_5_20261001-124320-209.wav,set_timer_5,Set a timer for 5 minutes,end_of_speech,3.7,1.52,4.0,3.7,bcresnet6_ownernoise,set_timer_5,set_timer_5,0.9924,correct
20261001-123944,"living room, quiet",set_timer_5/set_timer_5_20261001-124320-209.wav,set_timer_5,Set a timer for 5 minutes,end_of_speech,3.7,1.52,4.5,3.7,bcresnet6,set_timer_5,set_timer_5,0.9877,correct
20261001-123944,"living room, quiet",set_timer_5/set_timer_5_20261001-124320-209.wav,set_timer_5,Set a timer for 5 minutes,end_of_speech,3.7,1.52,4.5,3.7,bcresnet6_ownernoise,set_timer_5,set_timer_5,0.9924,correct
20261001-123944,"living room, quiet",set_timer_5/set_timer_5_20261001-124320-209.wav,set_timer_5,Set a timer for 5 minutes,end_of_speech,3.7,1.52,6.0,3.7,bcresnet6,set_timer_5,set_timer_5,0.9876,correct
20261001-123944,"living room, quiet",set_timer_5/set_timer_5_20261001-124320-209.wav,set_timer_5,Set a timer for 5 minutes,end_of_speech,3.7,1.52,6.0,3.7,bcresnet6_ownernoise,set_timer_5,set_timer_5,0.9923,correct
20261001-123944,"living room, quiet",dim_lights_20/dim_lights_20_20261001-124325-783.wav,dim_lights_20,Dim lights to 20%,end_of_speech,3.6,1.32,2.5,3.6,bcresnet6,dim_lights_20,dim_lights_20,0.968,correct
20261001-123944,"living room, quiet",dim_lights_20/dim_lights_20_20261001-124325-783.wav,dim_lights_20,Dim lights to 20%,end_of_speech,3.6,1.32,2.5,3.6,bcresnet6_ownernoise,dim_lights_20,dim_lights_20,0.9764,correct
20261001-123944,"living room, quiet",dim_lights_20/dim_lights_20_20261001-124325-783.wav,dim_lights_20,Dim lights to 20%,end_of_speech,3.6,1.32,3.0,3.6,bcresnet6,dim_lights_20,dim_lights_20,0.9683,correct
20261001-123944,"living room, quiet",dim_lights_20/dim_lights_20_20261001-124325-783.wav,dim_lights_20,Dim lights to 20%,end_of_speech,3.6,1.32,3.0,3.6,bcresnet6_ownernoise,dim_lights_20,dim_lights_20,0.9767,correct
20261001-123944,"living room, quiet",dim_lights_20/dim_lights_20_20261001-124325-783.wav,dim_lights_20,Dim lights to 20%,end_of_speech,3.6,1.32,3.5,3.6,bcresnet6,dim_lights_20,dim_lights_20,0.9682,correct
20261001-123944,"living room, quiet",dim_lights_20/dim_lights_20_20261001-124325-783.wav,dim_lights_20,Dim lights to 20%,end_of_speech,3.6,1.32,3.5,3.6,bcresnet6_ownernoise,dim_lights_20,dim_lights_20,0.9764,correct
20261001-123944,"living room, quiet",dim_lights_20/dim_lights_20_20261001-124325-783.wav,dim_lights_20,Dim lights to 20%,end_of_speech,3.6,1.32,4.0,3.6,bcresnet6,dim_lights_20,dim_lights_20,0.9678,correct
20261001-123944,"living room, quiet",dim_lights_20/dim_lights_20_20261001-124325-783.wav,dim_lights_20,Dim lights to 20%,end_of_speech,3.6,1.32,4.0,3.6,bcresnet6_ownernoise,dim_lights_20,dim_lights_20,0.9765,correct
20261001-123944,"living room, quiet",dim_lights_20/dim_lights_20_20261001-124325-783.wav,dim_lights_20,Dim lights to 20%,end_of_speech,3.6,1.32,4.5,3.6,bcresnet6,dim_lights_20,dim_lights_20,0.968,correct
20261001-123944,"living room, quiet",dim_lights_20/dim_lights_20_20261001-124325-783.wav,dim_lights_20,Dim lights to 20%,end_of_speech,3.6,1.32,4.5,3.6,bcresnet6_ownernoise,dim_lights_20,dim_lights_20,0.9762,correct
20261001-123944,"living room, quiet",dim_lights_20/dim_lights_20_20261001-124325-783.wav,dim_lights_20,Dim lights to 20%,end_of_speech,3.6,1.32,6.0,3.6,bcresnet6,dim_lights_20,dim_lights_20,0.9678,correct
20261001-123944,"living room, quiet",dim_lights_20/dim_lights_20_20261001-124325-783.wav,dim_lights_20,Dim lights to 20%,end_of_speech,3.6,1.32,6.0,3.6,bcresnet6_ownernoise,dim_lights_20,dim_lights_20,0.9762,correct
20261001-123944,"living room, quiet",remind_study/remind_study_20261001-124331-464.wav,remind_study,Remind me to study for my exam,end_of_speech,3.6,1.26,2.5,3.6,bcresnet6,remind_study,remind_study,0.9722,correct
20261001-123944,"living room, quiet",remind_study/remind_study_20261001-124331-464.wav,remind_study,Remind me to study for my exam,end_of_speech,3.6,1.26,2.5,3.6,bcresnet6_ownernoise,remind_study,remind_study,0.9658,correct
20261001-123944,"living room, quiet",remind_study/remind_study_20261001-124331-464.wav,remind_study,Remind me to study for my exam,end_of_speech,3.6,1.26,3.0,3.6,bcresnet6,remind_study,remind_study,0.9725,correct
20261001-123944,"living room, quiet",remind_study/remind_study_20261001-124331-464.wav,remind_study,Remind me to study for my exam,end_of_speech,3.6,1.26,3.0,3.6,bcresnet6_ownernoise,remind_study,remind_study,0.9657,correct
20261001-123944,"living room, quiet",remind_study/remind_study_20261001-124331-464.wav,remind_study,Remind me to study for my exam,end_of_speech,3.6,1.26,3.5,3.6,bcresnet6,remind_study,remind_study,0.973,correct
20261001-123944,"living room, quiet",remind_study/remind_study_20261001-124331-464.wav,remind_study,Remind me to study for my exam,end_of_speech,3.6,1.26,3.5,3.6,bcresnet6_ownernoise,remind_study,remind_study,0.9656,correct
20261001-123944,"living room, quiet",remind_study/remind_study_20261001-124331-464.wav,remind_study,Remind me to study for my exam,end_of_speech,3.6,1.26,4.0,3.6,bcresnet6,remind_study,remind_study,0.9721,correct
20261001-123944,"living room, quiet",remind_study/remind_study_20261001-124331-464.wav,remind_study,Remind me to study for my exam,end_of_speech,3.6,1.26,4.0,3.6,bcresnet6_ownernoise,remind_study,remind_study,0.9656,correct
20261001-123944,"living room, quiet",remind_study/remind_study_20261001-124331-464.wav,remind_study,Remind me to study for my exam,end_of_speech,3.6,1.26,4.5,3.6,bcresnet6,remind_study,remind_study,0.9726,correct
20261001-123944,"living room, quiet",remind_study/remind_study_20261001-124331-464.wav,remind_study,Remind me to study for my exam,end_of_speech,3.6,1.26,4.5,3.6,bcresnet6_ownernoise,remind_study,remind_study,0.9656,correct
20261001-123944,"living room, quiet",remind_study/remind_study_20261001-124331-464.wav,remind_study,Remind me to study for my exam,end_of_speech,3.6,1.26,6.0,3.6,bcresnet6,remind_study,remind_study,0.9721,correct
20261001-123944,"living room, quiet",remind_study/remind_study_20261001-124331-464.wav,remind_study,Remind me to study for my exam,end_of_speech,3.6,1.26,6.0,3.6,bcresnet6_ownernoise,remind_study,remind_study,0.9656,correct
20261001-123944,"living room, quiet",set_temperature_26/set_temperature_26_20261001-124336-419.wav,set_temperature_26,Set temperature to 26 degrees,end_of_speech,3.1,1.24,2.5,3.1,bcresnet6,set_temperature_26,set_temperature_26,0.9666,correct
20261001-123944,"living room, quiet",set_temperature_26/set_temperature_26_20261001-124336-419.wav,set_temperature_26,Set temperature to 26 degrees,end_of_speech,3.1,1.24,2.5,3.1,bcresnet6_ownernoise,set_temperature_26,set_temperature_26,0.8965,correct
20261001-123944,"living room, quiet",set_temperature_26/set_temperature_26_20261001-124336-419.wav,set_temperature_26,Set temperature to 26 degrees,end_of_speech,3.1,1.24,3.0,3.1,bcresnet6,set_temperature_26,set_temperature_26,0.9669,correct
20261001-123944,"living room, quiet",set_temperature_26/set_temperature_26_20261001-124336-419.wav,set_temperature_26,Set temperature to 26 degrees,end_of_speech,3.1,1.24,3.0,3.1,bcresnet6_ownernoise,set_temperature_26,set_temperature_26,0.8962,correct
20261001-123944,"living room, quiet",set_temperature_26/set_temperature_26_20261001-124336-419.wav,set_temperature_26,Set temperature to 26 degrees,end_of_speech,3.1,1.24,3.5,3.1,bcresnet6,set_temperature_26,set_temperature_26,0.9665,correct
20261001-123944,"living room, quiet",set_temperature_26/set_temperature_26_20261001-124336-419.wav,set_temperature_26,Set temperature to 26 degrees,end_of_speech,3.1,1.24,3.5,3.1,bcresnet6_ownernoise,set_temperature_26,set_temperature_26,0.8963,correct
20261001-123944,"living room, quiet",set_temperature_26/set_temperature_26_20261001-124336-419.wav,set_temperature_26,Set temperature to 26 degrees,end_of_speech,3.1,1.24,4.0,3.1,bcresnet6,set_temperature_26,set_temperature_26,0.9656,correct
20261001-123944,"living room, quiet",set_temperature_26/set_temperature_26_20261001-124336-419.wav,set_temperature_26,Set temperature to 26 degrees,end_of_speech,3.1,1.24,4.0,3.1,bcresnet6_ownernoise,set_temperature_26,set_temperature_26,0.896,correct
20261001-123944,"living room, quiet",set_temperature_26/set_temperature_26_20261001-124336-419.wav,set_temperature_26,Set temperature to 26 degrees,end_of_speech,3.1,1.24,4.5,3.1,bcresnet6,set_temperature_26,set_temperature_26,0.9666,correct
20261001-123944,"living room, quiet",set_temperature_26/set_temperature_26_20261001-124336-419.wav,set_temperature_26,Set temperature to 26 degrees,end_of_speech,3.1,1.24,4.5,3.1,bcresnet6_ownernoise,set_temperature_26,set_temperature_26,0.8963,correct
20261001-123944,"living room, quiet",set_temperature_26/set_temperature_26_20261001-124336-419.wav,set_temperature_26,Set temperature to 26 degrees,end_of_speech,3.1,1.24,6.0,3.1,bcresnet6,set_temperature_26,set_temperature_26,0.9658,correct
20261001-123944,"living room, quiet",set_temperature_26/set_temperature_26_20261001-124336-419.wav,set_temperature_26,Set temperature to 26 degrees,end_of_speech,3.1,1.24,6.0,3.1,bcresnet6_ownernoise,set_temperature_26,set_temperature_26,0.8955,correct
20261001-123944,"living room, quiet",dim_lights_80/dim_lights_80_20261001-124342-009.wav,dim_lights_80,Dim lights to 80%,end_of_speech,3.6,1.38,2.5,3.6,bcresnet6,dim_lights_80,dim_lights_80,0.9833,correct
20261001-123944,"living room, quiet",dim_lights_80/dim_lights_80_20261001-124342-009.wav,dim_lights_80,Dim lights to 80%,end_of_speech,3.6,1.38,2.5,3.6,bcresnet6_ownernoise,dim_lights_80,dim_lights_80,0.9953,correct
20261001-123944,"living room, quiet",dim_lights_80/dim_lights_80_20261001-124342-009.wav,dim_lights_80,Dim lights to 80%,end_of_speech,3.6,1.38,3.0,3.6,bcresnet6,dim_lights_80,dim_lights_80,0.9835,correct
20261001-123944,"living room, quiet",dim_lights_80/dim_lights_80_20261001-124342-009.wav,dim_lights_80,Dim lights to 80%,end_of_speech,3.6,1.38,3.0,3.6,bcresnet6_ownernoise,dim_lights_80,dim_lights_80,0.9954,correct
20261001-123944,"living room, quiet",dim_lights_80/dim_lights_80_20261001-124342-009.wav,dim_lights_80,Dim lights to 80%,end_of_speech,3.6,1.38,3.5,3.6,bcresnet6,dim_lights_80,dim_lights_80,0.9834,correct
20261001-123944,"living room, quiet",dim_lights_80/dim_lights_80_20261001-124342-009.wav,dim_lights_80,Dim lights to 80%,end_of_speech,3.6,1.38,3.5,3.6,bcresnet6_ownernoise,dim_lights_80,dim_lights_80,0.9952,correct
20261001-123944,"living room, quiet",dim_lights_80/dim_lights_80_20261001-124342-009.wav,dim_lights_80,Dim lights to 80%,end_of_speech,3.6,1.38,4.0,3.6,bcresnet6,dim_lights_80,dim_lights_80,0.9835,correct
20261001-123944,"living room, quiet",dim_lights_80/dim_lights_80_20261001-124342-009.wav,dim_lights_80,Dim lights to 80%,end_of_speech,3.6,1.38,4.0,3.6,bcresnet6_ownernoise,dim_lights_80,dim_lights_80,0.9952,correct
20261001-123944,"living room, quiet",dim_lights_80/dim_lights_80_20261001-124342-009.wav,dim_lights_80,Dim lights to 80%,end_of_speech,3.6,1.38,4.5,3.6,bcresnet6,dim_lights_80,dim_lights_80,0.9833,correct
20261001-123944,"living room, quiet",dim_lights_80/dim_lights_80_20261001-124342-009.wav,dim_lights_80,Dim lights to 80%,end_of_speech,3.6,1.38,4.5,3.6,bcresnet6_ownernoise,dim_lights_80,dim_lights_80,0.9952,correct
20261001-123944,"living room, quiet",dim_lights_80/dim_lights_80_20261001-124342-009.wav,dim_lights_80,Dim lights to 80%,end_of_speech,3.6,1.38,6.0,3.6,bcresnet6,dim_lights_80,dim_lights_80,0.9834,correct
20261001-123944,"living room, quiet",dim_lights_80/dim_lights_80_20261001-124342-009.wav,dim_lights_80,Dim lights to 80%,end_of_speech,3.6,1.38,6.0,3.6,bcresnet6_ownernoise,dim_lights_80,dim_lights_80,0.9953,correct
20261001-123944,"living room, quiet",stop/stop_20261001-124346-154.wav,stop,Stop,end_of_speech,2.4,1.14,2.5,2.4,bcresnet6,stop,stop,0.9908,correct
20261001-123944,"living room, quiet",stop/stop_20261001-124346-154.wav,stop,Stop,end_of_speech,2.4,1.14,2.5,2.4,bcresnet6_ownernoise,stop,stop,0.9833,correct
20261001-123944,"living room, quiet",stop/stop_20261001-124346-154.wav,stop,Stop,end_of_speech,2.4,1.14,3.0,2.4,bcresnet6,stop,stop,0.9908,correct
20261001-123944,"living room, quiet",stop/stop_20261001-124346-154.wav,stop,Stop,end_of_speech,2.4,1.14,3.0,2.4,bcresnet6_ownernoise,stop,stop,0.9834,correct
20261001-123944,"living room, quiet",stop/stop_20261001-124346-154.wav,stop,Stop,end_of_speech,2.4,1.14,3.5,2.4,bcresnet6,stop,stop,0.9907,correct
20261001-123944,"living room, quiet",stop/stop_20261001-124346-154.wav,stop,Stop,end_of_speech,2.4,1.14,3.5,2.4,bcresnet6_ownernoise,stop,stop,0.9834,correct
20261001-123944,"living room, quiet",stop/stop_20261001-124346-154.wav,stop,Stop,end_of_speech,2.4,1.14,4.0,2.4,bcresnet6,stop,stop,0.9908,correct
20261001-123944,"living room, quiet",stop/stop_20261001-124346-154.wav,stop,Stop,end_of_speech,2.4,1.14,4.0,2.4,bcresnet6_ownernoise,stop,stop,0.9833,correct
20261001-123944,"living room, quiet",stop/stop_20261001-124346-154.wav,stop,Stop,end_of_speech,2.4,1.14,4.5,2.4,bcresnet6,stop,stop,0.9908,correct
20261001-123944,"living room, quiet",stop/stop_20261001-124346-154.wav,stop,Stop,end_of_speech,2.4,1.14,4.5,2.4,bcresnet6_ownernoise,stop,stop,0.9835,correct
20261001-123944,"living room, quiet",stop/stop_20261001-124346-154.wav,stop,Stop,end_of_speech,2.4,1.14,6.0,2.4,bcresnet6,stop,stop,0.9908,correct
20261001-123944,"living room, quiet",stop/stop_20261001-124346-154.wav,stop,Stop,end_of_speech,2.4,1.14,6.0,2.4,bcresnet6_ownernoise,stop,stop,0.9835,correct
20261001-123944,"living room, quiet",set_alarm_9pm/set_alarm_9pm_20261001-124352-252.wav,set_alarm_9pm,Set an alarm at 9 PM,end_of_speech,3.5,1.32,2.5,3.5,bcresnet6,set_alarm_9pm,set_alarm_9pm,0.9927,correct
20261001-123944,"living room, quiet",set_alarm_9pm/set_alarm_9pm_20261001-124352-252.wav,set_alarm_9pm,Set an alarm at 9 PM,end_of_speech,3.5,1.32,2.5,3.5,bcresnet6_ownernoise,set_alarm_9pm,set_alarm_9pm,0.9949,correct
20261001-123944,"living room, quiet",set_alarm_9pm/set_alarm_9pm_20261001-124352-252.wav,set_alarm_9pm,Set an alarm at 9 PM,end_of_speech,3.5,1.32,3.0,3.5,bcresnet6,set_alarm_9pm,set_alarm_9pm,0.9928,correct
20261001-123944,"living room, quiet",set_alarm_9pm/set_alarm_9pm_20261001-124352-252.wav,set_alarm_9pm,Set an alarm at 9 PM,end_of_speech,3.5,1.32,3.0,3.5,bcresnet6_ownernoise,set_alarm_9pm,set_alarm_9pm,0.9949,correct
20261001-123944,"living room, quiet",set_alarm_9pm/set_alarm_9pm_20261001-124352-252.wav,set_alarm_9pm,Set an alarm at 9 PM,end_of_speech,3.5,1.32,3.5,3.5,bcresnet6,set_alarm_9pm,set_alarm_9pm,0.9928,correct
20261001-123944,"living room, quiet",set_alarm_9pm/set_alarm_9pm_20261001-124352-252.wav,set_alarm_9pm,Set an alarm at 9 PM,end_of_speech,3.5,1.32,3.5,3.5,bcresnet6_ownernoise,set_alarm_9pm,set_alarm_9pm,0.9949,correct
20261001-123944,"living room, quiet",set_alarm_9pm/set_alarm_9pm_20261001-124352-252.wav,set_alarm_9pm,Set an alarm at 9 PM,end_of_speech,3.5,1.32,4.0,3.5,bcresnet6,set_alarm_9pm,set_alarm_9pm,0.9926,correct
20261001-123944,"living room, quiet",set_alarm_9pm/set_alarm_9pm_20261001-124352-252.wav,set_alarm_9pm,Set an alarm at 9 PM,end_of_speech,3.5,1.32,4.0,3.5,bcresnet6_ownernoise,set_alarm_9pm,set_alarm_9pm,0.9948,correct
20261001-123944,"living room, quiet",set_alarm_9pm/set_alarm_9pm_20261001-124352-252.wav,set_alarm_9pm,Set an alarm at 9 PM,end_of_speech,3.5,1.32,4.5,3.5,bcresnet6,set_alarm_9pm,set_alarm_9pm,0.9928,correct
20261001-123944,"living room, quiet",set_alarm_9pm/set_alarm_9pm_20261001-124352-252.wav,set_alarm_9pm,Set an alarm at 9 PM,end_of_speech,3.5,1.32,4.5,3.5,bcresnet6_ownernoise,set_alarm_9pm,set_alarm_9pm,0.9948,correct
20261001-123944,"living room, quiet",set_alarm_9pm/set_alarm_9pm_20261001-124352-252.wav,set_alarm_9pm,Set an alarm at 9 PM,end_of_speech,3.5,1.32,6.0,3.5,bcresnet6,set_alarm_9pm,set_alarm_9pm,0.9929,correct
20261001-123944,"living room, quiet",set_alarm_9pm/set_alarm_9pm_20261001-124352-252.wav,set_alarm_9pm,Set an alarm at 9 PM,end_of_speech,3.5,1.32,6.0,3.5,bcresnet6_ownernoise,set_alarm_9pm,set_alarm_9pm,0.9948,correct
20261001-123944,"living room, quiet",set_temperature_18/set_temperature_18_20261001-124358-134.wav,set_temperature_18,Set temperature to 18 degrees,end_of_speech,3.7,1.96,2.5,3.7,bcresnet6,set_temperature_18,set_temperature_18,0.977,correct
20261001-123944,"living room, quiet",set_temperature_18/set_temperature_18_20261001-124358-134.wav,set_temperature_18,Set temperature to 18 degrees,end_of_speech,3.7,1.96,2.5,3.7,bcresnet6_ownernoise,set_temperature_18,set_temperature_18,0.9843,correct
20261001-123944,"living room, quiet",set_temperature_18/set_temperature_18_20261001-124358-134.wav,set_temperature_18,Set temperature to 18 degrees,end_of_speech,3.7,1.96,3.0,3.7,bcresnet6,set_temperature_18,set_temperature_18,0.9766,correct
20261001-123944,"living room, quiet",set_temperature_18/set_temperature_18_20261001-124358-134.wav,set_temperature_18,Set temperature to 18 degrees,end_of_speech,3.7,1.96,3.0,3.7,bcresnet6_ownernoise,set_temperature_18,set_temperature_18,0.9844,correct
20261001-123944,"living room, quiet",set_temperature_18/set_temperature_18_20261001-124358-134.wav,set_temperature_18,Set temperature to 18 degrees,end_of_speech,3.7,1.96,3.5,3.7,bcresnet6,set_temperature_18,set_temperature_18,0.9771,correct
20261001-123944,"living room, quiet",set_temperature_18/set_temperature_18_20261001-124358-134.wav,set_temperature_18,Set temperature to 18 degrees,end_of_speech,3.7,1.96,3.5,3.7,bcresnet6_ownernoise,set_temperature_18,set_temperature_18,0.9844,correct
20261001-123944,"living room, quiet",set_temperature_18/set_temperature_18_20261001-124358-134.wav,set_temperature_18,Set temperature to 18 degrees,end_of_speech,3.7,1.96,4.0,3.7,bcresnet6,set_temperature_18,set_temperature_18,0.9775,correct
20261001-123944,"living room, quiet",set_temperature_18/set_temperature_18_20261001-124358-134.wav,set_temperature_18,Set temperature to 18 degrees,end_of_speech,3.7,1.96,4.0,3.7,bcresnet6_ownernoise,set_temperature_18,set_temperature_18,0.9843,correct
20261001-123944,"living room, quiet",set_temperature_18/set_temperature_18_20261001-124358-134.wav,set_temperature_18,Set temperature to 18 degrees,end_of_speech,3.7,1.96,4.5,3.7,bcresnet6,set_temperature_18,set_temperature_18,0.9772,correct
20261001-123944,"living room, quiet",set_temperature_18/set_temperature_18_20261001-124358-134.wav,set_temperature_18,Set temperature to 18 degrees,end_of_speech,3.7,1.96,4.5,3.7,bcresnet6_ownernoise,set_temperature_18,set_temperature_18,0.9845,correct
20261001-123944,"living room, quiet",set_temperature_18/set_temperature_18_20261001-124358-134.wav,set_temperature_18,Set temperature to 18 degrees,end_of_speech,3.7,1.96,6.0,3.7,bcresnet6,set_temperature_18,set_temperature_18,0.9761,correct
20261001-123944,"living room, quiet",set_temperature_18/set_temperature_18_20261001-124358-134.wav,set_temperature_18,Set temperature to 18 degrees,end_of_speech,3.7,1.96,6.0,3.7,bcresnet6_ownernoise,set_temperature_18,set_temperature_18,0.9844,correct
20261001-125647,"living room, quiet, voice message, me",volume_down/volume_down_20261001-125746-749.wav,volume_down,Volume down,end_of_speech,3.9,2.36,2.5,3.9,bcresnet6,volume_down,volume_down,0.9387,correct
20261001-125647,"living room, quiet, voice message, me",volume_down/volume_down_20261001-125746-749.wav,volume_down,Volume down,end_of_speech,3.9,2.36,2.5,3.9,bcresnet6_ownernoise,volume_down,volume_down,0.9361,correct
20261001-125647,"living room, quiet, voice message, me",volume_down/volume_down_20261001-125746-749.wav,volume_down,Volume down,end_of_speech,3.9,2.36,3.0,3.9,bcresnet6,volume_down,volume_down,0.9373,correct
20261001-125647,"living room, quiet, voice message, me",volume_down/volume_down_20261001-125746-749.wav,volume_down,Volume down,end_of_speech,3.9,2.36,3.0,3.9,bcresnet6_ownernoise,volume_down,volume_down,0.9356,correct
20261001-125647,"living room, quiet, voice message, me",volume_down/volume_down_20261001-125746-749.wav,volume_down,Volume down,end_of_speech,3.9,2.36,3.5,3.9,bcresnet6,volume_down,volume_down,0.9408,correct
20261001-125647,"living room, quiet, voice message, me",volume_down/volume_down_20261001-125746-749.wav,volume_down,Volume down,end_of_speech,3.9,2.36,3.5,3.9,bcresnet6_ownernoise,volume_down,volume_down,0.9373,correct
20261001-125647,"living room, quiet, voice message, me",volume_down/volume_down_20261001-125746-749.wav,volume_down,Volume down,end_of_speech,3.9,2.36,4.0,3.9,bcresnet6,volume_down,volume_down,0.9387,correct
20261001-125647,"living room, quiet, voice message, me",volume_down/volume_down_20261001-125746-749.wav,volume_down,Volume down,end_of_speech,3.9,2.36,4.0,3.9,bcresnet6_ownernoise,volume_down,volume_down,0.9367,correct
20261001-125647,"living room, quiet, voice message, me",volume_down/volume_down_20261001-125746-749.wav,volume_down,Volume down,end_of_speech,3.9,2.36,4.5,3.9,bcresnet6,volume_down,volume_down,0.9388,correct
20261001-125647,"living room, quiet, voice message, me",volume_down/volume_down_20261001-125746-749.wav,volume_down,Volume down,end_of_speech,3.9,2.36,4.5,3.9,bcresnet6_ownernoise,volume_down,volume_down,0.937,correct
20261001-125647,"living room, quiet, voice message, me",volume_down/volume_down_20261001-125746-749.wav,volume_down,Volume down,end_of_speech,3.9,2.36,6.0,3.9,bcresnet6,volume_down,volume_down,0.9383,correct
20261001-125647,"living room, quiet, voice message, me",volume_down/volume_down_20261001-125746-749.wav,volume_down,Volume down,end_of_speech,3.9,2.36,6.0,3.9,bcresnet6_ownernoise,volume_down,volume_down,0.9372,correct
20261001-125647,"living room, quiet, voice message, me",remind_study/remind_study_20261001-125821-014.wav,remind_study,Remind me to study for my exam,end_of_speech,4.0,1.3,2.5,3.8,bcresnet6,remind_study,remind_study,0.9634,correct
20261001-125647,"living room, quiet, voice message, me",remind_study/remind_study_20261001-125821-014.wav,remind_study,Remind me to study for my exam,end_of_speech,4.0,1.3,2.5,3.8,bcresnet6_ownernoise,remind_study,remind_study,0.9268,correct
20261001-125647,"living room, quiet, voice message, me",remind_study/remind_study_20261001-125821-014.wav,remind_study,Remind me to study for my exam,end_of_speech,4.0,1.3,3.0,4.0,bcresnet6,remind_study,remind_study,0.9654,correct
20261001-125647,"living room, quiet, voice message, me",remind_study/remind_study_20261001-125821-014.wav,remind_study,Remind me to study for my exam,end_of_speech,4.0,1.3,3.0,4.0,bcresnet6_ownernoise,remind_study,remind_study,0.933,correct
20261001-125647,"living room, quiet, voice message, me",remind_study/remind_study_20261001-125821-014.wav,remind_study,Remind me to study for my exam,end_of_speech,4.0,1.3,3.5,4.0,bcresnet6,remind_study,remind_study,0.9655,correct
20261001-125647,"living room, quiet, voice message, me",remind_study/remind_study_20261001-125821-014.wav,remind_study,Remind me to study for my exam,end_of_speech,4.0,1.3,3.5,4.0,bcresnet6_ownernoise,remind_study,remind_study,0.9328,correct
20261001-125647,"living room, quiet, voice message, me",remind_study/remind_study_20261001-125821-014.wav,remind_study,Remind me to study for my exam,end_of_speech,4.0,1.3,4.0,4.0,bcresnet6,remind_study,remind_study,0.9655,correct
20261001-125647,"living room, quiet, voice message, me",remind_study/remind_study_20261001-125821-014.wav,remind_study,Remind me to study for my exam,end_of_speech,4.0,1.3,4.0,4.0,bcresnet6_ownernoise,remind_study,remind_study,0.9327,correct
20261001-125647,"living room, quiet, voice message, me",remind_study/remind_study_20261001-125821-014.wav,remind_study,Remind me to study for my exam,end_of_speech,4.0,1.3,4.5,4.0,bcresnet6,remind_study,remind_study,0.9655,correct
20261001-125647,"living room, quiet, voice message, me",remind_study/remind_study_20261001-125821-014.wav,remind_study,Remind me to study for my exam,end_of_speech,4.0,1.3,4.5,4.0,bcresnet6_ownernoise,remind_study,remind_study,0.9323,correct
20261001-125647,"living room, quiet, voice message, me",remind_study/remind_study_20261001-125821-014.wav,remind_study,Remind me to study for my exam,end_of_speech,4.0,1.3,6.0,4.0,bcresnet6,remind_study,remind_study,0.9656,correct
20261001-125647,"living room, quiet, voice message, me",remind_study/remind_study_20261001-125821-014.wav,remind_study,Remind me to study for my exam,end_of_speech,4.0,1.3,6.0,4.0,bcresnet6_ownernoise,remind_study,remind_study,0.9324,correct
20261001-125842,"living room, quiet, talker #2",play_music/play_music_20261001-125846-881.wav,play_music,Play music,end_of_speech,2.9,1.14,2.5,2.9,bcresnet6,play_music,play_music,0.9625,correct
20261001-125842,"living room, quiet, talker #2",play_music/play_music_20261001-125846-881.wav,play_music,Play music,end_of_speech,2.9,1.14,2.5,2.9,bcresnet6_ownernoise,play_music,play_music,0.9802,correct
20261001-125842,"living room, quiet, talker #2",play_music/play_music_20261001-125846-881.wav,play_music,Play music,end_of_speech,2.9,1.14,3.0,2.9,bcresnet6,play_music,play_music,0.962,correct
20261001-125842,"living room, quiet, talker #2",play_music/play_music_20261001-125846-881.wav,play_music,Play music,end_of_speech,2.9,1.14,3.0,2.9,bcresnet6_ownernoise,play_music,play_music,0.9805,correct
20261001-125842,"living room, quiet, talker #2",play_music/play_music_20261001-125846-881.wav,play_music,Play music,end_of_speech,2.9,1.14,3.5,2.9,bcresnet6,play_music,play_music,0.962,correct
20261001-125842,"living room, quiet, talker #2",play_music/play_music_20261001-125846-881.wav,play_music,Play music,end_of_speech,2.9,1.14,3.5,2.9,bcresnet6_ownernoise,play_music,play_music,0.9803,correct
20261001-125842,"living room, quiet, talker #2",play_music/play_music_20261001-125846-881.wav,play_music,Play music,end_of_speech,2.9,1.14,4.0,2.9,bcresnet6,play_music,play_music,0.9624,correct
20261001-125842,"living room, quiet, talker #2",play_music/play_music_20261001-125846-881.wav,play_music,Play music,end_of_speech,2.9,1.14,4.0,2.9,bcresnet6_ownernoise,play_music,play_music,0.9801,correct
20261001-125842,"living room, quiet, talker #2",play_music/play_music_20261001-125846-881.wav,play_music,Play music,end_of_speech,2.9,1.14,4.5,2.9,bcresnet6,play_music,play_music,0.9619,correct
20261001-125842,"living room, quiet, talker #2",play_music/play_music_20261001-125846-881.wav,play_music,Play music,end_of_speech,2.9,1.14,4.5,2.9,bcresnet6_ownernoise,play_music,play_music,0.9803,correct
20261001-125842,"living room, quiet, talker #2",play_music/play_music_20261001-125846-881.wav,play_music,Play music,end_of_speech,2.9,1.14,6.0,2.9,bcresnet6,play_music,play_music,0.9614,correct
20261001-125842,"living room, quiet, talker #2",play_music/play_music_20261001-125846-881.wav,play_music,Play music,end_of_speech,2.9,1.14,6.0,2.9,bcresnet6_ownernoise,play_music,play_music,0.9802,correct
20261001-125842,"living room, quiet, talker #2",remind_study/remind_study_20261001-125852-978.wav,remind_study,Remind me to study for my exam,end_of_speech,4.0,1.16,2.5,3.66,bcresnet6,remind_study,remind_study,0.9772,correct
20261001-125842,"living room, quiet, talker #2",remind_study/remind_study_20261001-125852-978.wav,remind_study,Remind me to study for my exam,end_of_speech,4.0,1.16,2.5,3.66,bcresnet6_ownernoise,remind_study,remind_study,0.9605,correct
20261001-125842,"living room, quiet, talker #2",remind_study/remind_study_20261001-125852-978.wav,remind_study,Remind me to study for my exam,end_of_speech,4.0,1.16,3.0,4.0,bcresnet6,remind_study,remind_study,0.9807,correct
20261001-125842,"living room, quiet, talker #2",remind_study/remind_study_20261001-125852-978.wav,remind_study,Remind me to study for my exam,end_of_speech,4.0,1.16,3.0,4.0,bcresnet6_ownernoise,remind_study,remind_study,0.9661,correct
20261001-125842,"living room, quiet, talker #2",remind_study/remind_study_20261001-125852-978.wav,remind_study,Remind me to study for my exam,end_of_speech,4.0,1.16,3.5,4.0,bcresnet6,remind_study,remind_study,0.9806,correct
20261001-125842,"living room, quiet, talker #2",remind_study/remind_study_20261001-125852-978.wav,remind_study,Remind me to study for my exam,end_of_speech,4.0,1.16,3.5,4.0,bcresnet6_ownernoise,remind_study,remind_study,0.9658,correct
20261001-125842,"living room, quiet, talker #2",remind_study/remind_study_20261001-125852-978.wav,remind_study,Remind me to study for my exam,end_of_speech,4.0,1.16,4.0,4.0,bcresnet6,remind_study,remind_study,0.9807,correct
20261001-125842,"living room, quiet, talker #2",remind_study/remind_study_20261001-125852-978.wav,remind_study,Remind me to study for my exam,end_of_speech,4.0,1.16,4.0,4.0,bcresnet6_ownernoise,remind_study,remind_study,0.966,correct
20261001-125842,"living room, quiet, talker #2",remind_study/remind_study_20261001-125852-978.wav,remind_study,Remind me to study for my exam,end_of_speech,4.0,1.16,4.5,4.0,bcresnet6,remind_study,remind_study,0.9806,correct
20261001-125842,"living room, quiet, talker #2",remind_study/remind_study_20261001-125852-978.wav,remind_study,Remind me to study for my exam,end_of_speech,4.0,1.16,4.5,4.0,bcresnet6_ownernoise,remind_study,remind_study,0.966,correct
20261001-125842,"living room, quiet, talker #2",remind_study/remind_study_20261001-125852-978.wav,remind_study,Remind me to study for my exam,end_of_speech,4.0,1.16,6.0,4.0,bcresnet6,remind_study,remind_study,0.9802,correct
20261001-125842,"living room, quiet, talker #2",remind_study/remind_study_20261001-125852-978.wav,remind_study,Remind me to study for my exam,end_of_speech,4.0,1.16,6.0,4.0,bcresnet6_ownernoise,remind_study,remind_study,0.9661,correct
20261001-125842,"living room, quiet, talker #2",volume_down/volume_down_20261001-125857-833.wav,volume_down,Volume down,end_of_speech,3.2,1.2,2.5,3.2,bcresnet6,volume_down,volume_down,0.9618,correct
20261001-125842,"living room, quiet, talker #2",volume_down/volume_down_20261001-125857-833.wav,volume_down,Volume down,end_of_speech,3.2,1.2,2.5,3.2,bcresnet6_ownernoise,volume_down,volume_down,0.9705,correct
20261001-125842,"living room, quiet, talker #2",volume_down/volume_down_20261001-125857-833.wav,volume_down,Volume down,end_of_speech,3.2,1.2,3.0,3.2,bcresnet6,volume_down,volume_down,0.9622,correct
20261001-125842,"living room, quiet, talker #2",volume_down/volume_down_20261001-125857-833.wav,volume_down,Volume down,end_of_speech,3.2,1.2,3.0,3.2,bcresnet6_ownernoise,volume_down,volume_down,0.9705,correct
20261001-125842,"living room, quiet, talker #2",volume_down/volume_down_20261001-125857-833.wav,volume_down,Volume down,end_of_speech,3.2,1.2,3.5,3.2,bcresnet6,volume_down,volume_down,0.9627,correct
20261001-125842,"living room, quiet, talker #2",volume_down/volume_down_20261001-125857-833.wav,volume_down,Volume down,end_of_speech,3.2,1.2,3.5,3.2,bcresnet6_ownernoise,volume_down,volume_down,0.9705,correct
20261001-125842,"living room, quiet, talker #2",volume_down/volume_down_20261001-125857-833.wav,volume_down,Volume down,end_of_speech,3.2,1.2,4.0,3.2,bcresnet6,volume_down,volume_down,0.9612,correct
20261001-125842,"living room, quiet, talker #2",volume_down/volume_down_20261001-125857-833.wav,volume_down,Volume down,end_of_speech,3.2,1.2,4.0,3.2,bcresnet6_ownernoise,volume_down,volume_down,0.9702,correct
20261001-125842,"living room, quiet, talker #2",volume_down/volume_down_20261001-125857-833.wav,volume_down,Volume down,end_of_speech,3.2,1.2,4.5,3.2,bcresnet6,volume_down,volume_down,0.9617,correct
20261001-125842,"living room, quiet, talker #2",volume_down/volume_down_20261001-125857-833.wav,volume_down,Volume down,end_of_speech,3.2,1.2,4.5,3.2,bcresnet6_ownernoise,volume_down,volume_down,0.9695,correct
20261001-125842,"living room, quiet, talker #2",volume_down/volume_down_20261001-125857-833.wav,volume_down,Volume down,end_of_speech,3.2,1.2,6.0,3.2,bcresnet6,volume_down,volume_down,0.9633,correct
20261001-125842,"living room, quiet, talker #2",volume_down/volume_down_20261001-125857-833.wav,volume_down,Volume down,end_of_speech,3.2,1.2,6.0,3.2,bcresnet6_ownernoise,volume_down,volume_down,0.9703,correct
20261001-125842,"living room, quiet, talker #2",set_alarm_7am/set_alarm_7am_20261001-125904-137.wav,set_alarm_7am,Set an alarm at 7 AM,end_of_speech,4.4,1.56,2.5,4.06,bcresnet6,set_alarm_7am,set_alarm_7am,0.9872,correct
20261001-125842,"living room, quiet, talker #2",set_alarm_7am/set_alarm_7am_20261001-125904-137.wav,set_alarm_7am,Set an alarm at 7 AM,end_of_speech,4.4,1.56,2.5,4.06,bcresnet6_ownernoise,set_alarm_7am,set_alarm_7am,0.9797,correct
20261001-125842,"living room, quiet, talker #2",set_alarm_7am/set_alarm_7am_20261001-125904-137.wav,set_alarm_7am,Set an alarm at 7 AM,end_of_speech,4.4,1.56,3.0,4.4,bcresnet6,set_alarm_7am,set_alarm_7am,0.9867,correct
20261001-125842,"living room, quiet, talker #2",set_alarm_7am/set_alarm_7am_20261001-125904-137.wav,set_alarm_7am,Set an alarm at 7 AM,end_of_speech,4.4,1.56,3.0,4.4,bcresnet6_ownernoise,set_alarm_7am,set_alarm_7am,0.9741,correct
20261001-125842,"living room, quiet, talker #2",set_alarm_7am/set_alarm_7am_20261001-125904-137.wav,set_alarm_7am,Set an alarm at 7 AM,end_of_speech,4.4,1.56,3.5,4.4,bcresnet6,set_alarm_7am,set_alarm_7am,0.9868,correct
20261001-125842,"living room, quiet, talker #2",set_alarm_7am/set_alarm_7am_20261001-125904-137.wav,set_alarm_7am,Set an alarm at 7 AM,end_of_speech,4.4,1.56,3.5,4.4,bcresnet6_ownernoise,set_alarm_7am,set_alarm_7am,0.9746,correct
20261001-125842,"living room, quiet, talker #2",set_alarm_7am/set_alarm_7am_20261001-125904-137.wav,set_alarm_7am,Set an alarm at 7 AM,end_of_speech,4.4,1.56,4.0,4.4,bcresnet6,set_alarm_7am,set_alarm_7am,0.987,correct
20261001-125842,"living room, quiet, talker #2",set_alarm_7am/set_alarm_7am_20261001-125904-137.wav,set_alarm_7am,Set an alarm at 7 AM,end_of_speech,4.4,1.56,4.0,4.4,bcresnet6_ownernoise,set_alarm_7am,set_alarm_7am,0.9752,correct
20261001-125842,"living room, quiet, talker #2",set_alarm_7am/set_alarm_7am_20261001-125904-137.wav,set_alarm_7am,Set an alarm at 7 AM,end_of_speech,4.4,1.56,4.5,4.4,bcresnet6,set_alarm_7am,set_alarm_7am,0.9864,correct
20261001-125842,"living room, quiet, talker #2",set_alarm_7am/set_alarm_7am_20261001-125904-137.wav,set_alarm_7am,Set an alarm at 7 AM,end_of_speech,4.4,1.56,4.5,4.4,bcresnet6_ownernoise,set_alarm_7am,set_alarm_7am,0.975,correct
20261001-125842,"living room, quiet, talker #2",set_alarm_7am/set_alarm_7am_20261001-125904-137.wav,set_alarm_7am,Set an alarm at 7 AM,end_of_speech,4.4,1.56,6.0,4.4,bcresnet6,set_alarm_7am,set_alarm_7am,0.9868,correct
20261001-125842,"living room, quiet, talker #2",set_alarm_7am/set_alarm_7am_20261001-125904-137.wav,set_alarm_7am,Set an alarm at 7 AM,end_of_speech,4.4,1.56,6.0,4.4,bcresnet6_ownernoise,set_alarm_7am,set_alarm_7am,0.9745,correct
20261001-125842,"living room, quiet, talker #2",unknown_other/unknown_other_20261001-125909-510.wav,unknown,(say something that is NOT a command),end_of_speech,2.9,0.98,2.5,2.9,bcresnet6,unknown,unknown,0.6444,correct
20261001-125842,"living room, quiet, talker #2",unknown_other/unknown_other_20261001-125909-510.wav,unknown,(say something that is NOT a command),end_of_speech,2.9,0.98,2.5,2.9,bcresnet6_ownernoise,unknown,unknown,0.5971,correct
20261001-125842,"living room, quiet, talker #2",unknown_other/unknown_other_20261001-125909-510.wav,unknown,(say something that is NOT a command),end_of_speech,2.9,0.98,3.0,2.9,bcresnet6,unknown,unknown,0.6487,correct
20261001-125842,"living room, quiet, talker #2",unknown_other/unknown_other_20261001-125909-510.wav,unknown,(say something that is NOT a command),end_of_speech,2.9,0.98,3.0,2.9,bcresnet6_ownernoise,unknown,unknown,0.6022,correct
20261001-125842,"living room, quiet, talker #2",unknown_other/unknown_other_20261001-125909-510.wav,unknown,(say something that is NOT a command),end_of_speech,2.9,0.98,3.5,2.9,bcresnet6,unknown,unknown,0.6392,correct
20261001-125842,"living room, quiet, talker #2",unknown_other/unknown_other_20261001-125909-510.wav,unknown,(say something that is NOT a command),end_of_speech,2.9,0.98,3.5,2.9,bcresnet6_ownernoise,unknown,unknown,0.5987,correct
20261001-125842,"living room, quiet, talker #2",unknown_other/unknown_other_20261001-125909-510.wav,unknown,(say something that is NOT a command),end_of_speech,2.9,0.98,4.0,2.9,bcresnet6,unknown,unknown,0.6494,correct
20261001-125842,"living room, quiet, talker #2",unknown_other/unknown_other_20261001-125909-510.wav,unknown,(say something that is NOT a command),end_of_speech,2.9,0.98,4.0,2.9,bcresnet6_ownernoise,unknown,unknown,0.5973,correct
20261001-125842,"living room, quiet, talker #2",unknown_other/unknown_other_20261001-125909-510.wav,unknown,(say something that is NOT a command),end_of_speech,2.9,0.98,4.5,2.9,bcresnet6,unknown,unknown,0.644,correct
20261001-125842,"living room, quiet, talker #2",unknown_other/unknown_other_20261001-125909-510.wav,unknown,(say something that is NOT a command),end_of_speech,2.9,0.98,4.5,2.9,bcresnet6_ownernoise,unknown,unknown,0.5971,correct
20261001-125842,"living room, quiet, talker #2",unknown_other/unknown_other_20261001-125909-510.wav,unknown,(say something that is NOT a command),end_of_speech,2.9,0.98,6.0,2.9,bcresnet6,unknown,unknown,0.646,correct
20261001-125842,"living room, quiet, talker #2",unknown_other/unknown_other_20261001-125909-510.wav,unknown,(say something that is NOT a command),end_of_speech,2.9,0.98,6.0,2.9,bcresnet6_ownernoise,unknown,unknown,0.6025,correct
20261001-125842,"living room, quiet, talker #2",pause/pause_20261001-125913-654.wav,pause,Pause,end_of_speech,2.6,1.3,2.5,2.6,bcresnet6,pause,pause,0.9949,correct
20261001-125842,"living room, quiet, talker #2",pause/pause_20261001-125913-654.wav,pause,Pause,end_of_speech,2.6,1.3,2.5,2.6,bcresnet6_ownernoise,pause,pause,0.9813,correct
20261001-125842,"living room, quiet, talker #2",pause/pause_20261001-125913-654.wav,pause,Pause,end_of_speech,2.6,1.3,3.0,2.6,bcresnet6,pause,pause,0.995,correct
20261001-125842,"living room, quiet, talker #2",pause/pause_20261001-125913-654.wav,pause,Pause,end_of_speech,2.6,1.3,3.0,2.6,bcresnet6_ownernoise,pause,pause,0.9814,correct
20261001-125842,"living room, quiet, talker #2",pause/pause_20261001-125913-654.wav,pause,Pause,end_of_speech,2.6,1.3,3.5,2.6,bcresnet6,pause,pause,0.9951,correct
20261001-125842,"living room, quiet, talker #2",pause/pause_20261001-125913-654.wav,pause,Pause,end_of_speech,2.6,1.3,3.5,2.6,bcresnet6_ownernoise,pause,pause,0.9814,correct
20261001-125842,"living room, quiet, talker #2",pause/pause_20261001-125913-654.wav,pause,Pause,end_of_speech,2.6,1.3,4.0,2.6,bcresnet6,pause,pause,0.9949,correct
20261001-125842,"living room, quiet, talker #2",pause/pause_20261001-125913-654.wav,pause,Pause,end_of_speech,2.6,1.3,4.0,2.6,bcresnet6_ownernoise,pause,pause,0.9811,correct
20261001-125842,"living room, quiet, talker #2",pause/pause_20261001-125913-654.wav,pause,Pause,end_of_speech,2.6,1.3,4.5,2.6,bcresnet6,pause,pause,0.9951,correct
20261001-125842,"living room, quiet, talker #2",pause/pause_20261001-125913-654.wav,pause,Pause,end_of_speech,2.6,1.3,4.5,2.6,bcresnet6_ownernoise,pause,pause,0.9813,correct
20261001-125842,"living room, quiet, talker #2",pause/pause_20261001-125913-654.wav,pause,Pause,end_of_speech,2.6,1.3,6.0,2.6,bcresnet6,pause,pause,0.9951,correct
20261001-125842,"living room, quiet, talker #2",pause/pause_20261001-125913-654.wav,pause,Pause,end_of_speech,2.6,1.3,6.0,2.6,bcresnet6_ownernoise,pause,pause,0.9813,correct
20261001-125842,"living room, quiet, talker #2",set_timer_10/set_timer_10_20261001-125918-940.wav,set_timer_10,Set a timer for 10 minutes,end_of_speech,3.7,0.56,2.5,3.06,bcresnet6,set_timer_10,set_timer_10,0.8944,correct
20261001-125842,"living room, quiet, talker #2",set_timer_10/set_timer_10_20261001-125918-940.wav,set_timer_10,Set a timer for 10 minutes,end_of_speech,3.7,0.56,2.5,3.06,bcresnet6_ownernoise,set_timer_10,set_timer_10,0.8051,correct
20261001-125842,"living room, quiet, talker #2",set_timer_10/set_timer_10_20261001-125918-940.wav,set_timer_10,Set a timer for 10 minutes,end_of_speech,3.7,0.56,3.0,3.56,bcresnet6,set_timer_10,set_timer_10,0.9506,correct
20261001-125842,"living room, quiet, talker #2",set_timer_10/set_timer_10_20261001-125918-940.wav,set_timer_10,Set a timer for 10 minutes,end_of_speech,3.7,0.56,3.0,3.56,bcresnet6_ownernoise,set_timer_10,set_timer_10,0.9341,correct
20261001-125842,"living room, quiet, talker #2",set_timer_10/set_timer_10_20261001-125918-940.wav,set_timer_10,Set a timer for 10 minutes,end_of_speech,3.7,0.56,3.5,3.7,bcresnet6,set_timer_10,set_timer_10,0.9589,correct
20261001-125842,"living room, quiet, talker #2",set_timer_10/set_timer_10_20261001-125918-940.wav,set_timer_10,Set a timer for 10 minutes,end_of_speech,3.7,0.56,3.5,3.7,bcresnet6_ownernoise,set_timer_10,set_timer_10,0.9392,correct
20261001-125842,"living room, quiet, talker #2",set_timer_10/set_timer_10_20261001-125918-940.wav,set_timer_10,Set a timer for 10 minutes,end_of_speech,3.7,0.56,4.0,3.7,bcresnet6,set_timer_10,set_timer_10,0.9588,correct
20261001-125842,"living room, quiet, talker #2",set_timer_10/set_timer_10_20261001-125918-940.wav,set_timer_10,Set a timer for 10 minutes,end_of_speech,3.7,0.56,4.0,3.7,bcresnet6_ownernoise,set_timer_10,set_timer_10,0.9389,correct
20261001-125842,"living room, quiet, talker #2",set_timer_10/set_timer_10_20261001-125918-940.wav,set_timer_10,Set a timer for 10 minutes,end_of_speech,3.7,0.56,4.5,3.7,bcresnet6,set_timer_10,set_timer_10,0.9588,correct
20261001-125842,"living room, quiet, talker #2",set_timer_10/set_timer_10_20261001-125918-940.wav,set_timer_10,Set a timer for 10 minutes,end_of_speech,3.7,0.56,4.5,3.7,bcresnet6_ownernoise,set_timer_10,set_timer_10,0.9395,correct
20261001-125842,"living room, quiet, talker #2",set_timer_10/set_timer_10_20261001-125918-940.wav,set_timer_10,Set a timer for 10 minutes,end_of_speech,3.7,0.56,6.0,3.7,bcresnet6,set_timer_10,set_timer_10,0.9579,correct
20261001-125842,"living room, quiet, talker #2",set_timer_10/set_timer_10_20261001-125918-940.wav,set_timer_10,Set a timer for 10 minutes,end_of_speech,3.7,0.56,6.0,3.7,bcresnet6_ownernoise,set_timer_10,set_timer_10,0.9392,correct
20261001-125842,"living room, quiet, talker #2",list_reminders/list_reminders_20261001-125923-492.wav,list_reminders,What are my reminders?,end_of_speech,3.1,0.56,2.5,3.06,bcresnet6,list_reminders,list_reminders,0.9721,correct
20261001-125842,"living room, quiet, talker #2",list_reminders/list_reminders_20261001-125923-492.wav,list_reminders,What are my reminders?,end_of_speech,3.1,0.56,2.5,3.06,bcresnet6_ownernoise,list_reminders,list_reminders,0.9873,correct
20261001-125842,"living room, quiet, talker #2",list_reminders/list_reminders_20261001-125923-492.wav,list_reminders,What are my reminders?,end_of_speech,3.1,0.56,3.0,3.1,bcresnet6,list_reminders,list_reminders,0.9722,correct
20261001-125842,"living room, quiet, talker #2",list_reminders/list_reminders_20261001-125923-492.wav,list_reminders,What are my reminders?,end_of_speech,3.1,0.56,3.0,3.1,bcresnet6_ownernoise,list_reminders,list_reminders,0.9874,correct
20261001-125842,"living room, quiet, talker #2",list_reminders/list_reminders_20261001-125923-492.wav,list_reminders,What are my reminders?,end_of_speech,3.1,0.56,3.5,3.1,bcresnet6,list_reminders,list_reminders,0.9723,correct
20261001-125842,"living room, quiet, talker #2",list_reminders/list_reminders_20261001-125923-492.wav,list_reminders,What are my reminders?,end_of_speech,3.1,0.56,3.5,3.1,bcresnet6_ownernoise,list_reminders,list_reminders,0.9874,correct
20261001-125842,"living room, quiet, talker #2",list_reminders/list_reminders_20261001-125923-492.wav,list_reminders,What are my reminders?,end_of_speech,3.1,0.56,4.0,3.1,bcresnet6,list_reminders,list_reminders,0.9722,correct
20261001-125842,"living room, quiet, talker #2",list_reminders/list_reminders_20261001-125923-492.wav,list_reminders,What are my reminders?,end_of_speech,3.1,0.56,4.0,3.1,bcresnet6_ownernoise,list_reminders,list_reminders,0.9873,correct
20261001-125842,"living room, quiet, talker #2",list_reminders/list_reminders_20261001-125923-492.wav,list_reminders,What are my reminders?,end_of_speech,3.1,0.56,4.5,3.1,bcresnet6,list_reminders,list_reminders,0.9725,correct
20261001-125842,"living room, quiet, talker #2",list_reminders/list_reminders_20261001-125923-492.wav,list_reminders,What are my reminders?,end_of_speech,3.1,0.56,4.5,3.1,bcresnet6_ownernoise,list_reminders,list_reminders,0.9872,correct
20261001-125842,"living room, quiet, talker #2",list_reminders/list_reminders_20261001-125923-492.wav,list_reminders,What are my reminders?,end_of_speech,3.1,0.56,6.0,3.1,bcresnet6,list_reminders,list_reminders,0.9726,correct
20261001-125842,"living room, quiet, talker #2",list_reminders/list_reminders_20261001-125923-492.wav,list_reminders,What are my reminders?,end_of_speech,3.1,0.56,6.0,3.1,bcresnet6_ownernoise,list_reminders,list_reminders,0.9873,correct
20261001-125842,"living room, quiet, talker #2",play/play_20261001-125930-806.wav,play,Play,end_of_speech,2.9,1.54,2.5,2.9,bcresnet6,play,play,0.9448,correct
20261001-125842,"living room, quiet, talker #2",play/play_20261001-125930-806.wav,play,Play,end_of_speech,2.9,1.54,2.5,2.9,bcresnet6_ownernoise,play,play,0.9298,correct
20261001-125842,"living room, quiet, talker #2",play/play_20261001-125930-806.wav,play,Play,end_of_speech,2.9,1.54,3.0,2.9,bcresnet6,play,play,0.9439,correct
20261001-125842,"living room, quiet, talker #2",play/play_20261001-125930-806.wav,play,Play,end_of_speech,2.9,1.54,3.0,2.9,bcresnet6_ownernoise,play,play,0.9281,correct
20261001-125842,"living room, quiet, talker #2",play/play_20261001-125930-806.wav,play,Play,end_of_speech,2.9,1.54,3.5,2.9,bcresnet6,play,play,0.944,correct
20261001-125842,"living room, quiet, talker #2",play/play_20261001-125930-806.wav,play,Play,end_of_speech,2.9,1.54,3.5,2.9,bcresnet6_ownernoise,play,play,0.9269,correct
20261001-125842,"living room, quiet, talker #2",play/play_20261001-125930-806.wav,play,Play,end_of_speech,2.9,1.54,4.0,2.9,bcresnet6,play,play,0.9438,correct
20261001-125842,"living room, quiet, talker #2",play/play_20261001-125930-806.wav,play,Play,end_of_speech,2.9,1.54,4.0,2.9,bcresnet6_ownernoise,play,play,0.9291,correct
20261001-125842,"living room, quiet, talker #2",play/play_20261001-125930-806.wav,play,Play,end_of_speech,2.9,1.54,4.5,2.9,bcresnet6,play,play,0.944,correct
20261001-125842,"living room, quiet, talker #2",play/play_20261001-125930-806.wav,play,Play,end_of_speech,2.9,1.54,4.5,2.9,bcresnet6_ownernoise,play,play,0.9281,correct
20261001-125842,"living room, quiet, talker #2",play/play_20261001-125930-806.wav,play,Play,end_of_speech,2.9,1.54,6.0,2.9,bcresnet6,play,play,0.9442,correct
20261001-125842,"living room, quiet, talker #2",play/play_20261001-125930-806.wav,play,Play,end_of_speech,2.9,1.54,6.0,2.9,bcresnet6_ownernoise,play,play,0.9288,correct
20261001-125842,"living room, quiet, talker #2",unknown_silent/unknown_silent_20261001-125939-324.wav,unknown,(say nothing after Hey Delta),no_speech_detected,3.3,,2.5,3.3,bcresnet6,unknown,unknown,0.9195,correct
20261001-125842,"living room, quiet, talker #2",unknown_silent/unknown_silent_20261001-125939-324.wav,unknown,(say nothing after Hey Delta),no_speech_detected,3.3,,2.5,3.3,bcresnet6_ownernoise,unknown,unknown,0.9389,correct
20261001-125842,"living room, quiet, talker #2",unknown_silent/unknown_silent_20261001-125939-324.wav,unknown,(say nothing after Hey Delta),no_speech_detected,3.3,,3.0,3.3,bcresnet6,unknown,unknown,0.9194,correct
20261001-125842,"living room, quiet, talker #2",unknown_silent/unknown_silent_20261001-125939-324.wav,unknown,(say nothing after Hey Delta),no_speech_detected,3.3,,3.0,3.3,bcresnet6_ownernoise,unknown,unknown,0.9352,correct
20261001-125842,"living room, quiet, talker #2",unknown_silent/unknown_silent_20261001-125939-324.wav,unknown,(say nothing after Hey Delta),no_speech_detected,3.3,,3.5,3.3,bcresnet6,unknown,unknown,0.9169,correct
20261001-125842,"living room, quiet, talker #2",unknown_silent/unknown_silent_20261001-125939-324.wav,unknown,(say nothing after Hey Delta),no_speech_detected,3.3,,3.5,3.3,bcresnet6_ownernoise,unknown,unknown,0.9368,correct
20261001-125842,"living room, quiet, talker #2",unknown_silent/unknown_silent_20261001-125939-324.wav,unknown,(say nothing after Hey Delta),no_speech_detected,3.3,,4.0,3.3,bcresnet6,unknown,unknown,0.919,correct
20261001-125842,"living room, quiet, talker #2",unknown_silent/unknown_silent_20261001-125939-324.wav,unknown,(say nothing after Hey Delta),no_speech_detected,3.3,,4.0,3.3,bcresnet6_ownernoise,unknown,unknown,0.9369,correct
20261001-125842,"living room, quiet, talker #2",unknown_silent/unknown_silent_20261001-125939-324.wav,unknown,(say nothing after Hey Delta),no_speech_detected,3.3,,4.5,3.3,bcresnet6,unknown,unknown,0.9174,correct
20261001-125842,"living room, quiet, talker #2",unknown_silent/unknown_silent_20261001-125939-324.wav,unknown,(say nothing after Hey Delta),no_speech_detected,3.3,,4.5,3.3,bcresnet6_ownernoise,unknown,unknown,0.9353,correct
20261001-125842,"living room, quiet, talker #2",unknown_silent/unknown_silent_20261001-125939-324.wav,unknown,(say nothing after Hey Delta),no_speech_detected,3.3,,6.0,3.3,bcresnet6,unknown,unknown,0.9191,correct
20261001-125842,"living room, quiet, talker #2",unknown_silent/unknown_silent_20261001-125939-324.wav,unknown,(say nothing after Hey Delta),no_speech_detected,3.3,,6.0,3.3,bcresnet6_ownernoise,unknown,unknown,0.9364,correct
20261001-125842,"living room, quiet, talker #2",set_temperature_18/set_temperature_18_20261001-130004-375.wav,set_temperature_18,Set temperature to 18 degrees,end_of_speech,4.0,1.38,2.5,3.88,bcresnet6,set_temperature_18,set_temperature_18,0.984,correct
20261001-125842,"living room, quiet, talker #2",set_temperature_18/set_temperature_18_20261001-130004-375.wav,set_temperature_18,Set temperature to 18 degrees,end_of_speech,4.0,1.38,2.5,3.88,bcresnet6_ownernoise,set_temperature_18,set_temperature_18,0.9332,correct
20261001-125842,"living room, quiet, talker #2",set_temperature_18/set_temperature_18_20261001-130004-375.wav,set_temperature_18,Set temperature to 18 degrees,end_of_speech,4.0,1.38,3.0,4.0,bcresnet6,set_temperature_18,set_temperature_18,0.9849,correct
20261001-125842,"living room, quiet, talker #2",set_temperature_18/set_temperature_18_20261001-130004-375.wav,set_temperature_18,Set temperature to 18 degrees,end_of_speech,4.0,1.38,3.0,4.0,bcresnet6_ownernoise,set_temperature_18,set_temperature_18,0.9261,correct
20261001-125842,"living room, quiet, talker #2",set_temperature_18/set_temperature_18_20261001-130004-375.wav,set_temperature_18,Set temperature to 18 degrees,end_of_speech,4.0,1.38,3.5,4.0,bcresnet6,set_temperature_18,set_temperature_18,0.9848,correct
20261001-125842,"living room, quiet, talker #2",set_temperature_18/set_temperature_18_20261001-130004-375.wav,set_temperature_18,Set temperature to 18 degrees,end_of_speech,4.0,1.38,3.5,4.0,bcresnet6_ownernoise,set_temperature_18,set_temperature_18,0.9275,correct
20261001-125842,"living room, quiet, talker #2",set_temperature_18/set_temperature_18_20261001-130004-375.wav,set_temperature_18,Set temperature to 18 degrees,end_of_speech,4.0,1.38,4.0,4.0,bcresnet6,set_temperature_18,set_temperature_18,0.9852,correct
20261001-125842,"living room, quiet, talker #2",set_temperature_18/set_temperature_18_20261001-130004-375.wav,set_temperature_18,Set temperature to 18 degrees,end_of_speech,4.0,1.38,4.0,4.0,bcresnet6_ownernoise,set_temperature_18,set_temperature_18,0.9258,correct
20261001-125842,"living room, quiet, talker #2",set_temperature_18/set_temperature_18_20261001-130004-375.wav,set_temperature_18,Set temperature to 18 degrees,end_of_speech,4.0,1.38,4.5,4.0,bcresnet6,set_temperature_18,set_temperature_18,0.985,correct
20261001-125842,"living room, quiet, talker #2",set_temperature_18/set_temperature_18_20261001-130004-375.wav,set_temperature_18,Set temperature to 18 degrees,end_of_speech,4.0,1.38,4.5,4.0,bcresnet6_ownernoise,set_temperature_18,set_temperature_18,0.9288,correct
20261001-125842,"living room, quiet, talker #2",set_temperature_18/set_temperature_18_20261001-130004-375.wav,set_temperature_18,Set temperature to 18 degrees,end_of_speech,4.0,1.38,6.0,4.0,bcresnet6,set_temperature_18,set_temperature_18,0.9844,correct
20261001-125842,"living room, quiet, talker #2",set_temperature_18/set_temperature_18_20261001-130004-375.wav,set_temperature_18,Set temperature to 18 degrees,end_of_speech,4.0,1.38,6.0,4.0,bcresnet6_ownernoise,set_temperature_18,set_temperature_18,0.9276,correct
20261001-125842,"living room, quiet, talker #2",volume_up/volume_up_20261001-130010-054.wav,volume_up,Volume up,end_of_speech,3.2,1.28,2.5,3.2,bcresnet6,volume_up,volume_up,0.953,correct
20261001-125842,"living room, quiet, talker #2",volume_up/volume_up_20261001-130010-054.wav,volume_up,Volume up,end_of_speech,3.2,1.28,2.5,3.2,bcresnet6_ownernoise,volume_up,volume_up,0.8085,correct
20261001-125842,"living room, quiet, talker #2",volume_up/volume_up_20261001-130010-054.wav,volume_up,Volume up,end_of_speech,3.2,1.28,3.0,3.2,bcresnet6,volume_up,volume_up,0.9529,correct
20261001-125842,"living room, quiet, talker #2",volume_up/volume_up_20261001-130010-054.wav,volume_up,Volume up,end_of_speech,3.2,1.28,3.0,3.2,bcresnet6_ownernoise,volume_up,volume_up,0.8052,correct
20261001-125842,"living room, quiet, talker #2",volume_up/volume_up_20261001-130010-054.wav,volume_up,Volume up,end_of_speech,3.2,1.28,3.5,3.2,bcresnet6,volume_up,volume_up,0.9537,correct
20261001-125842,"living room, quiet, talker #2",volume_up/volume_up_20261001-130010-054.wav,volume_up,Volume up,end_of_speech,3.2,1.28,3.5,3.2,bcresnet6_ownernoise,volume_up,volume_up,0.8077,correct
20261001-125842,"living room, quiet, talker #2",volume_up/volume_up_20261001-130010-054.wav,volume_up,Volume up,end_of_speech,3.2,1.28,4.0,3.2,bcresnet6,volume_up,volume_up,0.9536,correct
20261001-125842,"living room, quiet, talker #2",volume_up/volume_up_20261001-130010-054.wav,volume_up,Volume up,end_of_speech,3.2,1.28,4.0,3.2,bcresnet6_ownernoise,volume_up,volume_up,0.8071,correct
20261001-125842,"living room, quiet, talker #2",volume_up/volume_up_20261001-130010-054.wav,volume_up,Volume up,end_of_speech,3.2,1.28,4.5,3.2,bcresnet6,volume_up,volume_up,0.9534,correct
20261001-125842,"living room, quiet, talker #2",volume_up/volume_up_20261001-130010-054.wav,volume_up,Volume up,end_of_speech,3.2,1.28,4.5,3.2,bcresnet6_ownernoise,volume_up,volume_up,0.8071,correct
20261001-125842,"living room, quiet, talker #2",volume_up/volume_up_20261001-130010-054.wav,volume_up,Volume up,end_of_speech,3.2,1.28,6.0,3.2,bcresnet6,volume_up,volume_up,0.9537,correct
20261001-125842,"living room, quiet, talker #2",volume_up/volume_up_20261001-130010-054.wav,volume_up,Volume up,end_of_speech,3.2,1.28,6.0,3.2,bcresnet6_ownernoise,volume_up,volume_up,0.807,correct
20261001-125842,"living room, quiet, talker #2",time/time_20261001-130021-717.wav,time,What time is it?,end_of_speech,2.9,1.34,2.5,2.9,bcresnet6,time,time,0.9911,correct
20261001-125842,"living room, quiet, talker #2",time/time_20261001-130021-717.wav,time,What time is it?,end_of_speech,2.9,1.34,2.5,2.9,bcresnet6_ownernoise,time,time,0.9952,correct
20261001-125842,"living room, quiet, talker #2",time/time_20261001-130021-717.wav,time,What time is it?,end_of_speech,2.9,1.34,3.0,2.9,bcresnet6,time,time,0.991,correct
20261001-125842,"living room, quiet, talker #2",time/time_20261001-130021-717.wav,time,What time is it?,end_of_speech,2.9,1.34,3.0,2.9,bcresnet6_ownernoise,time,time,0.9952,correct
20261001-125842,"living room, quiet, talker #2",time/time_20261001-130021-717.wav,time,What time is it?,end_of_speech,2.9,1.34,3.5,2.9,bcresnet6,time,time,0.9911,correct
20261001-125842,"living room, quiet, talker #2",time/time_20261001-130021-717.wav,time,What time is it?,end_of_speech,2.9,1.34,3.5,2.9,bcresnet6_ownernoise,time,time,0.9952,correct
20261001-125842,"living room, quiet, talker #2",time/time_20261001-130021-717.wav,time,What time is it?,end_of_speech,2.9,1.34,4.0,2.9,bcresnet6,time,time,0.991,correct
20261001-125842,"living room, quiet, talker #2",time/time_20261001-130021-717.wav,time,What time is it?,end_of_speech,2.9,1.34,4.0,2.9,bcresnet6_ownernoise,time,time,0.9952,correct
20261001-125842,"living room, quiet, talker #2",time/time_20261001-130021-717.wav,time,What time is it?,end_of_speech,2.9,1.34,4.5,2.9,bcresnet6,time,time,0.9911,correct
20261001-125842,"living room, quiet, talker #2",time/time_20261001-130021-717.wav,time,What time is it?,end_of_speech,2.9,1.34,4.5,2.9,bcresnet6_ownernoise,time,time,0.9952,correct
20261001-125842,"living room, quiet, talker #2",time/time_20261001-130021-717.wav,time,What time is it?,end_of_speech,2.9,1.34,6.0,2.9,bcresnet6,time,time,0.9911,correct
20261001-125842,"living room, quiet, talker #2",time/time_20261001-130021-717.wav,time,What time is it?,end_of_speech,2.9,1.34,6.0,2.9,bcresnet6_ownernoise,time,time,0.9952,correct
20261001-125842,"living room, quiet, talker #2",lights_off/lights_off_20261001-130027-192.wav,lights_off,Turn off lights,end_of_speech,3.6,1.72,2.5,3.6,bcresnet6,lights_off,lights_off,0.9795,correct
20261001-125842,"living room, quiet, talker #2",lights_off/lights_off_20261001-130027-192.wav,lights_off,Turn off lights,end_of_speech,3.6,1.72,2.5,3.6,bcresnet6_ownernoise,lights_off,lights_off,0.9922,correct
20261001-125842,"living room, quiet, talker #2",lights_off/lights_off_20261001-130027-192.wav,lights_off,Turn off lights,end_of_speech,3.6,1.72,3.0,3.6,bcresnet6,lights_off,lights_off,0.9794,correct
20261001-125842,"living room, quiet, talker #2",lights_off/lights_off_20261001-130027-192.wav,lights_off,Turn off lights,end_of_speech,3.6,1.72,3.0,3.6,bcresnet6_ownernoise,lights_off,lights_off,0.9922,correct
20261001-125842,"living room, quiet, talker #2",lights_off/lights_off_20261001-130027-192.wav,lights_off,Turn off lights,end_of_speech,3.6,1.72,3.5,3.6,bcresnet6,lights_off,lights_off,0.9795,correct
20261001-125842,"living room, quiet, talker #2",lights_off/lights_off_20261001-130027-192.wav,lights_off,Turn off lights,end_of_speech,3.6,1.72,3.5,3.6,bcresnet6_ownernoise,lights_off,lights_off,0.9924,correct
20261001-125842,"living room, quiet, talker #2",lights_off/lights_off_20261001-130027-192.wav,lights_off,Turn off lights,end_of_speech,3.6,1.72,4.0,3.6,bcresnet6,lights_off,lights_off,0.9794,correct
20261001-125842,"living room, quiet, talker #2",lights_off/lights_off_20261001-130027-192.wav,lights_off,Turn off lights,end_of_speech,3.6,1.72,4.0,3.6,bcresnet6_ownernoise,lights_off,lights_off,0.9923,correct
20261001-125842,"living room, quiet, talker #2",lights_off/lights_off_20261001-130027-192.wav,lights_off,Turn off lights,end_of_speech,3.6,1.72,4.5,3.6,bcresnet6,lights_off,lights_off,0.9792,correct
20261001-125842,"living room, quiet, talker #2",lights_off/lights_off_20261001-130027-192.wav,lights_off,Turn off lights,end_of_speech,3.6,1.72,4.5,3.6,bcresnet6_ownernoise,lights_off,lights_off,0.9922,correct
20261001-125842,"living room, quiet, talker #2",lights_off/lights_off_20261001-130027-192.wav,lights_off,Turn off lights,end_of_speech,3.6,1.72,6.0,3.6,bcresnet6,lights_off,lights_off,0.9792,correct
20261001-125842,"living room, quiet, talker #2",lights_off/lights_off_20261001-130027-192.wav,lights_off,Turn off lights,end_of_speech,3.6,1.72,6.0,3.6,bcresnet6_ownernoise,lights_off,lights_off,0.9922,correct
20261001-125842,"living room, quiet, talker #2",stop/stop_20261001-130032-668.wav,stop,Stop,end_of_speech,2.7,1.4,2.5,2.7,bcresnet6,stop,stop,0.9817,correct
20261001-125842,"living room, quiet, talker #2",stop/stop_20261001-130032-668.wav,stop,Stop,end_of_speech,2.7,1.4,2.5,2.7,bcresnet6_ownernoise,stop,stop,0.9833,correct
20261001-125842,"living room, quiet, talker #2",stop/stop_20261001-130032-668.wav,stop,Stop,end_of_speech,2.7,1.4,3.0,2.7,bcresnet6,stop,stop,0.9813,correct
20261001-125842,"living room, quiet, talker #2",stop/stop_20261001-130032-668.wav,stop,Stop,end_of_speech,2.7,1.4,3.0,2.7,bcresnet6_ownernoise,stop,stop,0.983,correct
20261001-125842,"living room, quiet, talker #2",stop/stop_20261001-130032-668.wav,stop,Stop,end_of_speech,2.7,1.4,3.5,2.7,bcresnet6,stop,stop,0.9814,correct
20261001-125842,"living room, quiet, talker #2",stop/stop_20261001-130032-668.wav,stop,Stop,end_of_speech,2.7,1.4,3.5,2.7,bcresnet6_ownernoise,stop,stop,0.983,correct
20261001-125842,"living room, quiet, talker #2",stop/stop_20261001-130032-668.wav,stop,Stop,end_of_speech,2.7,1.4,4.0,2.7,bcresnet6,stop,stop,0.9812,correct
20261001-125842,"living room, quiet, talker #2",stop/stop_20261001-130032-668.wav,stop,Stop,end_of_speech,2.7,1.4,4.0,2.7,bcresnet6_ownernoise,stop,stop,0.983,correct
20261001-125842,"living room, quiet, talker #2",stop/stop_20261001-130032-668.wav,stop,Stop,end_of_speech,2.7,1.4,4.5,2.7,bcresnet6,stop,stop,0.9814,correct
20261001-125842,"living room, quiet, talker #2",stop/stop_20261001-130032-668.wav,stop,Stop,end_of_speech,2.7,1.4,4.5,2.7,bcresnet6_ownernoise,stop,stop,0.9832,correct
20261001-125842,"living room, quiet, talker #2",stop/stop_20261001-130032-668.wav,stop,Stop,end_of_speech,2.7,1.4,6.0,2.7,bcresnet6,stop,stop,0.9814,correct
20261001-125842,"living room, quiet, talker #2",stop/stop_20261001-130032-668.wav,stop,Stop,end_of_speech,2.7,1.4,6.0,2.7,bcresnet6_ownernoise,stop,stop,0.9831,correct
20261001-125842,"living room, quiet, talker #2",dim_lights_80/dim_lights_80_20261001-130039-974.wav,dim_lights_80,Dim lights to 80%,end_of_speech,4.3,1.42,2.5,3.92,bcresnet6,dim_lights_80,dim_lights_80,0.8998,correct
20261001-125842,"living room, quiet, talker #2",dim_lights_80/dim_lights_80_20261001-130039-974.wav,dim_lights_80,Dim lights to 80%,end_of_speech,4.3,1.42,2.5,3.92,bcresnet6_ownernoise,dim_lights_80,dim_lights_80,0.7124,correct
20261001-125842,"living room, quiet, talker #2",dim_lights_80/dim_lights_80_20261001-130039-974.wav,dim_lights_80,Dim lights to 80%,end_of_speech,4.3,1.42,3.0,4.3,bcresnet6,dim_lights_80,dim_lights_80,0.9016,correct
20261001-125842,"living room, quiet, talker #2",dim_lights_80/dim_lights_80_20261001-130039-974.wav,dim_lights_80,Dim lights to 80%,end_of_speech,4.3,1.42,3.0,4.3,bcresnet6_ownernoise,dim_lights_80,dim_lights_80,0.6953,correct
20261001-125842,"living room, quiet, talker #2",dim_lights_80/dim_lights_80_20261001-130039-974.wav,dim_lights_80,Dim lights to 80%,end_of_speech,4.3,1.42,3.5,4.3,bcresnet6,dim_lights_80,dim_lights_80,0.9024,correct
20261001-125842,"living room, quiet, talker #2",dim_lights_80/dim_lights_80_20261001-130039-974.wav,dim_lights_80,Dim lights to 80%,end_of_speech,4.3,1.42,3.5,4.3,bcresnet6_ownernoise,dim_lights_80,dim_lights_80,0.6946,correct
20261001-125842,"living room, quiet, talker #2",dim_lights_80/dim_lights_80_20261001-130039-974.wav,dim_lights_80,Dim lights to 80%,end_of_speech,4.3,1.42,4.0,4.3,bcresnet6,dim_lights_80,dim_lights_80,0.9027,correct
20261001-125842,"living room, quiet, talker #2",dim_lights_80/dim_lights_80_20261001-130039-974.wav,dim_lights_80,Dim lights to 80%,end_of_speech,4.3,1.42,4.0,4.3,bcresnet6_ownernoise,dim_lights_80,dim_lights_80,0.6933,correct
20261001-125842,"living room, quiet, talker #2",dim_lights_80/dim_lights_80_20261001-130039-974.wav,dim_lights_80,Dim lights to 80%,end_of_speech,4.3,1.42,4.5,4.3,bcresnet6,dim_lights_80,dim_lights_80,0.8995,correct
20261001-125842,"living room, quiet, talker #2",dim_lights_80/dim_lights_80_20261001-130039-974.wav,dim_lights_80,Dim lights to 80%,end_of_speech,4.3,1.42,4.5,4.3,bcresnet6_ownernoise,dim_lights_80,dim_lights_80,0.6971,correct
20261001-125842,"living room, quiet, talker #2",dim_lights_80/dim_lights_80_20261001-130039-974.wav,dim_lights_80,Dim lights to 80%,end_of_speech,4.3,1.42,6.0,4.3,bcresnet6,dim_lights_80,dim_lights_80,0.9005,correct
20261001-125842,"living room, quiet, talker #2",dim_lights_80/dim_lights_80_20261001-130039-974.wav,dim_lights_80,Dim lights to 80%,end_of_speech,4.3,1.42,6.0,4.3,bcresnet6_ownernoise,dim_lights_80,dim_lights_80,0.7011,correct
20261001-125842,"living room, quiet, talker #2",dim_lights_20/dim_lights_20_20261001-130046-159.wav,dim_lights_20,Dim lights to 20%,end_of_speech,4.1,1.5,2.5,4.0,bcresnet6,dim_lights_20,dim_lights_20,0.9942,correct
20261001-125842,"living room, quiet, talker #2",dim_lights_20/dim_lights_20_20261001-130046-159.wav,dim_lights_20,Dim lights to 20%,end_of_speech,4.1,1.5,2.5,4.0,bcresnet6_ownernoise,dim_lights_20,dim_lights_20,0.9781,correct
20261001-125842,"living room, quiet, talker #2",dim_lights_20/dim_lights_20_20261001-130046-159.wav,dim_lights_20,Dim lights to 20%,end_of_speech,4.1,1.5,3.0,4.1,bcresnet6,dim_lights_20,dim_lights_20,0.9938,correct
20261001-125842,"living room, quiet, talker #2",dim_lights_20/dim_lights_20_20261001-130046-159.wav,dim_lights_20,Dim lights to 20%,end_of_speech,4.1,1.5,3.0,4.1,bcresnet6_ownernoise,dim_lights_20,dim_lights_20,0.9773,correct
20261001-125842,"living room, quiet, talker #2",dim_lights_20/dim_lights_20_20261001-130046-159.wav,dim_lights_20,Dim lights to 20%,end_of_speech,4.1,1.5,3.5,4.1,bcresnet6,dim_lights_20,dim_lights_20,0.9939,correct
20261001-125842,"living room, quiet, talker #2",dim_lights_20/dim_lights_20_20261001-130046-159.wav,dim_lights_20,Dim lights to 20%,end_of_speech,4.1,1.5,3.5,4.1,bcresnet6_ownernoise,dim_lights_20,dim_lights_20,0.9769,correct
20261001-125842,"living room, quiet, talker #2",dim_lights_20/dim_lights_20_20261001-130046-159.wav,dim_lights_20,Dim lights to 20%,end_of_speech,4.1,1.5,4.0,4.1,bcresnet6,dim_lights_20,dim_lights_20,0.9938,correct
20261001-125842,"living room, quiet, talker #2",dim_lights_20/dim_lights_20_20261001-130046-159.wav,dim_lights_20,Dim lights to 20%,end_of_speech,4.1,1.5,4.0,4.1,bcresnet6_ownernoise,dim_lights_20,dim_lights_20,0.9771,correct
20261001-125842,"living room, quiet, talker #2",dim_lights_20/dim_lights_20_20261001-130046-159.wav,dim_lights_20,Dim lights to 20%,end_of_speech,4.1,1.5,4.5,4.1,bcresnet6,dim_lights_20,dim_lights_20,0.9939,correct
20261001-125842,"living room, quiet, talker #2",dim_lights_20/dim_lights_20_20261001-130046-159.wav,dim_lights_20,Dim lights to 20%,end_of_speech,4.1,1.5,4.5,4.1,bcresnet6_ownernoise,dim_lights_20,dim_lights_20,0.9772,correct
20261001-125842,"living room, quiet, talker #2",dim_lights_20/dim_lights_20_20261001-130046-159.wav,dim_lights_20,Dim lights to 20%,end_of_speech,4.1,1.5,6.0,4.1,bcresnet6,dim_lights_20,dim_lights_20,0.9939,correct
20261001-125842,"living room, quiet, talker #2",dim_lights_20/dim_lights_20_20261001-130046-159.wav,dim_lights_20,Dim lights to 20%,end_of_speech,4.1,1.5,6.0,4.1,bcresnet6_ownernoise,dim_lights_20,dim_lights_20,0.9773,correct
20261001-125842,"living room, quiet, talker #2",set_alarm_6am/set_alarm_6am_20261001-130052-550.wav,set_alarm_6am,Set an alarm at 6 AM,end_of_speech,4.3,1.28,2.5,3.78,bcresnet6,set_alarm_6am,set_alarm_6am,0.9057,correct
20261001-125842,"living room, quiet, talker #2",set_alarm_6am/set_alarm_6am_20261001-130052-550.wav,set_alarm_6am,Set an alarm at 6 AM,end_of_speech,4.3,1.28,2.5,3.78,bcresnet6_ownernoise,set_alarm_6am,set_alarm_6am,0.8451,correct
20261001-125842,"living room, quiet, talker #2",set_alarm_6am/set_alarm_6am_20261001-130052-550.wav,set_alarm_6am,Set an alarm at 6 AM,end_of_speech,4.3,1.28,3.0,4.28,bcresnet6,set_alarm_6am,set_alarm_6am,0.8684,correct
20261001-125842,"living room, quiet, talker #2",set_alarm_6am/set_alarm_6am_20261001-130052-550.wav,set_alarm_6am,Set an alarm at 6 AM,end_of_speech,4.3,1.28,3.0,4.28,bcresnet6_ownernoise,set_alarm_6am,set_alarm_6am,0.7867,correct
20261001-125842,"living room, quiet, talker #2",set_alarm_6am/set_alarm_6am_20261001-130052-550.wav,set_alarm_6am,Set an alarm at 6 AM,end_of_speech,4.3,1.28,3.5,4.3,bcresnet6,set_alarm_6am,set_alarm_6am,0.8687,correct
20261001-125842,"living room, quiet, talker #2",set_alarm_6am/set_alarm_6am_20261001-130052-550.wav,set_alarm_6am,Set an alarm at 6 AM,end_of_speech,4.3,1.28,3.5,4.3,bcresnet6_ownernoise,set_alarm_6am,set_alarm_6am,0.7697,correct
20261001-125842,"living room, quiet, talker #2",set_alarm_6am/set_alarm_6am_20261001-130052-550.wav,set_alarm_6am,Set an alarm at 6 AM,end_of_speech,4.3,1.28,4.0,4.3,bcresnet6,set_alarm_6am,set_alarm_6am,0.8762,correct
20261001-125842,"living room, quiet, talker #2",set_alarm_6am/set_alarm_6am_20261001-130052-550.wav,set_alarm_6am,Set an alarm at 6 AM,end_of_speech,4.3,1.28,4.0,4.3,bcresnet6_ownernoise,set_alarm_6am,set_alarm_6am,0.7876,correct
20261001-125842,"living room, quiet, talker #2",set_alarm_6am/set_alarm_6am_20261001-130052-550.wav,set_alarm_6am,Set an alarm at 6 AM,end_of_speech,4.3,1.28,4.5,4.3,bcresnet6,set_alarm_6am,set_alarm_6am,0.8791,correct
20261001-125842,"living room, quiet, talker #2",set_alarm_6am/set_alarm_6am_20261001-130052-550.wav,set_alarm_6am,Set an alarm at 6 AM,end_of_speech,4.3,1.28,4.5,4.3,bcresnet6_ownernoise,set_alarm_6am,set_alarm_6am,0.7649,correct
20261001-125842,"living room, quiet, talker #2",set_alarm_6am/set_alarm_6am_20261001-130052-550.wav,set_alarm_6am,Set an alarm at 6 AM,end_of_speech,4.3,1.28,6.0,4.3,bcresnet6,set_alarm_6am,set_alarm_6am,0.8687,correct
20261001-125842,"living room, quiet, talker #2",set_alarm_6am/set_alarm_6am_20261001-130052-550.wav,set_alarm_6am,Set an alarm at 6 AM,end_of_speech,4.3,1.28,6.0,4.3,bcresnet6_ownernoise,set_alarm_6am,set_alarm_6am,0.7669,correct
20261001-125842,"living room, quiet, talker #2",set_temperature_26/set_temperature_26_20261001-130059-443.wav,set_temperature_26,Set temperature to 26 degrees,end_of_speech,5.1,1.68,2.5,4.18,bcresnet6,set_temperature_26,set_temperature_26,0.9686,correct
20261001-125842,"living room, quiet, talker #2",set_temperature_26/set_temperature_26_20261001-130059-443.wav,set_temperature_26,Set temperature to 26 degrees,end_of_speech,5.1,1.68,2.5,4.18,bcresnet6_ownernoise,set_temperature_26,set_temperature_26,0.8884,correct
20261001-125842,"living room, quiet, talker #2",set_temperature_26/set_temperature_26_20261001-130059-443.wav,set_temperature_26,Set temperature to 26 degrees,end_of_speech,5.1,1.68,3.0,4.68,bcresnet6,set_temperature_26,set_temperature_26,0.966,correct
20261001-125842,"living room, quiet, talker #2",set_temperature_26/set_temperature_26_20261001-130059-443.wav,set_temperature_26,Set temperature to 26 degrees,end_of_speech,5.1,1.68,3.0,4.68,bcresnet6_ownernoise,set_temperature_26,set_temperature_26,0.9082,correct
20261001-125842,"living room, quiet, talker #2",set_temperature_26/set_temperature_26_20261001-130059-443.wav,set_temperature_26,Set temperature to 26 degrees,end_of_speech,5.1,1.68,3.5,5.1,bcresnet6,set_temperature_26,set_temperature_26,0.9498,correct
20261001-125842,"living room, quiet, talker #2",set_temperature_26/set_temperature_26_20261001-130059-443.wav,set_temperature_26,Set temperature to 26 degrees,end_of_speech,5.1,1.68,3.5,5.1,bcresnet6_ownernoise,set_temperature_26,set_temperature_26,0.8419,correct
20261001-125842,"living room, quiet, talker #2",set_temperature_26/set_temperature_26_20261001-130059-443.wav,set_temperature_26,Set temperature to 26 degrees,end_of_speech,5.1,1.68,4.0,5.1,bcresnet6,set_temperature_26,set_temperature_26,0.9498,correct
20261001-125842,"living room, quiet, talker #2",set_temperature_26/set_temperature_26_20261001-130059-443.wav,set_temperature_26,Set temperature to 26 degrees,end_of_speech,5.1,1.68,4.0,5.1,bcresnet6_ownernoise,set_temperature_26,set_temperature_26,0.8419,correct
20261001-125842,"living room, quiet, talker #2",set_temperature_26/set_temperature_26_20261001-130059-443.wav,set_temperature_26,Set temperature to 26 degrees,end_of_speech,5.1,1.68,4.5,5.1,bcresnet6,set_temperature_26,set_temperature_26,0.9498,correct
20261001-125842,"living room, quiet, talker #2",set_temperature_26/set_temperature_26_20261001-130059-443.wav,set_temperature_26,Set temperature to 26 degrees,end_of_speech,5.1,1.68,4.5,5.1,bcresnet6_ownernoise,set_temperature_26,set_temperature_26,0.8419,correct
20261001-125842,"living room, quiet, talker #2",set_temperature_26/set_temperature_26_20261001-130059-443.wav,set_temperature_26,Set temperature to 26 degrees,end_of_speech,5.1,1.68,6.0,5.1,bcresnet6,set_temperature_26,set_temperature_26,0.9498,correct
20261001-125842,"living room, quiet, talker #2",set_temperature_26/set_temperature_26_20261001-130059-443.wav,set_temperature_26,Set temperature to 26 degrees,end_of_speech,5.1,1.68,6.0,5.1,bcresnet6_ownernoise,set_temperature_26,set_temperature_26,0.8419,correct
20261001-125842,"living room, quiet, talker #2",set_timer_5/set_timer_5_20261001-130105-126.wav,set_timer_5,Set a timer for 5 minutes,end_of_speech,4.1,1.48,2.5,3.98,bcresnet6,set_timer_5,set_timer_5,0.9271,correct
20261001-125842,"living room, quiet, talker #2",set_timer_5/set_timer_5_20261001-130105-126.wav,set_timer_5,Set a timer for 5 minutes,end_of_speech,4.1,1.48,2.5,3.98,bcresnet6_ownernoise,set_timer_5,set_timer_5,0.9817,correct
20261001-125842,"living room, quiet, talker #2",set_timer_5/set_timer_5_20261001-130105-126.wav,set_timer_5,Set a timer for 5 minutes,end_of_speech,4.1,1.48,3.0,4.1,bcresnet6,set_timer_5,set_timer_5,0.9276,correct
20261001-125842,"living room, quiet, talker #2",set_timer_5/set_timer_5_20261001-130105-126.wav,set_timer_5,Set a timer for 5 minutes,end_of_speech,4.1,1.48,3.0,4.1,bcresnet6_ownernoise,set_timer_5,set_timer_5,0.983,correct
20261001-125842,"living room, quiet, talker #2",set_timer_5/set_timer_5_20261001-130105-126.wav,set_timer_5,Set a timer for 5 minutes,end_of_speech,4.1,1.48,3.5,4.1,bcresnet6,set_timer_5,set_timer_5,0.9281,correct
20261001-125842,"living room, quiet, talker #2",set_timer_5/set_timer_5_20261001-130105-126.wav,set_timer_5,Set a timer for 5 minutes,end_of_speech,4.1,1.48,3.5,4.1,bcresnet6_ownernoise,set_timer_5,set_timer_5,0.9829,correct
20261001-125842,"living room, quiet, talker #2",set_timer_5/set_timer_5_20261001-130105-126.wav,set_timer_5,Set a timer for 5 minutes,end_of_speech,4.1,1.48,4.0,4.1,bcresnet6,set_timer_5,set_timer_5,0.9281,correct
20261001-125842,"living room, quiet, talker #2",set_timer_5/set_timer_5_20261001-130105-126.wav,set_timer_5,Set a timer for 5 minutes,end_of_speech,4.1,1.48,4.0,4.1,bcresnet6_ownernoise,set_timer_5,set_timer_5,0.9829,correct
20261001-125842,"living room, quiet, talker #2",set_timer_5/set_timer_5_20261001-130105-126.wav,set_timer_5,Set a timer for 5 minutes,end_of_speech,4.1,1.48,4.5,4.1,bcresnet6,set_timer_5,set_timer_5,0.9277,correct
20261001-125842,"living room, quiet, talker #2",set_timer_5/set_timer_5_20261001-130105-126.wav,set_timer_5,Set a timer for 5 minutes,end_of_speech,4.1,1.48,4.5,4.1,bcresnet6_ownernoise,set_timer_5,set_timer_5,0.983,correct
20261001-125842,"living room, quiet, talker #2",set_timer_5/set_timer_5_20261001-130105-126.wav,set_timer_5,Set a timer for 5 minutes,end_of_speech,4.1,1.48,6.0,4.1,bcresnet6,set_timer_5,set_timer_5,0.9277,correct
20261001-125842,"living room, quiet, talker #2",set_timer_5/set_timer_5_20261001-130105-126.wav,set_timer_5,Set a timer for 5 minutes,end_of_speech,4.1,1.48,6.0,4.1,bcresnet6_ownernoise,set_timer_5,set_timer_5,0.9831,correct
20261001-125842,"living room, quiet, talker #2",text_jane/text_jane_20261001-130109-879.wav,text_jane,Text Jane,end_of_speech,2.8,,2.5,2.8,bcresnet6,text_jane,text_jane,0.9866,correct
20261001-125842,"living room, quiet, talker #2",text_jane/text_jane_20261001-130109-879.wav,text_jane,Text Jane,end_of_speech,2.8,,2.5,2.8,bcresnet6_ownernoise,text_jane,text_jane,0.9549,correct
20261001-125842,"living room, quiet, talker #2",text_jane/text_jane_20261001-130109-879.wav,text_jane,Text Jane,end_of_speech,2.8,,3.0,2.8,bcresnet6,text_jane,text_jane,0.9867,correct
20261001-125842,"living room, quiet, talker #2",text_jane/text_jane_20261001-130109-879.wav,text_jane,Text Jane,end_of_speech,2.8,,3.0,2.8,bcresnet6_ownernoise,text_jane,text_jane,0.9546,correct
20261001-125842,"living room, quiet, talker #2",text_jane/text_jane_20261001-130109-879.wav,text_jane,Text Jane,end_of_speech,2.8,,3.5,2.8,bcresnet6,text_jane,text_jane,0.9867,correct
20261001-125842,"living room, quiet, talker #2",text_jane/text_jane_20261001-130109-879.wav,text_jane,Text Jane,end_of_speech,2.8,,3.5,2.8,bcresnet6_ownernoise,text_jane,text_jane,0.9555,correct
20261001-125842,"living room, quiet, talker #2",text_jane/text_jane_20261001-130109-879.wav,text_jane,Text Jane,end_of_speech,2.8,,4.0,2.8,bcresnet6,text_jane,text_jane,0.9866,correct
20261001-125842,"living room, quiet, talker #2",text_jane/text_jane_20261001-130109-879.wav,text_jane,Text Jane,end_of_speech,2.8,,4.0,2.8,bcresnet6_ownernoise,text_jane,text_jane,0.9546,correct
20261001-125842,"living room, quiet, talker #2",text_jane/text_jane_20261001-130109-879.wav,text_jane,Text Jane,end_of_speech,2.8,,4.5,2.8,bcresnet6,text_jane,text_jane,0.9866,correct
20261001-125842,"living room, quiet, talker #2",text_jane/text_jane_20261001-130109-879.wav,text_jane,Text Jane,end_of_speech,2.8,,4.5,2.8,bcresnet6_ownernoise,text_jane,text_jane,0.9548,correct
20261001-125842,"living room, quiet, talker #2",text_jane/text_jane_20261001-130109-879.wav,text_jane,Text Jane,end_of_speech,2.8,,6.0,2.8,bcresnet6,text_jane,text_jane,0.9866,correct
20261001-125842,"living room, quiet, talker #2",text_jane/text_jane_20261001-130109-879.wav,text_jane,Text Jane,end_of_speech,2.8,,6.0,2.8,bcresnet6_ownernoise,text_jane,text_jane,0.9552,correct
20261001-125842,"living room, quiet, talker #2",set_alarm_9pm/set_alarm_9pm_20261001-130116-081.wav,set_alarm_9pm,Set an alarm at 9 PM,end_of_speech,4.3,1.32,2.5,3.82,bcresnet6,set_alarm_9pm,set_alarm_9pm,0.9801,correct
20261001-125842,"living room, quiet, talker #2",set_alarm_9pm/set_alarm_9pm_20261001-130116-081.wav,set_alarm_9pm,Set an alarm at 9 PM,end_of_speech,4.3,1.32,2.5,3.82,bcresnet6_ownernoise,set_alarm_9pm,set_alarm_9pm,0.8992,correct
20261001-125842,"living room, quiet, talker #2",set_alarm_9pm/set_alarm_9pm_20261001-130116-081.wav,set_alarm_9pm,Set an alarm at 9 PM,end_of_speech,4.3,1.32,3.0,4.3,bcresnet6,set_alarm_9pm,set_alarm_9pm,0.9681,correct
20261001-125842,"living room, quiet, talker #2",set_alarm_9pm/set_alarm_9pm_20261001-130116-081.wav,set_alarm_9pm,Set an alarm at 9 PM,end_of_speech,4.3,1.32,3.0,4.3,bcresnet6_ownernoise,set_alarm_9pm,set_alarm_9pm,0.7778,correct
20261001-125842,"living room, quiet, talker #2",set_alarm_9pm/set_alarm_9pm_20261001-130116-081.wav,set_alarm_9pm,Set an alarm at 9 PM,end_of_speech,4.3,1.32,3.5,4.3,bcresnet6,set_alarm_9pm,set_alarm_9pm,0.9711,correct
20261001-125842,"living room, quiet, talker #2",set_alarm_9pm/set_alarm_9pm_20261001-130116-081.wav,set_alarm_9pm,Set an alarm at 9 PM,end_of_speech,4.3,1.32,3.5,4.3,bcresnet6_ownernoise,set_alarm_9pm,set_alarm_9pm,0.7868,correct
20261001-125842,"living room, quiet, talker #2",set_alarm_9pm/set_alarm_9pm_20261001-130116-081.wav,set_alarm_9pm,Set an alarm at 9 PM,end_of_speech,4.3,1.32,4.0,4.3,bcresnet6,set_alarm_9pm,set_alarm_9pm,0.9716,correct
20261001-125842,"living room, quiet, talker #2",set_alarm_9pm/set_alarm_9pm_20261001-130116-081.wav,set_alarm_9pm,Set an alarm at 9 PM,end_of_speech,4.3,1.32,4.0,4.3,bcresnet6_ownernoise,set_alarm_9pm,set_alarm_9pm,0.7857,correct
20261001-125842,"living room, quiet, talker #2",set_alarm_9pm/set_alarm_9pm_20261001-130116-081.wav,set_alarm_9pm,Set an alarm at 9 PM,end_of_speech,4.3,1.32,4.5,4.3,bcresnet6,set_alarm_9pm,set_alarm_9pm,0.9692,correct
20261001-125842,"living room, quiet, talker #2",set_alarm_9pm/set_alarm_9pm_20261001-130116-081.wav,set_alarm_9pm,Set an alarm at 9 PM,end_of_speech,4.3,1.32,4.5,4.3,bcresnet6_ownernoise,set_alarm_9pm,set_alarm_9pm,0.7997,correct
20261001-125842,"living room, quiet, talker #2",set_alarm_9pm/set_alarm_9pm_20261001-130116-081.wav,set_alarm_9pm,Set an alarm at 9 PM,end_of_speech,4.3,1.32,6.0,4.3,bcresnet6,set_alarm_9pm,set_alarm_9pm,0.9714,correct
20261001-125842,"living room, quiet, talker #2",set_alarm_9pm/set_alarm_9pm_20261001-130116-081.wav,set_alarm_9pm,Set an alarm at 9 PM,end_of_speech,4.3,1.32,6.0,4.3,bcresnet6_ownernoise,set_alarm_9pm,set_alarm_9pm,0.7835,correct
20261001-125842,"living room, quiet, talker #2",skip/skip_20261001-130121-454.wav,next,Skip,no_speech_detected,3.4,,2.5,3.4,bcresnet6,next,next,0.9616,correct
20261001-125842,"living room, quiet, talker #2",skip/skip_20261001-130121-454.wav,next,Skip,no_speech_detected,3.4,,2.5,3.4,bcresnet6_ownernoise,next,next,0.9867,correct
20261001-125842,"living room, quiet, talker #2",skip/skip_20261001-130121-454.wav,next,Skip,no_speech_detected,3.4,,3.0,3.4,bcresnet6,next,next,0.9621,correct
20261001-125842,"living room, quiet, talker #2",skip/skip_20261001-130121-454.wav,next,Skip,no_speech_detected,3.4,,3.0,3.4,bcresnet6_ownernoise,next,next,0.9867,correct
20261001-125842,"living room, quiet, talker #2",skip/skip_20261001-130121-454.wav,next,Skip,no_speech_detected,3.4,,3.5,3.4,bcresnet6,next,next,0.9619,correct
20261001-125842,"living room, quiet, talker #2",skip/skip_20261001-130121-454.wav,next,Skip,no_speech_detected,3.4,,3.5,3.4,bcresnet6_ownernoise,next,next,0.9866,correct
20261001-125842,"living room, quiet, talker #2",skip/skip_20261001-130121-454.wav,next,Skip,no_speech_detected,3.4,,4.0,3.4,bcresnet6,next,next,0.9627,correct
20261001-125842,"living room, quiet, talker #2",skip/skip_20261001-130121-454.wav,next,Skip,no_speech_detected,3.4,,4.0,3.4,bcresnet6_ownernoise,next,next,0.9867,correct
20261001-125842,"living room, quiet, talker #2",skip/skip_20261001-130121-454.wav,next,Skip,no_speech_detected,3.4,,4.5,3.4,bcresnet6,next,next,0.9619,correct
20261001-125842,"living room, quiet, talker #2",skip/skip_20261001-130121-454.wav,next,Skip,no_speech_detected,3.4,,4.5,3.4,bcresnet6_ownernoise,next,next,0.9868,correct
20261001-125842,"living room, quiet, talker #2",skip/skip_20261001-130121-454.wav,next,Skip,no_speech_detected,3.4,,6.0,3.4,bcresnet6,next,next,0.9607,correct
20261001-125842,"living room, quiet, talker #2",skip/skip_20261001-130121-454.wav,next,Skip,no_speech_detected,3.4,,6.0,3.4,bcresnet6_ownernoise,next,next,0.9867,correct
20261001-125842,"living room, quiet, talker #2",louder/louder_20261001-130126-005.wav,volume_up,Louder,end_of_speech,2.9,1.36,2.5,2.9,bcresnet6,volume_up,volume_up,0.9942,correct
20261001-125842,"living room, quiet, talker #2",louder/louder_20261001-130126-005.wav,volume_up,Louder,end_of_speech,2.9,1.36,2.5,2.9,bcresnet6_ownernoise,volume_up,volume_up,0.9764,correct
20261001-125842,"living room, quiet, talker #2",louder/louder_20261001-130126-005.wav,volume_up,Louder,end_of_speech,2.9,1.36,3.0,2.9,bcresnet6,volume_up,volume_up,0.9944,correct
20261001-125842,"living room, quiet, talker #2",louder/louder_20261001-130126-005.wav,volume_up,Louder,end_of_speech,2.9,1.36,3.0,2.9,bcresnet6_ownernoise,volume_up,volume_up,0.9765,correct
20261001-125842,"living room, quiet, talker #2",louder/louder_20261001-130126-005.wav,volume_up,Louder,end_of_speech,2.9,1.36,3.5,2.9,bcresnet6,volume_up,volume_up,0.9944,correct
20261001-125842,"living room, quiet, talker #2",louder/louder_20261001-130126-005.wav,volume_up,Louder,end_of_speech,2.9,1.36,3.5,2.9,bcresnet6_ownernoise,volume_up,volume_up,0.9767,correct
20261001-125842,"living room, quiet, talker #2",louder/louder_20261001-130126-005.wav,volume_up,Louder,end_of_speech,2.9,1.36,4.0,2.9,bcresnet6,volume_up,volume_up,0.9944,correct
20261001-125842,"living room, quiet, talker #2",louder/louder_20261001-130126-005.wav,volume_up,Louder,end_of_speech,2.9,1.36,4.0,2.9,bcresnet6_ownernoise,volume_up,volume_up,0.9764,correct
20261001-125842,"living room, quiet, talker #2",louder/louder_20261001-130126-005.wav,volume_up,Louder,end_of_speech,2.9,1.36,4.5,2.9,bcresnet6,volume_up,volume_up,0.9943,correct
20261001-125842,"living room, quiet, talker #2",louder/louder_20261001-130126-005.wav,volume_up,Louder,end_of_speech,2.9,1.36,4.5,2.9,bcresnet6_ownernoise,volume_up,volume_up,0.9765,correct
20261001-125842,"living room, quiet, talker #2",louder/louder_20261001-130126-005.wav,volume_up,Louder,end_of_speech,2.9,1.36,6.0,2.9,bcresnet6,volume_up,volume_up,0.9942,correct
20261001-125842,"living room, quiet, talker #2",louder/louder_20261001-130126-005.wav,volume_up,Louder,end_of_speech,2.9,1.36,6.0,2.9,bcresnet6_ownernoise,volume_up,volume_up,0.9765,correct
20261001-125842,"living room, quiet, talker #2",dim_lights_50/dim_lights_50_20261001-130132-612.wav,dim_lights_50,Dim lights to 50%,end_of_speech,5.1,1.7,2.5,4.2,bcresnet6,unknown,unknown,0.4827,asks again
20261001-125842,"living room, quiet, talker #2",dim_lights_50/dim_lights_50_20261001-130132-612.wav,dim_lights_50,Dim lights to 50%,end_of_speech,5.1,1.7,2.5,4.2,bcresnet6_ownernoise,unknown,unknown,0.6973,asks again
20261001-125842,"living room, quiet, talker #2",dim_lights_50/dim_lights_50_20261001-130132-612.wav,dim_lights_50,Dim lights to 50%,end_of_speech,5.1,1.7,3.0,4.7,bcresnet6,dim_lights_50,dim_lights_50,0.6195,correct
20261001-125842,"living room, quiet, talker #2",dim_lights_50/dim_lights_50_20261001-130132-612.wav,dim_lights_50,Dim lights to 50%,end_of_speech,5.1,1.7,3.0,4.7,bcresnet6_ownernoise,unknown,unknown,0.5939,asks again
20261001-125842,"living room, quiet, talker #2",dim_lights_50/dim_lights_50_20261001-130132-612.wav,dim_lights_50,Dim lights to 50%,end_of_speech,5.1,1.7,3.5,5.1,bcresnet6,dim_lights_50,dim_lights_50,0.4838,correct
20261001-125842,"living room, quiet, talker #2",dim_lights_50/dim_lights_50_20261001-130132-612.wav,dim_lights_50,Dim lights to 50%,end_of_speech,5.1,1.7,3.5,5.1,bcresnet6_ownernoise,unknown,unknown,0.6593,asks again
20261001-125842,"living room, quiet, talker #2",dim_lights_50/dim_lights_50_20261001-130132-612.wav,dim_lights_50,Dim lights to 50%,end_of_speech,5.1,1.7,4.0,5.1,bcresnet6,dim_lights_50,dim_lights_50,0.4838,correct
20261001-125842,"living room, quiet, talker #2",dim_lights_50/dim_lights_50_20261001-130132-612.wav,dim_lights_50,Dim lights to 50%,end_of_speech,5.1,1.7,4.0,5.1,bcresnet6_ownernoise,unknown,unknown,0.6593,asks again
20261001-125842,"living room, quiet, talker #2",dim_lights_50/dim_lights_50_20261001-130132-612.wav,dim_lights_50,Dim lights to 50%,end_of_speech,5.1,1.7,4.5,5.1,bcresnet6,dim_lights_50,dim_lights_50,0.4838,correct
20261001-125842,"living room, quiet, talker #2",dim_lights_50/dim_lights_50_20261001-130132-612.wav,dim_lights_50,Dim lights to 50%,end_of_speech,5.1,1.7,4.5,5.1,bcresnet6_ownernoise,unknown,unknown,0.6593,asks again
20261001-125842,"living room, quiet, talker #2",dim_lights_50/dim_lights_50_20261001-130132-612.wav,dim_lights_50,Dim lights to 50%,end_of_speech,5.1,1.7,6.0,5.1,bcresnet6,dim_lights_50,dim_lights_50,0.4838,correct
20261001-125842,"living room, quiet, talker #2",dim_lights_50/dim_lights_50_20261001-130132-612.wav,dim_lights_50,Dim lights to 50%,end_of_speech,5.1,1.7,6.0,5.1,bcresnet6_ownernoise,unknown,unknown,0.6593,asks again
20261001-125842,"living room, quiet, talker #2",party/party_20261001-130137-469.wav,party,Party party,end_of_speech,3.1,1.48,2.5,3.1,bcresnet6,party,party,0.9877,correct
20261001-125842,"living room, quiet, talker #2",party/party_20261001-130137-469.wav,party,Party party,end_of_speech,3.1,1.48,2.5,3.1,bcresnet6_ownernoise,party,party,0.9921,correct
20261001-125842,"living room, quiet, talker #2",party/party_20261001-130137-469.wav,party,Party party,end_of_speech,3.1,1.48,3.0,3.1,bcresnet6,party,party,0.9878,correct
20261001-125842,"living room, quiet, talker #2",party/party_20261001-130137-469.wav,party,Party party,end_of_speech,3.1,1.48,3.0,3.1,bcresnet6_ownernoise,party,party,0.9921,correct
20261001-125842,"living room, quiet, talker #2",party/party_20261001-130137-469.wav,party,Party party,end_of_speech,3.1,1.48,3.5,3.1,bcresnet6,party,party,0.9878,correct
20261001-125842,"living room, quiet, talker #2",party/party_20261001-130137-469.wav,party,Party party,end_of_speech,3.1,1.48,3.5,3.1,bcresnet6_ownernoise,party,party,0.9921,correct
20261001-125842,"living room, quiet, talker #2",party/party_20261001-130137-469.wav,party,Party party,end_of_speech,3.1,1.48,4.0,3.1,bcresnet6,party,party,0.9878,correct
20261001-125842,"living room, quiet, talker #2",party/party_20261001-130137-469.wav,party,Party party,end_of_speech,3.1,1.48,4.0,3.1,bcresnet6_ownernoise,party,party,0.9921,correct
20261001-125842,"living room, quiet, talker #2",party/party_20261001-130137-469.wav,party,Party party,end_of_speech,3.1,1.48,4.5,3.1,bcresnet6,party,party,0.988,correct
20261001-125842,"living room, quiet, talker #2",party/party_20261001-130137-469.wav,party,Party party,end_of_speech,3.1,1.48,4.5,3.1,bcresnet6_ownernoise,party,party,0.9921,correct
20261001-125842,"living room, quiet, talker #2",party/party_20261001-130137-469.wav,party,Party party,end_of_speech,3.1,1.48,6.0,3.1,bcresnet6,party,party,0.9879,correct
20261001-125842,"living room, quiet, talker #2",party/party_20261001-130137-469.wav,party,Party party,end_of_speech,3.1,1.48,6.0,3.1,bcresnet6_ownernoise,party,party,0.9922,correct
20261001-125842,"living room, quiet, talker #2",set_timer_1/set_timer_1_20261001-130143-666.wav,set_timer_1,Set a timer for 1 minute,end_of_speech,4.2,1.56,2.5,4.06,bcresnet6,set_timer_1,set_timer_1,0.9913,correct
20261001-125842,"living room, quiet, talker #2",set_timer_1/set_timer_1_20261001-130143-666.wav,set_timer_1,Set a timer for 1 minute,end_of_speech,4.2,1.56,2.5,4.06,bcresnet6_ownernoise,set_timer_1,set_timer_1,0.909,correct
20261001-125842,"living room, quiet, talker #2",set_timer_1/set_timer_1_20261001-130143-666.wav,set_timer_1,Set a timer for 1 minute,end_of_speech,4.2,1.56,3.0,4.2,bcresnet6,set_timer_1,set_timer_1,0.9906,correct
20261001-125842,"living room, quiet, talker #2",set_timer_1/set_timer_1_20261001-130143-666.wav,set_timer_1,Set a timer for 1 minute,end_of_speech,4.2,1.56,3.0,4.2,bcresnet6_ownernoise,set_timer_1,set_timer_1,0.8918,correct
20261001-125842,"living room, quiet, talker #2",set_timer_1/set_timer_1_20261001-130143-666.wav,set_timer_1,Set a timer for 1 minute,end_of_speech,4.2,1.56,3.5,4.2,bcresnet6,set_timer_1,set_timer_1,0.991,correct
20261001-125842,"living room, quiet, talker #2",set_timer_1/set_timer_1_20261001-130143-666.wav,set_timer_1,Set a timer for 1 minute,end_of_speech,4.2,1.56,3.5,4.2,bcresnet6_ownernoise,set_timer_1,set_timer_1,0.8936,correct
20261001-125842,"living room, quiet, talker #2",set_timer_1/set_timer_1_20261001-130143-666.wav,set_timer_1,Set a timer for 1 minute,end_of_speech,4.2,1.56,4.0,4.2,bcresnet6,set_timer_1,set_timer_1,0.9911,correct
20261001-125842,"living room, quiet, talker #2",set_timer_1/set_timer_1_20261001-130143-666.wav,set_timer_1,Set a timer for 1 minute,end_of_speech,4.2,1.56,4.0,4.2,bcresnet6_ownernoise,set_timer_1,set_timer_1,0.893,correct
20261001-125842,"living room, quiet, talker #2",set_timer_1/set_timer_1_20261001-130143-666.wav,set_timer_1,Set a timer for 1 minute,end_of_speech,4.2,1.56,4.5,4.2,bcresnet6,set_timer_1,set_timer_1,0.991,correct
20261001-125842,"living room, quiet, talker #2",set_timer_1/set_timer_1_20261001-130143-666.wav,set_timer_1,Set a timer for 1 minute,end_of_speech,4.2,1.56,4.5,4.2,bcresnet6_ownernoise,set_timer_1,set_timer_1,0.8922,correct
20261001-125842,"living room, quiet, talker #2",set_timer_1/set_timer_1_20261001-130143-666.wav,set_timer_1,Set a timer for 1 minute,end_of_speech,4.2,1.56,6.0,4.2,bcresnet6,set_timer_1,set_timer_1,0.9908,correct
20261001-125842,"living room, quiet, talker #2",set_timer_1/set_timer_1_20261001-130143-666.wav,set_timer_1,Set a timer for 1 minute,end_of_speech,4.2,1.56,6.0,4.2,bcresnet6_ownernoise,set_timer_1,set_timer_1,0.8935,correct
20261001-125842,"living room, quiet, talker #2",weather/weather_20261001-130148-839.wav,weather,What's the weather?,end_of_speech,3.2,1.34,2.5,3.2,bcresnet6,weather,weather,0.973,correct
20261001-125842,"living room, quiet, talker #2",weather/weather_20261001-130148-839.wav,weather,What's the weather?,end_of_speech,3.2,1.34,2.5,3.2,bcresnet6_ownernoise,weather,weather,0.9754,correct
20261001-125842,"living room, quiet, talker #2",weather/weather_20261001-130148-839.wav,weather,What's the weather?,end_of_speech,3.2,1.34,3.0,3.2,bcresnet6,weather,weather,0.9732,correct
20261001-125842,"living room, quiet, talker #2",weather/weather_20261001-130148-839.wav,weather,What's the weather?,end_of_speech,3.2,1.34,3.0,3.2,bcresnet6_ownernoise,weather,weather,0.9755,correct
20261001-125842,"living room, quiet, talker #2",weather/weather_20261001-130148-839.wav,weather,What's the weather?,end_of_speech,3.2,1.34,3.5,3.2,bcresnet6,weather,weather,0.9733,correct
20261001-125842,"living room, quiet, talker #2",weather/weather_20261001-130148-839.wav,weather,What's the weather?,end_of_speech,3.2,1.34,3.5,3.2,bcresnet6_ownernoise,weather,weather,0.9754,correct
20261001-125842,"living room, quiet, talker #2",weather/weather_20261001-130148-839.wav,weather,What's the weather?,end_of_speech,3.2,1.34,4.0,3.2,bcresnet6,weather,weather,0.9735,correct
20261001-125842,"living room, quiet, talker #2",weather/weather_20261001-130148-839.wav,weather,What's the weather?,end_of_speech,3.2,1.34,4.0,3.2,bcresnet6_ownernoise,weather,weather,0.9753,correct
20261001-125842,"living room, quiet, talker #2",weather/weather_20261001-130148-839.wav,weather,What's the weather?,end_of_speech,3.2,1.34,4.5,3.2,bcresnet6,weather,weather,0.9733,correct
20261001-125842,"living room, quiet, talker #2",weather/weather_20261001-130148-839.wav,weather,What's the weather?,end_of_speech,3.2,1.34,4.5,3.2,bcresnet6_ownernoise,weather,weather,0.9755,correct
20261001-125842,"living room, quiet, talker #2",weather/weather_20261001-130148-839.wav,weather,What's the weather?,end_of_speech,3.2,1.34,6.0,3.2,bcresnet6,weather,weather,0.9733,correct
20261001-125842,"living room, quiet, talker #2",weather/weather_20261001-130148-839.wav,weather,What's the weather?,end_of_speech,3.2,1.34,6.0,3.2,bcresnet6_ownernoise,weather,weather,0.9758,correct
20261001-125842,"living room, quiet, talker #2",lights_on/lights_on_20261001-130154-109.wav,lights_on,Turn on lights,end_of_speech,3.3,1.44,2.5,3.3,bcresnet6,lights_on,lights_on,0.9545,correct
20261001-125842,"living room, quiet, talker #2",lights_on/lights_on_20261001-130154-109.wav,lights_on,Turn on lights,end_of_speech,3.3,1.44,2.5,3.3,bcresnet6_ownernoise,lights_on,lights_on,0.9299,correct
20261001-125842,"living room, quiet, talker #2",lights_on/lights_on_20261001-130154-109.wav,lights_on,Turn on lights,end_of_speech,3.3,1.44,3.0,3.3,bcresnet6,lights_on,lights_on,0.9545,correct
20261001-125842,"living room, quiet, talker #2",lights_on/lights_on_20261001-130154-109.wav,lights_on,Turn on lights,end_of_speech,3.3,1.44,3.0,3.3,bcresnet6_ownernoise,lights_on,lights_on,0.9298,correct
20261001-125842,"living room, quiet, talker #2",lights_on/lights_on_20261001-130154-109.wav,lights_on,Turn on lights,end_of_speech,3.3,1.44,3.5,3.3,bcresnet6,lights_on,lights_on,0.9549,correct
20261001-125842,"living room, quiet, talker #2",lights_on/lights_on_20261001-130154-109.wav,lights_on,Turn on lights,end_of_speech,3.3,1.44,3.5,3.3,bcresnet6_ownernoise,lights_on,lights_on,0.9304,correct
20261001-125842,"living room, quiet, talker #2",lights_on/lights_on_20261001-130154-109.wav,lights_on,Turn on lights,end_of_speech,3.3,1.44,4.0,3.3,bcresnet6,lights_on,lights_on,0.9541,correct
20261001-125842,"living room, quiet, talker #2",lights_on/lights_on_20261001-130154-109.wav,lights_on,Turn on lights,end_of_speech,3.3,1.44,4.0,3.3,bcresnet6_ownernoise,lights_on,lights_on,0.9297,correct
20261001-125842,"living room, quiet, talker #2",lights_on/lights_on_20261001-130154-109.wav,lights_on,Turn on lights,end_of_speech,3.3,1.44,4.5,3.3,bcresnet6,lights_on,lights_on,0.9553,correct
20261001-125842,"living room, quiet, talker #2",lights_on/lights_on_20261001-130154-109.wav,lights_on,Turn on lights,end_of_speech,3.3,1.44,4.5,3.3,bcresnet6_ownernoise,lights_on,lights_on,0.9296,correct
20261001-125842,"living room, quiet, talker #2",lights_on/lights_on_20261001-130154-109.wav,lights_on,Turn on lights,end_of_speech,3.3,1.44,6.0,3.3,bcresnet6,lights_on,lights_on,0.9551,correct
20261001-125842,"living room, quiet, talker #2",lights_on/lights_on_20261001-130154-109.wav,lights_on,Turn on lights,end_of_speech,3.3,1.44,6.0,3.3,bcresnet6_ownernoise,lights_on,lights_on,0.9297,correct
20261001-125842,"living room, quiet, talker #2",remind_trash/remind_trash_20261001-130200-802.wav,remind_trash,Remind me to take out the trash,end_of_speech,4.4,1.22,2.5,3.72,bcresnet6,remind_trash,remind_trash,0.9854,correct
20261001-125842,"living room, quiet, talker #2",remind_trash/remind_trash_20261001-130200-802.wav,remind_trash,Remind me to take out the trash,end_of_speech,4.4,1.22,2.5,3.72,bcresnet6_ownernoise,remind_trash,remind_trash,0.9516,correct
20261001-125842,"living room, quiet, talker #2",remind_trash/remind_trash_20261001-130200-802.wav,remind_trash,Remind me to take out the trash,end_of_speech,4.4,1.22,3.0,4.22,bcresnet6,remind_trash,remind_trash,0.9865,correct
20261001-125842,"living room, quiet, talker #2",remind_trash/remind_trash_20261001-130200-802.wav,remind_trash,Remind me to take out the trash,end_of_speech,4.4,1.22,3.0,4.22,bcresnet6_ownernoise,remind_trash,remind_trash,0.9346,correct
20261001-125842,"living room, quiet, talker #2",remind_trash/remind_trash_20261001-130200-802.wav,remind_trash,Remind me to take out the trash,end_of_speech,4.4,1.22,3.5,4.4,bcresnet6,remind_trash,remind_trash,0.9859,correct
20261001-125842,"living room, quiet, talker #2",remind_trash/remind_trash_20261001-130200-802.wav,remind_trash,Remind me to take out the trash,end_of_speech,4.4,1.22,3.5,4.4,bcresnet6_ownernoise,remind_trash,remind_trash,0.9291,correct
20261001-125842,"living room, quiet, talker #2",remind_trash/remind_trash_20261001-130200-802.wav,remind_trash,Remind me to take out the trash,end_of_speech,4.4,1.22,4.0,4.4,bcresnet6,remind_trash,remind_trash,0.9858,correct
20261001-125842,"living room, quiet, talker #2",remind_trash/remind_trash_20261001-130200-802.wav,remind_trash,Remind me to take out the trash,end_of_speech,4.4,1.22,4.0,4.4,bcresnet6_ownernoise,remind_trash,remind_trash,0.9311,correct
20261001-125842,"living room, quiet, talker #2",remind_trash/remind_trash_20261001-130200-802.wav,remind_trash,Remind me to take out the trash,end_of_speech,4.4,1.22,4.5,4.4,bcresnet6,remind_trash,remind_trash,0.9844,correct
20261001-125842,"living room, quiet, talker #2",remind_trash/remind_trash_20261001-130200-802.wav,remind_trash,Remind me to take out the trash,end_of_speech,4.4,1.22,4.5,4.4,bcresnet6_ownernoise,remind_trash,remind_trash,0.93,correct
20261001-125842,"living room, quiet, talker #2",remind_trash/remind_trash_20261001-130200-802.wav,remind_trash,Remind me to take out the trash,end_of_speech,4.4,1.22,6.0,4.4,bcresnet6,remind_trash,remind_trash,0.986,correct
20261001-125842,"living room, quiet, talker #2",remind_trash/remind_trash_20261001-130200-802.wav,remind_trash,Remind me to take out the trash,end_of_speech,4.4,1.22,6.0,4.4,bcresnet6_ownernoise,remind_trash,remind_trash,0.9307,correct
20261001-125842,"living room, quiet, talker #2",next/next_20261001-130205-456.wav,next,Next,end_of_speech,2.7,1.42,2.5,2.7,bcresnet6,next,next,0.9878,correct
20261001-125842,"living room, quiet, talker #2",next/next_20261001-130205-456.wav,next,Next,end_of_speech,2.7,1.42,2.5,2.7,bcresnet6_ownernoise,next,next,0.9937,correct
20261001-125842,"living room, quiet, talker #2",next/next_20261001-130205-456.wav,next,Next,end_of_speech,2.7,1.42,3.0,2.7,bcresnet6,next,next,0.9881,correct
20261001-125842,"living room, quiet, talker #2",next/next_20261001-130205-456.wav,next,Next,end_of_speech,2.7,1.42,3.0,2.7,bcresnet6_ownernoise,next,next,0.9938,correct
20261001-125842,"living room, quiet, talker #2",next/next_20261001-130205-456.wav,next,Next,end_of_speech,2.7,1.42,3.5,2.7,bcresnet6,next,next,0.9879,correct
20261001-125842,"living room, quiet, talker #2",next/next_20261001-130205-456.wav,next,Next,end_of_speech,2.7,1.42,3.5,2.7,bcresnet6_ownernoise,next,next,0.9939,correct
20261001-125842,"living room, quiet, talker #2",next/next_20261001-130205-456.wav,next,Next,end_of_speech,2.7,1.42,4.0,2.7,bcresnet6,next,next,0.9881,correct
20261001-125842,"living room, quiet, talker #2",next/next_20261001-130205-456.wav,next,Next,end_of_speech,2.7,1.42,4.0,2.7,bcresnet6_ownernoise,next,next,0.9939,correct
20261001-125842,"living room, quiet, talker #2",next/next_20261001-130205-456.wav,next,Next,end_of_speech,2.7,1.42,4.5,2.7,bcresnet6,next,next,0.9883,correct
20261001-125842,"living room, quiet, talker #2",next/next_20261001-130205-456.wav,next,Next,end_of_speech,2.7,1.42,4.5,2.7,bcresnet6_ownernoise,next,next,0.9938,correct
20261001-125842,"living room, quiet, talker #2",next/next_20261001-130205-456.wav,next,Next,end_of_speech,2.7,1.42,6.0,2.7,bcresnet6,next,next,0.9879,correct
20261001-125842,"living room, quiet, talker #2",next/next_20261001-130205-456.wav,next,Next,end_of_speech,2.7,1.42,6.0,2.7,bcresnet6_ownernoise,next,next,0.9939,correct
20261001-125842,"living room, quiet, talker #2",call_jane/call_jane_20261001-130210-235.wav,call_jane,Call Jane,end_of_speech,3.0,1.42,2.5,3.0,bcresnet6,call_jane,call_jane,0.9831,correct
20261001-125842,"living room, quiet, talker #2",call_jane/call_jane_20261001-130210-235.wav,call_jane,Call Jane,end_of_speech,3.0,1.42,2.5,3.0,bcresnet6_ownernoise,call_jane,call_jane,0.9824,correct
20261001-125842,"living room, quiet, talker #2",call_jane/call_jane_20261001-130210-235.wav,call_jane,Call Jane,end_of_speech,3.0,1.42,3.0,3.0,bcresnet6,call_jane,call_jane,0.9831,correct
20261001-125842,"living room, quiet, talker #2",call_jane/call_jane_20261001-130210-235.wav,call_jane,Call Jane,end_of_speech,3.0,1.42,3.0,3.0,bcresnet6_ownernoise,call_jane,call_jane,0.9821,correct
20261001-125842,"living room, quiet, talker #2",call_jane/call_jane_20261001-130210-235.wav,call_jane,Call Jane,end_of_speech,3.0,1.42,3.5,3.0,bcresnet6,call_jane,call_jane,0.9835,correct
20261001-125842,"living room, quiet, talker #2",call_jane/call_jane_20261001-130210-235.wav,call_jane,Call Jane,end_of_speech,3.0,1.42,3.5,3.0,bcresnet6_ownernoise,call_jane,call_jane,0.9821,correct
20261001-125842,"living room, quiet, talker #2",call_jane/call_jane_20261001-130210-235.wav,call_jane,Call Jane,end_of_speech,3.0,1.42,4.0,3.0,bcresnet6,call_jane,call_jane,0.9833,correct
20261001-125842,"living room, quiet, talker #2",call_jane/call_jane_20261001-130210-235.wav,call_jane,Call Jane,end_of_speech,3.0,1.42,4.0,3.0,bcresnet6_ownernoise,call_jane,call_jane,0.9821,correct
20261001-125842,"living room, quiet, talker #2",call_jane/call_jane_20261001-130210-235.wav,call_jane,Call Jane,end_of_speech,3.0,1.42,4.5,3.0,bcresnet6,call_jane,call_jane,0.9835,correct
20261001-125842,"living room, quiet, talker #2",call_jane/call_jane_20261001-130210-235.wav,call_jane,Call Jane,end_of_speech,3.0,1.42,4.5,3.0,bcresnet6_ownernoise,call_jane,call_jane,0.982,correct
20261001-125842,"living room, quiet, talker #2",call_jane/call_jane_20261001-130210-235.wav,call_jane,Call Jane,end_of_speech,3.0,1.42,6.0,3.0,bcresnet6,call_jane,call_jane,0.9829,correct
20261001-125842,"living room, quiet, talker #2",call_jane/call_jane_20261001-130210-235.wav,call_jane,Call Jane,end_of_speech,3.0,1.42,6.0,3.0,bcresnet6_ownernoise,call_jane,call_jane,0.9821,correct
20261001-125842,"living room, quiet, talker #2",set_temperature_22/set_temperature_22_20261001-130216-726.wav,set_temperature_22,Set temperature to 22 degrees,end_of_speech,4.2,1.76,2.5,4.2,bcresnet6,set_temperature_22,set_temperature_22,0.9199,correct
20261001-125842,"living room, quiet, talker #2",set_temperature_22/set_temperature_22_20261001-130216-726.wav,set_temperature_22,Set temperature to 22 degrees,end_of_speech,4.2,1.76,2.5,4.2,bcresnet6_ownernoise,set_temperature_22,set_temperature_22,0.7097,correct
20261001-125842,"living room, quiet, talker #2",set_temperature_22/set_temperature_22_20261001-130216-726.wav,set_temperature_22,Set temperature to 22 degrees,end_of_speech,4.2,1.76,3.0,4.2,bcresnet6,set_temperature_22,set_temperature_22,0.9227,correct
20261001-125842,"living room, quiet, talker #2",set_temperature_22/set_temperature_22_20261001-130216-726.wav,set_temperature_22,Set temperature to 22 degrees,end_of_speech,4.2,1.76,3.0,4.2,bcresnet6_ownernoise,set_temperature_22,set_temperature_22,0.7071,correct
20261001-125842,"living room, quiet, talker #2",set_temperature_22/set_temperature_22_20261001-130216-726.wav,set_temperature_22,Set temperature to 22 degrees,end_of_speech,4.2,1.76,3.5,4.2,bcresnet6,set_temperature_22,set_temperature_22,0.923,correct
20261001-125842,"living room, quiet, talker #2",set_temperature_22/set_temperature_22_20261001-130216-726.wav,set_temperature_22,Set temperature to 22 degrees,end_of_speech,4.2,1.76,3.5,4.2,bcresnet6_ownernoise,set_temperature_22,set_temperature_22,0.7079,correct
20261001-125842,"living room, quiet, talker #2",set_temperature_22/set_temperature_22_20261001-130216-726.wav,set_temperature_22,Set temperature to 22 degrees,end_of_speech,4.2,1.76,4.0,4.2,bcresnet6,set_temperature_22,set_temperature_22,0.9241,correct
20261001-125842,"living room, quiet, talker #2",set_temperature_22/set_temperature_22_20261001-130216-726.wav,set_temperature_22,Set temperature to 22 degrees,end_of_speech,4.2,1.76,4.0,4.2,bcresnet6_ownernoise,set_temperature_22,set_temperature_22,0.7067,correct
20261001-125842,"living room, quiet, talker #2",set_temperature_22/set_temperature_22_20261001-130216-726.wav,set_temperature_22,Set temperature to 22 degrees,end_of_speech,4.2,1.76,4.5,4.2,bcresnet6,set_temperature_22,set_temperature_22,0.922,correct
20261001-125842,"living room, quiet, talker #2",set_temperature_22/set_temperature_22_20261001-130216-726.wav,set_temperature_22,Set temperature to 22 degrees,end_of_speech,4.2,1.76,4.5,4.2,bcresnet6_ownernoise,set_temperature_22,set_temperature_22,0.7063,correct
20261001-125842,"living room, quiet, talker #2",set_temperature_22/set_temperature_22_20261001-130216-726.wav,set_temperature_22,Set temperature to 22 degrees,end_of_speech,4.2,1.76,6.0,4.2,bcresnet6,set_temperature_22,set_temperature_22,0.9227,correct
20261001-125842,"living room, quiet, talker #2",set_temperature_22/set_temperature_22_20261001-130216-726.wav,set_temperature_22,Set temperature to 22 degrees,end_of_speech,4.2,1.76,6.0,4.2,bcresnet6_ownernoise,set_temperature_22,set_temperature_22,0.7093,correct
20261001-125842,"living room, quiet, talker #2",dim_lights_20/dim_lights_20_20261001-130222-914.wav,dim_lights_20,Dim lights to 20%,end_of_speech,4.5,1.34,2.5,3.84,bcresnet6,dim_lights_20,dim_lights_20,0.8727,correct
20261001-125842,"living room, quiet, talker #2",dim_lights_20/dim_lights_20_20261001-130222-914.wav,dim_lights_20,Dim lights to 20%,end_of_speech,4.5,1.34,2.5,3.84,bcresnet6_ownernoise,dim_lights_20,dim_lights_20,0.8074,correct
20261001-125842,"living room, quiet, talker #2",dim_lights_20/dim_lights_20_20261001-130222-914.wav,dim_lights_20,Dim lights to 20%,end_of_speech,4.5,1.34,3.0,4.34,bcresnet6,dim_lights_20,dim_lights_20,0.8543,correct
20261001-125842,"living room, quiet, talker #2",dim_lights_20/dim_lights_20_20261001-130222-914.wav,dim_lights_20,Dim lights to 20%,end_of_speech,4.5,1.34,3.0,4.34,bcresnet6_ownernoise,dim_lights_20,dim_lights_20,0.8124,correct
20261001-125842,"living room, quiet, talker #2",dim_lights_20/dim_lights_20_20261001-130222-914.wav,dim_lights_20,Dim lights to 20%,end_of_speech,4.5,1.34,3.5,4.5,bcresnet6,dim_lights_20,dim_lights_20,0.8568,correct
20261001-125842,"living room, quiet, talker #2",dim_lights_20/dim_lights_20_20261001-130222-914.wav,dim_lights_20,Dim lights to 20%,end_of_speech,4.5,1.34,3.5,4.5,bcresnet6_ownernoise,dim_lights_20,dim_lights_20,0.7913,correct
20261001-125842,"living room, quiet, talker #2",dim_lights_20/dim_lights_20_20261001-130222-914.wav,dim_lights_20,Dim lights to 20%,end_of_speech,4.5,1.34,4.0,4.5,bcresnet6,dim_lights_20,dim_lights_20,0.8545,correct
20261001-125842,"living room, quiet, talker #2",dim_lights_20/dim_lights_20_20261001-130222-914.wav,dim_lights_20,Dim lights to 20%,end_of_speech,4.5,1.34,4.0,4.5,bcresnet6_ownernoise,dim_lights_20,dim_lights_20,0.7913,correct
20261001-125842,"living room, quiet, talker #2",dim_lights_20/dim_lights_20_20261001-130222-914.wav,dim_lights_20,Dim lights to 20%,end_of_speech,4.5,1.34,4.5,4.5,bcresnet6,dim_lights_20,dim_lights_20,0.8511,correct
20261001-125842,"living room, quiet, talker #2",dim_lights_20/dim_lights_20_20261001-130222-914.wav,dim_lights_20,Dim lights to 20%,end_of_speech,4.5,1.34,4.5,4.5,bcresnet6_ownernoise,dim_lights_20,dim_lights_20,0.789,correct
20261001-125842,"living room, quiet, talker #2",dim_lights_20/dim_lights_20_20261001-130222-914.wav,dim_lights_20,Dim lights to 20%,end_of_speech,4.5,1.34,6.0,4.5,bcresnet6,dim_lights_20,dim_lights_20,0.8538,correct
20261001-125842,"living room, quiet, talker #2",dim_lights_20/dim_lights_20_20261001-130222-914.wav,dim_lights_20,Dim lights to 20%,end_of_speech,4.5,1.34,6.0,4.5,bcresnet6_ownernoise,dim_lights_20,dim_lights_20,0.7904,correct
20261001-125842,"living room, quiet, talker #2",volume_down/volume_down_20261001-130235-387.wav,volume_down,Volume down,end_of_speech,3.5,1.64,2.5,3.5,bcresnet6,volume_down,volume_down,0.9797,correct
20261001-125842,"living room, quiet, talker #2",volume_down/volume_down_20261001-130235-387.wav,volume_down,Volume down,end_of_speech,3.5,1.64,2.5,3.5,bcresnet6_ownernoise,volume_down,volume_down,0.939,correct
20261001-125842,"living room, quiet, talker #2",volume_down/volume_down_20261001-130235-387.wav,volume_down,Volume down,end_of_speech,3.5,1.64,3.0,3.5,bcresnet6,volume_down,volume_down,0.9795,correct
20261001-125842,"living room, quiet, talker #2",volume_down/volume_down_20261001-130235-387.wav,volume_down,Volume down,end_of_speech,3.5,1.64,3.0,3.5,bcresnet6_ownernoise,volume_down,volume_down,0.9374,correct
20261001-125842,"living room, quiet, talker #2",volume_down/volume_down_20261001-130235-387.wav,volume_down,Volume down,end_of_speech,3.5,1.64,3.5,3.5,bcresnet6,volume_down,volume_down,0.9795,correct
20261001-125842,"living room, quiet, talker #2",volume_down/volume_down_20261001-130235-387.wav,volume_down,Volume down,end_of_speech,3.5,1.64,3.5,3.5,bcresnet6_ownernoise,volume_down,volume_down,0.9371,correct
20261001-125842,"living room, quiet, talker #2",volume_down/volume_down_20261001-130235-387.wav,volume_down,Volume down,end_of_speech,3.5,1.64,4.0,3.5,bcresnet6,volume_down,volume_down,0.9796,correct
20261001-125842,"living room, quiet, talker #2",volume_down/volume_down_20261001-130235-387.wav,volume_down,Volume down,end_of_speech,3.5,1.64,4.0,3.5,bcresnet6_ownernoise,volume_down,volume_down,0.9371,correct
20261001-125842,"living room, quiet, talker #2",volume_down/volume_down_20261001-130235-387.wav,volume_down,Volume down,end_of_speech,3.5,1.64,4.5,3.5,bcresnet6,volume_down,volume_down,0.9791,correct
20261001-125842,"living room, quiet, talker #2",volume_down/volume_down_20261001-130235-387.wav,volume_down,Volume down,end_of_speech,3.5,1.64,4.5,3.5,bcresnet6_ownernoise,volume_down,volume_down,0.9365,correct
20261001-125842,"living room, quiet, talker #2",volume_down/volume_down_20261001-130235-387.wav,volume_down,Volume down,end_of_speech,3.5,1.64,6.0,3.5,bcresnet6,volume_down,volume_down,0.9796,correct
20261001-125842,"living room, quiet, talker #2",volume_down/volume_down_20261001-130235-387.wav,volume_down,Volume down,end_of_speech,3.5,1.64,6.0,3.5,bcresnet6_ownernoise,volume_down,volume_down,0.9373,correct
20261001-125842,"living room, quiet, talker #2",set_alarm_6am/set_alarm_6am_20261001-130242-283.wav,set_alarm_6am,Set an alarm at 6 AM,end_of_speech,4.4,1.5,2.5,4.0,bcresnet6,set_alarm_6am,set_alarm_6am,0.9205,correct
20261001-125842,"living room, quiet, talker #2",set_alarm_6am/set_alarm_6am_20261001-130242-283.wav,set_alarm_6am,Set an alarm at 6 AM,end_of_speech,4.4,1.5,2.5,4.0,bcresnet6_ownernoise,set_alarm_6am,set_alarm_6am,0.9738,correct
20261001-125842,"living room, quiet, talker #2",set_alarm_6am/set_alarm_6am_20261001-130242-283.wav,set_alarm_6am,Set an alarm at 6 AM,end_of_speech,4.4,1.5,3.0,4.4,bcresnet6,set_alarm_6am,set_alarm_6am,0.8993,correct
20261001-125842,"living room, quiet, talker #2",set_alarm_6am/set_alarm_6am_20261001-130242-283.wav,set_alarm_6am,Set an alarm at 6 AM,end_of_speech,4.4,1.5,3.0,4.4,bcresnet6_ownernoise,set_alarm_6am,set_alarm_6am,0.957,correct
20261001-125842,"living room, quiet, talker #2",set_alarm_6am/set_alarm_6am_20261001-130242-283.wav,set_alarm_6am,Set an alarm at 6 AM,end_of_speech,4.4,1.5,3.5,4.4,bcresnet6,set_alarm_6am,set_alarm_6am,0.8993,correct
20261001-125842,"living room, quiet, talker #2",set_alarm_6am/set_alarm_6am_20261001-130242-283.wav,set_alarm_6am,Set an alarm at 6 AM,end_of_speech,4.4,1.5,3.5,4.4,bcresnet6_ownernoise,set_alarm_6am,set_alarm_6am,0.9555,correct
20261001-125842,"living room, quiet, talker #2",set_alarm_6am/set_alarm_6am_20261001-130242-283.wav,set_alarm_6am,Set an alarm at 6 AM,end_of_speech,4.4,1.5,4.0,4.4,bcresnet6,set_alarm_6am,set_alarm_6am,0.9014,correct
20261001-125842,"living room, quiet, talker #2",set_alarm_6am/set_alarm_6am_20261001-130242-283.wav,set_alarm_6am,Set an alarm at 6 AM,end_of_speech,4.4,1.5,4.0,4.4,bcresnet6_ownernoise,set_alarm_6am,set_alarm_6am,0.9567,correct
20261001-125842,"living room, quiet, talker #2",set_alarm_6am/set_alarm_6am_20261001-130242-283.wav,set_alarm_6am,Set an alarm at 6 AM,end_of_speech,4.4,1.5,4.5,4.4,bcresnet6,set_alarm_6am,set_alarm_6am,0.8959,correct
20261001-125842,"living room, quiet, talker #2",set_alarm_6am/set_alarm_6am_20261001-130242-283.wav,set_alarm_6am,Set an alarm at 6 AM,end_of_speech,4.4,1.5,4.5,4.4,bcresnet6_ownernoise,set_alarm_6am,set_alarm_6am,0.9552,correct
20261001-125842,"living room, quiet, talker #2",set_alarm_6am/set_alarm_6am_20261001-130242-283.wav,set_alarm_6am,Set an alarm at 6 AM,end_of_speech,4.4,1.5,6.0,4.4,bcresnet6,set_alarm_6am,set_alarm_6am,0.9016,correct
20261001-125842,"living room, quiet, talker #2",set_alarm_6am/set_alarm_6am_20261001-130242-283.wav,set_alarm_6am,Set an alarm at 6 AM,end_of_speech,4.4,1.5,6.0,4.4,bcresnet6_ownernoise,set_alarm_6am,set_alarm_6am,0.9564,correct
20261001-125842,"living room, quiet, talker #2",set_temperature_22/set_temperature_22_20261001-130249-281.wav,set_temperature_22,Set temperature to 22 degrees,end_of_speech,4.2,1.5,2.5,4.0,bcresnet6,set_temperature_22,set_temperature_22,0.971,correct
20261001-125842,"living room, quiet, talker #2",set_temperature_22/set_temperature_22_20261001-130249-281.wav,set_temperature_22,Set temperature to 22 degrees,end_of_speech,4.2,1.5,2.5,4.0,bcresnet6_ownernoise,set_temperature_22,set_temperature_22,0.8987,correct
20261001-125842,"living room, quiet, talker #2",set_temperature_22/set_temperature_22_20261001-130249-281.wav,set_temperature_22,Set temperature to 22 degrees,end_of_speech,4.2,1.5,3.0,4.2,bcresnet6,set_temperature_22,set_temperature_22,0.9716,correct
20261001-125842,"living room, quiet, talker #2",set_temperature_22/set_temperature_22_20261001-130249-281.wav,set_temperature_22,Set temperature to 22 degrees,end_of_speech,4.2,1.5,3.0,4.2,bcresnet6_ownernoise,set_temperature_22,set_temperature_22,0.9032,correct
20261001-125842,"living room, quiet, talker #2",set_temperature_22/set_temperature_22_20261001-130249-281.wav,set_temperature_22,Set temperature to 22 degrees,end_of_speech,4.2,1.5,3.5,4.2,bcresnet6,set_temperature_22,set_temperature_22,0.9726,correct
20261001-125842,"living room, quiet, talker #2",set_temperature_22/set_temperature_22_20261001-130249-281.wav,set_temperature_22,Set temperature to 22 degrees,end_of_speech,4.2,1.5,3.5,4.2,bcresnet6_ownernoise,set_temperature_22,set_temperature_22,0.9023,correct
20261001-125842,"living room, quiet, talker #2",set_temperature_22/set_temperature_22_20261001-130249-281.wav,set_temperature_22,Set temperature to 22 degrees,end_of_speech,4.2,1.5,4.0,4.2,bcresnet6,set_temperature_22,set_temperature_22,0.9731,correct
20261001-125842,"living room, quiet, talker #2",set_temperature_22/set_temperature_22_20261001-130249-281.wav,set_temperature_22,Set temperature to 22 degrees,end_of_speech,4.2,1.5,4.0,4.2,bcresnet6_ownernoise,set_temperature_22,set_temperature_22,0.9041,correct
20261001-125842,"living room, quiet, talker #2",set_temperature_22/set_temperature_22_20261001-130249-281.wav,set_temperature_22,Set temperature to 22 degrees,end_of_speech,4.2,1.5,4.5,4.2,bcresnet6,set_temperature_22,set_temperature_22,0.9739,correct
20261001-125842,"living room, quiet, talker #2",set_temperature_22/set_temperature_22_20261001-130249-281.wav,set_temperature_22,Set temperature to 22 degrees,end_of_speech,4.2,1.5,4.5,4.2,bcresnet6_ownernoise,set_temperature_22,set_temperature_22,0.905,correct
20261001-125842,"living room, quiet, talker #2",set_temperature_22/set_temperature_22_20261001-130249-281.wav,set_temperature_22,Set temperature to 22 degrees,end_of_speech,4.2,1.5,6.0,4.2,bcresnet6,set_temperature_22,set_temperature_22,0.9731,correct
20261001-125842,"living room, quiet, talker #2",set_temperature_22/set_temperature_22_20261001-130249-281.wav,set_temperature_22,Set temperature to 22 degrees,end_of_speech,4.2,1.5,6.0,4.2,bcresnet6_ownernoise,set_temperature_22,set_temperature_22,0.9027,correct
20261001-125842,"living room, quiet, talker #2",remind_study/remind_study_20261001-130255-160.wav,remind_study,Remind me to study for my exam,end_of_speech,4.2,1.38,2.5,3.88,bcresnet6,remind_study,remind_study,0.9933,correct
20261001-125842,"living room, quiet, talker #2",remind_study/remind_study_20261001-130255-160.wav,remind_study,Remind me to study for my exam,end_of_speech,4.2,1.38,2.5,3.88,bcresnet6_ownernoise,remind_study,remind_study,0.9876,correct
20261001-125842,"living room, quiet, talker #2",remind_study/remind_study_20261001-130255-160.wav,remind_study,Remind me to study for my exam,end_of_speech,4.2,1.38,3.0,4.2,bcresnet6,remind_study,remind_study,0.9938,correct
20261001-125842,"living room, quiet, talker #2",remind_study/remind_study_20261001-130255-160.wav,remind_study,Remind me to study for my exam,end_of_speech,4.2,1.38,3.0,4.2,bcresnet6_ownernoise,remind_study,remind_study,0.9891,correct
20261001-125842,"living room, quiet, talker #2",remind_study/remind_study_20261001-130255-160.wav,remind_study,Remind me to study for my exam,end_of_speech,4.2,1.38,3.5,4.2,bcresnet6,remind_study,remind_study,0.9937,correct
20261001-125842,"living room, quiet, talker #2",remind_study/remind_study_20261001-130255-160.wav,remind_study,Remind me to study for my exam,end_of_speech,4.2,1.38,3.5,4.2,bcresnet6_ownernoise,remind_study,remind_study,0.9893,correct
20261001-125842,"living room, quiet, talker #2",remind_study/remind_study_20261001-130255-160.wav,remind_study,Remind me to study for my exam,end_of_speech,4.2,1.38,4.0,4.2,bcresnet6,remind_study,remind_study,0.9938,correct
20261001-125842,"living room, quiet, talker #2",remind_study/remind_study_20261001-130255-160.wav,remind_study,Remind me to study for my exam,end_of_speech,4.2,1.38,4.0,4.2,bcresnet6_ownernoise,remind_study,remind_study,0.9892,correct
20261001-125842,"living room, quiet, talker #2",remind_study/remind_study_20261001-130255-160.wav,remind_study,Remind me to study for my exam,end_of_speech,4.2,1.38,4.5,4.2,bcresnet6,remind_study,remind_study,0.9937,correct
20261001-125842,"living room, quiet, talker #2",remind_study/remind_study_20261001-130255-160.wav,remind_study,Remind me to study for my exam,end_of_speech,4.2,1.38,4.5,4.2,bcresnet6_ownernoise,remind_study,remind_study,0.989,correct
20261001-125842,"living room, quiet, talker #2",remind_study/remind_study_20261001-130255-160.wav,remind_study,Remind me to study for my exam,end_of_speech,4.2,1.38,6.0,4.2,bcresnet6,remind_study,remind_study,0.9938,correct
20261001-125842,"living room, quiet, talker #2",remind_study/remind_study_20261001-130255-160.wav,remind_study,Remind me to study for my exam,end_of_speech,4.2,1.38,6.0,4.2,bcresnet6_ownernoise,remind_study,remind_study,0.9892,correct
20261001-125842,"living room, quiet, talker #2",unknown_silent/unknown_silent_20261001-130300-338.wav,unknown,(say nothing after Hey Delta),no_speech_detected,3.3,,2.5,3.3,bcresnet6,unknown,unknown,0.9066,correct
20261001-125842,"living room, quiet, talker #2",unknown_silent/unknown_silent_20261001-130300-338.wav,unknown,(say nothing after Hey Delta),no_speech_detected,3.3,,2.5,3.3,bcresnet6_ownernoise,unknown,unknown,0.8683,correct
20261001-125842,"living room, quiet, talker #2",unknown_silent/unknown_silent_20261001-130300-338.wav,unknown,(say nothing after Hey Delta),no_speech_detected,3.3,,3.0,3.3,bcresnet6,unknown,unknown,0.9122,correct
20261001-125842,"living room, quiet, talker #2",unknown_silent/unknown_silent_20261001-130300-338.wav,unknown,(say nothing after Hey Delta),no_speech_detected,3.3,,3.0,3.3,bcresnet6_ownernoise,unknown,unknown,0.8678,correct
20261001-125842,"living room, quiet, talker #2",unknown_silent/unknown_silent_20261001-130300-338.wav,unknown,(say nothing after Hey Delta),no_speech_detected,3.3,,3.5,3.3,bcresnet6,unknown,unknown,0.908,correct
20261001-125842,"living room, quiet, talker #2",unknown_silent/unknown_silent_20261001-130300-338.wav,unknown,(say nothing after Hey Delta),no_speech_detected,3.3,,3.5,3.3,bcresnet6_ownernoise,unknown,unknown,0.8655,correct
20261001-125842,"living room, quiet, talker #2",unknown_silent/unknown_silent_20261001-130300-338.wav,unknown,(say nothing after Hey Delta),no_speech_detected,3.3,,4.0,3.3,bcresnet6,unknown,unknown,0.9078,correct
20261001-125842,"living room, quiet, talker #2",unknown_silent/unknown_silent_20261001-130300-338.wav,unknown,(say nothing after Hey Delta),no_speech_detected,3.3,,4.0,3.3,bcresnet6_ownernoise,unknown,unknown,0.8662,correct
20261001-125842,"living room, quiet, talker #2",unknown_silent/unknown_silent_20261001-130300-338.wav,unknown,(say nothing after Hey Delta),no_speech_detected,3.3,,4.5,3.3,bcresnet6,unknown,unknown,0.91,correct
20261001-125842,"living room, quiet, talker #2",unknown_silent/unknown_silent_20261001-130300-338.wav,unknown,(say nothing after Hey Delta),no_speech_detected,3.3,,4.5,3.3,bcresnet6_ownernoise,unknown,unknown,0.8652,correct
20261001-125842,"living room, quiet, talker #2",unknown_silent/unknown_silent_20261001-130300-338.wav,unknown,(say nothing after Hey Delta),no_speech_detected,3.3,,6.0,3.3,bcresnet6,unknown,unknown,0.9068,correct
20261001-125842,"living room, quiet, talker #2",unknown_silent/unknown_silent_20261001-130300-338.wav,unknown,(say nothing after Hey Delta),no_speech_detected,3.3,,6.0,3.3,bcresnet6_ownernoise,unknown,unknown,0.8675,correct
20261001-125842,"living room, quiet, talker #2",set_alarm_7am/set_alarm_7am_20261001-130306-418.wav,set_alarm_7am,Set an alarm at 7 AM,end_of_speech,4.2,1.52,2.5,4.02,bcresnet6,set_alarm_7am,set_alarm_7am,0.9923,correct
20261001-125842,"living room, quiet, talker #2",set_alarm_7am/set_alarm_7am_20261001-130306-418.wav,set_alarm_7am,Set an alarm at 7 AM,end_of_speech,4.2,1.52,2.5,4.02,bcresnet6_ownernoise,set_alarm_7am,set_alarm_7am,0.9866,correct
20261001-125842,"living room, quiet, talker #2",set_alarm_7am/set_alarm_7am_20261001-130306-418.wav,set_alarm_7am,Set an alarm at 7 AM,end_of_speech,4.2,1.52,3.0,4.2,bcresnet6,set_alarm_7am,set_alarm_7am,0.9917,correct
20261001-125842,"living room, quiet, talker #2",set_alarm_7am/set_alarm_7am_20261001-130306-418.wav,set_alarm_7am,Set an alarm at 7 AM,end_of_speech,4.2,1.52,3.0,4.2,bcresnet6_ownernoise,set_alarm_7am,set_alarm_7am,0.9849,correct
20261001-125842,"living room, quiet, talker #2",set_alarm_7am/set_alarm_7am_20261001-130306-418.wav,set_alarm_7am,Set an alarm at 7 AM,end_of_speech,4.2,1.52,3.5,4.2,bcresnet6,set_alarm_7am,set_alarm_7am,0.9918,correct
20261001-125842,"living room, quiet, talker #2",set_alarm_7am/set_alarm_7am_20261001-130306-418.wav,set_alarm_7am,Set an alarm at 7 AM,end_of_speech,4.2,1.52,3.5,4.2,bcresnet6_ownernoise,set_alarm_7am,set_alarm_7am,0.9853,correct
20261001-125842,"living room, quiet, talker #2",set_alarm_7am/set_alarm_7am_20261001-130306-418.wav,set_alarm_7am,Set an alarm at 7 AM,end_of_speech,4.2,1.52,4.0,4.2,bcresnet6,set_alarm_7am,set_alarm_7am,0.9917,correct
20261001-125842,"living room, quiet, talker #2",set_alarm_7am/set_alarm_7am_20261001-130306-418.wav,set_alarm_7am,Set an alarm at 7 AM,end_of_speech,4.2,1.52,4.0,4.2,bcresnet6_ownernoise,set_alarm_7am,set_alarm_7am,0.9849,correct
20261001-125842,"living room, quiet, talker #2",set_alarm_7am/set_alarm_7am_20261001-130306-418.wav,set_alarm_7am,Set an alarm at 7 AM,end_of_speech,4.2,1.52,4.5,4.2,bcresnet6,set_alarm_7am,set_alarm_7am,0.9918,correct
20261001-125842,"living room, quiet, talker #2",set_alarm_7am/set_alarm_7am_20261001-130306-418.wav,set_alarm_7am,Set an alarm at 7 AM,end_of_speech,4.2,1.52,4.5,4.2,bcresnet6_ownernoise,set_alarm_7am,set_alarm_7am,0.9849,correct
20261001-125842,"living room, quiet, talker #2",set_alarm_7am/set_alarm_7am_20261001-130306-418.wav,set_alarm_7am,Set an alarm at 7 AM,end_of_speech,4.2,1.52,6.0,4.2,bcresnet6,set_alarm_7am,set_alarm_7am,0.9915,correct
20261001-125842,"living room, quiet, talker #2",set_alarm_7am/set_alarm_7am_20261001-130306-418.wav,set_alarm_7am,Set an alarm at 7 AM,end_of_speech,4.2,1.52,6.0,4.2,bcresnet6_ownernoise,set_alarm_7am,set_alarm_7am,0.9847,correct
20261001-125842,"living room, quiet, talker #2",unknown_other/unknown_other_20261001-130311-895.wav,unknown,(say something that is NOT a command),end_of_speech,3.2,1.44,2.5,3.2,bcresnet6,unknown,unknown,0.7462,correct
20261001-125842,"living room, quiet, talker #2",unknown_other/unknown_other_20261001-130311-895.wav,unknown,(say something that is NOT a command),end_of_speech,3.2,1.44,2.5,3.2,bcresnet6_ownernoise,unknown,unknown,0.7083,correct
20261001-125842,"living room, quiet, talker #2",unknown_other/unknown_other_20261001-130311-895.wav,unknown,(say something that is NOT a command),end_of_speech,3.2,1.44,3.0,3.2,bcresnet6,unknown,unknown,0.7462,correct
20261001-125842,"living room, quiet, talker #2",unknown_other/unknown_other_20261001-130311-895.wav,unknown,(say something that is NOT a command),end_of_speech,3.2,1.44,3.0,3.2,bcresnet6_ownernoise,unknown,unknown,0.6946,correct
20261001-125842,"living room, quiet, talker #2",unknown_other/unknown_other_20261001-130311-895.wav,unknown,(say something that is NOT a command),end_of_speech,3.2,1.44,3.5,3.2,bcresnet6,unknown,unknown,0.7515,correct
20261001-125842,"living room, quiet, talker #2",unknown_other/unknown_other_20261001-130311-895.wav,unknown,(say something that is NOT a command),end_of_speech,3.2,1.44,3.5,3.2,bcresnet6_ownernoise,unknown,unknown,0.7004,correct
20261001-125842,"living room, quiet, talker #2",unknown_other/unknown_other_20261001-130311-895.wav,unknown,(say something that is NOT a command),end_of_speech,3.2,1.44,4.0,3.2,bcresnet6,unknown,unknown,0.7487,correct
20261001-125842,"living room, quiet, talker #2",unknown_other/unknown_other_20261001-130311-895.wav,unknown,(say something that is NOT a command),end_of_speech,3.2,1.44,4.0,3.2,bcresnet6_ownernoise,unknown,unknown,0.6947,correct
20261001-125842,"living room, quiet, talker #2",unknown_other/unknown_other_20261001-130311-895.wav,unknown,(say something that is NOT a command),end_of_speech,3.2,1.44,4.5,3.2,bcresnet6,unknown,unknown,0.7489,correct
20261001-125842,"living room, quiet, talker #2",unknown_other/unknown_other_20261001-130311-895.wav,unknown,(say something that is NOT a command),end_of_speech,3.2,1.44,4.5,3.2,bcresnet6_ownernoise,unknown,unknown,0.7066,correct
20261001-125842,"living room, quiet, talker #2",unknown_other/unknown_other_20261001-130311-895.wav,unknown,(say something that is NOT a command),end_of_speech,3.2,1.44,6.0,3.2,bcresnet6,unknown,unknown,0.7477,correct
20261001-125842,"living room, quiet, talker #2",unknown_other/unknown_other_20261001-130311-895.wav,unknown,(say something that is NOT a command),end_of_speech,3.2,1.44,6.0,3.2,bcresnet6_ownernoise,unknown,unknown,0.6977,correct
20261001-125842,"living room, quiet, talker #2",lights_on/lights_on_20261001-130317-171.wav,lights_on,Turn on lights,end_of_speech,3.4,1.72,2.5,3.4,bcresnet6,lights_on,lights_on,0.9733,correct
20261001-125842,"living room, quiet, talker #2",lights_on/lights_on_20261001-130317-171.wav,lights_on,Turn on lights,end_of_speech,3.4,1.72,2.5,3.4,bcresnet6_ownernoise,lights_on,lights_on,0.964,correct
20261001-125842,"living room, quiet, talker #2",lights_on/lights_on_20261001-130317-171.wav,lights_on,Turn on lights,end_of_speech,3.4,1.72,3.0,3.4,bcresnet6,lights_on,lights_on,0.9738,correct
20261001-125842,"living room, quiet, talker #2",lights_on/lights_on_20261001-130317-171.wav,lights_on,Turn on lights,end_of_speech,3.4,1.72,3.0,3.4,bcresnet6_ownernoise,lights_on,lights_on,0.9639,correct
20261001-125842,"living room, quiet, talker #2",lights_on/lights_on_20261001-130317-171.wav,lights_on,Turn on lights,end_of_speech,3.4,1.72,3.5,3.4,bcresnet6,lights_on,lights_on,0.9738,correct
20261001-125842,"living room, quiet, talker #2",lights_on/lights_on_20261001-130317-171.wav,lights_on,Turn on lights,end_of_speech,3.4,1.72,3.5,3.4,bcresnet6_ownernoise,lights_on,lights_on,0.9641,correct
20261001-125842,"living room, quiet, talker #2",lights_on/lights_on_20261001-130317-171.wav,lights_on,Turn on lights,end_of_speech,3.4,1.72,4.0,3.4,bcresnet6,lights_on,lights_on,0.9734,correct
20261001-125842,"living room, quiet, talker #2",lights_on/lights_on_20261001-130317-171.wav,lights_on,Turn on lights,end_of_speech,3.4,1.72,4.0,3.4,bcresnet6_ownernoise,lights_on,lights_on,0.9638,correct
20261001-125842,"living room, quiet, talker #2",lights_on/lights_on_20261001-130317-171.wav,lights_on,Turn on lights,end_of_speech,3.4,1.72,4.5,3.4,bcresnet6,lights_on,lights_on,0.9735,correct
20261001-125842,"living room, quiet, talker #2",lights_on/lights_on_20261001-130317-171.wav,lights_on,Turn on lights,end_of_speech,3.4,1.72,4.5,3.4,bcresnet6_ownernoise,lights_on,lights_on,0.9641,correct
20261001-125842,"living room, quiet, talker #2",lights_on/lights_on_20261001-130317-171.wav,lights_on,Turn on lights,end_of_speech,3.4,1.72,6.0,3.4,bcresnet6,lights_on,lights_on,0.9735,correct
20261001-125842,"living room, quiet, talker #2",lights_on/lights_on_20261001-130317-171.wav,lights_on,Turn on lights,end_of_speech,3.4,1.72,6.0,3.4,bcresnet6_ownernoise,lights_on,lights_on,0.9643,correct
20261001-125842,"living room, quiet, talker #2",time/time_20261001-130322-025.wav,time,What time is it?,end_of_speech,2.9,1.44,2.5,2.9,bcresnet6,time,time,0.9899,correct
20261001-125842,"living room, quiet, talker #2",time/time_20261001-130322-025.wav,time,What time is it?,end_of_speech,2.9,1.44,2.5,2.9,bcresnet6_ownernoise,time,time,0.9913,correct
20261001-125842,"living room, quiet, talker #2",time/time_20261001-130322-025.wav,time,What time is it?,end_of_speech,2.9,1.44,3.0,2.9,bcresnet6,time,time,0.99,correct
20261001-125842,"living room, quiet, talker #2",time/time_20261001-130322-025.wav,time,What time is it?,end_of_speech,2.9,1.44,3.0,2.9,bcresnet6_ownernoise,time,time,0.9913,correct
20261001-125842,"living room, quiet, talker #2",time/time_20261001-130322-025.wav,time,What time is it?,end_of_speech,2.9,1.44,3.5,2.9,bcresnet6,time,time,0.9899,correct
20261001-125842,"living room, quiet, talker #2",time/time_20261001-130322-025.wav,time,What time is it?,end_of_speech,2.9,1.44,3.5,2.9,bcresnet6_ownernoise,time,time,0.9913,correct
20261001-125842,"living room, quiet, talker #2",time/time_20261001-130322-025.wav,time,What time is it?,end_of_speech,2.9,1.44,4.0,2.9,bcresnet6,time,time,0.9899,correct
20261001-125842,"living room, quiet, talker #2",time/time_20261001-130322-025.wav,time,What time is it?,end_of_speech,2.9,1.44,4.0,2.9,bcresnet6_ownernoise,time,time,0.9913,correct
20261001-125842,"living room, quiet, talker #2",time/time_20261001-130322-025.wav,time,What time is it?,end_of_speech,2.9,1.44,4.5,2.9,bcresnet6,time,time,0.99,correct
20261001-125842,"living room, quiet, talker #2",time/time_20261001-130322-025.wav,time,What time is it?,end_of_speech,2.9,1.44,4.5,2.9,bcresnet6_ownernoise,time,time,0.9913,correct
20261001-125842,"living room, quiet, talker #2",time/time_20261001-130322-025.wav,time,What time is it?,end_of_speech,2.9,1.44,6.0,2.9,bcresnet6,time,time,0.9899,correct
20261001-125842,"living room, quiet, talker #2",time/time_20261001-130322-025.wav,time,What time is it?,end_of_speech,2.9,1.44,6.0,2.9,bcresnet6_ownernoise,time,time,0.9916,correct
20261001-125842,"living room, quiet, talker #2",set_timer_10/set_timer_10_20261001-130328-022.wav,set_timer_10,Set a timer for 10 minutes,end_of_speech,4.2,1.78,2.5,4.2,bcresnet6,set_timer_10,set_timer_10,0.9891,correct
20261001-125842,"living room, quiet, talker #2",set_timer_10/set_timer_10_20261001-130328-022.wav,set_timer_10,Set a timer for 10 minutes,end_of_speech,4.2,1.78,2.5,4.2,bcresnet6_ownernoise,set_timer_10,set_timer_10,0.9806,correct
20261001-125842,"living room, quiet, talker #2",set_timer_10/set_timer_10_20261001-130328-022.wav,set_timer_10,Set a timer for 10 minutes,end_of_speech,4.2,1.78,3.0,4.2,bcresnet6,set_timer_10,set_timer_10,0.9889,correct
20261001-125842,"living room, quiet, talker #2",set_timer_10/set_timer_10_20261001-130328-022.wav,set_timer_10,Set a timer for 10 minutes,end_of_speech,4.2,1.78,3.0,4.2,bcresnet6_ownernoise,set_timer_10,set_timer_10,0.9811,correct
20261001-125842,"living room, quiet, talker #2",set_timer_10/set_timer_10_20261001-130328-022.wav,set_timer_10,Set a timer for 10 minutes,end_of_speech,4.2,1.78,3.5,4.2,bcresnet6,set_timer_10,set_timer_10,0.9888,correct
20261001-125842,"living room, quiet, talker #2",set_timer_10/set_timer_10_20261001-130328-022.wav,set_timer_10,Set a timer for 10 minutes,end_of_speech,4.2,1.78,3.5,4.2,bcresnet6_ownernoise,set_timer_10,set_timer_10,0.9805,correct
20261001-125842,"living room, quiet, talker #2",set_timer_10/set_timer_10_20261001-130328-022.wav,set_timer_10,Set a timer for 10 minutes,end_of_speech,4.2,1.78,4.0,4.2,bcresnet6,set_timer_10,set_timer_10,0.9888,correct
20261001-125842,"living room, quiet, talker #2",set_timer_10/set_timer_10_20261001-130328-022.wav,set_timer_10,Set a timer for 10 minutes,end_of_speech,4.2,1.78,4.0,4.2,bcresnet6_ownernoise,set_timer_10,set_timer_10,0.9805,correct
20261001-125842,"living room, quiet, talker #2",set_timer_10/set_timer_10_20261001-130328-022.wav,set_timer_10,Set a timer for 10 minutes,end_of_speech,4.2,1.78,4.5,4.2,bcresnet6,set_timer_10,set_timer_10,0.9891,correct
20261001-125842,"living room, quiet, talker #2",set_timer_10/set_timer_10_20261001-130328-022.wav,set_timer_10,Set a timer for 10 minutes,end_of_speech,4.2,1.78,4.5,4.2,bcresnet6_ownernoise,set_timer_10,set_timer_10,0.9806,correct
20261001-125842,"living room, quiet, talker #2",set_timer_10/set_timer_10_20261001-130328-022.wav,set_timer_10,Set a timer for 10 minutes,end_of_speech,4.2,1.78,6.0,4.2,bcresnet6,set_timer_10,set_timer_10,0.9888,correct
20261001-125842,"living room, quiet, talker #2",set_timer_10/set_timer_10_20261001-130328-022.wav,set_timer_10,Set a timer for 10 minutes,end_of_speech,4.2,1.78,6.0,4.2,bcresnet6_ownernoise,set_timer_10,set_timer_10,0.9805,correct
20261001-125842,"living room, quiet, talker #2",call_jane/call_jane_20261001-130332-881.wav,call_jane,Call Jane,end_of_speech,3.1,1.44,2.5,3.1,bcresnet6,call_jane,call_jane,0.9811,correct
20261001-125842,"living room, quiet, talker #2",call_jane/call_jane_20261001-130332-881.wav,call_jane,Call Jane,end_of_speech,3.1,1.44,2.5,3.1,bcresnet6_ownernoise,call_jane,call_jane,0.9672,correct
20261001-125842,"living room, quiet, talker #2",call_jane/call_jane_20261001-130332-881.wav,call_jane,Call Jane,end_of_speech,3.1,1.44,3.0,3.1,bcresnet6,call_jane,call_jane,0.9809,correct
20261001-125842,"living room, quiet, talker #2",call_jane/call_jane_20261001-130332-881.wav,call_jane,Call Jane,end_of_speech,3.1,1.44,3.0,3.1,bcresnet6_ownernoise,call_jane,call_jane,0.9672,correct
20261001-125842,"living room, quiet, talker #2",call_jane/call_jane_20261001-130332-881.wav,call_jane,Call Jane,end_of_speech,3.1,1.44,3.5,3.1,bcresnet6,call_jane,call_jane,0.9811,correct
20261001-125842,"living room, quiet, talker #2",call_jane/call_jane_20261001-130332-881.wav,call_jane,Call Jane,end_of_speech,3.1,1.44,3.5,3.1,bcresnet6_ownernoise,call_jane,call_jane,0.9668,correct
20261001-125842,"living room, quiet, talker #2",call_jane/call_jane_20261001-130332-881.wav,call_jane,Call Jane,end_of_speech,3.1,1.44,4.0,3.1,bcresnet6,call_jane,call_jane,0.9809,correct
20261001-125842,"living room, quiet, talker #2",call_jane/call_jane_20261001-130332-881.wav,call_jane,Call Jane,end_of_speech,3.1,1.44,4.0,3.1,bcresnet6_ownernoise,call_jane,call_jane,0.9669,correct
20261001-125842,"living room, quiet, talker #2",call_jane/call_jane_20261001-130332-881.wav,call_jane,Call Jane,end_of_speech,3.1,1.44,4.5,3.1,bcresnet6,call_jane,call_jane,0.9811,correct
20261001-125842,"living room, quiet, talker #2",call_jane/call_jane_20261001-130332-881.wav,call_jane,Call Jane,end_of_speech,3.1,1.44,4.5,3.1,bcresnet6_ownernoise,call_jane,call_jane,0.967,correct
20261001-125842,"living room, quiet, talker #2",call_jane/call_jane_20261001-130332-881.wav,call_jane,Call Jane,end_of_speech,3.1,1.44,6.0,3.1,bcresnet6,call_jane,call_jane,0.9809,correct
20261001-125842,"living room, quiet, talker #2",call_jane/call_jane_20261001-130332-881.wav,call_jane,Call Jane,end_of_speech,3.1,1.44,6.0,3.1,bcresnet6_ownernoise,call_jane,call_jane,0.9667,correct
20261001-125842,"living room, quiet, talker #2",set_timer_5/set_timer_5_20261001-130338-674.wav,set_timer_5,Set a timer for 5 minutes,end_of_speech,4.2,1.54,2.5,4.04,bcresnet6,set_timer_5,set_timer_5,0.9861,correct
20261001-125842,"living room, quiet, talker #2",set_timer_5/set_timer_5_20261001-130338-674.wav,set_timer_5,Set a timer for 5 minutes,end_of_speech,4.2,1.54,2.5,4.04,bcresnet6_ownernoise,set_timer_5,set_timer_5,0.971,correct
20261001-125842,"living room, quiet, talker #2",set_timer_5/set_timer_5_20261001-130338-674.wav,set_timer_5,Set a timer for 5 minutes,end_of_speech,4.2,1.54,3.0,4.2,bcresnet6,set_timer_5,set_timer_5,0.9875,correct
20261001-125842,"living room, quiet, talker #2",set_timer_5/set_timer_5_20261001-130338-674.wav,set_timer_5,Set a timer for 5 minutes,end_of_speech,4.2,1.54,3.0,4.2,bcresnet6_ownernoise,set_timer_5,set_timer_5,0.975,correct
20261001-125842,"living room, quiet, talker #2",set_timer_5/set_timer_5_20261001-130338-674.wav,set_timer_5,Set a timer for 5 minutes,end_of_speech,4.2,1.54,3.5,4.2,bcresnet6,set_timer_5,set_timer_5,0.987,correct
20261001-125842,"living room, quiet, talker #2",set_timer_5/set_timer_5_20261001-130338-674.wav,set_timer_5,Set a timer for 5 minutes,end_of_speech,4.2,1.54,3.5,4.2,bcresnet6_ownernoise,set_timer_5,set_timer_5,0.9745,correct
20261001-125842,"living room, quiet, talker #2",set_timer_5/set_timer_5_20261001-130338-674.wav,set_timer_5,Set a timer for 5 minutes,end_of_speech,4.2,1.54,4.0,4.2,bcresnet6,set_timer_5,set_timer_5,0.987,correct
20261001-125842,"living room, quiet, talker #2",set_timer_5/set_timer_5_20261001-130338-674.wav,set_timer_5,Set a timer for 5 minutes,end_of_speech,4.2,1.54,4.0,4.2,bcresnet6_ownernoise,set_timer_5,set_timer_5,0.9741,correct
20261001-125842,"living room, quiet, talker #2",set_timer_5/set_timer_5_20261001-130338-674.wav,set_timer_5,Set a timer for 5 minutes,end_of_speech,4.2,1.54,4.5,4.2,bcresnet6,set_timer_5,set_timer_5,0.9874,correct
20261001-125842,"living room, quiet, talker #2",set_timer_5/set_timer_5_20261001-130338-674.wav,set_timer_5,Set a timer for 5 minutes,end_of_speech,4.2,1.54,4.5,4.2,bcresnet6_ownernoise,set_timer_5,set_timer_5,0.9738,correct
20261001-125842,"living room, quiet, talker #2",set_timer_5/set_timer_5_20261001-130338-674.wav,set_timer_5,Set a timer for 5 minutes,end_of_speech,4.2,1.54,6.0,4.2,bcresnet6,set_timer_5,set_timer_5,0.987,correct
20261001-125842,"living room, quiet, talker #2",set_timer_5/set_timer_5_20261001-130338-674.wav,set_timer_5,Set a timer for 5 minutes,end_of_speech,4.2,1.54,6.0,4.2,bcresnet6_ownernoise,set_timer_5,set_timer_5,0.9744,correct
20261001-125842,"living room, quiet, talker #2",weather/weather_20261001-130343-631.wav,weather,What's the weather?,end_of_speech,3.2,1.7,2.5,3.2,bcresnet6,weather,weather,0.9791,correct
20261001-125842,"living room, quiet, talker #2",weather/weather_20261001-130343-631.wav,weather,What's the weather?,end_of_speech,3.2,1.7,2.5,3.2,bcresnet6_ownernoise,weather,weather,0.9761,correct
20261001-125842,"living room, quiet, talker #2",weather/weather_20261001-130343-631.wav,weather,What's the weather?,end_of_speech,3.2,1.7,3.0,3.2,bcresnet6,weather,weather,0.9795,correct
20261001-125842,"living room, quiet, talker #2",weather/weather_20261001-130343-631.wav,weather,What's the weather?,end_of_speech,3.2,1.7,3.0,3.2,bcresnet6_ownernoise,weather,weather,0.9762,correct
20261001-125842,"living room, quiet, talker #2",weather/weather_20261001-130343-631.wav,weather,What's the weather?,end_of_speech,3.2,1.7,3.5,3.2,bcresnet6,weather,weather,0.9792,correct
20261001-125842,"living room, quiet, talker #2",weather/weather_20261001-130343-631.wav,weather,What's the weather?,end_of_speech,3.2,1.7,3.5,3.2,bcresnet6_ownernoise,weather,weather,0.9761,correct
20261001-125842,"living room, quiet, talker #2",weather/weather_20261001-130343-631.wav,weather,What's the weather?,end_of_speech,3.2,1.7,4.0,3.2,bcresnet6,weather,weather,0.9794,correct
20261001-125842,"living room, quiet, talker #2",weather/weather_20261001-130343-631.wav,weather,What's the weather?,end_of_speech,3.2,1.7,4.0,3.2,bcresnet6_ownernoise,weather,weather,0.9762,correct
20261001-125842,"living room, quiet, talker #2",weather/weather_20261001-130343-631.wav,weather,What's the weather?,end_of_speech,3.2,1.7,4.5,3.2,bcresnet6,weather,weather,0.9789,correct
20261001-125842,"living room, quiet, talker #2",weather/weather_20261001-130343-631.wav,weather,What's the weather?,end_of_speech,3.2,1.7,4.5,3.2,bcresnet6_ownernoise,weather,weather,0.9761,correct
20261001-125842,"living room, quiet, talker #2",weather/weather_20261001-130343-631.wav,weather,What's the weather?,end_of_speech,3.2,1.7,6.0,3.2,bcresnet6,weather,weather,0.9793,correct
20261001-125842,"living room, quiet, talker #2",weather/weather_20261001-130343-631.wav,weather,What's the weather?,end_of_speech,3.2,1.7,6.0,3.2,bcresnet6_ownernoise,weather,weather,0.9761,correct
20261001-125842,"living room, quiet, talker #2",party/party_20261001-130351-248.wav,party,Party party,end_of_speech,2.9,1.34,2.5,2.9,bcresnet6,party,party,0.9938,correct
20261001-125842,"living room, quiet, talker #2",party/party_20261001-130351-248.wav,party,Party party,end_of_speech,2.9,1.34,2.5,2.9,bcresnet6_ownernoise,party,party,0.992,correct
20261001-125842,"living room, quiet, talker #2",party/party_20261001-130351-248.wav,party,Party party,end_of_speech,2.9,1.34,3.0,2.9,bcresnet6,party,party,0.9938,correct
20261001-125842,"living room, quiet, talker #2",party/party_20261001-130351-248.wav,party,Party party,end_of_speech,2.9,1.34,3.0,2.9,bcresnet6_ownernoise,party,party,0.9919,correct
20261001-125842,"living room, quiet, talker #2",party/party_20261001-130351-248.wav,party,Party party,end_of_speech,2.9,1.34,3.5,2.9,bcresnet6,party,party,0.9938,correct
20261001-125842,"living room, quiet, talker #2",party/party_20261001-130351-248.wav,party,Party party,end_of_speech,2.9,1.34,3.5,2.9,bcresnet6_ownernoise,party,party,0.9919,correct
20261001-125842,"living room, quiet, talker #2",party/party_20261001-130351-248.wav,party,Party party,end_of_speech,2.9,1.34,4.0,2.9,bcresnet6,party,party,0.9937,correct
20261001-125842,"living room, quiet, talker #2",party/party_20261001-130351-248.wav,party,Party party,end_of_speech,2.9,1.34,4.0,2.9,bcresnet6_ownernoise,party,party,0.9919,correct
20261001-125842,"living room, quiet, talker #2",party/party_20261001-130351-248.wav,party,Party party,end_of_speech,2.9,1.34,4.5,2.9,bcresnet6,party,party,0.9938,correct
20261001-125842,"living room, quiet, talker #2",party/party_20261001-130351-248.wav,party,Party party,end_of_speech,2.9,1.34,4.5,2.9,bcresnet6_ownernoise,party,party,0.9919,correct
20261001-125842,"living room, quiet, talker #2",party/party_20261001-130351-248.wav,party,Party party,end_of_speech,2.9,1.34,6.0,2.9,bcresnet6,party,party,0.9938,correct
20261001-125842,"living room, quiet, talker #2",party/party_20261001-130351-248.wav,party,Party party,end_of_speech,2.9,1.34,6.0,2.9,bcresnet6_ownernoise,party,party,0.992,correct
20261001-131935,"living room, with background talk show, talker #1",call_jane/call_jane_20261001-132042-257.wav,call_jane,Call Jane,max_length,6.8,0.8,2.5,3.3,bcresnet6,unknown,unknown,0.9723,asks again
20261001-131935,"living room, with background talk show, talker #1",call_jane/call_jane_20261001-132042-257.wav,call_jane,Call Jane,max_length,6.8,0.8,2.5,3.3,bcresnet6_ownernoise,unknown,unknown,0.6116,asks again
20261001-131935,"living room, with background talk show, talker #1",call_jane/call_jane_20261001-132042-257.wav,call_jane,Call Jane,max_length,6.8,0.8,3.0,3.8,bcresnet6,unknown,unknown,0.9518,asks again
20261001-131935,"living room, with background talk show, talker #1",call_jane/call_jane_20261001-132042-257.wav,call_jane,Call Jane,max_length,6.8,0.8,3.0,3.8,bcresnet6_ownernoise,unknown,unknown,0.6323,asks again
20261001-131935,"living room, with background talk show, talker #1",call_jane/call_jane_20261001-132042-257.wav,call_jane,Call Jane,max_length,6.8,0.8,3.5,4.3,bcresnet6,unknown,unknown,0.9834,asks again
20261001-131935,"living room, with background talk show, talker #1",call_jane/call_jane_20261001-132042-257.wav,call_jane,Call Jane,max_length,6.8,0.8,3.5,4.3,bcresnet6_ownernoise,unknown,unknown,0.5103,asks again
20261001-131935,"living room, with background talk show, talker #1",call_jane/call_jane_20261001-132042-257.wav,call_jane,Call Jane,max_length,6.8,0.8,4.0,4.8,bcresnet6,unknown,unknown,0.9941,asks again
20261001-131935,"living room, with background talk show, talker #1",call_jane/call_jane_20261001-132042-257.wav,call_jane,Call Jane,max_length,6.8,0.8,4.0,4.8,bcresnet6_ownernoise,unknown,unknown,0.815,asks again
20261001-131935,"living room, with background talk show, talker #1",call_jane/call_jane_20261001-132042-257.wav,call_jane,Call Jane,max_length,6.8,0.8,4.5,5.3,bcresnet6,unknown,unknown,0.9874,asks again
20261001-131935,"living room, with background talk show, talker #1",call_jane/call_jane_20261001-132042-257.wav,call_jane,Call Jane,max_length,6.8,0.8,4.5,5.3,bcresnet6_ownernoise,unknown,unknown,0.7035,asks again
20261001-131935,"living room, with background talk show, talker #1",call_jane/call_jane_20261001-132042-257.wav,call_jane,Call Jane,max_length,6.8,0.8,6.0,6.8,bcresnet6,unknown,unknown,0.9874,asks again
20261001-131935,"living room, with background talk show, talker #1",call_jane/call_jane_20261001-132042-257.wav,call_jane,Call Jane,max_length,6.8,0.8,6.0,6.8,bcresnet6_ownernoise,unknown,unknown,0.7035,asks again
20261001-131935,"living room, with background talk show, talker #1",stop/stop_20261001-132056-352.wav,stop,Stop,max_length,6.8,0.8,2.5,3.3,bcresnet6,stop,stop,0.9008,correct
20261001-131935,"living room, with background talk show, talker #1",stop/stop_20261001-132056-352.wav,stop,Stop,max_length,6.8,0.8,2.5,3.3,bcresnet6_ownernoise,stop,stop,0.966,correct
20261001-131935,"living room, with background talk show, talker #1",stop/stop_20261001-132056-352.wav,stop,Stop,max_length,6.8,0.8,3.0,3.8,bcresnet6,stop,stop,0.9056,correct
20261001-131935,"living room, with background talk show, talker #1",stop/stop_20261001-132056-352.wav,stop,Stop,max_length,6.8,0.8,3.0,3.8,bcresnet6_ownernoise,stop,stop,0.9908,correct
20261001-131935,"living room, with background talk show, talker #1",stop/stop_20261001-132056-352.wav,stop,Stop,max_length,6.8,0.8,3.5,4.3,bcresnet6,stop,stop,0.8056,correct
20261001-131935,"living room, with background talk show, talker #1",stop/stop_20261001-132056-352.wav,stop,Stop,max_length,6.8,0.8,3.5,4.3,bcresnet6_ownernoise,stop,stop,0.9888,correct
20261001-131935,"living room, with background talk show, talker #1",stop/stop_20261001-132056-352.wav,stop,Stop,max_length,6.8,0.8,4.0,4.8,bcresnet6,stop,stop,0.8211,correct
20261001-131935,"living room, with background talk show, talker #1",stop/stop_20261001-132056-352.wav,stop,Stop,max_length,6.8,0.8,4.0,4.8,bcresnet6_ownernoise,stop,stop,0.9991,correct
20261001-131935,"living room, with background talk show, talker #1",stop/stop_20261001-132056-352.wav,stop,Stop,max_length,6.8,0.8,4.5,5.3,bcresnet6,stop,stop,0.7698,correct
20261001-131935,"living room, with background talk show, talker #1",stop/stop_20261001-132056-352.wav,stop,Stop,max_length,6.8,0.8,4.5,5.3,bcresnet6_ownernoise,stop,stop,0.996,correct
20261001-131935,"living room, with background talk show, talker #1",stop/stop_20261001-132056-352.wav,stop,Stop,max_length,6.8,0.8,6.0,6.8,bcresnet6,stop,stop,0.7698,correct
20261001-131935,"living room, with background talk show, talker #1",stop/stop_20261001-132056-352.wav,stop,Stop,max_length,6.8,0.8,6.0,6.8,bcresnet6_ownernoise,stop,stop,0.996,correct
20261001-131935,"living room, with background talk show, talker #1",party/party_20261001-132110-550.wav,party,Party party,max_length,6.8,0.8,2.5,3.3,bcresnet6,party,party,0.731,correct
20261001-131935,"living room, with background talk show, talker #1",party/party_20261001-132110-550.wav,party,Party party,max_length,6.8,0.8,2.5,3.3,bcresnet6_ownernoise,party,party,0.7961,correct
20261001-131935,"living room, with background talk show, talker #1",party/party_20261001-132110-550.wav,party,Party party,max_length,6.8,0.8,3.0,3.8,bcresnet6,party,party,0.7962,correct
20261001-131935,"living room, with background talk show, talker #1",party/party_20261001-132110-550.wav,party,Party party,max_length,6.8,0.8,3.0,3.8,bcresnet6_ownernoise,party,party,0.8529,correct
20261001-131935,"living room, with background talk show, talker #1",party/party_20261001-132110-550.wav,party,Party party,max_length,6.8,0.8,3.5,4.3,bcresnet6,party,party,0.6512,correct
20261001-131935,"living room, with background talk show, talker #1",party/party_20261001-132110-550.wav,party,Party party,max_length,6.8,0.8,3.5,4.3,bcresnet6_ownernoise,party,party,0.6602,correct
20261001-131935,"living room, with background talk show, talker #1",party/party_20261001-132110-550.wav,party,Party party,max_length,6.8,0.8,4.0,4.8,bcresnet6,unknown,unknown,0.3924,asks again
20261001-131935,"living room, with background talk show, talker #1",party/party_20261001-132110-550.wav,party,Party party,max_length,6.8,0.8,4.0,4.8,bcresnet6_ownernoise,party,party,0.8509,correct
20261001-131935,"living room, with background talk show, talker #1",party/party_20261001-132110-550.wav,party,Party party,max_length,6.8,0.8,4.5,5.3,bcresnet6,party,party,0.4829,correct
20261001-131935,"living room, with background talk show, talker #1",party/party_20261001-132110-550.wav,party,Party party,max_length,6.8,0.8,4.5,5.3,bcresnet6_ownernoise,unknown,party,0.5683,asks again
20261001-131935,"living room, with background talk show, talker #1",party/party_20261001-132110-550.wav,party,Party party,max_length,6.8,0.8,6.0,6.8,bcresnet6,party,party,0.4829,correct
20261001-131935,"living room, with background talk show, talker #1",party/party_20261001-132110-550.wav,party,Party party,max_length,6.8,0.8,6.0,6.8,bcresnet6_ownernoise,unknown,party,0.5683,asks again
20261001-131935,"living room, with background talk show, talker #1",unknown_silent/unknown_silent_20261001-132132-661.wav,unknown,(say nothing after Hey Delta),max_length,6.8,0.8,2.5,3.3,bcresnet6,unknown,unknown,0.9512,correct
20261001-131935,"living room, with background talk show, talker #1",unknown_silent/unknown_silent_20261001-132132-661.wav,unknown,(say nothing after Hey Delta),max_length,6.8,0.8,2.5,3.3,bcresnet6_ownernoise,unknown,unknown,0.8861,correct
20261001-131935,"living room, with background talk show, talker #1",unknown_silent/unknown_silent_20261001-132132-661.wav,unknown,(say nothing after Hey Delta),max_length,6.8,0.8,3.0,3.8,bcresnet6,unknown,unknown,0.9248,correct
20261001-131935,"living room, with background talk show, talker #1",unknown_silent/unknown_silent_20261001-132132-661.wav,unknown,(say nothing after Hey Delta),max_length,6.8,0.8,3.0,3.8,bcresnet6_ownernoise,unknown,unknown,0.7195,correct
20261001-131935,"living room, with background talk show, talker #1",unknown_silent/unknown_silent_20261001-132132-661.wav,unknown,(say nothing after Hey Delta),max_length,6.8,0.8,3.5,4.3,bcresnet6,unknown,unknown,0.9468,correct
20261001-131935,"living room, with background talk show, talker #1",unknown_silent/unknown_silent_20261001-132132-661.wav,unknown,(say nothing after Hey Delta),max_length,6.8,0.8,3.5,4.3,bcresnet6_ownernoise,unknown,unknown,0.9106,correct
20261001-131935,"living room, with background talk show, talker #1",unknown_silent/unknown_silent_20261001-132132-661.wav,unknown,(say nothing after Hey Delta),max_length,6.8,0.8,4.0,4.8,bcresnet6,unknown,unknown,0.9751,correct
20261001-131935,"living room, with background talk show, talker #1",unknown_silent/unknown_silent_20261001-132132-661.wav,unknown,(say nothing after Hey Delta),max_length,6.8,0.8,4.0,4.8,bcresnet6_ownernoise,unknown,unknown,0.8935,correct
20261001-131935,"living room, with background talk show, talker #1",unknown_silent/unknown_silent_20261001-132132-661.wav,unknown,(say nothing after Hey Delta),max_length,6.8,0.8,4.5,5.3,bcresnet6,unknown,unknown,0.9651,correct
20261001-131935,"living room, with background talk show, talker #1",unknown_silent/unknown_silent_20261001-132132-661.wav,unknown,(say nothing after Hey Delta),max_length,6.8,0.8,4.5,5.3,bcresnet6_ownernoise,unknown,unknown,0.9479,correct
20261001-131935,"living room, with background talk show, talker #1",unknown_silent/unknown_silent_20261001-132132-661.wav,unknown,(say nothing after Hey Delta),max_length,6.8,0.8,6.0,6.8,bcresnet6,unknown,unknown,0.9651,correct
20261001-131935,"living room, with background talk show, talker #1",unknown_silent/unknown_silent_20261001-132132-661.wav,unknown,(say nothing after Hey Delta),max_length,6.8,0.8,6.0,6.8,bcresnet6_ownernoise,unknown,unknown,0.9479,correct
20261001-131935,"living room, with background talk show, talker #1",list_reminders/list_reminders_20261001-132142-800.wav,list_reminders,What are my reminders?,max_length,6.8,0.8,2.5,3.3,bcresnet6,list_reminders,list_reminders,0.9885,correct
20261001-131935,"living room, with background talk show, talker #1",list_reminders/list_reminders_20261001-132142-800.wav,list_reminders,What are my reminders?,max_length,6.8,0.8,2.5,3.3,bcresnet6_ownernoise,list_reminders,list_reminders,0.9987,correct
20261001-131935,"living room, with background talk show, talker #1",list_reminders/list_reminders_20261001-132142-800.wav,list_reminders,What are my reminders?,max_length,6.8,0.8,3.0,3.8,bcresnet6,list_reminders,list_reminders,0.9921,correct
20261001-131935,"living room, with background talk show, talker #1",list_reminders/list_reminders_20261001-132142-800.wav,list_reminders,What are my reminders?,max_length,6.8,0.8,3.0,3.8,bcresnet6_ownernoise,list_reminders,list_reminders,0.9986,correct
20261001-131935,"living room, with background talk show, talker #1",list_reminders/list_reminders_20261001-132142-800.wav,list_reminders,What are my reminders?,max_length,6.8,0.8,3.5,4.3,bcresnet6,list_reminders,list_reminders,0.9823,correct
20261001-131935,"living room, with background talk show, talker #1",list_reminders/list_reminders_20261001-132142-800.wav,list_reminders,What are my reminders?,max_length,6.8,0.8,3.5,4.3,bcresnet6_ownernoise,list_reminders,list_reminders,0.9982,correct
20261001-131935,"living room, with background talk show, talker #1",list_reminders/list_reminders_20261001-132142-800.wav,list_reminders,What are my reminders?,max_length,6.8,0.8,4.0,4.8,bcresnet6,list_reminders,list_reminders,0.9831,correct
20261001-131935,"living room, with background talk show, talker #1",list_reminders/list_reminders_20261001-132142-800.wav,list_reminders,What are my reminders?,max_length,6.8,0.8,4.0,4.8,bcresnet6_ownernoise,list_reminders,list_reminders,0.9976,correct
20261001-131935,"living room, with background talk show, talker #1",list_reminders/list_reminders_20261001-132142-800.wav,list_reminders,What are my reminders?,max_length,6.8,0.8,4.5,5.3,bcresnet6,list_reminders,list_reminders,0.9702,correct
20261001-131935,"living room, with background talk show, talker #1",list_reminders/list_reminders_20261001-132142-800.wav,list_reminders,What are my reminders?,max_length,6.8,0.8,4.5,5.3,bcresnet6_ownernoise,list_reminders,list_reminders,0.9961,correct
20261001-131935,"living room, with background talk show, talker #1",list_reminders/list_reminders_20261001-132142-800.wav,list_reminders,What are my reminders?,max_length,6.8,0.8,6.0,6.8,bcresnet6,list_reminders,list_reminders,0.9702,correct
20261001-131935,"living room, with background talk show, talker #1",list_reminders/list_reminders_20261001-132142-800.wav,list_reminders,What are my reminders?,max_length,6.8,0.8,6.0,6.8,bcresnet6_ownernoise,list_reminders,list_reminders,0.9961,correct
20261001-131935,"living room, with background talk show, talker #1",set_alarm_6am/set_alarm_6am_20261001-132152-332.wav,set_alarm_6am,Set an alarm at 6 AM,max_length,6.8,0.8,2.5,3.3,bcresnet6,unknown,unknown,0.3389,asks again
20261001-131935,"living room, with background talk show, talker #1",set_alarm_6am/set_alarm_6am_20261001-132152-332.wav,set_alarm_6am,Set an alarm at 6 AM,max_length,6.8,0.8,2.5,3.3,bcresnet6_ownernoise,unknown,lights_on,0.3083,asks again
20261001-131935,"living room, with background talk show, talker #1",set_alarm_6am/set_alarm_6am_20261001-132152-332.wav,set_alarm_6am,Set an alarm at 6 AM,max_length,6.8,0.8,3.0,3.8,bcresnet6,unknown,set_alarm_6am,0.2963,asks again
20261001-131935,"living room, with background talk show, talker #1",set_alarm_6am/set_alarm_6am_20261001-132152-332.wav,set_alarm_6am,Set an alarm at 6 AM,max_length,6.8,0.8,3.0,3.8,bcresnet6_ownernoise,unknown,set_alarm_6am,0.3704,asks again
20261001-131935,"living room, with background talk show, talker #1",set_alarm_6am/set_alarm_6am_20261001-132152-332.wav,set_alarm_6am,Set an alarm at 6 AM,max_length,6.8,0.8,3.5,4.3,bcresnet6,unknown,unknown,0.8009,asks again
20261001-131935,"living room, with background talk show, talker #1",set_alarm_6am/set_alarm_6am_20261001-132152-332.wav,set_alarm_6am,Set an alarm at 6 AM,max_length,6.8,0.8,3.5,4.3,bcresnet6_ownernoise,unknown,set_alarm_6am,0.3442,asks again
20261001-131935,"living room, with background talk show, talker #1",set_alarm_6am/set_alarm_6am_20261001-132152-332.wav,set_alarm_6am,Set an alarm at 6 AM,max_length,6.8,0.8,4.0,4.8,bcresnet6,unknown,unknown,0.6605,asks again
20261001-131935,"living room, with background talk show, talker #1",set_alarm_6am/set_alarm_6am_20261001-132152-332.wav,set_alarm_6am,Set an alarm at 6 AM,max_length,6.8,0.8,4.0,4.8,bcresnet6_ownernoise,unknown,set_timer_5,0.2578,asks again
20261001-131935,"living room, with background talk show, talker #1",set_alarm_6am/set_alarm_6am_20261001-132152-332.wav,set_alarm_6am,Set an alarm at 6 AM,max_length,6.8,0.8,4.5,5.3,bcresnet6,unknown,unknown,0.6999,asks again
20261001-131935,"living room, with background talk show, talker #1",set_alarm_6am/set_alarm_6am_20261001-132152-332.wav,set_alarm_6am,Set an alarm at 6 AM,max_length,6.8,0.8,4.5,5.3,bcresnet6_ownernoise,unknown,set_alarm_6am,0.3437,asks again
20261001-131935,"living room, with background talk show, talker #1",set_alarm_6am/set_alarm_6am_20261001-132152-332.wav,set_alarm_6am,Set an alarm at 6 AM,max_length,6.8,0.8,6.0,6.8,bcresnet6,unknown,unknown,0.6999,asks again
20261001-131935,"living room, with background talk show, talker #1",set_alarm_6am/set_alarm_6am_20261001-132152-332.wav,set_alarm_6am,Set an alarm at 6 AM,max_length,6.8,0.8,6.0,6.8,bcresnet6_ownernoise,unknown,set_alarm_6am,0.3437,asks again
20261001-131935,"living room, with background talk show, talker #1",lights_off/lights_off_20261001-132202-067.wav,lights_off,Turn off lights,max_length,7.0,1.0,2.5,3.5,bcresnet6,unknown,unknown,0.5617,asks again
20261001-131935,"living room, with background talk show, talker #1",lights_off/lights_off_20261001-132202-067.wav,lights_off,Turn off lights,max_length,7.0,1.0,2.5,3.5,bcresnet6_ownernoise,lights_off,lights_off,0.8889,correct
20261001-131935,"living room, with background talk show, talker #1",lights_off/lights_off_20261001-132202-067.wav,lights_off,Turn off lights,max_length,7.0,1.0,3.0,4.0,bcresnet6,unknown,unknown,0.6647,asks again
20261001-131935,"living room, with background talk show, talker #1",lights_off/lights_off_20261001-132202-067.wav,lights_off,Turn off lights,max_length,7.0,1.0,3.0,4.0,bcresnet6_ownernoise,lights_off,lights_off,0.8635,correct
20261001-131935,"living room, with background talk show, talker #1",lights_off/lights_off_20261001-132202-067.wav,lights_off,Turn off lights,max_length,7.0,1.0,3.5,4.5,bcresnet6,unknown,unknown,0.8593,asks again
20261001-131935,"living room, with background talk show, talker #1",lights_off/lights_off_20261001-132202-067.wav,lights_off,Turn off lights,max_length,7.0,1.0,3.5,4.5,bcresnet6_ownernoise,unknown,lights_off,0.5679,asks again
20261001-131935,"living room, with background talk show, talker #1",lights_off/lights_off_20261001-132202-067.wav,lights_off,Turn off lights,max_length,7.0,1.0,4.0,5.0,bcresnet6,unknown,unknown,0.5761,asks again
20261001-131935,"living room, with background talk show, talker #1",lights_off/lights_off_20261001-132202-067.wav,lights_off,Turn off lights,max_length,7.0,1.0,4.0,5.0,bcresnet6_ownernoise,lights_off,lights_off,0.8242,correct
20261001-131935,"living room, with background talk show, talker #1",lights_off/lights_off_20261001-132202-067.wav,lights_off,Turn off lights,max_length,7.0,1.0,4.5,5.5,bcresnet6,unknown,unknown,0.5761,asks again
20261001-131935,"living room, with background talk show, talker #1",lights_off/lights_off_20261001-132202-067.wav,lights_off,Turn off lights,max_length,7.0,1.0,4.5,5.5,bcresnet6_ownernoise,lights_off,lights_off,0.8242,correct
20261001-131935,"living room, with background talk show, talker #1",lights_off/lights_off_20261001-132202-067.wav,lights_off,Turn off lights,max_length,7.0,1.0,6.0,7.0,bcresnet6,unknown,unknown,0.5761,asks again
20261001-131935,"living room, with background talk show, talker #1",lights_off/lights_off_20261001-132202-067.wav,lights_off,Turn off lights,max_length,7.0,1.0,6.0,7.0,bcresnet6_ownernoise,lights_off,lights_off,0.8242,correct
20261001-131935,"living room, with background talk show, talker #1",set_temperature_26/set_temperature_26_20261001-132212-111.wav,set_temperature_26,Set temperature to 26 degrees,max_length,7.0,1.0,2.5,3.5,bcresnet6,unknown,unknown,0.163,asks again
20261001-131935,"living room, with background talk show, talker #1",set_temperature_26/set_temperature_26_20261001-132212-111.wav,set_temperature_26,Set temperature to 26 degrees,max_length,7.0,1.0,2.5,3.5,bcresnet6_ownernoise,unknown,unknown,0.3627,asks again
20261001-131935,"living room, with background talk show, talker #1",set_temperature_26/set_temperature_26_20261001-132212-111.wav,set_temperature_26,Set temperature to 26 degrees,max_length,7.0,1.0,3.0,4.0,bcresnet6,unknown,set_temperature_22,0.2081,asks again
20261001-131935,"living room, with background talk show, talker #1",set_temperature_26/set_temperature_26_20261001-132212-111.wav,set_temperature_26,Set temperature to 26 degrees,max_length,7.0,1.0,3.0,4.0,bcresnet6_ownernoise,unknown,unknown,0.4115,asks again
20261001-131935,"living room, with background talk show, talker #1",set_temperature_26/set_temperature_26_20261001-132212-111.wav,set_temperature_26,Set temperature to 26 degrees,max_length,7.0,1.0,3.5,4.5,bcresnet6,unknown,unknown,0.2862,asks again
20261001-131935,"living room, with background talk show, talker #1",set_temperature_26/set_temperature_26_20261001-132212-111.wav,set_temperature_26,Set temperature to 26 degrees,max_length,7.0,1.0,3.5,4.5,bcresnet6_ownernoise,unknown,unknown,0.4252,asks again
20261001-131935,"living room, with background talk show, talker #1",set_temperature_26/set_temperature_26_20261001-132212-111.wav,set_temperature_26,Set temperature to 26 degrees,max_length,7.0,1.0,4.0,5.0,bcresnet6,unknown,unknown,0.2737,asks again
20261001-131935,"living room, with background talk show, talker #1",set_temperature_26/set_temperature_26_20261001-132212-111.wav,set_temperature_26,Set temperature to 26 degrees,max_length,7.0,1.0,4.0,5.0,bcresnet6_ownernoise,unknown,unknown,0.3751,asks again
20261001-131935,"living room, with background talk show, talker #1",set_temperature_26/set_temperature_26_20261001-132212-111.wav,set_temperature_26,Set temperature to 26 degrees,max_length,7.0,1.0,4.5,5.5,bcresnet6,unknown,unknown,0.2737,asks again
20261001-131935,"living room, with background talk show, talker #1",set_temperature_26/set_temperature_26_20261001-132212-111.wav,set_temperature_26,Set temperature to 26 degrees,max_length,7.0,1.0,4.5,5.5,bcresnet6_ownernoise,unknown,unknown,0.3751,asks again
20261001-131935,"living room, with background talk show, talker #1",set_temperature_26/set_temperature_26_20261001-132212-111.wav,set_temperature_26,Set temperature to 26 degrees,max_length,7.0,1.0,6.0,7.0,bcresnet6,unknown,unknown,0.2737,asks again
20261001-131935,"living room, with background talk show, talker #1",set_temperature_26/set_temperature_26_20261001-132212-111.wav,set_temperature_26,Set temperature to 26 degrees,max_length,7.0,1.0,6.0,7.0,bcresnet6_ownernoise,unknown,unknown,0.3751,asks again
20261001-131935,"living room, with background talk show, talker #1",volume_down/volume_down_20261001-132223-166.wav,volume_down,Volume down,max_length,6.9,0.9,2.5,3.4,bcresnet6,volume_down,volume_down,0.9502,correct
20261001-131935,"living room, with background talk show, talker #1",volume_down/volume_down_20261001-132223-166.wav,volume_down,Volume down,max_length,6.9,0.9,2.5,3.4,bcresnet6_ownernoise,volume_down,volume_down,0.9604,correct
20261001-131935,"living room, with background talk show, talker #1",volume_down/volume_down_20261001-132223-166.wav,volume_down,Volume down,max_length,6.9,0.9,3.0,3.9,bcresnet6,volume_down,volume_down,0.951,correct
20261001-131935,"living room, with background talk show, talker #1",volume_down/volume_down_20261001-132223-166.wav,volume_down,Volume down,max_length,6.9,0.9,3.0,3.9,bcresnet6_ownernoise,volume_down,volume_down,0.9255,correct
20261001-131935,"living room, with background talk show, talker #1",volume_down/volume_down_20261001-132223-166.wav,volume_down,Volume down,max_length,6.9,0.9,3.5,4.4,bcresnet6,volume_down,volume_down,0.9364,correct
20261001-131935,"living room, with background talk show, talker #1",volume_down/volume_down_20261001-132223-166.wav,volume_down,Volume down,max_length,6.9,0.9,3.5,4.4,bcresnet6_ownernoise,volume_down,volume_down,0.9342,correct
20261001-131935,"living room, with background talk show, talker #1",volume_down/volume_down_20261001-132223-166.wav,volume_down,Volume down,max_length,6.9,0.9,4.0,4.9,bcresnet6,volume_down,volume_down,0.9219,correct
20261001-131935,"living room, with background talk show, talker #1",volume_down/volume_down_20261001-132223-166.wav,volume_down,Volume down,max_length,6.9,0.9,4.0,4.9,bcresnet6_ownernoise,volume_down,volume_down,0.9453,correct
20261001-131935,"living room, with background talk show, talker #1",volume_down/volume_down_20261001-132223-166.wav,volume_down,Volume down,max_length,6.9,0.9,4.5,5.4,bcresnet6,volume_down,volume_down,0.9519,correct
20261001-131935,"living room, with background talk show, talker #1",volume_down/volume_down_20261001-132223-166.wav,volume_down,Volume down,max_length,6.9,0.9,4.5,5.4,bcresnet6_ownernoise,volume_down,volume_down,0.9462,correct
20261001-131935,"living room, with background talk show, talker #1",volume_down/volume_down_20261001-132223-166.wav,volume_down,Volume down,max_length,6.9,0.9,6.0,6.9,bcresnet6,volume_down,volume_down,0.9519,correct
20261001-131935,"living room, with background talk show, talker #1",volume_down/volume_down_20261001-132223-166.wav,volume_down,Volume down,max_length,6.9,0.9,6.0,6.9,bcresnet6_ownernoise,volume_down,volume_down,0.9462,correct
20261001-131935,"living room, with background talk show, talker #1",dim_lights_80/dim_lights_80_20261001-132235-028.wav,dim_lights_80,Dim lights to 80%,end_of_speech,3.9,0.92,2.5,3.42,bcresnet6,dim_lights_80,dim_lights_80,0.9576,correct
20261001-131935,"living room, with background talk show, talker #1",dim_lights_80/dim_lights_80_20261001-132235-028.wav,dim_lights_80,Dim lights to 80%,end_of_speech,3.9,0.92,2.5,3.42,bcresnet6_ownernoise,dim_lights_80,dim_lights_80,0.9475,correct
20261001-131935,"living room, with background talk show, talker #1",dim_lights_80/dim_lights_80_20261001-132235-028.wav,dim_lights_80,Dim lights to 80%,end_of_speech,3.9,0.92,3.0,3.9,bcresnet6,dim_lights_80,dim_lights_80,0.9643,correct
20261001-131935,"living room, with background talk show, talker #1",dim_lights_80/dim_lights_80_20261001-132235-028.wav,dim_lights_80,Dim lights to 80%,end_of_speech,3.9,0.92,3.0,3.9,bcresnet6_ownernoise,dim_lights_80,dim_lights_80,0.9682,correct
20261001-131935,"living room, with background talk show, talker #1",dim_lights_80/dim_lights_80_20261001-132235-028.wav,dim_lights_80,Dim lights to 80%,end_of_speech,3.9,0.92,3.5,3.9,bcresnet6,dim_lights_80,dim_lights_80,0.9661,correct
20261001-131935,"living room, with background talk show, talker #1",dim_lights_80/dim_lights_80_20261001-132235-028.wav,dim_lights_80,Dim lights to 80%,end_of_speech,3.9,0.92,3.5,3.9,bcresnet6_ownernoise,dim_lights_80,dim_lights_80,0.9681,correct
20261001-131935,"living room, with background talk show, talker #1",dim_lights_80/dim_lights_80_20261001-132235-028.wav,dim_lights_80,Dim lights to 80%,end_of_speech,3.9,0.92,4.0,3.9,bcresnet6,dim_lights_80,dim_lights_80,0.9659,correct
20261001-131935,"living room, with background talk show, talker #1",dim_lights_80/dim_lights_80_20261001-132235-028.wav,dim_lights_80,Dim lights to 80%,end_of_speech,3.9,0.92,4.0,3.9,bcresnet6_ownernoise,dim_lights_80,dim_lights_80,0.9673,correct
20261001-131935,"living room, with background talk show, talker #1",dim_lights_80/dim_lights_80_20261001-132235-028.wav,dim_lights_80,Dim lights to 80%,end_of_speech,3.9,0.92,4.5,3.9,bcresnet6,dim_lights_80,dim_lights_80,0.9665,correct
20261001-131935,"living room, with background talk show, talker #1",dim_lights_80/dim_lights_80_20261001-132235-028.wav,dim_lights_80,Dim lights to 80%,end_of_speech,3.9,0.92,4.5,3.9,bcresnet6_ownernoise,dim_lights_80,dim_lights_80,0.9674,correct
20261001-131935,"living room, with background talk show, talker #1",dim_lights_80/dim_lights_80_20261001-132235-028.wav,dim_lights_80,Dim lights to 80%,end_of_speech,3.9,0.92,6.0,3.9,bcresnet6,dim_lights_80,dim_lights_80,0.9655,correct
20261001-131935,"living room, with background talk show, talker #1",dim_lights_80/dim_lights_80_20261001-132235-028.wav,dim_lights_80,Dim lights to 80%,end_of_speech,3.9,0.92,6.0,3.9,bcresnet6_ownernoise,dim_lights_80,dim_lights_80,0.9675,correct
20261001-131935,"living room, with background talk show, talker #1",pause/pause_20261001-132239-375.wav,pause,Pause,end_of_speech,2.3,1.08,2.5,2.3,bcresnet6,pause,pause,0.9766,correct
20261001-131935,"living room, with background talk show, talker #1",pause/pause_20261001-132239-375.wav,pause,Pause,end_of_speech,2.3,1.08,2.5,2.3,bcresnet6_ownernoise,pause,pause,0.9698,correct
20261001-131935,"living room, with background talk show, talker #1",pause/pause_20261001-132239-375.wav,pause,Pause,end_of_speech,2.3,1.08,3.0,2.3,bcresnet6,pause,pause,0.9763,correct
20261001-131935,"living room, with background talk show, talker #1",pause/pause_20261001-132239-375.wav,pause,Pause,end_of_speech,2.3,1.08,3.0,2.3,bcresnet6_ownernoise,pause,pause,0.969,correct
20261001-131935,"living room, with background talk show, talker #1",pause/pause_20261001-132239-375.wav,pause,Pause,end_of_speech,2.3,1.08,3.5,2.3,bcresnet6,pause,pause,0.9767,correct
20261001-131935,"living room, with background talk show, talker #1",pause/pause_20261001-132239-375.wav,pause,Pause,end_of_speech,2.3,1.08,3.5,2.3,bcresnet6_ownernoise,pause,pause,0.9693,correct
20261001-131935,"living room, with background talk show, talker #1",pause/pause_20261001-132239-375.wav,pause,Pause,end_of_speech,2.3,1.08,4.0,2.3,bcresnet6,pause,pause,0.9767,correct
20261001-131935,"living room, with background talk show, talker #1",pause/pause_20261001-132239-375.wav,pause,Pause,end_of_speech,2.3,1.08,4.0,2.3,bcresnet6_ownernoise,pause,pause,0.9693,correct
20261001-131935,"living room, with background talk show, talker #1",pause/pause_20261001-132239-375.wav,pause,Pause,end_of_speech,2.3,1.08,4.5,2.3,bcresnet6,pause,pause,0.9767,correct
20261001-131935,"living room, with background talk show, talker #1",pause/pause_20261001-132239-375.wav,pause,Pause,end_of_speech,2.3,1.08,4.5,2.3,bcresnet6_ownernoise,pause,pause,0.9695,correct
20261001-131935,"living room, with background talk show, talker #1",pause/pause_20261001-132239-375.wav,pause,Pause,end_of_speech,2.3,1.08,6.0,2.3,bcresnet6,pause,pause,0.9766,correct
20261001-131935,"living room, with background talk show, talker #1",pause/pause_20261001-132239-375.wav,pause,Pause,end_of_speech,2.3,1.08,6.0,2.3,bcresnet6_ownernoise,pause,pause,0.9691,correct
20261001-131935,"living room, with background talk show, talker #1",set_alarm_7am/set_alarm_7am_20261001-132244-863.wav,set_alarm_7am,Set an alarm at 7 AM,end_of_speech,3.8,1.2,2.5,3.7,bcresnet6,set_alarm_7am,set_alarm_7am,0.9647,correct
20261001-131935,"living room, with background talk show, talker #1",set_alarm_7am/set_alarm_7am_20261001-132244-863.wav,set_alarm_7am,Set an alarm at 7 AM,end_of_speech,3.8,1.2,2.5,3.7,bcresnet6_ownernoise,set_alarm_7am,set_alarm_7am,0.9296,correct
20261001-131935,"living room, with background talk show, talker #1",set_alarm_7am/set_alarm_7am_20261001-132244-863.wav,set_alarm_7am,Set an alarm at 7 AM,end_of_speech,3.8,1.2,3.0,3.8,bcresnet6,set_alarm_7am,set_alarm_7am,0.9665,correct
20261001-131935,"living room, with background talk show, talker #1",set_alarm_7am/set_alarm_7am_20261001-132244-863.wav,set_alarm_7am,Set an alarm at 7 AM,end_of_speech,3.8,1.2,3.0,3.8,bcresnet6_ownernoise,set_alarm_7am,set_alarm_7am,0.9317,correct
20261001-131935,"living room, with background talk show, talker #1",set_alarm_7am/set_alarm_7am_20261001-132244-863.wav,set_alarm_7am,Set an alarm at 7 AM,end_of_speech,3.8,1.2,3.5,3.8,bcresnet6,set_alarm_7am,set_alarm_7am,0.9667,correct
20261001-131935,"living room, with background talk show, talker #1",set_alarm_7am/set_alarm_7am_20261001-132244-863.wav,set_alarm_7am,Set an alarm at 7 AM,end_of_speech,3.8,1.2,3.5,3.8,bcresnet6_ownernoise,set_alarm_7am,set_alarm_7am,0.9316,correct
20261001-131935,"living room, with background talk show, talker #1",set_alarm_7am/set_alarm_7am_20261001-132244-863.wav,set_alarm_7am,Set an alarm at 7 AM,end_of_speech,3.8,1.2,4.0,3.8,bcresnet6,set_alarm_7am,set_alarm_7am,0.9662,correct
20261001-131935,"living room, with background talk show, talker #1",set_alarm_7am/set_alarm_7am_20261001-132244-863.wav,set_alarm_7am,Set an alarm at 7 AM,end_of_speech,3.8,1.2,4.0,3.8,bcresnet6_ownernoise,set_alarm_7am,set_alarm_7am,0.9317,correct
20261001-131935,"living room, with background talk show, talker #1",set_alarm_7am/set_alarm_7am_20261001-132244-863.wav,set_alarm_7am,Set an alarm at 7 AM,end_of_speech,3.8,1.2,4.5,3.8,bcresnet6,set_alarm_7am,set_alarm_7am,0.9666,correct
20261001-131935,"living room, with background talk show, talker #1",set_alarm_7am/set_alarm_7am_20261001-132244-863.wav,set_alarm_7am,Set an alarm at 7 AM,end_of_speech,3.8,1.2,4.5,3.8,bcresnet6_ownernoise,set_alarm_7am,set_alarm_7am,0.9321,correct
20261001-131935,"living room, with background talk show, talker #1",set_alarm_7am/set_alarm_7am_20261001-132244-863.wav,set_alarm_7am,Set an alarm at 7 AM,end_of_speech,3.8,1.2,6.0,3.8,bcresnet6,set_alarm_7am,set_alarm_7am,0.9668,correct
20261001-131935,"living room, with background talk show, talker #1",set_alarm_7am/set_alarm_7am_20261001-132244-863.wav,set_alarm_7am,Set an alarm at 7 AM,end_of_speech,3.8,1.2,6.0,3.8,bcresnet6_ownernoise,set_alarm_7am,set_alarm_7am,0.9312,correct
20261001-131935,"living room, with background talk show, talker #1",set_temperature_18/set_temperature_18_20261001-132253-994.wav,set_temperature_18,Set temperature to 18 degrees,max_length,6.8,0.8,2.5,3.3,bcresnet6,unknown,set_temperature_18,0.2406,asks again
20261001-131935,"living room, with background talk show, talker #1",set_temperature_18/set_temperature_18_20261001-132253-994.wav,set_temperature_18,Set temperature to 18 degrees,max_length,6.8,0.8,2.5,3.3,bcresnet6_ownernoise,set_temperature_18,set_temperature_18,0.6043,correct
20261001-131935,"living room, with background talk show, talker #1",set_temperature_18/set_temperature_18_20261001-132253-994.wav,set_temperature_18,Set temperature to 18 degrees,max_length,6.8,0.8,3.0,3.8,bcresnet6,unknown,set_temperature_18,0.3034,asks again
20261001-131935,"living room, with background talk show, talker #1",set_temperature_18/set_temperature_18_20261001-132253-994.wav,set_temperature_18,Set temperature to 18 degrees,max_length,6.8,0.8,3.0,3.8,bcresnet6_ownernoise,set_temperature_18,set_temperature_18,0.7209,correct
20261001-131935,"living room, with background talk show, talker #1",set_temperature_18/set_temperature_18_20261001-132253-994.wav,set_temperature_18,Set temperature to 18 degrees,max_length,6.8,0.8,3.5,4.3,bcresnet6,unknown,set_temperature_18,0.3099,asks again
20261001-131935,"living room, with background talk show, talker #1",set_temperature_18/set_temperature_18_20261001-132253-994.wav,set_temperature_18,Set temperature to 18 degrees,max_length,6.8,0.8,3.5,4.3,bcresnet6_ownernoise,set_temperature_18,set_temperature_18,0.6657,correct
20261001-131935,"living room, with background talk show, talker #1",set_temperature_18/set_temperature_18_20261001-132253-994.wav,set_temperature_18,Set temperature to 18 degrees,max_length,6.8,0.8,4.0,4.8,bcresnet6,unknown,set_temperature_18,0.2081,asks again
20261001-131935,"living room, with background talk show, talker #1",set_temperature_18/set_temperature_18_20261001-132253-994.wav,set_temperature_18,Set temperature to 18 degrees,max_length,6.8,0.8,4.0,4.8,bcresnet6_ownernoise,set_temperature_18,set_temperature_18,0.7394,correct
20261001-131935,"living room, with background talk show, talker #1",set_temperature_18/set_temperature_18_20261001-132253-994.wav,set_temperature_18,Set temperature to 18 degrees,max_length,6.8,0.8,4.5,5.3,bcresnet6,unknown,unknown,0.3291,asks again
20261001-131935,"living room, with background talk show, talker #1",set_temperature_18/set_temperature_18_20261001-132253-994.wav,set_temperature_18,Set temperature to 18 degrees,max_length,6.8,0.8,4.5,5.3,bcresnet6_ownernoise,unknown,set_temperature_18,0.3782,asks again
20261001-131935,"living room, with background talk show, talker #1",set_temperature_18/set_temperature_18_20261001-132253-994.wav,set_temperature_18,Set temperature to 18 degrees,max_length,6.8,0.8,6.0,6.8,bcresnet6,unknown,unknown,0.3291,asks again
20261001-131935,"living room, with background talk show, talker #1",set_temperature_18/set_temperature_18_20261001-132253-994.wav,set_temperature_18,Set temperature to 18 degrees,max_length,6.8,0.8,6.0,6.8,bcresnet6_ownernoise,unknown,set_temperature_18,0.3782,asks again
20261001-131935,"living room, with background talk show, talker #1",weather/weather_20261001-132303-729.wav,weather,What's the weather?,max_length,7.4,1.4,2.5,3.9,bcresnet6,weather,weather,0.5969,correct
20261001-131935,"living room, with background talk show, talker #1",weather/weather_20261001-132303-729.wav,weather,What's the weather?,max_length,7.4,1.4,2.5,3.9,bcresnet6_ownernoise,weather,weather,0.7516,correct
20261001-131935,"living room, with background talk show, talker #1",weather/weather_20261001-132303-729.wav,weather,What's the weather?,max_length,7.4,1.4,3.0,4.4,bcresnet6,unknown,unknown,0.4942,asks again
20261001-131935,"living room, with background talk show, talker #1",weather/weather_20261001-132303-729.wav,weather,What's the weather?,max_length,7.4,1.4,3.0,4.4,bcresnet6_ownernoise,unknown,weather,0.5656,asks again
20261001-131935,"living room, with background talk show, talker #1",weather/weather_20261001-132303-729.wav,weather,What's the weather?,max_length,7.4,1.4,3.5,4.9,bcresnet6,weather,weather,0.5838,correct
20261001-131935,"living room, with background talk show, talker #1",weather/weather_20261001-132303-729.wav,weather,What's the weather?,max_length,7.4,1.4,3.5,4.9,bcresnet6_ownernoise,weather,weather,0.7285,correct
20261001-131935,"living room, with background talk show, talker #1",weather/weather_20261001-132303-729.wav,weather,What's the weather?,max_length,7.4,1.4,4.0,5.4,bcresnet6,weather,weather,0.6124,correct
20261001-131935,"living room, with background talk show, talker #1",weather/weather_20261001-132303-729.wav,weather,What's the weather?,max_length,7.4,1.4,4.0,5.4,bcresnet6_ownernoise,weather,weather,0.7416,correct
20261001-131935,"living room, with background talk show, talker #1",weather/weather_20261001-132303-729.wav,weather,What's the weather?,max_length,7.4,1.4,4.5,5.9,bcresnet6,weather,weather,0.6124,correct
20261001-131935,"living room, with background talk show, talker #1",weather/weather_20261001-132303-729.wav,weather,What's the weather?,max_length,7.4,1.4,4.5,5.9,bcresnet6_ownernoise,weather,weather,0.7416,correct
20261001-131935,"living room, with background talk show, talker #1",weather/weather_20261001-132303-729.wav,weather,What's the weather?,max_length,7.4,1.4,6.0,7.4,bcresnet6,weather,weather,0.6124,correct
20261001-131935,"living room, with background talk show, talker #1",weather/weather_20261001-132303-729.wav,weather,What's the weather?,max_length,7.4,1.4,6.0,7.4,bcresnet6_ownernoise,weather,weather,0.7416,correct
20261001-131935,"living room, with background talk show, talker #1",set_timer_10/set_timer_10_20261001-132313-359.wav,set_timer_10,Set a timer for 10 minutes,max_length,7.4,1.4,2.5,3.9,bcresnet6,set_timer_10,set_timer_10,0.6026,correct
20261001-131935,"living room, with background talk show, talker #1",set_timer_10/set_timer_10_20261001-132313-359.wav,set_timer_10,Set a timer for 10 minutes,max_length,7.4,1.4,2.5,3.9,bcresnet6_ownernoise,set_timer_10,set_timer_10,0.9837,correct
20261001-131935,"living room, with background talk show, talker #1",set_timer_10/set_timer_10_20261001-132313-359.wav,set_timer_10,Set a timer for 10 minutes,max_length,7.4,1.4,3.0,4.4,bcresnet6,set_timer_10,set_timer_10,0.513,correct
20261001-131935,"living room, with background talk show, talker #1",set_timer_10/set_timer_10_20261001-132313-359.wav,set_timer_10,Set a timer for 10 minutes,max_length,7.4,1.4,3.0,4.4,bcresnet6_ownernoise,set_timer_10,set_timer_10,0.9618,correct
20261001-131935,"living room, with background talk show, talker #1",set_timer_10/set_timer_10_20261001-132313-359.wav,set_timer_10,Set a timer for 10 minutes,max_length,7.4,1.4,3.5,4.9,bcresnet6,set_timer_10,set_timer_10,0.5148,correct
20261001-131935,"living room, with background talk show, talker #1",set_timer_10/set_timer_10_20261001-132313-359.wav,set_timer_10,Set a timer for 10 minutes,max_length,7.4,1.4,3.5,4.9,bcresnet6_ownernoise,set_timer_10,set_timer_10,0.982,correct
20261001-131935,"living room, with background talk show, talker #1",set_timer_10/set_timer_10_20261001-132313-359.wav,set_timer_10,Set a timer for 10 minutes,max_length,7.4,1.4,4.0,5.4,bcresnet6,set_timer_10,set_timer_10,0.552,correct
20261001-131935,"living room, with background talk show, talker #1",set_timer_10/set_timer_10_20261001-132313-359.wav,set_timer_10,Set a timer for 10 minutes,max_length,7.4,1.4,4.0,5.4,bcresnet6_ownernoise,set_timer_10,set_timer_10,0.983,correct
20261001-131935,"living room, with background talk show, talker #1",set_timer_10/set_timer_10_20261001-132313-359.wav,set_timer_10,Set a timer for 10 minutes,max_length,7.4,1.4,4.5,5.9,bcresnet6,set_timer_10,set_timer_10,0.552,correct
20261001-131935,"living room, with background talk show, talker #1",set_timer_10/set_timer_10_20261001-132313-359.wav,set_timer_10,Set a timer for 10 minutes,max_length,7.4,1.4,4.5,5.9,bcresnet6_ownernoise,set_timer_10,set_timer_10,0.983,correct
20261001-131935,"living room, with background talk show, talker #1",set_timer_10/set_timer_10_20261001-132313-359.wav,set_timer_10,Set a timer for 10 minutes,max_length,7.4,1.4,6.0,7.4,bcresnet6,set_timer_10,set_timer_10,0.552,correct
20261001-131935,"living room, with background talk show, talker #1",set_timer_10/set_timer_10_20261001-132313-359.wav,set_timer_10,Set a timer for 10 minutes,max_length,7.4,1.4,6.0,7.4,bcresnet6_ownernoise,set_timer_10,set_timer_10,0.983,correct
20261001-131935,"living room, with background talk show, talker #1",dim_lights_50/dim_lights_50_20261001-132320-761.wav,dim_lights_50,Dim lights to 50%,end_of_speech,5.6,1.18,2.5,3.68,bcresnet6,dim_lights_50,dim_lights_50,0.9358,correct
20261001-131935,"living room, with background talk show, talker #1",dim_lights_50/dim_lights_50_20261001-132320-761.wav,dim_lights_50,Dim lights to 50%,end_of_speech,5.6,1.18,2.5,3.68,bcresnet6_ownernoise,dim_lights_50,dim_lights_50,0.9669,correct
20261001-131935,"living room, with background talk show, talker #1",dim_lights_50/dim_lights_50_20261001-132320-761.wav,dim_lights_50,Dim lights to 50%,end_of_speech,5.6,1.18,3.0,4.18,bcresnet6,dim_lights_50,dim_lights_50,0.9432,correct
20261001-131935,"living room, with background talk show, talker #1",dim_lights_50/dim_lights_50_20261001-132320-761.wav,dim_lights_50,Dim lights to 50%,end_of_speech,5.6,1.18,3.0,4.18,bcresnet6_ownernoise,dim_lights_50,dim_lights_50,0.9592,correct
20261001-131935,"living room, with background talk show, talker #1",dim_lights_50/dim_lights_50_20261001-132320-761.wav,dim_lights_50,Dim lights to 50%,end_of_speech,5.6,1.18,3.5,4.68,bcresnet6,dim_lights_50,dim_lights_50,0.9806,correct
20261001-131935,"living room, with background talk show, talker #1",dim_lights_50/dim_lights_50_20261001-132320-761.wav,dim_lights_50,Dim lights to 50%,end_of_speech,5.6,1.18,3.5,4.68,bcresnet6_ownernoise,dim_lights_50,dim_lights_50,0.9648,correct
20261001-131935,"living room, with background talk show, talker #1",dim_lights_50/dim_lights_50_20261001-132320-761.wav,dim_lights_50,Dim lights to 50%,end_of_speech,5.6,1.18,4.0,5.18,bcresnet6,dim_lights_50,dim_lights_50,0.9746,correct
20261001-131935,"living room, with background talk show, talker #1",dim_lights_50/dim_lights_50_20261001-132320-761.wav,dim_lights_50,Dim lights to 50%,end_of_speech,5.6,1.18,4.0,5.18,bcresnet6_ownernoise,dim_lights_50,dim_lights_50,0.9229,correct
20261001-131935,"living room, with background talk show, talker #1",dim_lights_50/dim_lights_50_20261001-132320-761.wav,dim_lights_50,Dim lights to 50%,end_of_speech,5.6,1.18,4.5,5.6,bcresnet6,dim_lights_50,dim_lights_50,0.9746,correct
20261001-131935,"living room, with background talk show, talker #1",dim_lights_50/dim_lights_50_20261001-132320-761.wav,dim_lights_50,Dim lights to 50%,end_of_speech,5.6,1.18,4.5,5.6,bcresnet6_ownernoise,dim_lights_50,dim_lights_50,0.9229,correct
20261001-131935,"living room, with background talk show, talker #1",dim_lights_50/dim_lights_50_20261001-132320-761.wav,dim_lights_50,Dim lights to 50%,end_of_speech,5.6,1.18,6.0,5.6,bcresnet6,dim_lights_50,dim_lights_50,0.9746,correct
20261001-131935,"living room, with background talk show, talker #1",dim_lights_50/dim_lights_50_20261001-132320-761.wav,dim_lights_50,Dim lights to 50%,end_of_speech,5.6,1.18,6.0,5.6,bcresnet6_ownernoise,dim_lights_50,dim_lights_50,0.9229,correct
20261001-131935,"living room, with background talk show, talker #1",lights_on/lights_on_20261001-132329-891.wav,lights_on,Turn on lights,max_length,7.2,1.2,2.5,3.7,bcresnet6,unknown,unknown,0.5467,asks again
20261001-131935,"living room, with background talk show, talker #1",lights_on/lights_on_20261001-132329-891.wav,lights_on,Turn on lights,max_length,7.2,1.2,2.5,3.7,bcresnet6_ownernoise,unknown,lights_on,0.4773,asks again
20261001-131935,"living room, with background talk show, talker #1",lights_on/lights_on_20261001-132329-891.wav,lights_on,Turn on lights,max_length,7.2,1.2,3.0,4.2,bcresnet6,unknown,unknown,0.7235,asks again
20261001-131935,"living room, with background talk show, talker #1",lights_on/lights_on_20261001-132329-891.wav,lights_on,Turn on lights,max_length,7.2,1.2,3.0,4.2,bcresnet6_ownernoise,unknown,unknown,0.4733,asks again
20261001-131935,"living room, with background talk show, talker #1",lights_on/lights_on_20261001-132329-891.wav,lights_on,Turn on lights,max_length,7.2,1.2,3.5,4.7,bcresnet6,unknown,unknown,0.9477,asks again
20261001-131935,"living room, with background talk show, talker #1",lights_on/lights_on_20261001-132329-891.wav,lights_on,Turn on lights,max_length,7.2,1.2,3.5,4.7,bcresnet6_ownernoise,unknown,unknown,0.8597,asks again
20261001-131935,"living room, with background talk show, talker #1",lights_on/lights_on_20261001-132329-891.wav,lights_on,Turn on lights,max_length,7.2,1.2,4.0,5.2,bcresnet6,unknown,unknown,0.9192,asks again
20261001-131935,"living room, with background talk show, talker #1",lights_on/lights_on_20261001-132329-891.wav,lights_on,Turn on lights,max_length,7.2,1.2,4.0,5.2,bcresnet6_ownernoise,unknown,unknown,0.7681,asks again
20261001-131935,"living room, with background talk show, talker #1",lights_on/lights_on_20261001-132329-891.wav,lights_on,Turn on lights,max_length,7.2,1.2,4.5,5.7,bcresnet6,unknown,unknown,0.9192,asks again
20261001-131935,"living room, with background talk show, talker #1",lights_on/lights_on_20261001-132329-891.wav,lights_on,Turn on lights,max_length,7.2,1.2,4.5,5.7,bcresnet6_ownernoise,unknown,unknown,0.7681,asks again
20261001-131935,"living room, with background talk show, talker #1",lights_on/lights_on_20261001-132329-891.wav,lights_on,Turn on lights,max_length,7.2,1.2,6.0,7.2,bcresnet6,unknown,unknown,0.9192,asks again
20261001-131935,"living room, with background talk show, talker #1",lights_on/lights_on_20261001-132329-891.wav,lights_on,Turn on lights,max_length,7.2,1.2,6.0,7.2,bcresnet6_ownernoise,unknown,unknown,0.7681,asks again
20261001-131935,"living room, with background talk show, talker #1",unknown_other/unknown_other_20261001-132339-523.wav,unknown,(say something that is NOT a command),max_length,7.4,1.4,2.5,3.9,bcresnet6,unknown,unknown,0.6356,correct
20261001-131935,"living room, with background talk show, talker #1",unknown_other/unknown_other_20261001-132339-523.wav,unknown,(say something that is NOT a command),max_length,7.4,1.4,2.5,3.9,bcresnet6_ownernoise,unknown,unknown,0.5262,correct
20261001-131935,"living room, with background talk show, talker #1",unknown_other/unknown_other_20261001-132339-523.wav,unknown,(say something that is NOT a command),max_length,7.4,1.4,3.0,4.4,bcresnet6,unknown,unknown,0.8179,correct
20261001-131935,"living room, with background talk show, talker #1",unknown_other/unknown_other_20261001-132339-523.wav,unknown,(say something that is NOT a command),max_length,7.4,1.4,3.0,4.4,bcresnet6_ownernoise,unknown,unknown,0.7598,correct
20261001-131935,"living room, with background talk show, talker #1",unknown_other/unknown_other_20261001-132339-523.wav,unknown,(say something that is NOT a command),max_length,7.4,1.4,3.5,4.9,bcresnet6,unknown,unknown,0.879,correct
20261001-131935,"living room, with background talk show, talker #1",unknown_other/unknown_other_20261001-132339-523.wav,unknown,(say something that is NOT a command),max_length,7.4,1.4,3.5,4.9,bcresnet6_ownernoise,unknown,unknown,0.3979,correct
20261001-131935,"living room, with background talk show, talker #1",unknown_other/unknown_other_20261001-132339-523.wav,unknown,(say something that is NOT a command),max_length,7.4,1.4,4.0,5.4,bcresnet6,unknown,unknown,0.8205,correct
20261001-131935,"living room, with background talk show, talker #1",unknown_other/unknown_other_20261001-132339-523.wav,unknown,(say something that is NOT a command),max_length,7.4,1.4,4.0,5.4,bcresnet6_ownernoise,unknown,unknown,0.38,correct
20261001-131935,"living room, with background talk show, talker #1",unknown_other/unknown_other_20261001-132339-523.wav,unknown,(say something that is NOT a command),max_length,7.4,1.4,4.5,5.9,bcresnet6,unknown,unknown,0.8205,correct
20261001-131935,"living room, with background talk show, talker #1",unknown_other/unknown_other_20261001-132339-523.wav,unknown,(say something that is NOT a command),max_length,7.4,1.4,4.5,5.9,bcresnet6_ownernoise,unknown,unknown,0.38,correct
20261001-131935,"living room, with background talk show, talker #1",unknown_other/unknown_other_20261001-132339-523.wav,unknown,(say something that is NOT a command),max_length,7.4,1.4,6.0,7.4,bcresnet6,unknown,unknown,0.8205,correct
20261001-131935,"living room, with background talk show, talker #1",unknown_other/unknown_other_20261001-132339-523.wav,unknown,(say something that is NOT a command),max_length,7.4,1.4,6.0,7.4,bcresnet6_ownernoise,unknown,unknown,0.38,correct
20261001-131935,"living room, with background talk show, talker #1",set_temperature_22/set_temperature_22_20261001-132405-689.wav,set_temperature_22,Set temperature to 22 degrees,end_of_speech,4.2,1.1,2.5,3.6,bcresnet6,set_temperature_22,set_temperature_22,0.39,correct
20261001-131935,"living room, with background talk show, talker #1",set_temperature_22/set_temperature_22_20261001-132405-689.wav,set_temperature_22,Set temperature to 22 degrees,end_of_speech,4.2,1.1,2.5,3.6,bcresnet6_ownernoise,unknown,set_temperature_18,0.338,asks again
20261001-131935,"living room, with background talk show, talker #1",set_temperature_22/set_temperature_22_20261001-132405-689.wav,set_temperature_22,Set temperature to 22 degrees,end_of_speech,4.2,1.1,3.0,4.1,bcresnet6,set_temperature_22,set_temperature_22,0.4341,correct
20261001-131935,"living room, with background talk show, talker #1",set_temperature_22/set_temperature_22_20261001-132405-689.wav,set_temperature_22,Set temperature to 22 degrees,end_of_speech,4.2,1.1,3.0,4.1,bcresnet6_ownernoise,unknown,set_temperature_18,0.2987,asks again
20261001-131935,"living room, with background talk show, talker #1",set_temperature_22/set_temperature_22_20261001-132405-689.wav,set_temperature_22,Set temperature to 22 degrees,end_of_speech,4.2,1.1,3.5,4.2,bcresnet6,set_temperature_22,set_temperature_22,0.4322,correct
20261001-131935,"living room, with background talk show, talker #1",set_temperature_22/set_temperature_22_20261001-132405-689.wav,set_temperature_22,Set temperature to 22 degrees,end_of_speech,4.2,1.1,3.5,4.2,bcresnet6_ownernoise,unknown,set_temperature_22,0.2985,asks again
20261001-131935,"living room, with background talk show, talker #1",set_temperature_22/set_temperature_22_20261001-132405-689.wav,set_temperature_22,Set temperature to 22 degrees,end_of_speech,4.2,1.1,4.0,4.2,bcresnet6,set_temperature_22,set_temperature_22,0.4273,correct
20261001-131935,"living room, with background talk show, talker #1",set_temperature_22/set_temperature_22_20261001-132405-689.wav,set_temperature_22,Set temperature to 22 degrees,end_of_speech,4.2,1.1,4.0,4.2,bcresnet6_ownernoise,unknown,set_temperature_22,0.3,asks again
20261001-131935,"living room, with background talk show, talker #1",set_temperature_22/set_temperature_22_20261001-132405-689.wav,set_temperature_22,Set temperature to 22 degrees,end_of_speech,4.2,1.1,4.5,4.2,bcresnet6,set_temperature_22,set_temperature_22,0.4301,correct
20261001-131935,"living room, with background talk show, talker #1",set_temperature_22/set_temperature_22_20261001-132405-689.wav,set_temperature_22,Set temperature to 22 degrees,end_of_speech,4.2,1.1,4.5,4.2,bcresnet6_ownernoise,unknown,set_temperature_22,0.2989,asks again
20261001-131935,"living room, with background talk show, talker #1",set_temperature_22/set_temperature_22_20261001-132405-689.wav,set_temperature_22,Set temperature to 22 degrees,end_of_speech,4.2,1.1,6.0,4.2,bcresnet6,set_temperature_22,set_temperature_22,0.4315,correct
20261001-131935,"living room, with background talk show, talker #1",set_temperature_22/set_temperature_22_20261001-132405-689.wav,set_temperature_22,Set temperature to 22 degrees,end_of_speech,4.2,1.1,6.0,4.2,bcresnet6_ownernoise,unknown,set_temperature_22,0.2963,asks again
20261001-131935,"living room, with background talk show, talker #1",set_timer_5/set_timer_5_20261001-132412-078.wav,set_timer_5,Set a timer for 5 minutes,end_of_speech,4.6,1.32,2.5,3.82,bcresnet6,set_timer_5,set_timer_5,0.9972,correct
20261001-131935,"living room, with background talk show, talker #1",set_timer_5/set_timer_5_20261001-132412-078.wav,set_timer_5,Set a timer for 5 minutes,end_of_speech,4.6,1.32,2.5,3.82,bcresnet6_ownernoise,set_timer_5,set_timer_5,0.9924,correct
20261001-131935,"living room, with background talk show, talker #1",set_timer_5/set_timer_5_20261001-132412-078.wav,set_timer_5,Set a timer for 5 minutes,end_of_speech,4.6,1.32,3.0,4.32,bcresnet6,set_timer_5,set_timer_5,0.997,correct
20261001-131935,"living room, with background talk show, talker #1",set_timer_5/set_timer_5_20261001-132412-078.wav,set_timer_5,Set a timer for 5 minutes,end_of_speech,4.6,1.32,3.0,4.32,bcresnet6_ownernoise,set_timer_5,set_timer_5,0.9933,correct
20261001-131935,"living room, with background talk show, talker #1",set_timer_5/set_timer_5_20261001-132412-078.wav,set_timer_5,Set a timer for 5 minutes,end_of_speech,4.6,1.32,3.5,4.6,bcresnet6,set_timer_5,set_timer_5,0.9968,correct
20261001-131935,"living room, with background talk show, talker #1",set_timer_5/set_timer_5_20261001-132412-078.wav,set_timer_5,Set a timer for 5 minutes,end_of_speech,4.6,1.32,3.5,4.6,bcresnet6_ownernoise,set_timer_5,set_timer_5,0.9922,correct
20261001-131935,"living room, with background talk show, talker #1",set_timer_5/set_timer_5_20261001-132412-078.wav,set_timer_5,Set a timer for 5 minutes,end_of_speech,4.6,1.32,4.0,4.6,bcresnet6,set_timer_5,set_timer_5,0.9967,correct
20261001-131935,"living room, with background talk show, talker #1",set_timer_5/set_timer_5_20261001-132412-078.wav,set_timer_5,Set a timer for 5 minutes,end_of_speech,4.6,1.32,4.0,4.6,bcresnet6_ownernoise,set_timer_5,set_timer_5,0.9922,correct
20261001-131935,"living room, with background talk show, talker #1",set_timer_5/set_timer_5_20261001-132412-078.wav,set_timer_5,Set a timer for 5 minutes,end_of_speech,4.6,1.32,4.5,4.6,bcresnet6,set_timer_5,set_timer_5,0.9967,correct
20261001-131935,"living room, with background talk show, talker #1",set_timer_5/set_timer_5_20261001-132412-078.wav,set_timer_5,Set a timer for 5 minutes,end_of_speech,4.6,1.32,4.5,4.6,bcresnet6_ownernoise,set_timer_5,set_timer_5,0.9921,correct
20261001-131935,"living room, with background talk show, talker #1",set_timer_5/set_timer_5_20261001-132412-078.wav,set_timer_5,Set a timer for 5 minutes,end_of_speech,4.6,1.32,6.0,4.6,bcresnet6,set_timer_5,set_timer_5,0.9967,correct
20261001-131935,"living room, with background talk show, talker #1",set_timer_5/set_timer_5_20261001-132412-078.wav,set_timer_5,Set a timer for 5 minutes,end_of_speech,4.6,1.32,6.0,4.6,bcresnet6_ownernoise,set_timer_5,set_timer_5,0.992,correct
20261001-131935,"living room, with background talk show, talker #1",skip/skip_20261001-132421-406.wav,next,Skip,max_length,6.8,0.8,2.5,3.3,bcresnet6,next,next,0.8911,correct
20261001-131935,"living room, with background talk show, talker #1",skip/skip_20261001-132421-406.wav,next,Skip,max_length,6.8,0.8,2.5,3.3,bcresnet6_ownernoise,next,next,0.8903,correct
20261001-131935,"living room, with background talk show, talker #1",skip/skip_20261001-132421-406.wav,next,Skip,max_length,6.8,0.8,3.0,3.8,bcresnet6,next,next,0.7804,correct
20261001-131935,"living room, with background talk show, talker #1",skip/skip_20261001-132421-406.wav,next,Skip,max_length,6.8,0.8,3.0,3.8,bcresnet6_ownernoise,next,next,0.7529,correct
20261001-131935,"living room, with background talk show, talker #1",skip/skip_20261001-132421-406.wav,next,Skip,max_length,6.8,0.8,3.5,4.3,bcresnet6,next,next,0.7718,correct
20261001-131935,"living room, with background talk show, talker #1",skip/skip_20261001-132421-406.wav,next,Skip,max_length,6.8,0.8,3.5,4.3,bcresnet6_ownernoise,unknown,next,0.5337,asks again
20261001-131935,"living room, with background talk show, talker #1",skip/skip_20261001-132421-406.wav,next,Skip,max_length,6.8,0.8,4.0,4.8,bcresnet6,next,next,0.7753,correct
20261001-131935,"living room, with background talk show, talker #1",skip/skip_20261001-132421-406.wav,next,Skip,max_length,6.8,0.8,4.0,4.8,bcresnet6_ownernoise,unknown,next,0.5706,asks again
20261001-131935,"living room, with background talk show, talker #1",skip/skip_20261001-132421-406.wav,next,Skip,max_length,6.8,0.8,4.5,5.3,bcresnet6,next,next,0.7607,correct
20261001-131935,"living room, with background talk show, talker #1",skip/skip_20261001-132421-406.wav,next,Skip,max_length,6.8,0.8,4.5,5.3,bcresnet6_ownernoise,next,next,0.729,correct
20261001-131935,"living room, with background talk show, talker #1",skip/skip_20261001-132421-406.wav,next,Skip,max_length,6.8,0.8,6.0,6.8,bcresnet6,next,next,0.7607,correct
20261001-131935,"living room, with background talk show, talker #1",skip/skip_20261001-132421-406.wav,next,Skip,max_length,6.8,0.8,6.0,6.8,bcresnet6_ownernoise,next,next,0.729,correct
20261001-131935,"living room, with background talk show, talker #1",remind_trash/remind_trash_20261001-132506-223.wav,remind_trash,Remind me to take out the trash,end_of_speech,4.8,1.08,2.5,3.58,bcresnet6,remind_trash,remind_trash,0.9961,correct
20261001-131935,"living room, with background talk show, talker #1",remind_trash/remind_trash_20261001-132506-223.wav,remind_trash,Remind me to take out the trash,end_of_speech,4.8,1.08,2.5,3.58,bcresnet6_ownernoise,remind_trash,remind_trash,0.9952,correct
20261001-131935,"living room, with background talk show, talker #1",remind_trash/remind_trash_20261001-132506-223.wav,remind_trash,Remind me to take out the trash,end_of_speech,4.8,1.08,3.0,4.08,bcresnet6,remind_trash,remind_trash,0.9963,correct
20261001-131935,"living room, with background talk show, talker #1",remind_trash/remind_trash_20261001-132506-223.wav,remind_trash,Remind me to take out the trash,end_of_speech,4.8,1.08,3.0,4.08,bcresnet6_ownernoise,remind_trash,remind_trash,0.9956,correct
20261001-131935,"living room, with background talk show, talker #1",remind_trash/remind_trash_20261001-132506-223.wav,remind_trash,Remind me to take out the trash,end_of_speech,4.8,1.08,3.5,4.58,bcresnet6,remind_trash,remind_trash,0.9949,correct
20261001-131935,"living room, with background talk show, talker #1",remind_trash/remind_trash_20261001-132506-223.wav,remind_trash,Remind me to take out the trash,end_of_speech,4.8,1.08,3.5,4.58,bcresnet6_ownernoise,remind_trash,remind_trash,0.9935,correct
20261001-131935,"living room, with background talk show, talker #1",remind_trash/remind_trash_20261001-132506-223.wav,remind_trash,Remind me to take out the trash,end_of_speech,4.8,1.08,4.0,4.8,bcresnet6,remind_trash,remind_trash,0.9951,correct
20261001-131935,"living room, with background talk show, talker #1",remind_trash/remind_trash_20261001-132506-223.wav,remind_trash,Remind me to take out the trash,end_of_speech,4.8,1.08,4.0,4.8,bcresnet6_ownernoise,remind_trash,remind_trash,0.9724,correct
20261001-131935,"living room, with background talk show, talker #1",remind_trash/remind_trash_20261001-132506-223.wav,remind_trash,Remind me to take out the trash,end_of_speech,4.8,1.08,4.5,4.8,bcresnet6,remind_trash,remind_trash,0.995,correct
20261001-131935,"living room, with background talk show, talker #1",remind_trash/remind_trash_20261001-132506-223.wav,remind_trash,Remind me to take out the trash,end_of_speech,4.8,1.08,4.5,4.8,bcresnet6_ownernoise,remind_trash,remind_trash,0.9711,correct
20261001-131935,"living room, with background talk show, talker #1",remind_trash/remind_trash_20261001-132506-223.wav,remind_trash,Remind me to take out the trash,end_of_speech,4.8,1.08,6.0,4.8,bcresnet6,remind_trash,remind_trash,0.995,correct
20261001-131935,"living room, with background talk show, talker #1",remind_trash/remind_trash_20261001-132506-223.wav,remind_trash,Remind me to take out the trash,end_of_speech,4.8,1.08,6.0,4.8,bcresnet6_ownernoise,remind_trash,remind_trash,0.9738,correct
20261001-131935,"living room, with background talk show, talker #1",time/time_20261001-132515-261.wav,time,What time is it?,end_of_speech,7.2,1.1,2.5,3.6,bcresnet6,time,time,0.7331,correct
20261001-131935,"living room, with background talk show, talker #1",time/time_20261001-132515-261.wav,time,What time is it?,end_of_speech,7.2,1.1,2.5,3.6,bcresnet6_ownernoise,time,time,0.8784,correct
20261001-131935,"living room, with background talk show, talker #1",time/time_20261001-132515-261.wav,time,What time is it?,end_of_speech,7.2,1.1,3.0,4.1,bcresnet6,time,time,0.3624,correct
20261001-131935,"living room, with background talk show, talker #1",time/time_20261001-132515-261.wav,time,What time is it?,end_of_speech,7.2,1.1,3.0,4.1,bcresnet6_ownernoise,time,time,0.7111,correct
20261001-131935,"living room, with background talk show, talker #1",time/time_20261001-132515-261.wav,time,What time is it?,end_of_speech,7.2,1.1,3.5,4.6,bcresnet6,time,time,0.3859,correct
20261001-131935,"living room, with background talk show, talker #1",time/time_20261001-132515-261.wav,time,What time is it?,end_of_speech,7.2,1.1,3.5,4.6,bcresnet6_ownernoise,unknown,time,0.5446,asks again
20261001-131935,"living room, with background talk show, talker #1",time/time_20261001-132515-261.wav,time,What time is it?,end_of_speech,7.2,1.1,4.0,5.1,bcresnet6,unknown,time,0.3377,asks again
20261001-131935,"living room, with background talk show, talker #1",time/time_20261001-132515-261.wav,time,What time is it?,end_of_speech,7.2,1.1,4.0,5.1,bcresnet6_ownernoise,time,time,0.6294,correct
20261001-131935,"living room, with background talk show, talker #1",time/time_20261001-132515-261.wav,time,What time is it?,end_of_speech,7.2,1.1,4.5,5.6,bcresnet6,unknown,time,0.3377,asks again
20261001-131935,"living room, with background talk show, talker #1",time/time_20261001-132515-261.wav,time,What time is it?,end_of_speech,7.2,1.1,4.5,5.6,bcresnet6_ownernoise,time,time,0.6294,correct
20261001-131935,"living room, with background talk show, talker #1",time/time_20261001-132515-261.wav,time,What time is it?,end_of_speech,7.2,1.1,6.0,7.1,bcresnet6,unknown,time,0.3377,asks again
20261001-131935,"living room, with background talk show, talker #1",time/time_20261001-132515-261.wav,time,What time is it?,end_of_speech,7.2,1.1,6.0,7.1,bcresnet6_ownernoise,time,time,0.6294,correct
20261001-131935,"living room, with background talk show, talker #1",next/next_20261001-132523-583.wav,next,Next,end_of_speech,5.4,1.14,2.5,3.64,bcresnet6,unknown,unknown,0.7585,asks again
20261001-131935,"living room, with background talk show, talker #1",next/next_20261001-132523-583.wav,next,Next,end_of_speech,5.4,1.14,2.5,3.64,bcresnet6_ownernoise,unknown,next,0.385,asks again
20261001-131935,"living room, with background talk show, talker #1",next/next_20261001-132523-583.wav,next,Next,end_of_speech,5.4,1.14,3.0,4.14,bcresnet6,unknown,unknown,0.7265,asks again
20261001-131935,"living room, with background talk show, talker #1",next/next_20261001-132523-583.wav,next,Next,end_of_speech,5.4,1.14,3.0,4.14,bcresnet6_ownernoise,unknown,unknown,0.5579,asks again
20261001-131935,"living room, with background talk show, talker #1",next/next_20261001-132523-583.wav,next,Next,end_of_speech,5.4,1.14,3.5,4.64,bcresnet6,unknown,unknown,0.8474,asks again
20261001-131935,"living room, with background talk show, talker #1",next/next_20261001-132523-583.wav,next,Next,end_of_speech,5.4,1.14,3.5,4.64,bcresnet6_ownernoise,unknown,unknown,0.3833,asks again
20261001-131935,"living room, with background talk show, talker #1",next/next_20261001-132523-583.wav,next,Next,end_of_speech,5.4,1.14,4.0,5.14,bcresnet6,unknown,unknown,0.6023,asks again
20261001-131935,"living room, with background talk show, talker #1",next/next_20261001-132523-583.wav,next,Next,end_of_speech,5.4,1.14,4.0,5.14,bcresnet6_ownernoise,unknown,unknown,0.249,asks again
20261001-131935,"living room, with background talk show, talker #1",next/next_20261001-132523-583.wav,next,Next,end_of_speech,5.4,1.14,4.5,5.4,bcresnet6,unknown,unknown,0.6023,asks again
20261001-131935,"living room, with background talk show, talker #1",next/next_20261001-132523-583.wav,next,Next,end_of_speech,5.4,1.14,4.5,5.4,bcresnet6_ownernoise,unknown,unknown,0.249,asks again
20261001-131935,"living room, with background talk show, talker #1",next/next_20261001-132523-583.wav,next,Next,end_of_speech,5.4,1.14,6.0,5.4,bcresnet6,unknown,unknown,0.6023,asks again
20261001-131935,"living room, with background talk show, talker #1",next/next_20261001-132523-583.wav,next,Next,end_of_speech,5.4,1.14,6.0,5.4,bcresnet6_ownernoise,unknown,unknown,0.249,asks again
20261001-131935,"living room, with background talk show, talker #1",text_jane/text_jane_20261001-132532-201.wav,text_jane,Text Jane,max_length,6.8,0.8,2.5,3.3,bcresnet6,text_jane,text_jane,0.6871,correct
20261001-131935,"living room, with background talk show, talker #1",text_jane/text_jane_20261001-132532-201.wav,text_jane,Text Jane,max_length,6.8,0.8,2.5,3.3,bcresnet6_ownernoise,text_jane,text_jane,0.9286,correct
20261001-131935,"living room, with background talk show, talker #1",text_jane/text_jane_20261001-132532-201.wav,text_jane,Text Jane,max_length,6.8,0.8,3.0,3.8,bcresnet6,text_jane,text_jane,0.6859,correct
20261001-131935,"living room, with background talk show, talker #1",text_jane/text_jane_20261001-132532-201.wav,text_jane,Text Jane,max_length,6.8,0.8,3.0,3.8,bcresnet6_ownernoise,text_jane,text_jane,0.9293,correct
20261001-131935,"living room, with background talk show, talker #1",text_jane/text_jane_20261001-132532-201.wav,text_jane,Text Jane,max_length,6.8,0.8,3.5,4.3,bcresnet6,unknown,unknown,0.4174,asks again
20261001-131935,"living room, with background talk show, talker #1",text_jane/text_jane_20261001-132532-201.wav,text_jane,Text Jane,max_length,6.8,0.8,3.5,4.3,bcresnet6_ownernoise,text_jane,text_jane,0.8523,correct
20261001-131935,"living room, with background talk show, talker #1",text_jane/text_jane_20261001-132532-201.wav,text_jane,Text Jane,max_length,6.8,0.8,4.0,4.8,bcresnet6,unknown,unknown,0.793,asks again
20261001-131935,"living room, with background talk show, talker #1",text_jane/text_jane_20261001-132532-201.wav,text_jane,Text Jane,max_length,6.8,0.8,4.0,4.8,bcresnet6_ownernoise,text_jane,text_jane,0.7098,correct
20261001-131935,"living room, with background talk show, talker #1",text_jane/text_jane_20261001-132532-201.wav,text_jane,Text Jane,max_length,6.8,0.8,4.5,5.3,bcresnet6,unknown,unknown,0.5534,asks again
20261001-131935,"living room, with background talk show, talker #1",text_jane/text_jane_20261001-132532-201.wav,text_jane,Text Jane,max_length,6.8,0.8,4.5,5.3,bcresnet6_ownernoise,text_jane,text_jane,0.7982,correct
20261001-131935,"living room, with background talk show, talker #1",text_jane/text_jane_20261001-132532-201.wav,text_jane,Text Jane,max_length,6.8,0.8,6.0,6.8,bcresnet6,unknown,unknown,0.5534,asks again
20261001-131935,"living room, with background talk show, talker #1",text_jane/text_jane_20261001-132532-201.wav,text_jane,Text Jane,max_length,6.8,0.8,6.0,6.8,bcresnet6_ownernoise,text_jane,text_jane,0.7982,correct
20261001-131935,"living room, with background talk show, talker #1",play/play_20261001-132541-432.wav,play,Play,max_length,7.2,1.2,2.5,3.7,bcresnet6,unknown,unknown,0.6924,asks again
20261001-131935,"living room, with background talk show, talker #1",play/play_20261001-132541-432.wav,play,Play,max_length,7.2,1.2,2.5,3.7,bcresnet6_ownernoise,unknown,play,0.3092,asks again
20261001-131935,"living room, with background talk show, talker #1",play/play_20261001-132541-432.wav,play,Play,max_length,7.2,1.2,3.0,4.2,bcresnet6,unknown,unknown,0.8539,asks again
20261001-131935,"living room, with background talk show, talker #1",play/play_20261001-132541-432.wav,play,Play,max_length,7.2,1.2,3.0,4.2,bcresnet6_ownernoise,unknown,play,0.5507,asks again
20261001-131935,"living room, with background talk show, talker #1",play/play_20261001-132541-432.wav,play,Play,max_length,7.2,1.2,3.5,4.7,bcresnet6,unknown,unknown,0.6238,asks again
20261001-131935,"living room, with background talk show, talker #1",play/play_20261001-132541-432.wav,play,Play,max_length,7.2,1.2,3.5,4.7,bcresnet6_ownernoise,play,play,0.6193,correct
20261001-131935,"living room, with background talk show, talker #1",play/play_20261001-132541-432.wav,play,Play,max_length,7.2,1.2,4.0,5.2,bcresnet6,unknown,unknown,0.7088,asks again
20261001-131935,"living room, with background talk show, talker #1",play/play_20261001-132541-432.wav,play,Play,max_length,7.2,1.2,4.0,5.2,bcresnet6_ownernoise,play,play,0.607,correct
20261001-131935,"living room, with background talk show, talker #1",play/play_20261001-132541-432.wav,play,Play,max_length,7.2,1.2,4.5,5.7,bcresnet6,unknown,unknown,0.7088,asks again
20261001-131935,"living room, with background talk show, talker #1",play/play_20261001-132541-432.wav,play,Play,max_length,7.2,1.2,4.5,5.7,bcresnet6_ownernoise,play,play,0.607,correct
20261001-131935,"living room, with background talk show, talker #1",play/play_20261001-132541-432.wav,play,Play,max_length,7.2,1.2,6.0,7.2,bcresnet6,unknown,unknown,0.7088,asks again
20261001-131935,"living room, with background talk show, talker #1",play/play_20261001-132541-432.wav,play,Play,max_length,7.2,1.2,6.0,7.2,bcresnet6_ownernoise,play,play,0.607,correct
20261001-131935,"living room, with background talk show, talker #1",louder/louder_20261001-132547-108.wav,volume_up,Louder,end_of_speech,3.4,1.18,2.5,3.4,bcresnet6,volume_up,volume_up,0.9734,correct
20261001-131935,"living room, with background talk show, talker #1",louder/louder_20261001-132547-108.wav,volume_up,Louder,end_of_speech,3.4,1.18,2.5,3.4,bcresnet6_ownernoise,volume_up,volume_up,0.9491,correct
20261001-131935,"living room, with background talk show, talker #1",louder/louder_20261001-132547-108.wav,volume_up,Louder,end_of_speech,3.4,1.18,3.0,3.4,bcresnet6,volume_up,volume_up,0.9732,correct
20261001-131935,"living room, with background talk show, talker #1",louder/louder_20261001-132547-108.wav,volume_up,Louder,end_of_speech,3.4,1.18,3.0,3.4,bcresnet6_ownernoise,volume_up,volume_up,0.9483,correct
20261001-131935,"living room, with background talk show, talker #1",louder/louder_20261001-132547-108.wav,volume_up,Louder,end_of_speech,3.4,1.18,3.5,3.4,bcresnet6,volume_up,volume_up,0.9738,correct
20261001-131935,"living room, with background talk show, talker #1",louder/louder_20261001-132547-108.wav,volume_up,Louder,end_of_speech,3.4,1.18,3.5,3.4,bcresnet6_ownernoise,volume_up,volume_up,0.9483,correct
20261001-131935,"living room, with background talk show, talker #1",louder/louder_20261001-132547-108.wav,volume_up,Louder,end_of_speech,3.4,1.18,4.0,3.4,bcresnet6,volume_up,volume_up,0.9739,correct
20261001-131935,"living room, with background talk show, talker #1",louder/louder_20261001-132547-108.wav,volume_up,Louder,end_of_speech,3.4,1.18,4.0,3.4,bcresnet6_ownernoise,volume_up,volume_up,0.9482,correct
20261001-131935,"living room, with background talk show, talker #1",louder/louder_20261001-132547-108.wav,volume_up,Louder,end_of_speech,3.4,1.18,4.5,3.4,bcresnet6,volume_up,volume_up,0.973,correct
20261001-131935,"living room, with background talk show, talker #1",louder/louder_20261001-132547-108.wav,volume_up,Louder,end_of_speech,3.4,1.18,4.5,3.4,bcresnet6_ownernoise,volume_up,volume_up,0.9482,correct
20261001-131935,"living room, with background talk show, talker #1",louder/louder_20261001-132547-108.wav,volume_up,Louder,end_of_speech,3.4,1.18,6.0,3.4,bcresnet6,volume_up,volume_up,0.974,correct
20261001-131935,"living room, with background talk show, talker #1",louder/louder_20261001-132547-108.wav,volume_up,Louder,end_of_speech,3.4,1.18,6.0,3.4,bcresnet6_ownernoise,volume_up,volume_up,0.9475,correct
20261001-131935,"living room, with background talk show, talker #1",set_timer_1/set_timer_1_20261001-132553-398.wav,set_timer_1,Set a timer for 1 minute,end_of_speech,4.6,1.34,2.5,3.84,bcresnet6,set_timer_1,set_timer_1,0.9439,correct
20261001-131935,"living room, with background talk show, talker #1",set_timer_1/set_timer_1_20261001-132553-398.wav,set_timer_1,Set a timer for 1 minute,end_of_speech,4.6,1.34,2.5,3.84,bcresnet6_ownernoise,set_timer_1,set_timer_1,0.919,correct
20261001-131935,"living room, with background talk show, talker #1",set_timer_1/set_timer_1_20261001-132553-398.wav,set_timer_1,Set a timer for 1 minute,end_of_speech,4.6,1.34,3.0,4.34,bcresnet6,set_timer_1,set_timer_1,0.9502,correct
20261001-131935,"living room, with background talk show, talker #1",set_timer_1/set_timer_1_20261001-132553-398.wav,set_timer_1,Set a timer for 1 minute,end_of_speech,4.6,1.34,3.0,4.34,bcresnet6_ownernoise,set_timer_1,set_timer_1,0.9284,correct
20261001-131935,"living room, with background talk show, talker #1",set_timer_1/set_timer_1_20261001-132553-398.wav,set_timer_1,Set a timer for 1 minute,end_of_speech,4.6,1.34,3.5,4.6,bcresnet6,set_timer_1,set_timer_1,0.9393,correct
20261001-131935,"living room, with background talk show, talker #1",set_timer_1/set_timer_1_20261001-132553-398.wav,set_timer_1,Set a timer for 1 minute,end_of_speech,4.6,1.34,3.5,4.6,bcresnet6_ownernoise,set_timer_1,set_timer_1,0.9132,correct
20261001-131935,"living room, with background talk show, talker #1",set_timer_1/set_timer_1_20261001-132553-398.wav,set_timer_1,Set a timer for 1 minute,end_of_speech,4.6,1.34,4.0,4.6,bcresnet6,set_timer_1,set_timer_1,0.939,correct
20261001-131935,"living room, with background talk show, talker #1",set_timer_1/set_timer_1_20261001-132553-398.wav,set_timer_1,Set a timer for 1 minute,end_of_speech,4.6,1.34,4.0,4.6,bcresnet6_ownernoise,set_timer_1,set_timer_1,0.9058,correct
20261001-131935,"living room, with background talk show, talker #1",set_timer_1/set_timer_1_20261001-132553-398.wav,set_timer_1,Set a timer for 1 minute,end_of_speech,4.6,1.34,4.5,4.6,bcresnet6,set_timer_1,set_timer_1,0.9393,correct
20261001-131935,"living room, with background talk show, talker #1",set_timer_1/set_timer_1_20261001-132553-398.wav,set_timer_1,Set a timer for 1 minute,end_of_speech,4.6,1.34,4.5,4.6,bcresnet6_ownernoise,set_timer_1,set_timer_1,0.9064,correct
20261001-131935,"living room, with background talk show, talker #1",set_timer_1/set_timer_1_20261001-132553-398.wav,set_timer_1,Set a timer for 1 minute,end_of_speech,4.6,1.34,6.0,4.6,bcresnet6,set_timer_1,set_timer_1,0.9332,correct
20261001-131935,"living room, with background talk show, talker #1",set_timer_1/set_timer_1_20261001-132553-398.wav,set_timer_1,Set a timer for 1 minute,end_of_speech,4.6,1.34,6.0,4.6,bcresnet6_ownernoise,set_timer_1,set_timer_1,0.9121,correct
20261001-131935,"living room, with background talk show, talker #1",remind_study/remind_study_20261001-132602-222.wav,remind_study,Remind me to study for my exam,end_of_speech,7.1,1.24,2.5,3.74,bcresnet6,remind_study,remind_study,0.9952,correct
20261001-131935,"living room, with background talk show, talker #1",remind_study/remind_study_20261001-132602-222.wav,remind_study,Remind me to study for my exam,end_of_speech,7.1,1.24,2.5,3.74,bcresnet6_ownernoise,remind_study,remind_study,0.9836,correct
20261001-131935,"living room, with background talk show, talker #1",remind_study/remind_study_20261001-132602-222.wav,remind_study,Remind me to study for my exam,end_of_speech,7.1,1.24,3.0,4.24,bcresnet6,remind_study,remind_study,0.9961,correct
20261001-131935,"living room, with background talk show, talker #1",remind_study/remind_study_20261001-132602-222.wav,remind_study,Remind me to study for my exam,end_of_speech,7.1,1.24,3.0,4.24,bcresnet6_ownernoise,remind_study,remind_study,0.9778,correct
20261001-131935,"living room, with background talk show, talker #1",remind_study/remind_study_20261001-132602-222.wav,remind_study,Remind me to study for my exam,end_of_speech,7.1,1.24,3.5,4.74,bcresnet6,remind_study,remind_study,0.9919,correct
20261001-131935,"living room, with background talk show, talker #1",remind_study/remind_study_20261001-132602-222.wav,remind_study,Remind me to study for my exam,end_of_speech,7.1,1.24,3.5,4.74,bcresnet6_ownernoise,remind_study,remind_study,0.9716,correct
20261001-131935,"living room, with background talk show, talker #1",remind_study/remind_study_20261001-132602-222.wav,remind_study,Remind me to study for my exam,end_of_speech,7.1,1.24,4.0,5.24,bcresnet6,remind_study,remind_study,0.994,correct
20261001-131935,"living room, with background talk show, talker #1",remind_study/remind_study_20261001-132602-222.wav,remind_study,Remind me to study for my exam,end_of_speech,7.1,1.24,4.0,5.24,bcresnet6_ownernoise,remind_study,remind_study,0.9772,correct
20261001-131935,"living room, with background talk show, talker #1",remind_study/remind_study_20261001-132602-222.wav,remind_study,Remind me to study for my exam,end_of_speech,7.1,1.24,4.5,5.74,bcresnet6,remind_study,remind_study,0.994,correct
20261001-131935,"living room, with background talk show, talker #1",remind_study/remind_study_20261001-132602-222.wav,remind_study,Remind me to study for my exam,end_of_speech,7.1,1.24,4.5,5.74,bcresnet6_ownernoise,remind_study,remind_study,0.9772,correct
20261001-131935,"living room, with background talk show, talker #1",remind_study/remind_study_20261001-132602-222.wav,remind_study,Remind me to study for my exam,end_of_speech,7.1,1.24,6.0,7.1,bcresnet6,remind_study,remind_study,0.994,correct
20261001-131935,"living room, with background talk show, talker #1",remind_study/remind_study_20261001-132602-222.wav,remind_study,Remind me to study for my exam,end_of_speech,7.1,1.24,6.0,7.1,bcresnet6_ownernoise,remind_study,remind_study,0.9772,correct
20261001-131935,"living room, with background talk show, talker #1",volume_up/volume_up_20261001-132607-594.wav,volume_up,Volume up,end_of_speech,3.3,0.54,2.5,3.04,bcresnet6,volume_up,volume_up,0.95,correct
20261001-131935,"living room, with background talk show, talker #1",volume_up/volume_up_20261001-132607-594.wav,volume_up,Volume up,end_of_speech,3.3,0.54,2.5,3.04,bcresnet6_ownernoise,volume_up,volume_up,0.8891,correct
20261001-131935,"living room, with background talk show, talker #1",volume_up/volume_up_20261001-132607-594.wav,volume_up,Volume up,end_of_speech,3.3,0.54,3.0,3.3,bcresnet6,volume_up,volume_up,0.9441,correct
20261001-131935,"living room, with background talk show, talker #1",volume_up/volume_up_20261001-132607-594.wav,volume_up,Volume up,end_of_speech,3.3,0.54,3.0,3.3,bcresnet6_ownernoise,volume_up,volume_up,0.8675,correct
20261001-131935,"living room, with background talk show, talker #1",volume_up/volume_up_20261001-132607-594.wav,volume_up,Volume up,end_of_speech,3.3,0.54,3.5,3.3,bcresnet6,volume_up,volume_up,0.9448,correct
20261001-131935,"living room, with background talk show, talker #1",volume_up/volume_up_20261001-132607-594.wav,volume_up,Volume up,end_of_speech,3.3,0.54,3.5,3.3,bcresnet6_ownernoise,volume_up,volume_up,0.8655,correct
20261001-131935,"living room, with background talk show, talker #1",volume_up/volume_up_20261001-132607-594.wav,volume_up,Volume up,end_of_speech,3.3,0.54,4.0,3.3,bcresnet6,volume_up,volume_up,0.945,correct
20261001-131935,"living room, with background talk show, talker #1",volume_up/volume_up_20261001-132607-594.wav,volume_up,Volume up,end_of_speech,3.3,0.54,4.0,3.3,bcresnet6_ownernoise,volume_up,volume_up,0.8676,correct
20261001-131935,"living room, with background talk show, talker #1",volume_up/volume_up_20261001-132607-594.wav,volume_up,Volume up,end_of_speech,3.3,0.54,4.5,3.3,bcresnet6,volume_up,volume_up,0.9446,correct
20261001-131935,"living room, with background talk show, talker #1",volume_up/volume_up_20261001-132607-594.wav,volume_up,Volume up,end_of_speech,3.3,0.54,4.5,3.3,bcresnet6_ownernoise,volume_up,volume_up,0.8663,correct
20261001-131935,"living room, with background talk show, talker #1",volume_up/volume_up_20261001-132607-594.wav,volume_up,Volume up,end_of_speech,3.3,0.54,6.0,3.3,bcresnet6,volume_up,volume_up,0.9442,correct
20261001-131935,"living room, with background talk show, talker #1",volume_up/volume_up_20261001-132607-594.wav,volume_up,Volume up,end_of_speech,3.3,0.54,6.0,3.3,bcresnet6_ownernoise,volume_up,volume_up,0.8669,correct
20261001-131935,"living room, with background talk show, talker #1",set_alarm_9pm/set_alarm_9pm_20261001-132615-509.wav,set_alarm_9pm,Set an alarm at 9 PM,end_of_speech,3.4,1.2,2.5,3.4,bcresnet6,set_alarm_9pm,set_alarm_9pm,0.9456,correct
20261001-131935,"living room, with background talk show, talker #1",set_alarm_9pm/set_alarm_9pm_20261001-132615-509.wav,set_alarm_9pm,Set an alarm at 9 PM,end_of_speech,3.4,1.2,2.5,3.4,bcresnet6_ownernoise,set_alarm_9pm,set_alarm_9pm,0.9622,correct
20261001-131935,"living room, with background talk show, talker #1",set_alarm_9pm/set_alarm_9pm_20261001-132615-509.wav,set_alarm_9pm,Set an alarm at 9 PM,end_of_speech,3.4,1.2,3.0,3.4,bcresnet6,set_alarm_9pm,set_alarm_9pm,0.9452,correct
20261001-131935,"living room, with background talk show, talker #1",set_alarm_9pm/set_alarm_9pm_20261001-132615-509.wav,set_alarm_9pm,Set an alarm at 9 PM,end_of_speech,3.4,1.2,3.0,3.4,bcresnet6_ownernoise,set_alarm_9pm,set_alarm_9pm,0.9624,correct
20261001-131935,"living room, with background talk show, talker #1",set_alarm_9pm/set_alarm_9pm_20261001-132615-509.wav,set_alarm_9pm,Set an alarm at 9 PM,end_of_speech,3.4,1.2,3.5,3.4,bcresnet6,set_alarm_9pm,set_alarm_9pm,0.9451,correct
20261001-131935,"living room, with background talk show, talker #1",set_alarm_9pm/set_alarm_9pm_20261001-132615-509.wav,set_alarm_9pm,Set an alarm at 9 PM,end_of_speech,3.4,1.2,3.5,3.4,bcresnet6_ownernoise,set_alarm_9pm,set_alarm_9pm,0.9619,correct
20261001-131935,"living room, with background talk show, talker #1",set_alarm_9pm/set_alarm_9pm_20261001-132615-509.wav,set_alarm_9pm,Set an alarm at 9 PM,end_of_speech,3.4,1.2,4.0,3.4,bcresnet6,set_alarm_9pm,set_alarm_9pm,0.9454,correct
20261001-131935,"living room, with background talk show, talker #1",set_alarm_9pm/set_alarm_9pm_20261001-132615-509.wav,set_alarm_9pm,Set an alarm at 9 PM,end_of_speech,3.4,1.2,4.0,3.4,bcresnet6_ownernoise,set_alarm_9pm,set_alarm_9pm,0.962,correct
20261001-131935,"living room, with background talk show, talker #1",set_alarm_9pm/set_alarm_9pm_20261001-132615-509.wav,set_alarm_9pm,Set an alarm at 9 PM,end_of_speech,3.4,1.2,4.5,3.4,bcresnet6,set_alarm_9pm,set_alarm_9pm,0.9453,correct
20261001-131935,"living room, with background talk show, talker #1",set_alarm_9pm/set_alarm_9pm_20261001-132615-509.wav,set_alarm_9pm,Set an alarm at 9 PM,end_of_speech,3.4,1.2,4.5,3.4,bcresnet6_ownernoise,set_alarm_9pm,set_alarm_9pm,0.9627,correct
20261001-131935,"living room, with background talk show, talker #1",set_alarm_9pm/set_alarm_9pm_20261001-132615-509.wav,set_alarm_9pm,Set an alarm at 9 PM,end_of_speech,3.4,1.2,6.0,3.4,bcresnet6,set_alarm_9pm,set_alarm_9pm,0.9456,correct
20261001-131935,"living room, with background talk show, talker #1",set_alarm_9pm/set_alarm_9pm_20261001-132615-509.wav,set_alarm_9pm,Set an alarm at 9 PM,end_of_speech,3.4,1.2,6.0,3.4,bcresnet6_ownernoise,set_alarm_9pm,set_alarm_9pm,0.9619,correct
20261001-131935,"living room, with background talk show, talker #1",dim_lights_20/dim_lights_20_20261001-132625-040.wav,dim_lights_20,Dim lights to 20%,max_length,7.6,1.6,2.5,4.1,bcresnet6,dim_lights_20,dim_lights_20,0.9701,correct
20261001-131935,"living room, with background talk show, talker #1",dim_lights_20/dim_lights_20_20261001-132625-040.wav,dim_lights_20,Dim lights to 20%,max_length,7.6,1.6,2.5,4.1,bcresnet6_ownernoise,dim_lights_20,dim_lights_20,0.966,correct
20261001-131935,"living room, with background talk show, talker #1",dim_lights_20/dim_lights_20_20261001-132625-040.wav,dim_lights_20,Dim lights to 20%,max_length,7.6,1.6,3.0,4.6,bcresnet6,dim_lights_20,dim_lights_20,0.9067,correct
20261001-131935,"living room, with background talk show, talker #1",dim_lights_20/dim_lights_20_20261001-132625-040.wav,dim_lights_20,Dim lights to 20%,max_length,7.6,1.6,3.0,4.6,bcresnet6_ownernoise,dim_lights_20,dim_lights_20,0.9427,correct
20261001-131935,"living room, with background talk show, talker #1",dim_lights_20/dim_lights_20_20261001-132625-040.wav,dim_lights_20,Dim lights to 20%,max_length,7.6,1.6,3.5,5.1,bcresnet6,dim_lights_20,dim_lights_20,0.9199,correct
20261001-131935,"living room, with background talk show, talker #1",dim_lights_20/dim_lights_20_20261001-132625-040.wav,dim_lights_20,Dim lights to 20%,max_length,7.6,1.6,3.5,5.1,bcresnet6_ownernoise,dim_lights_20,dim_lights_20,0.9337,correct
20261001-131935,"living room, with background talk show, talker #1",dim_lights_20/dim_lights_20_20261001-132625-040.wav,dim_lights_20,Dim lights to 20%,max_length,7.6,1.6,4.0,5.6,bcresnet6,dim_lights_20,dim_lights_20,0.9199,correct
20261001-131935,"living room, with background talk show, talker #1",dim_lights_20/dim_lights_20_20261001-132625-040.wav,dim_lights_20,Dim lights to 20%,max_length,7.6,1.6,4.0,5.6,bcresnet6_ownernoise,dim_lights_20,dim_lights_20,0.9337,correct
20261001-131935,"living room, with background talk show, talker #1",dim_lights_20/dim_lights_20_20261001-132625-040.wav,dim_lights_20,Dim lights to 20%,max_length,7.6,1.6,4.5,6.1,bcresnet6,dim_lights_20,dim_lights_20,0.9199,correct
20261001-131935,"living room, with background talk show, talker #1",dim_lights_20/dim_lights_20_20261001-132625-040.wav,dim_lights_20,Dim lights to 20%,max_length,7.6,1.6,4.5,6.1,bcresnet6_ownernoise,dim_lights_20,dim_lights_20,0.9337,correct
20261001-131935,"living room, with background talk show, talker #1",dim_lights_20/dim_lights_20_20261001-132625-040.wav,dim_lights_20,Dim lights to 20%,max_length,7.6,1.6,6.0,7.6,bcresnet6,dim_lights_20,dim_lights_20,0.9199,correct
20261001-131935,"living room, with background talk show, talker #1",dim_lights_20/dim_lights_20_20261001-132625-040.wav,dim_lights_20,Dim lights to 20%,max_length,7.6,1.6,6.0,7.6,bcresnet6_ownernoise,dim_lights_20,dim_lights_20,0.9337,correct
20261001-131935,"living room, with background talk show, talker #1",play_music/play_music_20261001-132646-338.wav,play_music,Play music,max_length,7.4,1.4,2.5,3.9,bcresnet6,play_music,play_music,0.9706,correct
20261001-131935,"living room, with background talk show, talker #1",play_music/play_music_20261001-132646-338.wav,play_music,Play music,max_length,7.4,1.4,2.5,3.9,bcresnet6_ownernoise,play_music,play_music,0.9872,correct
20261001-131935,"living room, with background talk show, talker #1",play_music/play_music_20261001-132646-338.wav,play_music,Play music,max_length,7.4,1.4,3.0,4.4,bcresnet6,play_music,play_music,0.9472,correct
20261001-131935,"living room, with background talk show, talker #1",play_music/play_music_20261001-132646-338.wav,play_music,Play music,max_length,7.4,1.4,3.0,4.4,bcresnet6_ownernoise,play_music,play_music,0.9778,correct
20261001-131935,"living room, with background talk show, talker #1",play_music/play_music_20261001-132646-338.wav,play_music,Play music,max_length,7.4,1.4,3.5,4.9,bcresnet6,play_music,play_music,0.9423,correct
20261001-131935,"living room, with background talk show, talker #1",play_music/play_music_20261001-132646-338.wav,play_music,Play music,max_length,7.4,1.4,3.5,4.9,bcresnet6_ownernoise,play_music,play_music,0.9808,correct
20261001-131935,"living room, with background talk show, talker #1",play_music/play_music_20261001-132646-338.wav,play_music,Play music,max_length,7.4,1.4,4.0,5.4,bcresnet6,play_music,play_music,0.9431,correct
20261001-131935,"living room, with background talk show, talker #1",play_music/play_music_20261001-132646-338.wav,play_music,Play music,max_length,7.4,1.4,4.0,5.4,bcresnet6_ownernoise,play_music,play_music,0.9806,correct
20261001-131935,"living room, with background talk show, talker #1",play_music/play_music_20261001-132646-338.wav,play_music,Play music,max_length,7.4,1.4,4.5,5.9,bcresnet6,play_music,play_music,0.9431,correct
20261001-131935,"living room, with background talk show, talker #1",play_music/play_music_20261001-132646-338.wav,play_music,Play music,max_length,7.4,1.4,4.5,5.9,bcresnet6_ownernoise,play_music,play_music,0.9806,correct
20261001-131935,"living room, with background talk show, talker #1",play_music/play_music_20261001-132646-338.wav,play_music,Play music,max_length,7.4,1.4,6.0,7.4,bcresnet6,play_music,play_music,0.9431,correct
20261001-131935,"living room, with background talk show, talker #1",play_music/play_music_20261001-132646-338.wav,play_music,Play music,max_length,7.4,1.4,6.0,7.4,bcresnet6_ownernoise,play_music,play_music,0.9806,correct
20261001-131935,"living room, with background talk show, talker #1",lights_on/lights_on_20261001-132657-494.wav,lights_on,Turn on lights,max_length,7.5,1.5,2.5,4.0,bcresnet6,lights_on,lights_on,0.9804,correct
20261001-131935,"living room, with background talk show, talker #1",lights_on/lights_on_20261001-132657-494.wav,lights_on,Turn on lights,max_length,7.5,1.5,2.5,4.0,bcresnet6_ownernoise,lights_on,lights_on,0.9489,correct
20261001-131935,"living room, with background talk show, talker #1",lights_on/lights_on_20261001-132657-494.wav,lights_on,Turn on lights,max_length,7.5,1.5,3.0,4.5,bcresnet6,lights_on,lights_on,0.977,correct
20261001-131935,"living room, with background talk show, talker #1",lights_on/lights_on_20261001-132657-494.wav,lights_on,Turn on lights,max_length,7.5,1.5,3.0,4.5,bcresnet6_ownernoise,lights_on,lights_on,0.9142,correct
20261001-131935,"living room, with background talk show, talker #1",lights_on/lights_on_20261001-132657-494.wav,lights_on,Turn on lights,max_length,7.5,1.5,3.5,5.0,bcresnet6,lights_on,lights_on,0.9802,correct
20261001-131935,"living room, with background talk show, talker #1",lights_on/lights_on_20261001-132657-494.wav,lights_on,Turn on lights,max_length,7.5,1.5,3.5,5.0,bcresnet6_ownernoise,lights_on,lights_on,0.9521,correct
20261001-131935,"living room, with background talk show, talker #1",lights_on/lights_on_20261001-132657-494.wav,lights_on,Turn on lights,max_length,7.5,1.5,4.0,5.5,bcresnet6,lights_on,lights_on,0.9802,correct
20261001-131935,"living room, with background talk show, talker #1",lights_on/lights_on_20261001-132657-494.wav,lights_on,Turn on lights,max_length,7.5,1.5,4.0,5.5,bcresnet6_ownernoise,lights_on,lights_on,0.9521,correct
20261001-131935,"living room, with background talk show, talker #1",lights_on/lights_on_20261001-132657-494.wav,lights_on,Turn on lights,max_length,7.5,1.5,4.5,6.0,bcresnet6,lights_on,lights_on,0.9802,correct
20261001-131935,"living room, with background talk show, talker #1",lights_on/lights_on_20261001-132657-494.wav,lights_on,Turn on lights,max_length,7.5,1.5,4.5,6.0,bcresnet6_ownernoise,lights_on,lights_on,0.9521,correct
20261001-131935,"living room, with background talk show, talker #1",lights_on/lights_on_20261001-132657-494.wav,lights_on,Turn on lights,max_length,7.5,1.5,6.0,7.5,bcresnet6,lights_on,lights_on,0.9802,correct
20261001-131935,"living room, with background talk show, talker #1",lights_on/lights_on_20261001-132657-494.wav,lights_on,Turn on lights,max_length,7.5,1.5,6.0,7.5,bcresnet6_ownernoise,lights_on,lights_on,0.9521,correct
20261001-131935,"living room, with background talk show, talker #1",remind_study/remind_study_20261001-132703-071.wav,remind_study,Remind me to study for my exam,end_of_speech,3.9,1.2,2.5,3.7,bcresnet6,remind_study,remind_study,0.9943,correct
20261001-131935,"living room, with background talk show, talker #1",remind_study/remind_study_20261001-132703-071.wav,remind_study,Remind me to study for my exam,end_of_speech,3.9,1.2,2.5,3.7,bcresnet6_ownernoise,remind_study,remind_study,0.9946,correct
20261001-131935,"living room, with background talk show, talker #1",remind_study/remind_study_20261001-132703-071.wav,remind_study,Remind me to study for my exam,end_of_speech,3.9,1.2,3.0,3.9,bcresnet6,remind_study,remind_study,0.9951,correct
20261001-131935,"living room, with background talk show, talker #1",remind_study/remind_study_20261001-132703-071.wav,remind_study,Remind me to study for my exam,end_of_speech,3.9,1.2,3.0,3.9,bcresnet6_ownernoise,remind_study,remind_study,0.9952,correct
20261001-131935,"living room, with background talk show, talker #1",remind_study/remind_study_20261001-132703-071.wav,remind_study,Remind me to study for my exam,end_of_speech,3.9,1.2,3.5,3.9,bcresnet6,remind_study,remind_study,0.995,correct
20261001-131935,"living room, with background talk show, talker #1",remind_study/remind_study_20261001-132703-071.wav,remind_study,Remind me to study for my exam,end_of_speech,3.9,1.2,3.5,3.9,bcresnet6_ownernoise,remind_study,remind_study,0.9952,correct
20261001-131935,"living room, with background talk show, talker #1",remind_study/remind_study_20261001-132703-071.wav,remind_study,Remind me to study for my exam,end_of_speech,3.9,1.2,4.0,3.9,bcresnet6,remind_study,remind_study,0.9949,correct
20261001-131935,"living room, with background talk show, talker #1",remind_study/remind_study_20261001-132703-071.wav,remind_study,Remind me to study for my exam,end_of_speech,3.9,1.2,4.0,3.9,bcresnet6_ownernoise,remind_study,remind_study,0.9952,correct
20261001-131935,"living room, with background talk show, talker #1",remind_study/remind_study_20261001-132703-071.wav,remind_study,Remind me to study for my exam,end_of_speech,3.9,1.2,4.5,3.9,bcresnet6,remind_study,remind_study,0.995,correct
20261001-131935,"living room, with background talk show, talker #1",remind_study/remind_study_20261001-132703-071.wav,remind_study,Remind me to study for my exam,end_of_speech,3.9,1.2,4.5,3.9,bcresnet6_ownernoise,remind_study,remind_study,0.9952,correct
20261001-131935,"living room, with background talk show, talker #1",remind_study/remind_study_20261001-132703-071.wav,remind_study,Remind me to study for my exam,end_of_speech,3.9,1.2,6.0,3.9,bcresnet6,remind_study,remind_study,0.995,correct
20261001-131935,"living room, with background talk show, talker #1",remind_study/remind_study_20261001-132703-071.wav,remind_study,Remind me to study for my exam,end_of_speech,3.9,1.2,6.0,3.9,bcresnet6_ownernoise,remind_study,remind_study,0.9952,correct
20261001-132809,"living room, quiet with aircon, other phrasings",stop/stop_20261001-132814-874.wav,stop,Stop playing,end_of_speech,2.9,1.18,2.5,2.9,bcresnet6,stop,stop,0.9354,correct
20261001-132809,"living room, quiet with aircon, other phrasings",stop/stop_20261001-132814-874.wav,stop,Stop playing,end_of_speech,2.9,1.18,2.5,2.9,bcresnet6_ownernoise,stop,stop,0.9066,correct
20261001-132809,"living room, quiet with aircon, other phrasings",stop/stop_20261001-132814-874.wav,stop,Stop playing,end_of_speech,2.9,1.18,3.0,2.9,bcresnet6,stop,stop,0.9349,correct
20261001-132809,"living room, quiet with aircon, other phrasings",stop/stop_20261001-132814-874.wav,stop,Stop playing,end_of_speech,2.9,1.18,3.0,2.9,bcresnet6_ownernoise,stop,stop,0.9067,correct
20261001-132809,"living room, quiet with aircon, other phrasings",stop/stop_20261001-132814-874.wav,stop,Stop playing,end_of_speech,2.9,1.18,3.5,2.9,bcresnet6,stop,stop,0.9342,correct
20261001-132809,"living room, quiet with aircon, other phrasings",stop/stop_20261001-132814-874.wav,stop,Stop playing,end_of_speech,2.9,1.18,3.5,2.9,bcresnet6_ownernoise,stop,stop,0.9072,correct
20261001-132809,"living room, quiet with aircon, other phrasings",stop/stop_20261001-132814-874.wav,stop,Stop playing,end_of_speech,2.9,1.18,4.0,2.9,bcresnet6,stop,stop,0.9343,correct
20261001-132809,"living room, quiet with aircon, other phrasings",stop/stop_20261001-132814-874.wav,stop,Stop playing,end_of_speech,2.9,1.18,4.0,2.9,bcresnet6_ownernoise,stop,stop,0.9076,correct
20261001-132809,"living room, quiet with aircon, other phrasings",stop/stop_20261001-132814-874.wav,stop,Stop playing,end_of_speech,2.9,1.18,4.5,2.9,bcresnet6,stop,stop,0.9344,correct
20261001-132809,"living room, quiet with aircon, other phrasings",stop/stop_20261001-132814-874.wav,stop,Stop playing,end_of_speech,2.9,1.18,4.5,2.9,bcresnet6_ownernoise,stop,stop,0.9074,correct
20261001-132809,"living room, quiet with aircon, other phrasings",stop/stop_20261001-132814-874.wav,stop,Stop playing,end_of_speech,2.9,1.18,6.0,2.9,bcresnet6,stop,stop,0.9343,correct
20261001-132809,"living room, quiet with aircon, other phrasings",stop/stop_20261001-132814-874.wav,stop,Stop playing,end_of_speech,2.9,1.18,6.0,2.9,bcresnet6_ownernoise,stop,stop,0.9079,correct
20261001-132809,"living room, quiet with aircon, other phrasings",play_music/play_music_20261001-132819-931.wav,play_music,Start the music,end_of_speech,2.9,1.06,2.5,2.9,bcresnet6,play_music,play_music,0.9676,correct
20261001-132809,"living room, quiet with aircon, other phrasings",play_music/play_music_20261001-132819-931.wav,play_music,Start the music,end_of_speech,2.9,1.06,2.5,2.9,bcresnet6_ownernoise,play_music,play_music,0.9675,correct
20261001-132809,"living room, quiet with aircon, other phrasings",play_music/play_music_20261001-132819-931.wav,play_music,Start the music,end_of_speech,2.9,1.06,3.0,2.9,bcresnet6,play_music,play_music,0.9671,correct
20261001-132809,"living room, quiet with aircon, other phrasings",play_music/play_music_20261001-132819-931.wav,play_music,Start the music,end_of_speech,2.9,1.06,3.0,2.9,bcresnet6_ownernoise,play_music,play_music,0.9676,correct
20261001-132809,"living room, quiet with aircon, other phrasings",play_music/play_music_20261001-132819-931.wav,play_music,Start the music,end_of_speech,2.9,1.06,3.5,2.9,bcresnet6,play_music,play_music,0.9674,correct
20261001-132809,"living room, quiet with aircon, other phrasings",play_music/play_music_20261001-132819-931.wav,play_music,Start the music,end_of_speech,2.9,1.06,3.5,2.9,bcresnet6_ownernoise,play_music,play_music,0.968,correct
20261001-132809,"living room, quiet with aircon, other phrasings",play_music/play_music_20261001-132819-931.wav,play_music,Start the music,end_of_speech,2.9,1.06,4.0,2.9,bcresnet6,play_music,play_music,0.9676,correct
20261001-132809,"living room, quiet with aircon, other phrasings",play_music/play_music_20261001-132819-931.wav,play_music,Start the music,end_of_speech,2.9,1.06,4.0,2.9,bcresnet6_ownernoise,play_music,play_music,0.9675,correct
20261001-132809,"living room, quiet with aircon, other phrasings",play_music/play_music_20261001-132819-931.wav,play_music,Start the music,end_of_speech,2.9,1.06,4.5,2.9,bcresnet6,play_music,play_music,0.9677,correct
20261001-132809,"living room, quiet with aircon, other phrasings",play_music/play_music_20261001-132819-931.wav,play_music,Start the music,end_of_speech,2.9,1.06,4.5,2.9,bcresnet6_ownernoise,play_music,play_music,0.9677,correct
20261001-132809,"living room, quiet with aircon, other phrasings",play_music/play_music_20261001-132819-931.wav,play_music,Start the music,end_of_speech,2.9,1.06,6.0,2.9,bcresnet6,play_music,play_music,0.9679,correct
20261001-132809,"living room, quiet with aircon, other phrasings",play_music/play_music_20261001-132819-931.wav,play_music,Start the music,end_of_speech,2.9,1.06,6.0,2.9,bcresnet6_ownernoise,play_music,play_music,0.9676,correct
20261001-132809,"living room, quiet with aircon, other phrasings",louder/louder_20261001-132824-811.wav,volume_up,A bit louder,end_of_speech,2.9,1.06,2.5,2.9,bcresnet6,volume_up,volume_up,0.9836,correct
20261001-132809,"living room, quiet with aircon, other phrasings",louder/louder_20261001-132824-811.wav,volume_up,A bit louder,end_of_speech,2.9,1.06,2.5,2.9,bcresnet6_ownernoise,volume_up,volume_up,0.9818,correct
20261001-132809,"living room, quiet with aircon, other phrasings",louder/louder_20261001-132824-811.wav,volume_up,A bit louder,end_of_speech,2.9,1.06,3.0,2.9,bcresnet6,volume_up,volume_up,0.9842,correct
20261001-132809,"living room, quiet with aircon, other phrasings",louder/louder_20261001-132824-811.wav,volume_up,A bit louder,end_of_speech,2.9,1.06,3.0,2.9,bcresnet6_ownernoise,volume_up,volume_up,0.9817,correct
20261001-132809,"living room, quiet with aircon, other phrasings",louder/louder_20261001-132824-811.wav,volume_up,A bit louder,end_of_speech,2.9,1.06,3.5,2.9,bcresnet6,volume_up,volume_up,0.984,correct
20261001-132809,"living room, quiet with aircon, other phrasings",louder/louder_20261001-132824-811.wav,volume_up,A bit louder,end_of_speech,2.9,1.06,3.5,2.9,bcresnet6_ownernoise,volume_up,volume_up,0.9814,correct
20261001-132809,"living room, quiet with aircon, other phrasings",louder/louder_20261001-132824-811.wav,volume_up,A bit louder,end_of_speech,2.9,1.06,4.0,2.9,bcresnet6,volume_up,volume_up,0.9844,correct
20261001-132809,"living room, quiet with aircon, other phrasings",louder/louder_20261001-132824-811.wav,volume_up,A bit louder,end_of_speech,2.9,1.06,4.0,2.9,bcresnet6_ownernoise,volume_up,volume_up,0.9817,correct
20261001-132809,"living room, quiet with aircon, other phrasings",louder/louder_20261001-132824-811.wav,volume_up,A bit louder,end_of_speech,2.9,1.06,4.5,2.9,bcresnet6,volume_up,volume_up,0.9843,correct
20261001-132809,"living room, quiet with aircon, other phrasings",louder/louder_20261001-132824-811.wav,volume_up,A bit louder,end_of_speech,2.9,1.06,4.5,2.9,bcresnet6_ownernoise,volume_up,volume_up,0.9816,correct
20261001-132809,"living room, quiet with aircon, other phrasings",louder/louder_20261001-132824-811.wav,volume_up,A bit louder,end_of_speech,2.9,1.06,6.0,2.9,bcresnet6,volume_up,volume_up,0.9839,correct
20261001-132809,"living room, quiet with aircon, other phrasings",louder/louder_20261001-132824-811.wav,volume_up,A bit louder,end_of_speech,2.9,1.06,6.0,2.9,bcresnet6_ownernoise,volume_up,volume_up,0.9815,correct
20261001-132809,"living room, quiet with aircon, other phrasings",stop/stop_20261001-132830-898.wav,stop,Stop the music,end_of_speech,2.9,0.54,2.5,2.9,bcresnet6,stop,stop,0.9575,correct
20261001-132809,"living room, quiet with aircon, other phrasings",stop/stop_20261001-132830-898.wav,stop,Stop the music,end_of_speech,2.9,0.54,2.5,2.9,bcresnet6_ownernoise,stop,stop,0.9015,correct
20261001-132809,"living room, quiet with aircon, other phrasings",stop/stop_20261001-132830-898.wav,stop,Stop the music,end_of_speech,2.9,0.54,3.0,2.9,bcresnet6,stop,stop,0.9571,correct
20261001-132809,"living room, quiet with aircon, other phrasings",stop/stop_20261001-132830-898.wav,stop,Stop the music,end_of_speech,2.9,0.54,3.0,2.9,bcresnet6_ownernoise,stop,stop,0.901,correct
20261001-132809,"living room, quiet with aircon, other phrasings",stop/stop_20261001-132830-898.wav,stop,Stop the music,end_of_speech,2.9,0.54,3.5,2.9,bcresnet6,stop,stop,0.9563,correct
20261001-132809,"living room, quiet with aircon, other phrasings",stop/stop_20261001-132830-898.wav,stop,Stop the music,end_of_speech,2.9,0.54,3.5,2.9,bcresnet6_ownernoise,stop,stop,0.9016,correct
20261001-132809,"living room, quiet with aircon, other phrasings",stop/stop_20261001-132830-898.wav,stop,Stop the music,end_of_speech,2.9,0.54,4.0,2.9,bcresnet6,stop,stop,0.9571,correct
20261001-132809,"living room, quiet with aircon, other phrasings",stop/stop_20261001-132830-898.wav,stop,Stop the music,end_of_speech,2.9,0.54,4.0,2.9,bcresnet6_ownernoise,stop,stop,0.9011,correct
20261001-132809,"living room, quiet with aircon, other phrasings",stop/stop_20261001-132830-898.wav,stop,Stop the music,end_of_speech,2.9,0.54,4.5,2.9,bcresnet6,stop,stop,0.9563,correct
20261001-132809,"living room, quiet with aircon, other phrasings",stop/stop_20261001-132830-898.wav,stop,Stop the music,end_of_speech,2.9,0.54,4.5,2.9,bcresnet6_ownernoise,stop,stop,0.9009,correct
20261001-132809,"living room, quiet with aircon, other phrasings",stop/stop_20261001-132830-898.wav,stop,Stop the music,end_of_speech,2.9,0.54,6.0,2.9,bcresnet6,stop,stop,0.9572,correct
20261001-132809,"living room, quiet with aircon, other phrasings",stop/stop_20261001-132830-898.wav,stop,Stop the music,end_of_speech,2.9,0.54,6.0,2.9,bcresnet6_ownernoise,stop,stop,0.9015,correct
20261001-132809,"living room, quiet with aircon, other phrasings",skip/skip_20261001-132836-069.wav,next,Skip the song,end_of_speech,2.7,1.22,2.5,2.7,bcresnet6,next,next,0.9858,correct
20261001-132809,"living room, quiet with aircon, other phrasings",skip/skip_20261001-132836-069.wav,next,Skip the song,end_of_speech,2.7,1.22,2.5,2.7,bcresnet6_ownernoise,next,next,0.9918,correct
20261001-132809,"living room, quiet with aircon, other phrasings",skip/skip_20261001-132836-069.wav,next,Skip the song,end_of_speech,2.7,1.22,3.0,2.7,bcresnet6,next,next,0.986,correct
20261001-132809,"living room, quiet with aircon, other phrasings",skip/skip_20261001-132836-069.wav,next,Skip the song,end_of_speech,2.7,1.22,3.0,2.7,bcresnet6_ownernoise,next,next,0.9917,correct
20261001-132809,"living room, quiet with aircon, other phrasings",skip/skip_20261001-132836-069.wav,next,Skip the song,end_of_speech,2.7,1.22,3.5,2.7,bcresnet6,next,next,0.9861,correct
20261001-132809,"living room, quiet with aircon, other phrasings",skip/skip_20261001-132836-069.wav,next,Skip the song,end_of_speech,2.7,1.22,3.5,2.7,bcresnet6_ownernoise,next,next,0.9918,correct
20261001-132809,"living room, quiet with aircon, other phrasings",skip/skip_20261001-132836-069.wav,next,Skip the song,end_of_speech,2.7,1.22,4.0,2.7,bcresnet6,next,next,0.9859,correct
20261001-132809,"living room, quiet with aircon, other phrasings",skip/skip_20261001-132836-069.wav,next,Skip the song,end_of_speech,2.7,1.22,4.0,2.7,bcresnet6_ownernoise,next,next,0.9917,correct
20261001-132809,"living room, quiet with aircon, other phrasings",skip/skip_20261001-132836-069.wav,next,Skip the song,end_of_speech,2.7,1.22,4.5,2.7,bcresnet6,next,next,0.9861,correct
20261001-132809,"living room, quiet with aircon, other phrasings",skip/skip_20261001-132836-069.wav,next,Skip the song,end_of_speech,2.7,1.22,4.5,2.7,bcresnet6_ownernoise,next,next,0.9919,correct
20261001-132809,"living room, quiet with aircon, other phrasings",skip/skip_20261001-132836-069.wav,next,Skip the song,end_of_speech,2.7,1.22,6.0,2.7,bcresnet6,next,next,0.986,correct
20261001-132809,"living room, quiet with aircon, other phrasings",skip/skip_20261001-132836-069.wav,next,Skip the song,end_of_speech,2.7,1.22,6.0,2.7,bcresnet6_ownernoise,next,next,0.9918,correct
20261001-132809,"living room, quiet with aircon, other phrasings",list_reminders/list_reminders_20261001-132841-126.wav,list_reminders,What are my reminders?,end_of_speech,3.1,0.96,2.5,3.1,bcresnet6,list_reminders,list_reminders,0.9908,correct
20261001-132809,"living room, quiet with aircon, other phrasings",list_reminders/list_reminders_20261001-132841-126.wav,list_reminders,What are my reminders?,end_of_speech,3.1,0.96,2.5,3.1,bcresnet6_ownernoise,list_reminders,list_reminders,0.974,correct
20261001-132809,"living room, quiet with aircon, other phrasings",list_reminders/list_reminders_20261001-132841-126.wav,list_reminders,What are my reminders?,end_of_speech,3.1,0.96,3.0,3.1,bcresnet6,list_reminders,list_reminders,0.9908,correct
20261001-132809,"living room, quiet with aircon, other phrasings",list_reminders/list_reminders_20261001-132841-126.wav,list_reminders,What are my reminders?,end_of_speech,3.1,0.96,3.0,3.1,bcresnet6_ownernoise,list_reminders,list_reminders,0.9743,correct
20261001-132809,"living room, quiet with aircon, other phrasings",list_reminders/list_reminders_20261001-132841-126.wav,list_reminders,What are my reminders?,end_of_speech,3.1,0.96,3.5,3.1,bcresnet6,list_reminders,list_reminders,0.9908,correct
20261001-132809,"living room, quiet with aircon, other phrasings",list_reminders/list_reminders_20261001-132841-126.wav,list_reminders,What are my reminders?,end_of_speech,3.1,0.96,3.5,3.1,bcresnet6_ownernoise,list_reminders,list_reminders,0.9741,correct
20261001-132809,"living room, quiet with aircon, other phrasings",list_reminders/list_reminders_20261001-132841-126.wav,list_reminders,What are my reminders?,end_of_speech,3.1,0.96,4.0,3.1,bcresnet6,list_reminders,list_reminders,0.9906,correct
20261001-132809,"living room, quiet with aircon, other phrasings",list_reminders/list_reminders_20261001-132841-126.wav,list_reminders,What are my reminders?,end_of_speech,3.1,0.96,4.0,3.1,bcresnet6_ownernoise,list_reminders,list_reminders,0.9742,correct
20261001-132809,"living room, quiet with aircon, other phrasings",list_reminders/list_reminders_20261001-132841-126.wav,list_reminders,What are my reminders?,end_of_speech,3.1,0.96,4.5,3.1,bcresnet6,list_reminders,list_reminders,0.9908,correct
20261001-132809,"living room, quiet with aircon, other phrasings",list_reminders/list_reminders_20261001-132841-126.wav,list_reminders,What are my reminders?,end_of_speech,3.1,0.96,4.5,3.1,bcresnet6_ownernoise,list_reminders,list_reminders,0.9741,correct
20261001-132809,"living room, quiet with aircon, other phrasings",list_reminders/list_reminders_20261001-132841-126.wav,list_reminders,What are my reminders?,end_of_speech,3.1,0.96,6.0,3.1,bcresnet6,list_reminders,list_reminders,0.9907,correct
20261001-132809,"living room, quiet with aircon, other phrasings",list_reminders/list_reminders_20261001-132841-126.wav,list_reminders,What are my reminders?,end_of_speech,3.1,0.96,6.0,3.1,bcresnet6_ownernoise,list_reminders,list_reminders,0.974,correct
20261001-132809,"living room, quiet with aircon, other phrasings",set_timer_10/set_timer_10_20261001-132846-412.wav,set_timer_10,Timer for ten minutes,end_of_speech,3.3,1.22,2.5,3.3,bcresnet6,set_timer_10,set_timer_10,0.7957,correct
20261001-132809,"living room, quiet with aircon, other phrasings",set_timer_10/set_timer_10_20261001-132846-412.wav,set_timer_10,Timer for ten minutes,end_of_speech,3.3,1.22,2.5,3.3,bcresnet6_ownernoise,set_timer_10,set_timer_10,0.8713,correct
20261001-132809,"living room, quiet with aircon, other phrasings",set_timer_10/set_timer_10_20261001-132846-412.wav,set_timer_10,Timer for ten minutes,end_of_speech,3.3,1.22,3.0,3.3,bcresnet6,set_timer_10,set_timer_10,0.7987,correct
20261001-132809,"living room, quiet with aircon, other phrasings",set_timer_10/set_timer_10_20261001-132846-412.wav,set_timer_10,Timer for ten minutes,end_of_speech,3.3,1.22,3.0,3.3,bcresnet6_ownernoise,set_timer_10,set_timer_10,0.8714,correct
20261001-132809,"living room, quiet with aircon, other phrasings",set_timer_10/set_timer_10_20261001-132846-412.wav,set_timer_10,Timer for ten minutes,end_of_speech,3.3,1.22,3.5,3.3,bcresnet6,set_timer_10,set_timer_10,0.803,correct
20261001-132809,"living room, quiet with aircon, other phrasings",set_timer_10/set_timer_10_20261001-132846-412.wav,set_timer_10,Timer for ten minutes,end_of_speech,3.3,1.22,3.5,3.3,bcresnet6_ownernoise,set_timer_10,set_timer_10,0.8719,correct
20261001-132809,"living room, quiet with aircon, other phrasings",set_timer_10/set_timer_10_20261001-132846-412.wav,set_timer_10,Timer for ten minutes,end_of_speech,3.3,1.22,4.0,3.3,bcresnet6,set_timer_10,set_timer_10,0.8076,correct
20261001-132809,"living room, quiet with aircon, other phrasings",set_timer_10/set_timer_10_20261001-132846-412.wav,set_timer_10,Timer for ten minutes,end_of_speech,3.3,1.22,4.0,3.3,bcresnet6_ownernoise,set_timer_10,set_timer_10,0.8696,correct
20261001-132809,"living room, quiet with aircon, other phrasings",set_timer_10/set_timer_10_20261001-132846-412.wav,set_timer_10,Timer for ten minutes,end_of_speech,3.3,1.22,4.5,3.3,bcresnet6,set_timer_10,set_timer_10,0.7987,correct
20261001-132809,"living room, quiet with aircon, other phrasings",set_timer_10/set_timer_10_20261001-132846-412.wav,set_timer_10,Timer for ten minutes,end_of_speech,3.3,1.22,4.5,3.3,bcresnet6_ownernoise,set_timer_10,set_timer_10,0.8709,correct
20261001-132809,"living room, quiet with aircon, other phrasings",set_timer_10/set_timer_10_20261001-132846-412.wav,set_timer_10,Timer for ten minutes,end_of_speech,3.3,1.22,6.0,3.3,bcresnet6,set_timer_10,set_timer_10,0.8017,correct
20261001-132809,"living room, quiet with aircon, other phrasings",set_timer_10/set_timer_10_20261001-132846-412.wav,set_timer_10,Timer for ten minutes,end_of_speech,3.3,1.22,6.0,3.3,bcresnet6_ownernoise,set_timer_10,set_timer_10,0.8718,correct
20261001-132809,"living room, quiet with aircon, other phrasings",set_alarm_7am/set_alarm_7am_20261001-132852-498.wav,set_alarm_7am,Set an alarm for seven A M,end_of_speech,3.9,1.24,2.5,3.74,bcresnet6,set_alarm_7am,set_alarm_7am,0.8875,correct
20261001-132809,"living room, quiet with aircon, other phrasings",set_alarm_7am/set_alarm_7am_20261001-132852-498.wav,set_alarm_7am,Set an alarm for seven A M,end_of_speech,3.9,1.24,2.5,3.74,bcresnet6_ownernoise,set_alarm_7am,set_alarm_7am,0.9218,correct
20261001-132809,"living room, quiet with aircon, other phrasings",set_alarm_7am/set_alarm_7am_20261001-132852-498.wav,set_alarm_7am,Set an alarm for seven A M,end_of_speech,3.9,1.24,3.0,3.9,bcresnet6,set_alarm_7am,set_alarm_7am,0.8927,correct
20261001-132809,"living room, quiet with aircon, other phrasings",set_alarm_7am/set_alarm_7am_20261001-132852-498.wav,set_alarm_7am,Set an alarm for seven A M,end_of_speech,3.9,1.24,3.0,3.9,bcresnet6_ownernoise,set_alarm_7am,set_alarm_7am,0.9266,correct
20261001-132809,"living room, quiet with aircon, other phrasings",set_alarm_7am/set_alarm_7am_20261001-132852-498.wav,set_alarm_7am,Set an alarm for seven A M,end_of_speech,3.9,1.24,3.5,3.9,bcresnet6,set_alarm_7am,set_alarm_7am,0.8931,correct
20261001-132809,"living room, quiet with aircon, other phrasings",set_alarm_7am/set_alarm_7am_20261001-132852-498.wav,set_alarm_7am,Set an alarm for seven A M,end_of_speech,3.9,1.24,3.5,3.9,bcresnet6_ownernoise,set_alarm_7am,set_alarm_7am,0.9261,correct
20261001-132809,"living room, quiet with aircon, other phrasings",set_alarm_7am/set_alarm_7am_20261001-132852-498.wav,set_alarm_7am,Set an alarm for seven A M,end_of_speech,3.9,1.24,4.0,3.9,bcresnet6,set_alarm_7am,set_alarm_7am,0.8914,correct
20261001-132809,"living room, quiet with aircon, other phrasings",set_alarm_7am/set_alarm_7am_20261001-132852-498.wav,set_alarm_7am,Set an alarm for seven A M,end_of_speech,3.9,1.24,4.0,3.9,bcresnet6_ownernoise,set_alarm_7am,set_alarm_7am,0.9267,correct
20261001-132809,"living room, quiet with aircon, other phrasings",set_alarm_7am/set_alarm_7am_20261001-132852-498.wav,set_alarm_7am,Set an alarm for seven A M,end_of_speech,3.9,1.24,4.5,3.9,bcresnet6,set_alarm_7am,set_alarm_7am,0.8922,correct
20261001-132809,"living room, quiet with aircon, other phrasings",set_alarm_7am/set_alarm_7am_20261001-132852-498.wav,set_alarm_7am,Set an alarm for seven A M,end_of_speech,3.9,1.24,4.5,3.9,bcresnet6_ownernoise,set_alarm_7am,set_alarm_7am,0.9262,correct
20261001-132809,"living room, quiet with aircon, other phrasings",set_alarm_7am/set_alarm_7am_20261001-132852-498.wav,set_alarm_7am,Set an alarm for seven A M,end_of_speech,3.9,1.24,6.0,3.9,bcresnet6,set_alarm_7am,set_alarm_7am,0.8932,correct
20261001-132809,"living room, quiet with aircon, other phrasings",set_alarm_7am/set_alarm_7am_20261001-132852-498.wav,set_alarm_7am,Set an alarm for seven A M,end_of_speech,3.9,1.24,6.0,3.9,bcresnet6_ownernoise,set_alarm_7am,set_alarm_7am,0.9268,correct
20261001-132809,"living room, quiet with aircon, other phrasings",set_alarm_9pm/set_alarm_9pm_20261001-132858-990.wav,set_alarm_9pm,Set an alarm for nine in the evening,end_of_speech,4.1,1.18,2.5,3.68,bcresnet6,set_alarm_9pm,set_alarm_9pm,0.8444,correct
20261001-132809,"living room, quiet with aircon, other phrasings",set_alarm_9pm/set_alarm_9pm_20261001-132858-990.wav,set_alarm_9pm,Set an alarm for nine in the evening,end_of_speech,4.1,1.18,2.5,3.68,bcresnet6_ownernoise,set_alarm_9pm,set_alarm_9pm,0.8549,correct
20261001-132809,"living room, quiet with aircon, other phrasings",set_alarm_9pm/set_alarm_9pm_20261001-132858-990.wav,set_alarm_9pm,Set an alarm for nine in the evening,end_of_speech,4.1,1.18,3.0,4.1,bcresnet6,set_alarm_9pm,set_alarm_9pm,0.8445,correct
20261001-132809,"living room, quiet with aircon, other phrasings",set_alarm_9pm/set_alarm_9pm_20261001-132858-990.wav,set_alarm_9pm,Set an alarm for nine in the evening,end_of_speech,4.1,1.18,3.0,4.1,bcresnet6_ownernoise,set_alarm_9pm,set_alarm_9pm,0.8324,correct
20261001-132809,"living room, quiet with aircon, other phrasings",set_alarm_9pm/set_alarm_9pm_20261001-132858-990.wav,set_alarm_9pm,Set an alarm for nine in the evening,end_of_speech,4.1,1.18,3.5,4.1,bcresnet6,set_alarm_9pm,set_alarm_9pm,0.845,correct
20261001-132809,"living room, quiet with aircon, other phrasings",set_alarm_9pm/set_alarm_9pm_20261001-132858-990.wav,set_alarm_9pm,Set an alarm for nine in the evening,end_of_speech,4.1,1.18,3.5,4.1,bcresnet6_ownernoise,set_alarm_9pm,set_alarm_9pm,0.8325,correct
20261001-132809,"living room, quiet with aircon, other phrasings",set_alarm_9pm/set_alarm_9pm_20261001-132858-990.wav,set_alarm_9pm,Set an alarm for nine in the evening,end_of_speech,4.1,1.18,4.0,4.1,bcresnet6,set_alarm_9pm,set_alarm_9pm,0.846,correct
20261001-132809,"living room, quiet with aircon, other phrasings",set_alarm_9pm/set_alarm_9pm_20261001-132858-990.wav,set_alarm_9pm,Set an alarm for nine in the evening,end_of_speech,4.1,1.18,4.0,4.1,bcresnet6_ownernoise,set_alarm_9pm,set_alarm_9pm,0.8315,correct
20261001-132809,"living room, quiet with aircon, other phrasings",set_alarm_9pm/set_alarm_9pm_20261001-132858-990.wav,set_alarm_9pm,Set an alarm for nine in the evening,end_of_speech,4.1,1.18,4.5,4.1,bcresnet6,set_alarm_9pm,set_alarm_9pm,0.8468,correct
20261001-132809,"living room, quiet with aircon, other phrasings",set_alarm_9pm/set_alarm_9pm_20261001-132858-990.wav,set_alarm_9pm,Set an alarm for nine in the evening,end_of_speech,4.1,1.18,4.5,4.1,bcresnet6_ownernoise,set_alarm_9pm,set_alarm_9pm,0.8335,correct
20261001-132809,"living room, quiet with aircon, other phrasings",set_alarm_9pm/set_alarm_9pm_20261001-132858-990.wav,set_alarm_9pm,Set an alarm for nine in the evening,end_of_speech,4.1,1.18,6.0,4.1,bcresnet6,set_alarm_9pm,set_alarm_9pm,0.8457,correct
20261001-132809,"living room, quiet with aircon, other phrasings",set_alarm_9pm/set_alarm_9pm_20261001-132858-990.wav,set_alarm_9pm,Set an alarm for nine in the evening,end_of_speech,4.1,1.18,6.0,4.1,bcresnet6_ownernoise,set_alarm_9pm,set_alarm_9pm,0.831,correct
20261001-132809,"living room, quiet with aircon, other phrasings",set_timer_1/set_timer_1_20261001-132904-770.wav,set_timer_1,Timer for one minute,end_of_speech,3.1,1.02,2.5,3.1,bcresnet6,set_timer_1,set_timer_1,0.5584,correct
20261001-132809,"living room, quiet with aircon, other phrasings",set_timer_1/set_timer_1_20261001-132904-770.wav,set_timer_1,Timer for one minute,end_of_speech,3.1,1.02,2.5,3.1,bcresnet6_ownernoise,unknown,set_timer_1,0.568,asks again
20261001-132809,"living room, quiet with aircon, other phrasings",set_timer_1/set_timer_1_20261001-132904-770.wav,set_timer_1,Timer for one minute,end_of_speech,3.1,1.02,3.0,3.1,bcresnet6,set_timer_1,set_timer_1,0.5593,correct
20261001-132809,"living room, quiet with aircon, other phrasings",set_timer_1/set_timer_1_20261001-132904-770.wav,set_timer_1,Timer for one minute,end_of_speech,3.1,1.02,3.0,3.1,bcresnet6_ownernoise,unknown,set_timer_1,0.5742,asks again
20261001-132809,"living room, quiet with aircon, other phrasings",set_timer_1/set_timer_1_20261001-132904-770.wav,set_timer_1,Timer for one minute,end_of_speech,3.1,1.02,3.5,3.1,bcresnet6,set_timer_1,set_timer_1,0.5615,correct
20261001-132809,"living room, quiet with aircon, other phrasings",set_timer_1/set_timer_1_20261001-132904-770.wav,set_timer_1,Timer for one minute,end_of_speech,3.1,1.02,3.5,3.1,bcresnet6_ownernoise,set_timer_1,set_timer_1,0.5781,correct
20261001-132809,"living room, quiet with aircon, other phrasings",set_timer_1/set_timer_1_20261001-132904-770.wav,set_timer_1,Timer for one minute,end_of_speech,3.1,1.02,4.0,3.1,bcresnet6,set_timer_1,set_timer_1,0.5616,correct
20261001-132809,"living room, quiet with aircon, other phrasings",set_timer_1/set_timer_1_20261001-132904-770.wav,set_timer_1,Timer for one minute,end_of_speech,3.1,1.02,4.0,3.1,bcresnet6_ownernoise,unknown,set_timer_1,0.5729,asks again
20261001-132809,"living room, quiet with aircon, other phrasings",set_timer_1/set_timer_1_20261001-132904-770.wav,set_timer_1,Timer for one minute,end_of_speech,3.1,1.02,4.5,3.1,bcresnet6,set_timer_1,set_timer_1,0.5596,correct
20261001-132809,"living room, quiet with aircon, other phrasings",set_timer_1/set_timer_1_20261001-132904-770.wav,set_timer_1,Timer for one minute,end_of_speech,3.1,1.02,4.5,3.1,bcresnet6_ownernoise,unknown,set_timer_1,0.5702,asks again
20261001-132809,"living room, quiet with aircon, other phrasings",set_timer_1/set_timer_1_20261001-132904-770.wav,set_timer_1,Timer for one minute,end_of_speech,3.1,1.02,6.0,3.1,bcresnet6,set_timer_1,set_timer_1,0.5669,correct
20261001-132809,"living room, quiet with aircon, other phrasings",set_timer_1/set_timer_1_20261001-132904-770.wav,set_timer_1,Timer for one minute,end_of_speech,3.1,1.02,6.0,3.1,bcresnet6_ownernoise,set_timer_1,set_timer_1,0.5779,correct
20261001-132809,"living room, quiet with aircon, other phrasings",set_alarm_6am/set_alarm_6am_20261001-132910-550.wav,set_alarm_6am,Set an alarm at six A M,end_of_speech,3.7,1.14,2.5,3.64,bcresnet6,set_alarm_6am,set_alarm_6am,0.9952,correct
20261001-132809,"living room, quiet with aircon, other phrasings",set_alarm_6am/set_alarm_6am_20261001-132910-550.wav,set_alarm_6am,Set an alarm at six A M,end_of_speech,3.7,1.14,2.5,3.64,bcresnet6_ownernoise,set_alarm_6am,set_alarm_6am,0.9827,correct
20261001-132809,"living room, quiet with aircon, other phrasings",set_alarm_6am/set_alarm_6am_20261001-132910-550.wav,set_alarm_6am,Set an alarm at six A M,end_of_speech,3.7,1.14,3.0,3.7,bcresnet6,set_alarm_6am,set_alarm_6am,0.9953,correct
20261001-132809,"living room, quiet with aircon, other phrasings",set_alarm_6am/set_alarm_6am_20261001-132910-550.wav,set_alarm_6am,Set an alarm at six A M,end_of_speech,3.7,1.14,3.0,3.7,bcresnet6_ownernoise,set_alarm_6am,set_alarm_6am,0.9833,correct
20261001-132809,"living room, quiet with aircon, other phrasings",set_alarm_6am/set_alarm_6am_20261001-132910-550.wav,set_alarm_6am,Set an alarm at six A M,end_of_speech,3.7,1.14,3.5,3.7,bcresnet6,set_alarm_6am,set_alarm_6am,0.9952,correct
20261001-132809,"living room, quiet with aircon, other phrasings",set_alarm_6am/set_alarm_6am_20261001-132910-550.wav,set_alarm_6am,Set an alarm at six A M,end_of_speech,3.7,1.14,3.5,3.7,bcresnet6_ownernoise,set_alarm_6am,set_alarm_6am,0.9833,correct
20261001-132809,"living room, quiet with aircon, other phrasings",set_alarm_6am/set_alarm_6am_20261001-132910-550.wav,set_alarm_6am,Set an alarm at six A M,end_of_speech,3.7,1.14,4.0,3.7,bcresnet6,set_alarm_6am,set_alarm_6am,0.9953,correct
20261001-132809,"living room, quiet with aircon, other phrasings",set_alarm_6am/set_alarm_6am_20261001-132910-550.wav,set_alarm_6am,Set an alarm at six A M,end_of_speech,3.7,1.14,4.0,3.7,bcresnet6_ownernoise,set_alarm_6am,set_alarm_6am,0.9833,correct
20261001-132809,"living room, quiet with aircon, other phrasings",set_alarm_6am/set_alarm_6am_20261001-132910-550.wav,set_alarm_6am,Set an alarm at six A M,end_of_speech,3.7,1.14,4.5,3.7,bcresnet6,set_alarm_6am,set_alarm_6am,0.9952,correct
20261001-132809,"living room, quiet with aircon, other phrasings",set_alarm_6am/set_alarm_6am_20261001-132910-550.wav,set_alarm_6am,Set an alarm at six A M,end_of_speech,3.7,1.14,4.5,3.7,bcresnet6_ownernoise,set_alarm_6am,set_alarm_6am,0.9832,correct
20261001-132809,"living room, quiet with aircon, other phrasings",set_alarm_6am/set_alarm_6am_20261001-132910-550.wav,set_alarm_6am,Set an alarm at six A M,end_of_speech,3.7,1.14,6.0,3.7,bcresnet6,set_alarm_6am,set_alarm_6am,0.9953,correct
20261001-132809,"living room, quiet with aircon, other phrasings",set_alarm_6am/set_alarm_6am_20261001-132910-550.wav,set_alarm_6am,Set an alarm at six A M,end_of_speech,3.7,1.14,6.0,3.7,bcresnet6_ownernoise,set_alarm_6am,set_alarm_6am,0.9831,correct
20261001-132809,"living room, quiet with aircon, other phrasings",volume_down/volume_down_20261001-132915-202.wav,volume_down,Turn it down,end_of_speech,2.8,1.06,2.5,2.8,bcresnet6,volume_down,volume_down,0.8777,correct
20261001-132809,"living room, quiet with aircon, other phrasings",volume_down/volume_down_20261001-132915-202.wav,volume_down,Turn it down,end_of_speech,2.8,1.06,2.5,2.8,bcresnet6_ownernoise,volume_down,volume_down,0.6845,correct
20261001-132809,"living room, quiet with aircon, other phrasings",volume_down/volume_down_20261001-132915-202.wav,volume_down,Turn it down,end_of_speech,2.8,1.06,3.0,2.8,bcresnet6,volume_down,volume_down,0.8774,correct
20261001-132809,"living room, quiet with aircon, other phrasings",volume_down/volume_down_20261001-132915-202.wav,volume_down,Turn it down,end_of_speech,2.8,1.06,3.0,2.8,bcresnet6_ownernoise,volume_down,volume_down,0.6853,correct
20261001-132809,"living room, quiet with aircon, other phrasings",volume_down/volume_down_20261001-132915-202.wav,volume_down,Turn it down,end_of_speech,2.8,1.06,3.5,2.8,bcresnet6,volume_down,volume_down,0.8787,correct
20261001-132809,"living room, quiet with aircon, other phrasings",volume_down/volume_down_20261001-132915-202.wav,volume_down,Turn it down,end_of_speech,2.8,1.06,3.5,2.8,bcresnet6_ownernoise,volume_down,volume_down,0.687,correct
20261001-132809,"living room, quiet with aircon, other phrasings",volume_down/volume_down_20261001-132915-202.wav,volume_down,Turn it down,end_of_speech,2.8,1.06,4.0,2.8,bcresnet6,volume_down,volume_down,0.8787,correct
20261001-132809,"living room, quiet with aircon, other phrasings",volume_down/volume_down_20261001-132915-202.wav,volume_down,Turn it down,end_of_speech,2.8,1.06,4.0,2.8,bcresnet6_ownernoise,volume_down,volume_down,0.689,correct
20261001-132809,"living room, quiet with aircon, other phrasings",volume_down/volume_down_20261001-132915-202.wav,volume_down,Turn it down,end_of_speech,2.8,1.06,4.5,2.8,bcresnet6,volume_down,volume_down,0.8781,correct
20261001-132809,"living room, quiet with aircon, other phrasings",volume_down/volume_down_20261001-132915-202.wav,volume_down,Turn it down,end_of_speech,2.8,1.06,4.5,2.8,bcresnet6_ownernoise,volume_down,volume_down,0.6873,correct
20261001-132809,"living room, quiet with aircon, other phrasings",volume_down/volume_down_20261001-132915-202.wav,volume_down,Turn it down,end_of_speech,2.8,1.06,6.0,2.8,bcresnet6,volume_down,volume_down,0.8786,correct
20261001-132809,"living room, quiet with aircon, other phrasings",volume_down/volume_down_20261001-132915-202.wav,volume_down,Turn it down,end_of_speech,2.8,1.06,6.0,2.8,bcresnet6_ownernoise,volume_down,volume_down,0.6869,correct
20261001-132809,"living room, quiet with aircon, other phrasings",dim_lights_50/dim_lights_50_20261001-132920-186.wav,dim_lights_50,Lights at fifty percent,end_of_speech,3.4,1.26,2.5,3.4,bcresnet6,unknown,unknown,0.3072,asks again
20261001-132809,"living room, quiet with aircon, other phrasings",dim_lights_50/dim_lights_50_20261001-132920-186.wav,dim_lights_50,Lights at fifty percent,end_of_speech,3.4,1.26,2.5,3.4,bcresnet6_ownernoise,unknown,dim_lights_50,0.2317,asks again
20261001-132809,"living room, quiet with aircon, other phrasings",dim_lights_50/dim_lights_50_20261001-132920-186.wav,dim_lights_50,Lights at fifty percent,end_of_speech,3.4,1.26,3.0,3.4,bcresnet6,unknown,unknown,0.3081,asks again
20261001-132809,"living room, quiet with aircon, other phrasings",dim_lights_50/dim_lights_50_20261001-132920-186.wav,dim_lights_50,Lights at fifty percent,end_of_speech,3.4,1.26,3.0,3.4,bcresnet6_ownernoise,unknown,dim_lights_50,0.2294,asks again
20261001-132809,"living room, quiet with aircon, other phrasings",dim_lights_50/dim_lights_50_20261001-132920-186.wav,dim_lights_50,Lights at fifty percent,end_of_speech,3.4,1.26,3.5,3.4,bcresnet6,unknown,unknown,0.3062,asks again
20261001-132809,"living room, quiet with aircon, other phrasings",dim_lights_50/dim_lights_50_20261001-132920-186.wav,dim_lights_50,Lights at fifty percent,end_of_speech,3.4,1.26,3.5,3.4,bcresnet6_ownernoise,unknown,dim_lights_50,0.2293,asks again
20261001-132809,"living room, quiet with aircon, other phrasings",dim_lights_50/dim_lights_50_20261001-132920-186.wav,dim_lights_50,Lights at fifty percent,end_of_speech,3.4,1.26,4.0,3.4,bcresnet6,unknown,unknown,0.3103,asks again
20261001-132809,"living room, quiet with aircon, other phrasings",dim_lights_50/dim_lights_50_20261001-132920-186.wav,dim_lights_50,Lights at fifty percent,end_of_speech,3.4,1.26,4.0,3.4,bcresnet6_ownernoise,unknown,dim_lights_50,0.2282,asks again
20261001-132809,"living room, quiet with aircon, other phrasings",dim_lights_50/dim_lights_50_20261001-132920-186.wav,dim_lights_50,Lights at fifty percent,end_of_speech,3.4,1.26,4.5,3.4,bcresnet6,unknown,unknown,0.3045,asks again
20261001-132809,"living room, quiet with aircon, other phrasings",dim_lights_50/dim_lights_50_20261001-132920-186.wav,dim_lights_50,Lights at fifty percent,end_of_speech,3.4,1.26,4.5,3.4,bcresnet6_ownernoise,unknown,dim_lights_50,0.2299,asks again
20261001-132809,"living room, quiet with aircon, other phrasings",dim_lights_50/dim_lights_50_20261001-132920-186.wav,dim_lights_50,Lights at fifty percent,end_of_speech,3.4,1.26,6.0,3.4,bcresnet6,unknown,unknown,0.3094,asks again
20261001-132809,"living room, quiet with aircon, other phrasings",dim_lights_50/dim_lights_50_20261001-132920-186.wav,dim_lights_50,Lights at fifty percent,end_of_speech,3.4,1.26,6.0,3.4,bcresnet6_ownernoise,unknown,dim_lights_50,0.2275,asks again
20261001-132809,"living room, quiet with aircon, other phrasings",set_temperature_26/set_temperature_26_20261001-132929-210.wav,set_temperature_26,Set temperature to twenty six degrees,end_of_speech,3.3,1.2,2.5,3.3,bcresnet6,set_temperature_26,set_temperature_26,0.9821,correct
20261001-132809,"living room, quiet with aircon, other phrasings",set_temperature_26/set_temperature_26_20261001-132929-210.wav,set_temperature_26,Set temperature to twenty six degrees,end_of_speech,3.3,1.2,2.5,3.3,bcresnet6_ownernoise,set_temperature_26,set_temperature_26,0.9721,correct
20261001-132809,"living room, quiet with aircon, other phrasings",set_temperature_26/set_temperature_26_20261001-132929-210.wav,set_temperature_26,Set temperature to twenty six degrees,end_of_speech,3.3,1.2,3.0,3.3,bcresnet6,set_temperature_26,set_temperature_26,0.9817,correct
20261001-132809,"living room, quiet with aircon, other phrasings",set_temperature_26/set_temperature_26_20261001-132929-210.wav,set_temperature_26,Set temperature to twenty six degrees,end_of_speech,3.3,1.2,3.0,3.3,bcresnet6_ownernoise,set_temperature_26,set_temperature_26,0.9726,correct
20261001-132809,"living room, quiet with aircon, other phrasings",set_temperature_26/set_temperature_26_20261001-132929-210.wav,set_temperature_26,Set temperature to twenty six degrees,end_of_speech,3.3,1.2,3.5,3.3,bcresnet6,set_temperature_26,set_temperature_26,0.9821,correct
20261001-132809,"living room, quiet with aircon, other phrasings",set_temperature_26/set_temperature_26_20261001-132929-210.wav,set_temperature_26,Set temperature to twenty six degrees,end_of_speech,3.3,1.2,3.5,3.3,bcresnet6_ownernoise,set_temperature_26,set_temperature_26,0.9729,correct
20261001-132809,"living room, quiet with aircon, other phrasings",set_temperature_26/set_temperature_26_20261001-132929-210.wav,set_temperature_26,Set temperature to twenty six degrees,end_of_speech,3.3,1.2,4.0,3.3,bcresnet6,set_temperature_26,set_temperature_26,0.9818,correct
20261001-132809,"living room, quiet with aircon, other phrasings",set_temperature_26/set_temperature_26_20261001-132929-210.wav,set_temperature_26,Set temperature to twenty six degrees,end_of_speech,3.3,1.2,4.0,3.3,bcresnet6_ownernoise,set_temperature_26,set_temperature_26,0.9728,correct
20261001-132809,"living room, quiet with aircon, other phrasings",set_temperature_26/set_temperature_26_20261001-132929-210.wav,set_temperature_26,Set temperature to twenty six degrees,end_of_speech,3.3,1.2,4.5,3.3,bcresnet6,set_temperature_26,set_temperature_26,0.9823,correct
20261001-132809,"living room, quiet with aircon, other phrasings",set_temperature_26/set_temperature_26_20261001-132929-210.wav,set_temperature_26,Set temperature to twenty six degrees,end_of_speech,3.3,1.2,4.5,3.3,bcresnet6_ownernoise,set_temperature_26,set_temperature_26,0.9722,correct
20261001-132809,"living room, quiet with aircon, other phrasings",set_temperature_26/set_temperature_26_20261001-132929-210.wav,set_temperature_26,Set temperature to twenty six degrees,end_of_speech,3.3,1.2,6.0,3.3,bcresnet6,set_temperature_26,set_temperature_26,0.9822,correct
20261001-132809,"living room, quiet with aircon, other phrasings",set_temperature_26/set_temperature_26_20261001-132929-210.wav,set_temperature_26,Set temperature to twenty six degrees,end_of_speech,3.3,1.2,6.0,3.3,bcresnet6_ownernoise,set_temperature_26,set_temperature_26,0.9728,correct
20261001-132809,"living room, quiet with aircon, other phrasings",lights_off/lights_off_20261001-132933-961.wav,lights_off,Turn the lights off,end_of_speech,2.9,1.1,2.5,2.9,bcresnet6,lights_off,lights_off,0.6737,correct
20261001-132809,"living room, quiet with aircon, other phrasings",lights_off/lights_off_20261001-132933-961.wav,lights_off,Turn the lights off,end_of_speech,2.9,1.1,2.5,2.9,bcresnet6_ownernoise,unknown,lights_off,0.528,asks again
20261001-132809,"living room, quiet with aircon, other phrasings",lights_off/lights_off_20261001-132933-961.wav,lights_off,Turn the lights off,end_of_speech,2.9,1.1,3.0,2.9,bcresnet6,lights_off,lights_off,0.6738,correct
20261001-132809,"living room, quiet with aircon, other phrasings",lights_off/lights_off_20261001-132933-961.wav,lights_off,Turn the lights off,end_of_speech,2.9,1.1,3.0,2.9,bcresnet6_ownernoise,unknown,lights_off,0.5264,asks again
20261001-132809,"living room, quiet with aircon, other phrasings",lights_off/lights_off_20261001-132933-961.wav,lights_off,Turn the lights off,end_of_speech,2.9,1.1,3.5,2.9,bcresnet6,lights_off,lights_off,0.6742,correct
20261001-132809,"living room, quiet with aircon, other phrasings",lights_off/lights_off_20261001-132933-961.wav,lights_off,Turn the lights off,end_of_speech,2.9,1.1,3.5,2.9,bcresnet6_ownernoise,unknown,lights_off,0.5269,asks again
20261001-132809,"living room, quiet with aircon, other phrasings",lights_off/lights_off_20261001-132933-961.wav,lights_off,Turn the lights off,end_of_speech,2.9,1.1,4.0,2.9,bcresnet6,lights_off,lights_off,0.6762,correct
20261001-132809,"living room, quiet with aircon, other phrasings",lights_off/lights_off_20261001-132933-961.wav,lights_off,Turn the lights off,end_of_speech,2.9,1.1,4.0,2.9,bcresnet6_ownernoise,unknown,lights_off,0.5285,asks again
20261001-132809,"living room, quiet with aircon, other phrasings",lights_off/lights_off_20261001-132933-961.wav,lights_off,Turn the lights off,end_of_speech,2.9,1.1,4.5,2.9,bcresnet6,lights_off,lights_off,0.6752,correct
20261001-132809,"living room, quiet with aircon, other phrasings",lights_off/lights_off_20261001-132933-961.wav,lights_off,Turn the lights off,end_of_speech,2.9,1.1,4.5,2.9,bcresnet6_ownernoise,unknown,lights_off,0.5258,asks again
20261001-132809,"living room, quiet with aircon, other phrasings",lights_off/lights_off_20261001-132933-961.wav,lights_off,Turn the lights off,end_of_speech,2.9,1.1,6.0,2.9,bcresnet6,lights_off,lights_off,0.6754,correct
20261001-132809,"living room, quiet with aircon, other phrasings",lights_off/lights_off_20261001-132933-961.wav,lights_off,Turn the lights off,end_of_speech,2.9,1.1,6.0,2.9,bcresnet6_ownernoise,unknown,lights_off,0.5263,asks again
20261001-132809,"living room, quiet with aircon, other phrasings",time/time_20261001-132938-941.wav,time,What time is it?,end_of_speech,2.8,1.2,2.5,2.8,bcresnet6,time,time,0.9891,correct
20261001-132809,"living room, quiet with aircon, other phrasings",time/time_20261001-132938-941.wav,time,What time is it?,end_of_speech,2.8,1.2,2.5,2.8,bcresnet6_ownernoise,time,time,0.9865,correct
20261001-132809,"living room, quiet with aircon, other phrasings",time/time_20261001-132938-941.wav,time,What time is it?,end_of_speech,2.8,1.2,3.0,2.8,bcresnet6,time,time,0.9892,correct
20261001-132809,"living room, quiet with aircon, other phrasings",time/time_20261001-132938-941.wav,time,What time is it?,end_of_speech,2.8,1.2,3.0,2.8,bcresnet6_ownernoise,time,time,0.9864,correct
20261001-132809,"living room, quiet with aircon, other phrasings",time/time_20261001-132938-941.wav,time,What time is it?,end_of_speech,2.8,1.2,3.5,2.8,bcresnet6,time,time,0.9892,correct
20261001-132809,"living room, quiet with aircon, other phrasings",time/time_20261001-132938-941.wav,time,What time is it?,end_of_speech,2.8,1.2,3.5,2.8,bcresnet6_ownernoise,time,time,0.9865,correct
20261001-132809,"living room, quiet with aircon, other phrasings",time/time_20261001-132938-941.wav,time,What time is it?,end_of_speech,2.8,1.2,4.0,2.8,bcresnet6,time,time,0.9892,correct
20261001-132809,"living room, quiet with aircon, other phrasings",time/time_20261001-132938-941.wav,time,What time is it?,end_of_speech,2.8,1.2,4.0,2.8,bcresnet6_ownernoise,time,time,0.9866,correct
20261001-132809,"living room, quiet with aircon, other phrasings",time/time_20261001-132938-941.wav,time,What time is it?,end_of_speech,2.8,1.2,4.5,2.8,bcresnet6,time,time,0.9892,correct
20261001-132809,"living room, quiet with aircon, other phrasings",time/time_20261001-132938-941.wav,time,What time is it?,end_of_speech,2.8,1.2,4.5,2.8,bcresnet6_ownernoise,time,time,0.9864,correct
20261001-132809,"living room, quiet with aircon, other phrasings",time/time_20261001-132938-941.wav,time,What time is it?,end_of_speech,2.8,1.2,6.0,2.8,bcresnet6,time,time,0.9892,correct
20261001-132809,"living room, quiet with aircon, other phrasings",time/time_20261001-132938-941.wav,time,What time is it?,end_of_speech,2.8,1.2,6.0,2.8,bcresnet6_ownernoise,time,time,0.9865,correct
20261001-132809,"living room, quiet with aircon, other phrasings",set_timer_10/set_timer_10_20261001-132944-523.wav,set_timer_10,Start a timer for ten minutes,end_of_speech,3.8,1.24,2.5,3.74,bcresnet6,set_timer_10,set_timer_10,0.9834,correct
20261001-132809,"living room, quiet with aircon, other phrasings",set_timer_10/set_timer_10_20261001-132944-523.wav,set_timer_10,Start a timer for ten minutes,end_of_speech,3.8,1.24,2.5,3.74,bcresnet6_ownernoise,set_timer_10,set_timer_10,0.9933,correct
20261001-132809,"living room, quiet with aircon, other phrasings",set_timer_10/set_timer_10_20261001-132944-523.wav,set_timer_10,Start a timer for ten minutes,end_of_speech,3.8,1.24,3.0,3.8,bcresnet6,set_timer_10,set_timer_10,0.9842,correct
20261001-132809,"living room, quiet with aircon, other phrasings",set_timer_10/set_timer_10_20261001-132944-523.wav,set_timer_10,Start a timer for ten minutes,end_of_speech,3.8,1.24,3.0,3.8,bcresnet6_ownernoise,set_timer_10,set_timer_10,0.9934,correct
20261001-132809,"living room, quiet with aircon, other phrasings",set_timer_10/set_timer_10_20261001-132944-523.wav,set_timer_10,Start a timer for ten minutes,end_of_speech,3.8,1.24,3.5,3.8,bcresnet6,set_timer_10,set_timer_10,0.9842,correct
20261001-132809,"living room, quiet with aircon, other phrasings",set_timer_10/set_timer_10_20261001-132944-523.wav,set_timer_10,Start a timer for ten minutes,end_of_speech,3.8,1.24,3.5,3.8,bcresnet6_ownernoise,set_timer_10,set_timer_10,0.9935,correct
20261001-132809,"living room, quiet with aircon, other phrasings",set_timer_10/set_timer_10_20261001-132944-523.wav,set_timer_10,Start a timer for ten minutes,end_of_speech,3.8,1.24,4.0,3.8,bcresnet6,set_timer_10,set_timer_10,0.9844,correct
20261001-132809,"living room, quiet with aircon, other phrasings",set_timer_10/set_timer_10_20261001-132944-523.wav,set_timer_10,Start a timer for ten minutes,end_of_speech,3.8,1.24,4.0,3.8,bcresnet6_ownernoise,set_timer_10,set_timer_10,0.9935,correct
20261001-132809,"living room, quiet with aircon, other phrasings",set_timer_10/set_timer_10_20261001-132944-523.wav,set_timer_10,Start a timer for ten minutes,end_of_speech,3.8,1.24,4.5,3.8,bcresnet6,set_timer_10,set_timer_10,0.9839,correct
20261001-132809,"living room, quiet with aircon, other phrasings",set_timer_10/set_timer_10_20261001-132944-523.wav,set_timer_10,Start a timer for ten minutes,end_of_speech,3.8,1.24,4.5,3.8,bcresnet6_ownernoise,set_timer_10,set_timer_10,0.9935,correct
20261001-132809,"living room, quiet with aircon, other phrasings",set_timer_10/set_timer_10_20261001-132944-523.wav,set_timer_10,Start a timer for ten minutes,end_of_speech,3.8,1.24,6.0,3.8,bcresnet6,set_timer_10,set_timer_10,0.9842,correct
20261001-132809,"living room, quiet with aircon, other phrasings",set_timer_10/set_timer_10_20261001-132944-523.wav,set_timer_10,Start a timer for ten minutes,end_of_speech,3.8,1.24,6.0,3.8,bcresnet6_ownernoise,set_timer_10,set_timer_10,0.9934,correct
20261001-132809,"living room, quiet with aircon, other phrasings",lights_off/lights_off_20261001-132949-795.wav,lights_off,Switch the lights off,end_of_speech,3.2,1.22,2.5,3.2,bcresnet6,lights_off,lights_off,0.8095,correct
20261001-132809,"living room, quiet with aircon, other phrasings",lights_off/lights_off_20261001-132949-795.wav,lights_off,Switch the lights off,end_of_speech,3.2,1.22,2.5,3.2,bcresnet6_ownernoise,lights_off,lights_off,0.614,correct
20261001-132809,"living room, quiet with aircon, other phrasings",lights_off/lights_off_20261001-132949-795.wav,lights_off,Switch the lights off,end_of_speech,3.2,1.22,3.0,3.2,bcresnet6,lights_off,lights_off,0.8082,correct
20261001-132809,"living room, quiet with aircon, other phrasings",lights_off/lights_off_20261001-132949-795.wav,lights_off,Switch the lights off,end_of_speech,3.2,1.22,3.0,3.2,bcresnet6_ownernoise,lights_off,lights_off,0.6127,correct
20261001-132809,"living room, quiet with aircon, other phrasings",lights_off/lights_off_20261001-132949-795.wav,lights_off,Switch the lights off,end_of_speech,3.2,1.22,3.5,3.2,bcresnet6,lights_off,lights_off,0.8095,correct
20261001-132809,"living room, quiet with aircon, other phrasings",lights_off/lights_off_20261001-132949-795.wav,lights_off,Switch the lights off,end_of_speech,3.2,1.22,3.5,3.2,bcresnet6_ownernoise,lights_off,lights_off,0.6133,correct
20261001-132809,"living room, quiet with aircon, other phrasings",lights_off/lights_off_20261001-132949-795.wav,lights_off,Switch the lights off,end_of_speech,3.2,1.22,4.0,3.2,bcresnet6,lights_off,lights_off,0.8108,correct
20261001-132809,"living room, quiet with aircon, other phrasings",lights_off/lights_off_20261001-132949-795.wav,lights_off,Switch the lights off,end_of_speech,3.2,1.22,4.0,3.2,bcresnet6_ownernoise,lights_off,lights_off,0.6142,correct
20261001-132809,"living room, quiet with aircon, other phrasings",lights_off/lights_off_20261001-132949-795.wav,lights_off,Switch the lights off,end_of_speech,3.2,1.22,4.5,3.2,bcresnet6,lights_off,lights_off,0.8088,correct
20261001-132809,"living room, quiet with aircon, other phrasings",lights_off/lights_off_20261001-132949-795.wav,lights_off,Switch the lights off,end_of_speech,3.2,1.22,4.5,3.2,bcresnet6_ownernoise,lights_off,lights_off,0.6132,correct
20261001-132809,"living room, quiet with aircon, other phrasings",lights_off/lights_off_20261001-132949-795.wav,lights_off,Switch the lights off,end_of_speech,3.2,1.22,6.0,3.2,bcresnet6,lights_off,lights_off,0.8083,correct
20261001-132809,"living room, quiet with aircon, other phrasings",lights_off/lights_off_20261001-132949-795.wav,lights_off,Switch the lights off,end_of_speech,3.2,1.22,6.0,3.2,bcresnet6_ownernoise,lights_off,lights_off,0.6143,correct
20261001-132809,"living room, quiet with aircon, other phrasings",play/play_20261001-132956-996.wav,play,Keep playing,end_of_speech,3.0,1.36,2.5,3.0,bcresnet6,unknown,unknown,0.4243,asks again
20261001-132809,"living room, quiet with aircon, other phrasings",play/play_20261001-132956-996.wav,play,Keep playing,end_of_speech,3.0,1.36,2.5,3.0,bcresnet6_ownernoise,play,play,0.8716,correct
20261001-132809,"living room, quiet with aircon, other phrasings",play/play_20261001-132956-996.wav,play,Keep playing,end_of_speech,3.0,1.36,3.0,3.0,bcresnet6,unknown,unknown,0.422,asks again
20261001-132809,"living room, quiet with aircon, other phrasings",play/play_20261001-132956-996.wav,play,Keep playing,end_of_speech,3.0,1.36,3.0,3.0,bcresnet6_ownernoise,play,play,0.874,correct
20261001-132809,"living room, quiet with aircon, other phrasings",play/play_20261001-132956-996.wav,play,Keep playing,end_of_speech,3.0,1.36,3.5,3.0,bcresnet6,unknown,unknown,0.4209,asks again
20261001-132809,"living room, quiet with aircon, other phrasings",play/play_20261001-132956-996.wav,play,Keep playing,end_of_speech,3.0,1.36,3.5,3.0,bcresnet6_ownernoise,play,play,0.8725,correct
20261001-132809,"living room, quiet with aircon, other phrasings",play/play_20261001-132956-996.wav,play,Keep playing,end_of_speech,3.0,1.36,4.0,3.0,bcresnet6,unknown,unknown,0.427,asks again
20261001-132809,"living room, quiet with aircon, other phrasings",play/play_20261001-132956-996.wav,play,Keep playing,end_of_speech,3.0,1.36,4.0,3.0,bcresnet6_ownernoise,play,play,0.8724,correct
20261001-132809,"living room, quiet with aircon, other phrasings",play/play_20261001-132956-996.wav,play,Keep playing,end_of_speech,3.0,1.36,4.5,3.0,bcresnet6,unknown,unknown,0.4218,asks again
20261001-132809,"living room, quiet with aircon, other phrasings",play/play_20261001-132956-996.wav,play,Keep playing,end_of_speech,3.0,1.36,4.5,3.0,bcresnet6_ownernoise,play,play,0.8721,correct
20261001-132809,"living room, quiet with aircon, other phrasings",play/play_20261001-132956-996.wav,play,Keep playing,end_of_speech,3.0,1.36,6.0,3.0,bcresnet6,unknown,unknown,0.4261,asks again
20261001-132809,"living room, quiet with aircon, other phrasings",play/play_20261001-132956-996.wav,play,Keep playing,end_of_speech,3.0,1.36,6.0,3.0,bcresnet6_ownernoise,play,play,0.8687,correct
20261001-132809,"living room, quiet with aircon, other phrasings",set_temperature_22/set_temperature_22_20261001-133011-298.wav,set_temperature_22,Set the temperature to twenty two degrees,end_of_speech,3.9,1.46,2.5,3.9,bcresnet6,set_temperature_22,set_temperature_22,0.9839,correct
20261001-132809,"living room, quiet with aircon, other phrasings",set_temperature_22/set_temperature_22_20261001-133011-298.wav,set_temperature_22,Set the temperature to twenty two degrees,end_of_speech,3.9,1.46,2.5,3.9,bcresnet6_ownernoise,set_temperature_22,set_temperature_22,0.9922,correct
20261001-132809,"living room, quiet with aircon, other phrasings",set_temperature_22/set_temperature_22_20261001-133011-298.wav,set_temperature_22,Set the temperature to twenty two degrees,end_of_speech,3.9,1.46,3.0,3.9,bcresnet6,set_temperature_22,set_temperature_22,0.9839,correct
20261001-132809,"living room, quiet with aircon, other phrasings",set_temperature_22/set_temperature_22_20261001-133011-298.wav,set_temperature_22,Set the temperature to twenty two degrees,end_of_speech,3.9,1.46,3.0,3.9,bcresnet6_ownernoise,set_temperature_22,set_temperature_22,0.9924,correct
20261001-132809,"living room, quiet with aircon, other phrasings",set_temperature_22/set_temperature_22_20261001-133011-298.wav,set_temperature_22,Set the temperature to twenty two degrees,end_of_speech,3.9,1.46,3.5,3.9,bcresnet6,set_temperature_22,set_temperature_22,0.9839,correct
20261001-132809,"living room, quiet with aircon, other phrasings",set_temperature_22/set_temperature_22_20261001-133011-298.wav,set_temperature_22,Set the temperature to twenty two degrees,end_of_speech,3.9,1.46,3.5,3.9,bcresnet6_ownernoise,set_temperature_22,set_temperature_22,0.9924,correct
20261001-132809,"living room, quiet with aircon, other phrasings",set_temperature_22/set_temperature_22_20261001-133011-298.wav,set_temperature_22,Set the temperature to twenty two degrees,end_of_speech,3.9,1.46,4.0,3.9,bcresnet6,set_temperature_22,set_temperature_22,0.984,correct
20261001-132809,"living room, quiet with aircon, other phrasings",set_temperature_22/set_temperature_22_20261001-133011-298.wav,set_temperature_22,Set the temperature to twenty two degrees,end_of_speech,3.9,1.46,4.0,3.9,bcresnet6_ownernoise,set_temperature_22,set_temperature_22,0.9924,correct
20261001-132809,"living room, quiet with aircon, other phrasings",set_temperature_22/set_temperature_22_20261001-133011-298.wav,set_temperature_22,Set the temperature to twenty two degrees,end_of_speech,3.9,1.46,4.5,3.9,bcresnet6,set_temperature_22,set_temperature_22,0.984,correct
20261001-132809,"living room, quiet with aircon, other phrasings",set_temperature_22/set_temperature_22_20261001-133011-298.wav,set_temperature_22,Set the temperature to twenty two degrees,end_of_speech,3.9,1.46,4.5,3.9,bcresnet6_ownernoise,set_temperature_22,set_temperature_22,0.9923,correct
20261001-132809,"living room, quiet with aircon, other phrasings",set_temperature_22/set_temperature_22_20261001-133011-298.wav,set_temperature_22,Set the temperature to twenty two degrees,end_of_speech,3.9,1.46,6.0,3.9,bcresnet6,set_temperature_22,set_temperature_22,0.984,correct
20261001-132809,"living room, quiet with aircon, other phrasings",set_temperature_22/set_temperature_22_20261001-133011-298.wav,set_temperature_22,Set the temperature to twenty two degrees,end_of_speech,3.9,1.46,6.0,3.9,bcresnet6_ownernoise,set_temperature_22,set_temperature_22,0.9924,correct
20261001-132809,"living room, quiet with aircon, other phrasings",dim_lights_80/dim_lights_80_20261001-133016-873.wav,dim_lights_80,Dim the lights to eighty percent,end_of_speech,3.5,1.22,2.5,3.5,bcresnet6,dim_lights_80,dim_lights_80,0.9702,correct
20261001-132809,"living room, quiet with aircon, other phrasings",dim_lights_80/dim_lights_80_20261001-133016-873.wav,dim_lights_80,Dim the lights to eighty percent,end_of_speech,3.5,1.22,2.5,3.5,bcresnet6_ownernoise,dim_lights_80,dim_lights_80,0.9945,correct
20261001-132809,"living room, quiet with aircon, other phrasings",dim_lights_80/dim_lights_80_20261001-133016-873.wav,dim_lights_80,Dim the lights to eighty percent,end_of_speech,3.5,1.22,3.0,3.5,bcresnet6,dim_lights_80,dim_lights_80,0.9701,correct
20261001-132809,"living room, quiet with aircon, other phrasings",dim_lights_80/dim_lights_80_20261001-133016-873.wav,dim_lights_80,Dim the lights to eighty percent,end_of_speech,3.5,1.22,3.0,3.5,bcresnet6_ownernoise,dim_lights_80,dim_lights_80,0.9944,correct
20261001-132809,"living room, quiet with aircon, other phrasings",dim_lights_80/dim_lights_80_20261001-133016-873.wav,dim_lights_80,Dim the lights to eighty percent,end_of_speech,3.5,1.22,3.5,3.5,bcresnet6,dim_lights_80,dim_lights_80,0.9706,correct
20261001-132809,"living room, quiet with aircon, other phrasings",dim_lights_80/dim_lights_80_20261001-133016-873.wav,dim_lights_80,Dim the lights to eighty percent,end_of_speech,3.5,1.22,3.5,3.5,bcresnet6_ownernoise,dim_lights_80,dim_lights_80,0.9945,correct
20261001-132809,"living room, quiet with aircon, other phrasings",dim_lights_80/dim_lights_80_20261001-133016-873.wav,dim_lights_80,Dim the lights to eighty percent,end_of_speech,3.5,1.22,4.0,3.5,bcresnet6,dim_lights_80,dim_lights_80,0.9699,correct
20261001-132809,"living room, quiet with aircon, other phrasings",dim_lights_80/dim_lights_80_20261001-133016-873.wav,dim_lights_80,Dim the lights to eighty percent,end_of_speech,3.5,1.22,4.0,3.5,bcresnet6_ownernoise,dim_lights_80,dim_lights_80,0.9945,correct
20261001-132809,"living room, quiet with aircon, other phrasings",dim_lights_80/dim_lights_80_20261001-133016-873.wav,dim_lights_80,Dim the lights to eighty percent,end_of_speech,3.5,1.22,4.5,3.5,bcresnet6,dim_lights_80,dim_lights_80,0.97,correct
20261001-132809,"living room, quiet with aircon, other phrasings",dim_lights_80/dim_lights_80_20261001-133016-873.wav,dim_lights_80,Dim the lights to eighty percent,end_of_speech,3.5,1.22,4.5,3.5,bcresnet6_ownernoise,dim_lights_80,dim_lights_80,0.9944,correct
20261001-132809,"living room, quiet with aircon, other phrasings",dim_lights_80/dim_lights_80_20261001-133016-873.wav,dim_lights_80,Dim the lights to eighty percent,end_of_speech,3.5,1.22,6.0,3.5,bcresnet6,dim_lights_80,dim_lights_80,0.9702,correct
20261001-132809,"living room, quiet with aircon, other phrasings",dim_lights_80/dim_lights_80_20261001-133016-873.wav,dim_lights_80,Dim the lights to eighty percent,end_of_speech,3.5,1.22,6.0,3.5,bcresnet6_ownernoise,dim_lights_80,dim_lights_80,0.9944,correct
20261001-132809,"living room, quiet with aircon, other phrasings",party/party_20261001-133021-525.wav,party,Let's party,end_of_speech,2.9,1.34,2.5,2.9,bcresnet6,unknown,unknown,0.4893,asks again
20261001-132809,"living room, quiet with aircon, other phrasings",party/party_20261001-133021-525.wav,party,Let's party,end_of_speech,2.9,1.34,2.5,2.9,bcresnet6_ownernoise,unknown,party,0.4551,asks again
20261001-132809,"living room, quiet with aircon, other phrasings",party/party_20261001-133021-525.wav,party,Let's party,end_of_speech,2.9,1.34,3.0,2.9,bcresnet6,unknown,unknown,0.4984,asks again
20261001-132809,"living room, quiet with aircon, other phrasings",party/party_20261001-133021-525.wav,party,Let's party,end_of_speech,2.9,1.34,3.0,2.9,bcresnet6_ownernoise,unknown,party,0.4575,asks again
20261001-132809,"living room, quiet with aircon, other phrasings",party/party_20261001-133021-525.wav,party,Let's party,end_of_speech,2.9,1.34,3.5,2.9,bcresnet6,unknown,unknown,0.4956,asks again
20261001-132809,"living room, quiet with aircon, other phrasings",party/party_20261001-133021-525.wav,party,Let's party,end_of_speech,2.9,1.34,3.5,2.9,bcresnet6_ownernoise,unknown,party,0.4484,asks again
20261001-132809,"living room, quiet with aircon, other phrasings",party/party_20261001-133021-525.wav,party,Let's party,end_of_speech,2.9,1.34,4.0,2.9,bcresnet6,unknown,unknown,0.4952,asks again
20261001-132809,"living room, quiet with aircon, other phrasings",party/party_20261001-133021-525.wav,party,Let's party,end_of_speech,2.9,1.34,4.0,2.9,bcresnet6_ownernoise,unknown,party,0.4556,asks again
20261001-132809,"living room, quiet with aircon, other phrasings",party/party_20261001-133021-525.wav,party,Let's party,end_of_speech,2.9,1.34,4.5,2.9,bcresnet6,unknown,unknown,0.4893,asks again
20261001-132809,"living room, quiet with aircon, other phrasings",party/party_20261001-133021-525.wav,party,Let's party,end_of_speech,2.9,1.34,4.5,2.9,bcresnet6_ownernoise,unknown,party,0.4538,asks again
20261001-132809,"living room, quiet with aircon, other phrasings",party/party_20261001-133021-525.wav,party,Let's party,end_of_speech,2.9,1.34,6.0,2.9,bcresnet6,unknown,unknown,0.4978,asks again
20261001-132809,"living room, quiet with aircon, other phrasings",party/party_20261001-133021-525.wav,party,Let's party,end_of_speech,2.9,1.34,6.0,2.9,bcresnet6_ownernoise,unknown,party,0.4537,asks again
20261001-132809,"living room, quiet with aircon, other phrasings",play_music/play_music_20261001-133027-623.wav,play_music,Play music,no_speech_detected,3.4,,2.5,3.4,bcresnet6,play_music,play_music,0.6607,correct
20261001-132809,"living room, quiet with aircon, other phrasings",play_music/play_music_20261001-133027-623.wav,play_music,Play music,no_speech_detected,3.4,,2.5,3.4,bcresnet6_ownernoise,play_music,play_music,0.9704,correct
20261001-132809,"living room, quiet with aircon, other phrasings",play_music/play_music_20261001-133027-623.wav,play_music,Play music,no_speech_detected,3.4,,3.0,3.4,bcresnet6,play_music,play_music,0.6612,correct
20261001-132809,"living room, quiet with aircon, other phrasings",play_music/play_music_20261001-133027-623.wav,play_music,Play music,no_speech_detected,3.4,,3.0,3.4,bcresnet6_ownernoise,play_music,play_music,0.9702,correct
20261001-132809,"living room, quiet with aircon, other phrasings",play_music/play_music_20261001-133027-623.wav,play_music,Play music,no_speech_detected,3.4,,3.5,3.4,bcresnet6,play_music,play_music,0.6611,correct
20261001-132809,"living room, quiet with aircon, other phrasings",play_music/play_music_20261001-133027-623.wav,play_music,Play music,no_speech_detected,3.4,,3.5,3.4,bcresnet6_ownernoise,play_music,play_music,0.9697,correct
20261001-132809,"living room, quiet with aircon, other phrasings",play_music/play_music_20261001-133027-623.wav,play_music,Play music,no_speech_detected,3.4,,4.0,3.4,bcresnet6,play_music,play_music,0.6635,correct
20261001-132809,"living room, quiet with aircon, other phrasings",play_music/play_music_20261001-133027-623.wav,play_music,Play music,no_speech_detected,3.4,,4.0,3.4,bcresnet6_ownernoise,play_music,play_music,0.9705,correct
20261001-132809,"living room, quiet with aircon, other phrasings",play_music/play_music_20261001-133027-623.wav,play_music,Play music,no_speech_detected,3.4,,4.5,3.4,bcresnet6,play_music,play_music,0.6629,correct
20261001-132809,"living room, quiet with aircon, other phrasings",play_music/play_music_20261001-133027-623.wav,play_music,Play music,no_speech_detected,3.4,,4.5,3.4,bcresnet6_ownernoise,play_music,play_music,0.9699,correct
20261001-132809,"living room, quiet with aircon, other phrasings",play_music/play_music_20261001-133027-623.wav,play_music,Play music,no_speech_detected,3.4,,6.0,3.4,bcresnet6,play_music,play_music,0.6591,correct
20261001-132809,"living room, quiet with aircon, other phrasings",play_music/play_music_20261001-133027-623.wav,play_music,Play music,no_speech_detected,3.4,,6.0,3.4,bcresnet6_ownernoise,play_music,play_music,0.9712,correct
20261001-132809,"living room, quiet with aircon, other phrasings",next/next_20261001-133034-822.wav,next,Next,no_speech_detected,3.4,,2.5,3.4,bcresnet6,next,next,0.9803,correct
20261001-132809,"living room, quiet with aircon, other phrasings",next/next_20261001-133034-822.wav,next,Next,no_speech_detected,3.4,,2.5,3.4,bcresnet6_ownernoise,next,next,0.9895,correct
20261001-132809,"living room, quiet with aircon, other phrasings",next/next_20261001-133034-822.wav,next,Next,no_speech_detected,3.4,,3.0,3.4,bcresnet6,next,next,0.9806,correct
20261001-132809,"living room, quiet with aircon, other phrasings",next/next_20261001-133034-822.wav,next,Next,no_speech_detected,3.4,,3.0,3.4,bcresnet6_ownernoise,next,next,0.9895,correct
20261001-132809,"living room, quiet with aircon, other phrasings",next/next_20261001-133034-822.wav,next,Next,no_speech_detected,3.4,,3.5,3.4,bcresnet6,next,next,0.9807,correct
20261001-132809,"living room, quiet with aircon, other phrasings",next/next_20261001-133034-822.wav,next,Next,no_speech_detected,3.4,,3.5,3.4,bcresnet6_ownernoise,next,next,0.9895,correct
20261001-132809,"living room, quiet with aircon, other phrasings",next/next_20261001-133034-822.wav,next,Next,no_speech_detected,3.4,,4.0,3.4,bcresnet6,next,next,0.9808,correct
20261001-132809,"living room, quiet with aircon, other phrasings",next/next_20261001-133034-822.wav,next,Next,no_speech_detected,3.4,,4.0,3.4,bcresnet6_ownernoise,next,next,0.9895,correct
20261001-132809,"living room, quiet with aircon, other phrasings",next/next_20261001-133034-822.wav,next,Next,no_speech_detected,3.4,,4.5,3.4,bcresnet6,next,next,0.9809,correct
20261001-132809,"living room, quiet with aircon, other phrasings",next/next_20261001-133034-822.wav,next,Next,no_speech_detected,3.4,,4.5,3.4,bcresnet6_ownernoise,next,next,0.9895,correct
20261001-132809,"living room, quiet with aircon, other phrasings",next/next_20261001-133034-822.wav,next,Next,no_speech_detected,3.4,,6.0,3.4,bcresnet6,next,next,0.9805,correct
20261001-132809,"living room, quiet with aircon, other phrasings",next/next_20261001-133034-822.wav,next,Next,no_speech_detected,3.4,,6.0,3.4,bcresnet6_ownernoise,next,next,0.9896,correct
20261001-132809,"living room, quiet with aircon, other phrasings",pause/pause_20261001-133038-868.wav,pause,Pause,end_of_speech,2.5,1.12,2.5,2.5,bcresnet6,pause,pause,0.989,correct
20261001-132809,"living room, quiet with aircon, other phrasings",pause/pause_20261001-133038-868.wav,pause,Pause,end_of_speech,2.5,1.12,2.5,2.5,bcresnet6_ownernoise,pause,pause,0.9928,correct
20261001-132809,"living room, quiet with aircon, other phrasings",pause/pause_20261001-133038-868.wav,pause,Pause,end_of_speech,2.5,1.12,3.0,2.5,bcresnet6,pause,pause,0.9885,correct
20261001-132809,"living room, quiet with aircon, other phrasings",pause/pause_20261001-133038-868.wav,pause,Pause,end_of_speech,2.5,1.12,3.0,2.5,bcresnet6_ownernoise,pause,pause,0.9927,correct
20261001-132809,"living room, quiet with aircon, other phrasings",pause/pause_20261001-133038-868.wav,pause,Pause,end_of_speech,2.5,1.12,3.5,2.5,bcresnet6,pause,pause,0.9885,correct
20261001-132809,"living room, quiet with aircon, other phrasings",pause/pause_20261001-133038-868.wav,pause,Pause,end_of_speech,2.5,1.12,3.5,2.5,bcresnet6_ownernoise,pause,pause,0.9928,correct
20261001-132809,"living room, quiet with aircon, other phrasings",pause/pause_20261001-133038-868.wav,pause,Pause,end_of_speech,2.5,1.12,4.0,2.5,bcresnet6,pause,pause,0.9887,correct
20261001-132809,"living room, quiet with aircon, other phrasings",pause/pause_20261001-133038-868.wav,pause,Pause,end_of_speech,2.5,1.12,4.0,2.5,bcresnet6_ownernoise,pause,pause,0.9927,correct
20261001-132809,"living room, quiet with aircon, other phrasings",pause/pause_20261001-133038-868.wav,pause,Pause,end_of_speech,2.5,1.12,4.5,2.5,bcresnet6,pause,pause,0.9887,correct
20261001-132809,"living room, quiet with aircon, other phrasings",pause/pause_20261001-133038-868.wav,pause,Pause,end_of_speech,2.5,1.12,4.5,2.5,bcresnet6_ownernoise,pause,pause,0.9927,correct
20261001-132809,"living room, quiet with aircon, other phrasings",pause/pause_20261001-133038-868.wav,pause,Pause,end_of_speech,2.5,1.12,6.0,2.5,bcresnet6,pause,pause,0.9886,correct
20261001-132809,"living room, quiet with aircon, other phrasings",pause/pause_20261001-133038-868.wav,pause,Pause,end_of_speech,2.5,1.12,6.0,2.5,bcresnet6_ownernoise,pause,pause,0.9927,correct
20261001-132809,"living room, quiet with aircon, other phrasings",lights_on/lights_on_20261001-133043-241.wav,lights_on,Turn on lights,end_of_speech,2.9,1.2,2.5,2.9,bcresnet6,lights_on,lights_on,0.9484,correct
20261001-132809,"living room, quiet with aircon, other phrasings",lights_on/lights_on_20261001-133043-241.wav,lights_on,Turn on lights,end_of_speech,2.9,1.2,2.5,2.9,bcresnet6_ownernoise,lights_on,lights_on,0.8485,correct
20261001-132809,"living room, quiet with aircon, other phrasings",lights_on/lights_on_20261001-133043-241.wav,lights_on,Turn on lights,end_of_speech,2.9,1.2,3.0,2.9,bcresnet6,lights_on,lights_on,0.9479,correct
20261001-132809,"living room, quiet with aircon, other phrasings",lights_on/lights_on_20261001-133043-241.wav,lights_on,Turn on lights,end_of_speech,2.9,1.2,3.0,2.9,bcresnet6_ownernoise,lights_on,lights_on,0.8517,correct
20261001-132809,"living room, quiet with aircon, other phrasings",lights_on/lights_on_20261001-133043-241.wav,lights_on,Turn on lights,end_of_speech,2.9,1.2,3.5,2.9,bcresnet6,lights_on,lights_on,0.9485,correct
20261001-132809,"living room, quiet with aircon, other phrasings",lights_on/lights_on_20261001-133043-241.wav,lights_on,Turn on lights,end_of_speech,2.9,1.2,3.5,2.9,bcresnet6_ownernoise,lights_on,lights_on,0.8504,correct
20261001-132809,"living room, quiet with aircon, other phrasings",lights_on/lights_on_20261001-133043-241.wav,lights_on,Turn on lights,end_of_speech,2.9,1.2,4.0,2.9,bcresnet6,lights_on,lights_on,0.9478,correct
20261001-132809,"living room, quiet with aircon, other phrasings",lights_on/lights_on_20261001-133043-241.wav,lights_on,Turn on lights,end_of_speech,2.9,1.2,4.0,2.9,bcresnet6_ownernoise,lights_on,lights_on,0.8516,correct
20261001-132809,"living room, quiet with aircon, other phrasings",lights_on/lights_on_20261001-133043-241.wav,lights_on,Turn on lights,end_of_speech,2.9,1.2,4.5,2.9,bcresnet6,lights_on,lights_on,0.9477,correct
20261001-132809,"living room, quiet with aircon, other phrasings",lights_on/lights_on_20261001-133043-241.wav,lights_on,Turn on lights,end_of_speech,2.9,1.2,4.5,2.9,bcresnet6_ownernoise,lights_on,lights_on,0.8506,correct
20261001-132809,"living room, quiet with aircon, other phrasings",lights_on/lights_on_20261001-133043-241.wav,lights_on,Turn on lights,end_of_speech,2.9,1.2,6.0,2.9,bcresnet6,lights_on,lights_on,0.9485,correct
20261001-132809,"living room, quiet with aircon, other phrasings",lights_on/lights_on_20261001-133043-241.wav,lights_on,Turn on lights,end_of_speech,2.9,1.2,6.0,2.9,bcresnet6_ownernoise,lights_on,lights_on,0.8511,correct
20261001-132809,"living room, quiet with aircon, other phrasings",volume_down/volume_down_20261001-133111-538.wav,volume_down,Lower the volume,end_of_speech,4.0,1.22,2.5,3.72,bcresnet6,volume_down,volume_down,0.8009,correct
20261001-132809,"living room, quiet with aircon, other phrasings",volume_down/volume_down_20261001-133111-538.wav,volume_down,Lower the volume,end_of_speech,4.0,1.22,2.5,3.72,bcresnet6_ownernoise,volume_down,volume_down,0.8946,correct
20261001-132809,"living room, quiet with aircon, other phrasings",volume_down/volume_down_20261001-133111-538.wav,volume_down,Lower the volume,end_of_speech,4.0,1.22,3.0,4.0,bcresnet6,volume_down,volume_down,0.8051,correct
20261001-132809,"living room, quiet with aircon, other phrasings",volume_down/volume_down_20261001-133111-538.wav,volume_down,Lower the volume,end_of_speech,4.0,1.22,3.0,4.0,bcresnet6_ownernoise,volume_down,volume_down,0.8679,correct
20261001-132809,"living room, quiet with aircon, other phrasings",volume_down/volume_down_20261001-133111-538.wav,volume_down,Lower the volume,end_of_speech,4.0,1.22,3.5,4.0,bcresnet6,volume_down,volume_down,0.8067,correct
20261001-132809,"living room, quiet with aircon, other phrasings",volume_down/volume_down_20261001-133111-538.wav,volume_down,Lower the volume,end_of_speech,4.0,1.22,3.5,4.0,bcresnet6_ownernoise,volume_down,volume_down,0.8679,correct
20261001-132809,"living room, quiet with aircon, other phrasings",volume_down/volume_down_20261001-133111-538.wav,volume_down,Lower the volume,end_of_speech,4.0,1.22,4.0,4.0,bcresnet6,volume_down,volume_down,0.8035,correct
20261001-132809,"living room, quiet with aircon, other phrasings",volume_down/volume_down_20261001-133111-538.wav,volume_down,Lower the volume,end_of_speech,4.0,1.22,4.0,4.0,bcresnet6_ownernoise,volume_down,volume_down,0.8671,correct
20261001-132809,"living room, quiet with aircon, other phrasings",volume_down/volume_down_20261001-133111-538.wav,volume_down,Lower the volume,end_of_speech,4.0,1.22,4.5,4.0,bcresnet6,volume_down,volume_down,0.8059,correct
20261001-132809,"living room, quiet with aircon, other phrasings",volume_down/volume_down_20261001-133111-538.wav,volume_down,Lower the volume,end_of_speech,4.0,1.22,4.5,4.0,bcresnet6_ownernoise,volume_down,volume_down,0.8665,correct
20261001-132809,"living room, quiet with aircon, other phrasings",volume_down/volume_down_20261001-133111-538.wav,volume_down,Lower the volume,end_of_speech,4.0,1.22,6.0,4.0,bcresnet6,volume_down,volume_down,0.8028,correct
20261001-132809,"living room, quiet with aircon, other phrasings",volume_down/volume_down_20261001-133111-538.wav,volume_down,Lower the volume,end_of_speech,4.0,1.22,6.0,4.0,bcresnet6_ownernoise,volume_down,volume_down,0.8663,correct
20261001-132809,"living room, quiet with aircon, other phrasings",call_jane/call_jane_20261001-133116-187.wav,call_jane,Call Jane,end_of_speech,2.6,1.08,2.5,2.6,bcresnet6,call_jane,call_jane,0.967,correct
20261001-132809,"living room, quiet with aircon, other phrasings",call_jane/call_jane_20261001-133116-187.wav,call_jane,Call Jane,end_of_speech,2.6,1.08,2.5,2.6,bcresnet6_ownernoise,call_jane,call_jane,0.9837,correct
20261001-132809,"living room, quiet with aircon, other phrasings",call_jane/call_jane_20261001-133116-187.wav,call_jane,Call Jane,end_of_speech,2.6,1.08,3.0,2.6,bcresnet6,call_jane,call_jane,0.967,correct
20261001-132809,"living room, quiet with aircon, other phrasings",call_jane/call_jane_20261001-133116-187.wav,call_jane,Call Jane,end_of_speech,2.6,1.08,3.0,2.6,bcresnet6_ownernoise,call_jane,call_jane,0.9835,correct
20261001-132809,"living room, quiet with aircon, other phrasings",call_jane/call_jane_20261001-133116-187.wav,call_jane,Call Jane,end_of_speech,2.6,1.08,3.5,2.6,bcresnet6,call_jane,call_jane,0.967,correct
20261001-132809,"living room, quiet with aircon, other phrasings",call_jane/call_jane_20261001-133116-187.wav,call_jane,Call Jane,end_of_speech,2.6,1.08,3.5,2.6,bcresnet6_ownernoise,call_jane,call_jane,0.9838,correct
20261001-132809,"living room, quiet with aircon, other phrasings",call_jane/call_jane_20261001-133116-187.wav,call_jane,Call Jane,end_of_speech,2.6,1.08,4.0,2.6,bcresnet6,call_jane,call_jane,0.9674,correct
20261001-132809,"living room, quiet with aircon, other phrasings",call_jane/call_jane_20261001-133116-187.wav,call_jane,Call Jane,end_of_speech,2.6,1.08,4.0,2.6,bcresnet6_ownernoise,call_jane,call_jane,0.9838,correct
20261001-132809,"living room, quiet with aircon, other phrasings",call_jane/call_jane_20261001-133116-187.wav,call_jane,Call Jane,end_of_speech,2.6,1.08,4.5,2.6,bcresnet6,call_jane,call_jane,0.9676,correct
20261001-132809,"living room, quiet with aircon, other phrasings",call_jane/call_jane_20261001-133116-187.wav,call_jane,Call Jane,end_of_speech,2.6,1.08,4.5,2.6,bcresnet6_ownernoise,call_jane,call_jane,0.9837,correct
20261001-132809,"living room, quiet with aircon, other phrasings",call_jane/call_jane_20261001-133116-187.wav,call_jane,Call Jane,end_of_speech,2.6,1.08,6.0,2.6,bcresnet6,call_jane,call_jane,0.9673,correct
20261001-132809,"living room, quiet with aircon, other phrasings",call_jane/call_jane_20261001-133116-187.wav,call_jane,Call Jane,end_of_speech,2.6,1.08,6.0,2.6,bcresnet6_ownernoise,call_jane,call_jane,0.9837,correct
20261001-132809,"living room, quiet with aircon, other phrasings",weather/weather_20261001-133120-761.wav,weather,Weather today,end_of_speech,3.2,1.24,2.5,3.2,bcresnet6,unknown,unknown,0.9045,asks again
20261001-132809,"living room, quiet with aircon, other phrasings",weather/weather_20261001-133120-761.wav,weather,Weather today,end_of_speech,3.2,1.24,2.5,3.2,bcresnet6_ownernoise,unknown,unknown,0.7443,asks again
20261001-132809,"living room, quiet with aircon, other phrasings",weather/weather_20261001-133120-761.wav,weather,Weather today,end_of_speech,3.2,1.24,3.0,3.2,bcresnet6,unknown,unknown,0.9056,asks again
20261001-132809,"living room, quiet with aircon, other phrasings",weather/weather_20261001-133120-761.wav,weather,Weather today,end_of_speech,3.2,1.24,3.0,3.2,bcresnet6_ownernoise,unknown,unknown,0.744,asks again
20261001-132809,"living room, quiet with aircon, other phrasings",weather/weather_20261001-133120-761.wav,weather,Weather today,end_of_speech,3.2,1.24,3.5,3.2,bcresnet6,unknown,unknown,0.9033,asks again
20261001-132809,"living room, quiet with aircon, other phrasings",weather/weather_20261001-133120-761.wav,weather,Weather today,end_of_speech,3.2,1.24,3.5,3.2,bcresnet6_ownernoise,unknown,unknown,0.7431,asks again
20261001-132809,"living room, quiet with aircon, other phrasings",weather/weather_20261001-133120-761.wav,weather,Weather today,end_of_speech,3.2,1.24,4.0,3.2,bcresnet6,unknown,unknown,0.9034,asks again
20261001-132809,"living room, quiet with aircon, other phrasings",weather/weather_20261001-133120-761.wav,weather,Weather today,end_of_speech,3.2,1.24,4.0,3.2,bcresnet6_ownernoise,unknown,unknown,0.7486,asks again
20261001-132809,"living room, quiet with aircon, other phrasings",weather/weather_20261001-133120-761.wav,weather,Weather today,end_of_speech,3.2,1.24,4.5,3.2,bcresnet6,unknown,unknown,0.9048,asks again
20261001-132809,"living room, quiet with aircon, other phrasings",weather/weather_20261001-133120-761.wav,weather,Weather today,end_of_speech,3.2,1.24,4.5,3.2,bcresnet6_ownernoise,unknown,unknown,0.7449,asks again
20261001-132809,"living room, quiet with aircon, other phrasings",weather/weather_20261001-133120-761.wav,weather,Weather today,end_of_speech,3.2,1.24,6.0,3.2,bcresnet6,unknown,unknown,0.9038,asks again
20261001-132809,"living room, quiet with aircon, other phrasings",weather/weather_20261001-133120-761.wav,weather,Weather today,end_of_speech,3.2,1.24,6.0,3.2,bcresnet6_ownernoise,unknown,unknown,0.7423,asks again
20261001-132809,"living room, quiet with aircon, other phrasings",remind_study/remind_study_20261001-133125-621.wav,remind_study,Remind me to study,end_of_speech,3.4,1.9,2.5,3.4,bcresnet6,remind_study,remind_study,0.6429,correct
20261001-132809,"living room, quiet with aircon, other phrasings",remind_study/remind_study_20261001-133125-621.wav,remind_study,Remind me to study,end_of_speech,3.4,1.9,2.5,3.4,bcresnet6_ownernoise,remind_study,remind_study,0.5852,correct
20261001-132809,"living room, quiet with aircon, other phrasings",remind_study/remind_study_20261001-133125-621.wav,remind_study,Remind me to study,end_of_speech,3.4,1.9,3.0,3.4,bcresnet6,remind_study,remind_study,0.646,correct
20261001-132809,"living room, quiet with aircon, other phrasings",remind_study/remind_study_20261001-133125-621.wav,remind_study,Remind me to study,end_of_speech,3.4,1.9,3.0,3.4,bcresnet6_ownernoise,remind_study,remind_study,0.5811,correct
20261001-132809,"living room, quiet with aircon, other phrasings",remind_study/remind_study_20261001-133125-621.wav,remind_study,Remind me to study,end_of_speech,3.4,1.9,3.5,3.4,bcresnet6,remind_study,remind_study,0.6403,correct
20261001-132809,"living room, quiet with aircon, other phrasings",remind_study/remind_study_20261001-133125-621.wav,remind_study,Remind me to study,end_of_speech,3.4,1.9,3.5,3.4,bcresnet6_ownernoise,remind_study,remind_study,0.5819,correct
20261001-132809,"living room, quiet with aircon, other phrasings",remind_study/remind_study_20261001-133125-621.wav,remind_study,Remind me to study,end_of_speech,3.4,1.9,4.0,3.4,bcresnet6,remind_study,remind_study,0.6388,correct
20261001-132809,"living room, quiet with aircon, other phrasings",remind_study/remind_study_20261001-133125-621.wav,remind_study,Remind me to study,end_of_speech,3.4,1.9,4.0,3.4,bcresnet6_ownernoise,remind_study,remind_study,0.5828,correct
20261001-132809,"living room, quiet with aircon, other phrasings",remind_study/remind_study_20261001-133125-621.wav,remind_study,Remind me to study,end_of_speech,3.4,1.9,4.5,3.4,bcresnet6,remind_study,remind_study,0.6459,correct
20261001-132809,"living room, quiet with aircon, other phrasings",remind_study/remind_study_20261001-133125-621.wav,remind_study,Remind me to study,end_of_speech,3.4,1.9,4.5,3.4,bcresnet6_ownernoise,remind_study,remind_study,0.5815,correct
20261001-132809,"living room, quiet with aircon, other phrasings",remind_study/remind_study_20261001-133125-621.wav,remind_study,Remind me to study,end_of_speech,3.4,1.9,6.0,3.4,bcresnet6,remind_study,remind_study,0.6445,correct
20261001-132809,"living room, quiet with aircon, other phrasings",remind_study/remind_study_20261001-133125-621.wav,remind_study,Remind me to study,end_of_speech,3.4,1.9,6.0,3.4,bcresnet6_ownernoise,remind_study,remind_study,0.5857,correct
20261001-132809,"living room, quiet with aircon, other phrasings",pause/pause_20261001-133132-528.wav,pause,Pause it,end_of_speech,2.6,1.16,2.5,2.6,bcresnet6,call_jane,call_jane,0.4943,WRONG
20261001-132809,"living room, quiet with aircon, other phrasings",pause/pause_20261001-133132-528.wav,pause,Pause it,end_of_speech,2.6,1.16,2.5,2.6,bcresnet6_ownernoise,pause,pause,0.7932,correct
20261001-132809,"living room, quiet with aircon, other phrasings",pause/pause_20261001-133132-528.wav,pause,Pause it,end_of_speech,2.6,1.16,3.0,2.6,bcresnet6,call_jane,call_jane,0.498,WRONG
20261001-132809,"living room, quiet with aircon, other phrasings",pause/pause_20261001-133132-528.wav,pause,Pause it,end_of_speech,2.6,1.16,3.0,2.6,bcresnet6_ownernoise,pause,pause,0.7909,correct
20261001-132809,"living room, quiet with aircon, other phrasings",pause/pause_20261001-133132-528.wav,pause,Pause it,end_of_speech,2.6,1.16,3.5,2.6,bcresnet6,call_jane,call_jane,0.4957,WRONG
20261001-132809,"living room, quiet with aircon, other phrasings",pause/pause_20261001-133132-528.wav,pause,Pause it,end_of_speech,2.6,1.16,3.5,2.6,bcresnet6_ownernoise,pause,pause,0.7913,correct
20261001-132809,"living room, quiet with aircon, other phrasings",pause/pause_20261001-133132-528.wav,pause,Pause it,end_of_speech,2.6,1.16,4.0,2.6,bcresnet6,call_jane,call_jane,0.498,WRONG
20261001-132809,"living room, quiet with aircon, other phrasings",pause/pause_20261001-133132-528.wav,pause,Pause it,end_of_speech,2.6,1.16,4.0,2.6,bcresnet6_ownernoise,pause,pause,0.793,correct
20261001-132809,"living room, quiet with aircon, other phrasings",pause/pause_20261001-133132-528.wav,pause,Pause it,end_of_speech,2.6,1.16,4.5,2.6,bcresnet6,call_jane,call_jane,0.4931,WRONG
20261001-132809,"living room, quiet with aircon, other phrasings",pause/pause_20261001-133132-528.wav,pause,Pause it,end_of_speech,2.6,1.16,4.5,2.6,bcresnet6_ownernoise,pause,pause,0.7922,correct
20261001-132809,"living room, quiet with aircon, other phrasings",pause/pause_20261001-133132-528.wav,pause,Pause it,end_of_speech,2.6,1.16,6.0,2.6,bcresnet6,call_jane,call_jane,0.4947,WRONG
20261001-132809,"living room, quiet with aircon, other phrasings",pause/pause_20261001-133132-528.wav,pause,Pause it,end_of_speech,2.6,1.16,6.0,2.6,bcresnet6_ownernoise,pause,pause,0.7916,correct
20261001-132809,"living room, quiet with aircon, other phrasings",pause/pause_20261001-133141-656.wav,pause,Pause the music,end_of_speech,2.7,,2.5,2.7,bcresnet6,pause,pause,0.9763,correct
20261001-132809,"living room, quiet with aircon, other phrasings",pause/pause_20261001-133141-656.wav,pause,Pause the music,end_of_speech,2.7,,2.5,2.7,bcresnet6_ownernoise,pause,pause,0.9497,correct
20261001-132809,"living room, quiet with aircon, other phrasings",pause/pause_20261001-133141-656.wav,pause,Pause the music,end_of_speech,2.7,,3.0,2.7,bcresnet6,pause,pause,0.9762,correct
20261001-132809,"living room, quiet with aircon, other phrasings",pause/pause_20261001-133141-656.wav,pause,Pause the music,end_of_speech,2.7,,3.0,2.7,bcresnet6_ownernoise,pause,pause,0.9501,correct
20261001-132809,"living room, quiet with aircon, other phrasings",pause/pause_20261001-133141-656.wav,pause,Pause the music,end_of_speech,2.7,,3.5,2.7,bcresnet6,pause,pause,0.976,correct
20261001-132809,"living room, quiet with aircon, other phrasings",pause/pause_20261001-133141-656.wav,pause,Pause the music,end_of_speech,2.7,,3.5,2.7,bcresnet6_ownernoise,pause,pause,0.9493,correct
20261001-132809,"living room, quiet with aircon, other phrasings",pause/pause_20261001-133141-656.wav,pause,Pause the music,end_of_speech,2.7,,4.0,2.7,bcresnet6,pause,pause,0.9762,correct
20261001-132809,"living room, quiet with aircon, other phrasings",pause/pause_20261001-133141-656.wav,pause,Pause the music,end_of_speech,2.7,,4.0,2.7,bcresnet6_ownernoise,pause,pause,0.9504,correct
20261001-132809,"living room, quiet with aircon, other phrasings",pause/pause_20261001-133141-656.wav,pause,Pause the music,end_of_speech,2.7,,4.5,2.7,bcresnet6,pause,pause,0.9763,correct
20261001-132809,"living room, quiet with aircon, other phrasings",pause/pause_20261001-133141-656.wav,pause,Pause the music,end_of_speech,2.7,,4.5,2.7,bcresnet6_ownernoise,pause,pause,0.9506,correct
20261001-132809,"living room, quiet with aircon, other phrasings",pause/pause_20261001-133141-656.wav,pause,Pause the music,end_of_speech,2.7,,6.0,2.7,bcresnet6,pause,pause,0.9763,correct
20261001-132809,"living room, quiet with aircon, other phrasings",pause/pause_20261001-133141-656.wav,pause,Pause the music,end_of_speech,2.7,,6.0,2.7,bcresnet6_ownernoise,pause,pause,0.9495,correct
20261001-132809,"living room, quiet with aircon, other phrasings",set_temperature_18/set_temperature_18_20261001-133146-512.wav,set_temperature_18,Make it eighteen degrees,end_of_speech,3.1,,2.5,3.1,bcresnet6,unknown,set_temperature_18,0.1702,asks again
20261001-132809,"living room, quiet with aircon, other phrasings",set_temperature_18/set_temperature_18_20261001-133146-512.wav,set_temperature_18,Make it eighteen degrees,end_of_speech,3.1,,2.5,3.1,bcresnet6_ownernoise,unknown,set_temperature_18,0.1855,asks again
20261001-132809,"living room, quiet with aircon, other phrasings",set_temperature_18/set_temperature_18_20261001-133146-512.wav,set_temperature_18,Make it eighteen degrees,end_of_speech,3.1,,3.0,3.1,bcresnet6,unknown,set_temperature_18,0.1655,asks again
20261001-132809,"living room, quiet with aircon, other phrasings",set_temperature_18/set_temperature_18_20261001-133146-512.wav,set_temperature_18,Make it eighteen degrees,end_of_speech,3.1,,3.0,3.1,bcresnet6_ownernoise,unknown,set_temperature_18,0.1844,asks again
20261001-132809,"living room, quiet with aircon, other phrasings",set_temperature_18/set_temperature_18_20261001-133146-512.wav,set_temperature_18,Make it eighteen degrees,end_of_speech,3.1,,3.5,3.1,bcresnet6,unknown,set_temperature_18,0.1636,asks again
20261001-132809,"living room, quiet with aircon, other phrasings",set_temperature_18/set_temperature_18_20261001-133146-512.wav,set_temperature_18,Make it eighteen degrees,end_of_speech,3.1,,3.5,3.1,bcresnet6_ownernoise,unknown,set_temperature_18,0.185,asks again
20261001-132809,"living room, quiet with aircon, other phrasings",set_temperature_18/set_temperature_18_20261001-133146-512.wav,set_temperature_18,Make it eighteen degrees,end_of_speech,3.1,,4.0,3.1,bcresnet6,unknown,set_temperature_18,0.1602,asks again
20261001-132809,"living room, quiet with aircon, other phrasings",set_temperature_18/set_temperature_18_20261001-133146-512.wav,set_temperature_18,Make it eighteen degrees,end_of_speech,3.1,,4.0,3.1,bcresnet6_ownernoise,unknown,set_temperature_18,0.1851,asks again
20261001-132809,"living room, quiet with aircon, other phrasings",set_temperature_18/set_temperature_18_20261001-133146-512.wav,set_temperature_18,Make it eighteen degrees,end_of_speech,3.1,,4.5,3.1,bcresnet6,unknown,set_temperature_18,0.1629,asks again
20261001-132809,"living room, quiet with aircon, other phrasings",set_temperature_18/set_temperature_18_20261001-133146-512.wav,set_temperature_18,Make it eighteen degrees,end_of_speech,3.1,,4.5,3.1,bcresnet6_ownernoise,unknown,set_temperature_18,0.1836,asks again
20261001-132809,"living room, quiet with aircon, other phrasings",set_temperature_18/set_temperature_18_20261001-133146-512.wav,set_temperature_18,Make it eighteen degrees,end_of_speech,3.1,,6.0,3.1,bcresnet6,unknown,volume_up,0.162,asks again
20261001-132809,"living room, quiet with aircon, other phrasings",set_temperature_18/set_temperature_18_20261001-133146-512.wav,set_temperature_18,Make it eighteen degrees,end_of_speech,3.1,,6.0,3.1,bcresnet6_ownernoise,unknown,set_temperature_18,0.1831,asks again
20261001-132809,"living room, quiet with aircon, other phrasings",set_timer_5/set_timer_5_20261001-133154-840.wav,set_timer_5,Set a five minute timer,end_of_speech,3.7,1.46,2.5,3.7,bcresnet6,set_timer_5,set_timer_5,0.7048,correct
20261001-132809,"living room, quiet with aircon, other phrasings",set_timer_5/set_timer_5_20261001-133154-840.wav,set_timer_5,Set a five minute timer,end_of_speech,3.7,1.46,2.5,3.7,bcresnet6_ownernoise,unknown,unknown,0.3718,asks again
20261001-132809,"living room, quiet with aircon, other phrasings",set_timer_5/set_timer_5_20261001-133154-840.wav,set_timer_5,Set a five minute timer,end_of_speech,3.7,1.46,3.0,3.7,bcresnet6,set_timer_5,set_timer_5,0.702,correct
20261001-132809,"living room, quiet with aircon, other phrasings",set_timer_5/set_timer_5_20261001-133154-840.wav,set_timer_5,Set a five minute timer,end_of_speech,3.7,1.46,3.0,3.7,bcresnet6_ownernoise,unknown,unknown,0.3716,asks again
20261001-132809,"living room, quiet with aircon, other phrasings",set_timer_5/set_timer_5_20261001-133154-840.wav,set_timer_5,Set a five minute timer,end_of_speech,3.7,1.46,3.5,3.7,bcresnet6,set_timer_5,set_timer_5,0.7007,correct
20261001-132809,"living room, quiet with aircon, other phrasings",set_timer_5/set_timer_5_20261001-133154-840.wav,set_timer_5,Set a five minute timer,end_of_speech,3.7,1.46,3.5,3.7,bcresnet6_ownernoise,unknown,unknown,0.3722,asks again
20261001-132809,"living room, quiet with aircon, other phrasings",set_timer_5/set_timer_5_20261001-133154-840.wav,set_timer_5,Set a five minute timer,end_of_speech,3.7,1.46,4.0,3.7,bcresnet6,set_timer_5,set_timer_5,0.7018,correct
20261001-132809,"living room, quiet with aircon, other phrasings",set_timer_5/set_timer_5_20261001-133154-840.wav,set_timer_5,Set a five minute timer,end_of_speech,3.7,1.46,4.0,3.7,bcresnet6_ownernoise,unknown,unknown,0.3715,asks again
20261001-132809,"living room, quiet with aircon, other phrasings",set_timer_5/set_timer_5_20261001-133154-840.wav,set_timer_5,Set a five minute timer,end_of_speech,3.7,1.46,4.5,3.7,bcresnet6,set_timer_5,set_timer_5,0.7061,correct
20261001-132809,"living room, quiet with aircon, other phrasings",set_timer_5/set_timer_5_20261001-133154-840.wav,set_timer_5,Set a five minute timer,end_of_speech,3.7,1.46,4.5,3.7,bcresnet6_ownernoise,unknown,unknown,0.3766,asks again
20261001-132809,"living room, quiet with aircon, other phrasings",set_timer_5/set_timer_5_20261001-133154-840.wav,set_timer_5,Set a five minute timer,end_of_speech,3.7,1.46,6.0,3.7,bcresnet6,set_timer_5,set_timer_5,0.701,correct
20261001-132809,"living room, quiet with aircon, other phrasings",set_timer_5/set_timer_5_20261001-133154-840.wav,set_timer_5,Set a five minute timer,end_of_speech,3.7,1.46,6.0,3.7,bcresnet6_ownernoise,unknown,unknown,0.3771,asks again
20261001-132809,"living room, quiet with aircon, other phrasings",time/time_20261001-133202-549.wav,time,What's the time now?,end_of_speech,3.0,1.4,2.5,3.0,bcresnet6,time,time,0.7363,correct
20261001-132809,"living room, quiet with aircon, other phrasings",time/time_20261001-133202-549.wav,time,What's the time now?,end_of_speech,3.0,1.4,2.5,3.0,bcresnet6_ownernoise,unknown,weather,0.5316,asks again
20261001-132809,"living room, quiet with aircon, other phrasings",time/time_20261001-133202-549.wav,time,What's the time now?,end_of_speech,3.0,1.4,3.0,3.0,bcresnet6,time,time,0.7399,correct
20261001-132809,"living room, quiet with aircon, other phrasings",time/time_20261001-133202-549.wav,time,What's the time now?,end_of_speech,3.0,1.4,3.0,3.0,bcresnet6_ownernoise,unknown,weather,0.531,asks again
20261001-132809,"living room, quiet with aircon, other phrasings",time/time_20261001-133202-549.wav,time,What's the time now?,end_of_speech,3.0,1.4,3.5,3.0,bcresnet6,time,time,0.7388,correct
20261001-132809,"living room, quiet with aircon, other phrasings",time/time_20261001-133202-549.wav,time,What's the time now?,end_of_speech,3.0,1.4,3.5,3.0,bcresnet6_ownernoise,unknown,weather,0.5292,asks again
20261001-132809,"living room, quiet with aircon, other phrasings",time/time_20261001-133202-549.wav,time,What's the time now?,end_of_speech,3.0,1.4,4.0,3.0,bcresnet6,time,time,0.736,correct
20261001-132809,"living room, quiet with aircon, other phrasings",time/time_20261001-133202-549.wav,time,What's the time now?,end_of_speech,3.0,1.4,4.0,3.0,bcresnet6_ownernoise,unknown,weather,0.5248,asks again
20261001-132809,"living room, quiet with aircon, other phrasings",time/time_20261001-133202-549.wav,time,What's the time now?,end_of_speech,3.0,1.4,4.5,3.0,bcresnet6,time,time,0.7391,correct
20261001-132809,"living room, quiet with aircon, other phrasings",time/time_20261001-133202-549.wav,time,What's the time now?,end_of_speech,3.0,1.4,4.5,3.0,bcresnet6_ownernoise,unknown,weather,0.5316,asks again
20261001-132809,"living room, quiet with aircon, other phrasings",time/time_20261001-133202-549.wav,time,What's the time now?,end_of_speech,3.0,1.4,6.0,3.0,bcresnet6,time,time,0.7385,correct
20261001-132809,"living room, quiet with aircon, other phrasings",time/time_20261001-133202-549.wav,time,What's the time now?,end_of_speech,3.0,1.4,6.0,3.0,bcresnet6_ownernoise,unknown,weather,0.5336,asks again
20261001-132809,"living room, quiet with aircon, other phrasings",lights_off/lights_off_20261001-133207-505.wav,lights_off,Switch off the lights,end_of_speech,3.0,1.64,2.5,3.0,bcresnet6,lights_on,lights_on,0.657,WRONG
20261001-132809,"living room, quiet with aircon, other phrasings",lights_off/lights_off_20261001-133207-505.wav,lights_off,Switch off the lights,end_of_speech,3.0,1.64,2.5,3.0,bcresnet6_ownernoise,lights_on,lights_on,0.6193,WRONG
20261001-132809,"living room, quiet with aircon, other phrasings",lights_off/lights_off_20261001-133207-505.wav,lights_off,Switch off the lights,end_of_speech,3.0,1.64,3.0,3.0,bcresnet6,lights_on,lights_on,0.6537,WRONG
20261001-132809,"living room, quiet with aircon, other phrasings",lights_off/lights_off_20261001-133207-505.wav,lights_off,Switch off the lights,end_of_speech,3.0,1.64,3.0,3.0,bcresnet6_ownernoise,lights_on,lights_on,0.619,WRONG
20261001-132809,"living room, quiet with aircon, other phrasings",lights_off/lights_off_20261001-133207-505.wav,lights_off,Switch off the lights,end_of_speech,3.0,1.64,3.5,3.0,bcresnet6,lights_on,lights_on,0.6552,WRONG
20261001-132809,"living room, quiet with aircon, other phrasings",lights_off/lights_off_20261001-133207-505.wav,lights_off,Switch off the lights,end_of_speech,3.0,1.64,3.5,3.0,bcresnet6_ownernoise,lights_on,lights_on,0.6206,WRONG
20261001-132809,"living room, quiet with aircon, other phrasings",lights_off/lights_off_20261001-133207-505.wav,lights_off,Switch off the lights,end_of_speech,3.0,1.64,4.0,3.0,bcresnet6,lights_on,lights_on,0.656,WRONG
20261001-132809,"living room, quiet with aircon, other phrasings",lights_off/lights_off_20261001-133207-505.wav,lights_off,Switch off the lights,end_of_speech,3.0,1.64,4.0,3.0,bcresnet6_ownernoise,lights_on,lights_on,0.6202,WRONG
20261001-132809,"living room, quiet with aircon, other phrasings",lights_off/lights_off_20261001-133207-505.wav,lights_off,Switch off the lights,end_of_speech,3.0,1.64,4.5,3.0,bcresnet6,lights_on,lights_on,0.6549,WRONG
20261001-132809,"living room, quiet with aircon, other phrasings",lights_off/lights_off_20261001-133207-505.wav,lights_off,Switch off the lights,end_of_speech,3.0,1.64,4.5,3.0,bcresnet6_ownernoise,lights_on,lights_on,0.6199,WRONG
20261001-132809,"living room, quiet with aircon, other phrasings",lights_off/lights_off_20261001-133207-505.wav,lights_off,Switch off the lights,end_of_speech,3.0,1.64,6.0,3.0,bcresnet6,lights_on,lights_on,0.652,WRONG
20261001-132809,"living room, quiet with aircon, other phrasings",lights_off/lights_off_20261001-133207-505.wav,lights_off,Switch off the lights,end_of_speech,3.0,1.64,6.0,3.0,bcresnet6_ownernoise,lights_on,lights_on,0.6187,WRONG
20261001-132809,"living room, quiet with aircon, other phrasings",text_jane/text_jane_20261001-133211-878.wav,text_jane,Text Jane,end_of_speech,2.9,,2.5,2.9,bcresnet6,text_jane,text_jane,0.9791,correct
20261001-132809,"living room, quiet with aircon, other phrasings",text_jane/text_jane_20261001-133211-878.wav,text_jane,Text Jane,end_of_speech,2.9,,2.5,2.9,bcresnet6_ownernoise,text_jane,text_jane,0.9815,correct
20261001-132809,"living room, quiet with aircon, other phrasings",text_jane/text_jane_20261001-133211-878.wav,text_jane,Text Jane,end_of_speech,2.9,,3.0,2.9,bcresnet6,text_jane,text_jane,0.9791,correct
20261001-132809,"living room, quiet with aircon, other phrasings",text_jane/text_jane_20261001-133211-878.wav,text_jane,Text Jane,end_of_speech,2.9,,3.0,2.9,bcresnet6_ownernoise,text_jane,text_jane,0.9819,correct
20261001-132809,"living room, quiet with aircon, other phrasings",text_jane/text_jane_20261001-133211-878.wav,text_jane,Text Jane,end_of_speech,2.9,,3.5,2.9,bcresnet6,text_jane,text_jane,0.9789,correct
20261001-132809,"living room, quiet with aircon, other phrasings",text_jane/text_jane_20261001-133211-878.wav,text_jane,Text Jane,end_of_speech,2.9,,3.5,2.9,bcresnet6_ownernoise,text_jane,text_jane,0.9819,correct
20261001-132809,"living room, quiet with aircon, other phrasings",text_jane/text_jane_20261001-133211-878.wav,text_jane,Text Jane,end_of_speech,2.9,,4.0,2.9,bcresnet6,text_jane,text_jane,0.9789,correct
20261001-132809,"living room, quiet with aircon, other phrasings",text_jane/text_jane_20261001-133211-878.wav,text_jane,Text Jane,end_of_speech,2.9,,4.0,2.9,bcresnet6_ownernoise,text_jane,text_jane,0.9816,correct
20261001-132809,"living room, quiet with aircon, other phrasings",text_jane/text_jane_20261001-133211-878.wav,text_jane,Text Jane,end_of_speech,2.9,,4.5,2.9,bcresnet6,text_jane,text_jane,0.9787,correct
20261001-132809,"living room, quiet with aircon, other phrasings",text_jane/text_jane_20261001-133211-878.wav,text_jane,Text Jane,end_of_speech,2.9,,4.5,2.9,bcresnet6_ownernoise,text_jane,text_jane,0.9818,correct
20261001-132809,"living room, quiet with aircon, other phrasings",text_jane/text_jane_20261001-133211-878.wav,text_jane,Text Jane,end_of_speech,2.9,,6.0,2.9,bcresnet6,text_jane,text_jane,0.9789,correct
20261001-132809,"living room, quiet with aircon, other phrasings",text_jane/text_jane_20261001-133211-878.wav,text_jane,Text Jane,end_of_speech,2.9,,6.0,2.9,bcresnet6_ownernoise,text_jane,text_jane,0.9815,correct
20261001-132809,"living room, quiet with aircon, other phrasings",next/next_20261001-133220-399.wav,next,Next song,end_of_speech,3.0,,2.5,3.0,bcresnet6,unknown,unknown,0.3296,asks again
20261001-132809,"living room, quiet with aircon, other phrasings",next/next_20261001-133220-399.wav,next,Next song,end_of_speech,3.0,,2.5,3.0,bcresnet6_ownernoise,next,next,0.8077,correct
20261001-132809,"living room, quiet with aircon, other phrasings",next/next_20261001-133220-399.wav,next,Next song,end_of_speech,3.0,,3.0,3.0,bcresnet6,unknown,unknown,0.3266,asks again
20261001-132809,"living room, quiet with aircon, other phrasings",next/next_20261001-133220-399.wav,next,Next song,end_of_speech,3.0,,3.0,3.0,bcresnet6_ownernoise,next,next,0.8106,correct
20261001-132809,"living room, quiet with aircon, other phrasings",next/next_20261001-133220-399.wav,next,Next song,end_of_speech,3.0,,3.5,3.0,bcresnet6,unknown,unknown,0.3306,asks again
20261001-132809,"living room, quiet with aircon, other phrasings",next/next_20261001-133220-399.wav,next,Next song,end_of_speech,3.0,,3.5,3.0,bcresnet6_ownernoise,next,next,0.8122,correct
20261001-132809,"living room, quiet with aircon, other phrasings",next/next_20261001-133220-399.wav,next,Next song,end_of_speech,3.0,,4.0,3.0,bcresnet6,unknown,unknown,0.326,asks again
20261001-132809,"living room, quiet with aircon, other phrasings",next/next_20261001-133220-399.wav,next,Next song,end_of_speech,3.0,,4.0,3.0,bcresnet6_ownernoise,next,next,0.8116,correct
20261001-132809,"living room, quiet with aircon, other phrasings",next/next_20261001-133220-399.wav,next,Next song,end_of_speech,3.0,,4.5,3.0,bcresnet6,unknown,unknown,0.3319,asks again
20261001-132809,"living room, quiet with aircon, other phrasings",next/next_20261001-133220-399.wav,next,Next song,end_of_speech,3.0,,4.5,3.0,bcresnet6_ownernoise,next,next,0.8103,correct
20261001-132809,"living room, quiet with aircon, other phrasings",next/next_20261001-133220-399.wav,next,Next song,end_of_speech,3.0,,6.0,3.0,bcresnet6,unknown,unknown,0.3329,asks again
20261001-132809,"living room, quiet with aircon, other phrasings",next/next_20261001-133220-399.wav,next,Next song,end_of_speech,3.0,,6.0,3.0,bcresnet6_ownernoise,next,next,0.8106,correct
20261001-132809,"living room, quiet with aircon, other phrasings",set_timer_5/set_timer_5_20261001-133226-278.wav,set_timer_5,Start a timer for five minutes,end_of_speech,3.7,1.52,2.5,3.7,bcresnet6,set_timer_5,set_timer_5,0.9788,correct
20261001-132809,"living room, quiet with aircon, other phrasings",set_timer_5/set_timer_5_20261001-133226-278.wav,set_timer_5,Start a timer for five minutes,end_of_speech,3.7,1.52,2.5,3.7,bcresnet6_ownernoise,set_timer_5,set_timer_5,0.9836,correct
20261001-132809,"living room, quiet with aircon, other phrasings",set_timer_5/set_timer_5_20261001-133226-278.wav,set_timer_5,Start a timer for five minutes,end_of_speech,3.7,1.52,3.0,3.7,bcresnet6,set_timer_5,set_timer_5,0.9794,correct
20261001-132809,"living room, quiet with aircon, other phrasings",set_timer_5/set_timer_5_20261001-133226-278.wav,set_timer_5,Start a timer for five minutes,end_of_speech,3.7,1.52,3.0,3.7,bcresnet6_ownernoise,set_timer_5,set_timer_5,0.9834,correct
20261001-132809,"living room, quiet with aircon, other phrasings",set_timer_5/set_timer_5_20261001-133226-278.wav,set_timer_5,Start a timer for five minutes,end_of_speech,3.7,1.52,3.5,3.7,bcresnet6,set_timer_5,set_timer_5,0.9788,correct
20261001-132809,"living room, quiet with aircon, other phrasings",set_timer_5/set_timer_5_20261001-133226-278.wav,set_timer_5,Start a timer for five minutes,end_of_speech,3.7,1.52,3.5,3.7,bcresnet6_ownernoise,set_timer_5,set_timer_5,0.9836,correct
20261001-132809,"living room, quiet with aircon, other phrasings",set_timer_5/set_timer_5_20261001-133226-278.wav,set_timer_5,Start a timer for five minutes,end_of_speech,3.7,1.52,4.0,3.7,bcresnet6,set_timer_5,set_timer_5,0.9793,correct
20261001-132809,"living room, quiet with aircon, other phrasings",set_timer_5/set_timer_5_20261001-133226-278.wav,set_timer_5,Start a timer for five minutes,end_of_speech,3.7,1.52,4.0,3.7,bcresnet6_ownernoise,set_timer_5,set_timer_5,0.9836,correct
20261001-132809,"living room, quiet with aircon, other phrasings",set_timer_5/set_timer_5_20261001-133226-278.wav,set_timer_5,Start a timer for five minutes,end_of_speech,3.7,1.52,4.5,3.7,bcresnet6,set_timer_5,set_timer_5,0.979,correct
20261001-132809,"living room, quiet with aircon, other phrasings",set_timer_5/set_timer_5_20261001-133226-278.wav,set_timer_5,Start a timer for five minutes,end_of_speech,3.7,1.52,4.5,3.7,bcresnet6_ownernoise,set_timer_5,set_timer_5,0.9836,correct
20261001-132809,"living room, quiet with aircon, other phrasings",set_timer_5/set_timer_5_20261001-133226-278.wav,set_timer_5,Start a timer for five minutes,end_of_speech,3.7,1.52,6.0,3.7,bcresnet6,set_timer_5,set_timer_5,0.9792,correct
20261001-132809,"living room, quiet with aircon, other phrasings",set_timer_5/set_timer_5_20261001-133226-278.wav,set_timer_5,Start a timer for five minutes,end_of_speech,3.7,1.52,6.0,3.7,bcresnet6_ownernoise,set_timer_5,set_timer_5,0.9836,correct
20261001-132809,"living room, quiet with aircon, other phrasings",party/party_20261001-133232-263.wav,party,Party time,end_of_speech,3.6,1.2,2.5,3.6,bcresnet6,party,party,0.8126,correct
20261001-132809,"living room, quiet with aircon, other phrasings",party/party_20261001-133232-263.wav,party,Party time,end_of_speech,3.6,1.2,2.5,3.6,bcresnet6_ownernoise,party,party,0.9016,correct
20261001-132809,"living room, quiet with aircon, other phrasings",party/party_20261001-133232-263.wav,party,Party time,end_of_speech,3.6,1.2,3.0,3.6,bcresnet6,party,party,0.8089,correct
20261001-132809,"living room, quiet with aircon, other phrasings",party/party_20261001-133232-263.wav,party,Party time,end_of_speech,3.6,1.2,3.0,3.6,bcresnet6_ownernoise,party,party,0.9002,correct
20261001-132809,"living room, quiet with aircon, other phrasings",party/party_20261001-133232-263.wav,party,Party time,end_of_speech,3.6,1.2,3.5,3.6,bcresnet6,party,party,0.8107,correct
20261001-132809,"living room, quiet with aircon, other phrasings",party/party_20261001-133232-263.wav,party,Party time,end_of_speech,3.6,1.2,3.5,3.6,bcresnet6_ownernoise,party,party,0.9017,correct
20261001-132809,"living room, quiet with aircon, other phrasings",party/party_20261001-133232-263.wav,party,Party time,end_of_speech,3.6,1.2,4.0,3.6,bcresnet6,party,party,0.811,correct
20261001-132809,"living room, quiet with aircon, other phrasings",party/party_20261001-133232-263.wav,party,Party time,end_of_speech,3.6,1.2,4.0,3.6,bcresnet6_ownernoise,party,party,0.9014,correct
20261001-132809,"living room, quiet with aircon, other phrasings",party/party_20261001-133232-263.wav,party,Party time,end_of_speech,3.6,1.2,4.5,3.6,bcresnet6,party,party,0.8105,correct
20261001-132809,"living room, quiet with aircon, other phrasings",party/party_20261001-133232-263.wav,party,Party time,end_of_speech,3.6,1.2,4.5,3.6,bcresnet6_ownernoise,party,party,0.9007,correct
20261001-132809,"living room, quiet with aircon, other phrasings",party/party_20261001-133232-263.wav,party,Party time,end_of_speech,3.6,1.2,6.0,3.6,bcresnet6,party,party,0.8101,correct
20261001-132809,"living room, quiet with aircon, other phrasings",party/party_20261001-133232-263.wav,party,Party time,end_of_speech,3.6,1.2,6.0,3.6,bcresnet6_ownernoise,party,party,0.9018,correct
20261001-132809,"living room, quiet with aircon, other phrasings",set_timer_1/set_timer_1_20261001-133237-738.wav,set_timer_1,Set a one minute timer,end_of_speech,3.7,1.7,2.5,3.7,bcresnet6,unknown,unknown,0.7163,asks again
20261001-132809,"living room, quiet with aircon, other phrasings",set_timer_1/set_timer_1_20261001-133237-738.wav,set_timer_1,Set a one minute timer,end_of_speech,3.7,1.7,2.5,3.7,bcresnet6_ownernoise,unknown,unknown,0.7514,asks again
20261001-132809,"living room, quiet with aircon, other phrasings",set_timer_1/set_timer_1_20261001-133237-738.wav,set_timer_1,Set a one minute timer,end_of_speech,3.7,1.7,3.0,3.7,bcresnet6,unknown,unknown,0.7129,asks again
20261001-132809,"living room, quiet with aircon, other phrasings",set_timer_1/set_timer_1_20261001-133237-738.wav,set_timer_1,Set a one minute timer,end_of_speech,3.7,1.7,3.0,3.7,bcresnet6_ownernoise,unknown,unknown,0.7517,asks again
20261001-132809,"living room, quiet with aircon, other phrasings",set_timer_1/set_timer_1_20261001-133237-738.wav,set_timer_1,Set a one minute timer,end_of_speech,3.7,1.7,3.5,3.7,bcresnet6,unknown,unknown,0.7148,asks again
20261001-132809,"living room, quiet with aircon, other phrasings",set_timer_1/set_timer_1_20261001-133237-738.wav,set_timer_1,Set a one minute timer,end_of_speech,3.7,1.7,3.5,3.7,bcresnet6_ownernoise,unknown,unknown,0.7484,asks again
20261001-132809,"living room, quiet with aircon, other phrasings",set_timer_1/set_timer_1_20261001-133237-738.wav,set_timer_1,Set a one minute timer,end_of_speech,3.7,1.7,4.0,3.7,bcresnet6,unknown,unknown,0.7118,asks again
20261001-132809,"living room, quiet with aircon, other phrasings",set_timer_1/set_timer_1_20261001-133237-738.wav,set_timer_1,Set a one minute timer,end_of_speech,3.7,1.7,4.0,3.7,bcresnet6_ownernoise,unknown,unknown,0.7547,asks again
20261001-132809,"living room, quiet with aircon, other phrasings",set_timer_1/set_timer_1_20261001-133237-738.wav,set_timer_1,Set a one minute timer,end_of_speech,3.7,1.7,4.5,3.7,bcresnet6,unknown,unknown,0.7116,asks again
20261001-132809,"living room, quiet with aircon, other phrasings",set_timer_1/set_timer_1_20261001-133237-738.wav,set_timer_1,Set a one minute timer,end_of_speech,3.7,1.7,4.5,3.7,bcresnet6_ownernoise,unknown,unknown,0.7522,asks again
20261001-132809,"living room, quiet with aircon, other phrasings",set_timer_1/set_timer_1_20261001-133237-738.wav,set_timer_1,Set a one minute timer,end_of_speech,3.7,1.7,6.0,3.7,bcresnet6,unknown,unknown,0.7128,asks again
20261001-132809,"living room, quiet with aircon, other phrasings",set_timer_1/set_timer_1_20261001-133237-738.wav,set_timer_1,Set a one minute timer,end_of_speech,3.7,1.7,6.0,3.7,bcresnet6_ownernoise,unknown,unknown,0.7504,asks again
20261001-132809,"living room, quiet with aircon, other phrasings",set_alarm_6am/set_alarm_6am_20261001-133243-316.wav,set_alarm_6am,Set an alarm for six A M,end_of_speech,3.6,1.26,2.5,3.6,bcresnet6,set_alarm_6am,set_alarm_6am,0.9701,correct
20261001-132809,"living room, quiet with aircon, other phrasings",set_alarm_6am/set_alarm_6am_20261001-133243-316.wav,set_alarm_6am,Set an alarm for six A M,end_of_speech,3.6,1.26,2.5,3.6,bcresnet6_ownernoise,set_alarm_6am,set_alarm_6am,0.962,correct
20261001-132809,"living room, quiet with aircon, other phrasings",set_alarm_6am/set_alarm_6am_20261001-133243-316.wav,set_alarm_6am,Set an alarm for six A M,end_of_speech,3.6,1.26,3.0,3.6,bcresnet6,set_alarm_6am,set_alarm_6am,0.9703,correct
20261001-132809,"living room, quiet with aircon, other phrasings",set_alarm_6am/set_alarm_6am_20261001-133243-316.wav,set_alarm_6am,Set an alarm for six A M,end_of_speech,3.6,1.26,3.0,3.6,bcresnet6_ownernoise,set_alarm_6am,set_alarm_6am,0.9622,correct
20261001-132809,"living room, quiet with aircon, other phrasings",set_alarm_6am/set_alarm_6am_20261001-133243-316.wav,set_alarm_6am,Set an alarm for six A M,end_of_speech,3.6,1.26,3.5,3.6,bcresnet6,set_alarm_6am,set_alarm_6am,0.9707,correct
20261001-132809,"living room, quiet with aircon, other phrasings",set_alarm_6am/set_alarm_6am_20261001-133243-316.wav,set_alarm_6am,Set an alarm for six A M,end_of_speech,3.6,1.26,3.5,3.6,bcresnet6_ownernoise,set_alarm_6am,set_alarm_6am,0.9622,correct
20261001-132809,"living room, quiet with aircon, other phrasings",set_alarm_6am/set_alarm_6am_20261001-133243-316.wav,set_alarm_6am,Set an alarm for six A M,end_of_speech,3.6,1.26,4.0,3.6,bcresnet6,set_alarm_6am,set_alarm_6am,0.9701,correct
20261001-132809,"living room, quiet with aircon, other phrasings",set_alarm_6am/set_alarm_6am_20261001-133243-316.wav,set_alarm_6am,Set an alarm for six A M,end_of_speech,3.6,1.26,4.0,3.6,bcresnet6_ownernoise,set_alarm_6am,set_alarm_6am,0.9619,correct
20261001-132809,"living room, quiet with aircon, other phrasings",set_alarm_6am/set_alarm_6am_20261001-133243-316.wav,set_alarm_6am,Set an alarm for six A M,end_of_speech,3.6,1.26,4.5,3.6,bcresnet6,set_alarm_6am,set_alarm_6am,0.9701,correct
20261001-132809,"living room, quiet with aircon, other phrasings",set_alarm_6am/set_alarm_6am_20261001-133243-316.wav,set_alarm_6am,Set an alarm for six A M,end_of_speech,3.6,1.26,4.5,3.6,bcresnet6_ownernoise,set_alarm_6am,set_alarm_6am,0.9617,correct
20261001-132809,"living room, quiet with aircon, other phrasings",set_alarm_6am/set_alarm_6am_20261001-133243-316.wav,set_alarm_6am,Set an alarm for six A M,end_of_speech,3.6,1.26,6.0,3.6,bcresnet6,set_alarm_6am,set_alarm_6am,0.9699,correct
20261001-132809,"living room, quiet with aircon, other phrasings",set_alarm_6am/set_alarm_6am_20261001-133243-316.wav,set_alarm_6am,Set an alarm for six A M,end_of_speech,3.6,1.26,6.0,3.6,bcresnet6_ownernoise,set_alarm_6am,set_alarm_6am,0.9616,correct
20261001-132809,"living room, quiet with aircon, other phrasings",play/play_20261001-133248-275.wav,play,Continue playing,end_of_speech,3.3,1.34,2.5,3.3,bcresnet6,unknown,unknown,0.8059,asks again
20261001-132809,"living room, quiet with aircon, other phrasings",play/play_20261001-133248-275.wav,play,Continue playing,end_of_speech,3.3,1.34,2.5,3.3,bcresnet6_ownernoise,unknown,unknown,0.4234,asks again
20261001-132809,"living room, quiet with aircon, other phrasings",play/play_20261001-133248-275.wav,play,Continue playing,end_of_speech,3.3,1.34,3.0,3.3,bcresnet6,unknown,unknown,0.8054,asks again
20261001-132809,"living room, quiet with aircon, other phrasings",play/play_20261001-133248-275.wav,play,Continue playing,end_of_speech,3.3,1.34,3.0,3.3,bcresnet6_ownernoise,unknown,unknown,0.4186,asks again
20261001-132809,"living room, quiet with aircon, other phrasings",play/play_20261001-133248-275.wav,play,Continue playing,end_of_speech,3.3,1.34,3.5,3.3,bcresnet6,unknown,unknown,0.8048,asks again
20261001-132809,"living room, quiet with aircon, other phrasings",play/play_20261001-133248-275.wav,play,Continue playing,end_of_speech,3.3,1.34,3.5,3.3,bcresnet6_ownernoise,unknown,unknown,0.4193,asks again
20261001-132809,"living room, quiet with aircon, other phrasings",play/play_20261001-133248-275.wav,play,Continue playing,end_of_speech,3.3,1.34,4.0,3.3,bcresnet6,unknown,unknown,0.8045,asks again
20261001-132809,"living room, quiet with aircon, other phrasings",play/play_20261001-133248-275.wav,play,Continue playing,end_of_speech,3.3,1.34,4.0,3.3,bcresnet6_ownernoise,unknown,unknown,0.4206,asks again
20261001-132809,"living room, quiet with aircon, other phrasings",play/play_20261001-133248-275.wav,play,Continue playing,end_of_speech,3.3,1.34,4.5,3.3,bcresnet6,unknown,unknown,0.8049,asks again
20261001-132809,"living room, quiet with aircon, other phrasings",play/play_20261001-133248-275.wav,play,Continue playing,end_of_speech,3.3,1.34,4.5,3.3,bcresnet6_ownernoise,unknown,unknown,0.417,asks again
20261001-132809,"living room, quiet with aircon, other phrasings",play/play_20261001-133248-275.wav,play,Continue playing,end_of_speech,3.3,1.34,6.0,3.3,bcresnet6,unknown,unknown,0.8021,asks again
20261001-132809,"living room, quiet with aircon, other phrasings",play/play_20261001-133248-275.wav,play,Continue playing,end_of_speech,3.3,1.34,6.0,3.3,bcresnet6_ownernoise,unknown,unknown,0.42,asks again
20261001-132809,"living room, quiet with aircon, other phrasings",louder/louder_20261001-133252-746.wav,volume_up,Make it louder,end_of_speech,3.1,1.52,2.5,3.1,bcresnet6,volume_up,volume_up,0.9934,correct
20261001-132809,"living room, quiet with aircon, other phrasings",louder/louder_20261001-133252-746.wav,volume_up,Make it louder,end_of_speech,3.1,1.52,2.5,3.1,bcresnet6_ownernoise,volume_up,volume_up,0.9395,correct
20261001-132809,"living room, quiet with aircon, other phrasings",louder/louder_20261001-133252-746.wav,volume_up,Make it louder,end_of_speech,3.1,1.52,3.0,3.1,bcresnet6,volume_up,volume_up,0.9934,correct
20261001-132809,"living room, quiet with aircon, other phrasings",louder/louder_20261001-133252-746.wav,volume_up,Make it louder,end_of_speech,3.1,1.52,3.0,3.1,bcresnet6_ownernoise,volume_up,volume_up,0.9397,correct
20261001-132809,"living room, quiet with aircon, other phrasings",louder/louder_20261001-133252-746.wav,volume_up,Make it louder,end_of_speech,3.1,1.52,3.5,3.1,bcresnet6,volume_up,volume_up,0.9934,correct
20261001-132809,"living room, quiet with aircon, other phrasings",louder/louder_20261001-133252-746.wav,volume_up,Make it louder,end_of_speech,3.1,1.52,3.5,3.1,bcresnet6_ownernoise,volume_up,volume_up,0.9407,correct
20261001-132809,"living room, quiet with aircon, other phrasings",louder/louder_20261001-133252-746.wav,volume_up,Make it louder,end_of_speech,3.1,1.52,4.0,3.1,bcresnet6,volume_up,volume_up,0.9934,correct
20261001-132809,"living room, quiet with aircon, other phrasings",louder/louder_20261001-133252-746.wav,volume_up,Make it louder,end_of_speech,3.1,1.52,4.0,3.1,bcresnet6_ownernoise,volume_up,volume_up,0.9399,correct
20261001-132809,"living room, quiet with aircon, other phrasings",louder/louder_20261001-133252-746.wav,volume_up,Make it louder,end_of_speech,3.1,1.52,4.5,3.1,bcresnet6,volume_up,volume_up,0.9932,correct
20261001-132809,"living room, quiet with aircon, other phrasings",louder/louder_20261001-133252-746.wav,volume_up,Make it louder,end_of_speech,3.1,1.52,4.5,3.1,bcresnet6_ownernoise,volume_up,volume_up,0.9399,correct
20261001-132809,"living room, quiet with aircon, other phrasings",louder/louder_20261001-133252-746.wav,volume_up,Make it louder,end_of_speech,3.1,1.52,6.0,3.1,bcresnet6,volume_up,volume_up,0.9933,correct
20261001-132809,"living room, quiet with aircon, other phrasings",louder/louder_20261001-133252-746.wav,volume_up,Make it louder,end_of_speech,3.1,1.52,6.0,3.1,bcresnet6_ownernoise,volume_up,volume_up,0.9402,correct
20261001-132809,"living room, quiet with aircon, other phrasings",volume_up/volume_up_20261001-133257-298.wav,volume_up,Turn it up,end_of_speech,2.8,1.24,2.5,2.8,bcresnet6,unknown,unknown,0.9532,asks again
20261001-132809,"living room, quiet with aircon, other phrasings",volume_up/volume_up_20261001-133257-298.wav,volume_up,Turn it up,end_of_speech,2.8,1.24,2.5,2.8,bcresnet6_ownernoise,unknown,unknown,0.9654,asks again
20261001-132809,"living room, quiet with aircon, other phrasings",volume_up/volume_up_20261001-133257-298.wav,volume_up,Turn it up,end_of_speech,2.8,1.24,3.0,2.8,bcresnet6,unknown,unknown,0.9528,asks again
20261001-132809,"living room, quiet with aircon, other phrasings",volume_up/volume_up_20261001-133257-298.wav,volume_up,Turn it up,end_of_speech,2.8,1.24,3.0,2.8,bcresnet6_ownernoise,unknown,unknown,0.9649,asks again
20261001-132809,"living room, quiet with aircon, other phrasings",volume_up/volume_up_20261001-133257-298.wav,volume_up,Turn it up,end_of_speech,2.8,1.24,3.5,2.8,bcresnet6,unknown,unknown,0.9535,asks again
20261001-132809,"living room, quiet with aircon, other phrasings",volume_up/volume_up_20261001-133257-298.wav,volume_up,Turn it up,end_of_speech,2.8,1.24,3.5,2.8,bcresnet6_ownernoise,unknown,unknown,0.9652,asks again
20261001-132809,"living room, quiet with aircon, other phrasings",volume_up/volume_up_20261001-133257-298.wav,volume_up,Turn it up,end_of_speech,2.8,1.24,4.0,2.8,bcresnet6,unknown,unknown,0.9537,asks again
20261001-132809,"living room, quiet with aircon, other phrasings",volume_up/volume_up_20261001-133257-298.wav,volume_up,Turn it up,end_of_speech,2.8,1.24,4.0,2.8,bcresnet6_ownernoise,unknown,unknown,0.9652,asks again
20261001-132809,"living room, quiet with aircon, other phrasings",volume_up/volume_up_20261001-133257-298.wav,volume_up,Turn it up,end_of_speech,2.8,1.24,4.5,2.8,bcresnet6,unknown,unknown,0.9523,asks again
20261001-132809,"living room, quiet with aircon, other phrasings",volume_up/volume_up_20261001-133257-298.wav,volume_up,Turn it up,end_of_speech,2.8,1.24,4.5,2.8,bcresnet6_ownernoise,unknown,unknown,0.9656,asks again
20261001-132809,"living room, quiet with aircon, other phrasings",volume_up/volume_up_20261001-133257-298.wav,volume_up,Turn it up,end_of_speech,2.8,1.24,6.0,2.8,bcresnet6,unknown,unknown,0.9531,asks again
20261001-132809,"living room, quiet with aircon, other phrasings",volume_up/volume_up_20261001-133257-298.wav,volume_up,Turn it up,end_of_speech,2.8,1.24,6.0,2.8,bcresnet6_ownernoise,unknown,unknown,0.9652,asks again
20261001-132809,"living room, quiet with aircon, other phrasings",party/party_20261001-133302-585.wav,party,Party party,end_of_speech,3.6,1.18,2.5,3.6,bcresnet6,party,party,0.9659,correct
20261001-132809,"living room, quiet with aircon, other phrasings",party/party_20261001-133302-585.wav,party,Party party,end_of_speech,3.6,1.18,2.5,3.6,bcresnet6_ownernoise,party,party,0.9678,correct
20261001-132809,"living room, quiet with aircon, other phrasings",party/party_20261001-133302-585.wav,party,Party party,end_of_speech,3.6,1.18,3.0,3.6,bcresnet6,party,party,0.966,correct
20261001-132809,"living room, quiet with aircon, other phrasings",party/party_20261001-133302-585.wav,party,Party party,end_of_speech,3.6,1.18,3.0,3.6,bcresnet6_ownernoise,party,party,0.9677,correct
20261001-132809,"living room, quiet with aircon, other phrasings",party/party_20261001-133302-585.wav,party,Party party,end_of_speech,3.6,1.18,3.5,3.6,bcresnet6,party,party,0.9663,correct
20261001-132809,"living room, quiet with aircon, other phrasings",party/party_20261001-133302-585.wav,party,Party party,end_of_speech,3.6,1.18,3.5,3.6,bcresnet6_ownernoise,party,party,0.968,correct
20261001-132809,"living room, quiet with aircon, other phrasings",party/party_20261001-133302-585.wav,party,Party party,end_of_speech,3.6,1.18,4.0,3.6,bcresnet6,party,party,0.9663,correct
20261001-132809,"living room, quiet with aircon, other phrasings",party/party_20261001-133302-585.wav,party,Party party,end_of_speech,3.6,1.18,4.0,3.6,bcresnet6_ownernoise,party,party,0.968,correct
20261001-132809,"living room, quiet with aircon, other phrasings",party/party_20261001-133302-585.wav,party,Party party,end_of_speech,3.6,1.18,4.5,3.6,bcresnet6,party,party,0.9662,correct
20261001-132809,"living room, quiet with aircon, other phrasings",party/party_20261001-133302-585.wav,party,Party party,end_of_speech,3.6,1.18,4.5,3.6,bcresnet6_ownernoise,party,party,0.9674,correct
20261001-132809,"living room, quiet with aircon, other phrasings",party/party_20261001-133302-585.wav,party,Party party,end_of_speech,3.6,1.18,6.0,3.6,bcresnet6,party,party,0.9662,correct
20261001-132809,"living room, quiet with aircon, other phrasings",party/party_20261001-133302-585.wav,party,Party party,end_of_speech,3.6,1.18,6.0,3.6,bcresnet6_ownernoise,party,party,0.9676,correct
20261001-132809,"living room, quiet with aircon, other phrasings",dim_lights_20/dim_lights_20_20261001-133307-962.wav,dim_lights_20,Dim lights to twenty percent,end_of_speech,3.7,1.26,2.5,3.7,bcresnet6,dim_lights_20,dim_lights_20,0.9759,correct
20261001-132809,"living room, quiet with aircon, other phrasings",dim_lights_20/dim_lights_20_20261001-133307-962.wav,dim_lights_20,Dim lights to twenty percent,end_of_speech,3.7,1.26,2.5,3.7,bcresnet6_ownernoise,dim_lights_20,dim_lights_20,0.981,correct
20261001-132809,"living room, quiet with aircon, other phrasings",dim_lights_20/dim_lights_20_20261001-133307-962.wav,dim_lights_20,Dim lights to twenty percent,end_of_speech,3.7,1.26,3.0,3.7,bcresnet6,dim_lights_20,dim_lights_20,0.9759,correct
20261001-132809,"living room, quiet with aircon, other phrasings",dim_lights_20/dim_lights_20_20261001-133307-962.wav,dim_lights_20,Dim lights to twenty percent,end_of_speech,3.7,1.26,3.0,3.7,bcresnet6_ownernoise,dim_lights_20,dim_lights_20,0.9808,correct
20261001-132809,"living room, quiet with aircon, other phrasings",dim_lights_20/dim_lights_20_20261001-133307-962.wav,dim_lights_20,Dim lights to twenty percent,end_of_speech,3.7,1.26,3.5,3.7,bcresnet6,dim_lights_20,dim_lights_20,0.9761,correct
20261001-132809,"living room, quiet with aircon, other phrasings",dim_lights_20/dim_lights_20_20261001-133307-962.wav,dim_lights_20,Dim lights to twenty percent,end_of_speech,3.7,1.26,3.5,3.7,bcresnet6_ownernoise,dim_lights_20,dim_lights_20,0.9811,correct
20261001-132809,"living room, quiet with aircon, other phrasings",dim_lights_20/dim_lights_20_20261001-133307-962.wav,dim_lights_20,Dim lights to twenty percent,end_of_speech,3.7,1.26,4.0,3.7,bcresnet6,dim_lights_20,dim_lights_20,0.9758,correct
20261001-132809,"living room, quiet with aircon, other phrasings",dim_lights_20/dim_lights_20_20261001-133307-962.wav,dim_lights_20,Dim lights to twenty percent,end_of_speech,3.7,1.26,4.0,3.7,bcresnet6_ownernoise,dim_lights_20,dim_lights_20,0.9809,correct
20261001-132809,"living room, quiet with aircon, other phrasings",dim_lights_20/dim_lights_20_20261001-133307-962.wav,dim_lights_20,Dim lights to twenty percent,end_of_speech,3.7,1.26,4.5,3.7,bcresnet6,dim_lights_20,dim_lights_20,0.9759,correct
20261001-132809,"living room, quiet with aircon, other phrasings",dim_lights_20/dim_lights_20_20261001-133307-962.wav,dim_lights_20,Dim lights to twenty percent,end_of_speech,3.7,1.26,4.5,3.7,bcresnet6_ownernoise,dim_lights_20,dim_lights_20,0.9809,correct
20261001-132809,"living room, quiet with aircon, other phrasings",dim_lights_20/dim_lights_20_20261001-133307-962.wav,dim_lights_20,Dim lights to twenty percent,end_of_speech,3.7,1.26,6.0,3.7,bcresnet6,dim_lights_20,dim_lights_20,0.9761,correct
20261001-132809,"living room, quiet with aircon, other phrasings",dim_lights_20/dim_lights_20_20261001-133307-962.wav,dim_lights_20,Dim lights to twenty percent,end_of_speech,3.7,1.26,6.0,3.7,bcresnet6_ownernoise,dim_lights_20,dim_lights_20,0.981,correct
20261001-132809,"living room, quiet with aircon, other phrasings",play_music/play_music_20261001-133312-614.wav,play_music,Play some music,end_of_speech,2.9,,2.5,2.9,bcresnet6,unknown,play_music,0.299,asks again
20261001-132809,"living room, quiet with aircon, other phrasings",play_music/play_music_20261001-133312-614.wav,play_music,Play some music,end_of_speech,2.9,,2.5,2.9,bcresnet6_ownernoise,unknown,play_music,0.4993,asks again
20261001-132809,"living room, quiet with aircon, other phrasings",play_music/play_music_20261001-133312-614.wav,play_music,Play some music,end_of_speech,2.9,,3.0,2.9,bcresnet6,unknown,play_music,0.3009,asks again
20261001-132809,"living room, quiet with aircon, other phrasings",play_music/play_music_20261001-133312-614.wav,play_music,Play some music,end_of_speech,2.9,,3.0,2.9,bcresnet6_ownernoise,unknown,play_music,0.501,asks again
20261001-132809,"living room, quiet with aircon, other phrasings",play_music/play_music_20261001-133312-614.wav,play_music,Play some music,end_of_speech,2.9,,3.5,2.9,bcresnet6,unknown,play_music,0.3014,asks again
20261001-132809,"living room, quiet with aircon, other phrasings",play_music/play_music_20261001-133312-614.wav,play_music,Play some music,end_of_speech,2.9,,3.5,2.9,bcresnet6_ownernoise,unknown,play_music,0.4994,asks again
20261001-132809,"living room, quiet with aircon, other phrasings",play_music/play_music_20261001-133312-614.wav,play_music,Play some music,end_of_speech,2.9,,4.0,2.9,bcresnet6,unknown,play_music,0.2945,asks again
20261001-132809,"living room, quiet with aircon, other phrasings",play_music/play_music_20261001-133312-614.wav,play_music,Play some music,end_of_speech,2.9,,4.0,2.9,bcresnet6_ownernoise,unknown,play_music,0.4956,asks again
20261001-132809,"living room, quiet with aircon, other phrasings",play_music/play_music_20261001-133312-614.wav,play_music,Play some music,end_of_speech,2.9,,4.5,2.9,bcresnet6,unknown,play_music,0.3013,asks again
20261001-132809,"living room, quiet with aircon, other phrasings",play_music/play_music_20261001-133312-614.wav,play_music,Play some music,end_of_speech,2.9,,4.5,2.9,bcresnet6_ownernoise,unknown,play_music,0.5005,asks again
20261001-132809,"living room, quiet with aircon, other phrasings",play_music/play_music_20261001-133312-614.wav,play_music,Play some music,end_of_speech,2.9,,6.0,2.9,bcresnet6,unknown,play_music,0.3017,asks again
20261001-132809,"living room, quiet with aircon, other phrasings",play_music/play_music_20261001-133312-614.wav,play_music,Play some music,end_of_speech,2.9,,6.0,2.9,bcresnet6_ownernoise,unknown,play_music,0.499,asks again
20261001-132809,"living room, quiet with aircon, other phrasings",set_timer_1/set_timer_1_20261001-133327-839.wav,set_timer_1,Set a timer for one minute,end_of_speech,4.2,1.64,2.5,4.14,bcresnet6,set_timer_1,set_timer_1,0.9916,correct
20261001-132809,"living room, quiet with aircon, other phrasings",set_timer_1/set_timer_1_20261001-133327-839.wav,set_timer_1,Set a timer for one minute,end_of_speech,4.2,1.64,2.5,4.14,bcresnet6_ownernoise,set_timer_1,set_timer_1,0.9765,correct
20261001-132809,"living room, quiet with aircon, other phrasings",set_timer_1/set_timer_1_20261001-133327-839.wav,set_timer_1,Set a timer for one minute,end_of_speech,4.2,1.64,3.0,4.2,bcresnet6,set_timer_1,set_timer_1,0.9918,correct
20261001-132809,"living room, quiet with aircon, other phrasings",set_timer_1/set_timer_1_20261001-133327-839.wav,set_timer_1,Set a timer for one minute,end_of_speech,4.2,1.64,3.0,4.2,bcresnet6_ownernoise,set_timer_1,set_timer_1,0.9736,correct
20261001-132809,"living room, quiet with aircon, other phrasings",set_timer_1/set_timer_1_20261001-133327-839.wav,set_timer_1,Set a timer for one minute,end_of_speech,4.2,1.64,3.5,4.2,bcresnet6,set_timer_1,set_timer_1,0.9917,correct
20261001-132809,"living room, quiet with aircon, other phrasings",set_timer_1/set_timer_1_20261001-133327-839.wav,set_timer_1,Set a timer for one minute,end_of_speech,4.2,1.64,3.5,4.2,bcresnet6_ownernoise,set_timer_1,set_timer_1,0.9729,correct
20261001-132809,"living room, quiet with aircon, other phrasings",set_timer_1/set_timer_1_20261001-133327-839.wav,set_timer_1,Set a timer for one minute,end_of_speech,4.2,1.64,4.0,4.2,bcresnet6,set_timer_1,set_timer_1,0.9917,correct
20261001-132809,"living room, quiet with aircon, other phrasings",set_timer_1/set_timer_1_20261001-133327-839.wav,set_timer_1,Set a timer for one minute,end_of_speech,4.2,1.64,4.0,4.2,bcresnet6_ownernoise,set_timer_1,set_timer_1,0.9733,correct
20261001-132809,"living room, quiet with aircon, other phrasings",set_timer_1/set_timer_1_20261001-133327-839.wav,set_timer_1,Set a timer for one minute,end_of_speech,4.2,1.64,4.5,4.2,bcresnet6,set_timer_1,set_timer_1,0.9918,correct
20261001-132809,"living room, quiet with aircon, other phrasings",set_timer_1/set_timer_1_20261001-133327-839.wav,set_timer_1,Set a timer for one minute,end_of_speech,4.2,1.64,4.5,4.2,bcresnet6_ownernoise,set_timer_1,set_timer_1,0.973,correct
20261001-132809,"living room, quiet with aircon, other phrasings",set_timer_1/set_timer_1_20261001-133327-839.wav,set_timer_1,Set a timer for one minute,end_of_speech,4.2,1.64,6.0,4.2,bcresnet6,set_timer_1,set_timer_1,0.9918,correct
20261001-132809,"living room, quiet with aircon, other phrasings",set_timer_1/set_timer_1_20261001-133327-839.wav,set_timer_1,Set a timer for one minute,end_of_speech,4.2,1.64,6.0,4.2,bcresnet6_ownernoise,set_timer_1,set_timer_1,0.9737,correct
20261001-132809,"living room, quiet with aircon, other phrasings",list_reminders/list_reminders_20261001-133333-014.wav,list_reminders,Read my reminders,end_of_speech,3.2,1.16,2.5,3.2,bcresnet6,list_reminders,list_reminders,0.7392,correct
20261001-132809,"living room, quiet with aircon, other phrasings",list_reminders/list_reminders_20261001-133333-014.wav,list_reminders,Read my reminders,end_of_speech,3.2,1.16,2.5,3.2,bcresnet6_ownernoise,list_reminders,list_reminders,0.8684,correct
20261001-132809,"living room, quiet with aircon, other phrasings",list_reminders/list_reminders_20261001-133333-014.wav,list_reminders,Read my reminders,end_of_speech,3.2,1.16,3.0,3.2,bcresnet6,list_reminders,list_reminders,0.7373,correct
20261001-132809,"living room, quiet with aircon, other phrasings",list_reminders/list_reminders_20261001-133333-014.wav,list_reminders,Read my reminders,end_of_speech,3.2,1.16,3.0,3.2,bcresnet6_ownernoise,list_reminders,list_reminders,0.8673,correct
20261001-132809,"living room, quiet with aircon, other phrasings",list_reminders/list_reminders_20261001-133333-014.wav,list_reminders,Read my reminders,end_of_speech,3.2,1.16,3.5,3.2,bcresnet6,list_reminders,list_reminders,0.7372,correct
20261001-132809,"living room, quiet with aircon, other phrasings",list_reminders/list_reminders_20261001-133333-014.wav,list_reminders,Read my reminders,end_of_speech,3.2,1.16,3.5,3.2,bcresnet6_ownernoise,list_reminders,list_reminders,0.8685,correct
20261001-132809,"living room, quiet with aircon, other phrasings",list_reminders/list_reminders_20261001-133333-014.wav,list_reminders,Read my reminders,end_of_speech,3.2,1.16,4.0,3.2,bcresnet6,list_reminders,list_reminders,0.7356,correct
20261001-132809,"living room, quiet with aircon, other phrasings",list_reminders/list_reminders_20261001-133333-014.wav,list_reminders,Read my reminders,end_of_speech,3.2,1.16,4.0,3.2,bcresnet6_ownernoise,list_reminders,list_reminders,0.8674,correct
20261001-132809,"living room, quiet with aircon, other phrasings",list_reminders/list_reminders_20261001-133333-014.wav,list_reminders,Read my reminders,end_of_speech,3.2,1.16,4.5,3.2,bcresnet6,list_reminders,list_reminders,0.7343,correct
20261001-132809,"living room, quiet with aircon, other phrasings",list_reminders/list_reminders_20261001-133333-014.wav,list_reminders,Read my reminders,end_of_speech,3.2,1.16,4.5,3.2,bcresnet6_ownernoise,list_reminders,list_reminders,0.8684,correct
20261001-132809,"living room, quiet with aircon, other phrasings",list_reminders/list_reminders_20261001-133333-014.wav,list_reminders,Read my reminders,end_of_speech,3.2,1.16,6.0,3.2,bcresnet6,list_reminders,list_reminders,0.7347,correct
20261001-132809,"living room, quiet with aircon, other phrasings",list_reminders/list_reminders_20261001-133333-014.wav,list_reminders,Read my reminders,end_of_speech,3.2,1.16,6.0,3.2,bcresnet6_ownernoise,list_reminders,list_reminders,0.8686,correct
20261001-132809,"living room, quiet with aircon, other phrasings",lights_on/lights_on_20261001-133337-663.wav,lights_on,Turn on the lights,end_of_speech,3.0,1.26,2.5,3.0,bcresnet6,lights_on,lights_on,0.983,correct
20261001-132809,"living room, quiet with aircon, other phrasings",lights_on/lights_on_20261001-133337-663.wav,lights_on,Turn on the lights,end_of_speech,3.0,1.26,2.5,3.0,bcresnet6_ownernoise,lights_on,lights_on,0.8564,correct
20261001-132809,"living room, quiet with aircon, other phrasings",lights_on/lights_on_20261001-133337-663.wav,lights_on,Turn on the lights,end_of_speech,3.0,1.26,3.0,3.0,bcresnet6,lights_on,lights_on,0.983,correct
20261001-132809,"living room, quiet with aircon, other phrasings",lights_on/lights_on_20261001-133337-663.wav,lights_on,Turn on the lights,end_of_speech,3.0,1.26,3.0,3.0,bcresnet6_ownernoise,lights_on,lights_on,0.8562,correct
20261001-132809,"living room, quiet with aircon, other phrasings",lights_on/lights_on_20261001-133337-663.wav,lights_on,Turn on the lights,end_of_speech,3.0,1.26,3.5,3.0,bcresnet6,lights_on,lights_on,0.983,correct
20261001-132809,"living room, quiet with aircon, other phrasings",lights_on/lights_on_20261001-133337-663.wav,lights_on,Turn on the lights,end_of_speech,3.0,1.26,3.5,3.0,bcresnet6_ownernoise,lights_on,lights_on,0.8566,correct
20261001-132809,"living room, quiet with aircon, other phrasings",lights_on/lights_on_20261001-133337-663.wav,lights_on,Turn on the lights,end_of_speech,3.0,1.26,4.0,3.0,bcresnet6,lights_on,lights_on,0.983,correct
20261001-132809,"living room, quiet with aircon, other phrasings",lights_on/lights_on_20261001-133337-663.wav,lights_on,Turn on the lights,end_of_speech,3.0,1.26,4.0,3.0,bcresnet6_ownernoise,lights_on,lights_on,0.8557,correct
20261001-132809,"living room, quiet with aircon, other phrasings",lights_on/lights_on_20261001-133337-663.wav,lights_on,Turn on the lights,end_of_speech,3.0,1.26,4.5,3.0,bcresnet6,lights_on,lights_on,0.983,correct
20261001-132809,"living room, quiet with aircon, other phrasings",lights_on/lights_on_20261001-133337-663.wav,lights_on,Turn on the lights,end_of_speech,3.0,1.26,4.5,3.0,bcresnet6_ownernoise,lights_on,lights_on,0.856,correct
20261001-132809,"living room, quiet with aircon, other phrasings",lights_on/lights_on_20261001-133337-663.wav,lights_on,Turn on the lights,end_of_speech,3.0,1.26,6.0,3.0,bcresnet6,lights_on,lights_on,0.983,correct
20261001-132809,"living room, quiet with aircon, other phrasings",lights_on/lights_on_20261001-133337-663.wav,lights_on,Turn on the lights,end_of_speech,3.0,1.26,6.0,3.0,bcresnet6_ownernoise,lights_on,lights_on,0.8559,correct
20261001-132809,"living room, quiet with aircon, other phrasings",text_jane/text_jane_20261001-133342-443.wav,text_jane,Send Jane a text,end_of_speech,3.0,1.24,2.5,3.0,bcresnet6,unknown,unknown,0.6854,asks again
20261001-132809,"living room, quiet with aircon, other phrasings",text_jane/text_jane_20261001-133342-443.wav,text_jane,Send Jane a text,end_of_speech,3.0,1.24,2.5,3.0,bcresnet6_ownernoise,unknown,unknown,0.4999,asks again
20261001-132809,"living room, quiet with aircon, other phrasings",text_jane/text_jane_20261001-133342-443.wav,text_jane,Send Jane a text,end_of_speech,3.0,1.24,3.0,3.0,bcresnet6,unknown,unknown,0.7048,asks again
20261001-132809,"living room, quiet with aircon, other phrasings",text_jane/text_jane_20261001-133342-443.wav,text_jane,Send Jane a text,end_of_speech,3.0,1.24,3.0,3.0,bcresnet6_ownernoise,unknown,unknown,0.4985,asks again
20261001-132809,"living room, quiet with aircon, other phrasings",text_jane/text_jane_20261001-133342-443.wav,text_jane,Send Jane a text,end_of_speech,3.0,1.24,3.5,3.0,bcresnet6,unknown,unknown,0.6865,asks again
20261001-132809,"living room, quiet with aircon, other phrasings",text_jane/text_jane_20261001-133342-443.wav,text_jane,Send Jane a text,end_of_speech,3.0,1.24,3.5,3.0,bcresnet6_ownernoise,unknown,unknown,0.5009,asks again
20261001-132809,"living room, quiet with aircon, other phrasings",text_jane/text_jane_20261001-133342-443.wav,text_jane,Send Jane a text,end_of_speech,3.0,1.24,4.0,3.0,bcresnet6,unknown,unknown,0.6855,asks again
20261001-132809,"living room, quiet with aircon, other phrasings",text_jane/text_jane_20261001-133342-443.wav,text_jane,Send Jane a text,end_of_speech,3.0,1.24,4.0,3.0,bcresnet6_ownernoise,unknown,unknown,0.5007,asks again
20261001-132809,"living room, quiet with aircon, other phrasings",text_jane/text_jane_20261001-133342-443.wav,text_jane,Send Jane a text,end_of_speech,3.0,1.24,4.5,3.0,bcresnet6,unknown,unknown,0.694,asks again
20261001-132809,"living room, quiet with aircon, other phrasings",text_jane/text_jane_20261001-133342-443.wav,text_jane,Send Jane a text,end_of_speech,3.0,1.24,4.5,3.0,bcresnet6_ownernoise,unknown,unknown,0.5002,asks again
20261001-132809,"living room, quiet with aircon, other phrasings",text_jane/text_jane_20261001-133342-443.wav,text_jane,Send Jane a text,end_of_speech,3.0,1.24,6.0,3.0,bcresnet6,unknown,unknown,0.6929,asks again
20261001-132809,"living room, quiet with aircon, other phrasings",text_jane/text_jane_20261001-133342-443.wav,text_jane,Send Jane a text,end_of_speech,3.0,1.24,6.0,3.0,bcresnet6_ownernoise,unknown,unknown,0.4934,asks again
20261001-132809,"living room, quiet with aircon, other phrasings",dim_lights_20/dim_lights_20_20261001-133347-821.wav,dim_lights_20,Dim the lights to twenty percent,end_of_speech,3.7,1.26,2.5,3.7,bcresnet6,dim_lights_20,dim_lights_20,0.9747,correct
20261001-132809,"living room, quiet with aircon, other phrasings",dim_lights_20/dim_lights_20_20261001-133347-821.wav,dim_lights_20,Dim the lights to twenty percent,end_of_speech,3.7,1.26,2.5,3.7,bcresnet6_ownernoise,dim_lights_20,dim_lights_20,0.9945,correct
20261001-132809,"living room, quiet with aircon, other phrasings",dim_lights_20/dim_lights_20_20261001-133347-821.wav,dim_lights_20,Dim the lights to twenty percent,end_of_speech,3.7,1.26,3.0,3.7,bcresnet6,dim_lights_20,dim_lights_20,0.9755,correct
20261001-132809,"living room, quiet with aircon, other phrasings",dim_lights_20/dim_lights_20_20261001-133347-821.wav,dim_lights_20,Dim the lights to twenty percent,end_of_speech,3.7,1.26,3.0,3.7,bcresnet6_ownernoise,dim_lights_20,dim_lights_20,0.9945,correct
20261001-132809,"living room, quiet with aircon, other phrasings",dim_lights_20/dim_lights_20_20261001-133347-821.wav,dim_lights_20,Dim the lights to twenty percent,end_of_speech,3.7,1.26,3.5,3.7,bcresnet6,dim_lights_20,dim_lights_20,0.9749,correct
20261001-132809,"living room, quiet with aircon, other phrasings",dim_lights_20/dim_lights_20_20261001-133347-821.wav,dim_lights_20,Dim the lights to twenty percent,end_of_speech,3.7,1.26,3.5,3.7,bcresnet6_ownernoise,dim_lights_20,dim_lights_20,0.9945,correct
20261001-132809,"living room, quiet with aircon, other phrasings",dim_lights_20/dim_lights_20_20261001-133347-821.wav,dim_lights_20,Dim the lights to twenty percent,end_of_speech,3.7,1.26,4.0,3.7,bcresnet6,dim_lights_20,dim_lights_20,0.9752,correct
20261001-132809,"living room, quiet with aircon, other phrasings",dim_lights_20/dim_lights_20_20261001-133347-821.wav,dim_lights_20,Dim the lights to twenty percent,end_of_speech,3.7,1.26,4.0,3.7,bcresnet6_ownernoise,dim_lights_20,dim_lights_20,0.9946,correct
20261001-132809,"living room, quiet with aircon, other phrasings",dim_lights_20/dim_lights_20_20261001-133347-821.wav,dim_lights_20,Dim the lights to twenty percent,end_of_speech,3.7,1.26,4.5,3.7,bcresnet6,dim_lights_20,dim_lights_20,0.9753,correct
20261001-132809,"living room, quiet with aircon, other phrasings",dim_lights_20/dim_lights_20_20261001-133347-821.wav,dim_lights_20,Dim the lights to twenty percent,end_of_speech,3.7,1.26,4.5,3.7,bcresnet6_ownernoise,dim_lights_20,dim_lights_20,0.9946,correct
20261001-132809,"living room, quiet with aircon, other phrasings",dim_lights_20/dim_lights_20_20261001-133347-821.wav,dim_lights_20,Dim the lights to twenty percent,end_of_speech,3.7,1.26,6.0,3.7,bcresnet6,dim_lights_20,dim_lights_20,0.975,correct
20261001-132809,"living room, quiet with aircon, other phrasings",dim_lights_20/dim_lights_20_20261001-133347-821.wav,dim_lights_20,Dim the lights to twenty percent,end_of_speech,3.7,1.26,6.0,3.7,bcresnet6_ownernoise,dim_lights_20,dim_lights_20,0.9945,correct
20261001-132809,"living room, quiet with aircon, other phrasings",weather/weather_20261001-133352-874.wav,weather,What's the weather like today?,end_of_speech,3.5,1.48,2.5,3.5,bcresnet6,weather,weather,0.8132,correct
20261001-132809,"living room, quiet with aircon, other phrasings",weather/weather_20261001-133352-874.wav,weather,What's the weather like today?,end_of_speech,3.5,1.48,2.5,3.5,bcresnet6_ownernoise,weather,weather,0.7497,correct
20261001-132809,"living room, quiet with aircon, other phrasings",weather/weather_20261001-133352-874.wav,weather,What's the weather like today?,end_of_speech,3.5,1.48,3.0,3.5,bcresnet6,weather,weather,0.8142,correct
20261001-132809,"living room, quiet with aircon, other phrasings",weather/weather_20261001-133352-874.wav,weather,What's the weather like today?,end_of_speech,3.5,1.48,3.0,3.5,bcresnet6_ownernoise,weather,weather,0.7506,correct
20261001-132809,"living room, quiet with aircon, other phrasings",weather/weather_20261001-133352-874.wav,weather,What's the weather like today?,end_of_speech,3.5,1.48,3.5,3.5,bcresnet6,weather,weather,0.8147,correct
20261001-132809,"living room, quiet with aircon, other phrasings",weather/weather_20261001-133352-874.wav,weather,What's the weather like today?,end_of_speech,3.5,1.48,3.5,3.5,bcresnet6_ownernoise,weather,weather,0.7515,correct
20261001-132809,"living room, quiet with aircon, other phrasings",weather/weather_20261001-133352-874.wav,weather,What's the weather like today?,end_of_speech,3.5,1.48,4.0,3.5,bcresnet6,weather,weather,0.816,correct
20261001-132809,"living room, quiet with aircon, other phrasings",weather/weather_20261001-133352-874.wav,weather,What's the weather like today?,end_of_speech,3.5,1.48,4.0,3.5,bcresnet6_ownernoise,weather,weather,0.7521,correct
20261001-132809,"living room, quiet with aircon, other phrasings",weather/weather_20261001-133352-874.wav,weather,What's the weather like today?,end_of_speech,3.5,1.48,4.5,3.5,bcresnet6,weather,weather,0.813,correct
20261001-132809,"living room, quiet with aircon, other phrasings",weather/weather_20261001-133352-874.wav,weather,What's the weather like today?,end_of_speech,3.5,1.48,4.5,3.5,bcresnet6_ownernoise,weather,weather,0.7506,correct
20261001-132809,"living room, quiet with aircon, other phrasings",weather/weather_20261001-133352-874.wav,weather,What's the weather like today?,end_of_speech,3.5,1.48,6.0,3.5,bcresnet6,weather,weather,0.8177,correct
20261001-132809,"living room, quiet with aircon, other phrasings",weather/weather_20261001-133352-874.wav,weather,What's the weather like today?,end_of_speech,3.5,1.48,6.0,3.5,bcresnet6_ownernoise,weather,weather,0.7525,correct
20261001-132809,"living room, quiet with aircon, other phrasings",lights_on/lights_on_20261001-133358-363.wav,lights_on,Switch on the lights,end_of_speech,3.2,1.58,2.5,3.2,bcresnet6,lights_on,lights_on,0.9086,correct
20261001-132809,"living room, quiet with aircon, other phrasings",lights_on/lights_on_20261001-133358-363.wav,lights_on,Switch on the lights,end_of_speech,3.2,1.58,2.5,3.2,bcresnet6_ownernoise,lights_on,lights_on,0.9746,correct
20261001-132809,"living room, quiet with aircon, other phrasings",lights_on/lights_on_20261001-133358-363.wav,lights_on,Switch on the lights,end_of_speech,3.2,1.58,3.0,3.2,bcresnet6,lights_on,lights_on,0.9085,correct
20261001-132809,"living room, quiet with aircon, other phrasings",lights_on/lights_on_20261001-133358-363.wav,lights_on,Switch on the lights,end_of_speech,3.2,1.58,3.0,3.2,bcresnet6_ownernoise,lights_on,lights_on,0.9745,correct
20261001-132809,"living room, quiet with aircon, other phrasings",lights_on/lights_on_20261001-133358-363.wav,lights_on,Switch on the lights,end_of_speech,3.2,1.58,3.5,3.2,bcresnet6,lights_on,lights_on,0.909,correct
20261001-132809,"living room, quiet with aircon, other phrasings",lights_on/lights_on_20261001-133358-363.wav,lights_on,Switch on the lights,end_of_speech,3.2,1.58,3.5,3.2,bcresnet6_ownernoise,lights_on,lights_on,0.9749,correct
20261001-132809,"living room, quiet with aircon, other phrasings",lights_on/lights_on_20261001-133358-363.wav,lights_on,Switch on the lights,end_of_speech,3.2,1.58,4.0,3.2,bcresnet6,lights_on,lights_on,0.9084,correct
20261001-132809,"living room, quiet with aircon, other phrasings",lights_on/lights_on_20261001-133358-363.wav,lights_on,Switch on the lights,end_of_speech,3.2,1.58,4.0,3.2,bcresnet6_ownernoise,lights_on,lights_on,0.975,correct
20261001-132809,"living room, quiet with aircon, other phrasings",lights_on/lights_on_20261001-133358-363.wav,lights_on,Switch on the lights,end_of_speech,3.2,1.58,4.5,3.2,bcresnet6,lights_on,lights_on,0.9092,correct
20261001-132809,"living room, quiet with aircon, other phrasings",lights_on/lights_on_20261001-133358-363.wav,lights_on,Switch on the lights,end_of_speech,3.2,1.58,4.5,3.2,bcresnet6_ownernoise,lights_on,lights_on,0.975,correct
20261001-132809,"living room, quiet with aircon, other phrasings",lights_on/lights_on_20261001-133358-363.wav,lights_on,Switch on the lights,end_of_speech,3.2,1.58,6.0,3.2,bcresnet6,lights_on,lights_on,0.9096,correct
20261001-132809,"living room, quiet with aircon, other phrasings",lights_on/lights_on_20261001-133358-363.wav,lights_on,Switch on the lights,end_of_speech,3.2,1.58,6.0,3.2,bcresnet6_ownernoise,lights_on,lights_on,0.9745,correct
20261001-132809,"living room, quiet with aircon, other phrasings",lights_on/lights_on_20261001-133402-915.wav,lights_on,Turn the lights on,end_of_speech,3.1,1.16,2.5,3.1,bcresnet6,lights_on,lights_on,0.8654,correct
20261001-132809,"living room, quiet with aircon, other phrasings",lights_on/lights_on_20261001-133402-915.wav,lights_on,Turn the lights on,end_of_speech,3.1,1.16,2.5,3.1,bcresnet6_ownernoise,lights_on,lights_on,0.8734,correct
20261001-132809,"living room, quiet with aircon, other phrasings",lights_on/lights_on_20261001-133402-915.wav,lights_on,Turn the lights on,end_of_speech,3.1,1.16,3.0,3.1,bcresnet6,lights_on,lights_on,0.8649,correct
20261001-132809,"living room, quiet with aircon, other phrasings",lights_on/lights_on_20261001-133402-915.wav,lights_on,Turn the lights on,end_of_speech,3.1,1.16,3.0,3.1,bcresnet6_ownernoise,lights_on,lights_on,0.8722,correct
20261001-132809,"living room, quiet with aircon, other phrasings",lights_on/lights_on_20261001-133402-915.wav,lights_on,Turn the lights on,end_of_speech,3.1,1.16,3.5,3.1,bcresnet6,lights_on,lights_on,0.8665,correct
20261001-132809,"living room, quiet with aircon, other phrasings",lights_on/lights_on_20261001-133402-915.wav,lights_on,Turn the lights on,end_of_speech,3.1,1.16,3.5,3.1,bcresnet6_ownernoise,lights_on,lights_on,0.8721,correct
20261001-132809,"living room, quiet with aircon, other phrasings",lights_on/lights_on_20261001-133402-915.wav,lights_on,Turn the lights on,end_of_speech,3.1,1.16,4.0,3.1,bcresnet6,lights_on,lights_on,0.8669,correct
20261001-132809,"living room, quiet with aircon, other phrasings",lights_on/lights_on_20261001-133402-915.wav,lights_on,Turn the lights on,end_of_speech,3.1,1.16,4.0,3.1,bcresnet6_ownernoise,lights_on,lights_on,0.872,correct
20261001-132809,"living room, quiet with aircon, other phrasings",lights_on/lights_on_20261001-133402-915.wav,lights_on,Turn the lights on,end_of_speech,3.1,1.16,4.5,3.1,bcresnet6,lights_on,lights_on,0.8664,correct
20261001-132809,"living room, quiet with aircon, other phrasings",lights_on/lights_on_20261001-133402-915.wav,lights_on,Turn the lights on,end_of_speech,3.1,1.16,4.5,3.1,bcresnet6_ownernoise,lights_on,lights_on,0.8734,correct
20261001-132809,"living room, quiet with aircon, other phrasings",lights_on/lights_on_20261001-133402-915.wav,lights_on,Turn the lights on,end_of_speech,3.1,1.16,6.0,3.1,bcresnet6,lights_on,lights_on,0.8644,correct
20261001-132809,"living room, quiet with aircon, other phrasings",lights_on/lights_on_20261001-133402-915.wav,lights_on,Turn the lights on,end_of_speech,3.1,1.16,6.0,3.1,bcresnet6_ownernoise,lights_on,lights_on,0.8732,correct
20261001-132809,"living room, quiet with aircon, other phrasings",stop/stop_20261001-133407-191.wav,stop,Stop,end_of_speech,2.6,1.34,2.5,2.6,bcresnet6,stop,stop,0.9886,correct
20261001-132809,"living room, quiet with aircon, other phrasings",stop/stop_20261001-133407-191.wav,stop,Stop,end_of_speech,2.6,1.34,2.5,2.6,bcresnet6_ownernoise,stop,stop,0.9796,correct
20261001-132809,"living room, quiet with aircon, other phrasings",stop/stop_20261001-133407-191.wav,stop,Stop,end_of_speech,2.6,1.34,3.0,2.6,bcresnet6,stop,stop,0.9886,correct
20261001-132809,"living room, quiet with aircon, other phrasings",stop/stop_20261001-133407-191.wav,stop,Stop,end_of_speech,2.6,1.34,3.0,2.6,bcresnet6_ownernoise,stop,stop,0.9794,correct
20261001-132809,"living room, quiet with aircon, other phrasings",stop/stop_20261001-133407-191.wav,stop,Stop,end_of_speech,2.6,1.34,3.5,2.6,bcresnet6,stop,stop,0.9888,correct
20261001-132809,"living room, quiet with aircon, other phrasings",stop/stop_20261001-133407-191.wav,stop,Stop,end_of_speech,2.6,1.34,3.5,2.6,bcresnet6_ownernoise,stop,stop,0.9795,correct
20261001-132809,"living room, quiet with aircon, other phrasings",stop/stop_20261001-133407-191.wav,stop,Stop,end_of_speech,2.6,1.34,4.0,2.6,bcresnet6,stop,stop,0.9889,correct
20261001-132809,"living room, quiet with aircon, other phrasings",stop/stop_20261001-133407-191.wav,stop,Stop,end_of_speech,2.6,1.34,4.0,2.6,bcresnet6_ownernoise,stop,stop,0.9795,correct
20261001-132809,"living room, quiet with aircon, other phrasings",stop/stop_20261001-133407-191.wav,stop,Stop,end_of_speech,2.6,1.34,4.5,2.6,bcresnet6,stop,stop,0.989,correct
20261001-132809,"living room, quiet with aircon, other phrasings",stop/stop_20261001-133407-191.wav,stop,Stop,end_of_speech,2.6,1.34,4.5,2.6,bcresnet6_ownernoise,stop,stop,0.9795,correct
20261001-132809,"living room, quiet with aircon, other phrasings",stop/stop_20261001-133407-191.wav,stop,Stop,end_of_speech,2.6,1.34,6.0,2.6,bcresnet6,stop,stop,0.9889,correct
20261001-132809,"living room, quiet with aircon, other phrasings",stop/stop_20261001-133407-191.wav,stop,Stop,end_of_speech,2.6,1.34,6.0,2.6,bcresnet6_ownernoise,stop,stop,0.9793,correct
20261001-132809,"living room, quiet with aircon, other phrasings",skip/skip_20261001-133412-043.wav,next,Skip this song,no_speech_detected,3.3,,2.5,3.3,bcresnet6,next,next,0.9585,correct
20261001-132809,"living room, quiet with aircon, other phrasings",skip/skip_20261001-133412-043.wav,next,Skip this song,no_speech_detected,3.3,,2.5,3.3,bcresnet6_ownernoise,next,next,0.9757,correct
20261001-132809,"living room, quiet with aircon, other phrasings",skip/skip_20261001-133412-043.wav,next,Skip this song,no_speech_detected,3.3,,3.0,3.3,bcresnet6,next,next,0.9576,correct
20261001-132809,"living room, quiet with aircon, other phrasings",skip/skip_20261001-133412-043.wav,next,Skip this song,no_speech_detected,3.3,,3.0,3.3,bcresnet6_ownernoise,next,next,0.9756,correct
20261001-132809,"living room, quiet with aircon, other phrasings",skip/skip_20261001-133412-043.wav,next,Skip this song,no_speech_detected,3.3,,3.5,3.3,bcresnet6,next,next,0.9578,correct
20261001-132809,"living room, quiet with aircon, other phrasings",skip/skip_20261001-133412-043.wav,next,Skip this song,no_speech_detected,3.3,,3.5,3.3,bcresnet6_ownernoise,next,next,0.9756,correct
20261001-132809,"living room, quiet with aircon, other phrasings",skip/skip_20261001-133412-043.wav,next,Skip this song,no_speech_detected,3.3,,4.0,3.3,bcresnet6,next,next,0.9582,correct
20261001-132809,"living room, quiet with aircon, other phrasings",skip/skip_20261001-133412-043.wav,next,Skip this song,no_speech_detected,3.3,,4.0,3.3,bcresnet6_ownernoise,next,next,0.9758,correct
20261001-132809,"living room, quiet with aircon, other phrasings",skip/skip_20261001-133412-043.wav,next,Skip this song,no_speech_detected,3.3,,4.5,3.3,bcresnet6,next,next,0.958,correct
20261001-132809,"living room, quiet with aircon, other phrasings",skip/skip_20261001-133412-043.wav,next,Skip this song,no_speech_detected,3.3,,4.5,3.3,bcresnet6_ownernoise,next,next,0.9758,correct
20261001-132809,"living room, quiet with aircon, other phrasings",skip/skip_20261001-133412-043.wav,next,Skip this song,no_speech_detected,3.3,,6.0,3.3,bcresnet6,next,next,0.9571,correct
20261001-132809,"living room, quiet with aircon, other phrasings",skip/skip_20261001-133412-043.wav,next,Skip this song,no_speech_detected,3.3,,6.0,3.3,bcresnet6_ownernoise,next,next,0.9757,correct
20261001-132809,"living room, quiet with aircon, other phrasings",remind_study/remind_study_20261001-133417-333.wav,remind_study,Remind me to study for my test,end_of_speech,3.9,1.36,2.5,3.86,bcresnet6,remind_study,remind_study,0.9777,correct
20261001-132809,"living room, quiet with aircon, other phrasings",remind_study/remind_study_20261001-133417-333.wav,remind_study,Remind me to study for my test,end_of_speech,3.9,1.36,2.5,3.86,bcresnet6_ownernoise,remind_study,remind_study,0.9455,correct
20261001-132809,"living room, quiet with aircon, other phrasings",remind_study/remind_study_20261001-133417-333.wav,remind_study,Remind me to study for my test,end_of_speech,3.9,1.36,3.0,3.9,bcresnet6,remind_study,remind_study,0.9785,correct
20261001-132809,"living room, quiet with aircon, other phrasings",remind_study/remind_study_20261001-133417-333.wav,remind_study,Remind me to study for my test,end_of_speech,3.9,1.36,3.0,3.9,bcresnet6_ownernoise,remind_study,remind_study,0.9467,correct
20261001-132809,"living room, quiet with aircon, other phrasings",remind_study/remind_study_20261001-133417-333.wav,remind_study,Remind me to study for my test,end_of_speech,3.9,1.36,3.5,3.9,bcresnet6,remind_study,remind_study,0.9786,correct
20261001-132809,"living room, quiet with aircon, other phrasings",remind_study/remind_study_20261001-133417-333.wav,remind_study,Remind me to study for my test,end_of_speech,3.9,1.36,3.5,3.9,bcresnet6_ownernoise,remind_study,remind_study,0.947,correct
20261001-132809,"living room, quiet with aircon, other phrasings",remind_study/remind_study_20261001-133417-333.wav,remind_study,Remind me to study for my test,end_of_speech,3.9,1.36,4.0,3.9,bcresnet6,remind_study,remind_study,0.9784,correct
20261001-132809,"living room, quiet with aircon, other phrasings",remind_study/remind_study_20261001-133417-333.wav,remind_study,Remind me to study for my test,end_of_speech,3.9,1.36,4.0,3.9,bcresnet6_ownernoise,remind_study,remind_study,0.9466,correct
20261001-132809,"living room, quiet with aircon, other phrasings",remind_study/remind_study_20261001-133417-333.wav,remind_study,Remind me to study for my test,end_of_speech,3.9,1.36,4.5,3.9,bcresnet6,remind_study,remind_study,0.9786,correct
20261001-132809,"living room, quiet with aircon, other phrasings",remind_study/remind_study_20261001-133417-333.wav,remind_study,Remind me to study for my test,end_of_speech,3.9,1.36,4.5,3.9,bcresnet6_ownernoise,remind_study,remind_study,0.9463,correct
20261001-132809,"living room, quiet with aircon, other phrasings",remind_study/remind_study_20261001-133417-333.wav,remind_study,Remind me to study for my test,end_of_speech,3.9,1.36,6.0,3.9,bcresnet6,remind_study,remind_study,0.9787,correct
20261001-132809,"living room, quiet with aircon, other phrasings",remind_study/remind_study_20261001-133417-333.wav,remind_study,Remind me to study for my test,end_of_speech,3.9,1.36,6.0,3.9,bcresnet6_ownernoise,remind_study,remind_study,0.9467,correct
20261001-132809,"living room, quiet with aircon, other phrasings",call_jane/call_jane_20261001-133421-982.wav,call_jane,Phone Jane,end_of_speech,2.9,1.22,2.5,2.9,bcresnet6,call_jane,call_jane,0.9556,correct
20261001-132809,"living room, quiet with aircon, other phrasings",call_jane/call_jane_20261001-133421-982.wav,call_jane,Phone Jane,end_of_speech,2.9,1.22,2.5,2.9,bcresnet6_ownernoise,call_jane,call_jane,0.9571,correct
20261001-132809,"living room, quiet with aircon, other phrasings",call_jane/call_jane_20261001-133421-982.wav,call_jane,Phone Jane,end_of_speech,2.9,1.22,3.0,2.9,bcresnet6,call_jane,call_jane,0.9563,correct
20261001-132809,"living room, quiet with aircon, other phrasings",call_jane/call_jane_20261001-133421-982.wav,call_jane,Phone Jane,end_of_speech,2.9,1.22,3.0,2.9,bcresnet6_ownernoise,call_jane,call_jane,0.9571,correct
20261001-132809,"living room, quiet with aircon, other phrasings",call_jane/call_jane_20261001-133421-982.wav,call_jane,Phone Jane,end_of_speech,2.9,1.22,3.5,2.9,bcresnet6,call_jane,call_jane,0.9565,correct
20261001-132809,"living room, quiet with aircon, other phrasings",call_jane/call_jane_20261001-133421-982.wav,call_jane,Phone Jane,end_of_speech,2.9,1.22,3.5,2.9,bcresnet6_ownernoise,call_jane,call_jane,0.9564,correct
20261001-132809,"living room, quiet with aircon, other phrasings",call_jane/call_jane_20261001-133421-982.wav,call_jane,Phone Jane,end_of_speech,2.9,1.22,4.0,2.9,bcresnet6,call_jane,call_jane,0.956,correct
20261001-132809,"living room, quiet with aircon, other phrasings",call_jane/call_jane_20261001-133421-982.wav,call_jane,Phone Jane,end_of_speech,2.9,1.22,4.0,2.9,bcresnet6_ownernoise,call_jane,call_jane,0.9564,correct
20261001-132809,"living room, quiet with aircon, other phrasings",call_jane/call_jane_20261001-133421-982.wav,call_jane,Phone Jane,end_of_speech,2.9,1.22,4.5,2.9,bcresnet6,call_jane,call_jane,0.9558,correct
20261001-132809,"living room, quiet with aircon, other phrasings",call_jane/call_jane_20261001-133421-982.wav,call_jane,Phone Jane,end_of_speech,2.9,1.22,4.5,2.9,bcresnet6_ownernoise,call_jane,call_jane,0.9562,correct
20261001-132809,"living room, quiet with aircon, other phrasings",call_jane/call_jane_20261001-133421-982.wav,call_jane,Phone Jane,end_of_speech,2.9,1.22,6.0,2.9,bcresnet6,call_jane,call_jane,0.956,correct
20261001-132809,"living room, quiet with aircon, other phrasings",call_jane/call_jane_20261001-133421-982.wav,call_jane,Phone Jane,end_of_speech,2.9,1.22,6.0,2.9,bcresnet6_ownernoise,call_jane,call_jane,0.9569,correct
20261001-132809,"living room, quiet with aircon, other phrasings",remind_trash/remind_trash_20261001-133427-468.wav,remind_trash,Remind me to take out the trash,end_of_speech,3.7,,2.5,3.7,bcresnet6,remind_trash,remind_trash,0.9944,correct
20261001-132809,"living room, quiet with aircon, other phrasings",remind_trash/remind_trash_20261001-133427-468.wav,remind_trash,Remind me to take out the trash,end_of_speech,3.7,,2.5,3.7,bcresnet6_ownernoise,remind_trash,remind_trash,0.9771,correct
20261001-132809,"living room, quiet with aircon, other phrasings",remind_trash/remind_trash_20261001-133427-468.wav,remind_trash,Remind me to take out the trash,end_of_speech,3.7,,3.0,3.7,bcresnet6,remind_trash,remind_trash,0.9941,correct
20261001-132809,"living room, quiet with aircon, other phrasings",remind_trash/remind_trash_20261001-133427-468.wav,remind_trash,Remind me to take out the trash,end_of_speech,3.7,,3.0,3.7,bcresnet6_ownernoise,remind_trash,remind_trash,0.9771,correct
20261001-132809,"living room, quiet with aircon, other phrasings",remind_trash/remind_trash_20261001-133427-468.wav,remind_trash,Remind me to take out the trash,end_of_speech,3.7,,3.5,3.7,bcresnet6,remind_trash,remind_trash,0.9944,correct
20261001-132809,"living room, quiet with aircon, other phrasings",remind_trash/remind_trash_20261001-133427-468.wav,remind_trash,Remind me to take out the trash,end_of_speech,3.7,,3.5,3.7,bcresnet6_ownernoise,remind_trash,remind_trash,0.9771,correct
20261001-132809,"living room, quiet with aircon, other phrasings",remind_trash/remind_trash_20261001-133427-468.wav,remind_trash,Remind me to take out the trash,end_of_speech,3.7,,4.0,3.7,bcresnet6,remind_trash,remind_trash,0.9941,correct
20261001-132809,"living room, quiet with aircon, other phrasings",remind_trash/remind_trash_20261001-133427-468.wav,remind_trash,Remind me to take out the trash,end_of_speech,3.7,,4.0,3.7,bcresnet6_ownernoise,remind_trash,remind_trash,0.9772,correct
20261001-132809,"living room, quiet with aircon, other phrasings",remind_trash/remind_trash_20261001-133427-468.wav,remind_trash,Remind me to take out the trash,end_of_speech,3.7,,4.5,3.7,bcresnet6,remind_trash,remind_trash,0.9942,correct
20261001-132809,"living room, quiet with aircon, other phrasings",remind_trash/remind_trash_20261001-133427-468.wav,remind_trash,Remind me to take out the trash,end_of_speech,3.7,,4.5,3.7,bcresnet6_ownernoise,remind_trash,remind_trash,0.9773,correct
20261001-132809,"living room, quiet with aircon, other phrasings",remind_trash/remind_trash_20261001-133427-468.wav,remind_trash,Remind me to take out the trash,end_of_speech,3.7,,6.0,3.7,bcresnet6,remind_trash,remind_trash,0.9943,correct
20261001-132809,"living room, quiet with aircon, other phrasings",remind_trash/remind_trash_20261001-133427-468.wav,remind_trash,Remind me to take out the trash,end_of_speech,3.7,,6.0,3.7,bcresnet6_ownernoise,remind_trash,remind_trash,0.9773,correct
20261001-132809,"living room, quiet with aircon, other phrasings",weather/weather_20261001-133432-225.wav,weather,How's the weather?,end_of_speech,3.0,1.48,2.5,3.0,bcresnet6,weather,weather,0.9511,correct
20261001-132809,"living room, quiet with aircon, other phrasings",weather/weather_20261001-133432-225.wav,weather,How's the weather?,end_of_speech,3.0,1.48,2.5,3.0,bcresnet6_ownernoise,weather,weather,0.9061,correct
20261001-132809,"living room, quiet with aircon, other phrasings",weather/weather_20261001-133432-225.wav,weather,How's the weather?,end_of_speech,3.0,1.48,3.0,3.0,bcresnet6,weather,weather,0.951,correct
20261001-132809,"living room, quiet with aircon, other phrasings",weather/weather_20261001-133432-225.wav,weather,How's the weather?,end_of_speech,3.0,1.48,3.0,3.0,bcresnet6_ownernoise,weather,weather,0.9065,correct
20261001-132809,"living room, quiet with aircon, other phrasings",weather/weather_20261001-133432-225.wav,weather,How's the weather?,end_of_speech,3.0,1.48,3.5,3.0,bcresnet6,weather,weather,0.9512,correct
20261001-132809,"living room, quiet with aircon, other phrasings",weather/weather_20261001-133432-225.wav,weather,How's the weather?,end_of_speech,3.0,1.48,3.5,3.0,bcresnet6_ownernoise,weather,weather,0.9065,correct
20261001-132809,"living room, quiet with aircon, other phrasings",weather/weather_20261001-133432-225.wav,weather,How's the weather?,end_of_speech,3.0,1.48,4.0,3.0,bcresnet6,weather,weather,0.9514,correct
20261001-132809,"living room, quiet with aircon, other phrasings",weather/weather_20261001-133432-225.wav,weather,How's the weather?,end_of_speech,3.0,1.48,4.0,3.0,bcresnet6_ownernoise,weather,weather,0.9064,correct
20261001-132809,"living room, quiet with aircon, other phrasings",weather/weather_20261001-133432-225.wav,weather,How's the weather?,end_of_speech,3.0,1.48,4.5,3.0,bcresnet6,weather,weather,0.951,correct
20261001-132809,"living room, quiet with aircon, other phrasings",weather/weather_20261001-133432-225.wav,weather,How's the weather?,end_of_speech,3.0,1.48,4.5,3.0,bcresnet6_ownernoise,weather,weather,0.905,correct
20261001-132809,"living room, quiet with aircon, other phrasings",weather/weather_20261001-133432-225.wav,weather,How's the weather?,end_of_speech,3.0,1.48,6.0,3.0,bcresnet6,weather,weather,0.9514,correct
20261001-132809,"living room, quiet with aircon, other phrasings",weather/weather_20261001-133432-225.wav,weather,How's the weather?,end_of_speech,3.0,1.48,6.0,3.0,bcresnet6_ownernoise,weather,weather,0.9038,correct
20261001-132809,"living room, quiet with aircon, other phrasings",set_temperature_26/set_temperature_26_20261001-133437-105.wav,set_temperature_26,Make it twenty six degrees,end_of_speech,3.2,,2.5,3.2,bcresnet6,unknown,dim_lights_50,0.1552,asks again
20261001-132809,"living room, quiet with aircon, other phrasings",set_temperature_26/set_temperature_26_20261001-133437-105.wav,set_temperature_26,Make it twenty six degrees,end_of_speech,3.2,,2.5,3.2,bcresnet6_ownernoise,unknown,set_temperature_26,0.2991,asks again
20261001-132809,"living room, quiet with aircon, other phrasings",set_temperature_26/set_temperature_26_20261001-133437-105.wav,set_temperature_26,Make it twenty six degrees,end_of_speech,3.2,,3.0,3.2,bcresnet6,unknown,dim_lights_50,0.153,asks again
20261001-132809,"living room, quiet with aircon, other phrasings",set_temperature_26/set_temperature_26_20261001-133437-105.wav,set_temperature_26,Make it twenty six degrees,end_of_speech,3.2,,3.0,3.2,bcresnet6_ownernoise,unknown,set_temperature_26,0.3023,asks again
20261001-132809,"living room, quiet with aircon, other phrasings",set_temperature_26/set_temperature_26_20261001-133437-105.wav,set_temperature_26,Make it twenty six degrees,end_of_speech,3.2,,3.5,3.2,bcresnet6,unknown,dim_lights_50,0.1594,asks again
20261001-132809,"living room, quiet with aircon, other phrasings",set_temperature_26/set_temperature_26_20261001-133437-105.wav,set_temperature_26,Make it twenty six degrees,end_of_speech,3.2,,3.5,3.2,bcresnet6_ownernoise,unknown,set_temperature_26,0.3007,asks again
20261001-132809,"living room, quiet with aircon, other phrasings",set_temperature_26/set_temperature_26_20261001-133437-105.wav,set_temperature_26,Make it twenty six degrees,end_of_speech,3.2,,4.0,3.2,bcresnet6,unknown,dim_lights_50,0.1596,asks again
20261001-132809,"living room, quiet with aircon, other phrasings",set_temperature_26/set_temperature_26_20261001-133437-105.wav,set_temperature_26,Make it twenty six degrees,end_of_speech,3.2,,4.0,3.2,bcresnet6_ownernoise,unknown,set_temperature_26,0.2977,asks again
20261001-132809,"living room, quiet with aircon, other phrasings",set_temperature_26/set_temperature_26_20261001-133437-105.wav,set_temperature_26,Make it twenty six degrees,end_of_speech,3.2,,4.5,3.2,bcresnet6,unknown,dim_lights_50,0.1577,asks again
20261001-132809,"living room, quiet with aircon, other phrasings",set_temperature_26/set_temperature_26_20261001-133437-105.wav,set_temperature_26,Make it twenty six degrees,end_of_speech,3.2,,4.5,3.2,bcresnet6_ownernoise,unknown,set_temperature_26,0.3043,asks again
20261001-132809,"living room, quiet with aircon, other phrasings",set_temperature_26/set_temperature_26_20261001-133437-105.wav,set_temperature_26,Make it twenty six degrees,end_of_speech,3.2,,6.0,3.2,bcresnet6,unknown,dim_lights_50,0.155,asks again
20261001-132809,"living room, quiet with aircon, other phrasings",set_temperature_26/set_temperature_26_20261001-133437-105.wav,set_temperature_26,Make it twenty six degrees,end_of_speech,3.2,,6.0,3.2,bcresnet6_ownernoise,unknown,set_temperature_26,0.3053,asks again
20261001-132809,"living room, quiet with aircon, other phrasings",set_alarm_6am/set_alarm_6am_20261001-133442-581.wav,set_alarm_6am,Wake me up at six A M,end_of_speech,3.6,,2.5,3.6,bcresnet6,set_alarm_6am,set_alarm_6am,0.682,correct
20261001-132809,"living room, quiet with aircon, other phrasings",set_alarm_6am/set_alarm_6am_20261001-133442-581.wav,set_alarm_6am,Wake me up at six A M,end_of_speech,3.6,,2.5,3.6,bcresnet6_ownernoise,unknown,set_alarm_6am,0.3751,asks again
20261001-132809,"living room, quiet with aircon, other phrasings",set_alarm_6am/set_alarm_6am_20261001-133442-581.wav,set_alarm_6am,Wake me up at six A M,end_of_speech,3.6,,3.0,3.6,bcresnet6,set_alarm_6am,set_alarm_6am,0.6836,correct
20261001-132809,"living room, quiet with aircon, other phrasings",set_alarm_6am/set_alarm_6am_20261001-133442-581.wav,set_alarm_6am,Wake me up at six A M,end_of_speech,3.6,,3.0,3.6,bcresnet6_ownernoise,unknown,set_alarm_6am,0.3725,asks again
20261001-132809,"living room, quiet with aircon, other phrasings",set_alarm_6am/set_alarm_6am_20261001-133442-581.wav,set_alarm_6am,Wake me up at six A M,end_of_speech,3.6,,3.5,3.6,bcresnet6,set_alarm_6am,set_alarm_6am,0.6849,correct
20261001-132809,"living room, quiet with aircon, other phrasings",set_alarm_6am/set_alarm_6am_20261001-133442-581.wav,set_alarm_6am,Wake me up at six A M,end_of_speech,3.6,,3.5,3.6,bcresnet6_ownernoise,unknown,set_alarm_6am,0.3759,asks again
20261001-132809,"living room, quiet with aircon, other phrasings",set_alarm_6am/set_alarm_6am_20261001-133442-581.wav,set_alarm_6am,Wake me up at six A M,end_of_speech,3.6,,4.0,3.6,bcresnet6,set_alarm_6am,set_alarm_6am,0.682,correct
20261001-132809,"living room, quiet with aircon, other phrasings",set_alarm_6am/set_alarm_6am_20261001-133442-581.wav,set_alarm_6am,Wake me up at six A M,end_of_speech,3.6,,4.0,3.6,bcresnet6_ownernoise,unknown,set_alarm_6am,0.3709,asks again
20261001-132809,"living room, quiet with aircon, other phrasings",set_alarm_6am/set_alarm_6am_20261001-133442-581.wav,set_alarm_6am,Wake me up at six A M,end_of_speech,3.6,,4.5,3.6,bcresnet6,set_alarm_6am,set_alarm_6am,0.6812,correct
20261001-132809,"living room, quiet with aircon, other phrasings",set_alarm_6am/set_alarm_6am_20261001-133442-581.wav,set_alarm_6am,Wake me up at six A M,end_of_speech,3.6,,4.5,3.6,bcresnet6_ownernoise,unknown,set_alarm_6am,0.379,asks again
20261001-132809,"living room, quiet with aircon, other phrasings",set_alarm_6am/set_alarm_6am_20261001-133442-581.wav,set_alarm_6am,Wake me up at six A M,end_of_speech,3.6,,6.0,3.6,bcresnet6,set_alarm_6am,set_alarm_6am,0.6813,correct
20261001-132809,"living room, quiet with aircon, other phrasings",set_alarm_6am/set_alarm_6am_20261001-133442-581.wav,set_alarm_6am,Wake me up at six A M,end_of_speech,3.6,,6.0,3.6,bcresnet6_ownernoise,unknown,set_alarm_6am,0.3742,asks again
20261001-132809,"living room, quiet with aircon, other phrasings",list_reminders/list_reminders_20261001-133448-158.wav,list_reminders,Do I have any reminders?,end_of_speech,3.4,1.2,2.5,3.4,bcresnet6,list_reminders,list_reminders,0.6276,correct
20261001-132809,"living room, quiet with aircon, other phrasings",list_reminders/list_reminders_20261001-133448-158.wav,list_reminders,Do I have any reminders?,end_of_speech,3.4,1.2,2.5,3.4,bcresnet6_ownernoise,list_reminders,list_reminders,0.8755,correct
20261001-132809,"living room, quiet with aircon, other phrasings",list_reminders/list_reminders_20261001-133448-158.wav,list_reminders,Do I have any reminders?,end_of_speech,3.4,1.2,3.0,3.4,bcresnet6,list_reminders,list_reminders,0.6248,correct
20261001-132809,"living room, quiet with aircon, other phrasings",list_reminders/list_reminders_20261001-133448-158.wav,list_reminders,Do I have any reminders?,end_of_speech,3.4,1.2,3.0,3.4,bcresnet6_ownernoise,list_reminders,list_reminders,0.8739,correct
20261001-132809,"living room, quiet with aircon, other phrasings",list_reminders/list_reminders_20261001-133448-158.wav,list_reminders,Do I have any reminders?,end_of_speech,3.4,1.2,3.5,3.4,bcresnet6,list_reminders,list_reminders,0.6284,correct
20261001-132809,"living room, quiet with aircon, other phrasings",list_reminders/list_reminders_20261001-133448-158.wav,list_reminders,Do I have any reminders?,end_of_speech,3.4,1.2,3.5,3.4,bcresnet6_ownernoise,list_reminders,list_reminders,0.8773,correct
20261001-132809,"living room, quiet with aircon, other phrasings",list_reminders/list_reminders_20261001-133448-158.wav,list_reminders,Do I have any reminders?,end_of_speech,3.4,1.2,4.0,3.4,bcresnet6,list_reminders,list_reminders,0.6226,correct
20261001-132809,"living room, quiet with aircon, other phrasings",list_reminders/list_reminders_20261001-133448-158.wav,list_reminders,Do I have any reminders?,end_of_speech,3.4,1.2,4.0,3.4,bcresnet6_ownernoise,list_reminders,list_reminders,0.8749,correct
20261001-132809,"living room, quiet with aircon, other phrasings",list_reminders/list_reminders_20261001-133448-158.wav,list_reminders,Do I have any reminders?,end_of_speech,3.4,1.2,4.5,3.4,bcresnet6,list_reminders,list_reminders,0.6229,correct
20261001-132809,"living room, quiet with aircon, other phrasings",list_reminders/list_reminders_20261001-133448-158.wav,list_reminders,Do I have any reminders?,end_of_speech,3.4,1.2,4.5,3.4,bcresnet6_ownernoise,list_reminders,list_reminders,0.8759,correct
20261001-132809,"living room, quiet with aircon, other phrasings",list_reminders/list_reminders_20261001-133448-158.wav,list_reminders,Do I have any reminders?,end_of_speech,3.4,1.2,6.0,3.4,bcresnet6,list_reminders,list_reminders,0.6255,correct
20261001-132809,"living room, quiet with aircon, other phrasings",list_reminders/list_reminders_20261001-133448-158.wav,list_reminders,Do I have any reminders?,end_of_speech,3.4,1.2,6.0,3.4,bcresnet6_ownernoise,list_reminders,list_reminders,0.876,correct
20261001-132809,"living room, quiet with aircon, other phrasings",set_alarm_9pm/set_alarm_9pm_20261001-133454-550.wav,set_alarm_9pm,Set an alarm at nine P M,end_of_speech,4.1,1.4,2.5,3.9,bcresnet6,set_alarm_9pm,set_alarm_9pm,0.9137,correct
20261001-132809,"living room, quiet with aircon, other phrasings",set_alarm_9pm/set_alarm_9pm_20261001-133454-550.wav,set_alarm_9pm,Set an alarm at nine P M,end_of_speech,4.1,1.4,2.5,3.9,bcresnet6_ownernoise,set_alarm_9pm,set_alarm_9pm,0.9454,correct
20261001-132809,"living room, quiet with aircon, other phrasings",set_alarm_9pm/set_alarm_9pm_20261001-133454-550.wav,set_alarm_9pm,Set an alarm at nine P M,end_of_speech,4.1,1.4,3.0,4.1,bcresnet6,set_alarm_9pm,set_alarm_9pm,0.9125,correct
20261001-132809,"living room, quiet with aircon, other phrasings",set_alarm_9pm/set_alarm_9pm_20261001-133454-550.wav,set_alarm_9pm,Set an alarm at nine P M,end_of_speech,4.1,1.4,3.0,4.1,bcresnet6_ownernoise,set_alarm_9pm,set_alarm_9pm,0.9357,correct
20261001-132809,"living room, quiet with aircon, other phrasings",set_alarm_9pm/set_alarm_9pm_20261001-133454-550.wav,set_alarm_9pm,Set an alarm at nine P M,end_of_speech,4.1,1.4,3.5,4.1,bcresnet6,set_alarm_9pm,set_alarm_9pm,0.9129,correct
20261001-132809,"living room, quiet with aircon, other phrasings",set_alarm_9pm/set_alarm_9pm_20261001-133454-550.wav,set_alarm_9pm,Set an alarm at nine P M,end_of_speech,4.1,1.4,3.5,4.1,bcresnet6_ownernoise,set_alarm_9pm,set_alarm_9pm,0.9352,correct
20261001-132809,"living room, quiet with aircon, other phrasings",set_alarm_9pm/set_alarm_9pm_20261001-133454-550.wav,set_alarm_9pm,Set an alarm at nine P M,end_of_speech,4.1,1.4,4.0,4.1,bcresnet6,set_alarm_9pm,set_alarm_9pm,0.9129,correct
20261001-132809,"living room, quiet with aircon, other phrasings",set_alarm_9pm/set_alarm_9pm_20261001-133454-550.wav,set_alarm_9pm,Set an alarm at nine P M,end_of_speech,4.1,1.4,4.0,4.1,bcresnet6_ownernoise,set_alarm_9pm,set_alarm_9pm,0.9352,correct
20261001-132809,"living room, quiet with aircon, other phrasings",set_alarm_9pm/set_alarm_9pm_20261001-133454-550.wav,set_alarm_9pm,Set an alarm at nine P M,end_of_speech,4.1,1.4,4.5,4.1,bcresnet6,set_alarm_9pm,set_alarm_9pm,0.9114,correct
20261001-132809,"living room, quiet with aircon, other phrasings",set_alarm_9pm/set_alarm_9pm_20261001-133454-550.wav,set_alarm_9pm,Set an alarm at nine P M,end_of_speech,4.1,1.4,4.5,4.1,bcresnet6_ownernoise,set_alarm_9pm,set_alarm_9pm,0.9345,correct
20261001-132809,"living room, quiet with aircon, other phrasings",set_alarm_9pm/set_alarm_9pm_20261001-133454-550.wav,set_alarm_9pm,Set an alarm at nine P M,end_of_speech,4.1,1.4,6.0,4.1,bcresnet6,set_alarm_9pm,set_alarm_9pm,0.9127,correct
20261001-132809,"living room, quiet with aircon, other phrasings",set_alarm_9pm/set_alarm_9pm_20261001-133454-550.wav,set_alarm_9pm,Set an alarm at nine P M,end_of_speech,4.1,1.4,6.0,4.1,bcresnet6_ownernoise,set_alarm_9pm,set_alarm_9pm,0.9354,correct
20261001-132809,"living room, quiet with aircon, other phrasings",play/play_20261001-133503-273.wav,play,Resume,end_of_speech,2.6,,2.5,2.6,bcresnet6,unknown,unknown,0.8746,asks again
20261001-132809,"living room, quiet with aircon, other phrasings",play/play_20261001-133503-273.wav,play,Resume,end_of_speech,2.6,,2.5,2.6,bcresnet6_ownernoise,unknown,unknown,0.8889,asks again
20261001-132809,"living room, quiet with aircon, other phrasings",play/play_20261001-133503-273.wav,play,Resume,end_of_speech,2.6,,3.0,2.6,bcresnet6,unknown,unknown,0.868,asks again
20261001-132809,"living room, quiet with aircon, other phrasings",play/play_20261001-133503-273.wav,play,Resume,end_of_speech,2.6,,3.0,2.6,bcresnet6_ownernoise,unknown,unknown,0.8912,asks again
20261001-132809,"living room, quiet with aircon, other phrasings",play/play_20261001-133503-273.wav,play,Resume,end_of_speech,2.6,,3.5,2.6,bcresnet6,unknown,unknown,0.8689,asks again
20261001-132809,"living room, quiet with aircon, other phrasings",play/play_20261001-133503-273.wav,play,Resume,end_of_speech,2.6,,3.5,2.6,bcresnet6_ownernoise,unknown,unknown,0.8903,asks again
20261001-132809,"living room, quiet with aircon, other phrasings",play/play_20261001-133503-273.wav,play,Resume,end_of_speech,2.6,,4.0,2.6,bcresnet6,unknown,unknown,0.8687,asks again
20261001-132809,"living room, quiet with aircon, other phrasings",play/play_20261001-133503-273.wav,play,Resume,end_of_speech,2.6,,4.0,2.6,bcresnet6_ownernoise,unknown,unknown,0.8919,asks again
20261001-132809,"living room, quiet with aircon, other phrasings",play/play_20261001-133503-273.wav,play,Resume,end_of_speech,2.6,,4.5,2.6,bcresnet6,unknown,unknown,0.8683,asks again
20261001-132809,"living room, quiet with aircon, other phrasings",play/play_20261001-133503-273.wav,play,Resume,end_of_speech,2.6,,4.5,2.6,bcresnet6_ownernoise,unknown,unknown,0.8926,asks again
20261001-132809,"living room, quiet with aircon, other phrasings",play/play_20261001-133503-273.wav,play,Resume,end_of_speech,2.6,,6.0,2.6,bcresnet6,unknown,unknown,0.8671,asks again
20261001-132809,"living room, quiet with aircon, other phrasings",play/play_20261001-133503-273.wav,play,Resume,end_of_speech,2.6,,6.0,2.6,bcresnet6_ownernoise,unknown,unknown,0.8913,asks again
20261001-132809,"living room, quiet with aircon, other phrasings",lights_off/lights_off_20261001-133507-519.wav,lights_off,Lights off,end_of_speech,2.7,,2.5,2.7,bcresnet6,lights_off,lights_off,0.9584,correct
20261001-132809,"living room, quiet with aircon, other phrasings",lights_off/lights_off_20261001-133507-519.wav,lights_off,Lights off,end_of_speech,2.7,,2.5,2.7,bcresnet6_ownernoise,lights_off,lights_off,0.9412,correct
20261001-132809,"living room, quiet with aircon, other phrasings",lights_off/lights_off_20261001-133507-519.wav,lights_off,Lights off,end_of_speech,2.7,,3.0,2.7,bcresnet6,lights_off,lights_off,0.9581,correct
20261001-132809,"living room, quiet with aircon, other phrasings",lights_off/lights_off_20261001-133507-519.wav,lights_off,Lights off,end_of_speech,2.7,,3.0,2.7,bcresnet6_ownernoise,lights_off,lights_off,0.9397,correct
20261001-132809,"living room, quiet with aircon, other phrasings",lights_off/lights_off_20261001-133507-519.wav,lights_off,Lights off,end_of_speech,2.7,,3.5,2.7,bcresnet6,lights_off,lights_off,0.9577,correct
20261001-132809,"living room, quiet with aircon, other phrasings",lights_off/lights_off_20261001-133507-519.wav,lights_off,Lights off,end_of_speech,2.7,,3.5,2.7,bcresnet6_ownernoise,lights_off,lights_off,0.9401,correct
20261001-132809,"living room, quiet with aircon, other phrasings",lights_off/lights_off_20261001-133507-519.wav,lights_off,Lights off,end_of_speech,2.7,,4.0,2.7,bcresnet6,lights_off,lights_off,0.958,correct
20261001-132809,"living room, quiet with aircon, other phrasings",lights_off/lights_off_20261001-133507-519.wav,lights_off,Lights off,end_of_speech,2.7,,4.0,2.7,bcresnet6_ownernoise,lights_off,lights_off,0.941,correct
20261001-132809,"living room, quiet with aircon, other phrasings",lights_off/lights_off_20261001-133507-519.wav,lights_off,Lights off,end_of_speech,2.7,,4.5,2.7,bcresnet6,lights_off,lights_off,0.9575,correct
20261001-132809,"living room, quiet with aircon, other phrasings",lights_off/lights_off_20261001-133507-519.wav,lights_off,Lights off,end_of_speech,2.7,,4.5,2.7,bcresnet6_ownernoise,lights_off,lights_off,0.9405,correct
20261001-132809,"living room, quiet with aircon, other phrasings",lights_off/lights_off_20261001-133507-519.wav,lights_off,Lights off,end_of_speech,2.7,,6.0,2.7,bcresnet6,lights_off,lights_off,0.9584,correct
20261001-132809,"living room, quiet with aircon, other phrasings",lights_off/lights_off_20261001-133507-519.wav,lights_off,Lights off,end_of_speech,2.7,,6.0,2.7,bcresnet6_ownernoise,lights_off,lights_off,0.9407,correct
20261001-132809,"living room, quiet with aircon, other phrasings",set_temperature_22/set_temperature_22_20261001-133512-804.wav,set_temperature_22,Make it twenty two degrees,end_of_speech,3.3,1.52,2.5,3.3,bcresnet6,set_temperature_22,set_temperature_22,0.4685,correct
20261001-132809,"living room, quiet with aircon, other phrasings",set_temperature_22/set_temperature_22_20261001-133512-804.wav,set_temperature_22,Make it twenty two degrees,end_of_speech,3.3,1.52,2.5,3.3,bcresnet6_ownernoise,unknown,set_temperature_22,0.4738,asks again
20261001-132809,"living room, quiet with aircon, other phrasings",set_temperature_22/set_temperature_22_20261001-133512-804.wav,set_temperature_22,Make it twenty two degrees,end_of_speech,3.3,1.52,3.0,3.3,bcresnet6,set_temperature_22,set_temperature_22,0.4632,correct
20261001-132809,"living room, quiet with aircon, other phrasings",set_temperature_22/set_temperature_22_20261001-133512-804.wav,set_temperature_22,Make it twenty two degrees,end_of_speech,3.3,1.52,3.0,3.3,bcresnet6_ownernoise,unknown,set_temperature_22,0.4776,asks again
20261001-132809,"living room, quiet with aircon, other phrasings",set_temperature_22/set_temperature_22_20261001-133512-804.wav,set_temperature_22,Make it twenty two degrees,end_of_speech,3.3,1.52,3.5,3.3,bcresnet6,set_temperature_22,set_temperature_22,0.4736,correct
20261001-132809,"living room, quiet with aircon, other phrasings",set_temperature_22/set_temperature_22_20261001-133512-804.wav,set_temperature_22,Make it twenty two degrees,end_of_speech,3.3,1.52,3.5,3.3,bcresnet6_ownernoise,unknown,set_temperature_22,0.4745,asks again
20261001-132809,"living room, quiet with aircon, other phrasings",set_temperature_22/set_temperature_22_20261001-133512-804.wav,set_temperature_22,Make it twenty two degrees,end_of_speech,3.3,1.52,4.0,3.3,bcresnet6,set_temperature_22,set_temperature_22,0.4713,correct
20261001-132809,"living room, quiet with aircon, other phrasings",set_temperature_22/set_temperature_22_20261001-133512-804.wav,set_temperature_22,Make it twenty two degrees,end_of_speech,3.3,1.52,4.0,3.3,bcresnet6_ownernoise,unknown,set_temperature_22,0.4791,asks again
20261001-132809,"living room, quiet with aircon, other phrasings",set_temperature_22/set_temperature_22_20261001-133512-804.wav,set_temperature_22,Make it twenty two degrees,end_of_speech,3.3,1.52,4.5,3.3,bcresnet6,set_temperature_22,set_temperature_22,0.4804,correct
20261001-132809,"living room, quiet with aircon, other phrasings",set_temperature_22/set_temperature_22_20261001-133512-804.wav,set_temperature_22,Make it twenty two degrees,end_of_speech,3.3,1.52,4.5,3.3,bcresnet6_ownernoise,unknown,set_temperature_22,0.4777,asks again
20261001-132809,"living room, quiet with aircon, other phrasings",set_temperature_22/set_temperature_22_20261001-133512-804.wav,set_temperature_22,Make it twenty two degrees,end_of_speech,3.3,1.52,6.0,3.3,bcresnet6,set_temperature_22,set_temperature_22,0.4699,correct
20261001-132809,"living room, quiet with aircon, other phrasings",set_temperature_22/set_temperature_22_20261001-133512-804.wav,set_temperature_22,Make it twenty two degrees,end_of_speech,3.3,1.52,6.0,3.3,bcresnet6_ownernoise,unknown,set_temperature_22,0.479,asks again
20261001-132809,"living room, quiet with aircon, other phrasings",set_timer_1/set_timer_1_20261001-133519-193.wav,set_timer_1,Start a timer for one minute,end_of_speech,4.6,1.26,2.5,3.76,bcresnet6,set_timer_1,set_timer_1,0.9932,correct
20261001-132809,"living room, quiet with aircon, other phrasings",set_timer_1/set_timer_1_20261001-133519-193.wav,set_timer_1,Start a timer for one minute,end_of_speech,4.6,1.26,2.5,3.76,bcresnet6_ownernoise,set_timer_1,set_timer_1,0.9961,correct
20261001-132809,"living room, quiet with aircon, other phrasings",set_timer_1/set_timer_1_20261001-133519-193.wav,set_timer_1,Start a timer for one minute,end_of_speech,4.6,1.26,3.0,4.26,bcresnet6,set_timer_1,set_timer_1,0.9926,correct
20261001-132809,"living room, quiet with aircon, other phrasings",set_timer_1/set_timer_1_20261001-133519-193.wav,set_timer_1,Start a timer for one minute,end_of_speech,4.6,1.26,3.0,4.26,bcresnet6_ownernoise,set_timer_1,set_timer_1,0.9961,correct
20261001-132809,"living room, quiet with aircon, other phrasings",set_timer_1/set_timer_1_20261001-133519-193.wav,set_timer_1,Start a timer for one minute,end_of_speech,4.6,1.26,3.5,4.6,bcresnet6,set_timer_1,set_timer_1,0.9902,correct
20261001-132809,"living room, quiet with aircon, other phrasings",set_timer_1/set_timer_1_20261001-133519-193.wav,set_timer_1,Start a timer for one minute,end_of_speech,4.6,1.26,3.5,4.6,bcresnet6_ownernoise,set_timer_1,set_timer_1,0.9952,correct
20261001-132809,"living room, quiet with aircon, other phrasings",set_timer_1/set_timer_1_20261001-133519-193.wav,set_timer_1,Start a timer for one minute,end_of_speech,4.6,1.26,4.0,4.6,bcresnet6,set_timer_1,set_timer_1,0.9905,correct
20261001-132809,"living room, quiet with aircon, other phrasings",set_timer_1/set_timer_1_20261001-133519-193.wav,set_timer_1,Start a timer for one minute,end_of_speech,4.6,1.26,4.0,4.6,bcresnet6_ownernoise,set_timer_1,set_timer_1,0.9953,correct
20261001-132809,"living room, quiet with aircon, other phrasings",set_timer_1/set_timer_1_20261001-133519-193.wav,set_timer_1,Start a timer for one minute,end_of_speech,4.6,1.26,4.5,4.6,bcresnet6,set_timer_1,set_timer_1,0.9903,correct
20261001-132809,"living room, quiet with aircon, other phrasings",set_timer_1/set_timer_1_20261001-133519-193.wav,set_timer_1,Start a timer for one minute,end_of_speech,4.6,1.26,4.5,4.6,bcresnet6_ownernoise,set_timer_1,set_timer_1,0.9958,correct
20261001-132809,"living room, quiet with aircon, other phrasings",set_timer_1/set_timer_1_20261001-133519-193.wav,set_timer_1,Start a timer for one minute,end_of_speech,4.6,1.26,6.0,4.6,bcresnet6,set_timer_1,set_timer_1,0.9901,correct
20261001-132809,"living room, quiet with aircon, other phrasings",set_timer_1/set_timer_1_20261001-133519-193.wav,set_timer_1,Start a timer for one minute,end_of_speech,4.6,1.26,6.0,4.6,bcresnet6_ownernoise,set_timer_1,set_timer_1,0.9951,correct
20261001-132809,"living room, quiet with aircon, other phrasings",volume_up/volume_up_20261001-133524-368.wav,volume_up,Turn up the volume,end_of_speech,3.3,1.32,2.5,3.3,bcresnet6,volume_up,volume_up,0.7522,correct
20261001-132809,"living room, quiet with aircon, other phrasings",volume_up/volume_up_20261001-133524-368.wav,volume_up,Turn up the volume,end_of_speech,3.3,1.32,2.5,3.3,bcresnet6_ownernoise,volume_up,volume_up,0.63,correct
20261001-132809,"living room, quiet with aircon, other phrasings",volume_up/volume_up_20261001-133524-368.wav,volume_up,Turn up the volume,end_of_speech,3.3,1.32,3.0,3.3,bcresnet6,volume_up,volume_up,0.7514,correct
20261001-132809,"living room, quiet with aircon, other phrasings",volume_up/volume_up_20261001-133524-368.wav,volume_up,Turn up the volume,end_of_speech,3.3,1.32,3.0,3.3,bcresnet6_ownernoise,volume_up,volume_up,0.6255,correct
20261001-132809,"living room, quiet with aircon, other phrasings",volume_up/volume_up_20261001-133524-368.wav,volume_up,Turn up the volume,end_of_speech,3.3,1.32,3.5,3.3,bcresnet6,volume_up,volume_up,0.7512,correct
20261001-132809,"living room, quiet with aircon, other phrasings",volume_up/volume_up_20261001-133524-368.wav,volume_up,Turn up the volume,end_of_speech,3.3,1.32,3.5,3.3,bcresnet6_ownernoise,volume_up,volume_up,0.6291,correct
20261001-132809,"living room, quiet with aircon, other phrasings",volume_up/volume_up_20261001-133524-368.wav,volume_up,Turn up the volume,end_of_speech,3.3,1.32,4.0,3.3,bcresnet6,volume_up,volume_up,0.7512,correct
20261001-132809,"living room, quiet with aircon, other phrasings",volume_up/volume_up_20261001-133524-368.wav,volume_up,Turn up the volume,end_of_speech,3.3,1.32,4.0,3.3,bcresnet6_ownernoise,volume_up,volume_up,0.6273,correct
20261001-132809,"living room, quiet with aircon, other phrasings",volume_up/volume_up_20261001-133524-368.wav,volume_up,Turn up the volume,end_of_speech,3.3,1.32,4.5,3.3,bcresnet6,volume_up,volume_up,0.7531,correct
20261001-132809,"living room, quiet with aircon, other phrasings",volume_up/volume_up_20261001-133524-368.wav,volume_up,Turn up the volume,end_of_speech,3.3,1.32,4.5,3.3,bcresnet6_ownernoise,volume_up,volume_up,0.6257,correct
20261001-132809,"living room, quiet with aircon, other phrasings",volume_up/volume_up_20261001-133524-368.wav,volume_up,Turn up the volume,end_of_speech,3.3,1.32,6.0,3.3,bcresnet6,volume_up,volume_up,0.7498,correct
20261001-132809,"living room, quiet with aircon, other phrasings",volume_up/volume_up_20261001-133524-368.wav,volume_up,Turn up the volume,end_of_speech,3.3,1.32,6.0,3.3,bcresnet6_ownernoise,volume_up,volume_up,0.6284,correct
20261001-132809,"living room, quiet with aircon, other phrasings",dim_lights_20/dim_lights_20_20261001-133530-656.wav,dim_lights_20,Lights at twenty percent,end_of_speech,4.7,1.18,2.5,3.68,bcresnet6,dim_lights_20,dim_lights_20,0.3665,correct
20261001-132809,"living room, quiet with aircon, other phrasings",dim_lights_20/dim_lights_20_20261001-133530-656.wav,dim_lights_20,Lights at twenty percent,end_of_speech,4.7,1.18,2.5,3.68,bcresnet6_ownernoise,unknown,lights_off,0.1561,asks again
20261001-132809,"living room, quiet with aircon, other phrasings",dim_lights_20/dim_lights_20_20261001-133530-656.wav,dim_lights_20,Lights at twenty percent,end_of_speech,4.7,1.18,3.0,4.18,bcresnet6,unknown,unknown,0.3033,asks again
20261001-132809,"living room, quiet with aircon, other phrasings",dim_lights_20/dim_lights_20_20261001-133530-656.wav,dim_lights_20,Lights at twenty percent,end_of_speech,4.7,1.18,3.0,4.18,bcresnet6_ownernoise,unknown,lights_off,0.1238,asks again
20261001-132809,"living room, quiet with aircon, other phrasings",dim_lights_20/dim_lights_20_20261001-133530-656.wav,dim_lights_20,Lights at twenty percent,end_of_speech,4.7,1.18,3.5,4.68,bcresnet6,unknown,unknown,0.5275,asks again
20261001-132809,"living room, quiet with aircon, other phrasings",dim_lights_20/dim_lights_20_20261001-133530-656.wav,dim_lights_20,Lights at twenty percent,end_of_speech,4.7,1.18,3.5,4.68,bcresnet6_ownernoise,unknown,unknown,0.2089,asks again
20261001-132809,"living room, quiet with aircon, other phrasings",dim_lights_20/dim_lights_20_20261001-133530-656.wav,dim_lights_20,Lights at twenty percent,end_of_speech,4.7,1.18,4.0,4.7,bcresnet6,unknown,unknown,0.5383,asks again
20261001-132809,"living room, quiet with aircon, other phrasings",dim_lights_20/dim_lights_20_20261001-133530-656.wav,dim_lights_20,Lights at twenty percent,end_of_speech,4.7,1.18,4.0,4.7,bcresnet6_ownernoise,unknown,unknown,0.2095,asks again
20261001-132809,"living room, quiet with aircon, other phrasings",dim_lights_20/dim_lights_20_20261001-133530-656.wav,dim_lights_20,Lights at twenty percent,end_of_speech,4.7,1.18,4.5,4.7,bcresnet6,unknown,unknown,0.5416,asks again
20261001-132809,"living room, quiet with aircon, other phrasings",dim_lights_20/dim_lights_20_20261001-133530-656.wav,dim_lights_20,Lights at twenty percent,end_of_speech,4.7,1.18,4.5,4.7,bcresnet6_ownernoise,unknown,unknown,0.1989,asks again
20261001-132809,"living room, quiet with aircon, other phrasings",dim_lights_20/dim_lights_20_20261001-133530-656.wav,dim_lights_20,Lights at twenty percent,end_of_speech,4.7,1.18,6.0,4.7,bcresnet6,unknown,unknown,0.53,asks again
20261001-132809,"living room, quiet with aircon, other phrasings",dim_lights_20/dim_lights_20_20261001-133530-656.wav,dim_lights_20,Lights at twenty percent,end_of_speech,4.7,1.18,6.0,4.7,bcresnet6_ownernoise,unknown,unknown,0.2054,asks again
20261001-132809,"living room, quiet with aircon, other phrasings",set_temperature_18/set_temperature_18_20261001-133537-045.wav,set_temperature_18,Set the temperature to eighteen degrees,end_of_speech,3.7,1.44,2.5,3.7,bcresnet6,set_temperature_18,set_temperature_18,0.9259,correct
20261001-132809,"living room, quiet with aircon, other phrasings",set_temperature_18/set_temperature_18_20261001-133537-045.wav,set_temperature_18,Set the temperature to eighteen degrees,end_of_speech,3.7,1.44,2.5,3.7,bcresnet6_ownernoise,set_temperature_18,set_temperature_18,0.8684,correct
20261001-132809,"living room, quiet with aircon, other phrasings",set_temperature_18/set_temperature_18_20261001-133537-045.wav,set_temperature_18,Set the temperature to eighteen degrees,end_of_speech,3.7,1.44,3.0,3.7,bcresnet6,set_temperature_18,set_temperature_18,0.9273,correct
20261001-132809,"living room, quiet with aircon, other phrasings",set_temperature_18/set_temperature_18_20261001-133537-045.wav,set_temperature_18,Set the temperature to eighteen degrees,end_of_speech,3.7,1.44,3.0,3.7,bcresnet6_ownernoise,set_temperature_18,set_temperature_18,0.8684,correct
20261001-132809,"living room, quiet with aircon, other phrasings",set_temperature_18/set_temperature_18_20261001-133537-045.wav,set_temperature_18,Set the temperature to eighteen degrees,end_of_speech,3.7,1.44,3.5,3.7,bcresnet6,set_temperature_18,set_temperature_18,0.9258,correct
20261001-132809,"living room, quiet with aircon, other phrasings",set_temperature_18/set_temperature_18_20261001-133537-045.wav,set_temperature_18,Set the temperature to eighteen degrees,end_of_speech,3.7,1.44,3.5,3.7,bcresnet6_ownernoise,set_temperature_18,set_temperature_18,0.8681,correct
20261001-132809,"living room, quiet with aircon, other phrasings",set_temperature_18/set_temperature_18_20261001-133537-045.wav,set_temperature_18,Set the temperature to eighteen degrees,end_of_speech,3.7,1.44,4.0,3.7,bcresnet6,set_temperature_18,set_temperature_18,0.9261,correct
20261001-132809,"living room, quiet with aircon, other phrasings",set_temperature_18/set_temperature_18_20261001-133537-045.wav,set_temperature_18,Set the temperature to eighteen degrees,end_of_speech,3.7,1.44,4.0,3.7,bcresnet6_ownernoise,set_temperature_18,set_temperature_18,0.8689,correct
20261001-132809,"living room, quiet with aircon, other phrasings",set_temperature_18/set_temperature_18_20261001-133537-045.wav,set_temperature_18,Set the temperature to eighteen degrees,end_of_speech,3.7,1.44,4.5,3.7,bcresnet6,set_temperature_18,set_temperature_18,0.9268,correct
20261001-132809,"living room, quiet with aircon, other phrasings",set_temperature_18/set_temperature_18_20261001-133537-045.wav,set_temperature_18,Set the temperature to eighteen degrees,end_of_speech,3.7,1.44,4.5,3.7,bcresnet6_ownernoise,set_temperature_18,set_temperature_18,0.8691,correct
20261001-132809,"living room, quiet with aircon, other phrasings",set_temperature_18/set_temperature_18_20261001-133537-045.wav,set_temperature_18,Set the temperature to eighteen degrees,end_of_speech,3.7,1.44,6.0,3.7,bcresnet6,set_temperature_18,set_temperature_18,0.9258,correct
20261001-132809,"living room, quiet with aircon, other phrasings",set_temperature_18/set_temperature_18_20261001-133537-045.wav,set_temperature_18,Set the temperature to eighteen degrees,end_of_speech,3.7,1.44,6.0,3.7,bcresnet6_ownernoise,set_temperature_18,set_temperature_18,0.8689,correct
20261001-132809,"living room, quiet with aircon, other phrasings",dim_lights_50/dim_lights_50_20261001-133544-348.wav,dim_lights_50,Dim the lights to fifty percent,end_of_speech,3.7,1.18,2.5,3.68,bcresnet6,dim_lights_50,dim_lights_50,0.9667,correct
20261001-132809,"living room, quiet with aircon, other phrasings",dim_lights_50/dim_lights_50_20261001-133544-348.wav,dim_lights_50,Dim the lights to fifty percent,end_of_speech,3.7,1.18,2.5,3.68,bcresnet6_ownernoise,dim_lights_50,dim_lights_50,0.9958,correct
20261001-132809,"living room, quiet with aircon, other phrasings",dim_lights_50/dim_lights_50_20261001-133544-348.wav,dim_lights_50,Dim the lights to fifty percent,end_of_speech,3.7,1.18,3.0,3.7,bcresnet6,dim_lights_50,dim_lights_50,0.9671,correct
20261001-132809,"living room, quiet with aircon, other phrasings",dim_lights_50/dim_lights_50_20261001-133544-348.wav,dim_lights_50,Dim the lights to fifty percent,end_of_speech,3.7,1.18,3.0,3.7,bcresnet6_ownernoise,dim_lights_50,dim_lights_50,0.9958,correct
20261001-132809,"living room, quiet with aircon, other phrasings",dim_lights_50/dim_lights_50_20261001-133544-348.wav,dim_lights_50,Dim the lights to fifty percent,end_of_speech,3.7,1.18,3.5,3.7,bcresnet6,dim_lights_50,dim_lights_50,0.9673,correct
20261001-132809,"living room, quiet with aircon, other phrasings",dim_lights_50/dim_lights_50_20261001-133544-348.wav,dim_lights_50,Dim the lights to fifty percent,end_of_speech,3.7,1.18,3.5,3.7,bcresnet6_ownernoise,dim_lights_50,dim_lights_50,0.9958,correct
20261001-132809,"living room, quiet with aircon, other phrasings",dim_lights_50/dim_lights_50_20261001-133544-348.wav,dim_lights_50,Dim the lights to fifty percent,end_of_speech,3.7,1.18,4.0,3.7,bcresnet6,dim_lights_50,dim_lights_50,0.9664,correct
20261001-132809,"living room, quiet with aircon, other phrasings",dim_lights_50/dim_lights_50_20261001-133544-348.wav,dim_lights_50,Dim the lights to fifty percent,end_of_speech,3.7,1.18,4.0,3.7,bcresnet6_ownernoise,dim_lights_50,dim_lights_50,0.9958,correct
20261001-132809,"living room, quiet with aircon, other phrasings",dim_lights_50/dim_lights_50_20261001-133544-348.wav,dim_lights_50,Dim the lights to fifty percent,end_of_speech,3.7,1.18,4.5,3.7,bcresnet6,dim_lights_50,dim_lights_50,0.9665,correct
20261001-132809,"living room, quiet with aircon, other phrasings",dim_lights_50/dim_lights_50_20261001-133544-348.wav,dim_lights_50,Dim the lights to fifty percent,end_of_speech,3.7,1.18,4.5,3.7,bcresnet6_ownernoise,dim_lights_50,dim_lights_50,0.9958,correct
20261001-132809,"living room, quiet with aircon, other phrasings",dim_lights_50/dim_lights_50_20261001-133544-348.wav,dim_lights_50,Dim the lights to fifty percent,end_of_speech,3.7,1.18,6.0,3.7,bcresnet6,dim_lights_50,dim_lights_50,0.9669,correct
20261001-132809,"living room, quiet with aircon, other phrasings",dim_lights_50/dim_lights_50_20261001-133544-348.wav,dim_lights_50,Dim the lights to fifty percent,end_of_speech,3.7,1.18,6.0,3.7,bcresnet6_ownernoise,dim_lights_50,dim_lights_50,0.9957,correct
20261001-132809,"living room, quiet with aircon, other phrasings",volume_down/volume_down_20261001-133652-192.wav,volume_down,Quieter,end_of_speech,3.3,1.14,2.5,3.3,bcresnet6,volume_down,volume_down,0.6968,correct
20261001-132809,"living room, quiet with aircon, other phrasings",volume_down/volume_down_20261001-133652-192.wav,volume_down,Quieter,end_of_speech,3.3,1.14,2.5,3.3,bcresnet6_ownernoise,unknown,volume_down,0.5247,asks again
20261001-132809,"living room, quiet with aircon, other phrasings",volume_down/volume_down_20261001-133652-192.wav,volume_down,Quieter,end_of_speech,3.3,1.14,3.0,3.3,bcresnet6,volume_down,volume_down,0.6983,correct
20261001-132809,"living room, quiet with aircon, other phrasings",volume_down/volume_down_20261001-133652-192.wav,volume_down,Quieter,end_of_speech,3.3,1.14,3.0,3.3,bcresnet6_ownernoise,unknown,volume_down,0.5253,asks again
20261001-132809,"living room, quiet with aircon, other phrasings",volume_down/volume_down_20261001-133652-192.wav,volume_down,Quieter,end_of_speech,3.3,1.14,3.5,3.3,bcresnet6,volume_down,volume_down,0.7006,correct
20261001-132809,"living room, quiet with aircon, other phrasings",volume_down/volume_down_20261001-133652-192.wav,volume_down,Quieter,end_of_speech,3.3,1.14,3.5,3.3,bcresnet6_ownernoise,unknown,volume_down,0.522,asks again
20261001-132809,"living room, quiet with aircon, other phrasings",volume_down/volume_down_20261001-133652-192.wav,volume_down,Quieter,end_of_speech,3.3,1.14,4.0,3.3,bcresnet6,volume_down,volume_down,0.6991,correct
20261001-132809,"living room, quiet with aircon, other phrasings",volume_down/volume_down_20261001-133652-192.wav,volume_down,Quieter,end_of_speech,3.3,1.14,4.0,3.3,bcresnet6_ownernoise,unknown,volume_down,0.5234,asks again
20261001-132809,"living room, quiet with aircon, other phrasings",volume_down/volume_down_20261001-133652-192.wav,volume_down,Quieter,end_of_speech,3.3,1.14,4.5,3.3,bcresnet6,volume_down,volume_down,0.6992,correct
20261001-132809,"living room, quiet with aircon, other phrasings",volume_down/volume_down_20261001-133652-192.wav,volume_down,Quieter,end_of_speech,3.3,1.14,4.5,3.3,bcresnet6_ownernoise,unknown,volume_down,0.5226,asks again
20261001-132809,"living room, quiet with aircon, other phrasings",volume_down/volume_down_20261001-133652-192.wav,volume_down,Quieter,end_of_speech,3.3,1.14,6.0,3.3,bcresnet6,volume_down,volume_down,0.6969,correct
20261001-132809,"living room, quiet with aircon, other phrasings",volume_down/volume_down_20261001-133652-192.wav,volume_down,Quieter,end_of_speech,3.3,1.14,6.0,3.3,bcresnet6_ownernoise,unknown,volume_down,0.5241,asks again
20261001-132809,"living room, quiet with aircon, other phrasings",dim_lights_80/dim_lights_80_20261001-133658-380.wav,dim_lights_80,Dim lights to eighty percent,end_of_speech,3.8,1.3,2.5,3.8,bcresnet6,dim_lights_80,dim_lights_80,0.9827,correct
20261001-132809,"living room, quiet with aircon, other phrasings",dim_lights_80/dim_lights_80_20261001-133658-380.wav,dim_lights_80,Dim lights to eighty percent,end_of_speech,3.8,1.3,2.5,3.8,bcresnet6_ownernoise,dim_lights_80,dim_lights_80,0.9836,correct
20261001-132809,"living room, quiet with aircon, other phrasings",dim_lights_80/dim_lights_80_20261001-133658-380.wav,dim_lights_80,Dim lights to eighty percent,end_of_speech,3.8,1.3,3.0,3.8,bcresnet6,dim_lights_80,dim_lights_80,0.9828,correct
20261001-132809,"living room, quiet with aircon, other phrasings",dim_lights_80/dim_lights_80_20261001-133658-380.wav,dim_lights_80,Dim lights to eighty percent,end_of_speech,3.8,1.3,3.0,3.8,bcresnet6_ownernoise,dim_lights_80,dim_lights_80,0.9839,correct
20261001-132809,"living room, quiet with aircon, other phrasings",dim_lights_80/dim_lights_80_20261001-133658-380.wav,dim_lights_80,Dim lights to eighty percent,end_of_speech,3.8,1.3,3.5,3.8,bcresnet6,dim_lights_80,dim_lights_80,0.9828,correct
20261001-132809,"living room, quiet with aircon, other phrasings",dim_lights_80/dim_lights_80_20261001-133658-380.wav,dim_lights_80,Dim lights to eighty percent,end_of_speech,3.8,1.3,3.5,3.8,bcresnet6_ownernoise,dim_lights_80,dim_lights_80,0.9836,correct
20261001-132809,"living room, quiet with aircon, other phrasings",dim_lights_80/dim_lights_80_20261001-133658-380.wav,dim_lights_80,Dim lights to eighty percent,end_of_speech,3.8,1.3,4.0,3.8,bcresnet6,dim_lights_80,dim_lights_80,0.9829,correct
20261001-132809,"living room, quiet with aircon, other phrasings",dim_lights_80/dim_lights_80_20261001-133658-380.wav,dim_lights_80,Dim lights to eighty percent,end_of_speech,3.8,1.3,4.0,3.8,bcresnet6_ownernoise,dim_lights_80,dim_lights_80,0.9838,correct
20261001-132809,"living room, quiet with aircon, other phrasings",dim_lights_80/dim_lights_80_20261001-133658-380.wav,dim_lights_80,Dim lights to eighty percent,end_of_speech,3.8,1.3,4.5,3.8,bcresnet6,dim_lights_80,dim_lights_80,0.9827,correct
20261001-132809,"living room, quiet with aircon, other phrasings",dim_lights_80/dim_lights_80_20261001-133658-380.wav,dim_lights_80,Dim lights to eighty percent,end_of_speech,3.8,1.3,4.5,3.8,bcresnet6_ownernoise,dim_lights_80,dim_lights_80,0.9838,correct
20261001-132809,"living room, quiet with aircon, other phrasings",dim_lights_80/dim_lights_80_20261001-133658-380.wav,dim_lights_80,Dim lights to eighty percent,end_of_speech,3.8,1.3,6.0,3.8,bcresnet6,dim_lights_80,dim_lights_80,0.9828,correct
20261001-132809,"living room, quiet with aircon, other phrasings",dim_lights_80/dim_lights_80_20261001-133658-380.wav,dim_lights_80,Dim lights to eighty percent,end_of_speech,3.8,1.3,6.0,3.8,bcresnet6_ownernoise,dim_lights_80,dim_lights_80,0.9837,correct
20261001-132809,"living room, quiet with aircon, other phrasings",text_jane/text_jane_20261001-133703-448.wav,text_jane,Message Jane,end_of_speech,3.3,1.34,2.5,3.3,bcresnet6,text_jane,text_jane,0.7282,correct
20261001-132809,"living room, quiet with aircon, other phrasings",text_jane/text_jane_20261001-133703-448.wav,text_jane,Message Jane,end_of_speech,3.3,1.34,2.5,3.3,bcresnet6_ownernoise,text_jane,text_jane,0.7212,correct
20261001-132809,"living room, quiet with aircon, other phrasings",text_jane/text_jane_20261001-133703-448.wav,text_jane,Message Jane,end_of_speech,3.3,1.34,3.0,3.3,bcresnet6,text_jane,text_jane,0.7354,correct
20261001-132809,"living room, quiet with aircon, other phrasings",text_jane/text_jane_20261001-133703-448.wav,text_jane,Message Jane,end_of_speech,3.3,1.34,3.0,3.3,bcresnet6_ownernoise,text_jane,text_jane,0.7223,correct
20261001-132809,"living room, quiet with aircon, other phrasings",text_jane/text_jane_20261001-133703-448.wav,text_jane,Message Jane,end_of_speech,3.3,1.34,3.5,3.3,bcresnet6,text_jane,text_jane,0.7338,correct
20261001-132809,"living room, quiet with aircon, other phrasings",text_jane/text_jane_20261001-133703-448.wav,text_jane,Message Jane,end_of_speech,3.3,1.34,3.5,3.3,bcresnet6_ownernoise,text_jane,text_jane,0.7201,correct
20261001-132809,"living room, quiet with aircon, other phrasings",text_jane/text_jane_20261001-133703-448.wav,text_jane,Message Jane,end_of_speech,3.3,1.34,4.0,3.3,bcresnet6,text_jane,text_jane,0.7332,correct
20261001-132809,"living room, quiet with aircon, other phrasings",text_jane/text_jane_20261001-133703-448.wav,text_jane,Message Jane,end_of_speech,3.3,1.34,4.0,3.3,bcresnet6_ownernoise,text_jane,text_jane,0.7181,correct
20261001-132809,"living room, quiet with aircon, other phrasings",text_jane/text_jane_20261001-133703-448.wav,text_jane,Message Jane,end_of_speech,3.3,1.34,4.5,3.3,bcresnet6,text_jane,text_jane,0.7344,correct
20261001-132809,"living room, quiet with aircon, other phrasings",text_jane/text_jane_20261001-133703-448.wav,text_jane,Message Jane,end_of_speech,3.3,1.34,4.5,3.3,bcresnet6_ownernoise,text_jane,text_jane,0.7208,correct
20261001-132809,"living room, quiet with aircon, other phrasings",text_jane/text_jane_20261001-133703-448.wav,text_jane,Message Jane,end_of_speech,3.3,1.34,6.0,3.3,bcresnet6,text_jane,text_jane,0.7325,correct
20261001-132809,"living room, quiet with aircon, other phrasings",text_jane/text_jane_20261001-133703-448.wav,text_jane,Message Jane,end_of_speech,3.3,1.34,6.0,3.3,bcresnet6_ownernoise,text_jane,text_jane,0.7295,correct
20261001-132809,"living room, quiet with aircon, other phrasings",play/play_20261001-133708-005.wav,play,Play,end_of_speech,2.6,1.32,2.5,2.6,bcresnet6,play,play,0.8591,correct
20261001-132809,"living room, quiet with aircon, other phrasings",play/play_20261001-133708-005.wav,play,Play,end_of_speech,2.6,1.32,2.5,2.6,bcresnet6_ownernoise,play,play,0.9631,correct
20261001-132809,"living room, quiet with aircon, other phrasings",play/play_20261001-133708-005.wav,play,Play,end_of_speech,2.6,1.32,3.0,2.6,bcresnet6,play,play,0.8614,correct
20261001-132809,"living room, quiet with aircon, other phrasings",play/play_20261001-133708-005.wav,play,Play,end_of_speech,2.6,1.32,3.0,2.6,bcresnet6_ownernoise,play,play,0.964,correct
20261001-132809,"living room, quiet with aircon, other phrasings",play/play_20261001-133708-005.wav,play,Play,end_of_speech,2.6,1.32,3.5,2.6,bcresnet6,play,play,0.8589,correct
20261001-132809,"living room, quiet with aircon, other phrasings",play/play_20261001-133708-005.wav,play,Play,end_of_speech,2.6,1.32,3.5,2.6,bcresnet6_ownernoise,play,play,0.9632,correct
20261001-132809,"living room, quiet with aircon, other phrasings",play/play_20261001-133708-005.wav,play,Play,end_of_speech,2.6,1.32,4.0,2.6,bcresnet6,play,play,0.8575,correct
20261001-132809,"living room, quiet with aircon, other phrasings",play/play_20261001-133708-005.wav,play,Play,end_of_speech,2.6,1.32,4.0,2.6,bcresnet6_ownernoise,play,play,0.9625,correct
20261001-132809,"living room, quiet with aircon, other phrasings",play/play_20261001-133708-005.wav,play,Play,end_of_speech,2.6,1.32,4.5,2.6,bcresnet6,play,play,0.8585,correct
20261001-132809,"living room, quiet with aircon, other phrasings",play/play_20261001-133708-005.wav,play,Play,end_of_speech,2.6,1.32,4.5,2.6,bcresnet6_ownernoise,play,play,0.9628,correct
20261001-132809,"living room, quiet with aircon, other phrasings",play/play_20261001-133708-005.wav,play,Play,end_of_speech,2.6,1.32,6.0,2.6,bcresnet6,play,play,0.8608,correct
20261001-132809,"living room, quiet with aircon, other phrasings",play/play_20261001-133708-005.wav,play,Play,end_of_speech,2.6,1.32,6.0,2.6,bcresnet6_ownernoise,play,play,0.9635,correct
20261001-132809,"living room, quiet with aircon, other phrasings",remind_study/remind_study_20261001-133717-344.wav,remind_study,Remind me to study for my exam,end_of_speech,4.1,1.24,2.5,3.74,bcresnet6,remind_study,remind_study,0.9878,correct
20261001-132809,"living room, quiet with aircon, other phrasings",remind_study/remind_study_20261001-133717-344.wav,remind_study,Remind me to study for my exam,end_of_speech,4.1,1.24,2.5,3.74,bcresnet6_ownernoise,remind_study,remind_study,0.99,correct
20261001-132809,"living room, quiet with aircon, other phrasings",remind_study/remind_study_20261001-133717-344.wav,remind_study,Remind me to study for my exam,end_of_speech,4.1,1.24,3.0,4.1,bcresnet6,remind_study,remind_study,0.9865,correct
20261001-132809,"living room, quiet with aircon, other phrasings",remind_study/remind_study_20261001-133717-344.wav,remind_study,Remind me to study for my exam,end_of_speech,4.1,1.24,3.0,4.1,bcresnet6_ownernoise,remind_study,remind_study,0.9909,correct
20261001-132809,"living room, quiet with aircon, other phrasings",remind_study/remind_study_20261001-133717-344.wav,remind_study,Remind me to study for my exam,end_of_speech,4.1,1.24,3.5,4.1,bcresnet6,remind_study,remind_study,0.9865,correct
20261001-132809,"living room, quiet with aircon, other phrasings",remind_study/remind_study_20261001-133717-344.wav,remind_study,Remind me to study for my exam,end_of_speech,4.1,1.24,3.5,4.1,bcresnet6_ownernoise,remind_study,remind_study,0.9909,correct
20261001-132809,"living room, quiet with aircon, other phrasings",remind_study/remind_study_20261001-133717-344.wav,remind_study,Remind me to study for my exam,end_of_speech,4.1,1.24,4.0,4.1,bcresnet6,remind_study,remind_study,0.9867,correct
20261001-132809,"living room, quiet with aircon, other phrasings",remind_study/remind_study_20261001-133717-344.wav,remind_study,Remind me to study for my exam,end_of_speech,4.1,1.24,4.0,4.1,bcresnet6_ownernoise,remind_study,remind_study,0.991,correct
20261001-132809,"living room, quiet with aircon, other phrasings",remind_study/remind_study_20261001-133717-344.wav,remind_study,Remind me to study for my exam,end_of_speech,4.1,1.24,4.5,4.1,bcresnet6,remind_study,remind_study,0.9865,correct
20261001-132809,"living room, quiet with aircon, other phrasings",remind_study/remind_study_20261001-133717-344.wav,remind_study,Remind me to study for my exam,end_of_speech,4.1,1.24,4.5,4.1,bcresnet6_ownernoise,remind_study,remind_study,0.9909,correct
20261001-132809,"living room, quiet with aircon, other phrasings",remind_study/remind_study_20261001-133717-344.wav,remind_study,Remind me to study for my exam,end_of_speech,4.1,1.24,6.0,4.1,bcresnet6,remind_study,remind_study,0.9867,correct
20261001-132809,"living room, quiet with aircon, other phrasings",remind_study/remind_study_20261001-133717-344.wav,remind_study,Remind me to study for my exam,end_of_speech,4.1,1.24,6.0,4.1,bcresnet6_ownernoise,remind_study,remind_study,0.9909,correct
20261001-132809,"living room, quiet with aircon, other phrasings",unknown_other/unknown_other_20261001-133814-447.wav,unknown,(say something that is NOT a command),end_of_speech,3.9,1.7,2.5,3.9,bcresnet6,party,party,0.3557,false action
20261001-132809,"living room, quiet with aircon, other phrasings",unknown_other/unknown_other_20261001-133814-447.wav,unknown,(say something that is NOT a command),end_of_speech,3.9,1.7,2.5,3.9,bcresnet6_ownernoise,volume_up,volume_up,0.8207,false action
20261001-132809,"living room, quiet with aircon, other phrasings",unknown_other/unknown_other_20261001-133814-447.wav,unknown,(say something that is NOT a command),end_of_speech,3.9,1.7,3.0,3.9,bcresnet6,party,party,0.3521,false action
20261001-132809,"living room, quiet with aircon, other phrasings",unknown_other/unknown_other_20261001-133814-447.wav,unknown,(say something that is NOT a command),end_of_speech,3.9,1.7,3.0,3.9,bcresnet6_ownernoise,volume_up,volume_up,0.8192,false action
20261001-132809,"living room, quiet with aircon, other phrasings",unknown_other/unknown_other_20261001-133814-447.wav,unknown,(say something that is NOT a command),end_of_speech,3.9,1.7,3.5,3.9,bcresnet6,party,party,0.364,false action
20261001-132809,"living room, quiet with aircon, other phrasings",unknown_other/unknown_other_20261001-133814-447.wav,unknown,(say something that is NOT a command),end_of_speech,3.9,1.7,3.5,3.9,bcresnet6_ownernoise,volume_up,volume_up,0.8189,false action
20261001-132809,"living room, quiet with aircon, other phrasings",unknown_other/unknown_other_20261001-133814-447.wav,unknown,(say something that is NOT a command),end_of_speech,3.9,1.7,4.0,3.9,bcresnet6,party,party,0.3593,false action
20261001-132809,"living room, quiet with aircon, other phrasings",unknown_other/unknown_other_20261001-133814-447.wav,unknown,(say something that is NOT a command),end_of_speech,3.9,1.7,4.0,3.9,bcresnet6_ownernoise,volume_up,volume_up,0.8157,false action
20261001-132809,"living room, quiet with aircon, other phrasings",unknown_other/unknown_other_20261001-133814-447.wav,unknown,(say something that is NOT a command),end_of_speech,3.9,1.7,4.5,3.9,bcresnet6,party,party,0.3549,false action
20261001-132809,"living room, quiet with aircon, other phrasings",unknown_other/unknown_other_20261001-133814-447.wav,unknown,(say something that is NOT a command),end_of_speech,3.9,1.7,4.5,3.9,bcresnet6_ownernoise,volume_up,volume_up,0.8181,false action
20261001-132809,"living room, quiet with aircon, other phrasings",unknown_other/unknown_other_20261001-133814-447.wav,unknown,(say something that is NOT a command),end_of_speech,3.9,1.7,6.0,3.9,bcresnet6,party,party,0.358,false action
20261001-132809,"living room, quiet with aircon, other phrasings",unknown_other/unknown_other_20261001-133814-447.wav,unknown,(say something that is NOT a command),end_of_speech,3.9,1.7,6.0,3.9,bcresnet6_ownernoise,volume_up,volume_up,0.8201,false action
20261001-132809,"living room, quiet with aircon, other phrasings",volume_down/volume_down_20261001-133828-642.wav,volume_down,Volume down,end_of_speech,3.1,1.34,2.5,3.1,bcresnet6,volume_down,volume_down,0.9814,correct
20261001-132809,"living room, quiet with aircon, other phrasings",volume_down/volume_down_20261001-133828-642.wav,volume_down,Volume down,end_of_speech,3.1,1.34,2.5,3.1,bcresnet6_ownernoise,volume_down,volume_down,0.9901,correct
20261001-132809,"living room, quiet with aircon, other phrasings",volume_down/volume_down_20261001-133828-642.wav,volume_down,Volume down,end_of_speech,3.1,1.34,3.0,3.1,bcresnet6,volume_down,volume_down,0.9817,correct
20261001-132809,"living room, quiet with aircon, other phrasings",volume_down/volume_down_20261001-133828-642.wav,volume_down,Volume down,end_of_speech,3.1,1.34,3.0,3.1,bcresnet6_ownernoise,volume_down,volume_down,0.9902,correct
20261001-132809,"living room, quiet with aircon, other phrasings",volume_down/volume_down_20261001-133828-642.wav,volume_down,Volume down,end_of_speech,3.1,1.34,3.5,3.1,bcresnet6,volume_down,volume_down,0.9818,correct
20261001-132809,"living room, quiet with aircon, other phrasings",volume_down/volume_down_20261001-133828-642.wav,volume_down,Volume down,end_of_speech,3.1,1.34,3.5,3.1,bcresnet6_ownernoise,volume_down,volume_down,0.9901,correct
20261001-132809,"living room, quiet with aircon, other phrasings",volume_down/volume_down_20261001-133828-642.wav,volume_down,Volume down,end_of_speech,3.1,1.34,4.0,3.1,bcresnet6,volume_down,volume_down,0.9819,correct
20261001-132809,"living room, quiet with aircon, other phrasings",volume_down/volume_down_20261001-133828-642.wav,volume_down,Volume down,end_of_speech,3.1,1.34,4.0,3.1,bcresnet6_ownernoise,volume_down,volume_down,0.9899,correct
20261001-132809,"living room, quiet with aircon, other phrasings",volume_down/volume_down_20261001-133828-642.wav,volume_down,Volume down,end_of_speech,3.1,1.34,4.5,3.1,bcresnet6,volume_down,volume_down,0.9817,correct
20261001-132809,"living room, quiet with aircon, other phrasings",volume_down/volume_down_20261001-133828-642.wav,volume_down,Volume down,end_of_speech,3.1,1.34,4.5,3.1,bcresnet6_ownernoise,volume_down,volume_down,0.9899,correct
20261001-132809,"living room, quiet with aircon, other phrasings",volume_down/volume_down_20261001-133828-642.wav,volume_down,Volume down,end_of_speech,3.1,1.34,6.0,3.1,bcresnet6,volume_down,volume_down,0.9818,correct
20261001-132809,"living room, quiet with aircon, other phrasings",volume_down/volume_down_20261001-133828-642.wav,volume_down,Volume down,end_of_speech,3.1,1.34,6.0,3.1,bcresnet6_ownernoise,volume_down,volume_down,0.9902,correct
20261001-132809,"living room, quiet with aircon, other phrasings",time/time_20261001-133833-810.wav,time,What's the time?,end_of_speech,2.8,1.54,2.5,2.8,bcresnet6,time,time,0.5898,correct
20261001-132809,"living room, quiet with aircon, other phrasings",time/time_20261001-133833-810.wav,time,What's the time?,end_of_speech,2.8,1.54,2.5,2.8,bcresnet6_ownernoise,unknown,weather,0.3171,asks again
20261001-132809,"living room, quiet with aircon, other phrasings",time/time_20261001-133833-810.wav,time,What's the time?,end_of_speech,2.8,1.54,3.0,2.8,bcresnet6,time,time,0.5875,correct
20261001-132809,"living room, quiet with aircon, other phrasings",time/time_20261001-133833-810.wav,time,What's the time?,end_of_speech,2.8,1.54,3.0,2.8,bcresnet6_ownernoise,unknown,weather,0.3167,asks again
20261001-132809,"living room, quiet with aircon, other phrasings",time/time_20261001-133833-810.wav,time,What's the time?,end_of_speech,2.8,1.54,3.5,2.8,bcresnet6,time,time,0.5891,correct
20261001-132809,"living room, quiet with aircon, other phrasings",time/time_20261001-133833-810.wav,time,What's the time?,end_of_speech,2.8,1.54,3.5,2.8,bcresnet6_ownernoise,unknown,weather,0.3156,asks again
20261001-132809,"living room, quiet with aircon, other phrasings",time/time_20261001-133833-810.wav,time,What's the time?,end_of_speech,2.8,1.54,4.0,2.8,bcresnet6,time,time,0.5973,correct
20261001-132809,"living room, quiet with aircon, other phrasings",time/time_20261001-133833-810.wav,time,What's the time?,end_of_speech,2.8,1.54,4.0,2.8,bcresnet6_ownernoise,unknown,weather,0.3162,asks again
20261001-132809,"living room, quiet with aircon, other phrasings",time/time_20261001-133833-810.wav,time,What's the time?,end_of_speech,2.8,1.54,4.5,2.8,bcresnet6,time,time,0.5919,correct
20261001-132809,"living room, quiet with aircon, other phrasings",time/time_20261001-133833-810.wav,time,What's the time?,end_of_speech,2.8,1.54,4.5,2.8,bcresnet6_ownernoise,unknown,weather,0.3142,asks again
20261001-132809,"living room, quiet with aircon, other phrasings",time/time_20261001-133833-810.wav,time,What's the time?,end_of_speech,2.8,1.54,6.0,2.8,bcresnet6,time,time,0.5877,correct
20261001-132809,"living room, quiet with aircon, other phrasings",time/time_20261001-133833-810.wav,time,What's the time?,end_of_speech,2.8,1.54,6.0,2.8,bcresnet6_ownernoise,unknown,weather,0.3162,asks again
20261001-132809,"living room, quiet with aircon, other phrasings",volume_down/volume_down_20261001-133839-084.wav,volume_down,Turn down the volume,end_of_speech,3.4,1.18,2.5,3.4,bcresnet6,volume_down,volume_down,0.6887,correct
20261001-132809,"living room, quiet with aircon, other phrasings",volume_down/volume_down_20261001-133839-084.wav,volume_down,Turn down the volume,end_of_speech,3.4,1.18,2.5,3.4,bcresnet6_ownernoise,volume_down,volume_down,0.7047,correct
20261001-132809,"living room, quiet with aircon, other phrasings",volume_down/volume_down_20261001-133839-084.wav,volume_down,Turn down the volume,end_of_speech,3.4,1.18,3.0,3.4,bcresnet6,volume_down,volume_down,0.6924,correct
20261001-132809,"living room, quiet with aircon, other phrasings",volume_down/volume_down_20261001-133839-084.wav,volume_down,Turn down the volume,end_of_speech,3.4,1.18,3.0,3.4,bcresnet6_ownernoise,volume_down,volume_down,0.704,correct
20261001-132809,"living room, quiet with aircon, other phrasings",volume_down/volume_down_20261001-133839-084.wav,volume_down,Turn down the volume,end_of_speech,3.4,1.18,3.5,3.4,bcresnet6,volume_down,volume_down,0.692,correct
20261001-132809,"living room, quiet with aircon, other phrasings",volume_down/volume_down_20261001-133839-084.wav,volume_down,Turn down the volume,end_of_speech,3.4,1.18,3.5,3.4,bcresnet6_ownernoise,volume_down,volume_down,0.7038,correct
20261001-132809,"living room, quiet with aircon, other phrasings",volume_down/volume_down_20261001-133839-084.wav,volume_down,Turn down the volume,end_of_speech,3.4,1.18,4.0,3.4,bcresnet6,volume_down,volume_down,0.6911,correct
20261001-132809,"living room, quiet with aircon, other phrasings",volume_down/volume_down_20261001-133839-084.wav,volume_down,Turn down the volume,end_of_speech,3.4,1.18,4.0,3.4,bcresnet6_ownernoise,volume_down,volume_down,0.7051,correct
20261001-132809,"living room, quiet with aircon, other phrasings",volume_down/volume_down_20261001-133839-084.wav,volume_down,Turn down the volume,end_of_speech,3.4,1.18,4.5,3.4,bcresnet6,volume_down,volume_down,0.6901,correct
20261001-132809,"living room, quiet with aircon, other phrasings",volume_down/volume_down_20261001-133839-084.wav,volume_down,Turn down the volume,end_of_speech,3.4,1.18,4.5,3.4,bcresnet6_ownernoise,volume_down,volume_down,0.7042,correct
20261001-132809,"living room, quiet with aircon, other phrasings",volume_down/volume_down_20261001-133839-084.wav,volume_down,Turn down the volume,end_of_speech,3.4,1.18,6.0,3.4,bcresnet6,volume_down,volume_down,0.6895,correct
20261001-132809,"living room, quiet with aircon, other phrasings",volume_down/volume_down_20261001-133839-084.wav,volume_down,Turn down the volume,end_of_speech,3.4,1.18,6.0,3.4,bcresnet6_ownernoise,volume_down,volume_down,0.7049,correct
20261001-132809,"living room, quiet with aircon, other phrasings",set_temperature_22/set_temperature_22_20261001-133844-565.wav,set_temperature_22,Set temperature to twenty two degrees,end_of_speech,4.0,1.46,2.5,3.96,bcresnet6,set_temperature_22,set_temperature_22,0.9947,correct
20261001-132809,"living room, quiet with aircon, other phrasings",set_temperature_22/set_temperature_22_20261001-133844-565.wav,set_temperature_22,Set temperature to twenty two degrees,end_of_speech,4.0,1.46,2.5,3.96,bcresnet6_ownernoise,set_temperature_22,set_temperature_22,0.9852,correct
20261001-132809,"living room, quiet with aircon, other phrasings",set_temperature_22/set_temperature_22_20261001-133844-565.wav,set_temperature_22,Set temperature to twenty two degrees,end_of_speech,4.0,1.46,3.0,4.0,bcresnet6,set_temperature_22,set_temperature_22,0.9945,correct
20261001-132809,"living room, quiet with aircon, other phrasings",set_temperature_22/set_temperature_22_20261001-133844-565.wav,set_temperature_22,Set temperature to twenty two degrees,end_of_speech,4.0,1.46,3.0,4.0,bcresnet6_ownernoise,set_temperature_22,set_temperature_22,0.9853,correct
20261001-132809,"living room, quiet with aircon, other phrasings",set_temperature_22/set_temperature_22_20261001-133844-565.wav,set_temperature_22,Set temperature to twenty two degrees,end_of_speech,4.0,1.46,3.5,4.0,bcresnet6,set_temperature_22,set_temperature_22,0.9944,correct
20261001-132809,"living room, quiet with aircon, other phrasings",set_temperature_22/set_temperature_22_20261001-133844-565.wav,set_temperature_22,Set temperature to twenty two degrees,end_of_speech,4.0,1.46,3.5,4.0,bcresnet6_ownernoise,set_temperature_22,set_temperature_22,0.9854,correct
20261001-132809,"living room, quiet with aircon, other phrasings",set_temperature_22/set_temperature_22_20261001-133844-565.wav,set_temperature_22,Set temperature to twenty two degrees,end_of_speech,4.0,1.46,4.0,4.0,bcresnet6,set_temperature_22,set_temperature_22,0.9945,correct
20261001-132809,"living room, quiet with aircon, other phrasings",set_temperature_22/set_temperature_22_20261001-133844-565.wav,set_temperature_22,Set temperature to twenty two degrees,end_of_speech,4.0,1.46,4.0,4.0,bcresnet6_ownernoise,set_temperature_22,set_temperature_22,0.9853,correct
20261001-132809,"living room, quiet with aircon, other phrasings",set_temperature_22/set_temperature_22_20261001-133844-565.wav,set_temperature_22,Set temperature to twenty two degrees,end_of_speech,4.0,1.46,4.5,4.0,bcresnet6,set_temperature_22,set_temperature_22,0.9946,correct
20261001-132809,"living room, quiet with aircon, other phrasings",set_temperature_22/set_temperature_22_20261001-133844-565.wav,set_temperature_22,Set temperature to twenty two degrees,end_of_speech,4.0,1.46,4.5,4.0,bcresnet6_ownernoise,set_temperature_22,set_temperature_22,0.9854,correct
20261001-132809,"living room, quiet with aircon, other phrasings",set_temperature_22/set_temperature_22_20261001-133844-565.wav,set_temperature_22,Set temperature to twenty two degrees,end_of_speech,4.0,1.46,6.0,4.0,bcresnet6,set_temperature_22,set_temperature_22,0.9945,correct
20261001-132809,"living room, quiet with aircon, other phrasings",set_temperature_22/set_temperature_22_20261001-133844-565.wav,set_temperature_22,Set temperature to twenty two degrees,end_of_speech,4.0,1.46,6.0,4.0,bcresnet6_ownernoise,set_temperature_22,set_temperature_22,0.9852,correct
20261001-132809,"living room, quiet with aircon, other phrasings",set_alarm_7am/set_alarm_7am_20261001-133850-139.wav,set_alarm_7am,Wake me up at seven A M,end_of_speech,3.6,1.48,2.5,3.6,bcresnet6,set_alarm_7am,set_alarm_7am,0.5155,correct
20261001-132809,"living room, quiet with aircon, other phrasings",set_alarm_7am/set_alarm_7am_20261001-133850-139.wav,set_alarm_7am,Wake me up at seven A M,end_of_speech,3.6,1.48,2.5,3.6,bcresnet6_ownernoise,set_alarm_7am,set_alarm_7am,0.6985,correct
20261001-132809,"living room, quiet with aircon, other phrasings",set_alarm_7am/set_alarm_7am_20261001-133850-139.wav,set_alarm_7am,Wake me up at seven A M,end_of_speech,3.6,1.48,3.0,3.6,bcresnet6,set_alarm_7am,set_alarm_7am,0.5213,correct
20261001-132809,"living room, quiet with aircon, other phrasings",set_alarm_7am/set_alarm_7am_20261001-133850-139.wav,set_alarm_7am,Wake me up at seven A M,end_of_speech,3.6,1.48,3.0,3.6,bcresnet6_ownernoise,set_alarm_7am,set_alarm_7am,0.6982,correct
20261001-132809,"living room, quiet with aircon, other phrasings",set_alarm_7am/set_alarm_7am_20261001-133850-139.wav,set_alarm_7am,Wake me up at seven A M,end_of_speech,3.6,1.48,3.5,3.6,bcresnet6,set_alarm_7am,set_alarm_7am,0.5137,correct
20261001-132809,"living room, quiet with aircon, other phrasings",set_alarm_7am/set_alarm_7am_20261001-133850-139.wav,set_alarm_7am,Wake me up at seven A M,end_of_speech,3.6,1.48,3.5,3.6,bcresnet6_ownernoise,set_alarm_7am,set_alarm_7am,0.6941,correct
20261001-132809,"living room, quiet with aircon, other phrasings",set_alarm_7am/set_alarm_7am_20261001-133850-139.wav,set_alarm_7am,Wake me up at seven A M,end_of_speech,3.6,1.48,4.0,3.6,bcresnet6,set_alarm_7am,set_alarm_7am,0.5174,correct
20261001-132809,"living room, quiet with aircon, other phrasings",set_alarm_7am/set_alarm_7am_20261001-133850-139.wav,set_alarm_7am,Wake me up at seven A M,end_of_speech,3.6,1.48,4.0,3.6,bcresnet6_ownernoise,set_alarm_7am,set_alarm_7am,0.6994,correct
20261001-132809,"living room, quiet with aircon, other phrasings",set_alarm_7am/set_alarm_7am_20261001-133850-139.wav,set_alarm_7am,Wake me up at seven A M,end_of_speech,3.6,1.48,4.5,3.6,bcresnet6,set_alarm_7am,set_alarm_7am,0.5148,correct
20261001-132809,"living room, quiet with aircon, other phrasings",set_alarm_7am/set_alarm_7am_20261001-133850-139.wav,set_alarm_7am,Wake me up at seven A M,end_of_speech,3.6,1.48,4.5,3.6,bcresnet6_ownernoise,set_alarm_7am,set_alarm_7am,0.6986,correct
20261001-132809,"living room, quiet with aircon, other phrasings",set_alarm_7am/set_alarm_7am_20261001-133850-139.wav,set_alarm_7am,Wake me up at seven A M,end_of_speech,3.6,1.48,6.0,3.6,bcresnet6,set_alarm_7am,set_alarm_7am,0.516,correct
20261001-132809,"living room, quiet with aircon, other phrasings",set_alarm_7am/set_alarm_7am_20261001-133850-139.wav,set_alarm_7am,Wake me up at seven A M,end_of_speech,3.6,1.48,6.0,3.6,bcresnet6_ownernoise,set_alarm_7am,set_alarm_7am,0.6952,correct
20261001-132809,"living room, quiet with aircon, other phrasings",set_temperature_18/set_temperature_18_20261001-133856-324.wav,set_temperature_18,Set temperature to eighteen degrees,end_of_speech,4.1,1.72,2.5,4.1,bcresnet6,set_temperature_18,set_temperature_18,0.9672,correct
20261001-132809,"living room, quiet with aircon, other phrasings",set_temperature_18/set_temperature_18_20261001-133856-324.wav,set_temperature_18,Set temperature to eighteen degrees,end_of_speech,4.1,1.72,2.5,4.1,bcresnet6_ownernoise,set_temperature_18,set_temperature_18,0.9391,correct
20261001-132809,"living room, quiet with aircon, other phrasings",set_temperature_18/set_temperature_18_20261001-133856-324.wav,set_temperature_18,Set temperature to eighteen degrees,end_of_speech,4.1,1.72,3.0,4.1,bcresnet6,set_temperature_18,set_temperature_18,0.9673,correct
20261001-132809,"living room, quiet with aircon, other phrasings",set_temperature_18/set_temperature_18_20261001-133856-324.wav,set_temperature_18,Set temperature to eighteen degrees,end_of_speech,4.1,1.72,3.0,4.1,bcresnet6_ownernoise,set_temperature_18,set_temperature_18,0.9413,correct
20261001-132809,"living room, quiet with aircon, other phrasings",set_temperature_18/set_temperature_18_20261001-133856-324.wav,set_temperature_18,Set temperature to eighteen degrees,end_of_speech,4.1,1.72,3.5,4.1,bcresnet6,set_temperature_18,set_temperature_18,0.9673,correct
20261001-132809,"living room, quiet with aircon, other phrasings",set_temperature_18/set_temperature_18_20261001-133856-324.wav,set_temperature_18,Set temperature to eighteen degrees,end_of_speech,4.1,1.72,3.5,4.1,bcresnet6_ownernoise,set_temperature_18,set_temperature_18,0.9411,correct
20261001-132809,"living room, quiet with aircon, other phrasings",set_temperature_18/set_temperature_18_20261001-133856-324.wav,set_temperature_18,Set temperature to eighteen degrees,end_of_speech,4.1,1.72,4.0,4.1,bcresnet6,set_temperature_18,set_temperature_18,0.9667,correct
20261001-132809,"living room, quiet with aircon, other phrasings",set_temperature_18/set_temperature_18_20261001-133856-324.wav,set_temperature_18,Set temperature to eighteen degrees,end_of_speech,4.1,1.72,4.0,4.1,bcresnet6_ownernoise,set_temperature_18,set_temperature_18,0.9404,correct
20261001-132809,"living room, quiet with aircon, other phrasings",set_temperature_18/set_temperature_18_20261001-133856-324.wav,set_temperature_18,Set temperature to eighteen degrees,end_of_speech,4.1,1.72,4.5,4.1,bcresnet6,set_temperature_18,set_temperature_18,0.967,correct
20261001-132809,"living room, quiet with aircon, other phrasings",set_temperature_18/set_temperature_18_20261001-133856-324.wav,set_temperature_18,Set temperature to eighteen degrees,end_of_speech,4.1,1.72,4.5,4.1,bcresnet6_ownernoise,set_temperature_18,set_temperature_18,0.9385,correct
20261001-132809,"living room, quiet with aircon, other phrasings",set_temperature_18/set_temperature_18_20261001-133856-324.wav,set_temperature_18,Set temperature to eighteen degrees,end_of_speech,4.1,1.72,6.0,4.1,bcresnet6,set_temperature_18,set_temperature_18,0.967,correct
20261001-132809,"living room, quiet with aircon, other phrasings",set_temperature_18/set_temperature_18_20261001-133856-324.wav,set_temperature_18,Set temperature to eighteen degrees,end_of_speech,4.1,1.72,6.0,4.1,bcresnet6_ownernoise,set_temperature_18,set_temperature_18,0.9404,correct
20261001-132809,"living room, quiet with aircon, other phrasings",lights_on/lights_on_20261001-133901-080.wav,lights_on,Lights on,end_of_speech,3.2,1.2,2.5,3.2,bcresnet6,lights_on,lights_on,0.7009,correct
20261001-132809,"living room, quiet with aircon, other phrasings",lights_on/lights_on_20261001-133901-080.wav,lights_on,Lights on,end_of_speech,3.2,1.2,2.5,3.2,bcresnet6_ownernoise,unknown,lights_on,0.5532,asks again
20261001-132809,"living room, quiet with aircon, other phrasings",lights_on/lights_on_20261001-133901-080.wav,lights_on,Lights on,end_of_speech,3.2,1.2,3.0,3.2,bcresnet6,lights_on,lights_on,0.7096,correct
20261001-132809,"living room, quiet with aircon, other phrasings",lights_on/lights_on_20261001-133901-080.wav,lights_on,Lights on,end_of_speech,3.2,1.2,3.0,3.2,bcresnet6_ownernoise,unknown,lights_on,0.5559,asks again
20261001-132809,"living room, quiet with aircon, other phrasings",lights_on/lights_on_20261001-133901-080.wav,lights_on,Lights on,end_of_speech,3.2,1.2,3.5,3.2,bcresnet6,lights_on,lights_on,0.7037,correct
20261001-132809,"living room, quiet with aircon, other phrasings",lights_on/lights_on_20261001-133901-080.wav,lights_on,Lights on,end_of_speech,3.2,1.2,3.5,3.2,bcresnet6_ownernoise,unknown,lights_on,0.557,asks again
20261001-132809,"living room, quiet with aircon, other phrasings",lights_on/lights_on_20261001-133901-080.wav,lights_on,Lights on,end_of_speech,3.2,1.2,4.0,3.2,bcresnet6,lights_on,lights_on,0.7024,correct
20261001-132809,"living room, quiet with aircon, other phrasings",lights_on/lights_on_20261001-133901-080.wav,lights_on,Lights on,end_of_speech,3.2,1.2,4.0,3.2,bcresnet6_ownernoise,unknown,lights_on,0.5545,asks again
20261001-132809,"living room, quiet with aircon, other phrasings",lights_on/lights_on_20261001-133901-080.wav,lights_on,Lights on,end_of_speech,3.2,1.2,4.5,3.2,bcresnet6,lights_on,lights_on,0.7008,correct
20261001-132809,"living room, quiet with aircon, other phrasings",lights_on/lights_on_20261001-133901-080.wav,lights_on,Lights on,end_of_speech,3.2,1.2,4.5,3.2,bcresnet6_ownernoise,unknown,lights_on,0.5471,asks again
20261001-132809,"living room, quiet with aircon, other phrasings",lights_on/lights_on_20261001-133901-080.wav,lights_on,Lights on,end_of_speech,3.2,1.2,6.0,3.2,bcresnet6,lights_on,lights_on,0.7061,correct
20261001-132809,"living room, quiet with aircon, other phrasings",lights_on/lights_on_20261001-133901-080.wav,lights_on,Lights on,end_of_speech,3.2,1.2,6.0,3.2,bcresnet6_ownernoise,unknown,lights_on,0.5539,asks again
20261001-132809,"living room, quiet with aircon, other phrasings",dim_lights_50/dim_lights_50_20261001-133907-885.wav,dim_lights_50,Set the lights to fifty percent,end_of_speech,4.8,1.46,2.5,3.96,bcresnet6,dim_lights_50,dim_lights_50,0.8696,correct
20261001-132809,"living room, quiet with aircon, other phrasings",dim_lights_50/dim_lights_50_20261001-133907-885.wav,dim_lights_50,Set the lights to fifty percent,end_of_speech,4.8,1.46,2.5,3.96,bcresnet6_ownernoise,dim_lights_50,dim_lights_50,0.9459,correct
20261001-132809,"living room, quiet with aircon, other phrasings",dim_lights_50/dim_lights_50_20261001-133907-885.wav,dim_lights_50,Set the lights to fifty percent,end_of_speech,4.8,1.46,3.0,4.46,bcresnet6,dim_lights_50,dim_lights_50,0.8573,correct
20261001-132809,"living room, quiet with aircon, other phrasings",dim_lights_50/dim_lights_50_20261001-133907-885.wav,dim_lights_50,Set the lights to fifty percent,end_of_speech,4.8,1.46,3.0,4.46,bcresnet6_ownernoise,dim_lights_50,dim_lights_50,0.9045,correct
20261001-132809,"living room, quiet with aircon, other phrasings",dim_lights_50/dim_lights_50_20261001-133907-885.wav,dim_lights_50,Set the lights to fifty percent,end_of_speech,4.8,1.46,3.5,4.8,bcresnet6,dim_lights_50,dim_lights_50,0.8475,correct
20261001-132809,"living room, quiet with aircon, other phrasings",dim_lights_50/dim_lights_50_20261001-133907-885.wav,dim_lights_50,Set the lights to fifty percent,end_of_speech,4.8,1.46,3.5,4.8,bcresnet6_ownernoise,dim_lights_50,dim_lights_50,0.9728,correct
20261001-132809,"living room, quiet with aircon, other phrasings",dim_lights_50/dim_lights_50_20261001-133907-885.wav,dim_lights_50,Set the lights to fifty percent,end_of_speech,4.8,1.46,4.0,4.8,bcresnet6,dim_lights_50,dim_lights_50,0.8485,correct
20261001-132809,"living room, quiet with aircon, other phrasings",dim_lights_50/dim_lights_50_20261001-133907-885.wav,dim_lights_50,Set the lights to fifty percent,end_of_speech,4.8,1.46,4.0,4.8,bcresnet6_ownernoise,dim_lights_50,dim_lights_50,0.9741,correct
20261001-132809,"living room, quiet with aircon, other phrasings",dim_lights_50/dim_lights_50_20261001-133907-885.wav,dim_lights_50,Set the lights to fifty percent,end_of_speech,4.8,1.46,4.5,4.8,bcresnet6,dim_lights_50,dim_lights_50,0.8477,correct
20261001-132809,"living room, quiet with aircon, other phrasings",dim_lights_50/dim_lights_50_20261001-133907-885.wav,dim_lights_50,Set the lights to fifty percent,end_of_speech,4.8,1.46,4.5,4.8,bcresnet6_ownernoise,dim_lights_50,dim_lights_50,0.9736,correct
20261001-132809,"living room, quiet with aircon, other phrasings",dim_lights_50/dim_lights_50_20261001-133907-885.wav,dim_lights_50,Set the lights to fifty percent,end_of_speech,4.8,1.46,6.0,4.8,bcresnet6,dim_lights_50,dim_lights_50,0.8487,correct
20261001-132809,"living room, quiet with aircon, other phrasings",dim_lights_50/dim_lights_50_20261001-133907-885.wav,dim_lights_50,Set the lights to fifty percent,end_of_speech,4.8,1.46,6.0,4.8,bcresnet6_ownernoise,dim_lights_50,dim_lights_50,0.9723,correct
20261001-132809,"living room, quiet with aircon, other phrasings",dim_lights_80/dim_lights_80_20261001-133914-074.wav,dim_lights_80,Set the lights to eighty percent,end_of_speech,3.7,1.64,2.5,3.7,bcresnet6,dim_lights_80,dim_lights_80,0.9295,correct
20261001-132809,"living room, quiet with aircon, other phrasings",dim_lights_80/dim_lights_80_20261001-133914-074.wav,dim_lights_80,Set the lights to eighty percent,end_of_speech,3.7,1.64,2.5,3.7,bcresnet6_ownernoise,dim_lights_80,dim_lights_80,0.9609,correct
20261001-132809,"living room, quiet with aircon, other phrasings",dim_lights_80/dim_lights_80_20261001-133914-074.wav,dim_lights_80,Set the lights to eighty percent,end_of_speech,3.7,1.64,3.0,3.7,bcresnet6,dim_lights_80,dim_lights_80,0.9293,correct
20261001-132809,"living room, quiet with aircon, other phrasings",dim_lights_80/dim_lights_80_20261001-133914-074.wav,dim_lights_80,Set the lights to eighty percent,end_of_speech,3.7,1.64,3.0,3.7,bcresnet6_ownernoise,dim_lights_80,dim_lights_80,0.9608,correct
20261001-132809,"living room, quiet with aircon, other phrasings",dim_lights_80/dim_lights_80_20261001-133914-074.wav,dim_lights_80,Set the lights to eighty percent,end_of_speech,3.7,1.64,3.5,3.7,bcresnet6,dim_lights_80,dim_lights_80,0.9296,correct
20261001-132809,"living room, quiet with aircon, other phrasings",dim_lights_80/dim_lights_80_20261001-133914-074.wav,dim_lights_80,Set the lights to eighty percent,end_of_speech,3.7,1.64,3.5,3.7,bcresnet6_ownernoise,dim_lights_80,dim_lights_80,0.9606,correct
20261001-132809,"living room, quiet with aircon, other phrasings",dim_lights_80/dim_lights_80_20261001-133914-074.wav,dim_lights_80,Set the lights to eighty percent,end_of_speech,3.7,1.64,4.0,3.7,bcresnet6,dim_lights_80,dim_lights_80,0.9288,correct
20261001-132809,"living room, quiet with aircon, other phrasings",dim_lights_80/dim_lights_80_20261001-133914-074.wav,dim_lights_80,Set the lights to eighty percent,end_of_speech,3.7,1.64,4.0,3.7,bcresnet6_ownernoise,dim_lights_80,dim_lights_80,0.9611,correct
20261001-132809,"living room, quiet with aircon, other phrasings",dim_lights_80/dim_lights_80_20261001-133914-074.wav,dim_lights_80,Set the lights to eighty percent,end_of_speech,3.7,1.64,4.5,3.7,bcresnet6,dim_lights_80,dim_lights_80,0.9302,correct
20261001-132809,"living room, quiet with aircon, other phrasings",dim_lights_80/dim_lights_80_20261001-133914-074.wav,dim_lights_80,Set the lights to eighty percent,end_of_speech,3.7,1.64,4.5,3.7,bcresnet6_ownernoise,dim_lights_80,dim_lights_80,0.9608,correct
20261001-132809,"living room, quiet with aircon, other phrasings",dim_lights_80/dim_lights_80_20261001-133914-074.wav,dim_lights_80,Set the lights to eighty percent,end_of_speech,3.7,1.64,6.0,3.7,bcresnet6,dim_lights_80,dim_lights_80,0.9298,correct
20261001-132809,"living room, quiet with aircon, other phrasings",dim_lights_80/dim_lights_80_20261001-133914-074.wav,dim_lights_80,Set the lights to eighty percent,end_of_speech,3.7,1.64,6.0,3.7,bcresnet6_ownernoise,dim_lights_80,dim_lights_80,0.9609,correct
20261001-132809,"living room, quiet with aircon, other phrasings",set_alarm_6am/set_alarm_6am_20261001-133921-274.wav,set_alarm_6am,Set an alarm for six in the morning,end_of_speech,3.8,1.36,2.5,3.8,bcresnet6,set_alarm_6am,set_alarm_6am,0.8862,correct
20261001-132809,"living room, quiet with aircon, other phrasings",set_alarm_6am/set_alarm_6am_20261001-133921-274.wav,set_alarm_6am,Set an alarm for six in the morning,end_of_speech,3.8,1.36,2.5,3.8,bcresnet6_ownernoise,set_alarm_6am,set_alarm_6am,0.7826,correct
20261001-132809,"living room, quiet with aircon, other phrasings",set_alarm_6am/set_alarm_6am_20261001-133921-274.wav,set_alarm_6am,Set an alarm for six in the morning,end_of_speech,3.8,1.36,3.0,3.8,bcresnet6,set_alarm_6am,set_alarm_6am,0.8867,correct
20261001-132809,"living room, quiet with aircon, other phrasings",set_alarm_6am/set_alarm_6am_20261001-133921-274.wav,set_alarm_6am,Set an alarm for six in the morning,end_of_speech,3.8,1.36,3.0,3.8,bcresnet6_ownernoise,set_alarm_6am,set_alarm_6am,0.7813,correct
20261001-132809,"living room, quiet with aircon, other phrasings",set_alarm_6am/set_alarm_6am_20261001-133921-274.wav,set_alarm_6am,Set an alarm for six in the morning,end_of_speech,3.8,1.36,3.5,3.8,bcresnet6,set_alarm_6am,set_alarm_6am,0.8865,correct
20261001-132809,"living room, quiet with aircon, other phrasings",set_alarm_6am/set_alarm_6am_20261001-133921-274.wav,set_alarm_6am,Set an alarm for six in the morning,end_of_speech,3.8,1.36,3.5,3.8,bcresnet6_ownernoise,set_alarm_6am,set_alarm_6am,0.782,correct
20261001-132809,"living room, quiet with aircon, other phrasings",set_alarm_6am/set_alarm_6am_20261001-133921-274.wav,set_alarm_6am,Set an alarm for six in the morning,end_of_speech,3.8,1.36,4.0,3.8,bcresnet6,set_alarm_6am,set_alarm_6am,0.887,correct
20261001-132809,"living room, quiet with aircon, other phrasings",set_alarm_6am/set_alarm_6am_20261001-133921-274.wav,set_alarm_6am,Set an alarm for six in the morning,end_of_speech,3.8,1.36,4.0,3.8,bcresnet6_ownernoise,set_alarm_6am,set_alarm_6am,0.7827,correct
20261001-132809,"living room, quiet with aircon, other phrasings",set_alarm_6am/set_alarm_6am_20261001-133921-274.wav,set_alarm_6am,Set an alarm for six in the morning,end_of_speech,3.8,1.36,4.5,3.8,bcresnet6,set_alarm_6am,set_alarm_6am,0.8867,correct
20261001-132809,"living room, quiet with aircon, other phrasings",set_alarm_6am/set_alarm_6am_20261001-133921-274.wav,set_alarm_6am,Set an alarm for six in the morning,end_of_speech,3.8,1.36,4.5,3.8,bcresnet6_ownernoise,set_alarm_6am,set_alarm_6am,0.7831,correct
20261001-132809,"living room, quiet with aircon, other phrasings",set_alarm_6am/set_alarm_6am_20261001-133921-274.wav,set_alarm_6am,Set an alarm for six in the morning,end_of_speech,3.8,1.36,6.0,3.8,bcresnet6,set_alarm_6am,set_alarm_6am,0.8871,correct
20261001-132809,"living room, quiet with aircon, other phrasings",set_alarm_6am/set_alarm_6am_20261001-133921-274.wav,set_alarm_6am,Set an alarm for six in the morning,end_of_speech,3.8,1.36,6.0,3.8,bcresnet6_ownernoise,set_alarm_6am,set_alarm_6am,0.7805,correct
20261001-132809,"living room, quiet with aircon, other phrasings",text_jane/text_jane_20261001-133927-457.wav,text_jane,Send a message to Jane,end_of_speech,3.5,1.22,2.5,3.5,bcresnet6,set_temperature_26,set_temperature_26,0.4405,WRONG
20261001-132809,"living room, quiet with aircon, other phrasings",text_jane/text_jane_20261001-133927-457.wav,text_jane,Send a message to Jane,end_of_speech,3.5,1.22,2.5,3.5,bcresnet6_ownernoise,unknown,unknown,0.3331,asks again
20261001-132809,"living room, quiet with aircon, other phrasings",text_jane/text_jane_20261001-133927-457.wav,text_jane,Send a message to Jane,end_of_speech,3.5,1.22,3.0,3.5,bcresnet6,set_temperature_26,set_temperature_26,0.4431,WRONG
20261001-132809,"living room, quiet with aircon, other phrasings",text_jane/text_jane_20261001-133927-457.wav,text_jane,Send a message to Jane,end_of_speech,3.5,1.22,3.0,3.5,bcresnet6_ownernoise,unknown,unknown,0.3238,asks again
20261001-132809,"living room, quiet with aircon, other phrasings",text_jane/text_jane_20261001-133927-457.wav,text_jane,Send a message to Jane,end_of_speech,3.5,1.22,3.5,3.5,bcresnet6,set_temperature_26,set_temperature_26,0.4413,WRONG
20261001-132809,"living room, quiet with aircon, other phrasings",text_jane/text_jane_20261001-133927-457.wav,text_jane,Send a message to Jane,end_of_speech,3.5,1.22,3.5,3.5,bcresnet6_ownernoise,unknown,unknown,0.3289,asks again
20261001-132809,"living room, quiet with aircon, other phrasings",text_jane/text_jane_20261001-133927-457.wav,text_jane,Send a message to Jane,end_of_speech,3.5,1.22,4.0,3.5,bcresnet6,set_temperature_26,set_temperature_26,0.4436,WRONG
20261001-132809,"living room, quiet with aircon, other phrasings",text_jane/text_jane_20261001-133927-457.wav,text_jane,Send a message to Jane,end_of_speech,3.5,1.22,4.0,3.5,bcresnet6_ownernoise,unknown,unknown,0.3364,asks again
20261001-132809,"living room, quiet with aircon, other phrasings",text_jane/text_jane_20261001-133927-457.wav,text_jane,Send a message to Jane,end_of_speech,3.5,1.22,4.5,3.5,bcresnet6,set_temperature_26,set_temperature_26,0.4462,WRONG
20261001-132809,"living room, quiet with aircon, other phrasings",text_jane/text_jane_20261001-133927-457.wav,text_jane,Send a message to Jane,end_of_speech,3.5,1.22,4.5,3.5,bcresnet6_ownernoise,unknown,unknown,0.328,asks again
20261001-132809,"living room, quiet with aircon, other phrasings",text_jane/text_jane_20261001-133927-457.wav,text_jane,Send a message to Jane,end_of_speech,3.5,1.22,6.0,3.5,bcresnet6,set_temperature_26,set_temperature_26,0.4445,WRONG
20261001-132809,"living room, quiet with aircon, other phrasings",text_jane/text_jane_20261001-133927-457.wav,text_jane,Send a message to Jane,end_of_speech,3.5,1.22,6.0,3.5,bcresnet6_ownernoise,unknown,unknown,0.3336,asks again
20261001-132809,"living room, quiet with aircon, other phrasings",set_timer_5/set_timer_5_20261001-133935-064.wav,set_timer_5,Timer for five minutes,end_of_speech,3.1,1.2,2.5,3.1,bcresnet6,set_timer_5,set_timer_5,0.858,correct
20261001-132809,"living room, quiet with aircon, other phrasings",set_timer_5/set_timer_5_20261001-133935-064.wav,set_timer_5,Timer for five minutes,end_of_speech,3.1,1.2,2.5,3.1,bcresnet6_ownernoise,set_timer_5,set_timer_5,0.9547,correct
20261001-132809,"living room, quiet with aircon, other phrasings",set_timer_5/set_timer_5_20261001-133935-064.wav,set_timer_5,Timer for five minutes,end_of_speech,3.1,1.2,3.0,3.1,bcresnet6,set_timer_5,set_timer_5,0.8589,correct
20261001-132809,"living room, quiet with aircon, other phrasings",set_timer_5/set_timer_5_20261001-133935-064.wav,set_timer_5,Timer for five minutes,end_of_speech,3.1,1.2,3.0,3.1,bcresnet6_ownernoise,set_timer_5,set_timer_5,0.9544,correct
20261001-132809,"living room, quiet with aircon, other phrasings",set_timer_5/set_timer_5_20261001-133935-064.wav,set_timer_5,Timer for five minutes,end_of_speech,3.1,1.2,3.5,3.1,bcresnet6,set_timer_5,set_timer_5,0.8611,correct
20261001-132809,"living room, quiet with aircon, other phrasings",set_timer_5/set_timer_5_20261001-133935-064.wav,set_timer_5,Timer for five minutes,end_of_speech,3.1,1.2,3.5,3.1,bcresnet6_ownernoise,set_timer_5,set_timer_5,0.9548,correct
20261001-132809,"living room, quiet with aircon, other phrasings",set_timer_5/set_timer_5_20261001-133935-064.wav,set_timer_5,Timer for five minutes,end_of_speech,3.1,1.2,4.0,3.1,bcresnet6,set_timer_5,set_timer_5,0.8575,correct
20261001-132809,"living room, quiet with aircon, other phrasings",set_timer_5/set_timer_5_20261001-133935-064.wav,set_timer_5,Timer for five minutes,end_of_speech,3.1,1.2,4.0,3.1,bcresnet6_ownernoise,set_timer_5,set_timer_5,0.9544,correct
20261001-132809,"living room, quiet with aircon, other phrasings",set_timer_5/set_timer_5_20261001-133935-064.wav,set_timer_5,Timer for five minutes,end_of_speech,3.1,1.2,4.5,3.1,bcresnet6,set_timer_5,set_timer_5,0.8606,correct
20261001-132809,"living room, quiet with aircon, other phrasings",set_timer_5/set_timer_5_20261001-133935-064.wav,set_timer_5,Timer for five minutes,end_of_speech,3.1,1.2,4.5,3.1,bcresnet6_ownernoise,set_timer_5,set_timer_5,0.9547,correct
20261001-132809,"living room, quiet with aircon, other phrasings",set_timer_5/set_timer_5_20261001-133935-064.wav,set_timer_5,Timer for five minutes,end_of_speech,3.1,1.2,6.0,3.1,bcresnet6,set_timer_5,set_timer_5,0.8595,correct
20261001-132809,"living room, quiet with aircon, other phrasings",set_timer_5/set_timer_5_20261001-133935-064.wav,set_timer_5,Timer for five minutes,end_of_speech,3.1,1.2,6.0,3.1,bcresnet6_ownernoise,set_timer_5,set_timer_5,0.9547,correct
20261001-132809,"living room, quiet with aircon, other phrasings",next/next_20261001-133940-020.wav,next,Play the next song,end_of_speech,3.2,,2.5,3.2,bcresnet6,unknown,unknown,0.8317,asks again
20261001-132809,"living room, quiet with aircon, other phrasings",next/next_20261001-133940-020.wav,next,Play the next song,end_of_speech,3.2,,2.5,3.2,bcresnet6_ownernoise,unknown,unknown,0.5315,asks again
20261001-132809,"living room, quiet with aircon, other phrasings",next/next_20261001-133940-020.wav,next,Play the next song,end_of_speech,3.2,,3.0,3.2,bcresnet6,unknown,unknown,0.8289,asks again
20261001-132809,"living room, quiet with aircon, other phrasings",next/next_20261001-133940-020.wav,next,Play the next song,end_of_speech,3.2,,3.0,3.2,bcresnet6_ownernoise,unknown,unknown,0.5324,asks again
20261001-132809,"living room, quiet with aircon, other phrasings",next/next_20261001-133940-020.wav,next,Play the next song,end_of_speech,3.2,,3.5,3.2,bcresnet6,unknown,unknown,0.831,asks again
20261001-132809,"living room, quiet with aircon, other phrasings",next/next_20261001-133940-020.wav,next,Play the next song,end_of_speech,3.2,,3.5,3.2,bcresnet6_ownernoise,unknown,unknown,0.5367,asks again
20261001-132809,"living room, quiet with aircon, other phrasings",next/next_20261001-133940-020.wav,next,Play the next song,end_of_speech,3.2,,4.0,3.2,bcresnet6,unknown,unknown,0.8353,asks again
20261001-132809,"living room, quiet with aircon, other phrasings",next/next_20261001-133940-020.wav,next,Play the next song,end_of_speech,3.2,,4.0,3.2,bcresnet6_ownernoise,unknown,unknown,0.5248,asks again
20261001-132809,"living room, quiet with aircon, other phrasings",next/next_20261001-133940-020.wav,next,Play the next song,end_of_speech,3.2,,4.5,3.2,bcresnet6,unknown,unknown,0.8261,asks again
20261001-132809,"living room, quiet with aircon, other phrasings",next/next_20261001-133940-020.wav,next,Play the next song,end_of_speech,3.2,,4.5,3.2,bcresnet6_ownernoise,unknown,unknown,0.5238,asks again
20261001-132809,"living room, quiet with aircon, other phrasings",next/next_20261001-133940-020.wav,next,Play the next song,end_of_speech,3.2,,6.0,3.2,bcresnet6,unknown,unknown,0.829,asks again
20261001-132809,"living room, quiet with aircon, other phrasings",next/next_20261001-133940-020.wav,next,Play the next song,end_of_speech,3.2,,6.0,3.2,bcresnet6_ownernoise,unknown,unknown,0.5291,asks again
20261001-132809,"living room, quiet with aircon, other phrasings",remind_trash/remind_trash_20261001-133945-917.wav,remind_trash,Remind me about the trash,end_of_speech,3.7,1.14,2.5,3.64,bcresnet6,remind_trash,remind_trash,0.7936,correct
20261001-132809,"living room, quiet with aircon, other phrasings",remind_trash/remind_trash_20261001-133945-917.wav,remind_trash,Remind me about the trash,end_of_speech,3.7,1.14,2.5,3.64,bcresnet6_ownernoise,remind_trash,remind_trash,0.7328,correct
20261001-132809,"living room, quiet with aircon, other phrasings",remind_trash/remind_trash_20261001-133945-917.wav,remind_trash,Remind me about the trash,end_of_speech,3.7,1.14,3.0,3.7,bcresnet6,remind_trash,remind_trash,0.7934,correct
20261001-132809,"living room, quiet with aircon, other phrasings",remind_trash/remind_trash_20261001-133945-917.wav,remind_trash,Remind me about the trash,end_of_speech,3.7,1.14,3.0,3.7,bcresnet6_ownernoise,remind_trash,remind_trash,0.7233,correct
20261001-132809,"living room, quiet with aircon, other phrasings",remind_trash/remind_trash_20261001-133945-917.wav,remind_trash,Remind me about the trash,end_of_speech,3.7,1.14,3.5,3.7,bcresnet6,remind_trash,remind_trash,0.7942,correct
20261001-132809,"living room, quiet with aircon, other phrasings",remind_trash/remind_trash_20261001-133945-917.wav,remind_trash,Remind me about the trash,end_of_speech,3.7,1.14,3.5,3.7,bcresnet6_ownernoise,remind_trash,remind_trash,0.7276,correct
20261001-132809,"living room, quiet with aircon, other phrasings",remind_trash/remind_trash_20261001-133945-917.wav,remind_trash,Remind me about the trash,end_of_speech,3.7,1.14,4.0,3.7,bcresnet6,remind_trash,remind_trash,0.7951,correct
20261001-132809,"living room, quiet with aircon, other phrasings",remind_trash/remind_trash_20261001-133945-917.wav,remind_trash,Remind me about the trash,end_of_speech,3.7,1.14,4.0,3.7,bcresnet6_ownernoise,remind_trash,remind_trash,0.7277,correct
20261001-132809,"living room, quiet with aircon, other phrasings",remind_trash/remind_trash_20261001-133945-917.wav,remind_trash,Remind me about the trash,end_of_speech,3.7,1.14,4.5,3.7,bcresnet6,remind_trash,remind_trash,0.7948,correct
20261001-132809,"living room, quiet with aircon, other phrasings",remind_trash/remind_trash_20261001-133945-917.wav,remind_trash,Remind me about the trash,end_of_speech,3.7,1.14,4.5,3.7,bcresnet6_ownernoise,remind_trash,remind_trash,0.7228,correct
20261001-132809,"living room, quiet with aircon, other phrasings",remind_trash/remind_trash_20261001-133945-917.wav,remind_trash,Remind me about the trash,end_of_speech,3.7,1.14,6.0,3.7,bcresnet6,remind_trash,remind_trash,0.7913,correct
20261001-132809,"living room, quiet with aircon, other phrasings",remind_trash/remind_trash_20261001-133945-917.wav,remind_trash,Remind me about the trash,end_of_speech,3.7,1.14,6.0,3.7,bcresnet6_ownernoise,remind_trash,remind_trash,0.724,correct
20261001-134101,voice message from talker #3,skip/skip_20261001-134312-102.wav,next,Skip,end_of_speech,4.2,1.62,2.5,4.12,bcresnet6,next,next,0.7469,correct
20261001-134101,voice message from talker #3,skip/skip_20261001-134312-102.wav,next,Skip,end_of_speech,4.2,1.62,2.5,4.12,bcresnet6_ownernoise,unknown,unknown,0.5516,asks again
20261001-134101,voice message from talker #3,skip/skip_20261001-134312-102.wav,next,Skip,end_of_speech,4.2,1.62,3.0,4.2,bcresnet6,next,next,0.7377,correct
20261001-134101,voice message from talker #3,skip/skip_20261001-134312-102.wav,next,Skip,end_of_speech,4.2,1.62,3.0,4.2,bcresnet6_ownernoise,unknown,unknown,0.6722,asks again
20261001-134101,voice message from talker #3,skip/skip_20261001-134312-102.wav,next,Skip,end_of_speech,4.2,1.62,3.5,4.2,bcresnet6,next,next,0.7387,correct
20261001-134101,voice message from talker #3,skip/skip_20261001-134312-102.wav,next,Skip,end_of_speech,4.2,1.62,3.5,4.2,bcresnet6_ownernoise,unknown,unknown,0.6766,asks again
20261001-134101,voice message from talker #3,skip/skip_20261001-134312-102.wav,next,Skip,end_of_speech,4.2,1.62,4.0,4.2,bcresnet6,next,next,0.7458,correct
20261001-134101,voice message from talker #3,skip/skip_20261001-134312-102.wav,next,Skip,end_of_speech,4.2,1.62,4.0,4.2,bcresnet6_ownernoise,unknown,unknown,0.6693,asks again
20261001-134101,voice message from talker #3,skip/skip_20261001-134312-102.wav,next,Skip,end_of_speech,4.2,1.62,4.5,4.2,bcresnet6,next,next,0.7342,correct
20261001-134101,voice message from talker #3,skip/skip_20261001-134312-102.wav,next,Skip,end_of_speech,4.2,1.62,4.5,4.2,bcresnet6_ownernoise,unknown,unknown,0.673,asks again
20261001-134101,voice message from talker #3,skip/skip_20261001-134312-102.wav,next,Skip,end_of_speech,4.2,1.62,6.0,4.2,bcresnet6,next,next,0.7408,correct
20261001-134101,voice message from talker #3,skip/skip_20261001-134312-102.wav,next,Skip,end_of_speech,4.2,1.62,6.0,4.2,bcresnet6_ownernoise,unknown,unknown,0.6763,asks again
20261001-134101,voice message from talker #3,next/next_20261001-134338-775.wav,next,Next,end_of_speech,6.6,1.64,2.5,4.14,bcresnet6,unknown,unknown,0.9499,asks again
20261001-134101,voice message from talker #3,next/next_20261001-134338-775.wav,next,Next,end_of_speech,6.6,1.64,2.5,4.14,bcresnet6_ownernoise,unknown,unknown,0.8555,asks again
20261001-134101,voice message from talker #3,next/next_20261001-134338-775.wav,next,Next,end_of_speech,6.6,1.64,3.0,4.64,bcresnet6,unknown,unknown,0.9864,asks again
20261001-134101,voice message from talker #3,next/next_20261001-134338-775.wav,next,Next,end_of_speech,6.6,1.64,3.0,4.64,bcresnet6_ownernoise,unknown,unknown,0.9708,asks again
20261001-134101,voice message from talker #3,next/next_20261001-134338-775.wav,next,Next,end_of_speech,6.6,1.64,3.5,5.14,bcresnet6,unknown,unknown,0.9748,asks again
20261001-134101,voice message from talker #3,next/next_20261001-134338-775.wav,next,Next,end_of_speech,6.6,1.64,3.5,5.14,bcresnet6_ownernoise,unknown,unknown,0.9103,asks again
20261001-134101,voice message from talker #3,next/next_20261001-134338-775.wav,next,Next,end_of_speech,6.6,1.64,4.0,5.64,bcresnet6,unknown,unknown,0.9748,asks again
20261001-134101,voice message from talker #3,next/next_20261001-134338-775.wav,next,Next,end_of_speech,6.6,1.64,4.0,5.64,bcresnet6_ownernoise,unknown,unknown,0.9103,asks again
20261001-134101,voice message from talker #3,next/next_20261001-134338-775.wav,next,Next,end_of_speech,6.6,1.64,4.5,6.14,bcresnet6,unknown,unknown,0.9748,asks again
20261001-134101,voice message from talker #3,next/next_20261001-134338-775.wav,next,Next,end_of_speech,6.6,1.64,4.5,6.14,bcresnet6_ownernoise,unknown,unknown,0.9103,asks again
20261001-134101,voice message from talker #3,next/next_20261001-134338-775.wav,next,Next,end_of_speech,6.6,1.64,6.0,6.6,bcresnet6,unknown,unknown,0.9748,asks again
20261001-134101,voice message from talker #3,next/next_20261001-134338-775.wav,next,Next,end_of_speech,6.6,1.64,6.0,6.6,bcresnet6_ownernoise,unknown,unknown,0.9103,asks again
20261001-134101,voice message from talker #3,louder/louder_20261001-134355-813.wav,volume_up,Louder,end_of_speech,5.3,1.7,2.5,4.2,bcresnet6,unknown,unknown,0.9691,asks again
20261001-134101,voice message from talker #3,louder/louder_20261001-134355-813.wav,volume_up,Louder,end_of_speech,5.3,1.7,2.5,4.2,bcresnet6_ownernoise,unknown,unknown,0.6521,asks again
20261001-134101,voice message from talker #3,louder/louder_20261001-134355-813.wav,volume_up,Louder,end_of_speech,5.3,1.7,3.0,4.7,bcresnet6,unknown,unknown,0.8772,asks again
20261001-134101,voice message from talker #3,louder/louder_20261001-134355-813.wav,volume_up,Louder,end_of_speech,5.3,1.7,3.0,4.7,bcresnet6_ownernoise,unknown,unknown,0.5339,asks again
20261001-134101,voice message from talker #3,louder/louder_20261001-134355-813.wav,volume_up,Louder,end_of_speech,5.3,1.7,3.5,5.2,bcresnet6,unknown,unknown,0.7149,asks again
20261001-134101,voice message from talker #3,louder/louder_20261001-134355-813.wav,volume_up,Louder,end_of_speech,5.3,1.7,3.5,5.2,bcresnet6_ownernoise,unknown,volume_down,0.351,asks again
20261001-134101,voice message from talker #3,louder/louder_20261001-134355-813.wav,volume_up,Louder,end_of_speech,5.3,1.7,4.0,5.3,bcresnet6,unknown,unknown,0.7149,asks again
20261001-134101,voice message from talker #3,louder/louder_20261001-134355-813.wav,volume_up,Louder,end_of_speech,5.3,1.7,4.0,5.3,bcresnet6_ownernoise,unknown,volume_down,0.351,asks again
20261001-134101,voice message from talker #3,louder/louder_20261001-134355-813.wav,volume_up,Louder,end_of_speech,5.3,1.7,4.5,5.3,bcresnet6,unknown,unknown,0.7149,asks again
20261001-134101,voice message from talker #3,louder/louder_20261001-134355-813.wav,volume_up,Louder,end_of_speech,5.3,1.7,4.5,5.3,bcresnet6_ownernoise,unknown,volume_down,0.351,asks again
20261001-134101,voice message from talker #3,louder/louder_20261001-134355-813.wav,volume_up,Louder,end_of_speech,5.3,1.7,6.0,5.3,bcresnet6,unknown,unknown,0.7149,asks again
20261001-134101,voice message from talker #3,louder/louder_20261001-134355-813.wav,volume_up,Louder,end_of_speech,5.3,1.7,6.0,5.3,bcresnet6_ownernoise,unknown,volume_down,0.351,asks again
20261001-134101,voice message from talker #3,dim_lights_80/dim_lights_80_20261001-134419-849.wav,dim_lights_80,Dim lights to 80%,end_of_speech,5.0,1.64,2.5,4.14,bcresnet6,unknown,unknown,0.6779,asks again
20261001-134101,voice message from talker #3,dim_lights_80/dim_lights_80_20261001-134419-849.wav,dim_lights_80,Dim lights to 80%,end_of_speech,5.0,1.64,2.5,4.14,bcresnet6_ownernoise,unknown,unknown,0.8725,asks again
20261001-134101,voice message from talker #3,dim_lights_80/dim_lights_80_20261001-134419-849.wav,dim_lights_80,Dim lights to 80%,end_of_speech,5.0,1.64,3.0,4.64,bcresnet6,unknown,unknown,0.6512,asks again
20261001-134101,voice message from talker #3,dim_lights_80/dim_lights_80_20261001-134419-849.wav,dim_lights_80,Dim lights to 80%,end_of_speech,5.0,1.64,3.0,4.64,bcresnet6_ownernoise,unknown,unknown,0.7744,asks again
20261001-134101,voice message from talker #3,dim_lights_80/dim_lights_80_20261001-134419-849.wav,dim_lights_80,Dim lights to 80%,end_of_speech,5.0,1.64,3.5,5.0,bcresnet6,unknown,unknown,0.6337,asks again
20261001-134101,voice message from talker #3,dim_lights_80/dim_lights_80_20261001-134419-849.wav,dim_lights_80,Dim lights to 80%,end_of_speech,5.0,1.64,3.5,5.0,bcresnet6_ownernoise,unknown,unknown,0.7574,asks again
20261001-134101,voice message from talker #3,dim_lights_80/dim_lights_80_20261001-134419-849.wav,dim_lights_80,Dim lights to 80%,end_of_speech,5.0,1.64,4.0,5.0,bcresnet6,unknown,unknown,0.6337,asks again
20261001-134101,voice message from talker #3,dim_lights_80/dim_lights_80_20261001-134419-849.wav,dim_lights_80,Dim lights to 80%,end_of_speech,5.0,1.64,4.0,5.0,bcresnet6_ownernoise,unknown,unknown,0.7574,asks again
20261001-134101,voice message from talker #3,dim_lights_80/dim_lights_80_20261001-134419-849.wav,dim_lights_80,Dim lights to 80%,end_of_speech,5.0,1.64,4.5,5.0,bcresnet6,unknown,unknown,0.6337,asks again
20261001-134101,voice message from talker #3,dim_lights_80/dim_lights_80_20261001-134419-849.wav,dim_lights_80,Dim lights to 80%,end_of_speech,5.0,1.64,4.5,5.0,bcresnet6_ownernoise,unknown,unknown,0.7574,asks again
20261001-134101,voice message from talker #3,dim_lights_80/dim_lights_80_20261001-134419-849.wav,dim_lights_80,Dim lights to 80%,end_of_speech,5.0,1.64,6.0,5.0,bcresnet6,unknown,unknown,0.6337,asks again
20261001-134101,voice message from talker #3,dim_lights_80/dim_lights_80_20261001-134419-849.wav,dim_lights_80,Dim lights to 80%,end_of_speech,5.0,1.64,6.0,5.0,bcresnet6_ownernoise,unknown,unknown,0.7574,asks again
20261001-134101,voice message from talker #3,unknown_other/unknown_other_20261001-134505-079.wav,unknown,(say something that is NOT a command),max_length,7.7,1.7,2.5,4.2,bcresnet6,unknown,unknown,0.9273,correct
20261001-134101,voice message from talker #3,unknown_other/unknown_other_20261001-134505-079.wav,unknown,(say something that is NOT a command),max_length,7.7,1.7,2.5,4.2,bcresnet6_ownernoise,unknown,volume_down,0.498,correct
20261001-134101,voice message from talker #3,unknown_other/unknown_other_20261001-134505-079.wav,unknown,(say something that is NOT a command),max_length,7.7,1.7,3.0,4.7,bcresnet6,unknown,unknown,0.9252,correct
20261001-134101,voice message from talker #3,unknown_other/unknown_other_20261001-134505-079.wav,unknown,(say something that is NOT a command),max_length,7.7,1.7,3.0,4.7,bcresnet6_ownernoise,unknown,unknown,0.7008,correct
20261001-134101,voice message from talker #3,unknown_other/unknown_other_20261001-134505-079.wav,unknown,(say something that is NOT a command),max_length,7.7,1.7,3.5,5.2,bcresnet6,unknown,unknown,0.9665,correct
20261001-134101,voice message from talker #3,unknown_other/unknown_other_20261001-134505-079.wav,unknown,(say something that is NOT a command),max_length,7.7,1.7,3.5,5.2,bcresnet6_ownernoise,unknown,unknown,0.5655,correct
20261001-134101,voice message from talker #3,unknown_other/unknown_other_20261001-134505-079.wav,unknown,(say something that is NOT a command),max_length,7.7,1.7,4.0,5.7,bcresnet6,unknown,unknown,0.9665,correct
20261001-134101,voice message from talker #3,unknown_other/unknown_other_20261001-134505-079.wav,unknown,(say something that is NOT a command),max_length,7.7,1.7,4.0,5.7,bcresnet6_ownernoise,unknown,unknown,0.5655,correct
20261001-134101,voice message from talker #3,unknown_other/unknown_other_20261001-134505-079.wav,unknown,(say something that is NOT a command),max_length,7.7,1.7,4.5,6.2,bcresnet6,unknown,unknown,0.9665,correct
20261001-134101,voice message from talker #3,unknown_other/unknown_other_20261001-134505-079.wav,unknown,(say something that is NOT a command),max_length,7.7,1.7,4.5,6.2,bcresnet6_ownernoise,unknown,unknown,0.5655,correct
20261001-134101,voice message from talker #3,unknown_other/unknown_other_20261001-134505-079.wav,unknown,(say something that is NOT a command),max_length,7.7,1.7,6.0,7.7,bcresnet6,unknown,unknown,0.9665,correct
20261001-134101,voice message from talker #3,unknown_other/unknown_other_20261001-134505-079.wav,unknown,(say something that is NOT a command),max_length,7.7,1.7,6.0,7.7,bcresnet6_ownernoise,unknown,unknown,0.5655,correct
20261001-134101,voice message from talker #3,text_jane/text_jane_20261001-134526-579.wav,text_jane,Text Jane,max_length,7.8,1.8,2.5,4.3,bcresnet6,unknown,unknown,0.9965,asks again
20261001-134101,voice message from talker #3,text_jane/text_jane_20261001-134526-579.wav,text_jane,Text Jane,max_length,7.8,1.8,2.5,4.3,bcresnet6_ownernoise,unknown,unknown,0.9824,asks again
20261001-134101,voice message from talker #3,text_jane/text_jane_20261001-134526-579.wav,text_jane,Text Jane,max_length,7.8,1.8,3.0,4.8,bcresnet6,unknown,unknown,0.9933,asks again
20261001-134101,voice message from talker #3,text_jane/text_jane_20261001-134526-579.wav,text_jane,Text Jane,max_length,7.8,1.8,3.0,4.8,bcresnet6_ownernoise,unknown,unknown,0.959,asks again
20261001-134101,voice message from talker #3,text_jane/text_jane_20261001-134526-579.wav,text_jane,Text Jane,max_length,7.8,1.8,3.5,5.3,bcresnet6,unknown,unknown,0.9939,asks again
20261001-134101,voice message from talker #3,text_jane/text_jane_20261001-134526-579.wav,text_jane,Text Jane,max_length,7.8,1.8,3.5,5.3,bcresnet6_ownernoise,unknown,unknown,0.9804,asks again
20261001-134101,voice message from talker #3,text_jane/text_jane_20261001-134526-579.wav,text_jane,Text Jane,max_length,7.8,1.8,4.0,5.8,bcresnet6,unknown,unknown,0.9939,asks again
20261001-134101,voice message from talker #3,text_jane/text_jane_20261001-134526-579.wav,text_jane,Text Jane,max_length,7.8,1.8,4.0,5.8,bcresnet6_ownernoise,unknown,unknown,0.9804,asks again
20261001-134101,voice message from talker #3,text_jane/text_jane_20261001-134526-579.wav,text_jane,Text Jane,max_length,7.8,1.8,4.5,6.3,bcresnet6,unknown,unknown,0.9939,asks again
20261001-134101,voice message from talker #3,text_jane/text_jane_20261001-134526-579.wav,text_jane,Text Jane,max_length,7.8,1.8,4.5,6.3,bcresnet6_ownernoise,unknown,unknown,0.9804,asks again
20261001-134101,voice message from talker #3,text_jane/text_jane_20261001-134526-579.wav,text_jane,Text Jane,max_length,7.8,1.8,6.0,7.8,bcresnet6,unknown,unknown,0.9939,asks again
20261001-134101,voice message from talker #3,text_jane/text_jane_20261001-134526-579.wav,text_jane,Text Jane,max_length,7.8,1.8,6.0,7.8,bcresnet6_ownernoise,unknown,unknown,0.9804,asks again
20261001-134101,voice message from talker #3,set_temperature_18/set_temperature_18_20261001-134605-727.wav,set_temperature_18,Set temperature to 18 degrees,max_length,7.0,1.0,2.5,3.5,bcresnet6,unknown,unknown,0.4883,asks again
20261001-134101,voice message from talker #3,set_temperature_18/set_temperature_18_20261001-134605-727.wav,set_temperature_18,Set temperature to 18 degrees,max_length,7.0,1.0,2.5,3.5,bcresnet6_ownernoise,unknown,unknown,0.2191,asks again
20261001-134101,voice message from talker #3,set_temperature_18/set_temperature_18_20261001-134605-727.wav,set_temperature_18,Set temperature to 18 degrees,max_length,7.0,1.0,3.0,4.0,bcresnet6,unknown,unknown,0.4833,asks again
20261001-134101,voice message from talker #3,set_temperature_18/set_temperature_18_20261001-134605-727.wav,set_temperature_18,Set temperature to 18 degrees,max_length,7.0,1.0,3.0,4.0,bcresnet6_ownernoise,unknown,set_temperature_18,0.2922,asks again
20261001-134101,voice message from talker #3,set_temperature_18/set_temperature_18_20261001-134605-727.wav,set_temperature_18,Set temperature to 18 degrees,max_length,7.0,1.0,3.5,4.5,bcresnet6,unknown,unknown,0.6996,asks again
20261001-134101,voice message from talker #3,set_temperature_18/set_temperature_18_20261001-134605-727.wav,set_temperature_18,Set temperature to 18 degrees,max_length,7.0,1.0,3.5,4.5,bcresnet6_ownernoise,unknown,set_temperature_18,0.4248,asks again
20261001-134101,voice message from talker #3,set_temperature_18/set_temperature_18_20261001-134605-727.wav,set_temperature_18,Set temperature to 18 degrees,max_length,7.0,1.0,4.0,5.0,bcresnet6,unknown,unknown,0.4055,asks again
20261001-134101,voice message from talker #3,set_temperature_18/set_temperature_18_20261001-134605-727.wav,set_temperature_18,Set temperature to 18 degrees,max_length,7.0,1.0,4.0,5.0,bcresnet6_ownernoise,unknown,play,0.3125,asks again
20261001-134101,voice message from talker #3,set_temperature_18/set_temperature_18_20261001-134605-727.wav,set_temperature_18,Set temperature to 18 degrees,max_length,7.0,1.0,4.5,5.5,bcresnet6,unknown,unknown,0.4055,asks again
20261001-134101,voice message from talker #3,set_temperature_18/set_temperature_18_20261001-134605-727.wav,set_temperature_18,Set temperature to 18 degrees,max_length,7.0,1.0,4.5,5.5,bcresnet6_ownernoise,unknown,play,0.3125,asks again
20261001-134101,voice message from talker #3,set_temperature_18/set_temperature_18_20261001-134605-727.wav,set_temperature_18,Set temperature to 18 degrees,max_length,7.0,1.0,6.0,7.0,bcresnet6,unknown,unknown,0.4055,asks again
20261001-134101,voice message from talker #3,set_temperature_18/set_temperature_18_20261001-134605-727.wav,set_temperature_18,Set temperature to 18 degrees,max_length,7.0,1.0,6.0,7.0,bcresnet6_ownernoise,unknown,play,0.3125,asks again
20261001-134101,voice message from talker #3,pause/pause_20261001-134628-750.wav,pause,Pause,max_length,7.1,1.1,2.5,3.6,bcresnet6,unknown,unknown,0.7733,asks again
20261001-134101,voice message from talker #3,pause/pause_20261001-134628-750.wav,pause,Pause,max_length,7.1,1.1,2.5,3.6,bcresnet6_ownernoise,unknown,unknown,0.376,asks again
20261001-134101,voice message from talker #3,pause/pause_20261001-134628-750.wav,pause,Pause,max_length,7.1,1.1,3.0,4.1,bcresnet6,unknown,unknown,0.9005,asks again
20261001-134101,voice message from talker #3,pause/pause_20261001-134628-750.wav,pause,Pause,max_length,7.1,1.1,3.0,4.1,bcresnet6_ownernoise,unknown,unknown,0.5249,asks again
20261001-134101,voice message from talker #3,pause/pause_20261001-134628-750.wav,pause,Pause,max_length,7.1,1.1,3.5,4.6,bcresnet6,unknown,unknown,0.9709,asks again
20261001-134101,voice message from talker #3,pause/pause_20261001-134628-750.wav,pause,Pause,max_length,7.1,1.1,3.5,4.6,bcresnet6_ownernoise,unknown,unknown,0.8234,asks again
20261001-134101,voice message from talker #3,pause/pause_20261001-134628-750.wav,pause,Pause,max_length,7.1,1.1,4.0,5.1,bcresnet6,unknown,unknown,0.9517,asks again
20261001-134101,voice message from talker #3,pause/pause_20261001-134628-750.wav,pause,Pause,max_length,7.1,1.1,4.0,5.1,bcresnet6_ownernoise,unknown,unknown,0.6764,asks again
20261001-134101,voice message from talker #3,pause/pause_20261001-134628-750.wav,pause,Pause,max_length,7.1,1.1,4.5,5.6,bcresnet6,unknown,unknown,0.9517,asks again
20261001-134101,voice message from talker #3,pause/pause_20261001-134628-750.wav,pause,Pause,max_length,7.1,1.1,4.5,5.6,bcresnet6_ownernoise,unknown,unknown,0.6764,asks again
20261001-134101,voice message from talker #3,pause/pause_20261001-134628-750.wav,pause,Pause,max_length,7.1,1.1,6.0,7.1,bcresnet6,unknown,unknown,0.9517,asks again
20261001-134101,voice message from talker #3,pause/pause_20261001-134628-750.wav,pause,Pause,max_length,7.1,1.1,6.0,7.1,bcresnet6_ownernoise,unknown,unknown,0.6764,asks again
