annotation_id,file_id,annotation_mode,gt_start_sec,gt_end_sec,asr_match_type,asr_start_sec,asr_end_sec,iou,start_error_sec,end_error_sec,refined_method,refined_start_error_sec,refined_end_error_sec,used_for_labels
en_GB-alan-medium_spd0.85_pit-2#gt000,en_GB-alan-medium_spd0.85_pit-2,gt_whole_clip,0.0499,0.9578,complete,0.0,0.52,0.4908,-0.0499,-0.4378,asr_energy_refined,0.0501,-0.3478,False
en_GB-alan-medium_spd0.85_pit0#gt000,en_GB-alan-medium_spd0.85_pit0,gt_whole_clip,0.0698,0.9179,complete,0.0,0.52,0.4905,-0.0698,-0.3979,asr_energy_refined,0.0202,-0.0679,False
en_GB-alan-medium_spd0.85_pit2#gt000,en_GB-alan-medium_spd0.85_pit2,gt_whole_clip,0.0299,0.9678,complete,0.0,0.46,0.4444,-0.0299,-0.5078,asr_energy_refined,0.0801,-0.3778,False
en_GB-alan-medium_spd1.0_pit-2#gt000,en_GB-alan-medium_spd1.0_pit-2,gt_whole_clip,0.0399,0.8181,complete,0.0,0.42,0.4646,-0.0399,-0.3981,asr_energy_refined,0.0401,-0.1581,False
en_GB-alan-medium_spd1.0_pit0#gt000,en_GB-alan-medium_spd1.0_pit0,gt_whole_clip,0.0499,0.8481,complete,0.0,0.48,0.5071,-0.0499,-0.3681,asr_energy_refined,0.0301,-0.0881,False
en_GB-alan-medium_spd1.0_pit2#gt000,en_GB-alan-medium_spd1.0_pit2,gt_whole_clip,0.02,0.878,complete,0.0,0.44,0.4784,-0.02,-0.438,asr_energy_refined,0.04,-0.098,False
en_GB-alan-medium_spd1.15_pit-2#gt000,en_GB-alan-medium_spd1.15_pit-2,gt_whole_clip,0.0399,0.7782,none,,,0.0,,,,,,False
en_GB-alan-medium_spd1.15_pit0#gt000,en_GB-alan-medium_spd1.15_pit0,gt_whole_clip,0.0399,0.7383,complete,0.0,0.38,0.4607,-0.0399,-0.3583,asr_energy_refined,0.0201,-0.0383,False
en_GB-alan-medium_spd1.15_pit2#gt000,en_GB-alan-medium_spd1.15_pit2,gt_whole_clip,0.02,0.7782,complete,0.0,0.38,0.4626,-0.02,-0.3982,asr_energy_refined,0.05,-0.3082,False
en_US-amy-medium_spd0.85_pit-2#gt000,en_US-amy-medium_spd0.85_pit-2,gt_whole_clip,0.0399,0.868,complete,0.0,0.46,0.484,-0.0399,-0.408,asr_energy_refined,0.0301,-0.038,False
en_US-amy-medium_spd0.85_pit0#gt000,en_US-amy-medium_spd0.85_pit0,gt_whole_clip,0.0798,0.9478,complete,0.0,0.5,0.4433,-0.0798,-0.4478,asr_energy_refined,0.0302,-0.0278,False
en_US-amy-medium_spd0.85_pit2#gt000,en_US-amy-medium_spd0.85_pit2,gt_whole_clip,0.01,0.858,complete,0.0,0.44,0.5012,-0.01,-0.418,asr_energy_refined,0.04,-0.298,False
en_US-amy-medium_spd1.0_pit-2#gt000,en_US-amy-medium_spd1.0_pit-2,gt_whole_clip,0.0798,0.8381,complete,0.0,0.46,0.4536,-0.0798,-0.3781,asr_energy_refined,0.0302,-0.0381,False
en_US-amy-medium_spd1.0_pit0#gt000,en_US-amy-medium_spd1.0_pit0,gt_whole_clip,0.0798,0.8481,complete,0.0,0.5,0.4955,-0.0798,-0.3481,asr_energy_refined,0.0502,-0.0181,False
en_US-amy-medium_spd1.0_pit2#gt000,en_US-amy-medium_spd1.0_pit2,gt_whole_clip,0.0,0.7782,complete,0.0,0.4,0.514,0.0,-0.3782,asr_energy_refined,0.05,-0.2382,False
en_US-amy-medium_spd1.15_pit-2#gt000,en_US-amy-medium_spd1.15_pit-2,gt_whole_clip,0.0499,0.7483,complete,0.0,0.42,0.4946,-0.0499,-0.3283,asr_energy_refined,0.0601,-0.2483,False
en_US-amy-medium_spd1.15_pit0#gt000,en_US-amy-medium_spd1.15_pit0,gt_whole_clip,0.0499,0.7283,complete,0.0,0.4,0.4807,-0.0499,-0.3283,asr_energy_refined,0.0301,-0.0283,False
en_US-amy-medium_spd1.15_pit2#gt000,en_US-amy-medium_spd1.15_pit2,gt_whole_clip,0.0299,0.7483,complete,0.0,0.42,0.5213,-0.0299,-0.3283,asr_energy_refined,0.0501,-0.0383,False
en_US-lessac-medium_spd0.85_pit-2#gt000,en_US-lessac-medium_spd0.85_pit-2,gt_whole_clip,0.0599,0.7084,complete,0.0,0.34,0.3954,-0.0599,-0.3684,asr_energy_refined,0.0301,-0.0384,False
en_US-lessac-medium_spd0.85_pit0#gt000,en_US-lessac-medium_spd0.85_pit0,gt_whole_clip,0.0299,0.7782,complete,0.0,0.38,0.4499,-0.0299,-0.3982,asr_energy_refined,0.0301,-0.0282,False
en_US-lessac-medium_spd1.0_pit0#gt000,en_US-lessac-medium_spd1.0_pit0,gt_whole_clip,0.0499,0.6385,complete,0.0,0.36,0.4857,-0.0499,-0.2785,asr_energy_refined,0.0201,-0.0185,False
en_US-lessac-medium_spd1.15_pit-2#gt000,en_US-lessac-medium_spd1.15_pit-2,gt_whole_clip,0.0299,0.6086,complete,0.0,0.3,0.4438,-0.0299,-0.3086,asr_energy_refined,0.0401,-0.0286,False
en_US-lessac-medium_spd1.15_pit0#gt000,en_US-lessac-medium_spd1.15_pit0,gt_whole_clip,0.0698,0.6086,complete,0.0,0.32,0.4111,-0.0698,-0.2886,asr_energy_refined,0.0202,-0.0186,False
en_US-lessac-medium_spd1.15_pit2#gt000,en_US-lessac-medium_spd1.15_pit2,gt_whole_clip,0.0299,0.6485,complete,0.0,0.3,0.4165,-0.0299,-0.3485,asr_energy_refined,0.0501,-0.2685,False
en_US-ryan-medium_spd0.85_pit-2#gt000,en_US-ryan-medium_spd0.85_pit-2,gt_whole_clip,0.0,0.6485,fuzzy_complete,0.0,0.46,0.7093,0.0,-0.1885,asr_energy_refined,0.03,-0.2185,False
en_US-ryan-medium_spd0.85_pit0#gt000,en_US-ryan-medium_spd0.85_pit0,gt_whole_clip,0.0,0.6685,complete,0.0,0.3,0.4488,0.0,-0.3685,asr_energy_refined,0.03,-0.2485,False
en_US-ryan-medium_spd0.85_pit2#gt000,en_US-ryan-medium_spd0.85_pit2,gt_whole_clip,0.0,0.6186,complete,0.0,0.32,0.5173,0.0,-0.2986,asr_energy_refined,0.03,-0.2186,False
en_US-ryan-medium_spd1.0_pit0#gt000,en_US-ryan-medium_spd1.0_pit0,gt_whole_clip,0.0,0.6086,complete,0.0,0.28,0.4601,0.0,-0.3286,asr_energy_refined,0.03,-0.2186,False
en_US-ryan-medium_spd1.0_pit2#gt000,en_US-ryan-medium_spd1.0_pit2,gt_whole_clip,0.0,0.6485,complete,0.0,0.32,0.4934,0.0,-0.3285,asr_energy_refined,0.03,-0.2185,False
en_US-ryan-medium_spd1.15_pit0#gt000,en_US-ryan-medium_spd1.15_pit0,gt_whole_clip,0.0,0.5986,complete,0.0,0.3,0.5012,0.0,-0.2986,asr_energy_refined,0.02,-0.2186,False
en_US-ryan-medium_spd1.15_pit2#gt000,en_US-ryan-medium_spd1.15_pit2,gt_whole_clip,0.0,0.6385,complete,0.0,0.28,0.4385,0.0,-0.3585,asr_energy_refined,0.04,-0.2585,False
fil-PH-AngeloNeural_spd0.85_pit-2#gt000,fil-PH-AngeloNeural_spd0.85_pit-2,gt_whole_clip,0.23,0.96,complete,0.0,0.6,0.3854,-0.23,-0.36,asr_energy_refined,0.03,-0.3,False
fil-PH-AngeloNeural_spd0.85_pit0#gt000,fil-PH-AngeloNeural_spd0.85_pit0,gt_whole_clip,0.24,0.97,complete,0.0,0.64,0.4124,-0.24,-0.33,asr_energy_refined,0.03,-0.03,False
fil-PH-AngeloNeural_spd0.85_pit2#gt000,fil-PH-AngeloNeural_spd0.85_pit2,gt_whole_clip,0.23,0.97,complete,0.0,0.58,0.3608,-0.23,-0.39,asr_energy_refined,0.03,-0.04,False
fil-PH-AngeloNeural_spd1.0_pit-2#gt000,fil-PH-AngeloNeural_spd1.0_pit-2,gt_whole_clip,0.21,0.83,none,,,0.0,,,,,,False
fil-PH-AngeloNeural_spd1.0_pit0#gt000,fil-PH-AngeloNeural_spd1.0_pit0,gt_whole_clip,0.2,0.83,complete,0.0,0.52,0.3855,-0.2,-0.31,asr_energy_refined,0.03,-0.03,False
fil-PH-AngeloNeural_spd1.0_pit2#gt000,fil-PH-AngeloNeural_spd1.0_pit2,gt_whole_clip,0.2,0.84,complete,0.0,0.5,0.3571,-0.2,-0.34,asr_energy_refined,0.03,-0.04,False
fil-PH-AngeloNeural_spd1.15_pit0#gt000,fil-PH-AngeloNeural_spd1.15_pit0,gt_whole_clip,0.18,0.73,complete,0.0,0.46,0.3836,-0.18,-0.27,asr_energy_refined,0.03,-0.02,False
fil-PH-AngeloNeural_spd1.15_pit2#gt000,fil-PH-AngeloNeural_spd1.15_pit2,gt_whole_clip,0.18,0.74,complete,0.0,0.46,0.3784,-0.18,-0.28,asr_energy_refined,0.03,-0.03,False
fil-PH-BlessicaNeural_spd0.85_pit-2#gt000,fil-PH-BlessicaNeural_spd0.85_pit-2,gt_whole_clip,0.28,1.07,complete,0.0,0.66,0.3551,-0.28,-0.41,asr_energy_refined,0.06,-0.05,False
fil-PH-BlessicaNeural_spd0.85_pit0#gt000,fil-PH-BlessicaNeural_spd0.85_pit0,gt_whole_clip,0.29,1.09,complete,0.0,0.7,0.3761,-0.29,-0.39,asr_energy_refined,0.05,-0.32,False
fil-PH-BlessicaNeural_spd0.85_pit2#gt000,fil-PH-BlessicaNeural_spd0.85_pit2,gt_whole_clip,0.29,1.08,complete,0.0,0.68,0.3611,-0.29,-0.4,asr_energy_refined,0.05,-0.31,False
fil-PH-BlessicaNeural_spd1.0_pit-2#gt000,fil-PH-BlessicaNeural_spd1.0_pit-2,gt_whole_clip,0.25,0.92,complete,0.0,0.58,0.3587,-0.25,-0.34,asr_energy_refined,0.04,-0.04,False
fil-PH-BlessicaNeural_spd1.0_pit0#gt000,fil-PH-BlessicaNeural_spd1.0_pit0,gt_whole_clip,0.25,0.93,complete,0.0,0.62,0.3978,-0.25,-0.31,asr_energy_refined,0.04,-0.05,False
fil-PH-BlessicaNeural_spd1.0_pit2#gt000,fil-PH-BlessicaNeural_spd1.0_pit2,gt_whole_clip,0.25,0.93,complete,0.0,0.62,0.3978,-0.25,-0.31,asr_energy_refined,0.04,-0.06,False
fil-PH-BlessicaNeural_spd1.15_pit-2#gt000,fil-PH-BlessicaNeural_spd1.15_pit-2,gt_whole_clip,0.22,0.82,complete,0.0,0.54,0.3902,-0.22,-0.28,asr_energy_refined,0.04,-0.05,False
fil-PH-BlessicaNeural_spd1.15_pit0#gt000,fil-PH-BlessicaNeural_spd1.15_pit0,gt_whole_clip,0.22,0.82,complete,0.0,0.54,0.3902,-0.22,-0.28,asr_energy_refined,0.04,-0.05,False
fil-PH-BlessicaNeural_spd1.15_pit2#gt000,fil-PH-BlessicaNeural_spd1.15_pit2,gt_whole_clip,0.23,0.82,complete,0.0,0.54,0.378,-0.23,-0.28,asr_energy_refined,0.03,-0.04,False
id_ID-news_tts-medium_spd0.85_pit0#gt000,id_ID-news_tts-medium_spd0.85_pit0,gt_whole_clip,0.1098,1.0177,complete,0.0,0.62,0.5013,-0.1098,-0.3977,asr_energy_refined,0.0802,-0.3277,False
id_ID-news_tts-medium_spd1.15_pit0#gt000,id_ID-news_tts-medium_spd1.15_pit0,gt_whole_clip,0.02,0.8281,none,,,0.0,,,,,,False
syn_stream_0002#gt000,syn_stream_0002,gt_insertions,18.436416666666666,19.133020833333333,none,,,0.0,,,,,,False
syn_stream_0003#gt000,syn_stream_0003,gt_insertions,16.5599375,17.523583333333335,complete,16.428,17.088,0.482,-0.1319,-0.4356,asr_energy_refined,-0.0899,-0.3936,False
syn_stream_0004#gt000,syn_stream_0004,gt_insertions,12.257979166666667,13.151958333333333,complete,11.764,12.724,0.3358,-0.494,-0.428,asr_energy_refined,-0.508,-0.122,False
syn_stream_0005#gt000,syn_stream_0005,gt_insertions,11.679395833333333,12.538541666666667,fuzzy_complete,11.444,12.004,0.2966,-0.2354,-0.5345,asr_energy_refined,0.1006,-0.1885,False
syn_stream_0005#gt001,syn_stream_0005,gt_insertions,21.052125,22.924125,complete,21.076,21.676,0.3205,0.0239,-1.2481,asr_energy_refined,0.3079,-0.9541,False
syn_stream_0006#gt000,syn_stream_0006,gt_insertions,13.5385,14.316375,complete,13.3,13.88,0.336,-0.2385,-0.4364,asr_energy_refined,0.0815,-0.1364,False
syn_stream_0006#gt001,syn_stream_0006,gt_insertions,14.510041666666666,15.206645833333333,none,,,0.0,,,,,,False
syn_stream_0007#gt000,syn_stream_0007,gt_insertions,11.0450625,12.9170625,none,,,0.0,,,,,,False
syn_stream_0008#gt000,syn_stream_0008,gt_insertions,20.332770833333335,22.204770833333335,complete,20.284,20.904,0.2974,-0.0488,-1.3008,asr_energy_refined,0.2772,-1.0048,False
syn_stream_0010#gt000,syn_stream_0010,gt_insertions,10.3496875,12.2216875,complete,10.292,10.832,0.2499,-0.0577,-1.3897,asr_energy_refined,0.2303,-1.0617,False
syn_stream_0010#gt001,syn_stream_0010,gt_insertions,23.0560625,23.9384375,complete,22.804,23.424,0.3243,-0.2521,-0.5144,asr_energy_refined,0.0439,-0.1084,False
syn_stream_0011#gt000,syn_stream_0011,gt_insertions,7.625229166666666,8.275395833333333,complete,7.644,7.964,0.4922,0.0188,-0.3114,asr_energy_refined,-0.0352,-0.0354,False
syn_stream_0013#gt000,syn_stream_0013,gt_insertions,18.596354166666668,19.525166666666667,none,,,0.0,,,,,,False
syn_stream_0016#gt000,syn_stream_0016,gt_insertions,15.280958333333333,16.186541666666667,complete,15.06,15.76,0.4252,-0.221,-0.4265,asr_energy_refined,0.099,-0.1265,False
syn_stream_0016#gt001,syn_stream_0016,gt_insertions,16.508020833333333,18.380020833333333,complete,16.5,17.08,0.3042,-0.008,-1.3,asr_energy_refined,0.292,-0.99,False
syn_stream_0017#gt000,syn_stream_0017,gt_insertions,11.2693125,13.1413125,none,,,0.0,,,,,,False
syn_stream_0022#gt000,syn_stream_0022,gt_insertions,13.026333333333334,13.6765,none,,,0.0,,,,,,False
syn_stream_0024#gt000,syn_stream_0024,gt_insertions,12.418875,13.378875,none,,,0.0,,,,,,False
syn_stream_0024#gt001,syn_stream_0024,gt_insertions,12.7224375,13.5003125,none,,,0.0,,,,,,False
syn_stream_0025#gt000,syn_stream_0025,gt_insertions,10.338875,11.279291666666667,complete,10.412,10.892,0.5104,0.0731,-0.3873,asr_energy_refined,0.1111,-0.3693,False
syn_stream_0026#gt000,syn_stream_0026,gt_insertions,9.042895833333333,10.914895833333333,complete,8.948,9.528,0.2466,-0.0949,-1.3869,asr_energy_refined,0.2271,-1.0949,False
syn_stream_0026#gt001,syn_stream_0026,gt_insertions,11.053895833333334,11.913041666666667,fuzzy_complete,10.804,11.384,0.2976,-0.2499,-0.529,asr_energy_refined,0.1061,-0.173,False
syn_stream_0028#gt000,syn_stream_0028,gt_insertions,18.021229166666668,18.880375,fuzzy_complete,17.812,18.352,0.3096,-0.2092,-0.5284,asr_energy_refined,0.0788,-0.1804,False
syn_stream_0028#gt001,syn_stream_0028,gt_insertions,23.044666666666668,23.868979166666666,fuzzy_complete,22.924,23.564,0.5496,-0.1207,-0.305,asr_energy_refined,0.0453,-0.179,False
syn_stream_0029#gt000,syn_stream_0029,gt_insertions,9.209770833333334,10.1501875,fuzzy_complete,9.044,9.924,0.6457,-0.1658,-0.2262,asr_energy_refined,0.1602,-0.1302,False
syn_stream_0032#gt000,syn_stream_0032,gt_insertions,14.046958333333333,14.975770833333334,none,,,0.0,,,,,,False
syn_stream_0032#gt001,syn_stream_0032,gt_insertions,15.626125,16.4620625,none,,,0.0,,,,,,False
syn_stream_0034#gt000,syn_stream_0034,gt_insertions,6.306125,8.178125,none,,,0.0,,,,,,False
syn_stream_0034#gt001,syn_stream_0034,gt_insertions,22.1855625,23.102770833333334,complete,21.908,22.608,0.3536,-0.2776,-0.4948,asr_energy_refined,0.0644,-0.1528,False
syn_stream_0036#gt000,syn_stream_0036,gt_insertions,6.3531458333333335,8.225145833333332,complete,6.356,6.996,0.3419,0.0029,-1.2291,asr_energy_refined,0.2869,-0.9651,False
syn_stream_0036#gt001,syn_stream_0036,gt_insertions,13.228208333333333,13.913208333333333,complete,12.568,13.648,0.3121,-0.6602,-0.2652,asr_energy_refined,-0.6602,-0.0132,False
syn_stream_0037#gt000,syn_stream_0037,gt_insertions,6.653125,7.593541666666667,complete,6.448,7.108,0.3971,-0.2051,-0.4855,asr_energy_refined,0.0669,0.2065,False
syn_stream_0037#gt001,syn_stream_0037,gt_insertions,20.058541666666667,21.130541666666666,none,,,0.0,,,,,,False
syn_stream_0038#gt000,syn_stream_0038,gt_insertions,8.233041666666667,10.105041666666667,complete,8.244,8.824,0.3098,0.011,-1.281,asr_energy_refined,0.277,-1.025,False
syn_stream_0038#gt001,syn_stream_0038,gt_insertions,21.173708333333334,21.823875,none,,,0.0,,,,,,False
syn_stream_0039#gt000,syn_stream_0039,gt_insertions,12.931958333333334,13.895604166666667,complete,12.468,13.248,0.2214,-0.464,-0.6476,asr_energy_refined,-0.332,-0.0756,False
syn_stream_0039#gt001,syn_stream_0039,gt_insertions,20.053354166666665,20.877666666666666,fuzzy_complete,20.14,20.38,0.2912,0.0866,-0.4977,asr_energy_refined,0.0366,-0.1577,False
syn_stream_0040#gt000,syn_stream_0040,gt_insertions,9.661041666666666,11.533041666666668,complete,9.652,10.252,0.3142,-0.009,-1.281,asr_energy_refined,0.299,-0.983,False
syn_stream_0041#gt000,syn_stream_0041,gt_insertions,15.635166666666667,16.529145833333335,complete,15.444,16.064,0.3952,-0.1912,-0.4651,asr_energy_refined,0.0648,-0.0991,False
syn_stream_0041#gt001,syn_stream_0041,gt_insertions,21.081145833333334,22.953145833333334,none,,,0.0,,,,,,False
syn_stream_0042#gt000,syn_stream_0042,gt_insertions,19.7130625,20.502541666666666,fuzzy_complete,19.444,20.004,0.2748,-0.2691,-0.4985,asr_energy_refined,0.0569,-0.1725,False
syn_stream_0044#gt000,syn_stream_0044,gt_insertions,9.540895833333334,10.109791666666666,complete,9.548,9.828,0.4922,0.0071,-0.2818,asr_energy_refined,-0.0509,-0.0098,False
syn_stream_0044#gt001,syn_stream_0044,gt_insertions,18.71977083333333,19.671791666666667,complete,18.548,19.188,0.4167,-0.1718,-0.4838,asr_energy_refined,0.1102,-0.1518,False
syn_stream_0045#gt000,syn_stream_0045,gt_insertions,9.560875,11.432875,complete,9.3,10.1,0.2528,-0.2609,-1.3329,asr_energy_refined,0.0091,-0.6429,False
syn_stream_0045#gt001,syn_stream_0045,gt_insertions,18.535979166666667,19.40672916666667,complete,18.56,18.96,0.4594,0.024,-0.4467,asr_energy_refined,-0.036,-0.1467,False
syn_stream_0047#gt000,syn_stream_0047,gt_insertions,8.847166666666666,9.983166666666667,none,,,0.0,,,,,,False
syn_stream_0047#gt001,syn_stream_0047,gt_insertions,22.223333333333333,23.0244375,none,,,0.0,,,,,,False
syn_stream_0048#gt000,syn_stream_0048,gt_insertions,8.324875,8.928604166666666,complete,8.052,8.652,0.3732,-0.2729,-0.2766,asr_energy_refined,0.0251,-0.0086,False
syn_stream_0049#gt000,syn_stream_0049,gt_insertions,9.969854166666666,10.9683125,complete,9.336,10.416,0.2733,-0.6339,-0.5523,asr_energy_refined,-0.6899,-0.1283,False
syn_stream_0049#gt001,syn_stream_0049,gt_insertions,14.751604166666667,15.61075,fuzzy_complete,14.748,15.068,0.3667,-0.0036,-0.5427,asr_energy_refined,0.0784,-0.4607,False
syn_stream_0051#gt000,syn_stream_0051,gt_insertions,9.459375,10.0979375,none,,,0.0,,,,,,False
syn_stream_0051#gt001,syn_stream_0051,gt_insertions,11.668666666666667,12.5278125,complete,11.32,12.0,0.2743,-0.3487,-0.5278,asr_energy_refined,0.0113,-0.1978,False
syn_stream_0052#gt000,syn_stream_0052,gt_insertions,9.447854166666668,10.3650625,none,,,0.0,,,,,,False
,syn_stream_0052,gt_insertions,,,1_asr_detection(s)_without_gt,,,,,,,,,False
syn_stream_0053#gt000,syn_stream_0053,gt_insertions,14.430875,15.197145833333334,none,,,0.0,,,,,,False
syn_stream_0055#gt000,syn_stream_0055,gt_insertions,11.917229166666667,12.625458333333333,complete,11.076,12.056,0.0896,-0.8412,-0.5695,asr_energy_refined,-0.8412,-0.2355,False
syn_stream_0055#gt001,syn_stream_0055,gt_insertions,19.59975,20.505333333333333,complete,19.608,20.008,0.4417,0.0083,-0.4973,asr_energy_refined,0.0403,-0.1653,False
syn_stream_0056#gt000,syn_stream_0056,gt_insertions,6.541166666666666,7.261,none,,,0.0,,,,,,False
syn_stream_0056#gt001,syn_stream_0056,gt_insertions,13.1576875,13.831083333333334,complete,13.076,13.596,0.5805,-0.0817,-0.2351,asr_energy_refined,0.0423,-0.2211,False
syn_stream_0057#gt000,syn_stream_0057,gt_insertions,12.317458333333333,12.944416666666667,complete,12.052,12.692,0.4197,-0.2655,-0.2524,asr_energy_refined,0.0325,-0.0044,False
syn_stream_0057#gt001,syn_stream_0057,gt_insertions,13.580833333333333,14.509645833333334,none,,,0.0,,,,,,False
syn_stream_0058#gt000,syn_stream_0058,gt_insertions,16.075145833333334,16.980729166666666,complete,15.924,16.584,0.4815,-0.1511,-0.3967,asr_energy_refined,0.1449,-0.3207,False
syn_stream_0058#gt001,syn_stream_0058,gt_insertions,21.213833333333334,23.085833333333333,complete,20.728,21.808,0.252,-0.4858,-1.2778,asr_energy_refined,-0.4858,-1.2958,False
syn_stream_0059#gt000,syn_stream_0059,gt_insertions,11.014458333333334,11.966479166666666,complete,10.804,11.504,0.4211,-0.2105,-0.4625,asr_energy_refined,0.0555,0.2035,False
syn_stream_0059#gt001,syn_stream_0059,gt_insertions,19.634291666666666,21.506291666666666,none,,,0.0,,,,,,False
syn_stream_0060#gt000,syn_stream_0060,gt_insertions,16.97375,17.914166666666667,complete,16.852,17.432,0.4314,-0.1217,-0.4822,asr_energy_refined,0.0963,-0.1742,False
syn_stream_0060#gt001,syn_stream_0060,gt_insertions,19.5899375,20.391041666666666,fuzzy_complete,19.316,19.916,0.3033,-0.2739,-0.475,asr_energy_refined,0.0501,-0.151,False
syn_stream_0062#gt000,syn_stream_0062,gt_insertions,18.860375,19.568604166666667,none,,,0.0,,,,,,False
syn_stream_0062#gt001,syn_stream_0062,gt_insertions,22.8885,23.8173125,complete,22.852,23.332,0.4594,-0.0365,-0.4853,asr_energy_refined,0.0315,-0.3773,False
syn_stream_0063#gt000,syn_stream_0063,gt_insertions,6.336979166666667,6.9755416666666665,complete,6.068,6.688,0.3868,-0.269,-0.2875,asr_energy_refined,0.033,-0.1955,False
syn_stream_0063#gt001,syn_stream_0063,gt_insertions,18.333895833333333,18.995666666666665,complete,18.38,18.68,0.4533,0.0461,-0.3157,asr_energy_refined,-0.0039,0.0443,False
syn_stream_0066#gt000,syn_stream_0066,gt_insertions,12.880916666666666,13.7865,fuzzy_complete,12.02,13.48,0.3391,-0.8609,-0.3065,asr_energy_refined,-0.5709,-0.1265,False
syn_stream_0066#gt001,syn_stream_0066,gt_insertions,16.13233333333333,17.076333333333334,none,,,0.0,,,,,,False
syn_stream_0067#gt000,syn_stream_0067,gt_insertions,15.003,16.875,none,,,0.0,,,,,,False
syn_stream_0068#gt000,syn_stream_0068,gt_insertions,10.977479166666667,11.848229166666666,fuzzy_complete,10.248,11.308,0.2065,-0.7295,-0.5402,asr_energy_refined,-0.2175,0.1518,False
syn_stream_0068#gt001,syn_stream_0068,gt_insertions,16.9965,17.86725,fuzzy_complete,16.756,17.276,0.2515,-0.2405,-0.5912,asr_energy_refined,0.0435,-0.1872,False
syn_stream_0071#gt000,syn_stream_0071,gt_insertions,16.0155625,16.944375,complete,15.828,16.468,0.4053,-0.1876,-0.4764,asr_energy_refined,0.0644,-0.1244,False
syn_stream_0074#gt000,syn_stream_0074,gt_insertions,9.016875,9.8528125,fuzzy_complete,9.06,9.44,0.4546,0.0431,-0.4128,asr_energy_refined,0.0731,-0.1828,False
syn_stream_0075#gt000,syn_stream_0075,gt_insertions,8.255208333333334,9.455208333333333,fuzzy_complete,8.052,8.852,0.4253,-0.2032,-0.6032,asr_energy_refined,0.0548,0.0948,False
syn_stream_0075#gt001,syn_stream_0075,gt_insertions,21.661770833333332,22.3119375,complete,21.396,22.016,0.3867,-0.2658,-0.2959,asr_energy_refined,0.0382,-0.0019,False
syn_stream_0076#gt000,syn_stream_0076,gt_insertions,22.363770833333334,23.15325,complete,22.396,22.736,0.4307,0.0322,-0.4172,asr_energy_refined,0.1162,-0.1232,False
syn_stream_0077#gt000,syn_stream_0077,gt_insertions,15.4259375,16.25025,fuzzy_complete,15.188,15.748,0.3032,-0.2379,-0.5023,asr_energy_refined,0.0941,-0.2103,False
syn_stream_0077#gt001,syn_stream_0077,gt_insertions,18.696791666666666,19.579166666666666,none,,,0.0,,,,,,False
syn_stream_0078#gt000,syn_stream_0078,gt_insertions,13.401958333333333,14.365604166666667,fuzzy_complete,13.532,14.112,0.6019,0.13,-0.2536,asr_energy_refined,0.128,-0.0856,False
syn_stream_0078#gt001,syn_stream_0078,gt_insertions,20.374541666666666,21.152416666666667,none,,,0.0,,,,,,False
syn_stream_0079#gt000,syn_stream_0079,gt_insertions,10.049354166666667,10.920104166666667,none,,,0.0,,,,,,False
syn_stream_0079#gt001,syn_stream_0079,gt_insertions,19.507520833333334,20.273791666666668,none,,,0.0,,,,,,False
syn_stream_0080#gt000,syn_stream_0080,gt_insertions,8.626833333333334,9.586833333333333,none,,,0.0,,,,,,False
syn_stream_0080#gt001,syn_stream_0080,gt_insertions,18.1674375,20.0394375,complete,18.164,18.724,0.2968,-0.0034,-1.3154,asr_energy_refined,0.2826,-1.0094,False
syn_stream_0081#gt000,syn_stream_0081,gt_insertions,6.996791666666667,8.052791666666666,none,,,0.0,,,,,,False
syn_stream_0082#gt000,syn_stream_0082,gt_insertions,17.407895833333335,18.336708333333334,none,,,0.0,,,,,,False
syn_stream_0083#gt000,syn_stream_0083,gt_insertions,17.668291666666665,18.5855,complete,17.524,18.184,0.4858,-0.1443,-0.4015,asr_energy_refined,0.1517,-0.1355,False
syn_stream_0084#gt000,syn_stream_0084,gt_insertions,22.8683125,23.797125,complete,22.912,23.392,0.5168,0.0437,-0.4051,asr_energy_refined,0.0717,-0.3671,False
syn_stream_0086#gt000,syn_stream_0086,gt_insertions,13.408145833333334,14.302125,fuzzy_complete,13.268,14.028,0.5994,-0.1401,-0.2741,asr_energy_refined,0.1619,-0.0521,False
syn_stream_0086#gt001,syn_stream_0086,gt_insertions,17.8990625,19.7710625,none,,,0.0,,,,,,False
syn_stream_0087#gt000,syn_stream_0087,gt_insertions,10.8658125,11.8898125,none,,,0.0,,,,,,False
syn_stream_0087#gt001,syn_stream_0087,gt_insertions,15.6420625,16.536041666666666,none,,,0.0,,,,,,False
syn_stream_0088#gt000,syn_stream_0088,gt_insertions,14.954791666666667,15.883604166666666,fuzzy_complete,14.2,15.28,0.1932,-0.7548,-0.6036,asr_energy_refined,-0.7548,-0.5236,False
syn_stream_0090#gt000,syn_stream_0090,gt_insertions,6.612104166666667,7.482854166666667,complete,6.388,7.108,0.4529,-0.2241,-0.3749,asr_energy_refined,0.1179,-0.0829,False
syn_stream_0090#gt001,syn_stream_0090,gt_insertions,21.142,23.014,complete,21.044,21.624,0.2447,-0.098,-1.39,asr_energy_refined,0.228,-1.094,False
syn_stream_0093#gt000,syn_stream_0093,gt_insertions,19.4171875,21.2891875,complete,19.412,20.012,0.3169,-0.0052,-1.2772,asr_energy_refined,0.2828,-1.0092,False
syn_stream_0094#gt000,syn_stream_0094,gt_insertions,14.233145833333333,14.860104166666666,complete,14.004,14.604,0.4332,-0.2291,-0.2561,asr_energy_refined,0.0269,-0.0201,False
syn_stream_0095#gt000,syn_stream_0095,gt_insertions,13.83575,15.70775,complete,13.992,14.352,0.1923,0.1562,-1.3558,asr_energy_refined,0.1042,-1.0178,False
syn_stream_0095#gt001,syn_stream_0095,gt_insertions,15.881729166666666,16.857729166666665,none,,,0.0,,,,,,False
syn_stream_0097#gt000,syn_stream_0097,gt_insertions,12.852395833333333,14.724395833333332,complete,12.788,13.388,0.2766,-0.0644,-1.3364,asr_energy_refined,0.2276,-0.6444,False
syn_stream_0098#gt000,syn_stream_0098,gt_insertions,9.672,10.64725,none,,,0.0,,,,,,False
syn_stream_0099#gt000,syn_stream_0099,gt_insertions,13.344875,14.204020833333333,complete,13.204,13.804,0.4591,-0.1409,-0.4,asr_energy_refined,0.1651,-0.074,False
syn_stream_0100#gt000,syn_stream_0100,gt_insertions,11.3946875,12.2654375,complete,11.252,11.872,0.471,-0.1427,-0.3934,asr_energy_refined,0.1353,-0.0954,False
syn_stream_0100#gt001,syn_stream_0100,gt_insertions,22.043729166666665,22.902875,none,,,0.0,,,,,,False
syn_stream_0101#gt000,syn_stream_0101,gt_insertions,16.012479166666665,16.976125,complete,15.608,16.428,0.3037,-0.4045,-0.5481,asr_energy_refined,-0.3125,-0.3761,False
syn_stream_0103#gt000,syn_stream_0103,gt_insertions,10.457416666666667,11.2236875,none,,,0.0,,,,,,False
syn_stream_0103#gt001,syn_stream_0103,gt_insertions,12.458041666666666,13.398458333333334,none,,,0.0,,,,,,False
syn_stream_0104#gt000,syn_stream_0104,gt_insertions,13.114583333333334,13.962125,none,,,0.0,,,,,,False
syn_stream_0105#gt000,syn_stream_0105,gt_insertions,13.158520833333334,14.110541666666666,complete,12.916,13.676,0.4332,-0.2425,-0.4345,asr_energy_refined,0.0915,-0.1505,False
syn_stream_0106#gt000,syn_stream_0106,gt_insertions,9.824729166666666,10.602604166666667,fuzzy_complete,9.588,10.208,0.3778,-0.2367,-0.3946,asr_energy_refined,0.0553,-0.1826,False
syn_stream_0107#gt000,syn_stream_0107,gt_insertions,14.215375,14.911979166666667,complete,14.244,14.624,0.5455,0.0286,-0.288,asr_energy_refined,0.0246,-0.212,False
syn_stream_0108#gt000,syn_stream_0108,gt_insertions,19.788770833333334,21.660770833333334,none,,,0.0,,,,,,False
syn_stream_0108#gt001,syn_stream_0108,gt_insertions,22.278958333333332,23.091666666666665,none,,,0.0,,,,,,False
syn_stream_0110#gt000,syn_stream_0110,gt_insertions,8.962854166666666,9.914875,complete,8.756,9.436,0.4083,-0.2069,-0.4789,asr_energy_refined,0.1071,-0.1349,False
syn_stream_0110#gt001,syn_stream_0110,gt_insertions,13.498416666666667,15.370416666666667,none,,,0.0,,,,,,False
syn_stream_0111#gt000,syn_stream_0111,gt_insertions,14.251208333333333,15.226458333333333,complete,14.164,14.764,0.4826,-0.0872,-0.4625,asr_energy_refined,0.0588,0.2335,False
syn_stream_0112#gt000,syn_stream_0112,gt_insertions,22.753604166666666,23.6708125,none,,,0.0,,,,,,False
syn_stream_0113#gt000,syn_stream_0113,gt_insertions,11.722729166666667,12.5354375,none,,,0.0,,,,,,False
syn_stream_0114#gt000,syn_stream_0114,gt_insertions,16.835479166666666,17.485645833333333,complete,16.564,17.184,0.3782,-0.2715,-0.3016,asr_energy_refined,0.0345,-0.0156,False
syn_stream_0114#gt001,syn_stream_0114,gt_insertions,18.5465625,19.4173125,fuzzy_complete,18.388,19.168,0.6037,-0.1586,-0.2493,asr_energy_refined,0.1534,-0.1273,False
syn_stream_0115#gt000,syn_stream_0115,gt_insertions,13.28625,14.1105625,complete,13.044,13.664,0.3542,-0.2423,-0.4466,asr_energy_refined,0.0737,-0.1406,False
syn_stream_0115#gt001,syn_stream_0115,gt_insertions,19.2145625,20.0853125,none,,,0.0,,,,,,False
syn_stream_0118#gt000,syn_stream_0118,gt_insertions,15.03575,15.9065,fuzzy_complete,14.804,15.424,0.3522,-0.2317,-0.4825,asr_energy_refined,0.0742,-0.1565,False
syn_stream_0118#gt001,syn_stream_0118,gt_insertions,17.221833333333333,19.093833333333333,none,,,0.0,,,,,,False
tts2_en_GB-aru-medium_spk0_pos0#gt000,tts2_en_GB-aru-medium_spk0_pos0,gt_whole_clip,0.01,1.0177,complete,0.0,0.44,0.4225,-0.01,-0.5777,asr_energy_refined,0.04,-0.1377,False
tts2_en_GB-aru-medium_spk10_pos1#gt000,tts2_en_GB-aru-medium_spk10_pos1,gt_whole_clip,0.0499,0.6984,complete,0.0,0.34,0.4154,-0.0499,-0.3584,asr_energy_refined,0.0401,-0.0284,False
tts2_en_GB-aru-medium_spk11_pos0#gt000,tts2_en_GB-aru-medium_spk11_pos0,gt_whole_clip,0.0,0.5488,fuzzy_complete,0.0,0.44,0.8017,0.0,-0.1088,asr_energy_refined,0.03,-0.0488,False
tts2_en_GB-aru-medium_spk11_pos1#gt000,tts2_en_GB-aru-medium_spk11_pos1,gt_whole_clip,0.02,0.6086,complete,0.0,0.38,0.5915,-0.02,-0.2286,asr_energy_refined,0.03,-0.0586,False
tts2_en_GB-aru-medium_spk1_pos0#gt000,tts2_en_GB-aru-medium_spk1_pos0,gt_whole_clip,0.0,0.868,complete,0.0,0.54,0.6221,0.0,-0.328,asr_energy_refined,0.21,-0.028,False
tts2_en_GB-aru-medium_spk1_pos1#gt000,tts2_en_GB-aru-medium_spk1_pos1,gt_whole_clip,0.0898,0.8281,complete,0.0,0.46,0.447,-0.0898,-0.3681,asr_energy_refined,0.0402,-0.0681,False
tts2_en_GB-aru-medium_spk2_pos0#gt000,tts2_en_GB-aru-medium_spk2_pos0,gt_whole_clip,0.0,0.7483,complete,0.0,0.38,0.5078,0.0,-0.3683,asr_energy_refined,0.03,-0.1483,False
tts2_en_GB-aru-medium_spk2_pos1#gt000,tts2_en_GB-aru-medium_spk2_pos1,gt_whole_clip,0.0499,0.6286,complete,0.0,0.34,0.4615,-0.0499,-0.2886,asr_energy_refined,0.0201,-0.0486,False
tts2_en_GB-aru-medium_spk3_pos0#gt000,tts2_en_GB-aru-medium_spk3_pos0,gt_whole_clip,0.1197,1.1773,complete,0.0,0.74,0.5269,-0.1197,-0.4373,asr_energy_refined,0.1803,-0.0473,False
tts2_en_GB-aru-medium_spk3_pos1#gt000,tts2_en_GB-aru-medium_spk3_pos1,gt_whole_clip,0.5088,1.5565,complete,0.0,1.08,0.367,-0.5088,-0.4765,asr_energy_refined,0.0212,-0.0565,False
tts2_en_GB-aru-medium_spk4_pos0#gt000,tts2_en_GB-aru-medium_spk4_pos0,gt_whole_clip,0.0,0.7782,complete,0.0,0.42,0.5397,0.0,-0.3582,asr_energy_refined,0.03,-0.3682,False
tts2_en_GB-aru-medium_spk5_pos1#gt000,tts2_en_GB-aru-medium_spk5_pos1,gt_whole_clip,0.0399,0.7383,complete,0.0,0.36,0.4336,-0.0399,-0.3783,asr_energy_refined,0.0101,-0.0383,False
tts2_en_GB-aru-medium_spk6_pos1#gt000,tts2_en_GB-aru-medium_spk6_pos1,gt_whole_clip,0.0499,0.888,complete,0.0,0.42,0.4168,-0.0499,-0.468,asr_energy_refined,0.0401,-0.108,False
tts2_en_GB-aru-medium_spk7_pos0#gt000,tts2_en_GB-aru-medium_spk7_pos0,gt_whole_clip,0.0,0.6385,complete,0.0,0.34,0.5325,0.0,-0.2985,asr_energy_refined,0.02,-0.0285,False
tts2_en_GB-aru-medium_spk8_pos1#gt000,tts2_en_GB-aru-medium_spk8_pos1,gt_whole_clip,0.0399,0.6086,complete,0.0,0.3,0.4274,-0.0399,-0.3086,asr_energy_refined,0.0201,-0.0286,False
tts2_en_GB-aru-medium_spk9_pos0#gt000,tts2_en_GB-aru-medium_spk9_pos0,gt_whole_clip,0.0399,1.3868,complete,0.0,1.02,0.7067,-0.0399,-0.3668,asr_energy_refined,-0.0399,-0.1068,False
tts2_en_GB-aru-medium_spk9_pos1#gt000,tts2_en_GB-aru-medium_spk9_pos1,gt_whole_clip,0.0599,1.3968,complete,0.0,0.98,0.6587,-0.0599,-0.4168,asr_energy_refined,-0.0599,-0.1068,False
tts2_en_GB-cori-medium_spk0_pos0#gt000,tts2_en_GB-cori-medium_spk0_pos0,gt_whole_clip,0.0299,0.7084,complete,0.0,0.36,0.466,-0.0299,-0.3484,asr_energy_refined,0.0201,-0.0284,False
tts2_en_GB-cori-medium_spk0_pos1#gt000,tts2_en_GB-cori-medium_spk0_pos1,gt_whole_clip,0.01,0.8082,complete,0.0,0.38,0.4578,-0.01,-0.4282,asr_energy_refined,0.06,-0.0682,False
tts2_en_GB-jenny_dioco-medium_spk0_pos0#gt000,tts2_en_GB-jenny_dioco-medium_spk0_pos0,gt_whole_clip,0.0,0.6585,complete,0.0,0.3,0.4556,0.0,-0.3585,asr_energy_refined,0.05,-0.0285,False
tts2_en_GB-jenny_dioco-medium_spk0_pos1#gt000,tts2_en_GB-jenny_dioco-medium_spk0_pos1,gt_whole_clip,0.02,1.0277,complete,0.0,0.6,0.5644,-0.02,-0.4277,asr_energy_refined,0.09,-0.0377,False
tts2_en_GB-northern_english_male-medium_spk0_pos0#gt000,tts2_en_GB-northern_english_male-medium_spk0_pos0,gt_whole_clip,0.02,0.7084,complete,0.0,0.36,0.48,-0.02,-0.3484,asr_energy_refined,0.02,-0.0684,False
tts2_en_GB-northern_english_male-medium_spk0_pos1#gt000,tts2_en_GB-northern_english_male-medium_spk0_pos1,gt_whole_clip,0.0299,0.5986,complete,0.0,0.3,0.4512,-0.0299,-0.2986,asr_energy_refined,0.0101,-0.0386,False
tts2_en_GB-semaine-medium_spk1_pos0#gt000,tts2_en_GB-semaine-medium_spk1_pos0,gt_whole_clip,0.0,0.9578,complete,0.0,0.38,0.3967,0.0,-0.5778,asr_energy_refined,0.05,-0.2278,False
tts2_en_GB-semaine-medium_spk1_pos1#gt000,tts2_en_GB-semaine-medium_spk1_pos1,gt_whole_clip,0.02,0.9478,complete,0.0,0.38,0.3798,-0.02,-0.5678,asr_energy_refined,0.04,-0.2378,False
tts2_en_GB-semaine-medium_spk2_pos0#gt000,tts2_en_GB-semaine-medium_spk2_pos0,gt_whole_clip,0.0,1.3868,complete,0.0,0.9,0.649,0.0,-0.4868,asr_energy_refined,0.3,-0.0968,False
tts2_en_GB-semaine-medium_spk3_pos0#gt000,tts2_en_GB-semaine-medium_spk3_pos0,gt_whole_clip,0.3392,1.2172,complete,0.0,0.78,0.3621,-0.3392,-0.4372,asr_energy_refined,0.0808,-0.0372,False
tts2_en_GB-semaine-medium_spk3_pos1#gt000,tts2_en_GB-semaine-medium_spk3_pos1,gt_whole_clip,0.1197,1.0077,complete,0.0,0.68,0.556,-0.1197,-0.3277,asr_energy_refined,0.2403,-0.0277,False
tts2_en_GB-southern_english_female-low_spk0_pos0#gt000,tts2_en_GB-southern_english_female-low_spk0_pos0,gt_whole_clip,0.0,0.74,complete,0.0,0.4,0.5405,0.0,-0.34,asr_energy_refined,0.01,-0.07,False
tts2_en_GB-southern_english_female-low_spk0_pos1#gt000,tts2_en_GB-southern_english_female-low_spk0_pos1,gt_whole_clip,0.0,0.66,complete,0.0,0.32,0.4848,0.0,-0.34,asr_energy_refined,0.02,-0.07,False
tts2_en_GB-vctk-medium_spk0_pos1#gt000,tts2_en_GB-vctk-medium_spk0_pos1,gt_whole_clip,0.0,0.7982,complete,0.0,0.28,0.3508,0.0,-0.5182,asr_energy_refined,0.04,-0.2382,False
tts2_en_GB-vctk-medium_spk101_pos0#gt000,tts2_en_GB-vctk-medium_spk101_pos0,gt_whole_clip,0.0,0.9478,fuzzy_complete,0.0,0.46,0.4853,0.0,-0.4878,asr_energy_refined,0.05,-0.2378,False
tts2_en_GB-vctk-medium_spk102_pos0#gt000,tts2_en_GB-vctk-medium_spk102_pos0,gt_whole_clip,0.0,0.9778,complete,0.0,0.48,0.4909,0.0,-0.4978,asr_energy_refined,0.06,-0.1378,False
tts2_en_GB-vctk-medium_spk102_pos1#gt000,tts2_en_GB-vctk-medium_spk102_pos1,gt_whole_clip,0.0,0.7982,complete,0.0,0.32,0.4009,0.0,-0.4782,asr_energy_refined,0.1,-0.1682,False
tts2_en_GB-vctk-medium_spk103_pos0#gt000,tts2_en_GB-vctk-medium_spk103_pos0,gt_whole_clip,0.0,0.9478,complete,0.0,0.36,0.3798,0.0,-0.5878,asr_energy_refined,0.06,-0.2278,False
tts2_en_GB-vctk-medium_spk103_pos1#gt000,tts2_en_GB-vctk-medium_spk103_pos1,gt_whole_clip,0.0,0.9478,complete,0.0,0.4,0.422,0.0,-0.5478,asr_energy_refined,0.09,-0.2878,False
tts2_en_GB-vctk-medium_spk104_pos1#gt000,tts2_en_GB-vctk-medium_spk104_pos1,gt_whole_clip,0.0,0.6884,complete,0.0,0.32,0.4648,0.0,-0.3684,asr_energy_refined,0.1,-0.0784,False
tts2_en_GB-vctk-medium_spk105_pos0#gt000,tts2_en_GB-vctk-medium_spk105_pos0,gt_whole_clip,0.0,0.7383,complete,0.0,0.3,0.4063,0.0,-0.4383,asr_energy_refined,0.07,-0.1883,False
tts2_en_GB-vctk-medium_spk105_pos1#gt000,tts2_en_GB-vctk-medium_spk105_pos1,gt_whole_clip,0.0,0.8082,complete,0.0,0.32,0.3959,0.0,-0.4882,asr_energy_refined,0.06,-0.2682,False
tts2_en_GB-vctk-medium_spk106_pos0#gt000,tts2_en_GB-vctk-medium_spk106_pos0,gt_whole_clip,0.0,0.9379,complete,0.0,0.4,0.4265,0.0,-0.5379,asr_energy_refined,0.1,-0.2379,False
tts2_en_GB-vctk-medium_spk106_pos1#gt000,tts2_en_GB-vctk-medium_spk106_pos1,gt_whole_clip,0.0,0.878,complete,0.0,0.36,0.41,0.0,-0.518,asr_energy_refined,0.11,-0.418,False
tts2_en_GB-vctk-medium_spk107_pos0#gt000,tts2_en_GB-vctk-medium_spk107_pos0,gt_whole_clip,0.0,0.7583,complete,0.0,0.32,0.422,0.0,-0.4383,asr_energy_refined,0.07,-0.1483,False
tts2_en_GB-vctk-medium_spk107_pos1#gt000,tts2_en_GB-vctk-medium_spk107_pos1,gt_whole_clip,0.0,0.6984,complete,0.0,0.3,0.4296,0.0,-0.3984,asr_energy_refined,0.06,-0.1584,False
tts2_en_GB-vctk-medium_spk108_pos1#gt000,tts2_en_GB-vctk-medium_spk108_pos1,gt_whole_clip,0.0,0.6585,complete,0.0,0.28,0.4252,0.0,-0.3785,asr_energy_refined,0.04,-0.1985,False
tts2_en_GB-vctk-medium_spk10_pos0#gt000,tts2_en_GB-vctk-medium_spk10_pos0,gt_whole_clip,0.0,0.8082,fuzzy_complete,0.0,0.44,0.5444,0.0,-0.3682,asr_energy_refined,0.08,-0.1182,False
tts2_en_GB-vctk-medium_spk10_pos1#gt000,tts2_en_GB-vctk-medium_spk10_pos1,gt_whole_clip,0.01,0.7583,fuzzy_complete,0.0,0.48,0.6198,-0.01,-0.2783,asr_energy_refined,0.04,-0.1483,False
tts2_en_GB-vctk-medium_spk11_pos0#gt000,tts2_en_GB-vctk-medium_spk11_pos0,gt_whole_clip,0.0,0.868,complete,0.0,0.28,0.3226,0.0,-0.588,asr_energy_refined,0.06,-0.278,False
tts2_en_GB-vctk-medium_spk11_pos1#gt000,tts2_en_GB-vctk-medium_spk11_pos1,gt_whole_clip,0.0,1.0077,complete,0.0,0.36,0.3572,0.0,-0.6477,asr_energy_refined,0.06,-0.3377,False
tts2_en_GB-vctk-medium_spk12_pos0#gt000,tts2_en_GB-vctk-medium_spk12_pos0,gt_whole_clip,0.0,1.0077,complete,0.0,0.48,0.4763,0.0,-0.5277,asr_energy_refined,0.11,-0.4377,False
tts2_en_GB-vctk-medium_spk12_pos1#gt000,tts2_en_GB-vctk-medium_spk12_pos1,gt_whole_clip,0.0,0.7583,complete,0.0,0.32,0.422,0.0,-0.4383,asr_energy_refined,0.07,-0.3783,False
tts2_en_GB-vctk-medium_spk14_pos1#gt000,tts2_en_GB-vctk-medium_spk14_pos1,gt_whole_clip,0.0,1.0376,complete,0.0,0.36,0.347,0.0,-0.6776,asr_energy_refined,0.06,-0.2876,False
tts2_en_GB-vctk-medium_spk15_pos1#gt000,tts2_en_GB-vctk-medium_spk15_pos1,gt_whole_clip,0.0,0.7184,complete,0.0,0.28,0.3898,0.0,-0.4384,asr_energy_refined,0.06,-0.1984,False
tts2_en_GB-vctk-medium_spk16_pos0#gt000,tts2_en_GB-vctk-medium_spk16_pos0,gt_whole_clip,0.02,1.0376,complete,0.0,0.44,0.4048,-0.02,-0.5976,asr_energy_refined,0.09,-0.2876,False
tts2_en_GB-vctk-medium_spk16_pos1#gt000,tts2_en_GB-vctk-medium_spk16_pos1,gt_whole_clip,0.01,0.7982,complete,0.0,0.36,0.4385,-0.01,-0.4382,asr_energy_refined,0.12,-0.1782,False
tts2_en_GB-vctk-medium_spk18_pos0#gt000,tts2_en_GB-vctk-medium_spk18_pos0,gt_whole_clip,0.0,0.7184,complete,0.0,0.28,0.3898,0.0,-0.4384,asr_energy_refined,0.09,-0.3584,False
tts2_en_GB-vctk-medium_spk19_pos0#gt000,tts2_en_GB-vctk-medium_spk19_pos0,gt_whole_clip,0.0,0.898,complete,0.0,0.4,0.4454,0.0,-0.498,asr_energy_refined,0.14,-0.208,False
tts2_en_GB-vctk-medium_spk19_pos1#gt000,tts2_en_GB-vctk-medium_spk19_pos1,gt_whole_clip,0.0,0.878,complete,0.0,0.36,0.41,0.0,-0.518,asr_energy_refined,0.14,-0.268,False
tts2_en_GB-vctk-medium_spk1_pos0#gt000,tts2_en_GB-vctk-medium_spk1_pos0,gt_whole_clip,0.0,0.9079,complete,0.0,0.34,0.3745,0.0,-0.5679,asr_energy_refined,0.06,-0.4579,False
tts2_en_GB-vctk-medium_spk1_pos1#gt000,tts2_en_GB-vctk-medium_spk1_pos1,gt_whole_clip,0.0,0.7184,complete,0.0,0.28,0.3898,0.0,-0.4384,asr_energy_refined,0.06,-0.3784,False
tts2_en_GB-vctk-medium_spk20_pos0#gt000,tts2_en_GB-vctk-medium_spk20_pos0,gt_whole_clip,0.02,0.8381,complete,0.0,0.44,0.5011,-0.02,-0.3981,asr_energy_refined,0.06,-0.1681,False
tts2_en_GB-vctk-medium_spk21_pos0#gt000,tts2_en_GB-vctk-medium_spk21_pos0,gt_whole_clip,0.0,1.1474,complete,0.0,0.44,0.3835,0.0,-0.7074,asr_energy_refined,0.1,-0.3274,False
tts2_en_GB-vctk-medium_spk22_pos0#gt000,tts2_en_GB-vctk-medium_spk22_pos0,gt_whole_clip,0.0,0.6685,complete,0.0,0.26,0.3889,0.0,-0.4085,asr_energy_refined,0.05,-0.1285,False
tts2_en_GB-vctk-medium_spk22_pos1#gt000,tts2_en_GB-vctk-medium_spk22_pos1,gt_whole_clip,0.0,0.8381,complete,0.0,0.28,0.3341,0.0,-0.5581,asr_energy_refined,0.04,-0.2181,False
tts2_en_GB-vctk-medium_spk23_pos0#gt000,tts2_en_GB-vctk-medium_spk23_pos0,gt_whole_clip,0.0,0.7882,complete,0.0,0.26,0.3299,0.0,-0.5282,asr_energy_refined,0.05,-0.2182,False
tts2_en_GB-vctk-medium_spk23_pos1#gt000,tts2_en_GB-vctk-medium_spk23_pos1,gt_whole_clip,0.0,0.8281,complete,0.0,0.28,0.3381,0.0,-0.5481,asr_energy_refined,0.05,-0.2581,False
tts2_en_GB-vctk-medium_spk24_pos0#gt000,tts2_en_GB-vctk-medium_spk24_pos0,gt_whole_clip,0.0,0.8181,complete,0.0,0.28,0.3423,0.0,-0.5381,asr_energy_refined,0.06,-0.2981,False
tts2_en_GB-vctk-medium_spk24_pos1#gt000,tts2_en_GB-vctk-medium_spk24_pos1,gt_whole_clip,0.0,0.7383,complete,0.0,0.26,0.3522,0.0,-0.4783,asr_energy_refined,0.07,-0.2183,False
tts2_en_GB-vctk-medium_spk25_pos0#gt000,tts2_en_GB-vctk-medium_spk25_pos0,gt_whole_clip,0.0,0.6884,complete,0.0,0.32,0.4648,0.0,-0.3684,asr_energy_refined,0.07,-0.3084,False
tts2_en_GB-vctk-medium_spk25_pos1#gt000,tts2_en_GB-vctk-medium_spk25_pos1,gt_whole_clip,0.0,0.898,complete,0.0,0.42,0.4677,0.0,-0.478,asr_energy_refined,0.11,-0.378,False
tts2_en_GB-vctk-medium_spk26_pos0#gt000,tts2_en_GB-vctk-medium_spk26_pos0,gt_whole_clip,0.0,0.7483,complete,0.0,0.3,0.4009,0.0,-0.4483,asr_energy_refined,0.07,-0.2083,False
tts2_en_GB-vctk-medium_spk26_pos1#gt000,tts2_en_GB-vctk-medium_spk26_pos1,gt_whole_clip,0.0,0.7982,complete,0.0,0.3,0.3758,0.0,-0.4982,asr_energy_refined,0.06,-0.2382,False
tts2_en_GB-vctk-medium_spk27_pos0#gt000,tts2_en_GB-vctk-medium_spk27_pos0,gt_whole_clip,0.0,0.8281,complete,0.0,0.32,0.3864,0.0,-0.5081,asr_energy_refined,0.06,-0.4481,False
tts2_en_GB-vctk-medium_spk27_pos1#gt000,tts2_en_GB-vctk-medium_spk27_pos1,gt_whole_clip,0.0,0.7283,complete,0.0,0.3,0.4119,0.0,-0.4283,asr_energy_refined,0.04,-0.2083,False
tts2_en_GB-vctk-medium_spk28_pos0#gt000,tts2_en_GB-vctk-medium_spk28_pos0,gt_whole_clip,0.0,0.868,fuzzy_complete,0.0,0.54,0.6221,0.0,-0.328,asr_energy_refined,0.08,-0.218,False
tts2_en_GB-vctk-medium_spk28_pos1#gt000,tts2_en_GB-vctk-medium_spk28_pos1,gt_whole_clip,0.0,0.6186,complete,0.0,0.26,0.4203,0.0,-0.3586,asr_energy_refined,0.06,-0.1486,False
tts2_en_GB-vctk-medium_spk29_pos0#gt000,tts2_en_GB-vctk-medium_spk29_pos0,gt_whole_clip,0.0,0.7184,complete,0.0,0.26,0.3619,0.0,-0.4584,asr_energy_refined,0.07,-0.2284,False
tts2_en_GB-vctk-medium_spk29_pos1#gt000,tts2_en_GB-vctk-medium_spk29_pos1,gt_whole_clip,0.0,0.6585,complete,0.0,0.22,0.3341,0.0,-0.4385,asr_energy_refined,0.06,-0.2085,False
tts2_en_GB-vctk-medium_spk30_pos0#gt000,tts2_en_GB-vctk-medium_spk30_pos0,gt_whole_clip,0.0,1.0376,complete,0.0,0.4,0.3855,0.0,-0.6376,asr_energy_refined,0.06,-0.2876,False
tts2_en_GB-vctk-medium_spk30_pos1#gt000,tts2_en_GB-vctk-medium_spk30_pos1,gt_whole_clip,0.0,0.7483,complete,0.0,0.3,0.4009,0.0,-0.4483,asr_energy_refined,0.06,-0.1783,False
tts2_en_GB-vctk-medium_spk31_pos1#gt000,tts2_en_GB-vctk-medium_spk31_pos1,gt_whole_clip,0.0,0.9478,complete,0.0,0.36,0.3798,0.0,-0.5878,asr_energy_refined,0.09,-0.4778,False
tts2_en_GB-vctk-medium_spk32_pos0#gt000,tts2_en_GB-vctk-medium_spk32_pos0,gt_whole_clip,0.0,0.6685,complete,0.0,0.28,0.4188,0.0,-0.3885,asr_energy_refined,0.07,-0.2785,False
tts2_en_GB-vctk-medium_spk32_pos1#gt000,tts2_en_GB-vctk-medium_spk32_pos1,gt_whole_clip,0.0,0.6984,complete,0.0,0.3,0.4296,0.0,-0.3984,asr_energy_refined,0.07,-0.1384,False
tts2_en_GB-vctk-medium_spk33_pos0#gt000,tts2_en_GB-vctk-medium_spk33_pos0,gt_whole_clip,0.0,0.868,complete,0.0,0.36,0.4147,0.0,-0.508,asr_energy_refined,0.06,-0.418,False
tts2_en_GB-vctk-medium_spk35_pos0#gt000,tts2_en_GB-vctk-medium_spk35_pos0,gt_whole_clip,0.0,0.7882,complete,0.0,0.28,0.3552,0.0,-0.5082,asr_energy_refined,0.06,-0.4182,False
tts2_en_GB-vctk-medium_spk35_pos1#gt000,tts2_en_GB-vctk-medium_spk35_pos1,gt_whole_clip,0.01,1.0476,none,,,0.0,,,,,,False
tts2_en_GB-vctk-medium_spk36_pos0#gt000,tts2_en_GB-vctk-medium_spk36_pos0,gt_whole_clip,0.0,1.1175,complete,0.0,0.46,0.4116,0.0,-0.6575,asr_energy_refined,0.11,-0.5475,False
tts2_en_GB-vctk-medium_spk37_pos1#gt000,tts2_en_GB-vctk-medium_spk37_pos1,gt_whole_clip,0.0,0.9578,complete,0.0,0.42,0.4385,0.0,-0.5378,asr_energy_refined,0.07,-0.2278,False
tts2_en_GB-vctk-medium_spk38_pos0#gt000,tts2_en_GB-vctk-medium_spk38_pos0,gt_whole_clip,0.0,0.8082,complete,0.0,0.28,0.3464,0.0,-0.5282,asr_energy_refined,0.06,-0.2382,False
tts2_en_GB-vctk-medium_spk38_pos1#gt000,tts2_en_GB-vctk-medium_spk38_pos1,gt_whole_clip,0.0,0.8181,complete,0.0,0.28,0.3423,0.0,-0.5381,asr_energy_refined,0.05,-0.2681,False
tts2_en_GB-vctk-medium_spk40_pos1#gt000,tts2_en_GB-vctk-medium_spk40_pos1,gt_whole_clip,0.0,1.5764,complete,0.4,1.0,0.3806,0.4,-0.5764,asr_energy_refined,0.69,-0.1564,False
tts2_en_GB-vctk-medium_spk41_pos0#gt000,tts2_en_GB-vctk-medium_spk41_pos0,gt_whole_clip,0.0,0.7982,complete,0.0,0.36,0.451,0.0,-0.4382,asr_energy_refined,0.09,-0.2082,False
tts2_en_GB-vctk-medium_spk42_pos1#gt000,tts2_en_GB-vctk-medium_spk42_pos1,gt_whole_clip,0.01,0.8281,complete,0.0,0.28,0.326,-0.01,-0.5481,asr_energy_refined,0.06,-0.1881,False
tts2_en_GB-vctk-medium_spk43_pos0#gt000,tts2_en_GB-vctk-medium_spk43_pos0,gt_whole_clip,0.0,0.8181,fuzzy_complete,0.0,0.4,0.4889,0.0,-0.4181,asr_energy_refined,0.04,-0.1881,False
tts2_en_GB-vctk-medium_spk44_pos0#gt000,tts2_en_GB-vctk-medium_spk44_pos0,gt_whole_clip,0.0,0.888,complete,0.0,0.38,0.4279,0.0,-0.508,asr_energy_refined,0.06,-0.488,False
tts2_en_GB-vctk-medium_spk44_pos1#gt000,tts2_en_GB-vctk-medium_spk44_pos1,gt_whole_clip,0.0,0.858,complete,0.0,0.38,0.4429,0.0,-0.478,asr_energy_refined,0.1,-0.208,False
tts2_en_GB-vctk-medium_spk45_pos0#gt000,tts2_en_GB-vctk-medium_spk45_pos0,gt_whole_clip,0.0,1.0277,complete,0.0,0.4,0.3892,0.0,-0.6277,asr_energy_refined,0.05,-0.2177,False
tts2_en_GB-vctk-medium_spk45_pos1#gt000,tts2_en_GB-vctk-medium_spk45_pos1,gt_whole_clip,0.0,0.7483,complete,0.0,0.36,0.4811,0.0,-0.3883,asr_energy_refined,0.05,-0.1883,False
tts2_en_GB-vctk-medium_spk47_pos0#gt000,tts2_en_GB-vctk-medium_spk47_pos0,gt_whole_clip,0.0,0.8281,complete,0.0,0.34,0.4106,0.0,-0.4881,asr_energy_refined,0.06,-0.2481,False
tts2_en_GB-vctk-medium_spk47_pos1#gt000,tts2_en_GB-vctk-medium_spk47_pos1,gt_whole_clip,0.0,0.7683,complete,0.0,0.34,0.4425,0.0,-0.4283,asr_energy_refined,0.07,-0.2883,False
tts2_en_GB-vctk-medium_spk48_pos0#gt000,tts2_en_GB-vctk-medium_spk48_pos0,gt_whole_clip,0.0,0.9279,complete,0.0,0.34,0.3664,0.0,-0.5879,asr_energy_refined,0.06,-0.2879,False
tts2_en_GB-vctk-medium_spk48_pos1#gt000,tts2_en_GB-vctk-medium_spk48_pos1,gt_whole_clip,0.0,0.9678,complete,0.0,0.36,0.372,0.0,-0.6078,asr_energy_refined,0.05,-0.2778,False
tts2_en_GB-vctk-medium_spk49_pos1#gt000,tts2_en_GB-vctk-medium_spk49_pos1,gt_whole_clip,0.0,0.9079,complete,0.0,0.4,0.4406,0.0,-0.5079,asr_energy_refined,0.06,-0.1579,False
tts2_en_GB-vctk-medium_spk4_pos0#gt000,tts2_en_GB-vctk-medium_spk4_pos0,gt_whole_clip,0.0,0.8181,complete,0.0,0.32,0.3912,0.0,-0.4981,asr_energy_refined,0.04,-0.2081,False
tts2_en_GB-vctk-medium_spk4_pos1#gt000,tts2_en_GB-vctk-medium_spk4_pos1,gt_whole_clip,0.0,0.868,complete,0.0,0.4,0.4608,0.0,-0.468,asr_energy_refined,0.06,-0.248,False
tts2_en_GB-vctk-medium_spk50_pos0#gt000,tts2_en_GB-vctk-medium_spk50_pos0,gt_whole_clip,0.0,0.5687,complete,0.0,0.22,0.3868,0.0,-0.3487,asr_energy_refined,0.04,-0.1387,False
tts2_en_GB-vctk-medium_spk50_pos1#gt000,tts2_en_GB-vctk-medium_spk50_pos1,gt_whole_clip,0.0,0.6385,complete,0.0,0.28,0.4385,0.0,-0.3585,asr_energy_refined,0.06,-0.2685,False
tts2_en_GB-vctk-medium_spk51_pos0#gt000,tts2_en_GB-vctk-medium_spk51_pos0,gt_whole_clip,0.0,0.8181,complete,0.0,0.28,0.3423,0.0,-0.5381,asr_energy_refined,0.06,-0.2581,False
tts2_en_GB-vctk-medium_spk51_pos1#gt000,tts2_en_GB-vctk-medium_spk51_pos1,gt_whole_clip,0.0,0.8381,complete,0.0,0.34,0.4057,0.0,-0.4981,asr_energy_refined,0.09,-0.2481,False
tts2_en_GB-vctk-medium_spk52_pos1#gt000,tts2_en_GB-vctk-medium_spk52_pos1,gt_whole_clip,0.0,0.7383,fuzzy_complete,0.0,0.44,0.596,0.0,-0.2983,asr_energy_refined,0.07,-0.1483,False
tts2_en_GB-vctk-medium_spk54_pos0#gt000,tts2_en_GB-vctk-medium_spk54_pos0,gt_whole_clip,0.0,0.7882,complete,0.0,0.3,0.3806,0.0,-0.4882,asr_energy_refined,0.06,-0.3882,False
tts2_en_GB-vctk-medium_spk54_pos1#gt000,tts2_en_GB-vctk-medium_spk54_pos1,gt_whole_clip,0.0,1.0177,complete,0.0,0.4,0.393,0.0,-0.6177,asr_energy_refined,0.08,-0.5277,False
tts2_en_GB-vctk-medium_spk56_pos0#gt000,tts2_en_GB-vctk-medium_spk56_pos0,gt_whole_clip,0.0,0.9279,complete,0.0,0.36,0.388,0.0,-0.5679,asr_energy_refined,0.06,-0.2479,False
tts2_en_GB-vctk-medium_spk56_pos1#gt000,tts2_en_GB-vctk-medium_spk56_pos1,gt_whole_clip,0.0,0.878,complete,0.0,0.34,0.3872,0.0,-0.538,asr_energy_refined,0.06,-0.428,False
tts2_en_GB-vctk-medium_spk57_pos0#gt000,tts2_en_GB-vctk-medium_spk57_pos0,gt_whole_clip,0.01,0.6385,complete,0.0,0.3,0.4542,-0.01,-0.3385,asr_energy_refined,0.06,-0.0685,False
tts2_en_GB-vctk-medium_spk57_pos1#gt000,tts2_en_GB-vctk-medium_spk57_pos1,gt_whole_clip,0.0,0.7383,complete,0.0,0.26,0.3522,0.0,-0.4783,asr_energy_refined,0.05,-0.1883,False
tts2_en_GB-vctk-medium_spk58_pos0#gt000,tts2_en_GB-vctk-medium_spk58_pos0,gt_whole_clip,0.0,1.0077,complete,0.0,0.44,0.4366,0.0,-0.5677,asr_energy_refined,0.04,-0.2377,False
tts2_en_GB-vctk-medium_spk59_pos0#gt000,tts2_en_GB-vctk-medium_spk59_pos0,gt_whole_clip,0.0,0.7283,complete,0.0,0.24,0.3295,0.0,-0.4883,asr_energy_refined,0.06,-0.2083,False
tts2_en_GB-vctk-medium_spk5_pos0#gt000,tts2_en_GB-vctk-medium_spk5_pos0,gt_whole_clip,0.0,0.7882,complete,0.0,0.34,0.4314,0.0,-0.4482,asr_energy_refined,0.06,-0.1482,False
tts2_en_GB-vctk-medium_spk60_pos0#gt000,tts2_en_GB-vctk-medium_spk60_pos0,gt_whole_clip,0.0,0.7383,complete,0.0,0.28,0.3792,0.0,-0.4583,asr_energy_refined,0.04,-0.1883,False
tts2_en_GB-vctk-medium_spk61_pos0#gt000,tts2_en_GB-vctk-medium_spk61_pos0,gt_whole_clip,0.0,0.888,complete,0.0,0.28,0.3153,0.0,-0.608,asr_energy_refined,0.06,-0.278,False
tts2_en_GB-vctk-medium_spk61_pos1#gt000,tts2_en_GB-vctk-medium_spk61_pos1,gt_whole_clip,0.0,0.898,complete,0.0,0.34,0.3786,0.0,-0.558,asr_energy_refined,0.09,-0.238,False
tts2_en_GB-vctk-medium_spk62_pos1#gt000,tts2_en_GB-vctk-medium_spk62_pos1,gt_whole_clip,0.0,0.888,complete,0.0,0.36,0.4054,0.0,-0.528,asr_energy_refined,0.06,-0.188,False
tts2_en_GB-vctk-medium_spk64_pos0#gt000,tts2_en_GB-vctk-medium_spk64_pos0,gt_whole_clip,0.0,0.858,complete,0.0,0.28,0.3263,0.0,-0.578,asr_energy_refined,0.08,-0.238,False
tts2_en_GB-vctk-medium_spk64_pos1#gt000,tts2_en_GB-vctk-medium_spk64_pos1,gt_whole_clip,0.0,0.6485,fuzzy_complete,0.0,0.34,0.5243,0.0,-0.3085,asr_energy_refined,0.06,-0.1385,False
tts2_en_GB-vctk-medium_spk65_pos0#gt000,tts2_en_GB-vctk-medium_spk65_pos0,gt_whole_clip,0.0,0.898,fuzzy_complete,0.0,0.58,0.6459,0.0,-0.318,asr_energy_refined,0.06,-0.138,False
tts2_en_GB-vctk-medium_spk66_pos0#gt000,tts2_en_GB-vctk-medium_spk66_pos0,gt_whole_clip,0.0,0.868,complete,0.0,0.44,0.5069,0.0,-0.428,asr_energy_refined,0.06,-0.108,False
tts2_en_GB-vctk-medium_spk66_pos1#gt000,tts2_en_GB-vctk-medium_spk66_pos1,gt_whole_clip,0.02,1.0277,complete,0.0,0.4,0.3698,-0.02,-0.6277,asr_energy_refined,0.05,-0.2777,False
tts2_en_GB-vctk-medium_spk68_pos1#gt000,tts2_en_GB-vctk-medium_spk68_pos1,gt_whole_clip,0.0,0.6186,complete,0.0,0.28,0.4526,0.0,-0.3386,asr_energy_refined,0.05,-0.1686,False
tts2_en_GB-vctk-medium_spk69_pos0#gt000,tts2_en_GB-vctk-medium_spk69_pos0,gt_whole_clip,0.0399,0.7982,complete,0.0,0.3,0.3259,-0.0399,-0.4982,asr_energy_refined,0.0801,-0.1982,False
tts2_en_GB-vctk-medium_spk69_pos1#gt000,tts2_en_GB-vctk-medium_spk69_pos1,gt_whole_clip,0.02,0.8481,complete,0.0,0.26,0.283,-0.02,-0.5881,asr_energy_refined,0.02,-0.3281,False
tts2_en_GB-vctk-medium_spk6_pos1#gt000,tts2_en_GB-vctk-medium_spk6_pos1,gt_whole_clip,0.0,0.7583,fuzzy_complete,0.0,0.42,0.5539,0.0,-0.3383,asr_energy_refined,0.06,-0.4083,False
tts2_en_GB-vctk-medium_spk70_pos0#gt000,tts2_en_GB-vctk-medium_spk70_pos0,gt_whole_clip,0.0,0.7882,complete,0.0,0.28,0.3552,0.0,-0.5082,asr_energy_refined,0.06,-0.1682,False
tts2_en_GB-vctk-medium_spk71_pos0#gt000,tts2_en_GB-vctk-medium_spk71_pos0,gt_whole_clip,0.0,0.9079,complete,0.0,0.44,0.4846,0.0,-0.4679,asr_energy_refined,0.06,-0.2179,False
tts2_en_GB-vctk-medium_spk71_pos1#gt000,tts2_en_GB-vctk-medium_spk71_pos1,gt_whole_clip,0.0,0.6884,complete,0.0,0.28,0.4067,0.0,-0.4084,asr_energy_refined,0.05,-0.1284,False
tts2_en_GB-vctk-medium_spk72_pos0#gt000,tts2_en_GB-vctk-medium_spk72_pos0,gt_whole_clip,0.0,0.868,complete,0.0,0.32,0.3687,0.0,-0.548,asr_energy_refined,0.05,-0.208,False
tts2_en_GB-vctk-medium_spk72_pos1#gt000,tts2_en_GB-vctk-medium_spk72_pos1,gt_whole_clip,0.0,0.878,complete,0.0,0.32,0.3645,0.0,-0.558,asr_energy_refined,0.07,-0.208,False
tts2_en_GB-vctk-medium_spk73_pos0#gt000,tts2_en_GB-vctk-medium_spk73_pos0,gt_whole_clip,0.0,0.5986,fuzzy_complete,0.0,0.4,0.6682,0.0,-0.1986,asr_energy_refined,0.07,-0.0986,False
tts2_en_GB-vctk-medium_spk73_pos1#gt000,tts2_en_GB-vctk-medium_spk73_pos1,gt_whole_clip,0.0,1.0177,complete,0.0,0.38,0.3734,0.0,-0.6377,asr_energy_refined,0.06,-0.6877,False
tts2_en_GB-vctk-medium_spk74_pos0#gt000,tts2_en_GB-vctk-medium_spk74_pos0,gt_whole_clip,0.0,0.9778,fuzzy_complete,0.0,0.58,0.5932,0.0,-0.3978,asr_energy_refined,0.07,-0.2378,False
tts2_en_GB-vctk-medium_spk74_pos1#gt000,tts2_en_GB-vctk-medium_spk74_pos1,gt_whole_clip,0.0,0.9678,complete,0.0,0.3,0.31,0.0,-0.6678,asr_energy_refined,0.05,-0.6178,False
tts2_en_GB-vctk-medium_spk75_pos0#gt000,tts2_en_GB-vctk-medium_spk75_pos0,gt_whole_clip,0.0,0.7882,complete,0.0,0.32,0.406,0.0,-0.4682,asr_energy_refined,0.06,-0.3982,False
tts2_en_GB-vctk-medium_spk75_pos1#gt000,tts2_en_GB-vctk-medium_spk75_pos1,gt_whole_clip,0.0,0.7683,complete,0.0,0.38,0.4946,0.0,-0.3883,asr_energy_refined,0.06,-0.1483,False
tts2_en_GB-vctk-medium_spk76_pos0#gt000,tts2_en_GB-vctk-medium_spk76_pos0,gt_whole_clip,0.0,0.6086,complete,0.0,0.28,0.4601,0.0,-0.3286,asr_energy_refined,0.07,-0.2386,False
tts2_en_GB-vctk-medium_spk76_pos1#gt000,tts2_en_GB-vctk-medium_spk76_pos1,gt_whole_clip,0.0,1.4268,complete,0.46,1.06,0.4205,0.46,-0.3668,asr_energy_refined,0.8,-0.1468,False
tts2_en_GB-vctk-medium_spk77_pos0#gt000,tts2_en_GB-vctk-medium_spk77_pos0,gt_whole_clip,0.0,0.878,complete,0.0,0.32,0.3645,0.0,-0.558,asr_energy_refined,0.05,-0.148,False
tts2_en_GB-vctk-medium_spk77_pos1#gt000,tts2_en_GB-vctk-medium_spk77_pos1,gt_whole_clip,0.0,0.888,complete,0.0,0.36,0.4054,0.0,-0.528,asr_energy_refined,0.06,-0.428,False
tts2_en_GB-vctk-medium_spk78_pos1#gt000,tts2_en_GB-vctk-medium_spk78_pos1,gt_whole_clip,0.0,0.8381,complete,0.0,0.3,0.358,0.0,-0.5381,asr_energy_refined,0.06,-0.2681,False
tts2_en_GB-vctk-medium_spk79_pos0#gt000,tts2_en_GB-vctk-medium_spk79_pos0,gt_whole_clip,0.02,0.878,complete,0.0,0.34,0.3645,-0.02,-0.538,asr_energy_refined,0.04,-0.448,False
tts2_en_GB-vctk-medium_spk79_pos1#gt000,tts2_en_GB-vctk-medium_spk79_pos1,gt_whole_clip,0.0,0.7483,complete,0.0,0.3,0.4009,0.0,-0.4483,asr_energy_refined,0.06,-0.3683,False
tts2_en_GB-vctk-medium_spk7_pos1#gt000,tts2_en_GB-vctk-medium_spk7_pos1,gt_whole_clip,0.0,0.6984,complete,0.0,0.28,0.4009,0.0,-0.4184,asr_energy_refined,0.07,-0.3084,False
tts2_en_GB-vctk-medium_spk80_pos0#gt000,tts2_en_GB-vctk-medium_spk80_pos0,gt_whole_clip,0.0,0.8082,complete,0.0,0.34,0.4207,0.0,-0.4682,asr_energy_refined,0.04,-0.1982,False
tts2_en_GB-vctk-medium_spk80_pos1#gt000,tts2_en_GB-vctk-medium_spk80_pos1,gt_whole_clip,0.0,0.6984,fuzzy_complete,0.0,0.36,0.5155,0.0,-0.3384,asr_energy_refined,0.06,-0.1884,False
tts2_en_GB-vctk-medium_spk81_pos0#gt000,tts2_en_GB-vctk-medium_spk81_pos0,gt_whole_clip,0.0,0.7483,fuzzy_complete,0.0,0.4,0.5345,0.0,-0.3483,asr_energy_refined,0.07,-0.0983,False
tts2_en_GB-vctk-medium_spk81_pos1#gt000,tts2_en_GB-vctk-medium_spk81_pos1,gt_whole_clip,0.01,0.9478,complete,0.0,0.4,0.4115,-0.01,-0.5478,asr_energy_refined,0.09,-0.1578,False
tts2_en_GB-vctk-medium_spk82_pos1#gt000,tts2_en_GB-vctk-medium_spk82_pos1,gt_whole_clip,0.01,0.7982,complete,0.0,0.32,0.3884,-0.01,-0.4782,asr_energy_refined,0.05,-0.1982,False
tts2_en_GB-vctk-medium_spk83_pos0#gt000,tts2_en_GB-vctk-medium_spk83_pos0,gt_whole_clip,0.0,0.878,complete,0.0,0.36,0.41,0.0,-0.518,asr_energy_refined,0.06,-0.428,False
tts2_en_GB-vctk-medium_spk83_pos1#gt000,tts2_en_GB-vctk-medium_spk83_pos1,gt_whole_clip,0.0,1.2172,complete,0.0,0.6,0.4929,0.0,-0.6172,asr_energy_refined,0.13,-0.2672,False
tts2_en_GB-vctk-medium_spk84_pos0#gt000,tts2_en_GB-vctk-medium_spk84_pos0,gt_whole_clip,0.0,0.7882,complete,0.0,0.42,0.5329,0.0,-0.3682,asr_energy_refined,0.06,-0.1382,False
tts2_en_GB-vctk-medium_spk85_pos0#gt000,tts2_en_GB-vctk-medium_spk85_pos0,gt_whole_clip,0.0,0.7583,fuzzy_complete,0.0,0.4,0.5275,0.0,-0.3583,asr_energy_refined,0.09,-0.1783,False
tts2_en_GB-vctk-medium_spk85_pos1#gt000,tts2_en_GB-vctk-medium_spk85_pos1,gt_whole_clip,0.0,0.7882,complete,0.0,0.34,0.4314,0.0,-0.4482,asr_energy_refined,0.07,-0.3682,False
tts2_en_GB-vctk-medium_spk87_pos0#gt000,tts2_en_GB-vctk-medium_spk87_pos0,gt_whole_clip,0.0,0.8082,complete,0.0,0.36,0.4454,0.0,-0.4482,asr_energy_refined,0.06,-0.3882,False
tts2_en_GB-vctk-medium_spk88_pos0#gt000,tts2_en_GB-vctk-medium_spk88_pos0,gt_whole_clip,0.0,2.1052,complete,0.8,1.5,0.3325,0.8,-0.6052,asr_energy_refined,1.18,-0.3052,False
tts2_en_GB-vctk-medium_spk88_pos1#gt000,tts2_en_GB-vctk-medium_spk88_pos1,gt_whole_clip,0.0,1.5664,complete,0.56,1.12,0.3575,0.56,-0.4464,asr_energy_refined,0.86,-0.0764,False
tts2_en_GB-vctk-medium_spk89_pos0#gt000,tts2_en_GB-vctk-medium_spk89_pos0,gt_whole_clip,0.0,0.7583,complete,0.0,0.28,0.3692,0.0,-0.4783,asr_energy_refined,0.06,-0.1783,False
tts2_en_GB-vctk-medium_spk89_pos1#gt000,tts2_en_GB-vctk-medium_spk89_pos1,gt_whole_clip,0.0,0.7882,complete,0.0,0.28,0.3552,0.0,-0.5082,asr_energy_refined,0.04,-0.2382,False
tts2_en_GB-vctk-medium_spk90_pos0#gt000,tts2_en_GB-vctk-medium_spk90_pos0,gt_whole_clip,0.0,0.868,complete,0.0,0.36,0.4147,0.0,-0.508,asr_energy_refined,0.06,-0.388,False
tts2_en_GB-vctk-medium_spk90_pos1#gt000,tts2_en_GB-vctk-medium_spk90_pos1,gt_whole_clip,0.0,0.9079,complete,0.0,0.34,0.3745,0.0,-0.5679,asr_energy_refined,0.06,-0.2579,False
tts2_en_GB-vctk-medium_spk91_pos0#gt000,tts2_en_GB-vctk-medium_spk91_pos0,gt_whole_clip,0.0,0.7283,complete,0.0,0.34,0.4668,0.0,-0.3883,asr_energy_refined,0.04,-0.3183,False
tts2_en_GB-vctk-medium_spk92_pos1#gt000,tts2_en_GB-vctk-medium_spk92_pos1,gt_whole_clip,0.0,0.7882,complete,0.0,0.3,0.3806,0.0,-0.4882,asr_energy_refined,0.05,-0.1882,False
tts2_en_GB-vctk-medium_spk93_pos0#gt000,tts2_en_GB-vctk-medium_spk93_pos0,gt_whole_clip,0.0,0.8381,complete,0.0,0.38,0.4534,0.0,-0.4581,asr_energy_refined,0.07,-0.1581,False
tts2_en_GB-vctk-medium_spk94_pos1#gt000,tts2_en_GB-vctk-medium_spk94_pos1,gt_whole_clip,0.0,0.8082,complete,0.0,0.3,0.3712,0.0,-0.5082,asr_energy_refined,0.07,-0.3982,False
tts2_en_GB-vctk-medium_spk95_pos0#gt000,tts2_en_GB-vctk-medium_spk95_pos0,gt_whole_clip,0.01,0.7184,complete,0.0,0.32,0.4315,-0.01,-0.3984,asr_energy_refined,0.05,-0.1684,False
tts2_en_GB-vctk-medium_spk95_pos1#gt000,tts2_en_GB-vctk-medium_spk95_pos1,gt_whole_clip,0.0,0.9578,complete,0.0,0.34,0.355,0.0,-0.6178,asr_energy_refined,0.08,-0.2978,False
tts2_en_GB-vctk-medium_spk96_pos1#gt000,tts2_en_GB-vctk-medium_spk96_pos1,gt_whole_clip,0.02,0.6685,complete,0.0,0.28,0.3889,-0.02,-0.3885,asr_energy_refined,0.05,-0.1285,False
tts2_en_GB-vctk-medium_spk97_pos0#gt000,tts2_en_GB-vctk-medium_spk97_pos0,gt_whole_clip,0.0,0.7982,fuzzy_complete,0.0,0.44,0.5512,0.0,-0.3582,asr_energy_refined,0.14,-0.1282,False
tts2_en_GB-vctk-medium_spk97_pos1#gt000,tts2_en_GB-vctk-medium_spk97_pos1,gt_whole_clip,0.01,0.9578,complete,0.0,0.38,0.3863,-0.01,-0.5778,asr_energy_refined,0.09,-0.2378,False
tts2_en_GB-vctk-medium_spk98_pos0#gt000,tts2_en_GB-vctk-medium_spk98_pos0,gt_whole_clip,0.0,1.1673,complete,0.0,0.7,0.5997,0.0,-0.4673,asr_energy_refined,0.22,-0.1673,False
tts2_en_GB-vctk-medium_spk9_pos0#gt000,tts2_en_GB-vctk-medium_spk9_pos0,gt_whole_clip,0.0,0.898,fuzzy_complete,0.0,0.56,0.6236,0.0,-0.338,asr_energy_refined,0.05,-0.208,False
tts2_en_GB-vctk-medium_spk9_pos1#gt000,tts2_en_GB-vctk-medium_spk9_pos1,gt_whole_clip,0.02,0.7882,complete,0.0,0.36,0.4314,-0.02,-0.4282,asr_energy_refined,0.05,-0.1382,False
tts2_en_US-arctic-medium_spk10_pos0#gt000,tts2_en_US-arctic-medium_spk10_pos0,gt_whole_clip,0.0798,1.0975,complete,0.0,0.64,0.5104,-0.0798,-0.4575,asr_energy_refined,0.1502,-0.0475,False
tts2_en_US-arctic-medium_spk10_pos1#gt000,tts2_en_US-arctic-medium_spk10_pos1,gt_whole_clip,0.1796,1.1175,complete,0.0,0.68,0.4478,-0.1796,-0.4375,asr_energy_refined,0.0804,-0.0075,False
tts2_en_US-arctic-medium_spk11_pos0#gt000,tts2_en_US-arctic-medium_spk11_pos0,gt_whole_clip,0.0898,0.7483,complete,0.0,0.4,0.4145,-0.0898,-0.3483,asr_energy_refined,0.0602,-0.0783,False
tts2_en_US-arctic-medium_spk11_pos1#gt000,tts2_en_US-arctic-medium_spk11_pos1,gt_whole_clip,0.0399,0.9478,complete,0.0,0.48,0.4643,-0.0399,-0.4678,asr_energy_refined,0.1301,-0.1178,False
tts2_en_US-arctic-medium_spk12_pos1#gt000,tts2_en_US-arctic-medium_spk12_pos1,gt_whole_clip,0.01,0.9279,complete,0.0,0.56,0.5927,-0.01,-0.3679,asr_energy_refined,0.03,-0.3379,False
tts2_en_US-arctic-medium_spk13_pos0#gt000,tts2_en_US-arctic-medium_spk13_pos0,gt_whole_clip,0.0,0.7283,complete,0.0,0.32,0.4394,0.0,-0.4083,asr_energy_refined,0.02,-0.1583,False
tts2_en_US-arctic-medium_spk13_pos1#gt000,tts2_en_US-arctic-medium_spk13_pos1,gt_whole_clip,0.0,0.7882,complete,0.0,0.3,0.3806,0.0,-0.4882,asr_energy_refined,0.02,-0.2082,False
tts2_en_US-arctic-medium_spk14_pos0#gt000,tts2_en_US-arctic-medium_spk14_pos0,gt_whole_clip,0.0399,0.8381,complete,0.0,0.36,0.3819,-0.0399,-0.4781,asr_energy_refined,0.0301,-0.0581,False
tts2_en_US-arctic-medium_spk14_pos1#gt000,tts2_en_US-arctic-medium_spk14_pos1,gt_whole_clip,0.02,0.858,complete,0.0,0.44,0.4895,-0.02,-0.418,asr_energy_refined,0.05,-0.068,False
tts2_en_US-arctic-medium_spk15_pos1#gt000,tts2_en_US-arctic-medium_spk15_pos1,gt_whole_clip,0.1397,1.317,complete,0.0,0.88,0.5621,-0.1397,-0.437,asr_energy_refined,0.1203,-0.037,False
tts2_en_US-arctic-medium_spk16_pos0#gt000,tts2_en_US-arctic-medium_spk16_pos0,gt_whole_clip,0.0,1.0077,complete,0.0,0.5,0.4962,0.0,-0.5077,asr_energy_refined,0.09,-0.2277,False
tts2_en_US-arctic-medium_spk16_pos1#gt000,tts2_en_US-arctic-medium_spk16_pos1,gt_whole_clip,0.0499,0.888,fuzzy_complete,0.0,0.64,0.6645,-0.0499,-0.248,asr_energy_refined,0.0601,-0.158,False
tts2_en_US-arctic-medium_spk17_pos0#gt000,tts2_en_US-arctic-medium_spk17_pos0,gt_whole_clip,0.2195,1.1773,complete,0.0,0.66,0.3742,-0.2195,-0.5173,asr_energy_refined,0.0905,-0.1073,False
tts2_en_US-arctic-medium_spk17_pos1#gt000,tts2_en_US-arctic-medium_spk17_pos1,gt_whole_clip,0.0599,0.7782,complete,0.0,0.4,0.437,-0.0599,-0.3782,asr_energy_refined,0.0301,-0.0382,False
tts2_en_US-arctic-medium_spk1_pos0#gt000,tts2_en_US-arctic-medium_spk1_pos0,gt_whole_clip,0.0698,0.878,complete,0.0,0.46,0.4444,-0.0698,-0.418,asr_energy_refined,0.0602,-0.038,False
tts2_en_US-arctic-medium_spk1_pos1#gt000,tts2_en_US-arctic-medium_spk1_pos1,gt_whole_clip,0.0399,0.7383,complete,0.0,0.48,0.5961,-0.0399,-0.2583,asr_energy_refined,0.0201,-0.0483,False
tts2_en_US-arctic-medium_spk2_pos0#gt000,tts2_en_US-arctic-medium_spk2_pos0,gt_whole_clip,0.02,0.7283,fuzzy_complete,0.0,0.56,0.7415,-0.02,-0.1683,asr_energy_refined,0.03,-0.0283,False
tts2_en_US-arctic-medium_spk2_pos1#gt000,tts2_en_US-arctic-medium_spk2_pos1,gt_whole_clip,0.0,1.4268,complete,0.0,0.78,0.5467,0.0,-0.6468,asr_energy_refined,0.27,-0.2168,False
tts2_en_US-arctic-medium_spk3_pos0#gt000,tts2_en_US-arctic-medium_spk3_pos0,gt_whole_clip,0.0898,0.9179,complete,0.0,0.52,0.4687,-0.0898,-0.3979,asr_energy_refined,0.0402,-0.0879,False
tts2_en_US-arctic-medium_spk3_pos1#gt000,tts2_en_US-arctic-medium_spk3_pos1,gt_whole_clip,0.0998,1.1673,complete,0.0,0.58,0.4114,-0.0998,-0.5873,asr_energy_refined,0.0402,-0.4673,False
tts2_en_US-arctic-medium_spk4_pos0#gt000,tts2_en_US-arctic-medium_spk4_pos0,gt_whole_clip,0.0,1.0476,complete,0.0,0.64,0.6109,0.0,-0.4076,asr_energy_refined,0.03,-0.0676,False
tts2_en_US-arctic-medium_spk4_pos1#gt000,tts2_en_US-arctic-medium_spk4_pos1,gt_whole_clip,0.0,0.7483,complete,0.0,0.46,0.6147,0.0,-0.2883,asr_energy_refined,0.01,-0.0283,False
tts2_en_US-arctic-medium_spk5_pos0#gt000,tts2_en_US-arctic-medium_spk5_pos0,gt_whole_clip,0.0299,0.888,complete,0.0,0.56,0.597,-0.0299,-0.328,asr_energy_refined,0.1301,-0.028,False
tts2_en_US-arctic-medium_spk5_pos1#gt000,tts2_en_US-arctic-medium_spk5_pos1,gt_whole_clip,0.02,0.9279,complete,0.0,0.52,0.5389,-0.02,-0.4079,asr_energy_refined,0.09,-0.0679,False
tts2_en_US-arctic-medium_spk6_pos0#gt000,tts2_en_US-arctic-medium_spk6_pos0,gt_whole_clip,0.0,0.9179,complete,0.0,0.44,0.4794,0.0,-0.4779,asr_energy_refined,0.07,-0.0779,False
tts2_en_US-arctic-medium_spk6_pos1#gt000,tts2_en_US-arctic-medium_spk6_pos1,gt_whole_clip,0.0399,0.8181,complete,0.0,0.42,0.4646,-0.0399,-0.3981,asr_energy_refined,0.0701,-0.0481,False
tts2_en_US-arctic-medium_spk7_pos0#gt000,tts2_en_US-arctic-medium_spk7_pos0,gt_whole_clip,0.0798,0.9478,complete,0.0,0.54,0.4855,-0.0798,-0.4078,asr_energy_refined,0.0502,-0.0578,False
tts2_en_US-arctic-medium_spk8_pos0#gt000,tts2_en_US-arctic-medium_spk8_pos0,gt_whole_clip,0.0,0.6685,fuzzy_complete,0.0,0.54,0.8078,0.0,-0.1285,asr_energy_refined,0.06,-0.0385,False
tts2_en_US-arctic-medium_spk8_pos1#gt000,tts2_en_US-arctic-medium_spk8_pos1,gt_whole_clip,0.0499,0.6785,complete,0.0,0.34,0.4276,-0.0499,-0.3385,asr_energy_refined,0.0401,-0.0285,False
tts2_en_US-arctic-medium_spk9_pos0#gt000,tts2_en_US-arctic-medium_spk9_pos0,gt_whole_clip,0.02,0.9578,complete,0.0,0.4,0.3967,-0.02,-0.5578,asr_energy_refined,0.06,-0.2078,False
tts2_en_US-arctic-medium_spk9_pos1#gt000,tts2_en_US-arctic-medium_spk9_pos1,gt_whole_clip,0.02,0.8381,complete,0.0,0.46,0.525,-0.02,-0.3781,asr_energy_refined,0.09,-0.1081,False
tts2_en_US-bryce-medium_spk0_pos0#gt000,tts2_en_US-bryce-medium_spk0_pos0,gt_whole_clip,0.1297,1.0776,fuzzy_complete,0.0,0.76,0.5849,-0.1297,-0.3176,asr_energy_refined,0.0403,-0.0876,False
tts2_en_US-bryce-medium_spk0_pos1#gt000,tts2_en_US-bryce-medium_spk0_pos1,gt_whole_clip,0.0998,0.9279,complete,0.0,0.56,0.496,-0.0998,-0.3679,asr_energy_refined,0.0102,-0.0479,False
tts2_en_US-danny-low_spk0_pos0#gt000,tts2_en_US-danny-low_spk0_pos0,gt_whole_clip,0.02,1.25,complete,0.0,0.78,0.608,-0.02,-0.47,asr_energy_refined,0.04,-0.07,False
tts2_en_US-danny-low_spk0_pos1#gt000,tts2_en_US-danny-low_spk0_pos1,gt_whole_clip,0.03,0.82,complete,0.0,0.4,0.4512,-0.03,-0.42,asr_energy_refined,0.02,-0.04,False
tts2_en_US-hfc_female-medium_spk0_pos0#gt000,tts2_en_US-hfc_female-medium_spk0_pos0,gt_whole_clip,0.0,0.7882,complete,0.0,0.38,0.4821,0.0,-0.4082,asr_energy_refined,0.04,-0.0882,False
tts2_en_US-hfc_female-medium_spk0_pos1#gt000,tts2_en_US-hfc_female-medium_spk0_pos1,gt_whole_clip,0.01,0.8481,complete,0.0,0.34,0.3891,-0.01,-0.5081,asr_energy_refined,0.07,-0.2281,False
tts2_en_US-hfc_male-medium_spk0_pos0#gt000,tts2_en_US-hfc_male-medium_spk0_pos0,gt_whole_clip,0.0299,0.888,complete,0.0,0.36,0.3717,-0.0299,-0.528,asr_energy_refined,0.0201,-0.128,False
tts2_en_US-hfc_male-medium_spk0_pos1#gt000,tts2_en_US-hfc_male-medium_spk0_pos1,gt_whole_clip,0.0399,0.858,complete,0.0,0.38,0.3964,-0.0399,-0.478,asr_energy_refined,0.0301,-0.148,False
tts2_en_US-joe-medium_spk0_pos0#gt000,tts2_en_US-joe-medium_spk0_pos0,gt_whole_clip,0.0399,0.6086,complete,0.0,0.36,0.526,-0.0399,-0.2486,asr_energy_refined,0.0101,-0.1786,False
tts2_en_US-joe-medium_spk0_pos1#gt000,tts2_en_US-joe-medium_spk0_pos1,gt_whole_clip,0.0499,0.8381,complete,0.0,0.58,0.6325,-0.0499,-0.2581,asr_energy_refined,0.0101,-0.0381,False
tts2_en_US-john-medium_spk0_pos0#gt000,tts2_en_US-john-medium_spk0_pos0,gt_whole_clip,0.0299,1.1075,fuzzy_complete,0.0,0.92,0.8037,-0.0299,-0.1875,asr_energy_refined,0.0401,-0.0475,False
tts2_en_US-john-medium_spk0_pos1#gt000,tts2_en_US-john-medium_spk0_pos1,gt_whole_clip,0.01,1.0277,fuzzy_complete,0.0,0.78,0.7492,-0.01,-0.2477,asr_energy_refined,0.02,-0.1077,False
tts2_en_US-kathleen-low_spk0_pos0#gt000,tts2_en_US-kathleen-low_spk0_pos0,gt_whole_clip,0.0,0.8,complete,0.0,0.5,0.625,0.0,-0.3,asr_energy_refined,0.08,-0.26,False
tts2_en_US-kathleen-low_spk0_pos1#gt000,tts2_en_US-kathleen-low_spk0_pos1,gt_whole_clip,0.0,0.72,fuzzy_complete,0.0,0.44,0.6111,0.0,-0.28,asr_energy_refined,0.08,-0.08,False
tts2_en_US-kristin-medium_spk0_pos0#gt000,tts2_en_US-kristin-medium_spk0_pos0,gt_whole_clip,0.0499,0.8181,complete,0.0,0.6,0.6724,-0.0499,-0.2181,asr_energy_refined,0.0401,-0.0181,False
tts2_en_US-kristin-medium_spk0_pos1#gt000,tts2_en_US-kristin-medium_spk0_pos1,gt_whole_clip,0.0399,0.6984,complete,0.0,0.5,0.6588,-0.0399,-0.1984,asr_energy_refined,0.0201,-0.0284,False
tts2_en_US-kusal-medium_spk0_pos0#gt000,tts2_en_US-kusal-medium_spk0_pos0,gt_whole_clip,0.02,0.6186,complete,0.0,0.32,0.485,-0.02,-0.2986,asr_energy_refined,0.06,-0.0286,False
tts2_en_US-kusal-medium_spk0_pos1#gt000,tts2_en_US-kusal-medium_spk0_pos1,gt_whole_clip,0.0599,0.5986,complete,0.0,0.32,0.4345,-0.0599,-0.2786,asr_energy_refined,0.0301,-0.0186,False
tts2_en_US-l2arctic-medium_spk0_pos0#gt000,tts2_en_US-l2arctic-medium_spk0_pos0,gt_whole_clip,0.0,0.8281,complete,0.0,0.38,0.4589,0.0,-0.4481,asr_energy_refined,0.1,-0.3281,False
tts2_en_US-l2arctic-medium_spk11_pos0#gt000,tts2_en_US-l2arctic-medium_spk11_pos0,gt_whole_clip,0.0,0.5787,complete,0.0,0.3,0.5184,0.0,-0.2787,asr_energy_refined,0.08,-0.1887,False
tts2_en_US-l2arctic-medium_spk12_pos1#gt000,tts2_en_US-l2arctic-medium_spk12_pos1,gt_whole_clip,0.0,1.1474,complete,0.0,0.54,0.4706,0.0,-0.6074,asr_energy_refined,0.15,-0.4474,False
tts2_en_US-l2arctic-medium_spk13_pos0#gt000,tts2_en_US-l2arctic-medium_spk13_pos0,gt_whole_clip,0.0,1.327,complete,0.0,0.92,0.6933,0.0,-0.407,asr_energy_refined,0.17,-0.097,False
tts2_en_US-l2arctic-medium_spk14_pos0#gt000,tts2_en_US-l2arctic-medium_spk14_pos0,gt_whole_clip,0.0,0.8281,complete,0.0,0.38,0.4589,0.0,-0.4481,asr_energy_refined,0.08,-0.3081,False
tts2_en_US-l2arctic-medium_spk18_pos1#gt000,tts2_en_US-l2arctic-medium_spk18_pos1,gt_whole_clip,0.0,0.8381,complete,0.0,0.52,0.6205,0.0,-0.3181,asr_energy_refined,0.23,-0.2681,False
tts2_en_US-l2arctic-medium_spk19_pos1#gt000,tts2_en_US-l2arctic-medium_spk19_pos1,gt_whole_clip,0.0,0.6086,complete,0.0,0.3,0.4929,0.0,-0.3086,asr_energy_refined,0.09,-0.0786,False
tts2_en_US-l2arctic-medium_spk20_pos0#gt000,tts2_en_US-l2arctic-medium_spk20_pos0,gt_whole_clip,0.0,0.898,none,,,0.0,,,,,,False
tts2_en_US-l2arctic-medium_spk22_pos0#gt000,tts2_en_US-l2arctic-medium_spk22_pos0,gt_whole_clip,0.0,0.8381,complete,0.0,0.54,0.6443,0.0,-0.2981,asr_energy_refined,0.17,-0.2581,False
tts2_en_US-l2arctic-medium_spk3_pos1#gt000,tts2_en_US-l2arctic-medium_spk3_pos1,gt_whole_clip,0.0,1.0776,fuzzy_complete,0.0,0.64,0.5939,0.0,-0.4376,asr_energy_refined,0.16,-0.4176,False
tts2_en_US-l2arctic-medium_spk5_pos1#gt000,tts2_en_US-l2arctic-medium_spk5_pos1,gt_whole_clip,0.0,0.9079,complete,0.0,0.48,0.5287,0.0,-0.4279,asr_energy_refined,0.14,-0.3379,False
tts2_en_US-l2arctic-medium_spk8_pos1#gt000,tts2_en_US-l2arctic-medium_spk8_pos1,gt_whole_clip,0.0,0.6685,complete,0.0,0.32,0.4787,0.0,-0.3485,asr_energy_refined,0.07,-0.2885,False
tts2_en_US-libritts_r-medium_spk0_pos0#gt000,tts2_en_US-libritts_r-medium_spk0_pos0,gt_whole_clip,0.0,0.7583,complete,0.0,0.36,0.4747,0.0,-0.3983,asr_energy_refined,0.14,-0.1383,False
tts2_en_US-libritts_r-medium_spk0_pos1#gt000,tts2_en_US-libritts_r-medium_spk0_pos1,gt_whole_clip,0.01,0.7483,complete,0.0,0.38,0.4945,-0.01,-0.3683,asr_energy_refined,0.13,-0.2783,False
tts2_en_US-libritts_r-medium_spk103_pos0#gt000,tts2_en_US-libritts_r-medium_spk103_pos0,gt_whole_clip,0.01,0.8082,complete,0.0,0.4,0.4826,-0.01,-0.4082,asr_energy_refined,0.12,-0.1282,False
tts2_en_US-libritts_r-medium_spk103_pos1#gt000,tts2_en_US-libritts_r-medium_spk103_pos1,gt_whole_clip,0.01,0.8181,complete,0.0,0.32,0.3789,-0.01,-0.4981,asr_energy_refined,0.09,-0.1481,False
tts2_en_US-libritts_r-medium_spk107_pos0#gt000,tts2_en_US-libritts_r-medium_spk107_pos0,gt_whole_clip,0.01,0.7782,complete,0.0,0.36,0.4498,-0.01,-0.4182,asr_energy_refined,0.09,-0.0982,False
tts2_en_US-libritts_r-medium_spk107_pos1#gt000,tts2_en_US-libritts_r-medium_spk107_pos1,gt_whole_clip,0.01,0.7084,fuzzy_complete,0.0,0.48,0.6635,-0.01,-0.2284,asr_energy_refined,0.04,-0.1084,False
tts2_en_US-libritts_r-medium_spk108_pos0#gt000,tts2_en_US-libritts_r-medium_spk108_pos0,gt_whole_clip,0.0,0.6785,complete,0.0,0.32,0.4716,0.0,-0.3585,asr_energy_refined,0.05,-0.2885,False
tts2_en_US-libritts_r-medium_spk113_pos0#gt000,tts2_en_US-libritts_r-medium_spk113_pos0,gt_whole_clip,0.01,0.6585,complete,0.0,0.36,0.5315,-0.01,-0.2985,asr_energy_refined,0.07,-0.0685,False
tts2_en_US-libritts_r-medium_spk113_pos1#gt000,tts2_en_US-libritts_r-medium_spk113_pos1,gt_whole_clip,0.01,0.7882,complete,0.0,0.38,0.4694,-0.01,-0.4082,asr_energy_refined,0.07,-0.0782,False
tts2_en_US-libritts_r-medium_spk122_pos0#gt000,tts2_en_US-libritts_r-medium_spk122_pos0,gt_whole_clip,0.01,1.3569,complete,0.0,0.92,0.6706,-0.01,-0.4369,asr_energy_refined,0.12,-0.1169,False
tts2_en_US-libritts_r-medium_spk127_pos1#gt000,tts2_en_US-libritts_r-medium_spk127_pos1,gt_whole_clip,0.01,0.7982,complete,0.0,0.32,0.3884,-0.01,-0.4782,asr_energy_refined,0.08,-0.1982,False
tts2_en_US-libritts_r-medium_spk131_pos0#gt000,tts2_en_US-libritts_r-medium_spk131_pos0,gt_whole_clip,0.01,0.6585,fuzzy_complete,0.0,0.42,0.6226,-0.01,-0.2385,asr_energy_refined,0.08,-0.1085,False
tts2_en_US-libritts_r-medium_spk131_pos1#gt000,tts2_en_US-libritts_r-medium_spk131_pos1,gt_whole_clip,0.01,1.1673,complete,0.0,0.78,0.6596,-0.01,-0.3873,asr_energy_refined,0.08,-0.2673,False
tts2_en_US-libritts_r-medium_spk134_pos0#gt000,tts2_en_US-libritts_r-medium_spk134_pos0,gt_whole_clip,0.01,0.6385,complete,0.0,0.3,0.4542,-0.01,-0.3385,asr_energy_refined,0.07,-0.0585,False
tts2_en_US-libritts_r-medium_spk134_pos1#gt000,tts2_en_US-libritts_r-medium_spk134_pos1,gt_whole_clip,0.01,0.8281,complete,0.0,0.4,0.471,-0.01,-0.4281,asr_energy_refined,0.08,-0.3281,False
tts2_en_US-libritts_r-medium_spk136_pos0#gt000,tts2_en_US-libritts_r-medium_spk136_pos0,gt_whole_clip,0.01,0.858,complete,0.0,0.42,0.4779,-0.01,-0.438,asr_energy_refined,0.05,-0.108,False
tts2_en_US-libritts_r-medium_spk136_pos1#gt000,tts2_en_US-libritts_r-medium_spk136_pos1,gt_whole_clip,0.01,0.8181,complete,0.0,0.48,0.5745,-0.01,-0.3381,asr_energy_refined,0.07,-0.2881,False
tts2_en_US-libritts_r-medium_spk139_pos0#gt000,tts2_en_US-libritts_r-medium_spk139_pos0,gt_whole_clip,0.01,0.8281,complete,0.0,0.42,0.4951,-0.01,-0.4081,asr_energy_refined,0.09,-0.1181,False
tts2_en_US-libritts_r-medium_spk139_pos1#gt000,tts2_en_US-libritts_r-medium_spk139_pos1,gt_whole_clip,0.01,0.6884,complete,0.0,0.28,0.3922,-0.01,-0.4084,asr_energy_refined,0.06,-0.1384,False
tts2_en_US-libritts_r-medium_spk146_pos0#gt000,tts2_en_US-libritts_r-medium_spk146_pos0,gt_whole_clip,0.01,0.5986,complete,0.0,0.32,0.5179,-0.01,-0.2786,asr_energy_refined,0.05,-0.0986,False
tts2_en_US-libritts_r-medium_spk14_pos0#gt000,tts2_en_US-libritts_r-medium_spk14_pos0,gt_whole_clip,0.01,0.9778,complete,0.0,0.4,0.3989,-0.01,-0.5778,asr_energy_refined,0.14,-0.1578,False
tts2_en_US-libritts_r-medium_spk14_pos1#gt000,tts2_en_US-libritts_r-medium_spk14_pos1,gt_whole_clip,0.01,0.6685,fuzzy_complete,0.0,0.36,0.5236,-0.01,-0.3085,asr_energy_refined,0.08,-0.1185,False
tts2_en_US-libritts_r-medium_spk150_pos0#gt000,tts2_en_US-libritts_r-medium_spk150_pos0,gt_whole_clip,0.01,1.2372,complete,0.0,0.56,0.4446,-0.01,-0.6772,asr_energy_refined,0.07,-0.4872,False
tts2_en_US-libritts_r-medium_spk150_pos1#gt000,tts2_en_US-libritts_r-medium_spk150_pos1,gt_whole_clip,0.01,0.8281,complete,0.0,0.38,0.4468,-0.01,-0.4481,asr_energy_refined,0.09,-0.1381,False
tts2_en_US-libritts_r-medium_spk154_pos0#gt000,tts2_en_US-libritts_r-medium_spk154_pos0,gt_whole_clip,0.01,0.8082,complete,0.0,0.4,0.4826,-0.01,-0.4082,asr_energy_refined,0.1,-0.1082,False
tts2_en_US-libritts_r-medium_spk154_pos1#gt000,tts2_en_US-libritts_r-medium_spk154_pos1,gt_whole_clip,0.01,0.6785,complete,0.0,0.32,0.4569,-0.01,-0.3585,asr_energy_refined,0.1,-0.0585,False
tts2_en_US-libritts_r-medium_spk159_pos0#gt000,tts2_en_US-libritts_r-medium_spk159_pos0,gt_whole_clip,0.01,0.5687,complete,0.0,0.3,0.5099,-0.01,-0.2687,asr_energy_refined,0.09,-0.0787,False
tts2_en_US-libritts_r-medium_spk159_pos1#gt000,tts2_en_US-libritts_r-medium_spk159_pos1,gt_whole_clip,0.01,0.6086,complete,0.0,0.34,0.5422,-0.01,-0.2686,asr_energy_refined,0.07,-0.0986,False
tts2_en_US-libritts_r-medium_spk165_pos0#gt000,tts2_en_US-libritts_r-medium_spk165_pos0,gt_whole_clip,0.0,0.868,complete,0.0,0.46,0.53,0.0,-0.408,asr_energy_refined,0.08,-0.148,False
tts2_en_US-libritts_r-medium_spk175_pos0#gt000,tts2_en_US-libritts_r-medium_spk175_pos0,gt_whole_clip,0.01,0.8281,complete,0.0,0.36,0.4227,-0.01,-0.4681,asr_energy_refined,0.05,-0.1281,False
tts2_en_US-libritts_r-medium_spk175_pos1#gt000,tts2_en_US-libritts_r-medium_spk175_pos1,gt_whole_clip,0.01,0.9279,complete,0.0,0.46,0.485,-0.01,-0.4679,asr_energy_refined,0.06,-0.1379,False
tts2_en_US-libritts_r-medium_spk17_pos0#gt000,tts2_en_US-libritts_r-medium_spk17_pos0,gt_whole_clip,0.01,1.0077,complete,0.0,0.54,0.526,-0.01,-0.4677,asr_energy_refined,0.09,-0.3877,False
tts2_en_US-libritts_r-medium_spk17_pos1#gt000,tts2_en_US-libritts_r-medium_spk17_pos1,gt_whole_clip,0.01,0.8381,complete,0.0,0.44,0.5131,-0.01,-0.3981,asr_energy_refined,0.05,-0.1381,False
tts2_en_US-libritts_r-medium_spk180_pos0#gt000,tts2_en_US-libritts_r-medium_spk180_pos0,gt_whole_clip,0.01,0.7283,complete,0.0,0.34,0.4531,-0.01,-0.3883,asr_energy_refined,0.06,-0.1783,False
tts2_en_US-libritts_r-medium_spk181_pos0#gt000,tts2_en_US-libritts_r-medium_spk181_pos0,gt_whole_clip,0.01,0.6485,fuzzy_complete,0.0,0.28,0.4163,-0.01,-0.3685,asr_energy_refined,0.07,-0.0885,False
tts2_en_US-libritts_r-medium_spk181_pos1#gt000,tts2_en_US-libritts_r-medium_spk181_pos1,gt_whole_clip,0.01,1.0077,complete,0.0,0.62,0.6053,-0.01,-0.3877,asr_energy_refined,0.05,-0.1677,False
tts2_en_US-libritts_r-medium_spk184_pos1#gt000,tts2_en_US-libritts_r-medium_spk184_pos1,gt_whole_clip,0.01,0.878,complete,0.0,0.42,0.467,-0.01,-0.458,asr_energy_refined,0.09,-0.088,False
tts2_en_US-libritts_r-medium_spk191_pos0#gt000,tts2_en_US-libritts_r-medium_spk191_pos0,gt_whole_clip,0.0,0.6086,fuzzy_complete,0.0,0.38,0.6244,0.0,-0.2286,asr_energy_refined,0.06,-0.1386,False
tts2_en_US-libritts_r-medium_spk192_pos0#gt000,tts2_en_US-libritts_r-medium_spk192_pos0,gt_whole_clip,0.01,0.888,complete,0.0,0.44,0.4842,-0.01,-0.448,asr_energy_refined,0.12,-0.098,False
tts2_en_US-libritts_r-medium_spk193_pos0#gt000,tts2_en_US-libritts_r-medium_spk193_pos0,gt_whole_clip,0.01,0.8181,complete,0.0,0.38,0.4523,-0.01,-0.4381,asr_energy_refined,0.08,-0.1181,False
tts2_en_US-libritts_r-medium_spk193_pos1#gt000,tts2_en_US-libritts_r-medium_spk193_pos1,gt_whole_clip,0.01,0.858,complete,0.0,0.46,0.5245,-0.01,-0.398,asr_energy_refined,0.07,-0.128,False
tts2_en_US-libritts_r-medium_spk194_pos0#gt000,tts2_en_US-libritts_r-medium_spk194_pos0,gt_whole_clip,0.01,0.6685,complete,0.0,0.38,0.5535,-0.01,-0.2885,asr_energy_refined,0.08,-0.0085,False
tts2_en_US-libritts_r-medium_spk194_pos1#gt000,tts2_en_US-libritts_r-medium_spk194_pos1,gt_whole_clip,0.01,0.7184,complete,0.0,0.34,0.4594,-0.01,-0.3784,asr_energy_refined,0.08,-0.0884,False
tts2_en_US-libritts_r-medium_spk195_pos0#gt000,tts2_en_US-libritts_r-medium_spk195_pos0,gt_whole_clip,0.01,0.8181,complete,0.0,0.42,0.5012,-0.01,-0.3981,asr_energy_refined,0.12,-0.1681,False
tts2_en_US-libritts_r-medium_spk195_pos1#gt000,tts2_en_US-libritts_r-medium_spk195_pos1,gt_whole_clip,0.01,0.7882,complete,0.0,0.32,0.3933,-0.01,-0.4682,asr_energy_refined,0.05,-0.1782,False
tts2_en_US-libritts_r-medium_spk199_pos0#gt000,tts2_en_US-libritts_r-medium_spk199_pos0,gt_whole_clip,0.01,0.6485,complete,0.0,0.32,0.478,-0.01,-0.3285,asr_energy_refined,0.07,-0.2185,False
tts2_en_US-libritts_r-medium_spk199_pos1#gt000,tts2_en_US-libritts_r-medium_spk199_pos1,gt_whole_clip,0.01,0.6086,none,,,0.0,,,,,,False
tts2_en_US-libritts_r-medium_spk1_pos0#gt000,tts2_en_US-libritts_r-medium_spk1_pos0,gt_whole_clip,0.01,0.8281,complete,0.0,0.36,0.4227,-0.01,-0.4681,asr_energy_refined,0.12,-0.1181,False
tts2_en_US-libritts_r-medium_spk1_pos1#gt000,tts2_en_US-libritts_r-medium_spk1_pos1,gt_whole_clip,0.01,0.6785,complete,0.0,0.28,0.3979,-0.01,-0.3985,asr_energy_refined,0.07,-0.1285,False
tts2_en_US-libritts_r-medium_spk201_pos0#gt000,tts2_en_US-libritts_r-medium_spk201_pos0,gt_whole_clip,0.01,0.7882,complete,0.0,0.32,0.3933,-0.01,-0.4682,asr_energy_refined,0.08,-0.1882,False
tts2_en_US-libritts_r-medium_spk201_pos1#gt000,tts2_en_US-libritts_r-medium_spk201_pos1,gt_whole_clip,0.01,0.6685,fuzzy_complete,0.0,0.44,0.6432,-0.01,-0.2285,asr_energy_refined,0.08,-0.1285,False
tts2_en_US-libritts_r-medium_spk202_pos0#gt000,tts2_en_US-libritts_r-medium_spk202_pos0,gt_whole_clip,0.02,0.9578,complete,0.0,0.5,0.5011,-0.02,-0.4578,asr_energy_refined,0.12,-0.0578,False
tts2_en_US-libritts_r-medium_spk202_pos1#gt000,tts2_en_US-libritts_r-medium_spk202_pos1,gt_whole_clip,0.01,0.878,complete,0.0,0.44,0.4897,-0.01,-0.438,asr_energy_refined,0.12,-0.158,False
tts2_en_US-libritts_r-medium_spk205_pos0#gt000,tts2_en_US-libritts_r-medium_spk205_pos0,gt_whole_clip,0.01,0.7882,complete,0.0,0.36,0.444,-0.01,-0.4282,asr_energy_refined,0.05,-0.0882,False
tts2_en_US-libritts_r-medium_spk205_pos1#gt000,tts2_en_US-libritts_r-medium_spk205_pos1,gt_whole_clip,0.01,1.4966,complete,0.0,0.96,0.6348,-0.01,-0.5366,asr_energy_refined,0.05,-0.1866,False
tts2_en_US-libritts_r-medium_spk20_pos0#gt000,tts2_en_US-libritts_r-medium_spk20_pos0,gt_whole_clip,0.01,1.0776,complete,0.0,0.4,0.3619,-0.01,-0.6776,asr_energy_refined,0.09,-0.2676,False
tts2_en_US-libritts_r-medium_spk20_pos1#gt000,tts2_en_US-libritts_r-medium_spk20_pos1,gt_whole_clip,0.01,0.9778,complete,0.0,0.38,0.3784,-0.01,-0.5978,asr_energy_refined,0.1,-0.4878,False
tts2_en_US-libritts_r-medium_spk211_pos1#gt000,tts2_en_US-libritts_r-medium_spk211_pos1,gt_whole_clip,0.01,0.8281,complete,0.0,0.4,0.471,-0.01,-0.4281,asr_energy_refined,0.08,-0.1081,False
tts2_en_US-libritts_r-medium_spk212_pos0#gt000,tts2_en_US-libritts_r-medium_spk212_pos0,gt_whole_clip,0.01,0.898,complete,0.0,0.44,0.4788,-0.01,-0.458,asr_energy_refined,0.08,-0.268,False
tts2_en_US-libritts_r-medium_spk212_pos1#gt000,tts2_en_US-libritts_r-medium_spk212_pos1,gt_whole_clip,0.01,0.9478,complete,0.0,0.52,0.5381,-0.01,-0.4278,asr_energy_refined,0.11,-0.3178,False
tts2_en_US-libritts_r-medium_spk220_pos0#gt000,tts2_en_US-libritts_r-medium_spk220_pos0,gt_whole_clip,0.01,0.8181,complete,0.0,0.4,0.4767,-0.01,-0.4181,asr_energy_refined,0.11,-0.3381,False
tts2_en_US-libritts_r-medium_spk220_pos1#gt000,tts2_en_US-libritts_r-medium_spk220_pos1,gt_whole_clip,0.01,0.8181,complete,0.0,0.38,0.4523,-0.01,-0.4381,asr_energy_refined,0.11,-0.1181,False
tts2_en_US-libritts_r-medium_spk221_pos0#gt000,tts2_en_US-libritts_r-medium_spk221_pos0,gt_whole_clip,0.01,0.8082,complete,0.0,0.44,0.532,-0.01,-0.3682,asr_energy_refined,0.11,-0.0782,False
tts2_en_US-libritts_r-medium_spk221_pos1#gt000,tts2_en_US-libritts_r-medium_spk221_pos1,gt_whole_clip,0.01,0.8481,complete,0.0,0.42,0.4834,-0.01,-0.4281,asr_energy_refined,0.09,-0.1481,False
tts2_en_US-libritts_r-medium_spk223_pos0#gt000,tts2_en_US-libritts_r-medium_spk223_pos0,gt_whole_clip,0.01,1.2871,complete,0.0,0.8,0.6138,-0.01,-0.4871,asr_energy_refined,0.09,-0.1471,False
tts2_en_US-libritts_r-medium_spk223_pos1#gt000,tts2_en_US-libritts_r-medium_spk223_pos1,gt_whole_clip,0.01,1.0277,complete,0.0,0.72,0.6909,-0.01,-0.3077,asr_energy_refined,0.1,-0.1277,False
tts2_en_US-libritts_r-medium_spk225_pos0#gt000,tts2_en_US-libritts_r-medium_spk225_pos0,gt_whole_clip,0.01,0.6186,complete,0.0,0.28,0.4365,-0.01,-0.3386,asr_energy_refined,0.07,-0.0886,False
tts2_en_US-libritts_r-medium_spk225_pos1#gt000,tts2_en_US-libritts_r-medium_spk225_pos1,gt_whole_clip,0.01,0.7483,complete,0.0,0.38,0.4945,-0.01,-0.3683,asr_energy_refined,0.07,-0.1183,False
tts2_en_US-libritts_r-medium_spk226_pos0#gt000,tts2_en_US-libritts_r-medium_spk226_pos0,gt_whole_clip,0.01,0.6984,complete,0.0,0.36,0.5011,-0.01,-0.3384,asr_energy_refined,0.08,-0.2484,False
tts2_en_US-libritts_r-medium_spk226_pos1#gt000,tts2_en_US-libritts_r-medium_spk226_pos1,gt_whole_clip,0.01,0.7982,complete,0.0,0.38,0.4635,-0.01,-0.4182,asr_energy_refined,0.11,-0.3182,False
tts2_en_US-libritts_r-medium_spk229_pos0#gt000,tts2_en_US-libritts_r-medium_spk229_pos0,gt_whole_clip,0.01,1.4168,complete,0.0,0.9,0.6282,-0.01,-0.5168,asr_energy_refined,0.13,-0.4168,False
tts2_en_US-libritts_r-medium_spk229_pos1#gt000,tts2_en_US-libritts_r-medium_spk229_pos1,gt_whole_clip,0.01,0.7583,complete,0.0,0.34,0.4352,-0.01,-0.4183,asr_energy_refined,0.07,-0.1883,False
tts2_en_US-libritts_r-medium_spk233_pos1#gt000,tts2_en_US-libritts_r-medium_spk233_pos1,gt_whole_clip,0.01,0.7184,complete,0.0,0.36,0.4872,-0.01,-0.3584,asr_energy_refined,0.07,-0.1084,False
tts2_en_US-libritts_r-medium_spk235_pos0#gt000,tts2_en_US-libritts_r-medium_spk235_pos0,gt_whole_clip,0.01,0.7683,complete,0.0,0.38,0.4816,-0.01,-0.3883,asr_energy_refined,0.09,-0.0983,False
tts2_en_US-libritts_r-medium_spk235_pos1#gt000,tts2_en_US-libritts_r-medium_spk235_pos1,gt_whole_clip,0.01,0.8181,complete,0.0,0.44,0.5256,-0.01,-0.3781,asr_energy_refined,0.08,-0.2881,False
tts2_en_US-libritts_r-medium_spk236_pos1#gt000,tts2_en_US-libritts_r-medium_spk236_pos1,gt_whole_clip,0.01,0.8181,complete,0.0,0.36,0.4278,-0.01,-0.4581,asr_energy_refined,0.06,-0.1581,False
tts2_en_US-libritts_r-medium_spk240_pos0#gt000,tts2_en_US-libritts_r-medium_spk240_pos0,gt_whole_clip,0.01,1.0177,complete,0.0,0.52,0.5011,-0.01,-0.4977,asr_energy_refined,0.12,-0.1577,False
tts2_en_US-libritts_r-medium_spk240_pos1#gt000,tts2_en_US-libritts_r-medium_spk240_pos1,gt_whole_clip,0.01,0.6785,complete,0.0,0.3,0.4274,-0.01,-0.3785,asr_energy_refined,0.08,-0.0885,False
tts2_en_US-libritts_r-medium_spk242_pos1#gt000,tts2_en_US-libritts_r-medium_spk242_pos1,gt_whole_clip,0.01,0.7782,complete,0.0,0.38,0.4755,-0.01,-0.3982,asr_energy_refined,0.06,-0.3082,False
tts2_en_US-libritts_r-medium_spk244_pos0#gt000,tts2_en_US-libritts_r-medium_spk244_pos0,gt_whole_clip,0.01,0.7982,complete,0.0,0.36,0.4385,-0.01,-0.4382,asr_energy_refined,0.1,-0.3282,False
tts2_en_US-libritts_r-medium_spk248_pos0#gt000,tts2_en_US-libritts_r-medium_spk248_pos0,gt_whole_clip,0.01,0.9778,fuzzy_complete,0.0,0.62,0.6238,-0.01,-0.3578,asr_energy_refined,0.11,-0.1278,False
tts2_en_US-libritts_r-medium_spk248_pos1#gt000,tts2_en_US-libritts_r-medium_spk248_pos1,gt_whole_clip,0.01,0.6685,complete,0.0,0.34,0.4936,-0.01,-0.3285,asr_energy_refined,0.07,-0.0585,False
tts2_en_US-libritts_r-medium_spk250_pos0#gt000,tts2_en_US-libritts_r-medium_spk250_pos0,gt_whole_clip,0.01,0.7683,complete,0.0,0.34,0.4295,-0.01,-0.4283,asr_energy_refined,0.08,-0.1083,False
tts2_en_US-libritts_r-medium_spk250_pos1#gt000,tts2_en_US-libritts_r-medium_spk250_pos1,gt_whole_clip,0.01,0.868,complete,0.0,0.38,0.4263,-0.01,-0.488,asr_energy_refined,0.08,-0.158,False
tts2_en_US-libritts_r-medium_spk253_pos0#gt000,tts2_en_US-libritts_r-medium_spk253_pos0,gt_whole_clip,0.01,0.9678,complete,0.0,0.44,0.4443,-0.01,-0.5278,asr_energy_refined,0.1,-0.1678,False
tts2_en_US-libritts_r-medium_spk253_pos1#gt000,tts2_en_US-libritts_r-medium_spk253_pos1,gt_whole_clip,0.01,0.7683,complete,0.0,0.42,0.5336,-0.01,-0.3483,asr_energy_refined,0.06,-0.1383,False
tts2_en_US-libritts_r-medium_spk261_pos0#gt000,tts2_en_US-libritts_r-medium_spk261_pos0,gt_whole_clip,0.01,0.7283,complete,0.0,0.3,0.3982,-0.01,-0.4283,asr_energy_refined,0.06,-0.1683,False
tts2_en_US-libritts_r-medium_spk261_pos1#gt000,tts2_en_US-libritts_r-medium_spk261_pos1,gt_whole_clip,0.01,0.7982,complete,0.0,0.34,0.4134,-0.01,-0.4582,asr_energy_refined,0.05,-0.1582,False
tts2_en_US-libritts_r-medium_spk266_pos1#gt000,tts2_en_US-libritts_r-medium_spk266_pos1,gt_whole_clip,0.0599,0.9079,complete,0.0,0.38,0.3526,-0.0599,-0.5279,asr_energy_refined,0.0201,-0.1279,False
tts2_en_US-libritts_r-medium_spk267_pos0#gt000,tts2_en_US-libritts_r-medium_spk267_pos0,gt_whole_clip,0.01,0.7483,complete,0.0,0.34,0.441,-0.01,-0.4083,asr_energy_refined,0.07,-0.1483,False
tts2_en_US-libritts_r-medium_spk267_pos1#gt000,tts2_en_US-libritts_r-medium_spk267_pos1,gt_whole_clip,0.02,0.888,complete,0.0,0.44,0.473,-0.02,-0.448,asr_energy_refined,0.08,-0.198,False
tts2_en_US-libritts_r-medium_spk273_pos1#gt000,tts2_en_US-libritts_r-medium_spk273_pos1,gt_whole_clip,0.01,0.7084,complete,0.0,0.36,0.4941,-0.01,-0.3484,asr_energy_refined,0.11,-0.0784,False
tts2_en_US-libritts_r-medium_spk279_pos0#gt000,tts2_en_US-libritts_r-medium_spk279_pos0,gt_whole_clip,0.01,0.8281,complete,0.0,0.34,0.3985,-0.01,-0.4881,asr_energy_refined,0.09,-0.1781,False
tts2_en_US-libritts_r-medium_spk279_pos1#gt000,tts2_en_US-libritts_r-medium_spk279_pos1,gt_whole_clip,0.01,0.6086,complete,0.0,0.26,0.4108,-0.01,-0.3486,asr_energy_refined,0.07,-0.0886,False
tts2_en_US-libritts_r-medium_spk285_pos0#gt000,tts2_en_US-libritts_r-medium_spk285_pos0,gt_whole_clip,0.01,0.7683,complete,0.0,0.44,0.5597,-0.01,-0.3283,asr_energy_refined,0.08,-0.0883,False
tts2_en_US-libritts_r-medium_spk286_pos0#gt000,tts2_en_US-libritts_r-medium_spk286_pos0,gt_whole_clip,0.01,1.0376,complete,0.0,0.54,0.5108,-0.01,-0.4976,asr_energy_refined,0.08,-0.3976,False
tts2_en_US-libritts_r-medium_spk28_pos0#gt000,tts2_en_US-libritts_r-medium_spk28_pos0,gt_whole_clip,0.01,0.5388,complete,0.0,0.24,0.4269,-0.01,-0.2988,asr_energy_refined,0.04,-0.1388,False
tts2_en_US-libritts_r-medium_spk28_pos1#gt000,tts2_en_US-libritts_r-medium_spk28_pos1,gt_whole_clip,0.01,0.5887,complete,0.0,0.26,0.4247,-0.01,-0.3287,asr_energy_refined,0.06,-0.1187,False
tts2_en_US-libritts_r-medium_spk290_pos0#gt000,tts2_en_US-libritts_r-medium_spk290_pos0,gt_whole_clip,0.0,1.0077,complete,0.0,0.52,0.516,0.0,-0.4877,asr_energy_refined,0.12,-0.3977,False
tts2_en_US-libritts_r-medium_spk290_pos1#gt000,tts2_en_US-libritts_r-medium_spk290_pos1,gt_whole_clip,0.01,0.6884,complete,0.0,0.36,0.5084,-0.01,-0.3284,asr_energy_refined,0.09,-0.1484,False
tts2_en_US-libritts_r-medium_spk293_pos0#gt000,tts2_en_US-libritts_r-medium_spk293_pos0,gt_whole_clip,0.01,0.8181,complete,0.0,0.38,0.4523,-0.01,-0.4381,asr_energy_refined,0.09,-0.1181,False
tts2_en_US-libritts_r-medium_spk293_pos1#gt000,tts2_en_US-libritts_r-medium_spk293_pos1,gt_whole_clip,0.01,0.7383,complete,0.0,0.36,0.4741,-0.01,-0.3783,asr_energy_refined,0.06,-0.3083,False
tts2_en_US-libritts_r-medium_spk29_pos0#gt000,tts2_en_US-libritts_r-medium_spk29_pos0,gt_whole_clip,0.01,0.6785,fuzzy_complete,0.0,0.48,0.6927,-0.01,-0.1985,asr_energy_refined,0.07,-0.1185,False
tts2_en_US-libritts_r-medium_spk29_pos1#gt000,tts2_en_US-libritts_r-medium_spk29_pos1,gt_whole_clip,0.01,0.6785,fuzzy_complete,0.0,0.44,0.6338,-0.01,-0.2385,asr_energy_refined,0.05,-0.0685,False
tts2_en_US-libritts_r-medium_spk302_pos0#gt000,tts2_en_US-libritts_r-medium_spk302_pos0,gt_whole_clip,0.01,0.6984,complete,0.0,0.32,0.4439,-0.01,-0.3784,asr_energy_refined,0.07,-0.1084,False
tts2_en_US-libritts_r-medium_spk302_pos1#gt000,tts2_en_US-libritts_r-medium_spk302_pos1,gt_whole_clip,0.01,0.5687,complete,0.0,0.3,0.5099,-0.01,-0.2687,asr_energy_refined,0.05,-0.2087,False
tts2_en_US-libritts_r-medium_spk30_pos0#gt000,tts2_en_US-libritts_r-medium_spk30_pos0,gt_whole_clip,0.01,0.7383,complete,0.0,0.36,0.4741,-0.01,-0.3783,asr_energy_refined,0.09,-0.0983,False
tts2_en_US-libritts_r-medium_spk30_pos1#gt000,tts2_en_US-libritts_r-medium_spk30_pos1,gt_whole_clip,0.01,0.7184,complete,0.0,0.26,0.348,-0.01,-0.4584,asr_energy_refined,0.05,-0.1784,False
tts2_en_US-libritts_r-medium_spk314_pos0#gt000,tts2_en_US-libritts_r-medium_spk314_pos0,gt_whole_clip,0.0499,0.7683,complete,0.0,0.34,0.3776,-0.0499,-0.4283,asr_energy_refined,0.0701,-0.1483,False
tts2_en_US-libritts_r-medium_spk314_pos1#gt000,tts2_en_US-libritts_r-medium_spk314_pos1,gt_whole_clip,0.0399,0.878,complete,0.0,0.46,0.4785,-0.0399,-0.418,asr_energy_refined,0.0701,-0.148,False
tts2_en_US-libritts_r-medium_spk319_pos0#gt000,tts2_en_US-libritts_r-medium_spk319_pos0,gt_whole_clip,0.01,1.0776,complete,0.0,0.46,0.4176,-0.01,-0.6176,asr_energy_refined,0.16,-0.2376,False
tts2_en_US-libritts_r-medium_spk321_pos0#gt000,tts2_en_US-libritts_r-medium_spk321_pos0,gt_whole_clip,0.01,1.0676,complete,0.0,0.48,0.4402,-0.01,-0.5876,asr_energy_refined,0.1,-0.3576,False
tts2_en_US-libritts_r-medium_spk321_pos1#gt000,tts2_en_US-libritts_r-medium_spk321_pos1,gt_whole_clip,0.01,0.7882,complete,0.0,0.36,0.444,-0.01,-0.4282,asr_energy_refined,0.07,-0.1582,False
tts2_en_US-libritts_r-medium_spk322_pos0#gt000,tts2_en_US-libritts_r-medium_spk322_pos0,gt_whole_clip,0.01,0.6485,fuzzy_complete,0.0,0.34,0.5089,-0.01,-0.3085,asr_energy_refined,0.09,-0.0985,False
tts2_en_US-libritts_r-medium_spk323_pos0#gt000,tts2_en_US-libritts_r-medium_spk323_pos0,gt_whole_clip,0.01,0.6485,complete,0.0,0.32,0.478,-0.01,-0.3285,asr_energy_refined,0.08,-0.0685,False
tts2_en_US-libritts_r-medium_spk323_pos1#gt000,tts2_en_US-libritts_r-medium_spk323_pos1,gt_whole_clip,0.01,0.878,complete,0.0,0.36,0.3986,-0.01,-0.518,asr_energy_refined,0.1,-0.168,False
tts2_en_US-libritts_r-medium_spk324_pos0#gt000,tts2_en_US-libritts_r-medium_spk324_pos0,gt_whole_clip,0.01,0.6086,complete,0.0,0.28,0.4436,-0.01,-0.3286,asr_energy_refined,0.07,-0.0786,False
tts2_en_US-libritts_r-medium_spk324_pos1#gt000,tts2_en_US-libritts_r-medium_spk324_pos1,gt_whole_clip,0.01,0.6685,complete,0.0,0.3,0.4338,-0.01,-0.3685,asr_energy_refined,0.09,-0.0985,False
tts2_en_US-libritts_r-medium_spk334_pos0#gt000,tts2_en_US-libritts_r-medium_spk334_pos0,gt_whole_clip,0.01,1.756,complete,0.0,1.26,0.7118,-0.01,-0.496,asr_energy_refined,0.07,-0.046,False
tts2_en_US-libritts_r-medium_spk334_pos1#gt000,tts2_en_US-libritts_r-medium_spk334_pos1,gt_whole_clip,0.01,0.6785,complete,0.0,0.36,0.5158,-0.01,-0.3185,asr_energy_refined,0.08,-0.0785,False
tts2_en_US-libritts_r-medium_spk336_pos0#gt000,tts2_en_US-libritts_r-medium_spk336_pos0,gt_whole_clip,0.01,0.8381,complete,0.0,0.4,0.4653,-0.01,-0.4381,asr_energy_refined,0.07,-0.1981,False
tts2_en_US-libritts_r-medium_spk336_pos1#gt000,tts2_en_US-libritts_r-medium_spk336_pos1,gt_whole_clip,0.01,0.9279,complete,0.0,0.46,0.485,-0.01,-0.4679,asr_energy_refined,0.08,-0.1879,False
tts2_en_US-libritts_r-medium_spk337_pos1#gt000,tts2_en_US-libritts_r-medium_spk337_pos1,gt_whole_clip,0.01,0.7982,complete,0.0,0.42,0.5137,-0.01,-0.3782,asr_energy_refined,0.11,-0.2582,False
tts2_en_US-libritts_r-medium_spk344_pos0#gt000,tts2_en_US-libritts_r-medium_spk344_pos0,gt_whole_clip,0.01,0.858,complete,0.0,0.4,0.4545,-0.01,-0.458,asr_energy_refined,0.06,-0.198,False
tts2_en_US-libritts_r-medium_spk344_pos1#gt000,tts2_en_US-libritts_r-medium_spk344_pos1,gt_whole_clip,0.01,0.8381,complete,0.0,0.36,0.4176,-0.01,-0.4781,asr_energy_refined,0.06,-0.1581,False
tts2_en_US-libritts_r-medium_spk348_pos0#gt000,tts2_en_US-libritts_r-medium_spk348_pos0,gt_whole_clip,0.01,0.8281,complete,0.0,0.4,0.471,-0.01,-0.4281,asr_energy_refined,0.06,-0.1481,False
tts2_en_US-libritts_r-medium_spk348_pos1#gt000,tts2_en_US-libritts_r-medium_spk348_pos1,gt_whole_clip,0.01,0.7283,complete,0.0,0.3,0.3982,-0.01,-0.4283,asr_energy_refined,0.05,-0.1783,False
tts2_en_US-libritts_r-medium_spk34_pos0#gt000,tts2_en_US-libritts_r-medium_spk34_pos0,gt_whole_clip,0.01,0.6984,fuzzy_complete,0.0,0.26,0.358,-0.01,-0.4384,asr_energy_refined,0.06,-0.1184,False
tts2_en_US-libritts_r-medium_spk34_pos1#gt000,tts2_en_US-libritts_r-medium_spk34_pos1,gt_whole_clip,0.01,0.6286,complete,0.0,0.32,0.4932,-0.01,-0.3086,asr_energy_refined,0.08,-0.1186,False
tts2_en_US-libritts_r-medium_spk354_pos0#gt000,tts2_en_US-libritts_r-medium_spk354_pos0,gt_whole_clip,0.01,0.888,complete,0.0,0.46,0.5068,-0.01,-0.428,asr_energy_refined,0.09,-0.068,False
tts2_en_US-libritts_r-medium_spk354_pos1#gt000,tts2_en_US-libritts_r-medium_spk354_pos1,gt_whole_clip,0.01,0.9179,complete,0.0,0.46,0.4902,-0.01,-0.4579,asr_energy_refined,0.11,-0.1779,False
tts2_en_US-libritts_r-medium_spk355_pos0#gt000,tts2_en_US-libritts_r-medium_spk355_pos0,gt_whole_clip,0.01,0.7383,complete,0.0,0.36,0.4741,-0.01,-0.3783,asr_energy_refined,0.09,-0.1483,False
tts2_en_US-libritts_r-medium_spk355_pos1#gt000,tts2_en_US-libritts_r-medium_spk355_pos1,gt_whole_clip,0.01,0.6385,complete,0.0,0.3,0.4542,-0.01,-0.3385,asr_energy_refined,0.1,-0.1085,False
tts2_en_US-libritts_r-medium_spk357_pos0#gt000,tts2_en_US-libritts_r-medium_spk357_pos0,gt_whole_clip,0.01,1.4068,complete,0.0,0.98,0.6895,-0.01,-0.4268,asr_energy_refined,0.13,-0.0868,False
tts2_en_US-libritts_r-medium_spk357_pos1#gt000,tts2_en_US-libritts_r-medium_spk357_pos1,gt_whole_clip,0.01,0.6385,complete,0.0,0.32,0.4855,-0.01,-0.3185,asr_energy_refined,0.1,-0.0885,False
tts2_en_US-libritts_r-medium_spk361_pos1#gt000,tts2_en_US-libritts_r-medium_spk361_pos1,gt_whole_clip,0.01,0.6186,fuzzy_complete,0.0,0.36,0.5658,-0.01,-0.2586,asr_energy_refined,0.06,-0.0986,False
tts2_en_US-libritts_r-medium_spk364_pos0#gt000,tts2_en_US-libritts_r-medium_spk364_pos0,gt_whole_clip,0.01,0.7184,complete,0.0,0.28,0.3758,-0.01,-0.4384,asr_energy_refined,0.06,-0.0684,False
tts2_en_US-libritts_r-medium_spk373_pos0#gt000,tts2_en_US-libritts_r-medium_spk373_pos0,gt_whole_clip,0.01,0.858,complete,0.0,0.4,0.4545,-0.01,-0.458,asr_energy_refined,0.07,-0.278,False
tts2_en_US-libritts_r-medium_spk373_pos1#gt000,tts2_en_US-libritts_r-medium_spk373_pos1,gt_whole_clip,0.01,0.8181,complete,0.0,0.38,0.4523,-0.01,-0.4381,asr_energy_refined,0.06,-0.1281,False
tts2_en_US-libritts_r-medium_spk375_pos0#gt000,tts2_en_US-libritts_r-medium_spk375_pos0,gt_whole_clip,0.01,0.858,complete,0.0,0.38,0.4312,-0.01,-0.478,asr_energy_refined,0.09,-0.368,False
tts2_en_US-libritts_r-medium_spk375_pos1#gt000,tts2_en_US-libritts_r-medium_spk375_pos1,gt_whole_clip,0.01,0.8381,complete,0.0,0.42,0.4892,-0.01,-0.4181,asr_energy_refined,0.12,-0.1381,False
tts2_en_US-libritts_r-medium_spk377_pos1#gt000,tts2_en_US-libritts_r-medium_spk377_pos1,gt_whole_clip,0.01,1.0676,complete,0.0,0.58,0.5339,-0.01,-0.4876,asr_energy_refined,0.14,-0.2276,False
tts2_en_US-libritts_r-medium_spk390_pos0#gt000,tts2_en_US-libritts_r-medium_spk390_pos0,gt_whole_clip,0.01,0.9678,complete,0.0,0.46,0.465,-0.01,-0.5078,asr_energy_refined,0.07,-0.1278,False
tts2_en_US-libritts_r-medium_spk390_pos1#gt000,tts2_en_US-libritts_r-medium_spk390_pos1,gt_whole_clip,0.01,0.8381,complete,0.0,0.44,0.5131,-0.01,-0.3981,asr_energy_refined,0.08,-0.0581,False
tts2_en_US-libritts_r-medium_spk391_pos0#gt000,tts2_en_US-libritts_r-medium_spk391_pos0,gt_whole_clip,0.01,0.6884,complete,0.0,0.3,0.4213,-0.01,-0.3884,asr_energy_refined,0.04,-0.3084,False
tts2_en_US-libritts_r-medium_spk391_pos1#gt000,tts2_en_US-libritts_r-medium_spk391_pos1,gt_whole_clip,0.01,0.5986,complete,0.0,0.32,0.5179,-0.01,-0.2786,asr_energy_refined,0.1,-0.0886,False
tts2_en_US-libritts_r-medium_spk401_pos0#gt000,tts2_en_US-libritts_r-medium_spk401_pos0,gt_whole_clip,0.01,1.0476,fuzzy_complete,0.0,0.8,0.7541,-0.01,-0.2476,asr_energy_refined,0.13,-0.2276,False
tts2_en_US-libritts_r-medium_spk401_pos1#gt000,tts2_en_US-libritts_r-medium_spk401_pos1,gt_whole_clip,0.01,0.8381,complete,0.0,0.44,0.5131,-0.01,-0.3981,asr_energy_refined,0.04,-0.1181,False
tts2_en_US-libritts_r-medium_spk405_pos0#gt000,tts2_en_US-libritts_r-medium_spk405_pos0,gt_whole_clip,0.01,0.9478,complete,0.0,0.54,0.5592,-0.01,-0.4078,asr_energy_refined,0.08,-0.3178,False
tts2_en_US-libritts_r-medium_spk405_pos1#gt000,tts2_en_US-libritts_r-medium_spk405_pos1,gt_whole_clip,0.01,0.5787,complete,0.0,0.32,0.5357,-0.01,-0.2587,asr_energy_refined,0.06,-0.1487,False
tts2_en_US-libritts_r-medium_spk406_pos0#gt000,tts2_en_US-libritts_r-medium_spk406_pos0,gt_whole_clip,0.01,0.6685,complete,0.0,0.32,0.4637,-0.01,-0.3485,asr_energy_refined,0.1,-0.1085,False
tts2_en_US-libritts_r-medium_spk406_pos1#gt000,tts2_en_US-libritts_r-medium_spk406_pos1,gt_whole_clip,0.01,0.7084,complete,0.0,0.34,0.4658,-0.01,-0.3684,asr_energy_refined,0.07,-0.1884,False
tts2_en_US-libritts_r-medium_spk409_pos0#gt000,tts2_en_US-libritts_r-medium_spk409_pos0,gt_whole_clip,0.0,0.7383,complete,0.0,0.3,0.4063,0.0,-0.4383,asr_energy_refined,0.06,-0.1583,False
tts2_en_US-libritts_r-medium_spk409_pos1#gt000,tts2_en_US-libritts_r-medium_spk409_pos1,gt_whole_clip,0.01,0.7383,complete,0.0,0.34,0.447,-0.01,-0.3983,asr_energy_refined,0.07,-0.0883,False
tts2_en_US-libritts_r-medium_spk413_pos0#gt000,tts2_en_US-libritts_r-medium_spk413_pos0,gt_whole_clip,0.01,0.888,complete,0.0,0.44,0.4842,-0.01,-0.448,asr_energy_refined,0.07,-0.318,False
tts2_en_US-libritts_r-medium_spk413_pos1#gt000,tts2_en_US-libritts_r-medium_spk413_pos1,gt_whole_clip,0.01,0.898,complete,0.0,0.46,0.5011,-0.01,-0.438,asr_energy_refined,0.12,-0.118,False
tts2_en_US-libritts_r-medium_spk416_pos0#gt000,tts2_en_US-libritts_r-medium_spk416_pos0,gt_whole_clip,0.01,0.6984,complete,0.0,0.34,0.4725,-0.01,-0.3584,asr_energy_refined,0.09,-0.0984,False
tts2_en_US-libritts_r-medium_spk416_pos1#gt000,tts2_en_US-libritts_r-medium_spk416_pos1,gt_whole_clip,0.01,0.7882,complete,0.0,0.44,0.5455,-0.01,-0.3482,asr_energy_refined,0.09,-0.2682,False
tts2_en_US-libritts_r-medium_spk421_pos0#gt000,tts2_en_US-libritts_r-medium_spk421_pos0,gt_whole_clip,0.01,0.8381,complete,0.0,0.36,0.4176,-0.01,-0.4781,asr_energy_refined,0.09,-0.1181,False
tts2_en_US-libritts_r-medium_spk428_pos0#gt000,tts2_en_US-libritts_r-medium_spk428_pos0,gt_whole_clip,0.02,0.6585,complete,0.0,0.4,0.5771,-0.02,-0.2585,asr_energy_refined,0.07,-0.0685,False
tts2_en_US-libritts_r-medium_spk428_pos1#gt000,tts2_en_US-libritts_r-medium_spk428_pos1,gt_whole_clip,0.01,0.6485,fuzzy_complete,0.0,0.44,0.6631,-0.01,-0.2085,asr_energy_refined,0.06,-0.2585,False
tts2_en_US-libritts_r-medium_spk443_pos0#gt000,tts2_en_US-libritts_r-medium_spk443_pos0,gt_whole_clip,0.01,0.8281,complete,0.0,0.32,0.3744,-0.01,-0.5081,asr_energy_refined,0.06,-0.1381,False
tts2_en_US-libritts_r-medium_spk443_pos1#gt000,tts2_en_US-libritts_r-medium_spk443_pos1,gt_whole_clip,0.01,0.8181,complete,0.0,0.34,0.4034,-0.01,-0.4781,asr_energy_refined,0.08,-0.0581,False
tts2_en_US-libritts_r-medium_spk444_pos1#gt000,tts2_en_US-libritts_r-medium_spk444_pos1,gt_whole_clip,0.01,1.2372,complete,0.0,0.78,0.6224,-0.01,-0.4572,asr_energy_refined,0.07,-0.1372,False
tts2_en_US-libritts_r-medium_spk448_pos0#gt000,tts2_en_US-libritts_r-medium_spk448_pos0,gt_whole_clip,0.01,0.8181,complete,0.0,0.38,0.4523,-0.01,-0.4381,asr_energy_refined,0.13,-0.1781,False
tts2_en_US-libritts_r-medium_spk448_pos1#gt000,tts2_en_US-libritts_r-medium_spk448_pos1,gt_whole_clip,0.01,0.6086,none,,,0.0,,,,,,False
tts2_en_US-libritts_r-medium_spk459_pos0#gt000,tts2_en_US-libritts_r-medium_spk459_pos0,gt_whole_clip,0.0399,0.6984,complete,0.0,0.38,0.487,-0.0399,-0.3184,asr_energy_refined,0.0401,-0.0584,False
tts2_en_US-libritts_r-medium_spk459_pos1#gt000,tts2_en_US-libritts_r-medium_spk459_pos1,gt_whole_clip,0.01,0.7184,fuzzy_complete,0.0,0.52,0.7099,-0.01,-0.1984,asr_energy_refined,0.07,-0.0484,False
tts2_en_US-libritts_r-medium_spk460_pos0#gt000,tts2_en_US-libritts_r-medium_spk460_pos0,gt_whole_clip,0.01,0.6685,fuzzy_complete,0.0,0.48,0.7031,-0.01,-0.1885,asr_energy_refined,0.07,-0.1085,False
tts2_en_US-libritts_r-medium_spk460_pos1#gt000,tts2_en_US-libritts_r-medium_spk460_pos1,gt_whole_clip,0.01,0.6585,complete,0.0,0.32,0.4708,-0.01,-0.3385,asr_energy_refined,0.09,-0.0985,False
tts2_en_US-libritts_r-medium_spk462_pos0#gt000,tts2_en_US-libritts_r-medium_spk462_pos0,gt_whole_clip,0.01,0.7583,complete,0.0,0.4,0.5143,-0.01,-0.3583,asr_energy_refined,0.07,-0.2683,False
tts2_en_US-libritts_r-medium_spk462_pos1#gt000,tts2_en_US-libritts_r-medium_spk462_pos1,gt_whole_clip,0.01,1.0476,complete,0.0,0.54,0.5059,-0.01,-0.5076,asr_energy_refined,0.08,-0.0876,False
tts2_en_US-libritts_r-medium_spk476_pos0#gt000,tts2_en_US-libritts_r-medium_spk476_pos0,gt_whole_clip,0.01,0.7383,complete,0.0,0.34,0.447,-0.01,-0.3983,asr_energy_refined,0.08,-0.1183,False
tts2_en_US-libritts_r-medium_spk476_pos1#gt000,tts2_en_US-libritts_r-medium_spk476_pos1,gt_whole_clip,0.01,0.8381,complete,0.0,0.4,0.4653,-0.01,-0.4381,asr_energy_refined,0.12,-0.0581,False
tts2_en_US-libritts_r-medium_spk481_pos0#gt000,tts2_en_US-libritts_r-medium_spk481_pos0,gt_whole_clip,0.01,1.2272,complete,0.0,0.82,0.66,-0.01,-0.4072,asr_energy_refined,0.15,-0.1272,False
tts2_en_US-libritts_r-medium_spk481_pos1#gt000,tts2_en_US-libritts_r-medium_spk481_pos1,gt_whole_clip,0.01,0.868,fuzzy_complete,0.0,0.56,0.6336,-0.01,-0.308,asr_energy_refined,0.09,-0.278,False
tts2_en_US-libritts_r-medium_spk484_pos0#gt000,tts2_en_US-libritts_r-medium_spk484_pos0,gt_whole_clip,0.0,0.6585,complete,0.0,0.28,0.4252,0.0,-0.3785,asr_energy_refined,0.22,-0.1085,False
tts2_en_US-libritts_r-medium_spk484_pos1#gt000,tts2_en_US-libritts_r-medium_spk484_pos1,gt_whole_clip,0.0,0.6186,complete,0.0,0.3,0.485,0.0,-0.3186,asr_energy_refined,0.09,-0.1086,False
tts2_en_US-libritts_r-medium_spk48_pos0#gt000,tts2_en_US-libritts_r-medium_spk48_pos0,gt_whole_clip,0.01,0.8381,fuzzy_complete,0.0,0.5,0.5847,-0.01,-0.3381,asr_energy_refined,0.09,-0.0781,False
tts2_en_US-libritts_r-medium_spk48_pos1#gt000,tts2_en_US-libritts_r-medium_spk48_pos1,gt_whole_clip,0.01,0.7184,complete,0.0,0.38,0.515,-0.01,-0.3384,asr_energy_refined,0.1,-0.0684,False
tts2_en_US-libritts_r-medium_spk490_pos0#gt000,tts2_en_US-libritts_r-medium_spk490_pos0,gt_whole_clip,0.01,0.7283,complete,0.0,0.38,0.508,-0.01,-0.3483,asr_energy_refined,0.1,-0.0783,False
tts2_en_US-libritts_r-medium_spk490_pos1#gt000,tts2_en_US-libritts_r-medium_spk490_pos1,gt_whole_clip,0.01,0.7683,complete,0.0,0.38,0.4816,-0.01,-0.3883,asr_energy_refined,0.05,-0.1283,False
tts2_en_US-libritts_r-medium_spk492_pos0#gt000,tts2_en_US-libritts_r-medium_spk492_pos0,gt_whole_clip,0.01,0.6186,complete,0.0,0.36,0.5658,-0.01,-0.2586,asr_energy_refined,0.09,-0.0986,False
tts2_en_US-libritts_r-medium_spk492_pos1#gt000,tts2_en_US-libritts_r-medium_spk492_pos1,gt_whole_clip,0.01,0.5986,complete,0.0,0.26,0.4176,-0.01,-0.3386,asr_energy_refined,0.08,-0.1486,False
tts2_en_US-libritts_r-medium_spk49_pos0#gt000,tts2_en_US-libritts_r-medium_spk49_pos0,gt_whole_clip,0.01,0.7982,fuzzy_complete,0.0,0.46,0.5638,-0.01,-0.3382,asr_energy_refined,0.12,-0.0682,False
tts2_en_US-libritts_r-medium_spk49_pos1#gt000,tts2_en_US-libritts_r-medium_spk49_pos1,gt_whole_clip,0.01,0.9778,fuzzy_complete,0.0,0.52,0.5216,-0.01,-0.4578,asr_energy_refined,0.14,-0.1378,False
tts2_en_US-libritts_r-medium_spk501_pos0#gt000,tts2_en_US-libritts_r-medium_spk501_pos0,gt_whole_clip,0.01,0.6685,complete,0.0,0.3,0.4338,-0.01,-0.3685,asr_energy_refined,0.07,-0.1885,False
tts2_en_US-libritts_r-medium_spk501_pos1#gt000,tts2_en_US-libritts_r-medium_spk501_pos1,gt_whole_clip,0.01,0.8082,complete,0.0,0.4,0.4826,-0.01,-0.4082,asr_energy_refined,0.08,-0.1482,False
tts2_en_US-libritts_r-medium_spk506_pos1#gt000,tts2_en_US-libritts_r-medium_spk506_pos1,gt_whole_clip,0.01,0.7683,complete,0.0,0.32,0.4035,-0.01,-0.4483,asr_energy_refined,0.05,-0.2183,False
tts2_en_US-libritts_r-medium_spk508_pos0#gt000,tts2_en_US-libritts_r-medium_spk508_pos0,gt_whole_clip,0.01,0.7184,complete,0.0,0.26,0.348,-0.01,-0.4584,asr_energy_refined,0.05,-0.1984,False
tts2_en_US-libritts_r-medium_spk508_pos1#gt000,tts2_en_US-libritts_r-medium_spk508_pos1,gt_whole_clip,0.01,0.7782,complete,0.0,0.36,0.4498,-0.01,-0.4182,asr_energy_refined,0.09,-0.1482,False
tts2_en_US-libritts_r-medium_spk510_pos0#gt000,tts2_en_US-libritts_r-medium_spk510_pos0,gt_whole_clip,0.01,1.0676,complete,0.0,0.58,0.5339,-0.01,-0.4876,asr_energy_refined,0.09,-0.3976,False
tts2_en_US-libritts_r-medium_spk510_pos1#gt000,tts2_en_US-libritts_r-medium_spk510_pos1,gt_whole_clip,0.01,0.8082,complete,0.0,0.42,0.5073,-0.01,-0.3882,asr_energy_refined,0.06,-0.2482,False
tts2_en_US-libritts_r-medium_spk514_pos0#gt000,tts2_en_US-libritts_r-medium_spk514_pos0,gt_whole_clip,0.01,0.6485,complete,0.0,0.34,0.5089,-0.01,-0.3085,asr_energy_refined,0.09,-0.1185,False
tts2_en_US-libritts_r-medium_spk514_pos1#gt000,tts2_en_US-libritts_r-medium_spk514_pos1,gt_whole_clip,0.01,0.6785,complete,0.0,0.32,0.4569,-0.01,-0.3585,asr_energy_refined,0.08,-0.1485,False
tts2_en_US-libritts_r-medium_spk516_pos0#gt000,tts2_en_US-libritts_r-medium_spk516_pos0,gt_whole_clip,0.01,1.0077,complete,0.0,0.54,0.526,-0.01,-0.4677,asr_energy_refined,0.08,-0.1177,False
tts2_en_US-libritts_r-medium_spk51_pos0#gt000,tts2_en_US-libritts_r-medium_spk51_pos0,gt_whole_clip,0.01,0.5887,complete,0.0,0.22,0.3567,-0.01,-0.3687,asr_energy_refined,0.05,-0.1687,False
tts2_en_US-libritts_r-medium_spk51_pos1#gt000,tts2_en_US-libritts_r-medium_spk51_pos1,gt_whole_clip,0.01,0.6585,complete,0.0,0.34,0.5011,-0.01,-0.3185,asr_energy_refined,0.05,-0.0885,False
tts2_en_US-libritts_r-medium_spk525_pos0#gt000,tts2_en_US-libritts_r-medium_spk525_pos0,gt_whole_clip,0.01,0.6585,complete,0.0,0.32,0.4708,-0.01,-0.3385,asr_energy_refined,0.07,-0.0985,False
tts2_en_US-libritts_r-medium_spk525_pos1#gt000,tts2_en_US-libritts_r-medium_spk525_pos1,gt_whole_clip,0.01,0.7283,complete,0.0,0.34,0.4531,-0.01,-0.3883,asr_energy_refined,0.07,-0.1083,False
tts2_en_US-libritts_r-medium_spk52_pos0#gt000,tts2_en_US-libritts_r-medium_spk52_pos0,gt_whole_clip,0.0,0.6785,complete,0.0,0.34,0.5011,0.0,-0.3385,asr_energy_refined,0.1,-0.1185,False
tts2_en_US-libritts_r-medium_spk52_pos1#gt000,tts2_en_US-libritts_r-medium_spk52_pos1,gt_whole_clip,0.0,0.6984,complete,0.0,0.42,0.6014,0.0,-0.2784,asr_energy_refined,0.11,-0.0884,False
tts2_en_US-libritts_r-medium_spk530_pos0#gt000,tts2_en_US-libritts_r-medium_spk530_pos0,gt_whole_clip,0.0299,0.9778,complete,0.0,0.48,0.4603,-0.0299,-0.4978,asr_energy_refined,0.0801,-0.3678,False
tts2_en_US-libritts_r-medium_spk530_pos1#gt000,tts2_en_US-libritts_r-medium_spk530_pos1,gt_whole_clip,0.01,1.1374,complete,0.0,0.82,0.7122,-0.01,-0.3174,asr_energy_refined,0.08,-0.1974,False
tts2_en_US-libritts_r-medium_spk540_pos0#gt000,tts2_en_US-libritts_r-medium_spk540_pos0,gt_whole_clip,0.01,0.9379,complete,0.0,0.6,0.6291,-0.01,-0.3379,asr_energy_refined,0.1,-0.0379,False
tts2_en_US-libritts_r-medium_spk540_pos1#gt000,tts2_en_US-libritts_r-medium_spk540_pos1,gt_whole_clip,0.01,0.8181,complete,0.0,0.52,0.6234,-0.01,-0.2981,asr_energy_refined,0.1,-0.1781,False
tts2_en_US-libritts_r-medium_spk541_pos1#gt000,tts2_en_US-libritts_r-medium_spk541_pos1,gt_whole_clip,0.01,0.6086,complete,0.0,0.32,0.5094,-0.01,-0.2886,asr_energy_refined,0.07,-0.1286,False
tts2_en_US-libritts_r-medium_spk546_pos0#gt000,tts2_en_US-libritts_r-medium_spk546_pos0,gt_whole_clip,0.02,0.6485,complete,0.0,0.3,0.4318,-0.02,-0.3485,asr_energy_refined,0.04,-0.0585,False
tts2_en_US-libritts_r-medium_spk546_pos1#gt000,tts2_en_US-libritts_r-medium_spk546_pos1,gt_whole_clip,0.01,0.6984,complete,0.0,0.32,0.4439,-0.01,-0.3784,asr_energy_refined,0.08,-0.0784,False
tts2_en_US-libritts_r-medium_spk548_pos0#gt000,tts2_en_US-libritts_r-medium_spk548_pos0,gt_whole_clip,0.01,0.7882,complete,0.0,0.36,0.444,-0.01,-0.4282,asr_energy_refined,0.1,-0.1182,False
tts2_en_US-libritts_r-medium_spk548_pos1#gt000,tts2_en_US-libritts_r-medium_spk548_pos1,gt_whole_clip,0.01,0.9977,complete,0.0,0.38,0.3709,-0.01,-0.6177,asr_energy_refined,0.07,-0.1577,False
tts2_en_US-libritts_r-medium_spk552_pos1#gt000,tts2_en_US-libritts_r-medium_spk552_pos1,gt_whole_clip,0.01,0.6186,complete,0.0,0.3,0.4688,-0.01,-0.3186,asr_energy_refined,0.06,-0.1486,False
tts2_en_US-libritts_r-medium_spk554_pos0#gt000,tts2_en_US-libritts_r-medium_spk554_pos0,gt_whole_clip,0.01,0.6685,complete,0.0,0.3,0.4338,-0.01,-0.3685,asr_energy_refined,0.08,-0.1185,False
tts2_en_US-libritts_r-medium_spk554_pos1#gt000,tts2_en_US-libritts_r-medium_spk554_pos1,gt_whole_clip,0.01,0.7283,complete,0.0,0.36,0.4806,-0.01,-0.3683,asr_energy_refined,0.08,-0.1083,False
tts2_en_US-libritts_r-medium_spk556_pos0#gt000,tts2_en_US-libritts_r-medium_spk556_pos0,gt_whole_clip,0.01,0.7483,complete,0.0,0.3,0.3875,-0.01,-0.4483,asr_energy_refined,0.09,-0.1883,False
tts2_en_US-libritts_r-medium_spk556_pos1#gt000,tts2_en_US-libritts_r-medium_spk556_pos1,gt_whole_clip,0.01,0.7982,complete,0.0,0.38,0.4635,-0.01,-0.4182,asr_energy_refined,0.09,-0.1382,False
tts2_en_US-libritts_r-medium_spk557_pos0#gt000,tts2_en_US-libritts_r-medium_spk557_pos0,gt_whole_clip,0.01,0.6884,fuzzy_complete,0.0,0.48,0.6827,-0.01,-0.2084,asr_energy_refined,0.1,-0.1184,False
tts2_en_US-libritts_r-medium_spk557_pos1#gt000,tts2_en_US-libritts_r-medium_spk557_pos1,gt_whole_clip,0.01,0.6086,complete,0.0,0.28,0.4436,-0.01,-0.3286,asr_energy_refined,0.07,-0.1086,False
tts2_en_US-libritts_r-medium_spk558_pos0#gt000,tts2_en_US-libritts_r-medium_spk558_pos0,gt_whole_clip,0.01,1.0077,complete,0.0,0.52,0.5061,-0.01,-0.4877,asr_energy_refined,0.14,-0.1177,False
tts2_en_US-libritts_r-medium_spk559_pos0#gt000,tts2_en_US-libritts_r-medium_spk559_pos0,gt_whole_clip,0.01,0.5787,none,,,0.0,,,,,,False
tts2_en_US-libritts_r-medium_spk559_pos1#gt000,tts2_en_US-libritts_r-medium_spk559_pos1,gt_whole_clip,0.01,0.8381,complete,0.0,0.44,0.5131,-0.01,-0.3981,asr_energy_refined,0.11,-0.1081,False
tts2_en_US-libritts_r-medium_spk55_pos0#gt000,tts2_en_US-libritts_r-medium_spk55_pos0,gt_whole_clip,0.01,0.6984,fuzzy_complete,0.0,0.5,0.7016,-0.01,-0.1984,asr_energy_refined,0.08,-0.1284,False
tts2_en_US-libritts_r-medium_spk55_pos1#gt000,tts2_en_US-libritts_r-medium_spk55_pos1,gt_whole_clip,0.01,0.8381,fuzzy_complete,0.0,0.5,0.5847,-0.01,-0.3381,asr_energy_refined,0.09,-0.3481,False
tts2_en_US-libritts_r-medium_spk565_pos0#gt000,tts2_en_US-libritts_r-medium_spk565_pos0,gt_whole_clip,0.02,0.7184,complete,0.0,0.34,0.4454,-0.02,-0.3784,asr_energy_refined,0.05,-0.1384,False
tts2_en_US-libritts_r-medium_spk565_pos1#gt000,tts2_en_US-libritts_r-medium_spk565_pos1,gt_whole_clip,0.02,0.7683,complete,0.0,0.4,0.4946,-0.02,-0.3683,asr_energy_refined,0.09,-0.1383,False
tts2_en_US-libritts_r-medium_spk572_pos0#gt000,tts2_en_US-libritts_r-medium_spk572_pos0,gt_whole_clip,0.01,0.6585,complete,0.0,0.32,0.4708,-0.01,-0.3385,asr_energy_refined,0.08,-0.0885,False
tts2_en_US-libritts_r-medium_spk572_pos1#gt000,tts2_en_US-libritts_r-medium_spk572_pos1,gt_whole_clip,0.0,0.868,complete,0.0,0.32,0.3687,0.0,-0.548,asr_energy_refined,0.07,-0.248,False
tts2_en_US-libritts_r-medium_spk578_pos0#gt000,tts2_en_US-libritts_r-medium_spk578_pos0,gt_whole_clip,0.01,0.9079,complete,0.0,0.52,0.5617,-0.01,-0.3879,asr_energy_refined,0.11,-0.1279,False
tts2_en_US-libritts_r-medium_spk578_pos1#gt000,tts2_en_US-libritts_r-medium_spk578_pos1,gt_whole_clip,0.01,0.6485,complete,0.0,0.32,0.478,-0.01,-0.3285,asr_energy_refined,0.05,-0.0885,False
tts2_en_US-libritts_r-medium_spk57_pos1#gt000,tts2_en_US-libritts_r-medium_spk57_pos1,gt_whole_clip,0.01,1.2073,complete,0.0,0.72,0.5881,-0.01,-0.4873,asr_energy_refined,0.09,-0.1173,False
tts2_en_US-libritts_r-medium_spk581_pos0#gt000,tts2_en_US-libritts_r-medium_spk581_pos0,gt_whole_clip,0.01,0.9379,complete,0.0,0.42,0.4371,-0.01,-0.5179,asr_energy_refined,0.12,-0.1179,False
tts2_en_US-libritts_r-medium_spk581_pos1#gt000,tts2_en_US-libritts_r-medium_spk581_pos1,gt_whole_clip,0.01,0.8082,complete,0.0,0.42,0.5073,-0.01,-0.3882,asr_energy_refined,0.11,-0.0682,False
tts2_en_US-libritts_r-medium_spk598_pos0#gt000,tts2_en_US-libritts_r-medium_spk598_pos0,gt_whole_clip,0.01,0.7882,complete,0.0,0.44,0.5455,-0.01,-0.3482,asr_energy_refined,0.07,-0.1482,False
tts2_en_US-libritts_r-medium_spk598_pos1#gt000,tts2_en_US-libritts_r-medium_spk598_pos1,gt_whole_clip,0.0,0.9478,complete,0.0,0.38,0.4009,0.0,-0.5678,asr_energy_refined,0.05,-0.2778,False
tts2_en_US-libritts_r-medium_spk599_pos1#gt000,tts2_en_US-libritts_r-medium_spk599_pos1,gt_whole_clip,0.01,0.7982,complete,0.0,0.36,0.4385,-0.01,-0.4382,asr_energy_refined,0.1,-0.1182,False
tts2_en_US-libritts_r-medium_spk5_pos0#gt000,tts2_en_US-libritts_r-medium_spk5_pos0,gt_whole_clip,0.01,0.8082,complete,0.0,0.4,0.4826,-0.01,-0.4082,asr_energy_refined,0.1,-0.0582,False
tts2_en_US-libritts_r-medium_spk5_pos1#gt000,tts2_en_US-libritts_r-medium_spk5_pos1,gt_whole_clip,0.01,0.7383,complete,0.0,0.36,0.4741,-0.01,-0.3783,asr_energy_refined,0.06,-0.1283,False
tts2_en_US-libritts_r-medium_spk601_pos0#gt000,tts2_en_US-libritts_r-medium_spk601_pos0,gt_whole_clip,0.01,0.8181,complete,0.0,0.34,0.4034,-0.01,-0.4781,asr_energy_refined,0.05,-0.1581,False
tts2_en_US-libritts_r-medium_spk601_pos1#gt000,tts2_en_US-libritts_r-medium_spk601_pos1,gt_whole_clip,0.01,0.878,complete,0.0,0.38,0.4214,-0.01,-0.498,asr_energy_refined,0.09,-0.148,False
tts2_en_US-libritts_r-medium_spk605_pos0#gt000,tts2_en_US-libritts_r-medium_spk605_pos0,gt_whole_clip,0.01,0.8281,fuzzy_complete,0.0,0.48,0.5676,-0.01,-0.3481,asr_energy_refined,0.06,-0.1181,False
tts2_en_US-libritts_r-medium_spk605_pos1#gt000,tts2_en_US-libritts_r-medium_spk605_pos1,gt_whole_clip,0.01,0.7683,complete,0.0,0.38,0.4816,-0.01,-0.3883,asr_energy_refined,0.07,-0.0783,False
tts2_en_US-libritts_r-medium_spk606_pos0#gt000,tts2_en_US-libritts_r-medium_spk606_pos0,gt_whole_clip,0.01,0.7982,complete,0.0,0.4,0.4886,-0.01,-0.3982,asr_energy_refined,0.09,-0.0482,False
tts2_en_US-libritts_r-medium_spk606_pos1#gt000,tts2_en_US-libritts_r-medium_spk606_pos1,gt_whole_clip,0.01,0.868,complete,0.0,0.42,0.4724,-0.01,-0.448,asr_energy_refined,0.08,-0.358,False
tts2_en_US-libritts_r-medium_spk607_pos0#gt000,tts2_en_US-libritts_r-medium_spk607_pos0,gt_whole_clip,0.01,0.7882,complete,0.0,0.42,0.5202,-0.01,-0.3682,asr_energy_refined,0.07,-0.1582,False
tts2_en_US-libritts_r-medium_spk607_pos1#gt000,tts2_en_US-libritts_r-medium_spk607_pos1,gt_whole_clip,0.01,0.7283,complete,0.0,0.36,0.4806,-0.01,-0.3683,asr_energy_refined,0.07,-0.2683,False
tts2_en_US-libritts_r-medium_spk612_pos0#gt000,tts2_en_US-libritts_r-medium_spk612_pos0,gt_whole_clip,0.01,0.7283,complete,0.0,0.34,0.4531,-0.01,-0.3883,asr_energy_refined,0.08,-0.1083,False
tts2_en_US-libritts_r-medium_spk612_pos1#gt000,tts2_en_US-libritts_r-medium_spk612_pos1,gt_whole_clip,0.0,0.6485,complete,0.0,0.3,0.4626,0.0,-0.3485,asr_energy_refined,0.08,-0.2685,False
tts2_en_US-libritts_r-medium_spk619_pos0#gt000,tts2_en_US-libritts_r-medium_spk619_pos0,gt_whole_clip,0.01,0.8181,complete,0.0,0.46,0.5501,-0.01,-0.3581,asr_energy_refined,0.07,-0.1081,False
tts2_en_US-libritts_r-medium_spk619_pos1#gt000,tts2_en_US-libritts_r-medium_spk619_pos1,gt_whole_clip,0.01,0.7483,complete,0.0,0.34,0.441,-0.01,-0.4083,asr_energy_refined,0.1,-0.1083,False
tts2_en_US-libritts_r-medium_spk624_pos0#gt000,tts2_en_US-libritts_r-medium_spk624_pos0,gt_whole_clip,0.01,0.7383,complete,0.0,0.34,0.447,-0.01,-0.3983,asr_energy_refined,0.08,-0.1083,False
tts2_en_US-libritts_r-medium_spk624_pos1#gt000,tts2_en_US-libritts_r-medium_spk624_pos1,gt_whole_clip,0.01,0.7882,fuzzy_complete,0.0,0.48,0.5963,-0.01,-0.3082,asr_energy_refined,0.08,-0.1482,False
tts2_en_US-libritts_r-medium_spk62_pos0#gt000,tts2_en_US-libritts_r-medium_spk62_pos0,gt_whole_clip,0.01,0.7283,complete,0.0,0.34,0.4531,-0.01,-0.3883,asr_energy_refined,0.09,-0.0983,False
tts2_en_US-libritts_r-medium_spk636_pos0#gt000,tts2_en_US-libritts_r-medium_spk636_pos0,gt_whole_clip,0.01,0.5388,fuzzy_complete,0.0,0.26,0.464,-0.01,-0.2788,asr_energy_refined,0.07,-0.0588,False
tts2_en_US-libritts_r-medium_spk636_pos1#gt000,tts2_en_US-libritts_r-medium_spk636_pos1,gt_whole_clip,0.0,0.8281,complete,0.0,0.34,0.4106,0.0,-0.4881,asr_energy_refined,0.09,-0.3781,False
tts2_en_US-libritts_r-medium_spk639_pos0#gt000,tts2_en_US-libritts_r-medium_spk639_pos0,gt_whole_clip,0.02,0.868,complete,0.0,0.42,0.4608,-0.02,-0.448,asr_energy_refined,0.11,-0.118,False
tts2_en_US-libritts_r-medium_spk63_pos0#gt000,tts2_en_US-libritts_r-medium_spk63_pos0,gt_whole_clip,0.01,0.7882,complete,0.0,0.36,0.444,-0.01,-0.4282,asr_energy_refined,0.05,-0.1582,False
tts2_en_US-libritts_r-medium_spk63_pos1#gt000,tts2_en_US-libritts_r-medium_spk63_pos1,gt_whole_clip,0.01,0.868,complete,0.0,0.36,0.4032,-0.01,-0.508,asr_energy_refined,0.03,-0.388,False
tts2_en_US-libritts_r-medium_spk642_pos0#gt000,tts2_en_US-libritts_r-medium_spk642_pos0,gt_whole_clip,0.0,0.6785,complete,0.0,0.38,0.5601,0.0,-0.2985,asr_energy_refined,0.06,-0.2385,False
tts2_en_US-libritts_r-medium_spk642_pos1#gt000,tts2_en_US-libritts_r-medium_spk642_pos1,gt_whole_clip,0.01,0.7982,complete,0.0,0.48,0.5888,-0.01,-0.3182,asr_energy_refined,0.06,-0.0682,False
tts2_en_US-libritts_r-medium_spk648_pos0#gt000,tts2_en_US-libritts_r-medium_spk648_pos0,gt_whole_clip,0.01,1.4567,fuzzy_complete,0.0,1.26,0.8581,-0.01,-0.1967,asr_energy_refined,0.1,-0.0667,False
tts2_en_US-libritts_r-medium_spk64_pos1#gt000,tts2_en_US-libritts_r-medium_spk64_pos1,gt_whole_clip,0.01,0.6585,complete,0.0,0.32,0.4708,-0.01,-0.3385,asr_energy_refined,0.07,-0.0785,False
tts2_en_US-libritts_r-medium_spk656_pos0#gt000,tts2_en_US-libritts_r-medium_spk656_pos0,gt_whole_clip,0.01,0.9079,complete,0.0,0.48,0.5177,-0.01,-0.4279,asr_energy_refined,0.11,-0.1579,False
tts2_en_US-libritts_r-medium_spk656_pos1#gt000,tts2_en_US-libritts_r-medium_spk656_pos1,gt_whole_clip,0.01,0.6685,complete,0.0,0.3,0.4338,-0.01,-0.3685,asr_energy_refined,0.07,-0.1185,False
tts2_en_US-libritts_r-medium_spk658_pos0#gt000,tts2_en_US-libritts_r-medium_spk658_pos0,gt_whole_clip,0.0,0.7683,complete,0.0,0.42,0.5467,0.0,-0.3483,asr_energy_refined,0.1,-0.2683,False
tts2_en_US-libritts_r-medium_spk658_pos1#gt000,tts2_en_US-libritts_r-medium_spk658_pos1,gt_whole_clip,0.0,0.7483,fuzzy_complete,0.0,0.4,0.5345,0.0,-0.3483,asr_energy_refined,0.06,-0.3283,False
tts2_en_US-libritts_r-medium_spk666_pos0#gt000,tts2_en_US-libritts_r-medium_spk666_pos0,gt_whole_clip,0.0,0.7383,complete,0.0,0.32,0.4334,0.0,-0.4183,asr_energy_refined,0.06,-0.1583,False
tts2_en_US-libritts_r-medium_spk666_pos1#gt000,tts2_en_US-libritts_r-medium_spk666_pos1,gt_whole_clip,0.01,0.7882,complete,0.0,0.34,0.4187,-0.01,-0.4482,asr_energy_refined,0.08,-0.3482,False
tts2_en_US-libritts_r-medium_spk672_pos0#gt000,tts2_en_US-libritts_r-medium_spk672_pos0,gt_whole_clip,0.01,0.6585,complete,0.0,0.4,0.5923,-0.01,-0.2585,asr_energy_refined,0.09,-0.1185,False
tts2_en_US-libritts_r-medium_spk672_pos1#gt000,tts2_en_US-libritts_r-medium_spk672_pos1,gt_whole_clip,0.01,0.858,complete,0.0,0.42,0.4779,-0.01,-0.438,asr_energy_refined,0.09,-0.298,False
tts2_en_US-libritts_r-medium_spk675_pos0#gt000,tts2_en_US-libritts_r-medium_spk675_pos0,gt_whole_clip,0.0299,0.6884,complete,0.0,0.36,0.4795,-0.0299,-0.3284,asr_energy_refined,0.0701,-0.1084,False
tts2_en_US-libritts_r-medium_spk675_pos1#gt000,tts2_en_US-libritts_r-medium_spk675_pos1,gt_whole_clip,0.01,0.7184,complete,0.0,0.32,0.4315,-0.01,-0.3984,asr_energy_refined,0.04,-0.1184,False
tts2_en_US-libritts_r-medium_spk677_pos0#gt000,tts2_en_US-libritts_r-medium_spk677_pos0,gt_whole_clip,0.01,1.3968,complete,0.0,0.96,0.6801,-0.01,-0.4368,asr_energy_refined,0.11,-0.0768,False
tts2_en_US-libritts_r-medium_spk677_pos1#gt000,tts2_en_US-libritts_r-medium_spk677_pos1,gt_whole_clip,0.01,0.5687,complete,0.0,0.26,0.4396,-0.01,-0.3087,asr_energy_refined,0.06,-0.0887,False
tts2_en_US-libritts_r-medium_spk678_pos0#gt000,tts2_en_US-libritts_r-medium_spk678_pos0,gt_whole_clip,0.01,0.898,fuzzy_complete,0.0,0.44,0.4788,-0.01,-0.458,asr_energy_refined,0.04,-0.468,False
tts2_en_US-libritts_r-medium_spk678_pos1#gt000,tts2_en_US-libritts_r-medium_spk678_pos1,gt_whole_clip,0.0299,0.8281,complete,0.0,0.36,0.3986,-0.0299,-0.4681,asr_energy_refined,0.0301,-0.1181,False
tts2_en_US-libritts_r-medium_spk681_pos0#gt000,tts2_en_US-libritts_r-medium_spk681_pos0,gt_whole_clip,0.01,1.0077,complete,0.0,0.46,0.4466,-0.01,-0.5477,asr_energy_refined,0.13,-0.6677,False
tts2_en_US-libritts_r-medium_spk681_pos1#gt000,tts2_en_US-libritts_r-medium_spk681_pos1,gt_whole_clip,0.0,0.868,complete,0.0,0.34,0.3917,0.0,-0.528,asr_energy_refined,0.06,-0.158,False
tts2_en_US-libritts_r-medium_spk685_pos0#gt000,tts2_en_US-libritts_r-medium_spk685_pos0,gt_whole_clip,0.01,0.8381,complete,0.0,0.4,0.4653,-0.01,-0.4381,asr_energy_refined,0.08,-0.3281,False
tts2_en_US-libritts_r-medium_spk685_pos1#gt000,tts2_en_US-libritts_r-medium_spk685_pos1,gt_whole_clip,0.01,1.0875,complete,0.0,0.68,0.6161,-0.01,-0.4075,asr_energy_refined,0.07,-0.3675,False
tts2_en_US-libritts_r-medium_spk686_pos0#gt000,tts2_en_US-libritts_r-medium_spk686_pos0,gt_whole_clip,0.01,0.7483,complete,0.0,0.32,0.4143,-0.01,-0.4283,asr_energy_refined,0.08,-0.1283,False
tts2_en_US-libritts_r-medium_spk686_pos1#gt000,tts2_en_US-libritts_r-medium_spk686_pos1,gt_whole_clip,0.01,0.6086,complete,0.0,0.32,0.5094,-0.01,-0.2886,asr_energy_refined,0.06,-0.1286,False
tts2_en_US-libritts_r-medium_spk694_pos0#gt000,tts2_en_US-libritts_r-medium_spk694_pos0,gt_whole_clip,0.01,0.9379,complete,0.0,0.46,0.4798,-0.01,-0.4779,asr_energy_refined,0.1,-0.0979,False
tts2_en_US-libritts_r-medium_spk69_pos1#gt000,tts2_en_US-libritts_r-medium_spk69_pos1,gt_whole_clip,0.01,1.1474,complete,0.0,0.64,0.5491,-0.01,-0.5074,asr_energy_refined,0.1,-0.1774,False
tts2_en_US-libritts_r-medium_spk704_pos1#gt000,tts2_en_US-libritts_r-medium_spk704_pos1,gt_whole_clip,0.01,0.9279,complete,0.0,0.62,0.6574,-0.01,-0.3079,asr_energy_refined,0.06,-0.2179,False
tts2_en_US-libritts_r-medium_spk707_pos0#gt000,tts2_en_US-libritts_r-medium_spk707_pos0,gt_whole_clip,0.01,0.6984,complete,0.0,0.32,0.4439,-0.01,-0.3784,asr_energy_refined,0.07,-0.0884,False
tts2_en_US-libritts_r-medium_spk707_pos1#gt000,tts2_en_US-libritts_r-medium_spk707_pos1,gt_whole_clip,0.01,1.1374,complete,0.0,0.44,0.3781,-0.01,-0.6974,asr_energy_refined,0.09,-0.7774,False
tts2_en_US-libritts_r-medium_spk708_pos0#gt000,tts2_en_US-libritts_r-medium_spk708_pos0,gt_whole_clip,0.01,0.878,complete,0.0,0.52,0.5809,-0.01,-0.358,asr_energy_refined,0.08,-0.098,False
tts2_en_US-libritts_r-medium_spk708_pos1#gt000,tts2_en_US-libritts_r-medium_spk708_pos1,gt_whole_clip,0.01,0.878,complete,0.0,0.48,0.5353,-0.01,-0.398,asr_energy_refined,0.13,-0.118,False
tts2_en_US-libritts_r-medium_spk716_pos0#gt000,tts2_en_US-libritts_r-medium_spk716_pos0,gt_whole_clip,0.01,0.7583,complete,0.0,0.36,0.4616,-0.01,-0.3983,asr_energy_refined,0.09,-0.2883,False
tts2_en_US-libritts_r-medium_spk719_pos0#gt000,tts2_en_US-libritts_r-medium_spk719_pos0,gt_whole_clip,0.01,0.6485,complete,0.0,0.32,0.478,-0.01,-0.3285,asr_energy_refined,0.08,-0.2585,False
tts2_en_US-libritts_r-medium_spk720_pos0#gt000,tts2_en_US-libritts_r-medium_spk720_pos0,gt_whole_clip,0.01,1.0376,complete,0.0,0.64,0.6072,-0.01,-0.3976,asr_energy_refined,0.1,-0.1176,False
tts2_en_US-libritts_r-medium_spk720_pos1#gt000,tts2_en_US-libritts_r-medium_spk720_pos1,gt_whole_clip,0.01,0.7683,complete,0.0,0.38,0.4816,-0.01,-0.3883,asr_energy_refined,0.09,-0.0883,False
tts2_en_US-libritts_r-medium_spk723_pos0#gt000,tts2_en_US-libritts_r-medium_spk723_pos0,gt_whole_clip,0.01,0.9379,complete,0.0,0.66,0.693,-0.01,-0.2779,asr_energy_refined,0.06,-0.1579,False
tts2_en_US-libritts_r-medium_spk723_pos1#gt000,tts2_en_US-libritts_r-medium_spk723_pos1,gt_whole_clip,0.01,0.6785,complete,0.0,0.36,0.5158,-0.01,-0.3185,asr_energy_refined,0.07,-0.0585,False
tts2_en_US-libritts_r-medium_spk724_pos0#gt000,tts2_en_US-libritts_r-medium_spk724_pos0,gt_whole_clip,0.01,0.6186,complete,0.0,0.32,0.5011,-0.01,-0.2986,asr_energy_refined,0.08,-0.0586,False
tts2_en_US-libritts_r-medium_spk724_pos1#gt000,tts2_en_US-libritts_r-medium_spk724_pos1,gt_whole_clip,0.01,0.6086,fuzzy_complete,0.0,0.36,0.5751,-0.01,-0.2486,asr_energy_refined,0.09,-0.0886,False
tts2_en_US-libritts_r-medium_spk726_pos0#gt000,tts2_en_US-libritts_r-medium_spk726_pos0,gt_whole_clip,0.01,0.8281,complete,0.0,0.38,0.4468,-0.01,-0.4481,asr_energy_refined,0.07,-0.1481,False
tts2_en_US-libritts_r-medium_spk726_pos1#gt000,tts2_en_US-libritts_r-medium_spk726_pos1,gt_whole_clip,0.01,1.3769,complete,0.0,0.88,0.6319,-0.01,-0.4969,asr_energy_refined,0.06,-0.0869,False
tts2_en_US-libritts_r-medium_spk727_pos0#gt000,tts2_en_US-libritts_r-medium_spk727_pos0,gt_whole_clip,0.01,0.9578,complete,0.0,0.52,0.5325,-0.01,-0.4378,asr_energy_refined,0.1,-0.1078,False
tts2_en_US-libritts_r-medium_spk727_pos1#gt000,tts2_en_US-libritts_r-medium_spk727_pos1,gt_whole_clip,0.01,1.0177,complete,0.0,0.46,0.4422,-0.01,-0.5577,asr_energy_refined,0.08,-0.6577,False
tts2_en_US-libritts_r-medium_spk729_pos0#gt000,tts2_en_US-libritts_r-medium_spk729_pos0,gt_whole_clip,0.01,0.7782,fuzzy_complete,0.0,0.6,0.7582,-0.01,-0.1782,asr_energy_refined,0.09,-0.0582,False
tts2_en_US-libritts_r-medium_spk729_pos1#gt000,tts2_en_US-libritts_r-medium_spk729_pos1,gt_whole_clip,0.01,0.6385,complete,0.0,0.34,0.5168,-0.01,-0.2985,asr_energy_refined,0.07,-0.0885,False
tts2_en_US-libritts_r-medium_spk72_pos0#gt000,tts2_en_US-libritts_r-medium_spk72_pos0,gt_whole_clip,0.01,0.6585,fuzzy_complete,0.0,0.5,0.7441,-0.01,-0.1585,asr_energy_refined,0.04,-0.0985,False
tts2_en_US-libritts_r-medium_spk72_pos1#gt000,tts2_en_US-libritts_r-medium_spk72_pos1,gt_whole_clip,0.01,0.6086,complete,0.0,0.32,0.5094,-0.01,-0.2886,asr_energy_refined,0.09,-0.0386,False
tts2_en_US-libritts_r-medium_spk731_pos0#gt000,tts2_en_US-libritts_r-medium_spk731_pos0,gt_whole_clip,0.01,0.6884,complete,0.0,0.28,0.3922,-0.01,-0.4084,asr_energy_refined,0.08,-0.1184,False
tts2_en_US-libritts_r-medium_spk731_pos1#gt000,tts2_en_US-libritts_r-medium_spk731_pos1,gt_whole_clip,0.01,0.8181,complete,0.0,0.36,0.4278,-0.01,-0.4581,asr_energy_refined,0.09,-0.3481,False
tts2_en_US-libritts_r-medium_spk744_pos0#gt000,tts2_en_US-libritts_r-medium_spk744_pos0,gt_whole_clip,0.01,0.9279,complete,0.0,0.56,0.5927,-0.01,-0.3679,asr_energy_refined,0.06,-0.2479,False
tts2_en_US-libritts_r-medium_spk744_pos1#gt000,tts2_en_US-libritts_r-medium_spk744_pos1,gt_whole_clip,0.01,0.6485,complete,0.0,0.34,0.5089,-0.01,-0.3085,asr_energy_refined,0.06,-0.0785,False
tts2_en_US-libritts_r-medium_spk756_pos0#gt000,tts2_en_US-libritts_r-medium_spk756_pos0,gt_whole_clip,0.01,0.7383,complete,0.0,0.36,0.4741,-0.01,-0.3783,asr_energy_refined,0.05,-0.0583,False
tts2_en_US-libritts_r-medium_spk756_pos1#gt000,tts2_en_US-libritts_r-medium_spk756_pos1,gt_whole_clip,0.01,0.7583,complete,0.0,0.36,0.4616,-0.01,-0.3983,asr_energy_refined,0.08,-0.1483,False
tts2_en_US-libritts_r-medium_spk75_pos0#gt000,tts2_en_US-libritts_r-medium_spk75_pos0,gt_whole_clip,0.01,0.7683,complete,0.0,0.36,0.4556,-0.01,-0.4083,asr_energy_refined,0.1,-0.1483,False
tts2_en_US-libritts_r-medium_spk75_pos1#gt000,tts2_en_US-libritts_r-medium_spk75_pos1,gt_whole_clip,0.01,0.7583,fuzzy_complete,0.0,0.54,0.6989,-0.01,-0.2183,asr_energy_refined,0.09,-0.0883,False
tts2_en_US-libritts_r-medium_spk761_pos1#gt000,tts2_en_US-libritts_r-medium_spk761_pos1,gt_whole_clip,0.01,0.6785,fuzzy_complete,0.0,0.46,0.6632,-0.01,-0.2185,asr_energy_refined,0.07,-0.3085,False
tts2_en_US-libritts_r-medium_spk764_pos0#gt000,tts2_en_US-libritts_r-medium_spk764_pos0,gt_whole_clip,0.01,1.6662,complete,0.0,1.06,0.6302,-0.01,-0.6062,asr_energy_refined,0.08,-0.4562,False
tts2_en_US-libritts_r-medium_spk771_pos1#gt000,tts2_en_US-libritts_r-medium_spk771_pos1,gt_whole_clip,0.01,0.6785,fuzzy_complete,0.0,0.5,0.7222,-0.01,-0.1785,asr_energy_refined,0.07,-0.0585,False
tts2_en_US-libritts_r-medium_spk790_pos0#gt000,tts2_en_US-libritts_r-medium_spk790_pos0,gt_whole_clip,0.01,0.858,complete,0.0,0.46,0.5245,-0.01,-0.398,asr_energy_refined,0.12,-0.298,False
tts2_en_US-libritts_r-medium_spk790_pos1#gt000,tts2_en_US-libritts_r-medium_spk790_pos1,gt_whole_clip,0.01,0.7184,complete,0.0,0.34,0.4594,-0.01,-0.3784,asr_energy_refined,0.08,-0.2984,False
tts2_en_US-libritts_r-medium_spk791_pos0#gt000,tts2_en_US-libritts_r-medium_spk791_pos0,gt_whole_clip,0.01,0.7383,complete,0.0,0.34,0.447,-0.01,-0.3983,asr_energy_refined,0.07,-0.0983,False
tts2_en_US-libritts_r-medium_spk794_pos1#gt000,tts2_en_US-libritts_r-medium_spk794_pos1,gt_whole_clip,0.01,0.9279,complete,0.0,0.38,0.3987,-0.01,-0.5479,asr_energy_refined,0.07,-0.4579,False
tts2_en_US-libritts_r-medium_spk796_pos0#gt000,tts2_en_US-libritts_r-medium_spk796_pos0,gt_whole_clip,0.0,0.8381,complete,0.0,0.36,0.4295,0.0,-0.4781,asr_energy_refined,0.09,-0.4081,False
tts2_en_US-libritts_r-medium_spk796_pos1#gt000,tts2_en_US-libritts_r-medium_spk796_pos1,gt_whole_clip,0.01,0.9478,complete,0.0,0.46,0.4748,-0.01,-0.4878,asr_energy_refined,0.12,-0.2278,False
tts2_en_US-libritts_r-medium_spk801_pos0#gt000,tts2_en_US-libritts_r-medium_spk801_pos0,gt_whole_clip,0.01,0.878,complete,0.0,0.48,0.5353,-0.01,-0.398,asr_energy_refined,0.06,-0.098,False
tts2_en_US-libritts_r-medium_spk801_pos1#gt000,tts2_en_US-libritts_r-medium_spk801_pos1,gt_whole_clip,0.01,0.6485,complete,0.0,0.36,0.5397,-0.01,-0.2885,asr_energy_refined,0.06,-0.2385,False
tts2_en_US-libritts_r-medium_spk806_pos0#gt000,tts2_en_US-libritts_r-medium_spk806_pos0,gt_whole_clip,0.01,0.7483,complete,0.0,0.36,0.4677,-0.01,-0.3883,asr_energy_refined,0.08,-0.1183,False
tts2_en_US-libritts_r-medium_spk806_pos1#gt000,tts2_en_US-libritts_r-medium_spk806_pos1,gt_whole_clip,0.01,0.7882,fuzzy_complete,0.0,0.3,0.3679,-0.01,-0.4882,asr_energy_refined,0.09,-0.2182,False
tts2_en_US-libritts_r-medium_spk811_pos0#gt000,tts2_en_US-libritts_r-medium_spk811_pos0,gt_whole_clip,0.01,1.7959,complete,0.0,1.26,0.696,-0.01,-0.5359,asr_energy_refined,0.08,-0.0359,False
tts2_en_US-libritts_r-medium_spk811_pos1#gt000,tts2_en_US-libritts_r-medium_spk811_pos1,gt_whole_clip,0.01,1.317,complete,0.0,0.9,0.6758,-0.01,-0.417,asr_energy_refined,0.1,-0.047,False
tts2_en_US-libritts_r-medium_spk813_pos0#gt000,tts2_en_US-libritts_r-medium_spk813_pos0,gt_whole_clip,0.01,0.7483,complete,0.0,0.4,0.5212,-0.01,-0.3483,asr_energy_refined,0.11,-0.1483,False
tts2_en_US-libritts_r-medium_spk813_pos1#gt000,tts2_en_US-libritts_r-medium_spk813_pos1,gt_whole_clip,0.01,0.6485,complete,0.0,0.26,0.3855,-0.01,-0.3885,asr_energy_refined,0.08,-0.1085,False
tts2_en_US-libritts_r-medium_spk814_pos0#gt000,tts2_en_US-libritts_r-medium_spk814_pos0,gt_whole_clip,0.01,0.858,complete,0.0,0.48,0.5478,-0.01,-0.378,asr_energy_refined,0.06,-0.098,False
tts2_en_US-libritts_r-medium_spk814_pos1#gt000,tts2_en_US-libritts_r-medium_spk814_pos1,gt_whole_clip,0.01,0.7982,complete,0.0,0.38,0.4635,-0.01,-0.4182,asr_energy_refined,0.11,-0.0882,False
tts2_en_US-libritts_r-medium_spk815_pos0#gt000,tts2_en_US-libritts_r-medium_spk815_pos0,gt_whole_clip,0.01,1.0177,complete,0.0,0.5,0.4815,-0.01,-0.5177,asr_energy_refined,0.11,-0.1277,False
tts2_en_US-libritts_r-medium_spk815_pos1#gt000,tts2_en_US-libritts_r-medium_spk815_pos1,gt_whole_clip,0.01,1.0277,complete,0.0,0.54,0.5157,-0.01,-0.4877,asr_energy_refined,0.07,-0.1577,False
tts2_en_US-libritts_r-medium_spk820_pos0#gt000,tts2_en_US-libritts_r-medium_spk820_pos0,gt_whole_clip,0.01,0.7483,complete,0.0,0.34,0.441,-0.01,-0.4083,asr_energy_refined,0.07,-0.2983,False
tts2_en_US-libritts_r-medium_spk820_pos1#gt000,tts2_en_US-libritts_r-medium_spk820_pos1,gt_whole_clip,0.01,0.9079,complete,0.0,0.44,0.4736,-0.01,-0.4679,asr_energy_refined,0.08,-0.1979,False
tts2_en_US-libritts_r-medium_spk825_pos0#gt000,tts2_en_US-libritts_r-medium_spk825_pos0,gt_whole_clip,0.01,0.6785,complete,0.0,0.32,0.4569,-0.01,-0.3585,asr_energy_refined,0.04,-0.1285,False
tts2_en_US-libritts_r-medium_spk825_pos1#gt000,tts2_en_US-libritts_r-medium_spk825_pos1,gt_whole_clip,0.01,0.9079,complete,0.0,0.5,0.5397,-0.01,-0.4079,asr_energy_refined,0.1,-0.2979,False
tts2_en_US-libritts_r-medium_spk837_pos0#gt000,tts2_en_US-libritts_r-medium_spk837_pos0,gt_whole_clip,0.01,0.9379,fuzzy_complete,0.0,0.46,0.4798,-0.01,-0.4779,asr_energy_refined,0.07,-0.2379,False
tts2_en_US-libritts_r-medium_spk837_pos1#gt000,tts2_en_US-libritts_r-medium_spk837_pos1,gt_whole_clip,0.01,0.888,complete,0.0,0.46,0.5068,-0.01,-0.428,asr_energy_refined,0.07,-0.118,False
tts2_en_US-libritts_r-medium_spk838_pos0#gt000,tts2_en_US-libritts_r-medium_spk838_pos0,gt_whole_clip,0.01,0.6186,complete,0.0,0.32,0.5011,-0.01,-0.2986,asr_energy_refined,0.07,-0.0586,False
tts2_en_US-libritts_r-medium_spk838_pos1#gt000,tts2_en_US-libritts_r-medium_spk838_pos1,gt_whole_clip,0.0,0.7982,complete,0.0,0.44,0.5512,0.0,-0.3582,asr_energy_refined,0.09,-0.2582,False
tts2_en_US-libritts_r-medium_spk83_pos1#gt000,tts2_en_US-libritts_r-medium_spk83_pos1,gt_whole_clip,0.01,0.5986,complete,0.0,0.3,0.4845,-0.01,-0.2986,asr_energy_refined,0.09,-0.2086,False
tts2_en_US-libritts_r-medium_spk842_pos0#gt000,tts2_en_US-libritts_r-medium_spk842_pos0,gt_whole_clip,0.0,0.858,fuzzy_complete,0.0,0.36,0.4196,0.0,-0.498,asr_energy_refined,0.09,-0.218,False
tts2_en_US-libritts_r-medium_spk842_pos1#gt000,tts2_en_US-libritts_r-medium_spk842_pos1,gt_whole_clip,0.0,0.6585,complete,0.0,0.26,0.3948,0.0,-0.3985,asr_energy_refined,0.06,-0.1685,False
tts2_en_US-libritts_r-medium_spk846_pos0#gt000,tts2_en_US-libritts_r-medium_spk846_pos0,gt_whole_clip,0.01,0.6186,fuzzy_complete,0.0,0.32,0.5011,-0.01,-0.2986,asr_energy_refined,0.04,-0.1686,False
tts2_en_US-libritts_r-medium_spk846_pos1#gt000,tts2_en_US-libritts_r-medium_spk846_pos1,gt_whole_clip,0.01,0.5088,complete,0.0,0.26,0.4914,-0.01,-0.2488,asr_energy_refined,0.05,-0.1288,False
tts2_en_US-libritts_r-medium_spk848_pos0#gt000,tts2_en_US-libritts_r-medium_spk848_pos0,gt_whole_clip,0.01,0.6585,complete,0.0,0.34,0.5011,-0.01,-0.3185,asr_energy_refined,0.1,-0.0485,False
tts2_en_US-libritts_r-medium_spk848_pos1#gt000,tts2_en_US-libritts_r-medium_spk848_pos1,gt_whole_clip,0.01,0.6086,complete,0.0,0.32,0.5094,-0.01,-0.2886,asr_energy_refined,0.09,-0.0886,False
tts2_en_US-libritts_r-medium_spk849_pos0#gt000,tts2_en_US-libritts_r-medium_spk849_pos0,gt_whole_clip,0.01,0.7982,complete,0.0,0.4,0.4886,-0.01,-0.3982,asr_energy_refined,0.12,-0.0882,False
tts2_en_US-libritts_r-medium_spk849_pos1#gt000,tts2_en_US-libritts_r-medium_spk849_pos1,gt_whole_clip,0.01,0.6086,complete,0.0,0.32,0.5094,-0.01,-0.2886,asr_energy_refined,0.11,-0.0386,False
tts2_en_US-libritts_r-medium_spk850_pos1#gt000,tts2_en_US-libritts_r-medium_spk850_pos1,gt_whole_clip,0.0,0.7683,complete,0.0,0.4,0.5206,0.0,-0.3683,asr_energy_refined,0.11,-0.0883,False
tts2_en_US-libritts_r-medium_spk857_pos0#gt000,tts2_en_US-libritts_r-medium_spk857_pos0,gt_whole_clip,0.01,0.898,complete,0.0,0.5,0.5457,-0.01,-0.398,asr_energy_refined,0.07,-0.108,False
tts2_en_US-libritts_r-medium_spk857_pos1#gt000,tts2_en_US-libritts_r-medium_spk857_pos1,gt_whole_clip,0.01,1.1075,complete,0.0,0.68,0.605,-0.01,-0.4275,asr_energy_refined,0.08,-0.2975,False
tts2_en_US-libritts_r-medium_spk858_pos0#gt000,tts2_en_US-libritts_r-medium_spk858_pos0,gt_whole_clip,0.01,1.0077,complete,0.0,0.62,0.6053,-0.01,-0.3877,asr_energy_refined,0.07,-0.0777,False
tts2_en_US-libritts_r-medium_spk858_pos1#gt000,tts2_en_US-libritts_r-medium_spk858_pos1,gt_whole_clip,0.01,0.7283,fuzzy_complete,0.0,0.48,0.6453,-0.01,-0.2483,asr_energy_refined,0.06,-0.1783,False
tts2_en_US-libritts_r-medium_spk864_pos0#gt000,tts2_en_US-libritts_r-medium_spk864_pos0,gt_whole_clip,0.01,0.6685,complete,0.0,0.28,0.4039,-0.01,-0.3885,asr_energy_refined,0.05,-0.1185,False
tts2_en_US-libritts_r-medium_spk864_pos1#gt000,tts2_en_US-libritts_r-medium_spk864_pos1,gt_whole_clip,0.01,1.0077,complete,0.0,0.56,0.5458,-0.01,-0.4477,asr_energy_refined,0.08,-0.0877,False
tts2_en_US-libritts_r-medium_spk871_pos1#gt000,tts2_en_US-libritts_r-medium_spk871_pos1,gt_whole_clip,0.01,0.7583,complete,0.0,0.34,0.4352,-0.01,-0.4183,asr_energy_refined,0.06,-0.0983,False
tts2_en_US-libritts_r-medium_spk873_pos0#gt000,tts2_en_US-libritts_r-medium_spk873_pos0,gt_whole_clip,0.01,0.7882,complete,0.0,0.38,0.4694,-0.01,-0.4082,asr_energy_refined,0.09,-0.1882,False
tts2_en_US-libritts_r-medium_spk873_pos1#gt000,tts2_en_US-libritts_r-medium_spk873_pos1,gt_whole_clip,0.0,0.7184,fuzzy_complete,0.0,0.44,0.6125,0.0,-0.2784,asr_energy_refined,0.11,-0.1484,False
tts2_en_US-libritts_r-medium_spk876_pos0#gt000,tts2_en_US-libritts_r-medium_spk876_pos0,gt_whole_clip,0.01,0.7184,complete,0.0,0.3,0.4037,-0.01,-0.4184,asr_energy_refined,0.05,-0.1384,False
tts2_en_US-libritts_r-medium_spk876_pos1#gt000,tts2_en_US-libritts_r-medium_spk876_pos1,gt_whole_clip,0.0,1.0476,complete,0.0,0.6,0.5727,0.0,-0.4476,asr_energy_refined,0.09,-0.1676,False
tts2_en_US-libritts_r-medium_spk879_pos1#gt000,tts2_en_US-libritts_r-medium_spk879_pos1,gt_whole_clip,0.01,0.6984,complete,0.0,0.28,0.3866,-0.01,-0.4184,asr_energy_refined,0.06,-0.1784,False
tts2_en_US-libritts_r-medium_spk886_pos0#gt000,tts2_en_US-libritts_r-medium_spk886_pos0,gt_whole_clip,0.01,0.8281,complete,0.0,0.38,0.4468,-0.01,-0.4481,asr_energy_refined,0.1,-0.1181,False
tts2_en_US-libritts_r-medium_spk886_pos1#gt000,tts2_en_US-libritts_r-medium_spk886_pos1,gt_whole_clip,0.01,1.1474,complete,0.0,0.72,0.6188,-0.01,-0.4274,asr_energy_refined,0.1,-0.1174,False
tts2_en_US-libritts_r-medium_spk887_pos0#gt000,tts2_en_US-libritts_r-medium_spk887_pos0,gt_whole_clip,0.01,0.8381,complete,0.0,0.3,0.346,-0.01,-0.5381,asr_energy_refined,0.07,-0.1681,False
tts2_en_US-libritts_r-medium_spk887_pos1#gt000,tts2_en_US-libritts_r-medium_spk887_pos1,gt_whole_clip,0.01,0.9778,complete,0.0,0.44,0.4398,-0.01,-0.5378,asr_energy_refined,0.07,-0.2078,False
tts2_en_US-libritts_r-medium_spk88_pos0#gt000,tts2_en_US-libritts_r-medium_spk88_pos0,gt_whole_clip,0.01,0.6385,complete,0.0,0.3,0.4542,-0.01,-0.3385,asr_energy_refined,0.07,-0.0685,False
tts2_en_US-libritts_r-medium_spk88_pos1#gt000,tts2_en_US-libritts_r-medium_spk88_pos1,gt_whole_clip,0.01,0.7683,complete,0.0,0.34,0.4295,-0.01,-0.4283,asr_energy_refined,0.06,-0.0683,False
tts2_en_US-libritts_r-medium_spk892_pos0#gt000,tts2_en_US-libritts_r-medium_spk892_pos0,gt_whole_clip,0.01,0.7483,complete,0.0,0.46,0.6014,-0.01,-0.2883,asr_energy_refined,0.09,-0.0683,False
tts2_en_US-libritts_r-medium_spk892_pos1#gt000,tts2_en_US-libritts_r-medium_spk892_pos1,gt_whole_clip,0.01,0.6785,fuzzy_complete,0.0,0.42,0.6043,-0.01,-0.2585,asr_energy_refined,0.09,-0.1185,False
tts2_en_US-libritts_r-medium_spk898_pos0#gt000,tts2_en_US-libritts_r-medium_spk898_pos0,gt_whole_clip,0.01,0.6585,complete,0.0,0.34,0.5011,-0.01,-0.3185,asr_energy_refined,0.07,-0.0685,False
tts2_en_US-libritts_r-medium_spk898_pos1#gt000,tts2_en_US-libritts_r-medium_spk898_pos1,gt_whole_clip,0.01,1.1574,complete,0.0,0.8,0.6826,-0.01,-0.3574,asr_energy_refined,0.06,-0.0674,False
tts2_en_US-libritts_r-medium_spk900_pos0#gt000,tts2_en_US-libritts_r-medium_spk900_pos0,gt_whole_clip,0.0299,0.7283,complete,0.0,0.34,0.4258,-0.0299,-0.3883,asr_energy_refined,0.0601,-0.1183,False
tts2_en_US-libritts_r-medium_spk900_pos1#gt000,tts2_en_US-libritts_r-medium_spk900_pos1,gt_whole_clip,0.01,0.8281,complete,0.0,0.34,0.3985,-0.01,-0.4881,asr_energy_refined,0.1,-0.1781,False
tts2_en_US-libritts_r-medium_spk94_pos0#gt000,tts2_en_US-libritts_r-medium_spk94_pos0,gt_whole_clip,0.01,1.1973,complete,0.0,0.72,0.593,-0.01,-0.4773,asr_energy_refined,0.15,-0.2573,False
tts2_en_US-libritts_r-medium_spk94_pos1#gt000,tts2_en_US-libritts_r-medium_spk94_pos1,gt_whole_clip,0.01,1.0776,complete,0.0,0.5,0.4547,-0.01,-0.5776,asr_energy_refined,0.1,-0.4676,False
tts2_en_US-libritts_r-medium_spk9_pos0#gt000,tts2_en_US-libritts_r-medium_spk9_pos0,gt_whole_clip,0.01,1.5365,complete,0.0,1.04,0.6704,-0.01,-0.4965,asr_energy_refined,0.08,-0.1965,False
tts2_en_US-libritts_r-medium_spk9_pos1#gt000,tts2_en_US-libritts_r-medium_spk9_pos1,gt_whole_clip,0.01,0.6585,complete,0.0,0.32,0.4708,-0.01,-0.3385,asr_energy_refined,0.06,-0.0985,False
tts2_en_US-ljspeech-medium_spk0_pos0#gt000,tts2_en_US-ljspeech-medium_spk0_pos0,gt_whole_clip,0.0,0.8281,complete,0.0,0.38,0.4589,0.0,-0.4481,asr_energy_refined,0.05,-0.0381,False
tts2_en_US-ljspeech-medium_spk0_pos1#gt000,tts2_en_US-ljspeech-medium_spk0_pos1,gt_whole_clip,0.0,0.8281,complete,0.0,0.4,0.483,0.0,-0.4281,asr_energy_refined,0.03,-0.0881,False
tts2_en_US-mike-medium_spk0_pos0#gt000,tts2_en_US-mike-medium_spk0_pos0,gt_whole_clip,0.0798,0.6785,complete,0.0,0.36,0.413,-0.0798,-0.3185,asr_energy_refined,0.0402,-0.0485,False
tts2_en_US-mike-medium_spk0_pos1#gt000,tts2_en_US-mike-medium_spk0_pos1,gt_whole_clip,0.0499,0.6585,fuzzy_complete,0.0,0.38,0.5013,-0.0499,-0.2785,asr_energy_refined,0.0401,-0.0385,False
tts2_en_US-sam-medium_spk0_pos0#gt000,tts2_en_US-sam-medium_spk0_pos0,gt_whole_clip,0.1297,0.858,complete,0.0,0.44,0.3617,-0.1297,-0.418,asr_energy_refined,0.0303,-0.008,False
tts2_en_US-sam-medium_spk0_pos1#gt000,tts2_en_US-sam-medium_spk0_pos1,gt_whole_clip,0.1197,0.7583,complete,0.0,0.42,0.396,-0.1197,-0.3383,asr_energy_refined,0.0503,-0.0083,False
