file_id,recording_flag,flag_cleared_by_review
Ext-FLEURS-en_us-10010138729160973689,,False
Ext-FLEURS-en_us-1009709090964908274,,False
Ext-FLEURS-en_us-10280794863324544626,,False
Ext-FLEURS-en_us-10323357556845456822,,False
Ext-FLEURS-en_us-10344335557154974057,,False
Ext-FLEURS-en_us-10411016628242228511,,False
Ext-FLEURS-en_us-10493474598526206030,,False
Ext-FLEURS-en_us-10511964668971448587,,False
Ext-FLEURS-en_us-10606824155904794190,,False
Ext-FLEURS-en_us-10749355711908235873,,False
Ext-FLEURS-en_us-10894616243452123700,,False
Ext-FLEURS-en_us-10938576782105608041,,False
Ext-FLEURS-en_us-11200231708585274851,,False
Ext-FLEURS-en_us-11247703749960901557,,False
Ext-FLEURS-en_us-11265842188315045636,,False
Ext-FLEURS-en_us-11318597463051480163,,False
Ext-FLEURS-en_us-11483786862560523973,,False
Ext-FLEURS-en_us-11504385604540375365,,False
Ext-FLEURS-en_us-11617272550749387741,,False
Ext-FLEURS-en_us-11665346626937246597,,False
Ext-FLEURS-en_us-11705046490861852963,,False
Ext-FLEURS-en_us-11827077161070295147,,False
Ext-FLEURS-en_us-11853072634976133891,,False
Ext-FLEURS-en_us-12171142455141845626,,False
Ext-FLEURS-en_us-1218355507714944126,,False
Ext-FLEURS-en_us-12381237049043414166,,False
Ext-FLEURS-en_us-12387152084018483499,,False
Ext-FLEURS-en_us-12443760270511039663,,False
Ext-FLEURS-en_us-12470893547277455431,,False
Ext-FLEURS-en_us-12517884865939916901,,False
Ext-FLEURS-en_us-12596201646041937807,,False
Ext-FLEURS-en_us-1270296314827012368,,False
Ext-FLEURS-en_us-12742373433258665797,,False
Ext-FLEURS-en_us-12820699144181559822,,False
Ext-FLEURS-en_us-12906384443438076827,,False
Ext-FLEURS-en_us-1298409023920250606,,False
Ext-FLEURS-en_us-13029464143980259888,,False
Ext-FLEURS-en_us-13049690085129854387,,False
Ext-FLEURS-en_us-1307190059726935196,,False
Ext-FLEURS-en_us-13128254958003826368,,False
Ext-FLEURS-en_us-13130060533227294993,,False
Ext-FLEURS-en_us-13188441730885751421,,False
Ext-FLEURS-en_us-13359752682314548,,False
Ext-FLEURS-en_us-13362021168025680919,,False
Ext-FLEURS-en_us-13713355703439016228,,False
Ext-FLEURS-en_us-1372746700546513130,,False
Ext-FLEURS-en_us-13809395828339499811,,False
Ext-FLEURS-en_us-13837548118133175593,,False
Ext-FLEURS-en_us-1394697283561012104,,False
Ext-FLEURS-en_us-13998713976152451592,,False
Ext-FLEURS-en_us-14035920965134839197,,False
Ext-FLEURS-en_us-14115239728007650784,,False
Ext-FLEURS-en_us-14146977097620621690,,False
Ext-FLEURS-en_us-14353083584085318982,,False
Ext-FLEURS-en_us-1440053790916383804,,False
Ext-FLEURS-en_us-14472713183013529731,,False
Ext-FLEURS-en_us-14643126700888487830,,False
Ext-FLEURS-en_us-14780052696556980882,,False
Ext-FLEURS-en_us-14855926442890309286,,False
Ext-FLEURS-en_us-15060892134492879801,,False
Ext-FLEURS-en_us-15094027080386890060,,False
Ext-FLEURS-en_us-15462197415062072209,,False
Ext-FLEURS-en_us-15472366452348613907,,False
Ext-FLEURS-en_us-15505806025419963341,,False
Ext-FLEURS-en_us-156130586016414879,,False
Ext-FLEURS-en_us-15654985879045201103,,False
Ext-FLEURS-en_us-15739600005438498912,,False
Ext-FLEURS-en_us-15820671163473629623,,False
Ext-FLEURS-en_us-15824575839049156888,,False
Ext-FLEURS-en_us-1605300975319497622,,False
Ext-FLEURS-en_us-16131823300806444840,,False
Ext-FLEURS-en_us-16200495359369533302,,False
Ext-FLEURS-en_us-16249020005264010985,,False
Ext-FLEURS-en_us-16327101627424867030,,False
Ext-FLEURS-en_us-163369145011818208,,False
Ext-FLEURS-en_us-16522271426775743376,,False
Ext-FLEURS-en_us-16528325964292062857,,False
Ext-FLEURS-en_us-16545276994853978309,,False
Ext-FLEURS-en_us-16631812927540811343,,False
Ext-FLEURS-en_us-16685771406658302555,,False
Ext-FLEURS-en_us-16766787285057438836,,False
Ext-FLEURS-en_us-16817758965840412496,,False
Ext-FLEURS-en_us-17023935455389393902,,False
Ext-FLEURS-en_us-17158526797037461547,,False
Ext-FLEURS-en_us-17257800930548614745,,False
Ext-FLEURS-en_us-1727490782035998315,,False
Ext-FLEURS-en_us-17392214165625498386,,False
Ext-FLEURS-en_us-17406400587485166719,,False
Ext-FLEURS-en_us-17535235071289984666,,False
Ext-FLEURS-en_us-17567046183557458641,,False
Ext-FLEURS-en_us-17581818460988395551,,False
Ext-FLEURS-en_us-17623856607065799247,,False
Ext-FLEURS-en_us-17901982257181767377,,False
Ext-FLEURS-en_us-17953956109255745056,,False
Ext-FLEURS-en_us-18066939864018796519,,False
Ext-FLEURS-en_us-18080893208509673354,,False
Ext-FLEURS-en_us-18089255921943570546,,False
Ext-FLEURS-en_us-18202922830718982906,,False
Ext-FLEURS-en_us-18249328980235371168,,False
Ext-FLEURS-en_us-18352318493708579158,,False
Ext-FLEURS-en_us-18401388433019060091,,False
Ext-FLEURS-en_us-1944915261206096046,,False
Ext-FLEURS-en_us-1963592535181342965,,False
Ext-FLEURS-en_us-1970151869993494628,,False
Ext-FLEURS-en_us-1994306573920339783,,False
Ext-FLEURS-en_us-2024594662850694945,,False
Ext-FLEURS-en_us-2131672871539411072,,False
Ext-FLEURS-en_us-2254021119996292300,,False
Ext-FLEURS-en_us-2381187994276969930,,False
Ext-FLEURS-en_us-246428728867349252,,False
Ext-FLEURS-en_us-247528969435377408,,False
Ext-FLEURS-en_us-2637301866626572038,,False
Ext-FLEURS-en_us-2677167459739246091,,False
Ext-FLEURS-en_us-2736409325648829555,,False
Ext-FLEURS-en_us-2749300928979585932,,False
Ext-FLEURS-en_us-283614893570272908,,False
Ext-FLEURS-en_us-2866207319892896064,,False
Ext-FLEURS-en_us-2939761992885557861,,False
Ext-FLEURS-en_us-3236057319333367673,,False
Ext-FLEURS-en_us-3246112972111129481,,False
Ext-FLEURS-en_us-3401231636665586110,,False
Ext-FLEURS-en_us-3414700157664963361,,False
Ext-FLEURS-en_us-3466849611940856212,,False
Ext-FLEURS-en_us-3474684838723877021,,False
Ext-FLEURS-en_us-3553772547707478752,,False
Ext-FLEURS-en_us-3639051488396204031,,False
Ext-FLEURS-en_us-369662424302423610,,False
Ext-FLEURS-en_us-384435163157965470,,False
Ext-FLEURS-en_us-3926276660303924456,,False
Ext-FLEURS-en_us-394135166243682296,,False
Ext-FLEURS-en_us-3996353344156412065,,False
Ext-FLEURS-en_us-401178120420083523,,False
Ext-FLEURS-en_us-4484727000875589449,,False
Ext-FLEURS-en_us-4496786334735634498,,False
Ext-FLEURS-en_us-4578728585885434459,,False
Ext-FLEURS-en_us-4822858198053130558,,False
Ext-FLEURS-en_us-4822858934027125258,,False
Ext-FLEURS-en_us-4844570914389909899,,False
Ext-FLEURS-en_us-4872682023567074953,,False
Ext-FLEURS-en_us-4960341437383881404,,False
Ext-FLEURS-en_us-5059640273671690654,,False
Ext-FLEURS-en_us-5131184112261114926,,False
Ext-FLEURS-en_us-5196260640941390313,,False
Ext-FLEURS-en_us-5220085499631368243,,False
Ext-FLEURS-en_us-5260885647261312884,,False
Ext-FLEURS-en_us-5482406888941085018,,False
Ext-FLEURS-en_us-5498038997689553356,,False
Ext-FLEURS-en_us-5505398583576174352,,False
Ext-FLEURS-en_us-5529721028988116416,,False
Ext-FLEURS-en_us-5546513999592253497,,False
Ext-FLEURS-en_us-5767934843388875369,,False
Ext-FLEURS-en_us-5865390219641610051,,False
Ext-FLEURS-en_us-5866078581108668966,,False
Ext-FLEURS-en_us-5904418145588789259,,False
Ext-FLEURS-en_us-6055213138267211441,,False
Ext-FLEURS-en_us-608005572552850776,,False
Ext-FLEURS-en_us-6203495122297129260,,False
Ext-FLEURS-en_us-621925716775998155,,False
Ext-FLEURS-en_us-6261800542187882882,,False
Ext-FLEURS-en_us-6284223441572848962,,False
Ext-FLEURS-en_us-6332426715513825692,,False
Ext-FLEURS-en_us-6538398155791771629,,False
Ext-FLEURS-en_us-6615452215796933088,,False
Ext-FLEURS-en_us-6620311002113327699,,False
Ext-FLEURS-en_us-665356010601593238,,False
Ext-FLEURS-en_us-6698602092091460070,,False
Ext-FLEURS-en_us-6701991686450020774,,False
Ext-FLEURS-en_us-6745531990699497785,,False
Ext-FLEURS-en_us-6757317816154782558,,False
Ext-FLEURS-en_us-6817878979697223927,,False
Ext-FLEURS-en_us-6824515440136565318,,False
Ext-FLEURS-en_us-6852813781354643345,,False
Ext-FLEURS-en_us-6923678949967639873,,False
Ext-FLEURS-en_us-7197385702704991551,,False
Ext-FLEURS-en_us-7301728842091889171,,False
Ext-FLEURS-en_us-7644436983984138819,,False
Ext-FLEURS-en_us-7691076933585556685,,False
Ext-FLEURS-en_us-771164859457517955,,False
Ext-FLEURS-en_us-7714478204011509776,,False
Ext-FLEURS-en_us-7733319748371867842,,False
Ext-FLEURS-en_us-7783164194712761839,,False
Ext-FLEURS-en_us-7886295100481437768,,False
Ext-FLEURS-en_us-8126899585335816719,,False
Ext-FLEURS-en_us-8259791173436815888,,False
Ext-FLEURS-en_us-8263310139256169825,,False
Ext-FLEURS-en_us-8310039609116176436,,False
Ext-FLEURS-en_us-8395660467583137383,,False
Ext-FLEURS-en_us-8473036820953240930,,False
Ext-FLEURS-en_us-8756381645087147947,,False
Ext-FLEURS-en_us-9052682159806783261,,False
Ext-FLEURS-en_us-9078813348254504479,,False
Ext-FLEURS-en_us-9089212191853214530,,False
Ext-FLEURS-en_us-9092098889572728579,,False
Ext-FLEURS-en_us-9393095557904752800,,False
Ext-FLEURS-en_us-95606678053409405,,False
Ext-FLEURS-en_us-9781076737390802637,,False
Ext-FLEURS-en_us-9833173223298420094,,False
Ext-FLEURS-en_us-9842468802795533498,,False
Ext-FLEURS-en_us-9882585482935912523,,False
Ext-FLEURS-en_us-9951576861356531238,,False
Ext-FLEURS-fil_ph-10188505403545561735,,False
Ext-FLEURS-fil_ph-10205734654933651052,,False
Ext-FLEURS-fil_ph-10216030749281970597,,False
Ext-FLEURS-fil_ph-10219929383101029009,,False
Ext-FLEURS-fil_ph-10251779737312293456,,False
Ext-FLEURS-fil_ph-102677712382320737,,False
Ext-FLEURS-fil_ph-10271812356131567188,,False
Ext-FLEURS-fil_ph-10274329351007779361,,False
Ext-FLEURS-fil_ph-10314055527408393475,,False
Ext-FLEURS-fil_ph-10419745345864231274,,False
Ext-FLEURS-fil_ph-1047591799271925189,,False
Ext-FLEURS-fil_ph-10483973159284252708,,False
Ext-FLEURS-fil_ph-1063807200286277697,,False
Ext-FLEURS-fil_ph-106816859805880157,,False
Ext-FLEURS-fil_ph-10788851269191277959,,False
Ext-FLEURS-fil_ph-10896352054154425662,,False
Ext-FLEURS-fil_ph-10909921216387494073,,False
Ext-FLEURS-fil_ph-10935369062537512724,,False
Ext-FLEURS-fil_ph-10988912220132931124,,False
Ext-FLEURS-fil_ph-11071680341169669998,,False
Ext-FLEURS-fil_ph-11106088754450622998,,False
Ext-FLEURS-fil_ph-11159334361773072278,,False
Ext-FLEURS-fil_ph-11180797345974803929,,False
Ext-FLEURS-fil_ph-11182025460668631707,,False
Ext-FLEURS-fil_ph-11189885189170297175,,False
Ext-FLEURS-fil_ph-11250852501772710245,,False
Ext-FLEURS-fil_ph-11276468029278081271,,False
Ext-FLEURS-fil_ph-11303526834766074343,,False
Ext-FLEURS-fil_ph-11400000363846694554,,False
Ext-FLEURS-fil_ph-11418427560815418259,,False
Ext-FLEURS-fil_ph-11419397534925300308,,False
Ext-FLEURS-fil_ph-11472799106422560627,,False
Ext-FLEURS-fil_ph-11481288697482816836,,False
Ext-FLEURS-fil_ph-1149701086218069312,,False
Ext-FLEURS-fil_ph-11531321192667791873,,False
Ext-FLEURS-fil_ph-11566941578880239809,,False
Ext-FLEURS-fil_ph-11590344591408206335,,False
Ext-FLEURS-fil_ph-11621393494121984469,,False
Ext-FLEURS-fil_ph-11648444682324378319,,False
Ext-FLEURS-fil_ph-11698245630345603409,,False
Ext-FLEURS-fil_ph-11712542689347456893,,False
Ext-FLEURS-fil_ph-11770123864849837229,,False
Ext-FLEURS-fil_ph-11778718851351431019,,False
Ext-FLEURS-fil_ph-11911329579065070544,,False
Ext-FLEURS-fil_ph-11928221323183219006,,False
Ext-FLEURS-fil_ph-11991799404876964838,,False
Ext-FLEURS-fil_ph-12040208975638609701,,False
Ext-FLEURS-fil_ph-12050183980027005709,,False
Ext-FLEURS-fil_ph-12062179861782574229,,False
Ext-FLEURS-fil_ph-12090998397345343301,,False
Ext-FLEURS-fil_ph-12095924688278062679,,False
Ext-FLEURS-fil_ph-12110696757580050166,,False
Ext-FLEURS-fil_ph-12209205521111310702,,False
Ext-FLEURS-fil_ph-1221814186142076105,,False
Ext-FLEURS-fil_ph-12249911336423603632,,False
Ext-FLEURS-fil_ph-12272855897548716793,,False
Ext-FLEURS-fil_ph-12310967660039405893,,False
Ext-FLEURS-fil_ph-12344574778071666376,,False
Ext-FLEURS-fil_ph-12364171061220608014,,False
Ext-FLEURS-fil_ph-12364794197982456735,,False
Ext-FLEURS-fil_ph-12392282394680078893,,False
Ext-FLEURS-fil_ph-12393691121533589441,,False
Ext-FLEURS-fil_ph-12410682557702080231,,False
Ext-FLEURS-fil_ph-12508285122692706617,,False
Ext-FLEURS-fil_ph-12648401591630797196,,False
Ext-FLEURS-fil_ph-12817676829776407920,,False
Ext-FLEURS-fil_ph-12833684256439289396,,False
Ext-FLEURS-fil_ph-1283847568160945206,,False
Ext-FLEURS-fil_ph-12905217052826921667,,False
Ext-FLEURS-fil_ph-12916989860912683477,,False
Ext-FLEURS-fil_ph-12920868094563752188,,False
Ext-FLEURS-fil_ph-12925259701715471582,,False
Ext-FLEURS-fil_ph-12938442320277486132,,False
Ext-FLEURS-fil_ph-12942510203447164643,,False
Ext-FLEURS-fil_ph-12952157310223830655,,False
Ext-FLEURS-fil_ph-12955178139062485534,,False
Ext-FLEURS-fil_ph-13007731294021575654,,False
Ext-FLEURS-fil_ph-13036682321161113243,,False
Ext-FLEURS-fil_ph-13080844616415031134,,False
Ext-FLEURS-fil_ph-13096161233286026886,,False
Ext-FLEURS-fil_ph-13118769523261779662,,False
Ext-FLEURS-fil_ph-13175862217225189917,,False
Ext-FLEURS-fil_ph-13180322531676464710,,False
Ext-FLEURS-fil_ph-13280972816477358049,,False
Ext-FLEURS-fil_ph-13376259257521933912,,False
Ext-FLEURS-fil_ph-13401377658714800574,,False
Ext-FLEURS-fil_ph-13420583219833806479,,False
Ext-FLEURS-fil_ph-13433221587773928618,,False
Ext-FLEURS-fil_ph-13505148214028359138,,False
Ext-FLEURS-fil_ph-13557845526314430703,,False
Ext-FLEURS-fil_ph-1356581774548168913,,False
Ext-FLEURS-fil_ph-13585391856780914904,,False
Ext-FLEURS-fil_ph-13592707234357792259,,False
Ext-FLEURS-fil_ph-13648030245657930908,,False
Ext-FLEURS-fil_ph-13673731686996893211,,False
Ext-FLEURS-fil_ph-13702880842356535652,,False
Ext-FLEURS-fil_ph-13732154184515481264,,False
Ext-FLEURS-fil_ph-13841418757364267767,,False
Ext-FLEURS-fil_ph-13861513510708980481,,False
Ext-FLEURS-fil_ph-13870989776707358629,,False
Ext-FLEURS-fil_ph-13923478699659495895,,False
Ext-FLEURS-fil_ph-13978663974243012131,,False
Ext-FLEURS-fil_ph-14046929608311814431,,False
Ext-FLEURS-fil_ph-14051593124416812959,,False
Ext-FLEURS-fil_ph-14109049957994529249,,False
Ext-FLEURS-fil_ph-14129265254941935995,,False
Ext-FLEURS-fil_ph-14168849090886962155,,False
Ext-FLEURS-fil_ph-1419943591050835083,,False
Ext-FLEURS-fil_ph-14242498107044585870,,False
Ext-FLEURS-fil_ph-14254135579819390647,,False
Ext-FLEURS-fil_ph-14261007117740464247,,False
Ext-FLEURS-fil_ph-14374318312401334959,,False
Ext-FLEURS-fil_ph-14390236853783493333,,False
Ext-FLEURS-fil_ph-14491532966659696855,,False
Ext-FLEURS-fil_ph-14542585904474418039,,False
Ext-FLEURS-fil_ph-14564101294250376394,,False
Ext-FLEURS-fil_ph-14569534116353963188,,False
Ext-FLEURS-fil_ph-14653641151982307143,,False
Ext-FLEURS-fil_ph-14664116425229133157,,False
Ext-FLEURS-fil_ph-14721731833184137214,,False
Ext-FLEURS-fil_ph-14726071005989357576,,False
Ext-FLEURS-fil_ph-1474368424222471802,,False
Ext-FLEURS-fil_ph-14778651491268741358,,False
Ext-FLEURS-fil_ph-148197734797579838,,False
Ext-FLEURS-fil_ph-14828968843474340578,,False
Ext-FLEURS-fil_ph-1489284872452131324,,False
Ext-FLEURS-fil_ph-14978643684273517832,,False
Ext-FLEURS-fil_ph-14988944515694452671,,False
Ext-FLEURS-fil_ph-14996279846595700306,,False
Ext-FLEURS-fil_ph-15095641596593879292,,False
Ext-FLEURS-fil_ph-15113961788807735189,,False
Ext-FLEURS-fil_ph-15164266772867352377,,False
Ext-FLEURS-fil_ph-15207399904270176763,,False
Ext-FLEURS-fil_ph-15292241375274529687,,False
Ext-FLEURS-fil_ph-15303360752500965649,,False
Ext-FLEURS-fil_ph-15318285390416769507,,False
Ext-FLEURS-fil_ph-15323704855355141461,,False
Ext-FLEURS-fil_ph-1537918289965962071,,False
Ext-FLEURS-fil_ph-15478326293078381341,,False
Ext-FLEURS-fil_ph-15494151184554548453,,False
Ext-FLEURS-fil_ph-15698422438585953715,,False
Ext-FLEURS-fil_ph-15728761929651043457,,False
Ext-FLEURS-fil_ph-15748913345232592069,,False
Ext-FLEURS-fil_ph-15753334686786822636,,False
Ext-FLEURS-fil_ph-15845861324388346303,,False
Ext-FLEURS-fil_ph-15865758967334292131,,False
Ext-FLEURS-fil_ph-1587024252477278693,,False
Ext-FLEURS-fil_ph-15893151682400909164,,False
Ext-FLEURS-fil_ph-1590718080544963469,,False
Ext-FLEURS-fil_ph-15907951219622071388,,False
Ext-FLEURS-fil_ph-15951970530544162631,,False
Ext-FLEURS-fil_ph-15967474804560435346,,False
Ext-FLEURS-fil_ph-15972068040659083963,,False
Ext-FLEURS-fil_ph-15982527063487394456,,False
Ext-FLEURS-fil_ph-16009714903338473842,,False
Ext-FLEURS-fil_ph-16123995673809755828,,False
Ext-FLEURS-fil_ph-16144479716989029815,,False
Ext-FLEURS-fil_ph-16269992093412234926,,False
Ext-FLEURS-fil_ph-16321443075434225113,,False
Ext-FLEURS-fil_ph-16360358064982332673,,False
Ext-FLEURS-fil_ph-16368998501312977332,,False
Ext-FLEURS-fil_ph-16482330679754773130,,False
Ext-FLEURS-fil_ph-16517560323104556747,,False
Ext-FLEURS-fil_ph-16546607989930755087,,False
Ext-FLEURS-fil_ph-16592887474150810378,,False
Ext-FLEURS-fil_ph-16602026807060751696,,False
Ext-FLEURS-fil_ph-16626155773653319606,,False
Ext-FLEURS-fil_ph-16730658105130400554,,False
Ext-FLEURS-fil_ph-16738267209995275159,,False
Ext-FLEURS-fil_ph-16765516718848383461,,False
Ext-FLEURS-fil_ph-16766299739508166716,,False
Ext-FLEURS-fil_ph-16793342676027387915,,False
Ext-FLEURS-fil_ph-1682470258312549904,,False
Ext-FLEURS-fil_ph-16840497374288148417,,False
Ext-FLEURS-fil_ph-16841041662158068948,,False
Ext-FLEURS-fil_ph-16855716767168048010,,False
Ext-FLEURS-fil_ph-16871415110343092825,,False
Ext-FLEURS-fil_ph-16887955299362421869,,False
Ext-FLEURS-fil_ph-16927683862061276747,,False
Ext-FLEURS-fil_ph-16930667194576979436,,False
Ext-FLEURS-fil_ph-16965968285172616541,,False
Ext-FLEURS-fil_ph-16971417076182966325,,False
Ext-FLEURS-fil_ph-16979365259924565424,,False
Ext-FLEURS-fil_ph-17085603902342959501,,False
Ext-FLEURS-fil_ph-17121551411617236925,,False
Ext-FLEURS-fil_ph-17143076441285805580,,False
Ext-FLEURS-fil_ph-17313638694682172939,,False
Ext-FLEURS-fil_ph-17360055894085256864,,False
Ext-FLEURS-fil_ph-1741105023325758279,,False
Ext-FLEURS-fil_ph-17499814557287319562,,False
Ext-FLEURS-fil_ph-17518988430680842792,,False
Ext-FLEURS-fil_ph-17562397494150774884,,False
Ext-FLEURS-fil_ph-17582754429728545639,,False
Ext-FLEURS-fil_ph-17621806792115336331,,False
Ext-FLEURS-fil_ph-17709106475158883098,,False
Ext-FLEURS-fil_ph-17764402995052589235,,False
Ext-FLEURS-fil_ph-17848386843727825770,,False
Ext-FLEURS-fil_ph-17875978573063096916,,False
Ext-FLEURS-fil_ph-17926569329444031831,,False
Ext-FLEURS-fil_ph-17954348965861762348,,False
Ext-FLEURS-fil_ph-18009120145102239460,,False
Ext-FLEURS-fil_ph-18053488118684568810,,False
Ext-FLEURS-fil_ph-18059396948243856347,,False
Ext-FLEURS-fil_ph-1807113589411320751,,False
Ext-FLEURS-fil_ph-18208027048107720749,,False
Ext-FLEURS-fil_ph-18271572627572741184,,False
Ext-FLEURS-fil_ph-18275368850301720151,,False
Ext-FLEURS-fil_ph-18324488453540586751,,False
Ext-FLEURS-fil_ph-18377701082573505078,,False
Ext-FLEURS-fil_ph-18417886510354509877,,False
Ext-FLEURS-fil_ph-1983912766153365868,,False
Ext-FLEURS-fil_ph-2144671315376848577,,False
Ext-FLEURS-fil_ph-2210767966143313068,,False
Ext-FLEURS-fil_ph-222039546114297767,,False
Ext-FLEURS-fil_ph-2299435147213901999,,False
Ext-FLEURS-fil_ph-2420327855006896956,,False
Ext-FLEURS-fil_ph-2447157812027353716,,False
Ext-FLEURS-fil_ph-2473562488035964933,,False
Ext-FLEURS-fil_ph-2538980253957921939,,False
Ext-FLEURS-fil_ph-2539483350868500451,,False
Ext-FLEURS-fil_ph-2545346884214934860,,False
Ext-FLEURS-fil_ph-2560717802227861560,,False
Ext-FLEURS-fil_ph-2573290304477051562,,False
Ext-FLEURS-fil_ph-2690538147533131599,,False
Ext-FLEURS-fil_ph-2706328634709791448,,False
Ext-FLEURS-fil_ph-2793183213907175380,,False
Ext-FLEURS-fil_ph-2849755891877316075,,False
Ext-FLEURS-fil_ph-2917309806205859894,,False
Ext-FLEURS-fil_ph-2965510848301429381,,False
Ext-FLEURS-fil_ph-3013425545043678699,,False
Ext-FLEURS-fil_ph-3045100548978712322,,False
Ext-FLEURS-fil_ph-3075253886656038657,,False
Ext-FLEURS-fil_ph-3097500141391924706,,False
Ext-FLEURS-fil_ph-3259792531469488956,,False
Ext-FLEURS-fil_ph-3262971733914464712,,False
Ext-FLEURS-fil_ph-3297324727447145446,,False
Ext-FLEURS-fil_ph-3304493550778004483,,False
Ext-FLEURS-fil_ph-3308572985415826569,,False
Ext-FLEURS-fil_ph-3340209134037128354,,False
Ext-FLEURS-fil_ph-3403372746633193859,,False
Ext-FLEURS-fil_ph-3486533085102238506,,False
Ext-FLEURS-fil_ph-3589070467696621725,,False
Ext-FLEURS-fil_ph-3603032911310462389,,False
Ext-FLEURS-fil_ph-3622544179169914047,,False
Ext-FLEURS-fil_ph-3634551871949607781,,False
Ext-FLEURS-fil_ph-3639216735443763476,,False
Ext-FLEURS-fil_ph-365792843919648014,,False
Ext-FLEURS-fil_ph-3742957232763223531,,False
Ext-FLEURS-fil_ph-3768659311845021527,,False
Ext-FLEURS-fil_ph-3884897436998788941,,False
Ext-FLEURS-fil_ph-3903899948708259628,,False
Ext-FLEURS-fil_ph-3921006041534785830,,False
Ext-FLEURS-fil_ph-3921039190800621420,,False
Ext-FLEURS-fil_ph-393593343593422040,,False
Ext-FLEURS-fil_ph-3950947373888254092,,False
Ext-FLEURS-fil_ph-3994834029689408583,,False
Ext-FLEURS-fil_ph-40546561072581186,,False
Ext-FLEURS-fil_ph-4087733292360312502,,False
Ext-FLEURS-fil_ph-4139527534540995730,,False
Ext-FLEURS-fil_ph-4154703224243891377,,False
Ext-FLEURS-fil_ph-4192980594430141056,,False
Ext-FLEURS-fil_ph-4220372342544715886,,False
Ext-FLEURS-fil_ph-4238445284899721244,,False
Ext-FLEURS-fil_ph-4265511436937630540,,False
Ext-FLEURS-fil_ph-433138559673150237,,False
Ext-FLEURS-fil_ph-4405570339866844945,,False
Ext-FLEURS-fil_ph-44286028718825572,,False
Ext-FLEURS-fil_ph-4511788498226496909,,False
Ext-FLEURS-fil_ph-4538519911189354189,,False
Ext-FLEURS-fil_ph-4551988613592722337,,False
Ext-FLEURS-fil_ph-4578767644422220763,,False
Ext-FLEURS-fil_ph-4626424647048202826,,False
Ext-FLEURS-fil_ph-4638792221166800076,,False
Ext-FLEURS-fil_ph-4642982493762475753,,False
Ext-FLEURS-fil_ph-4746398077935853458,,False
Ext-FLEURS-fil_ph-4762937886795539235,,False
Ext-FLEURS-fil_ph-4959847211857249127,,False
Ext-FLEURS-fil_ph-503971076793297566,,False
Ext-FLEURS-fil_ph-50659203026003932,,False
Ext-FLEURS-fil_ph-5089332943341584755,,False
Ext-FLEURS-fil_ph-5158012498170403808,,False
Ext-FLEURS-fil_ph-5188076868538946599,,False
Ext-FLEURS-fil_ph-5245871375383175543,,False
Ext-FLEURS-fil_ph-5283770560412747363,,False
Ext-FLEURS-fil_ph-5289061687276450105,,False
Ext-FLEURS-fil_ph-5341225086961009811,,False
Ext-FLEURS-fil_ph-5373599101267089393,,False
Ext-FLEURS-fil_ph-5470440344060623078,,False
Ext-FLEURS-fil_ph-5495290645559467416,,False
Ext-FLEURS-fil_ph-552803008718300017,,False
Ext-FLEURS-fil_ph-5537296525168519193,,False
Ext-FLEURS-fil_ph-5574641220312183723,,False
Ext-FLEURS-fil_ph-5688338899456566759,,False
Ext-FLEURS-fil_ph-5718011846021250760,,False
Ext-FLEURS-fil_ph-5723025343253382523,,False
Ext-FLEURS-fil_ph-5740367592317918509,,False
Ext-FLEURS-fil_ph-5807869763607473849,,False
Ext-FLEURS-fil_ph-5818063736471069128,,False
Ext-FLEURS-fil_ph-5864417939358449617,,False
Ext-FLEURS-fil_ph-5878013299347400528,,False
Ext-FLEURS-fil_ph-5893976336441215764,,False
Ext-FLEURS-fil_ph-5968227117966589833,,False
Ext-FLEURS-fil_ph-599389846279174757,,False
Ext-FLEURS-fil_ph-6024491979138860032,,False
Ext-FLEURS-fil_ph-6048599192875942529,,False
Ext-FLEURS-fil_ph-6085697056424177762,,False
Ext-FLEURS-fil_ph-6138326405678439002,,False
Ext-FLEURS-fil_ph-6149703943783240665,,False
Ext-FLEURS-fil_ph-6163085659674419912,,False
Ext-FLEURS-fil_ph-6200268841368021043,,False
Ext-FLEURS-fil_ph-6213182768878189763,,False
Ext-FLEURS-fil_ph-6216334538815212099,,False
Ext-FLEURS-fil_ph-6355465028493546877,,False
Ext-FLEURS-fil_ph-6449671573396039056,,False
Ext-FLEURS-fil_ph-6592727962447266884,,False
Ext-FLEURS-fil_ph-6599159734650476680,,False
Ext-FLEURS-fil_ph-6606002925577290652,,False
Ext-FLEURS-fil_ph-6681941059326780432,,False
Ext-FLEURS-fil_ph-6718343593529657762,,False
Ext-FLEURS-fil_ph-6736723179445868923,,False
Ext-FLEURS-fil_ph-67709398342523356,,False
Ext-FLEURS-fil_ph-6788151641600183791,,False
Ext-FLEURS-fil_ph-6803228042616210385,,False
Ext-FLEURS-fil_ph-6856403706791278491,,False
Ext-FLEURS-fil_ph-6868032465674236941,,False
Ext-FLEURS-fil_ph-6880449643386864963,,False
Ext-FLEURS-fil_ph-7007346668401200063,,False
Ext-FLEURS-fil_ph-7022969895887600262,,False
Ext-FLEURS-fil_ph-7065196720180894126,,False
Ext-FLEURS-fil_ph-717587106588369697,,False
Ext-FLEURS-fil_ph-7236182895802335623,,False
Ext-FLEURS-fil_ph-7280214741912911670,,False
Ext-FLEURS-fil_ph-7299488500851366217,,False
Ext-FLEURS-fil_ph-7307587719964696184,,False
Ext-FLEURS-fil_ph-7328272507637543709,,False
Ext-FLEURS-fil_ph-7338960520289333847,,False
Ext-FLEURS-fil_ph-7339898716440487444,,False
Ext-FLEURS-fil_ph-7371981509817508710,,False
Ext-FLEURS-fil_ph-7405444370938666080,,False
Ext-FLEURS-fil_ph-7420974980717898551,,False
Ext-FLEURS-fil_ph-7468672657822966591,,False
Ext-FLEURS-fil_ph-7488183329100451637,,False
Ext-FLEURS-fil_ph-7490931920824667118,,False
Ext-FLEURS-fil_ph-7501525830608573322,,False
Ext-FLEURS-fil_ph-7506780023263693750,,False
Ext-FLEURS-fil_ph-7545355297701829343,,False
Ext-FLEURS-fil_ph-770653863479631523,,False
Ext-FLEURS-fil_ph-7775187918468437621,,False
Ext-FLEURS-fil_ph-7787817486216889076,,False
Ext-FLEURS-fil_ph-7832842256300480069,,False
Ext-FLEURS-fil_ph-7870341061298564850,,False
Ext-FLEURS-fil_ph-7886788117081971263,,False
Ext-FLEURS-fil_ph-7891298714042328376,,False
Ext-FLEURS-fil_ph-796697438859382166,,False
Ext-FLEURS-fil_ph-7975260755291195181,,False
Ext-FLEURS-fil_ph-8008846189219649271,,False
Ext-FLEURS-fil_ph-8019457647510104910,,False
Ext-FLEURS-fil_ph-8197511487534173250,,False
Ext-FLEURS-fil_ph-8205636372494310430,,False
Ext-FLEURS-fil_ph-8211853541108449697,,False
Ext-FLEURS-fil_ph-8222755562093736904,,False
Ext-FLEURS-fil_ph-8256514428899908747,,False
Ext-FLEURS-fil_ph-8300129586641428778,,False
Ext-FLEURS-fil_ph-8311904833653768568,,False
Ext-FLEURS-fil_ph-8342608286734119603,,False
Ext-FLEURS-fil_ph-8351711242328097391,,False
Ext-FLEURS-fil_ph-8389334931605330142,,False
Ext-FLEURS-fil_ph-8453380134446082437,,False
Ext-FLEURS-fil_ph-846890543794264968,,False
Ext-FLEURS-fil_ph-853483974334199340,,False
Ext-FLEURS-fil_ph-8607516793589371159,,False
Ext-FLEURS-fil_ph-8632779891804466669,,False
Ext-FLEURS-fil_ph-8716672220588815152,,False
Ext-FLEURS-fil_ph-8740969746842512824,,False
Ext-FLEURS-fil_ph-8834180313709555691,,False
Ext-FLEURS-fil_ph-8926952161245725750,,False
Ext-FLEURS-fil_ph-8989405021675972762,,False
Ext-FLEURS-fil_ph-8995972629588575521,,False
Ext-FLEURS-fil_ph-9057319878172360457,,False
Ext-FLEURS-fil_ph-9217854676027478745,,False
Ext-FLEURS-fil_ph-9291046959068844838,,False
Ext-FLEURS-fil_ph-929128186274313431,,False
Ext-FLEURS-fil_ph-9377945613065954414,,False
Ext-FLEURS-fil_ph-9382673088512975596,,False
Ext-FLEURS-fil_ph-9386144200892131828,,False
Ext-FLEURS-fil_ph-9417907605595004289,,False
Ext-FLEURS-fil_ph-9487299615297682553,,False
Ext-FLEURS-fil_ph-9490111831281844995,,False
Ext-FLEURS-fil_ph-9498785128397784958,,False
Ext-FLEURS-fil_ph-9647202794959714146,,False
Ext-FLEURS-fil_ph-96621842108468064,,False
Ext-FLEURS-fil_ph-9692556760378793896,,False
Ext-FLEURS-fil_ph-9720748213534894779,,False
Ext-FLEURS-fil_ph-9757353198118435623,,False
Ext-FLEURS-fil_ph-9789457218587293207,,False
Ext-FLEURS-fil_ph-9853602409442745717,,False
Ext-FLEURS-fil_ph-9865460167420123203,,False
Ext-FLEURS-fil_ph-9934925698909001271,,False
Ext-FLEURS-fil_ph-9972299362206224225,,False
Ext-FLEURS-fil_ph-9999072375749862197,,False
Ext-HeySnips-00262ff8-8565-4bef-9f74-03f0c16e40ae,,False
Ext-HeySnips-003fd7ef-5c45-49b0-b750-d986473ab116,,False
Ext-HeySnips-00572fc7-fb62-4ae8-9927-7dd311aefede,,False
Ext-HeySnips-0072b8d1-63cb-4337-a4e8-298eca08e1c9,,False
Ext-HeySnips-007727a3-a632-4955-bc22-0f51e373e9b8,,False
Ext-HeySnips-009c370d-0626-4aa1-9f52-e5186b22a12d,,False
Ext-HeySnips-00a9a86c-7b8e-4bb6-8a0f-fb723e6322b7,,False
Ext-HeySnips-00c97753-ef0f-4ca9-9664-d04087aafbbd,,False
Ext-HeySnips-00e9042d-f5d9-461d-9a5b-aa84304d5944,,False
Ext-HeySnips-00fa6997-2bb9-4697-b496-93c89d80c0f0,,False
Ext-HeySnips-010466b5-38fa-4c1e-8162-673bf8eab633,,False
Ext-HeySnips-0133b912-7991-4086-a94f-7214729d994e,,False
Ext-HeySnips-0151a1c7-f568-49ef-a091-f230e63676b2,,False
Ext-HeySnips-017064ae-7a88-48e2-90bb-77074b05897c,,False
Ext-HeySnips-01839934-6207-450c-a135-1cf3163e3f37,,False
Ext-HeySnips-0186425a-2b6c-4827-be71-d0ed732a3444,,False
Ext-HeySnips-01891f68-1027-4045-be12-7ca1fc2dd810,,False
Ext-HeySnips-01b66bdf-4de9-4c86-9558-c0fc38b9a153,,False
Ext-HeySnips-01ce9899-ce46-4ae5-941a-04a3f931acc6,,False
Ext-HeySnips-01dd8405-6ba5-47e1-a4b7-c32b1e1e3099,,False
Ext-HeySnips-01ddae9d-d65c-4942-9baa-83f76bf544fa,,False
Ext-HeySnips-01e25956-a6e5-4889-a91c-d5a349cfcb6f,,False
Ext-HeySnips-01f79fe3-c114-45a9-bf1a-25de61368704,,False
Ext-HeySnips-0207540c-64d4-41f2-b044-c6621ffb162d,,False
Ext-HeySnips-020f1271-2474-4f87-b1f9-b09e8ff61595,,False
Ext-HeySnips-0211a2d8-0be9-4edc-9bc2-70767422bf28,,False
Ext-HeySnips-022a353d-2e7c-4786-91b7-691fbe53c3e0,,False
Ext-HeySnips-02350d3d-f8d1-4300-9aa1-a5438f7c5381,,False
Ext-HeySnips-02604975-effe-4b55-8ca0-9e101b08b662,,False
Ext-HeySnips-02623312-553c-43a0-8ed4-9175d2371282,,False
Ext-HeySnips-026b5d9a-e217-4048-a938-e389d12f3763,,False
Ext-HeySnips-0273c609-005d-457b-a88f-5ff2e65a48a9,,False
Ext-HeySnips-02763e42-7864-4f71-bbc0-7c41fae82520,,False
Ext-HeySnips-029f3d83-990b-4279-87ef-f675c79fd0d8,,False
Ext-HeySnips-02be2aba-3b51-45f2-937b-cdb01b7707b2,,False
Ext-HeySnips-02e25c40-d481-484d-a911-92360c613ff8,,False
Ext-HeySnips-02ed48d0-b5f2-494e-bb7c-447b5e357e57,,False
Ext-HeySnips-02f921bc-ce3f-4644-9a2f-94951c100aca,,False
Ext-HeySnips-0328233c-fcb9-48ae-90f2-b078c5a78512,,False
Ext-HeySnips-03292f28-aaef-4935-828d-e446670b992c,,False
Ext-HeySnips-033f9c65-3644-41ea-8e6b-8e071b28e907,,False
Ext-HeySnips-035ca215-a650-49b7-bb4e-047f185c1a44,,False
Ext-HeySnips-0362915c-95a5-429c-a871-092fbe1a5460,,False
Ext-HeySnips-038b8ae4-2431-484b-98ec-2787f5b85d5c,,False
Ext-HeySnips-038dba1a-fb85-4456-8056-5158182db41b,,False
Ext-HeySnips-03949b72-dd34-48af-b44e-038098b3f7d1,,False
Ext-HeySnips-03acf0e0-fcf6-42a5-92e2-4e8c7bd662b5,,False
Ext-HeySnips-03c81cf3-57d2-4405-b4fa-a96a8f4f19df,,False
Ext-HeySnips-03db7f6e-f1eb-4ab6-999f-a15190a2a47b,,False
Ext-HeySnips-03f9b00e-3435-496d-826e-356afe31d32e,,False
Ext-HeySnips-04367c46-740d-4187-8a48-c31249ef4673,,False
Ext-HeySnips-0437bac9-e91d-4f88-9bca-05447d528e30,,False
Ext-HeySnips-044771b6-36a3-47a9-bd0a-a35b8f8f54be,,False
Ext-HeySnips-047b667f-17dc-411c-9fe6-aa152139e60d,,False
Ext-HeySnips-047cd320-0395-491a-a9dd-d5e5c226e833,,False
Ext-HeySnips-047e897f-b90d-40d1-ae89-662fc6be2870,,False
Ext-HeySnips-0486608d-332a-4a13-ac10-7a385b067962,,False
Ext-HeySnips-04a117e3-2538-48be-b5f9-ebb0fb3577fe,,False
Ext-HeySnips-04ae31f4-d272-4e7e-92de-68be3ec6413d,,False
Ext-HeySnips-04e69442-baf4-4477-b250-23ee7bdf41b9,,False
Ext-HeySnips-04fccade-6834-4c14-988d-501f3ddfdacf,,False
Ext-HeySnips-051953a4-35ee-4baa-be6e-281ffd7786fb,,False
Ext-HeySnips-0524f5bf-2cab-48d2-90c3-96de90cd0b83,,False
Ext-HeySnips-053558a1-aa3a-4138-9d59-1f07dd316392,,False
Ext-HeySnips-05360197-0d48-4209-baed-d3677f66fd1c,,False
Ext-HeySnips-0552d220-aa74-4ce5-90d3-4eacf68d8d6f,,False
Ext-HeySnips-0557497b-e279-47ea-8b84-d385e62967a9,,False
Ext-HeySnips-055c9392-337a-4a34-b6ad-248f12444fe7,,False
Ext-HeySnips-0564eb9a-7722-4bfb-b4de-605a7520bebc,,False
Ext-HeySnips-056cda05-4945-4b97-926b-fa37ba9a079c,,False
Ext-HeySnips-0579e4d1-5c4c-4b9a-aa97-07d5fb1ebe83,,False
Ext-HeySnips-058da22b-447d-45c9-bf7a-38a8aff3a3eb,,False
Ext-HeySnips-0593fd5e-0fbb-4ae9-9994-0c3aac60f9e9,,False
Ext-HeySnips-05d9cc92-3b48-4061-9b9f-73c4dbbe3cbf,,False
Ext-HeySnips-06388da0-9183-49af-b6bb-546003e5c49d,,False
Ext-HeySnips-06746d6d-39ca-4b30-aa8a-76c8c2857299,,False
Ext-HeySnips-068fd4d2-6516-453f-8c23-8a030ac15e01,,False
Ext-HeySnips-0697fe29-32f2-4ae7-8141-7a93a5990171,,False
Ext-HeySnips-06a7a473-0927-4c74-a923-6e52752399e7,,False
Ext-HeySnips-06c22b63-374a-4196-966b-b03d0271830d,,False
Ext-HeySnips-06d394f1-4c56-47f2-98e7-6fa347334685,,False
Ext-HeySnips-06f4a459-1a8c-4236-ab70-5b6cb5d46b47,,False
Ext-HeySnips-06f9c781-d51b-43a5-bbe5-7f539f3a505c,,False
Ext-HeySnips-06ff33ed-0ebc-4df7-a679-1d6556ed9ee9,,False
Ext-HeySnips-071172c3-63f3-4157-8b60-71b061f92468,,False
Ext-HeySnips-074afe6f-e494-494d-93c7-78584cf790a6,,False
Ext-HeySnips-074c1cc9-6f21-48d4-a167-216a47b13fba,,False
Ext-HeySnips-074c7105-e6c6-4849-9c60-2cd6b5ec4111,,False
Ext-HeySnips-07514b48-62c4-47cd-b7d6-13c3ff7fc4d9,,False
Ext-HeySnips-0752b9db-c980-4084-9b0e-2db6db86d405,,False
Ext-HeySnips-075fec40-4e7e-4a1e-b270-d088535208f0,,False
Ext-HeySnips-077e0152-f584-4212-becf-947da8cc441e,,False
Ext-HeySnips-07ac47a1-0c5c-4467-99b0-c2cabede34ee,,False
Ext-HeySnips-07b6a1f4-b07b-4388-af2a-cd02ce5bff95,,False
Ext-HeySnips-07bc9ff6-f0b4-4c71-a337-10e38c02620b,,False
Ext-HeySnips-07c59b7b-1607-4113-b504-72ccfcc3c21c,,False
Ext-HeySnips-07ce04ff-2b24-4bb4-97ae-6671ebd917b6,,False
Ext-HeySnips-07ff3285-efd3-4d66-87e0-3c5b19a9a8ae,,False
Ext-HeySnips-08089402-bcd7-453a-bd9a-05479dabef00,,False
Ext-HeySnips-0810579a-474a-49da-82b9-3af75477acc1,,False
Ext-HeySnips-08128f1d-79b9-4adc-84f3-a283628d64ae,,False
Ext-HeySnips-081998a0-5ca2-4acd-ab8f-1565a1392954,,False
Ext-HeySnips-081cd36f-c662-49be-a2ec-f243936c053e,,False
Ext-HeySnips-0823d50a-aa45-4182-96c6-9fa6fed610fc,,False
Ext-HeySnips-083d4f12-18c3-46e0-a8ab-89e582007c23,,False
Ext-HeySnips-08427c0e-56c5-4405-af7b-f60ca527977f,,False
Ext-HeySnips-086adccf-6f73-436b-9b39-af267594a5ca,,False
Ext-HeySnips-08755ba1-5ccf-4dc4-a8b8-b89e84668ca0,,False
Ext-HeySnips-0888e5d3-0631-49b6-9c1d-51e2008b4855,,False
Ext-HeySnips-08b1a56a-71f8-458b-9808-5885ef0ebaaf,,False
Ext-HeySnips-08d37998-cbce-4658-b39f-6e27f1458ecd,,False
Ext-HeySnips-08f25feb-97b0-4dee-8ac5-895a7a01e163,,False
Ext-HeySnips-08f5a184-a689-4beb-900f-fea063da17fa,,False
Ext-HeySnips-08f87a07-31ae-41ab-a5a5-ec024cfe3fc1,,False
Ext-HeySnips-090b4af7-a82c-4d2f-9618-a18b00e5a172,,False
Ext-HeySnips-09139f7d-614c-4243-8df4-9f9ac0a030c6,,False
Ext-HeySnips-0919a4dc-4ac4-42a8-816e-2bc554626a25,,False
Ext-HeySnips-092c80d4-ca06-4cce-b024-e3c2f3f43ca1,,False
Ext-HeySnips-093eb4c0-ca64-449e-900d-2b0e6e80a321,,False
Ext-HeySnips-096fd560-71cd-4881-bf52-467785a400b4,,False
Ext-HeySnips-09af997f-0270-4b36-b8c0-5c29ccbc0615,,False
Ext-HeySnips-09fea91b-6e86-45db-8070-5f2e79207f3b,,False
Ext-HeySnips-0a2f0d7f-522e-4d84-8cd1-529771b6950b,,False
Ext-HeySnips-0a4c0d1d-8cec-42ea-8e4f-1819918ea0d8,,False
Ext-HeySnips-0a608a38-6779-4013-9c7f-48d4c630c583,,False
Ext-HeySnips-0a70b6d8-3902-491d-a3bd-e850ef0c8ac6,,False
Ext-HeySnips-0a9081e9-5c48-4f23-a3c9-3bc1562fd9d6,,False
Ext-HeySnips-0aa476f9-3a30-47b1-93ee-9ad680292f34,,False
Ext-HeySnips-0ab2f4ff-9a43-4270-bee0-c94b129215d6,,False
Ext-HeySnips-0acb4e7e-d186-4df3-ae51-7f73b61b3bf4,,False
Ext-HeySnips-0ae8eb09-de4b-444e-88ee-0913f4667010,,False
Ext-HeySnips-0af0f923-f5f0-4912-8ef2-61c2fab58e45,,False
Ext-HeySnips-0afe0927-137c-4cf1-b1bb-23d1635bb852,,False
Ext-HeySnips-0b548ed0-8eda-44e4-88b1-00a4e3ded947,,False
Ext-HeySnips-0b56e615-5d05-405e-9ac1-0e1510e7363c,,False
Ext-HeySnips-0bb93647-6343-4baa-9d2f-df6f808222bb,,False
Ext-HeySnips-0bec2b33-3526-4ec1-8043-6622a7cc8178,,False
Ext-HeySnips-0c0b0da7-752a-499d-ab38-bce829334de8,,False
Ext-HeySnips-0c180293-c2b8-4696-9742-062f0a348a77,,False
Ext-HeySnips-0c2f27fa-cef9-4db0-8f9e-b96dad4c1541,,False
Ext-HeySnips-0c386d76-4bdc-47a3-b92a-d4978591aee6,,False
Ext-HeySnips-0c48bd80-8bde-4d0e-a4b0-63ce4eec2fab,,False
Ext-HeySnips-0c574f89-d46f-4766-8b29-d0521d2d7ce2,,False
Ext-HeySnips-0c76e6a2-7757-4969-abfe-400abbb77780,,False
Ext-HeySnips-0c8d8ae7-12e8-4cb4-8f69-e094039ced54,,False
Ext-HeySnips-0c96754b-f5ee-4402-89f4-ef645825214d,,False
Ext-HeySnips-0cd6a68c-065b-49ce-959b-d1d60ac8f943,,False
Ext-HeySnips-0d1b2a98-139a-4b2a-88cf-0df1afbb553d,,False
Ext-HeySnips-0d3e4333-291b-48a7-b63e-fe370bb7eaef,,False
Ext-HeySnips-0d4e4c50-78dc-4bd2-8c6f-57ca76824ce3,,False
Ext-HeySnips-0d66fbd7-675b-4fad-87c2-a65e295318b6,,False
Ext-HeySnips-0d7c52e0-813d-45e9-a45b-e24e44da0b38,,False
Ext-HeySnips-0d9993a1-e07c-4059-9b2f-4f677aefa979,,False
Ext-HeySnips-0d9c3295-8573-478c-8c77-ebc9f4fdddc9,,False
Ext-HeySnips-0da292f1-ae5a-404c-ba5a-3af2d43152b9,,False
Ext-HeySnips-0dacb043-0e12-449a-a5da-8802acbda605,,False
Ext-HeySnips-0dd4a3da-4ad6-42b8-ad9b-731160bea3c7,,False
Ext-HeySnips-0defd916-410a-4bba-9ba0-ffea94438570,,False
Ext-HeySnips-0df41cd1-5ea6-4b9c-8d82-c3abfffb6bfb,,False
Ext-HeySnips-0df66de4-5fef-4ccf-ae8b-993fa2624067,,False
Ext-HeySnips-0e0a0e00-e431-4221-ada6-eac18c6d335d,,False
Ext-HeySnips-0e15f38e-41da-45db-9baa-0c9d8a3bb51a,,False
Ext-HeySnips-0e223578-6ea7-4b53-8761-c46f13f9f08f,,False
Ext-HeySnips-0e5267ef-e545-4ab2-a313-54a4e0ff5558,,False
Ext-HeySnips-0e69aabc-d6e1-4ced-969e-2a5baf9b19ff,,False
Ext-HeySnips-0e704a60-2fa5-495d-9aae-fee78cf3897f,,False
Ext-HeySnips-0e7a9ba3-c9c4-4430-a02f-e103a94d0bc6,,False
Ext-HeySnips-0ee14f52-4906-454a-8e1d-aaf66c507b97,,False
Ext-HeySnips-0ef243c6-9c34-4f51-85ce-7066cb429983,,False
Ext-HeySnips-0f0b7629-cdbb-4de5-814a-de0436299b88,,False
Ext-HeySnips-0f28eeac-e810-4ac4-9fb3-14897c62f668,,False
Ext-HeySnips-0f56465f-c78a-474a-a242-59d70ce0b552,,False
Ext-HeySnips-0f5a72ba-0fd9-44c1-a99e-eeceac166966,,False
Ext-HeySnips-0f752eab-f286-4bad-a237-5454d89ba3a8,,False
Ext-HeySnips-0f81a1d1-7e94-48ec-9d1d-6700501d5fee,,False
Ext-HeySnips-0f8698d6-e4fa-404b-9dd5-ae34ef977125,,False
Ext-HeySnips-0f890198-528c-42ae-8303-b00cc95c3e29,,False
Ext-HeySnips-1012354a-c8b1-490c-8f1d-ae4d5c0c0178,,False
Ext-HeySnips-1014a02c-1f26-4079-b117-c9dba40b67a5,,False
Ext-HeySnips-1018483f-db82-4b22-a417-1af7f8b5fd5f,,False
Ext-HeySnips-101e7fb3-9c4c-4501-8ed1-0e026eb7ce1a,,False
Ext-HeySnips-1021e12b-1368-493b-881f-3a5755d2d70e,,False
Ext-HeySnips-1029efcc-e5e9-4f59-bbf4-8509090e8199,,False
Ext-HeySnips-102aa296-7edb-4fbe-bd07-02898a9764b4,,False
Ext-HeySnips-103a9b73-5caf-4996-a4b7-f4717a2b79f7,,False
Ext-HeySnips-105dd247-d212-41fa-bdfd-bfa29bae603d,,False
Ext-HeySnips-106225eb-8293-4ca3-93b6-a9b2316c1296,,False
Ext-HeySnips-106fdfda-81d7-4d68-b388-387530821309,,False
Ext-HeySnips-108174cc-c2bf-47af-805c-c1fd179b261f,,False
Ext-HeySnips-1087db02-d593-4de2-87ef-104042762203,,False
Ext-HeySnips-109c7984-e6c9-45d6-a505-f591b1ed89a0,,False
Ext-HeySnips-10b0da94-00ce-4428-95f6-86b09c8f5413,,False
Ext-HeySnips-11009bf7-a530-4464-8be3-5e69f25f2c4e,,False
Ext-HeySnips-110f381b-922d-41d2-b4fa-236e5620ab59,,False
Ext-HeySnips-11383cd3-9d0d-4207-9808-23d332a2d670,,False
Ext-HeySnips-113d76bf-a9e1-4e9a-9e30-94b1b85780d9,,False
Ext-HeySnips-1146ad93-e080-41c5-a98a-79abd4fbbb99,,False
Ext-HeySnips-114c0872-f200-4a0b-9f96-beb5758f4695,,False
Ext-HeySnips-114f4ce9-55b5-4d4a-8277-a1a69e4fe49d,,False
Ext-HeySnips-1182c7a7-3cc4-42c3-82a2-b9df5976eede,,False
Ext-HeySnips-119cf7a6-c42d-4a12-8011-dad525406e64,,False
Ext-HeySnips-11a8dd20-86cd-4cde-88d8-57894b1907b3,,False
Ext-HeySnips-11be49fb-9fe9-4d39-a8dd-47ba5f2056f2,,False
Ext-HeySnips-11ca9f39-d0b0-4ce8-b7b1-9185e0ff5ba5,,False
Ext-HeySnips-11ce2d44-1db4-4b12-a789-f8ec5dcbd334,,False
Ext-HeySnips-11fa074f-5043-4a95-9911-02276b2d8b09,,False
Ext-HeySnips-12228f2a-d51b-4aec-9921-5eca1f13b5f6,,False
Ext-HeySnips-1241c7d4-33ac-4a7a-a1ed-b0b0b08a9523,,False
Ext-HeySnips-1255dadc-d1b6-4010-8afa-7affad46c798,,False
Ext-HeySnips-1281ed80-1665-435f-b9c7-d848188655c6,,False
Ext-HeySnips-1281ff64-e960-4f99-8cce-64000345af09,,False
Ext-HeySnips-12858846-9e35-4945-aacb-eab01583c868,,False
Ext-HeySnips-128d5419-87ca-4890-a697-51f2f499917f,,False
Ext-HeySnips-12a7575e-d865-4f91-9d85-d8bb9a757b75,,False
Ext-HeySnips-12bae7b1-314c-4818-b01c-2843fba7073d,,False
Ext-HeySnips-12c502a8-bd2a-4045-b621-553b07d36075,,False
Ext-HeySnips-12e7e252-d8e4-418a-839b-a5b7012e1bbf,,False
Ext-HeySnips-12fb19ad-4b30-4e01-bf73-24b88248f2bf,,False
Ext-HeySnips-13033a21-90d3-4a06-a6a0-94e38bf0e5be,,False
Ext-HeySnips-131afcf2-5697-4843-a841-e108c96ffc8a,,False
Ext-HeySnips-131c6937-0318-480f-a744-e3e03297179f,,False
Ext-HeySnips-132994d4-567e-42ef-a9e9-924a6ca298ab,,False
Ext-HeySnips-13526583-7367-4bdb-bd32-6de906dd405e,,False
Ext-HeySnips-13561c69-21e7-42f1-99fe-2e4f7cc0ea9b,,False
Ext-HeySnips-136752d9-f7f4-484b-b59e-9060242e2b7c,,False
Ext-HeySnips-13ac03c1-31d5-45ba-b00b-b31e25546480,,False
Ext-HeySnips-13c7f5cf-75e7-4763-92b0-1a2b2b8b4f30,,False
Ext-HeySnips-13d96de1-9856-413b-b3b5-0e9c25643166,,False
Ext-HeySnips-13e00303-08f9-4a11-a86c-d06ea1d69e9c,,False
Ext-HeySnips-13e36a4f-6da4-4258-9325-21c4ba1ea838,,False
Ext-HeySnips-13f15216-b494-42f8-a5c4-f164ebdaca5c,,False
Ext-HeySnips-13fb480c-0c13-4cfa-a781-8524bca9993f,,False
Ext-HeySnips-1406073f-30d1-4da0-b395-3d686c068dac,,False
Ext-HeySnips-14081b61-9cc8-418b-bc49-62590b7301c3,,False
Ext-HeySnips-141e57f5-08cb-4fc8-9147-b52f4d95bb86,,False
Ext-HeySnips-14207146-3ab1-4195-bc64-ad831a7ac166,,False
Ext-HeySnips-14279271-7103-43a2-838b-54a047ba57d5,,False
Ext-HeySnips-145fb3f2-fcab-4812-99b7-bd4a942439b8,,False
Ext-HeySnips-14ae84bc-e9b6-44de-9097-ba8438fb4f94,,False
Ext-HeySnips-14c3a784-f792-4341-8e23-4500aca3c8b1,,False
Ext-HeySnips-14cb62cc-3484-4220-a8cf-c0acff7f75b9,,False
Ext-HeySnips-14d00c4f-1b7c-4163-96be-a45855fcc3c1,,False
Ext-HeySnips-14da8cb5-d553-4c70-8242-d03c39672ea7,,False
Ext-HeySnips-14e5c243-3a42-47b5-b7af-38f27e747582,,False
Ext-HeySnips-14f3d358-da69-4bc7-a396-8c1cdd28db27,,False
Ext-HeySnips-14fd1d7e-ee6d-418b-9a40-b5e6c361edf8,,False
Ext-HeySnips-15001ee3-9acb-4025-b874-880c12aa8d98,,False
Ext-HeySnips-1517abee-e8d3-4577-a93b-8dfae1184b1c,,False
Ext-HeySnips-152f89ca-3aad-4fa4-ad72-f739e94d4fc9,,False
Ext-HeySnips-15463d27-1a52-4770-aaaf-fd3a4a90ec8f,,False
Ext-HeySnips-154ac910-971f-49a1-96a5-2fb0f08dd6db,,False
Ext-HeySnips-154e3496-6279-4383-8acf-22bfb7f5ca27,,False
Ext-HeySnips-156c6899-3520-489a-a4ae-1f7c8b564bb4,,False
Ext-HeySnips-1573ed00-3cc4-457e-b8c6-2c9769260899,,False
Ext-HeySnips-15884514-076c-4dce-8171-c09a5bd4b9f8,,False
Ext-HeySnips-158eab37-6146-457c-bdb3-7c3790003912,,False
Ext-HeySnips-1593af69-145f-4a9b-a7cd-702da36c3c96,,False
Ext-HeySnips-1598f4b6-8360-4cd1-8f04-e54d80076530,,False
Ext-HeySnips-15d0a78d-df66-4acb-a153-eaa6403cedae,,False
Ext-HeySnips-15dfc9da-7f8d-45cc-9320-2e21998fdc36,,False
Ext-HeySnips-163a1c26-b00a-46f9-95eb-35146a0c5ebc,,False
Ext-HeySnips-163ff8ed-0cb5-4557-b098-79b2acfa9669,,False
Ext-HeySnips-164cd37b-4c1e-4e30-808d-b8fba4cc61e1,,False
Ext-HeySnips-166d22dd-7889-4e53-9c65-b4b5dbcd5789,,False
Ext-HeySnips-169e8d64-ff91-4f60-9db6-e1faea5680ce,,False
Ext-HeySnips-16cd29cc-4f68-462a-a2a2-a46ddf1b74c6,,False
Ext-HeySnips-16cd6373-9fbe-4e2b-90c6-26b5de0ecbfd,,False
Ext-HeySnips-17128995-57a6-4973-b0f9-cde8c1e9256b,,False
Ext-HeySnips-1737e17f-8c0c-4765-93ed-e8b68739c13f,,False
Ext-HeySnips-1745dacb-c112-4856-804c-096f65903693,,False
Ext-HeySnips-175a370d-b074-4798-859a-ecff3ee5b412,,False
Ext-HeySnips-1771ca2f-fbbd-40b5-abb4-cc646813f6a1,,False
Ext-HeySnips-177b28ed-904c-40f5-ba51-46ac29c2a598,,False
Ext-HeySnips-177ef26a-f831-4e1f-a06b-467ff7e0d539,,False
Ext-HeySnips-1781abd2-4fd9-46b4-a58f-c985e3675cc6,,False
Ext-HeySnips-178db35d-cdc8-4eca-8314-666ad3fd6d75,,False
Ext-HeySnips-179e5dbc-ed49-42e2-8100-c2274c83e6ca,,False
Ext-HeySnips-17a12e48-6ecf-4515-a147-2641ff3363a3,,False
Ext-HeySnips-17c5b572-4423-4f8c-a0e7-62e3121fc863,,False
Ext-HeySnips-17cf2a0d-8ade-47f5-9a44-80e36cd43a05,,False
Ext-HeySnips-17e2e832-7ad4-4b8c-b028-ae251865e2e1,,False
Ext-HeySnips-1811763b-4fe1-4086-bbc4-145c8afaf216,,False
Ext-HeySnips-181186b3-702d-4d8c-a698-cee31bc49771,,False
Ext-HeySnips-181b1bb7-98f3-4852-9ab3-970c2d174a95,,False
Ext-HeySnips-182bf22b-adc6-41ec-965b-b785e4a093d2,,False
Ext-HeySnips-183db2bd-3d53-49a9-a61f-3a5b86524340,,False
Ext-HeySnips-185f174f-801e-415b-8694-47ea20ff6124,,False
Ext-HeySnips-186af78a-8962-46fd-9cd8-1acf485884f9,,False
Ext-HeySnips-187ab0f7-02b6-4e86-a4fc-51edda900c92,,False
Ext-HeySnips-18a7ecd8-6046-4a37-929a-56c85179cb6c,,False
Ext-HeySnips-18aca2c1-671a-4086-aa28-7797948d8b3f,,False
Ext-HeySnips-18b68120-3c30-4cc9-849e-bf9e718e2012,,False
Ext-HeySnips-18d21e4e-2167-4929-a0f4-9bbc211605f1,,False
Ext-HeySnips-18fc5b94-3fa2-446e-a4fd-2d7f67897985,,False
Ext-HeySnips-1902bc7d-2de1-41fe-ba98-fa4d737c45a5,,False
Ext-HeySnips-1913c628-1dff-4d30-9743-17452abfa457,,False
Ext-HeySnips-1938fa20-66c0-45f2-8314-fc8307ebf86c,,False
Ext-HeySnips-19604842-dca4-46bd-b6f6-62efdf7cab63,,False
Ext-HeySnips-19703d2d-e152-4049-8975-774e3b8289d7,,False
Ext-HeySnips-19756de4-d517-45dc-990f-b70ad0646899,,False
Ext-HeySnips-1985081b-64e5-4341-a400-7a9f76f53dac,,False
Ext-HeySnips-199f460d-0bcf-480c-9dda-d5aa7fb58b70,,False
Ext-HeySnips-19a84079-e739-4bc0-94cc-6003d14bf663,,False
Ext-HeySnips-19c9bfb6-c5a5-4874-b239-e046f5669c05,,False
Ext-HeySnips-19dc4316-31bf-4a98-9ba0-df0aec3fbe3e,,False
Ext-HeySnips-19de981e-4b45-4851-bb9f-98d00ebd0e6d,,False
Ext-HeySnips-1a1231f1-a504-40d6-ac30-82c1a993653f,,False
Ext-HeySnips-1a150444-5d7c-4dc7-92f9-5aa2b5511fe3,,False
Ext-HeySnips-1a19fe98-3809-4c18-a1e1-3883f04e8174,,False
Ext-HeySnips-1a2571c6-0c65-4379-bc1d-ff6fba345d64,,False
Ext-HeySnips-1a4841b4-4342-4a24-b9c6-8d0c66ebe745,,False
Ext-HeySnips-1a6b0781-ad6e-4fd7-800e-d42aa75f68be,,False
Ext-HeySnips-1a8897e2-0722-4739-9d73-591d6fc0e184,,False
Ext-HeySnips-1a88f77d-f417-43f9-892f-abb1c154cd27,,False
Ext-HeySnips-1a9d00d5-2f5e-4ab1-8cd4-7df971d6af84,,False
Ext-HeySnips-1a9f1ab3-d365-44b6-8998-ea9334f993e7,,False
Ext-HeySnips-1aa79e44-1994-4c9f-a112-3b78e12f89db,,False
Ext-HeySnips-1abd0aef-c0ee-4791-ad43-5d0d36221856,,False
Ext-HeySnips-1ad0b8ab-f649-4f89-9403-746d5810bda3,,False
Ext-HeySnips-1afa0e39-6cc0-4f8f-bb98-f7b1c0db8b27,,False
Ext-HeySnips-1afda342-5764-4f2b-bf5f-747e78d0a49e,,False
Ext-HeySnips-1afe9911-b934-4e0f-88a2-3e808d40b7a9,,False
Ext-HeySnips-1b203e61-412a-4255-a3d8-507614936f66,,False
Ext-HeySnips-1b2931a4-ee1e-4e94-a149-11ccf5d99710,,False
Ext-HeySnips-1b3e528f-2076-43ec-a283-d04b7f4cfd34,,False
Ext-HeySnips-1b4978db-7ff3-43dc-8e70-1a6dcfc6beaf,,False
Ext-HeySnips-1b61972d-b3c1-4958-80df-4d4a793eaa95,,False
Ext-HeySnips-1b75258f-4bf2-4953-8865-95abbfecdf7d,,False
Ext-HeySnips-1b753462-7601-4935-98f7-b7350d0473e7,,False
Ext-HeySnips-1b8d3266-d787-4c12-bd2e-a5c7b0b088d1,,False
Ext-HeySnips-1b9730e6-eefa-4278-a7df-e6e0e910e061,,False
Ext-HeySnips-1baa730e-a34f-44a1-9a97-74437e4ab608,,False
Ext-HeySnips-1bad3d4a-d26d-4d72-a0b9-8069be6a44a1,,False
Ext-HeySnips-1bc0bb8a-112c-4197-8e1f-149b31582625,,False
Ext-HeySnips-1bd0a6a3-e3f3-4768-946f-867dc90acd04,,False
Ext-HeySnips-1bd8e4bc-6360-413c-a107-1dad7429f475,,False
Ext-HeySnips-1bdce4a5-5661-45fd-8b08-c7460062e3c1,,False
Ext-HeySnips-1be46d67-86c1-4094-8f0f-0fc573ed9f08,,False
Ext-HeySnips-1bf4eed1-247a-47a4-990f-06b8b034a2a3,,False
Ext-HeySnips-1c080b92-17af-4ca2-a8d6-8afe98ab196a,,False
Ext-HeySnips-1c1f09bb-6ade-4bfb-8010-e110629d7e05,,False
Ext-HeySnips-1c455fa0-ca6d-4afa-97b9-3ba9f4f385dd,,False
Ext-HeySnips-1c5c3f30-4faa-4ac9-982f-00079ee42c20,,False
Ext-HeySnips-1c7c8784-beb9-4256-98b9-013eeb217a43,,False
Ext-HeySnips-1c976b16-8288-4520-91ce-057593fa4601,,False
Ext-HeySnips-1cbc8d07-be7f-4f27-a3d4-b011f6fe09b8,,False
Ext-HeySnips-1cd1593d-4f1a-453d-8d42-db3018f8eda0,,False
Ext-HeySnips-1cd1b9d6-9105-406d-af4e-0f0f13365500,,False
Ext-HeySnips-1cecb889-850c-4312-9c06-dce273e0d1e1,,False
Ext-HeySnips-1d1daa7f-0117-4635-bcec-45bb5aba547f,,False
Ext-HeySnips-1d22c2cf-2225-4576-8827-064d2e45e886,,False
Ext-HeySnips-1d4c28f0-afae-48ea-a3ed-d9f56dc77e11,,False
Ext-HeySnips-1d63bfbc-0ae9-4113-a4d0-a898dd9a4aca,,False
Ext-HeySnips-1d7f7982-0a70-4f64-a83d-902ca9c6a1cc,,False
Ext-HeySnips-1d856fee-6e6e-40a6-aa5d-006b5b95e10b,,False
Ext-HeySnips-1d9658e4-c58f-4c91-87b1-3bbebf0f5b43,,False
Ext-HeySnips-1dface7e-ce1e-4651-9850-eea5a2b96798,,False
Ext-HeySnips-1e16c18c-ba21-47d3-9be9-68ace4da6c14,,False
Ext-HeySnips-1e1c614c-581f-42f2-b5a1-77b338e4d807,,False
Ext-HeySnips-1e41730d-ab67-40da-9c48-cc6aa3f4bcca,,False
Ext-HeySnips-1e5a8292-9f2c-44b7-beb9-0fb8075454ac,,False
Ext-HeySnips-1e75118e-94ec-453d-88da-251ccf2e76b5,,False
Ext-HeySnips-1e981ef0-621f-486f-802a-d1d996435133,,False
Ext-HeySnips-1ebab1e4-1038-4d3c-aa07-e438a34f261e,,False
Ext-HeySnips-1ebd30d2-9260-4d09-b945-285e88f8e35c,,False
Ext-HeySnips-1ec1a793-d759-444f-b0fb-02467716f9c8,,False
Ext-HeySnips-1ec398ce-ef2e-4adb-83c6-1d64597e62e5,,False
Ext-HeySnips-1ec7b0d9-8a41-4382-9a86-31aa5d22eb5c,,False
Ext-HeySnips-1ece9721-1c04-4e5b-815a-14f41b31dd48,,False
Ext-HeySnips-1ed06279-4e3e-4965-9915-55825a5103b4,,False
Ext-HeySnips-1ed62f17-9e64-40de-af37-d62385e87815,,False
Ext-HeySnips-1ee4aa41-8879-4cc5-a24c-1704a4ae5309,,False
Ext-HeySnips-1ee7717e-3c21-469c-874f-ac72298b1f86,,False
Ext-HeySnips-1f13e9e9-54d4-4af1-a27f-c789b8ac7fe6,,False
Ext-HeySnips-1f74a4d8-8b82-436d-964c-844a9f53f886,,False
Ext-HeySnips-1f9eab20-1d92-4e3d-a17d-fa23b6673709,,False
Ext-HeySnips-1faca40c-7154-4e00-ae07-c5b4b6d24f62,,False
Ext-HeySnips-1fcb1f44-9e94-436d-931c-2cab628d99cc,,False
Ext-HeySnips-1fcc5040-82dc-4728-aba7-8749003db3bc,,False
Ext-HeySnips-201113c6-02d5-49f9-a0b8-bc7a1d110bba,,False
Ext-HeySnips-201fb9b8-4056-4ff5-ad80-516e8c938610,,False
Ext-HeySnips-202b3978-cc3b-4fd3-9838-0b083d7465c8,,False
Ext-HeySnips-203b8ebf-0d1b-4cc3-8167-1294230fbcbe,,False
Ext-HeySnips-2041087e-ff58-4bad-b6c8-1c75bbd8ebec,,False
Ext-HeySnips-204870c7-e698-424c-88b0-c38d6bebf799,,False
Ext-HeySnips-2053045d-704a-4d07-b890-313016e7c66c,,False
Ext-HeySnips-2054778f-88b0-4144-8fc1-0511e7ff2bfa,,False
Ext-HeySnips-20923c01-e673-4aab-a118-f216dc6fca25,,False
Ext-HeySnips-20ba521d-fc52-4a4a-ae3b-c0f17e65b039,,False
Ext-HeySnips-20c1144b-3856-4631-b371-50566d1a72ca,,False
Ext-HeySnips-20d50c2b-b9c4-4f32-8ee1-ace8b4d8be74,,False
Ext-HeySnips-20e3c443-7d53-4c28-bf1f-22d66723a091,,False
Ext-HeySnips-20ead366-0b5a-4700-b41c-2056d09471fa,,False
Ext-HeySnips-20f2185e-3493-4ea1-a87e-66d3fe5f7c93,,False
Ext-HeySnips-2112d918-bb8a-4271-a353-4e7110071b4e,,False
Ext-HeySnips-211949d0-2cb9-4b22-864a-0ec2b99d9ef1,,False
Ext-HeySnips-212a7eea-4d1a-44dd-93fd-788aeb067653,,False
Ext-HeySnips-2176f082-5943-4df4-8156-665775fef496,,False
Ext-HeySnips-217aca5d-2417-43c4-aae4-bd64bbb8b1f4,,False
Ext-HeySnips-21809cbd-f2f1-4751-a31f-c5d164913855,,False
Ext-HeySnips-21a1436a-2749-4131-8001-afdc39193164,,False
Ext-HeySnips-21b06e6f-770a-4035-b0d3-e469fabe2404,,False
Ext-HeySnips-21c4b30a-8377-4d8b-986e-5d15343f18a8,,False
Ext-HeySnips-21d7d43b-11da-41ad-acf7-4fd56008f486,,False
Ext-HeySnips-21e32b81-4db9-4f28-be17-fc7e0f96a6a3,,False
Ext-HeySnips-21fda5a4-2d2c-43d0-a9b6-c3889ab340dc,,False
Ext-HeySnips-222b7c3c-8a5f-4a01-ad85-d3062233455b,,False
Ext-HeySnips-223c034e-ba46-4137-9274-32d4be2b8439,,False
Ext-HeySnips-22530611-34f2-4d39-9a9f-529dc064a9b6,,False
Ext-HeySnips-22548ff4-bb08-4794-a0c1-d3cc56bbf21f,,False
Ext-HeySnips-22582117-09ad-4c06-9635-9009b7d6f803,,False
Ext-HeySnips-228e9b95-a282-43d8-a2d2-802aae53b800,,False
Ext-HeySnips-229b618c-87d2-426a-8ff7-950ddd251155,,False
Ext-HeySnips-22b0dc92-1ca5-45bd-a46b-fbd6b9f7c450,,False
Ext-HeySnips-22c373a4-0043-4466-acaf-4cac91960fb6,,False
Ext-HeySnips-22dc731a-c9fe-42b8-a427-986cdfc98486,,False
Ext-HeySnips-2324a96f-9dcc-439e-af16-e4943bacb45b,,False
Ext-HeySnips-2326ac88-4f90-4ec1-87fb-1c89cb7b2c3e,,False
Ext-HeySnips-23406b11-2d5e-46dd-8b04-3184c1f76600,,False
Ext-HeySnips-234ca55c-25be-470c-a77a-f5db108660a0,,False
Ext-HeySnips-237336d8-bcf5-4a7f-ae9d-5745ce7a0e1c,,False
Ext-HeySnips-2380a071-fad3-4980-9ece-6ab7f447320b,,False
Ext-HeySnips-2382e7d0-f4ea-4daa-a3b3-92f915ddf5df,,False
Ext-HeySnips-238a0270-a3de-403e-87bd-4211b9080e60,,False
Ext-HeySnips-238e3bd8-60ba-4437-a6df-399818345879,,False
Ext-HeySnips-238f2654-f327-48fc-b84c-3e58b05f4828,,False
Ext-HeySnips-23a37ea0-fd81-4249-aadc-06e7a3c5e530,,False
Ext-HeySnips-23b0a9c1-3725-4102-8016-1e57963017d0,,False
Ext-HeySnips-23b5a7cb-6623-40c0-be6d-a180f1e3c438,,False
Ext-HeySnips-2404c59e-04d4-4d38-8de8-c5f06a234d5b,,False
Ext-HeySnips-241c700d-1112-4367-a074-3d9c09795f9d,,False
Ext-HeySnips-2432865e-b20d-4491-a1da-d481ea72d6b1,,False
Ext-HeySnips-244e80d9-3f6c-429e-8e79-5eced70f77e9,,False
Ext-HeySnips-24692508-9713-4b47-9af9-06754d8befcb,,False
Ext-HeySnips-248ca42a-159a-4c3d-8199-6b97dfa07d07,,False
Ext-HeySnips-24a3f79b-f87e-4709-b6d4-86dc721cdb84,,False
Ext-HeySnips-24b8a6ce-7356-4af3-8bae-d04e38889456,,False
Ext-HeySnips-24d88d87-416a-4e20-819a-6fdaf093548e,,False
Ext-HeySnips-24e8f9e0-5fbf-408c-a568-2aee2b0de3c9,,False
Ext-HeySnips-24ef761b-ad8a-4e4d-a5f7-f399efb827ae,,False
Ext-HeySnips-24fcd5de-c586-493c-a4f7-04cb6cbe75b5,,False
Ext-HeySnips-251048a7-d524-49c1-9181-98aba6af2b19,,False
Ext-HeySnips-252eb9c7-b444-4f77-b3b7-179b1d64d950,,False
Ext-HeySnips-257036e3-76db-485d-a97b-687a3dacd569,,False
Ext-HeySnips-2585ac63-df2e-47cb-a8c8-3c33b9b3e90f,,False
Ext-HeySnips-2598d273-7434-4a87-9595-b2c6e063f944,,False
Ext-HeySnips-2599c0d1-7588-4c00-95c4-7c54d7baf709,,False
Ext-HeySnips-259bfb03-6241-4197-8967-1af264395b58,,False
Ext-HeySnips-25a673e3-9ca7-4cf1-b028-9e9225df7d46,,False
Ext-HeySnips-25b0f175-200e-4291-9ff3-a441ffc9830d,,False
Ext-HeySnips-25c232d2-5930-4feb-89a4-f695f832e67f,,False
Ext-HeySnips-25d72f15-4b59-45f6-bca5-dd27242c48b7,,False
Ext-HeySnips-25dfd889-4fe0-4c01-8896-90bd2e2229da,,False
Ext-HeySnips-25ecc28c-5125-4c3f-a90a-f12c82c60603,,False
Ext-HeySnips-25ed42fb-57c7-4108-ad59-a382bee5f458,,False
Ext-HeySnips-261d17d7-cbca-4cce-8a08-c28668a79f26,,False
Ext-HeySnips-2624ea01-e57c-41fe-bd64-14f95bcddd11,,False
Ext-HeySnips-262c032b-ea34-4323-a429-a169f650025d,,False
Ext-HeySnips-263c045b-2a35-48e1-bfdd-1f4aedbe927a,,False
Ext-HeySnips-264dd7b7-bff2-4434-b455-507371ec06d0,,False
Ext-HeySnips-265790c7-c6ce-4394-9fef-258d44dfb869,,False
Ext-HeySnips-2695f5f4-95d3-4cdb-a5f7-b8d8c71e1282,,False
Ext-HeySnips-26c960a3-9e7a-44f7-9967-5b2ecb3c176a,,False
Ext-HeySnips-26e4790b-e903-4bf5-89c5-ed8963fbf045,,False
Ext-HeySnips-26f564a7-7396-4f91-99b7-a42f3a5f0d31,,False
Ext-HeySnips-2728f478-2035-430e-bc56-1d810db12598,,False
Ext-HeySnips-273e0816-407d-444d-9967-1c52bffcf130,,False
Ext-HeySnips-276ff3c9-92d6-4bc7-a5b0-d812e21dd2a3,,False
Ext-HeySnips-27a3a8af-52de-41c9-923b-79c3b72c2390,,False
Ext-HeySnips-27b6dab1-d833-4e4f-ba45-d43c43f5013f,,False
Ext-HeySnips-27bc6a8a-2fe0-495a-8c26-1386baae00e6,,False
Ext-HeySnips-281b9810-16b7-4c95-bdf4-02f66f4c4f88,,False
Ext-HeySnips-282782bd-a02d-4a41-a4b7-e3e9ccd76499,,False
Ext-HeySnips-282b24bf-9b1a-42a2-b185-d1f5e2e6a881,,False
Ext-HeySnips-2830acb5-eeda-44d7-b00d-4fc459629423,,False
Ext-HeySnips-2857e1c9-4b47-4147-aacd-a946634c6261,,False
Ext-HeySnips-285e15ed-253e-4eb7-afbc-b09770a62c2d,,False
Ext-HeySnips-28653d14-7a4f-4520-bd28-efbac72d97a6,,False
Ext-HeySnips-287c099a-c47a-4a63-8e7a-318707dd709d,,False
Ext-HeySnips-28d3e310-1b22-4c83-9243-94a3fac4378b,,False
Ext-HeySnips-28db904f-6569-4f3c-9f16-8d10f9d04cee,,False
Ext-HeySnips-28ef61ae-d297-46ab-9795-30b13911ed3c,,False
Ext-HeySnips-28f556ec-97ed-4213-96cc-bd5dca7f159a,,False
Ext-HeySnips-290ebe99-8865-42f7-9441-e5db66a8d4bc,,False
Ext-HeySnips-29182e85-c6ce-4cdf-a227-8a2d50cd61ed,,False
Ext-HeySnips-291bfaa8-95b8-4552-9f8d-fd6c6a9c3eae,,False
Ext-HeySnips-293ce2d6-323e-4507-a04b-5a2c8e2e9aad,,False
Ext-HeySnips-296b7931-e0ac-4c4f-8bfd-7ed8707cef9d,,False
Ext-HeySnips-297b0ec2-3252-4bc1-9414-088c446aa3ec,,False
Ext-HeySnips-297eb1a1-d837-4311-8edf-a665791ccea1,,False
Ext-HeySnips-299d6848-02ce-4197-9ac8-fcbc09879faa,,False
Ext-HeySnips-29ba4860-8e43-41ce-bfeb-a1f81025d618,,False
Ext-HeySnips-29ce4c90-d9ce-45f1-8160-c0c905f42af4,,False
Ext-HeySnips-29ea9ea0-0609-497f-8992-e5dda7519617,,False
Ext-HeySnips-2a526e0e-6103-4565-9e99-a7eec22e47ee,,False
Ext-HeySnips-2a52a5cd-33a3-4925-b9ee-de41c2af60d4,,False
Ext-HeySnips-2a694ee8-f193-40f6-ae31-3a4b43509f5d,,False
Ext-HeySnips-2a728642-a19c-4e19-85f5-314ad0fcc750,,False
Ext-HeySnips-2a996d05-95c2-4d25-98a6-04d1c671faa2,,False
Ext-HeySnips-2a9b96e8-81a3-49ac-8af9-fb365d8cee4b,,False
Ext-HeySnips-2aa6d084-7809-4088-872a-9b0beebbcf4a,,False
Ext-HeySnips-2ab80021-c7ff-4a1c-878c-4b5ef3b590ca,,False
Ext-HeySnips-2aca3324-ddd3-4827-945c-ffc373641111,,False
Ext-HeySnips-2b1ce46d-d6bd-4a6c-8d07-d7192244bd7d,,False
Ext-HeySnips-2b9fbf70-5438-4ce3-aaab-19279b1449b5,,False
Ext-HeySnips-2bafded9-36b4-4292-9aeb-0bdf0d9f0481,,False
Ext-HeySnips-2bc23f4d-001e-402a-9db1-9e39b9677fb6,,False
Ext-HeySnips-2bd00e1e-f099-4414-a4a0-7e5add12e3ca,,False
Ext-HeySnips-2befa7a9-cc86-4185-889c-643bc9b7e265,,False
Ext-HeySnips-2c100d58-db32-4c93-992c-0e0fc7f16152,,False
Ext-HeySnips-2c129fbe-fa46-4a18-9209-c60942602761,,False
Ext-HeySnips-2c23a358-75eb-4658-9068-2b1e9d6938c9,,False
Ext-HeySnips-2c24a15a-ea93-4969-87ee-ba5f1aadfb95,,False
Ext-HeySnips-2c2e57a6-67f7-483b-9149-4f30c240eac7,,False
Ext-HeySnips-2c2fec35-e5c5-4510-9e40-17db2e0dad7a,,False
Ext-HeySnips-2c5b0fcc-3e07-4025-b32b-392006c6aae7,,False
Ext-HeySnips-2c6cad05-eac5-4244-8fe2-134a447ebb53,,False
Ext-HeySnips-2c6d5965-8553-4908-9900-76b76c50c276,,False
Ext-HeySnips-2c7a79cd-ed28-4b00-9c1c-61bbb318e4b9,,False
Ext-HeySnips-2c91ab08-e87a-46b4-b6ab-f614e19cbd4f,,False
Ext-HeySnips-2ca184b4-f893-403b-bc42-1a5db59a3e0e,,False
Ext-HeySnips-2ca39dca-e9de-4358-8133-90c2824349ed,,False
Ext-HeySnips-2ca6bae8-9f90-4e6d-90ac-9768e3963c95,,False
Ext-HeySnips-2cab88cc-84e0-4168-91ae-a5a7def009c5,,False
Ext-HeySnips-2cce04fd-ce3d-48dc-aabc-9335f840b81c,,False
Ext-HeySnips-2cdcc61e-edcb-4dcc-8c39-03babe73dfb5,,False
Ext-HeySnips-2d251449-639e-49be-998e-c9fa181f7c17,,False
Ext-HeySnips-2d2f8b9f-91f4-4402-9a86-968c25bd7b3c,,False
Ext-HeySnips-2d329f6d-7cbd-477b-a76f-de0721273b11,,False
Ext-HeySnips-2d5313a0-9805-4c56-8b11-2c3b358b2121,,False
Ext-HeySnips-2daa68ce-41a9-4597-bcbe-948635807abf,,False
Ext-HeySnips-2daf780b-1ef7-4673-bc92-d90ee81b761a,,False
Ext-HeySnips-2dc8939d-52d5-46be-b9a7-03a9e5865b0a,,False
Ext-HeySnips-2dcf35d4-3188-4b1f-ad48-979cedb0f035,,False
Ext-HeySnips-2e206616-426f-4b43-805b-38ffe586e1bb,,False
Ext-HeySnips-2e418c6b-948b-430f-b479-1ec40eb80447,,False
Ext-HeySnips-2e477eb6-5f65-4a8a-b5a8-3d227fdb96d1,,False
Ext-HeySnips-2e911e74-8283-4d9e-a0f2-8a7bcef10563,,False
Ext-HeySnips-2ec8e6da-8be8-4c9e-9242-b5913930dcb7,,False
Ext-HeySnips-2ed5fcca-20e3-48fe-983c-497a37469fee,,False
Ext-HeySnips-2eedd9e6-41d0-476a-ab59-efcabc881156,,False
Ext-HeySnips-2efcc298-cec9-4770-aeaa-e0d0f888340f,,False
Ext-HeySnips-2f1b0fa4-5cd8-4801-ae4d-bf0e10b7535c,,False
Ext-HeySnips-2f3e74cb-d324-491a-89eb-6ac5fb453f69,,False
Ext-HeySnips-2fa7b6c7-0be1-461e-8818-43aeb69abf69,,False
Ext-HeySnips-2fb5c934-0479-44a9-bd1b-67d188b3438f,,False
Ext-HeySnips-2fd13a04-985b-451b-bac5-dd2fc79e8cf9,,False
Ext-HeySnips-2ff5541a-7f67-436c-b44f-a91be090ce68,,False
Ext-HeySnips-3000c6d2-aadd-4f9d-9957-5f811825f942,,False
Ext-HeySnips-300a8c7a-101b-4b41-ad24-58b29a164224,,False
Ext-HeySnips-30116e86-0640-4f0f-8c7e-e20961fddaad,,False
Ext-HeySnips-3011eedf-fd37-4358-b4e3-cc010eab3b9b,,False
Ext-HeySnips-30144544-bd46-4dda-a31a-95b609c33964,,False
Ext-HeySnips-301d056f-b9f2-4a12-92dc-74ac3ea1143b,,False
Ext-HeySnips-302e5bcb-0b8e-40c7-bad3-b6125e0604d6,,False
Ext-HeySnips-303742d6-a525-49f0-b0b2-7466150fa49c,,False
Ext-HeySnips-304a6531-e10e-47bc-a352-5aaacff7f203,,False
Ext-HeySnips-307573d2-1fbb-45e8-8208-003615d3f9b9,,False
Ext-HeySnips-308ebf49-67ce-430e-b0b4-ecc6bbb44d12,,False
Ext-HeySnips-30b5d849-87c5-439d-a146-df4bac514b40,,False
Ext-HeySnips-30bce41e-95eb-46c9-8ef7-c06c1bc3d38d,,False
Ext-HeySnips-30e52444-9629-4249-ac79-faa096c32b1e,,False
Ext-HeySnips-30e55773-14d3-4372-914f-d2801fd9c2c7,,False
Ext-HeySnips-31023cc2-7f20-4ca7-b9f2-128bc09eaa26,,False
Ext-HeySnips-310d500a-cbd1-4bc0-aa62-6e3cb6ba438c,,False
Ext-HeySnips-311f6bc1-cc70-4cda-af98-44a75fcdbcfa,,False
Ext-HeySnips-312a07f9-7f6c-42a6-96c3-d9b9d40d7392,,False
Ext-HeySnips-313337b4-0216-4665-b56e-ccf058a07ddb,,False
Ext-HeySnips-3149f310-1cfc-4885-b92e-5c7cbfb37619,,False
Ext-HeySnips-314d9595-4c2c-4b60-8c91-17d37df75efc,,False
Ext-HeySnips-31535a82-82c0-4e97-9ff6-83b9eddbfd57,,False
Ext-HeySnips-315c971e-99cd-4aa0-a96d-64909917ccd9,,False
Ext-HeySnips-316af513-81e9-4b5b-ad61-63d317454d54,,False
Ext-HeySnips-3173b415-7e37-4b52-9a95-aea7b02bb4ff,,False
Ext-HeySnips-318a4a05-fe3b-4d4e-9e49-1dbef3d75d43,,False
Ext-HeySnips-31d4777f-a281-466e-9a3d-9852b0752064,,False
Ext-HeySnips-31d8b2cd-0909-4aee-9a16-e327549b9a47,,False
Ext-HeySnips-31f4ec13-a241-4319-b97c-e7fccc884eb4,,False
Ext-HeySnips-320847a4-dbc3-4353-b82c-9f68c7280264,,False
Ext-HeySnips-32131c3c-665d-4144-a87f-aba3f1a14642,,False
Ext-HeySnips-3260a9d7-2417-49cd-b475-d7886b876f2a,,False
Ext-HeySnips-326d0ac1-f0b3-4f80-9e0f-e0597ea74225,,False
Ext-HeySnips-326d233d-a4c3-406f-b0ae-b87231b7b614,,False
Ext-HeySnips-3288e508-13f3-408c-93cc-74d9f75f711d,,False
Ext-HeySnips-32965694-e5c1-46dd-99f4-f7c2b222ca5a,,False
Ext-HeySnips-32a6ad17-14e8-47a8-81b5-35d3f1277040,,False
Ext-HeySnips-32b8ec29-9f72-463d-ac26-80653f881e7c,,False
Ext-HeySnips-32c3ca0e-adf2-43ba-804d-1afa5d925f06,,False
Ext-HeySnips-33030723-a185-44a5-81d4-29c809bc261a,,False
Ext-HeySnips-332e29f6-17cc-4405-9999-f30eb84fafd9,,False
Ext-HeySnips-332eda61-e58b-45c1-9121-76c29c344f8f,,False
Ext-HeySnips-332fd1aa-5119-4d9d-af85-d7c67a16affc,,False
Ext-HeySnips-3332041c-5a5c-46ec-869d-fa906b16a486,,False
Ext-HeySnips-333832b1-ca28-41c3-96fa-6afdd2381e3a,,False
Ext-HeySnips-3344d5dc-91c4-4032-864e-c1d335880a41,,False
Ext-HeySnips-33489ba3-7089-4c3a-a82e-0a4d96f55e0e,,False
Ext-HeySnips-33579b2c-20d3-45dd-acd5-31feefd95401,,False
Ext-HeySnips-3359fff3-81f4-4e93-9938-47dd7825609c,,False
Ext-HeySnips-335a9f1e-5fd1-4b84-8318-cd85e8a23e2e,,False
Ext-HeySnips-3367502e-27df-430b-a5e4-01f4cc24a16a,,False
Ext-HeySnips-3370f7f5-4faa-445e-8823-69b0fac6a550,,False
Ext-HeySnips-33710eeb-ac03-4d3a-9adf-7ae43cf06c22,,False
Ext-HeySnips-339270dc-2bf4-4e26-adb5-eee9a8b9bc0d,,False
Ext-HeySnips-33933e99-873c-481a-9664-beea630eb190,,False
Ext-HeySnips-33ba0311-14a3-4d9d-8c9b-8b2830a8709c,,False
Ext-HeySnips-33be7538-6084-4be0-af36-c13c3428a9ac,,False
Ext-HeySnips-33f46aa4-0b87-498e-aa5a-1c2ecc3d9ccf,,False
Ext-HeySnips-3426a243-c458-4eac-ba80-b64ca92f8547,,False
Ext-HeySnips-34358487-c1ab-46e1-94d8-80f16ba2a535,,False
Ext-HeySnips-343b8988-eba9-416d-98b2-f6182ab9e46f,,False
Ext-HeySnips-3455652c-e64d-4bbc-9c0c-81f9b40c0626,,False
Ext-HeySnips-345b4423-1dc8-4275-96c8-87a98bd21d49,,False
Ext-HeySnips-346c3b1b-5498-4591-b29b-958516c5e0f8,,False
Ext-HeySnips-34750d46-46fe-4b5d-96bd-0ddb8f49cf0d,,False
Ext-HeySnips-34812793-a1f4-4d02-8af0-b231276e734d,,False
Ext-HeySnips-34876a11-2aaf-456d-8341-cd2785e0299b,,False
Ext-HeySnips-348ae974-44df-43d3-a41b-a50fb2be2f3d,,False
Ext-HeySnips-348bba45-7837-47a2-ab52-ee1af5d43a58,,False
Ext-HeySnips-34d4d705-682d-4210-b8f5-729f71eeb84e,,False
Ext-HeySnips-34e26824-daaf-4725-a047-fc923feae88b,,False
Ext-HeySnips-34f8bdea-edf4-414c-84e6-434a66574e63,,False
Ext-HeySnips-35087d9e-1b25-4ccb-9ebb-47660536fb9b,,False
Ext-HeySnips-351147a8-9a75-4fd8-b049-612cdde0b0ae,,False
Ext-HeySnips-35272b40-18ef-4d29-981e-2e1e7a17fb5b,,False
Ext-HeySnips-3527575f-26da-40ee-81c3-9da0a7e042cd,,False
Ext-HeySnips-352a8735-88ea-439e-bac3-a34e336f1d52,,False
Ext-HeySnips-352eb7ed-9a5a-46ac-a95c-d82f45d74c93,,False
Ext-HeySnips-35369da5-940e-4e7b-b89b-f00da3f46d4f,,False
Ext-HeySnips-355a4973-4ece-40cd-a5d4-d70ae0658d34,,False
Ext-HeySnips-359c2054-e64c-4376-81f2-e0f7f0bc9e6b,,False
Ext-HeySnips-35a121e5-99df-443b-8303-215796b6cd72,,False
Ext-HeySnips-35b6e303-c795-40f1-967f-ef34fc07efac,,False
Ext-HeySnips-35b7c1a0-b983-41fa-8c59-5db7c9994da9,,False
Ext-HeySnips-35cfb9e8-6e73-4441-ab28-c69b373c18f2,,False
Ext-HeySnips-35d17285-a29b-4d5c-b42d-96e52cdb3ac1,,False
Ext-HeySnips-35f92c2d-f8e5-42c3-9933-cc46afaeda22,,False
Ext-HeySnips-361364f4-5cfe-4be4-a711-f0172e79ca7f,,False
Ext-HeySnips-361d8112-4485-46d8-af8e-80fadc0451c7,,False
Ext-HeySnips-362a5a54-dc6e-4db4-be08-88a3621ea121,,False
Ext-HeySnips-364fbf0d-6a36-4cdd-a1d6-a0c975a714c0,,False
Ext-HeySnips-3655caeb-c1f2-474a-ad1f-7fe22fef4a49,,False
Ext-HeySnips-36789b1b-7058-4608-82e2-7543f25c2d62,,False
Ext-HeySnips-36adffa4-a209-45e7-84d9-8e8bb9cc2cf3,,False
Ext-HeySnips-36b9b00e-898b-4d69-b398-168cb6f8f904,,False
Ext-HeySnips-36ba29fc-e6cd-48e0-aff3-e89da2da0a70,,False
Ext-HeySnips-36bd5da1-01b3-4cd7-a49c-333693b87913,,False
Ext-HeySnips-36d0140f-cf21-4674-baa1-0e07fc36c113,,False
Ext-HeySnips-36d7fd55-3884-4224-bd1c-56f7858c8e15,,False
Ext-HeySnips-36db491c-365c-490b-9e9b-a5f3cfa81dba,,False
Ext-HeySnips-36df3c54-449f-4dff-8f92-041b18e64b77,,False
Ext-HeySnips-36ffdd19-a114-4cd1-803a-c6b91f572bf9,,False
Ext-HeySnips-3709dcbf-cfd4-4594-acad-91d39a6a036e,,False
Ext-HeySnips-370d36c1-abea-4819-bf34-6e72c5a6348a,,False
Ext-HeySnips-37369602-c63c-4d7b-8da6-1ba0d234eee3,,False
Ext-HeySnips-373cfa47-4cb2-4be8-b954-7ae8e208fa80,,False
Ext-HeySnips-375db183-7f31-4f9b-8c87-7253719fcdd4,,False
Ext-HeySnips-3767d897-b698-423c-accd-a255352146bd,,False
Ext-HeySnips-3783b29a-6cfd-49c2-be29-fd5f8f4b25d2,,False
Ext-HeySnips-378a3df7-be5b-42c8-9b14-4ad61b57bee0,,False
Ext-HeySnips-379014d4-d5f4-43c5-b02f-5b62fd466fb7,,False
Ext-HeySnips-37a0566f-6cce-42cd-abb3-f7e73cde3e9b,,False
Ext-HeySnips-37a327c1-ff6f-42f7-875c-1b0b830d51c3,,False
Ext-HeySnips-37a74fa9-a26c-4321-9312-c736c6cef64c,,False
Ext-HeySnips-37d39e13-ce98-495b-926f-6d238ed012ac,,False
Ext-HeySnips-37faec98-ef66-4a00-b3cc-013bdc561df5,,False
Ext-HeySnips-383595ca-fec1-46a2-9eb4-303730b6dca9,,False
Ext-HeySnips-384806db-a03c-4596-9b01-53fd8aaf2975,,False
Ext-HeySnips-384e1a23-bad7-4837-a6fc-58bfb22f4c7e,,False
Ext-HeySnips-3858b703-7203-4ba2-924e-2757d82eaca6,,False
Ext-HeySnips-385e396c-1fdc-4aba-91ee-6525dfbed7bf,,False
Ext-HeySnips-38674610-23d8-4f8d-a906-09f4dd025417,,False
Ext-HeySnips-38837d00-c9c2-4ad5-8b96-cd9b6c50ade8,,False
Ext-HeySnips-38ac0bdc-4a10-40cf-a06e-6a6d5eae5aa3,,False
Ext-HeySnips-38c21ae2-bf76-4c6e-8f04-cbaffa0ca832,,False
Ext-HeySnips-38c67eee-7a43-4b77-93fe-5728c68b3115,,False
Ext-HeySnips-38ce1768-9fd6-4368-9ed2-57ecfa5206d7,,False
Ext-HeySnips-38e5b5e9-1f6d-4279-8cc0-56b2ff9355a8,,False
Ext-HeySnips-3917457c-c538-4a06-944b-c11a1c48aa45,,False
Ext-HeySnips-3990c554-4334-4ac5-ad85-41858b7309d1,,False
Ext-HeySnips-399a2009-0205-4e33-84d7-2b5c7fb10053,,False
Ext-HeySnips-39a19003-a0ff-4477-a2b3-e140afcabbba,,False
Ext-HeySnips-39c2872d-7fe9-4a7a-8360-d59c84a961e6,,False
Ext-HeySnips-39c32bc9-b965-4312-8cb5-3d4bdcc878b9,,False
Ext-HeySnips-39d91796-42a0-4433-8857-a0e5b06c9e00,,False
Ext-HeySnips-39f6b91a-5a24-4466-8cac-6d20c08bc64c,,False
Ext-HeySnips-3a037e36-aae7-44f1-8cae-71cedf2f91bc,,False
Ext-HeySnips-3a1386fa-af21-4097-b641-b244d3232ff2,,False
Ext-HeySnips-3a219e64-a76f-4031-ba66-84dc792a1e5f,,False
Ext-HeySnips-3a241b39-881b-475b-b57d-e7d210b1c7fc,,False
Ext-HeySnips-3a323128-e4a3-4e89-806e-3ee17eb1cb09,,False
Ext-HeySnips-3a325a43-b86f-4341-bfe3-cfe4f8a4b148,,False
Ext-HeySnips-3a463e17-8173-4af4-83e3-887c44f9e13e,,False
Ext-HeySnips-3a485b09-d2da-4677-adf0-b76097210d0f,,False
Ext-HeySnips-3a5f8991-c044-4d48-ba19-8837831c85ef,,False
Ext-HeySnips-3a6d685b-3b66-4cf7-a0f1-63a203766e21,,False
Ext-HeySnips-3a9243c6-46da-4610-b7da-325fdc01ddc2,,False
Ext-HeySnips-3aa1108e-b4e5-4967-b3fc-925c7a79d7da,,False
Ext-HeySnips-3ab0f54d-c80f-419c-affc-2f4857dc0ff8,,False
Ext-HeySnips-3ad0dff2-097e-4d64-8534-e5258ff4e15e,,False
Ext-HeySnips-3ad933bf-5e8e-4059-b013-112175fd760a,,False
Ext-HeySnips-3addc324-1d3f-4f71-bfb2-3cc76ee63775,,False
Ext-HeySnips-3b029317-8b06-450e-a209-e01ba609f63f,,False
Ext-HeySnips-3b1ef89f-be76-45ba-bd31-e3752053e7c5,,False
Ext-HeySnips-3b3bd647-4350-4a6d-8461-def9b89b79b8,,False
Ext-HeySnips-3b5510ba-917d-4a04-9658-98968f1fbb89,,False
Ext-HeySnips-3b872f25-2785-4156-898e-153445d0ecd8,,False
Ext-HeySnips-3b8a976b-f7f1-4cca-8e0a-476e0d3c9497,,False
Ext-HeySnips-3b91d068-de6f-408a-8344-18e9b13b87c8,,False
Ext-HeySnips-3b97df58-435f-49b3-9fdd-5565baee41ec,,False
Ext-HeySnips-3ba885d4-2d67-44ea-a2d9-6ba1620b6832,,False
Ext-HeySnips-3bbb46e5-f92d-42d7-a6cb-c78f385cc6be,,False
Ext-HeySnips-3bbc54f6-9082-4b03-9330-fd70e5c7f30c,,False
Ext-HeySnips-3bca470c-49bf-4a87-8362-9913fb6bde6d,,False
Ext-HeySnips-3bff71e3-c634-45d8-9f7e-5213e62e9f17,,False
Ext-HeySnips-3c399917-6274-4fec-b3b6-bf5903ff817e,,False
Ext-HeySnips-3c43910d-75cb-47b9-bded-b689c9aa8214,,False
Ext-HeySnips-3c67dda1-f33e-4867-bb56-b874390b6d14,,False
Ext-HeySnips-3c6b269b-1a3c-4716-9305-4b79f0766749,,False
Ext-HeySnips-3c9b5f31-aeb9-4768-b48f-38a5a52c821a,,False
Ext-HeySnips-3cc8428e-6cd4-4884-9aab-afbbf1f7565d,,False
Ext-HeySnips-3d021ee9-0de9-4d5c-a346-31721b29b364,,False
Ext-HeySnips-3d147880-505b-4b3b-aeb8-e9e123106998,,False
Ext-HeySnips-3d387b69-2ff7-4ac7-9fea-a92dd912c94a,,False
Ext-HeySnips-3d3e46a9-29f0-400b-b724-e49c9143176a,,False
Ext-HeySnips-3d41b0a7-ff70-45d4-b250-568e28c5b123,,False
Ext-HeySnips-3d475daf-5ad6-44a8-a9bb-d94d6ce32851,,False
Ext-HeySnips-3d4dc991-84c0-4240-9174-b839bb1f22cb,,False
Ext-HeySnips-3d670d6c-9030-48e3-95ec-790622daf4ca,,False
Ext-HeySnips-3d6a7c82-f7eb-4f23-bbef-1d1da3989842,,False
Ext-HeySnips-3d6e8314-f2f7-4819-ae8e-ade049b52f94,,False
Ext-HeySnips-3d743910-5948-42c0-8ea4-cc2660767e82,,False
Ext-HeySnips-3d955a01-5f11-4ee7-9607-b594208dd7cb,,False
Ext-HeySnips-3d9f3dd7-5f1c-4d65-abf4-d81d10bb8d30,,False
Ext-HeySnips-3daa69f7-648e-4c74-a8fe-3248bcee4e71,,False
Ext-HeySnips-3dadbac7-f6d2-4951-a9a4-04235c275a44,,False
Ext-HeySnips-3dd560f6-1a02-4794-98bc-ead091e5fb2e,,False
Ext-HeySnips-3dea2f65-736d-4f84-9bca-7a628596fdb1,,False
Ext-HeySnips-3e22749e-ca52-411e-8487-96b9c63298c2,,False
Ext-HeySnips-3e285893-8978-43e6-977a-315ce733adc9,,False
Ext-HeySnips-3e37ed28-2f7d-40bc-8fd3-95e56d6ca208,,False
Ext-HeySnips-3e5d0e76-7632-4fd4-bbd2-c654e66b8487,,False
Ext-HeySnips-3e8a86d9-3ac1-4988-b3c5-47d84e1cdb57,,False
Ext-HeySnips-3e96f03b-bb3d-43fa-a7d2-91044cf13d9b,,False
Ext-HeySnips-3e97a487-d46e-4bcc-b3e0-87bf7e5915da,,False
Ext-HeySnips-3eace77a-9dcf-47e0-8b3e-b2b4a46afa7a,,False
Ext-HeySnips-3edb33db-99e9-4a83-8b55-5bd8896c482e,,False
Ext-HeySnips-3ee0457b-3768-470d-b0c2-fd538e56873f,,False
Ext-HeySnips-3ef795be-f4d5-48ef-81fb-932747c85a71,,False
Ext-HeySnips-3efd17b3-662d-4a44-bfe7-61f4128d892e,,False
Ext-HeySnips-3f0fa09e-35b5-4988-9124-0fc214ad7f9e,,False
Ext-HeySnips-3f150bcb-590d-44ae-9d45-16ac16d1890b,,False
Ext-HeySnips-3f2b087d-c64e-44f5-be9c-6b371b1f4daa,,False
Ext-HeySnips-3f311f93-11ad-47a0-af84-d09d8d3fcf0d,,False
Ext-HeySnips-3f323b8f-67f8-492c-ab07-82d89fff1453,,False
Ext-HeySnips-3f42fb79-9b0b-4e91-b070-db1c09aac55f,,False
Ext-HeySnips-3f451333-69fb-4e71-b051-cb412b6a1047,,False
Ext-HeySnips-3f9a66f5-a8c4-4f90-99df-787f6c5d4d4b,,False
Ext-HeySnips-3fa35cab-4c2f-4628-9b1c-413eaf866606,,False
Ext-HeySnips-4006a966-8708-47c4-9985-1af659c89eec,,False
Ext-HeySnips-400ae33b-d46f-4fe5-bf1f-87ecfc6f3168,,False
Ext-HeySnips-403c6fdb-6523-4719-997f-a26dd2230e6a,,False
Ext-HeySnips-404e5d5c-083b-44a6-b2fb-b46021fab997,,False
Ext-HeySnips-40679b5a-5a41-4beb-ad73-ab3fa82663b1,,False
Ext-HeySnips-407398dd-a177-4780-800d-5636511f0070,,False
Ext-HeySnips-409d3d3f-571e-4ce8-952c-670c42298946,,False
Ext-HeySnips-40afab5d-f122-44d9-99f9-0085b50ca081,,False
Ext-HeySnips-410c40c2-87b4-462c-b101-a1df696a65a2,,False
Ext-HeySnips-410c72a4-919f-4c91-8443-95ca939b4afc,,False
Ext-HeySnips-410e0ad9-d0d4-4bf0-80c4-4b336ac93117,,False
Ext-HeySnips-4145a788-4cff-42b7-bdfc-ae42f890a9cf,,False
Ext-HeySnips-41476b78-0eb1-49e1-8960-c86c4d4a9a32,,False
Ext-HeySnips-415afb28-d6c4-4909-bc92-931dbfed1fc8,,False
Ext-HeySnips-4170d0ac-96db-467c-a29d-44a05d1b1c54,,False
Ext-HeySnips-417c14e3-c705-4f9a-bd8c-0b823a79add4,,False
Ext-HeySnips-41a2e0ea-db36-46d1-b3a3-3a95547e0ad0,,False
Ext-HeySnips-41a5db74-1b63-476e-b397-5723927f80e1,,False
Ext-HeySnips-41ad1625-27f5-46d3-9914-67b480a204d6,,False
Ext-HeySnips-41da1963-6e9d-49ba-90f2-b8a676cb4fa1,,False
Ext-HeySnips-4202c07a-b5d5-4ae4-bdde-21880f3eae01,,False
Ext-HeySnips-422072bf-3614-4ba1-96b4-9adee1b45f41,,False
Ext-HeySnips-4223b533-928c-434f-80ed-ccea30fd2e5e,,False
Ext-HeySnips-422d107c-a254-4b8d-a772-bbeb7317b68a,,False
Ext-HeySnips-424407a3-a1fb-440d-b36d-0bac918c2468,,False
Ext-HeySnips-4251b99d-36e4-4e6e-9ac8-e27e90f7695e,,False
Ext-HeySnips-4260245c-9d70-409d-af24-04ccba43fe84,,False
Ext-HeySnips-42618f19-6898-4c99-8de5-5107a7363dff,,False
Ext-HeySnips-42984b23-6288-4c42-b005-8d09b40db723,,False
Ext-HeySnips-42a2ae7c-3910-4cf4-98ba-1357116e8858,,False
Ext-HeySnips-42d3b36d-2e5a-4c17-abd6-22f9e90c64ea,,False
Ext-HeySnips-42de2cf5-4f7b-41ec-8878-993ba9be8c01,,False
Ext-HeySnips-42f7b22b-c7af-43e2-936a-05bb488da0fe,,False
Ext-HeySnips-43375dba-5be5-469d-aed3-999eb387313d,,False
Ext-HeySnips-435dd2a9-05f5-4302-aeb4-035cb9d94113,,False
Ext-HeySnips-4379d434-dfc5-4db6-8436-c684bc93f24a,,False
Ext-HeySnips-437ad75a-781a-4b3a-9db7-cfc0461211ef,,False
Ext-HeySnips-43954d3c-48d9-4149-a0d8-0b138836e03a,,False
Ext-HeySnips-43a14120-668d-4f2d-a7fd-1fbfffb170db,,False
Ext-HeySnips-43baa59d-7cdf-4893-b561-927d1d09a9e8,,False
Ext-HeySnips-44048c44-8cac-4c1a-9e68-07775482242c,,False
Ext-HeySnips-4412a7d1-6591-4747-a861-d1f330e5a303,,False
Ext-HeySnips-443fe646-568b-4784-b285-b2f6f1b7bc96,,False
Ext-HeySnips-445ffc2d-9faa-4f71-84c3-bce07d9b6d86,,False
Ext-HeySnips-446e0dcd-b82b-428e-afba-51d10363fc5d,,False
Ext-HeySnips-44715719-5362-4628-9e0e-8356e92dc44c,,False
Ext-HeySnips-44b98c9e-0351-47d7-b379-940b80dd3e01,,False
Ext-HeySnips-44c4d651-1c65-4de3-abfd-ece9899a5186,,False
Ext-HeySnips-44e8636c-5a44-4013-9dfa-26990fb0d9db,,False
Ext-HeySnips-44eae403-ecb2-45db-bcad-e592858b4247,,False
Ext-HeySnips-44eef360-0ce4-4678-97b4-0eda8af74619,,False
Ext-HeySnips-45111d87-71bf-4496-88fb-06688c49f98d,,False
Ext-HeySnips-451a0933-e6d0-4811-8f00-f64ce42035b8,,False
Ext-HeySnips-457e9859-8c30-4b17-9e45-f0626172fc52,,False
Ext-HeySnips-45822ef1-8c62-4c90-9610-17b9c0db7c9b,,False
Ext-HeySnips-45864554-0e49-4f8f-87ee-6ea578680052,,False
Ext-HeySnips-4596aa59-897f-4c0d-8086-3248f209ad9c,,False
Ext-HeySnips-459ae4c2-7c60-4c3b-be01-92d25f3e8465,,False
Ext-HeySnips-45ba350f-80c9-4cec-aeef-50b9bf20a435,,False
Ext-HeySnips-45cf7fd8-4a34-4f63-bb02-9fc99ee69835,,False
Ext-HeySnips-45d0172e-3794-4dd3-a186-29da55b19c82,,False
Ext-HeySnips-45d07cfc-af96-468d-8525-a32b3bc34d21,,False
Ext-HeySnips-45daf2e7-fd25-4d4c-9613-0bdae4d81835,,False
Ext-HeySnips-45f25c15-6141-4363-a13d-e80d2d045d57,,False
Ext-HeySnips-45f946e9-e9bb-441f-b0cd-2635f9a01035,,False
Ext-HeySnips-461a3db8-cd94-44cb-a236-45eb63f15f93,,False
Ext-HeySnips-461af409-ab75-435c-aaae-0d79ef2d3366,,False
Ext-HeySnips-4637f9c2-fff3-4740-84cd-20a2ff5c300c,,False
Ext-HeySnips-46888013-96a0-4178-b7dd-81693cb500f7,,False
Ext-HeySnips-46b544fb-e0c3-4212-924b-ff11a3989284,,False
Ext-HeySnips-46bcee56-e179-4f68-a629-f1b809983217,,False
Ext-HeySnips-46f69257-49e0-470b-a88d-aec768dde9dd,,False
Ext-HeySnips-46fd61ab-20b0-4721-a67f-4f01d4e56b2a,,False
Ext-HeySnips-46fe8316-2389-4b56-96d0-db8947f1e486,,False
Ext-HeySnips-47021060-536a-4373-ad99-acc56f3547ab,,False
Ext-HeySnips-4726eea5-c60a-4739-87d4-1d1fe8706fd1,,False
Ext-HeySnips-474ef112-747e-48b4-bd61-2456f25e170d,,False
Ext-HeySnips-476c9899-e2e7-47f8-a5ed-c10575aeef93,,False
Ext-HeySnips-477a724a-9e8e-498d-b35d-9b46876ba893,,False
Ext-HeySnips-47884212-3796-45d6-9b55-267a0e89e627,,False
Ext-HeySnips-47c1ae4f-1154-438a-abcc-de9f822f624c,,False
Ext-HeySnips-47db9089-baf3-4702-8640-aa389c3a3627,,False
Ext-HeySnips-47f0ba81-5009-44fb-86bd-5fefd8a8f16c,,False
Ext-HeySnips-48009144-10e7-4dfd-b630-4641891607ff,,False
Ext-HeySnips-480f79f9-8615-4863-b90b-eb5becc62627,,False
Ext-HeySnips-481c7e8c-aa1f-4fec-b371-7c72b15d6cc3,,False
Ext-HeySnips-4833bd1e-2502-4612-9239-30713289cbca,,False
Ext-HeySnips-48429d14-0482-463c-96e0-9ee06bb12337,,False
Ext-HeySnips-484bac3f-d965-49ce-96e0-a91976279479,,False
Ext-HeySnips-48574194-2b56-432d-b8d4-893a3c34d62a,,False
Ext-HeySnips-48b20aff-291a-42c3-b49e-5ebfd1a0e3a6,,False
Ext-HeySnips-48b5049c-b6ea-43e8-ad39-6641a4f0a803,,False
Ext-HeySnips-48b6af60-9ead-4379-b0ca-b5041893f667,,False
Ext-HeySnips-48dfbf9a-f009-426e-b8bb-aee55ba3bca8,,False
Ext-HeySnips-48e14907-069d-41cc-96be-25e953bf71ea,,False
Ext-HeySnips-48e49eaf-bef0-4999-b54b-c5c6819dd6e8,,False
Ext-HeySnips-48f0b0bc-c132-4b38-9eeb-316498d29b6e,,False
Ext-HeySnips-492d4aad-b1a8-45f5-b8f0-d775d2626fed,,False
Ext-HeySnips-49319f78-b332-4a76-b424-4ec941d04f73,,False
Ext-HeySnips-4932d58c-a255-4209-bfb0-11b8f708dfd1,,False
Ext-HeySnips-4945ec08-e06f-4bd9-8ca9-26251715e0f7,,False
Ext-HeySnips-4948bc5b-9c1a-45d9-aebe-1b7cfeda28ab,,False
Ext-HeySnips-494dd2a9-4a7c-4c9e-a839-b389d013ddc0,,False
Ext-HeySnips-497a9ed8-f1b2-426b-9518-2e7d9a697260,,False
Ext-HeySnips-4987f0b7-cf55-41e9-8a11-4d5a9cd6e3c3,,False
Ext-HeySnips-498d2049-5b83-4254-8a6b-3392d9124871,,False
Ext-HeySnips-49ac1746-962c-4cc6-a357-e7ca9d2d82ee,,False
Ext-HeySnips-49f60f18-3dcb-4ee3-a921-178585fe17de,,False
Ext-HeySnips-4a0dfc4b-d355-408f-a2df-8c9e0c847b21,,False
Ext-HeySnips-4a1b4650-1330-4fea-acee-607c8d3fbc28,,False
Ext-HeySnips-4a1e5dc3-2009-4491-bd3a-f522c3acc9b6,,False
Ext-HeySnips-4a40e017-6b34-4151-92d0-3a31b318595a,,False
Ext-HeySnips-4a536a23-327d-4405-b3e1-2de38b54f8ca,,False
Ext-HeySnips-4a54445c-a505-4ce0-aa88-c6603d0cd4b0,,False
Ext-HeySnips-4a6ed299-61de-4b7c-af09-9172dcef8a75,,False
Ext-HeySnips-4aabb10a-a7a9-4bf3-abe0-d8136bb5831d,,False
Ext-HeySnips-4ab85cb2-2a62-4dae-90cf-3abc30418a48,,False
Ext-HeySnips-4aba2d3a-3442-4985-9f08-48b3447659aa,,False
Ext-HeySnips-4ac13cd5-d019-4fa5-8d10-c007d2bbefb4,,False
Ext-HeySnips-4b0a34c9-dcb6-4412-ad0a-bff1663984ad,,False
Ext-HeySnips-4b137ef0-5d86-4f0b-a75e-d48d98f4a721,,False
Ext-HeySnips-4b25bb87-fdc4-4a13-9695-eacba2ea744f,,False
Ext-HeySnips-4b34d5f2-92ad-4be8-905e-2e270af72259,,False
Ext-HeySnips-4b38905d-33cf-4f45-9c40-a3793e466167,,False
Ext-HeySnips-4b3ccf36-463e-40a9-90e5-ca17f396593f,,False
Ext-HeySnips-4b3f2dda-d520-4c16-b955-c096f7baa803,,False
Ext-HeySnips-4b5ae8cc-7ab0-47de-8b3e-0a861b8e1c44,,False
Ext-HeySnips-4b7b3691-9205-4f6e-a9c6-04ba5ef16d40,,False
Ext-HeySnips-4b89f107-8264-4cd6-8c67-e18a1da52159,,False
Ext-HeySnips-4b92d6df-0d6f-4dc2-8e0c-6e1a0c18fc41,,False
Ext-HeySnips-4bbff330-3f8d-459c-b958-ad98ae63f87d,,False
Ext-HeySnips-4bc0e67e-fbb6-42bf-b9d3-ab3dd000a3fc,,False
Ext-HeySnips-4bd2274a-cd33-4204-b88f-97de1f55801b,,False
Ext-HeySnips-4be59a4a-f3e8-40cc-a370-c6ce0ead2f0a,,False
Ext-HeySnips-4c1dbc57-b5d0-4d81-bc43-0edd9c1bbb0a,,False
Ext-HeySnips-4c2c0cb8-2b28-4ceb-903b-606533ef2a08,,False
Ext-HeySnips-4c3ab511-500f-4195-a8bd-e81895048383,,False
Ext-HeySnips-4c514319-958a-41d4-ab32-3bc3fbdc6227,,False
Ext-HeySnips-4c655549-5f31-41b7-8343-d832bc8b77ea,,False
Ext-HeySnips-4c7a0abb-05d1-483b-87b3-5a0d76ac6416,,False
Ext-HeySnips-4c7d642f-17b4-48b0-bf01-798681065726,,False
Ext-HeySnips-4c82db10-7868-46ca-b462-0a0228b26ebb,,False
Ext-HeySnips-4c95a6bb-7ca7-4881-a114-6d9378191f16,,False
Ext-HeySnips-4cb15bc5-65c4-43e0-bedb-a94ff3bfd547,,False
Ext-HeySnips-4cc5e846-a363-49c4-b8f5-ed8b4a6b6231,,False
Ext-HeySnips-4d01ad58-04d9-4491-a9d2-86b24e26c947,,False
Ext-HeySnips-4d1abdea-cebb-453d-abcf-383b9a8a9f35,,False
Ext-HeySnips-4d46391d-64b0-421e-8729-e0d9d7c7b2fb,,False
Ext-HeySnips-4d4d706b-ccfc-4968-b64e-ac854db31d6c,,False
Ext-HeySnips-4d50ff2e-0920-4dfd-b905-1a56bc34dda6,,False
Ext-HeySnips-4d52a317-5f17-43c2-a225-01ae4b5403cd,,False
Ext-HeySnips-4d5e0668-4d04-4297-8d8a-d906e7a83c6b,,False
Ext-HeySnips-4d77a515-da09-45ec-87de-ffae00ed153c,,False
Ext-HeySnips-4d855deb-b2ee-4d87-bb54-b4517a5ba546,,False
Ext-HeySnips-4d9b902c-7c01-4d1e-ae7c-5fdb39f784b5,,False
Ext-HeySnips-4da9f47a-4853-4cc9-84c7-2b1010ede68c,,False
Ext-HeySnips-4dcbd4ac-7a6a-4d27-b64e-0b8d0e9c13f8,,False
Ext-HeySnips-4e0d367e-74be-4e92-8bd5-eb4a4ef5f964,,False
Ext-HeySnips-4e0f6230-ca3a-4fcb-b6de-65207ad87bf8,,False
Ext-HeySnips-4e28d9c5-97fe-4bbf-9771-2d1cfeca384a,,False
Ext-HeySnips-4e5df43c-b75f-4688-9768-50c948e07c9e,,False
Ext-HeySnips-4e69748d-9bdf-4070-9f37-57c9429b2385,,False
Ext-HeySnips-4e7f4de8-dd4c-482b-8fe2-2c2b2d78fc0c,,False
Ext-HeySnips-4e929b50-f1eb-41ea-b703-d4d4fea4d06a,,False
Ext-HeySnips-4e9d6ae1-1264-4011-a495-d01e71ae198b,,False
Ext-HeySnips-4eaa2156-ae68-44ba-b9e4-a5caaaf5ceb7,,False
Ext-HeySnips-4ed8cac9-6092-4beb-a98e-6c4ce2fcc648,,False
Ext-HeySnips-4ed8cdf4-4231-426c-81f4-a1099c4c8f08,,False
Ext-HeySnips-4f046a73-8304-46a5-be81-79e4eddc2579,,False
Ext-HeySnips-4f085d5f-9b9a-4f9f-b5e9-e2ce5e1e98e9,,False
Ext-HeySnips-4f10063a-d71a-4fe1-a49f-e2ee033b37fb,,False
Ext-HeySnips-4f2ac1c7-3ca7-4560-8769-e13849ae967b,,False
Ext-HeySnips-4f3e3e04-be0d-47ad-9b73-434075f19023,,False
Ext-HeySnips-4f4093a0-89ff-466a-8496-7acec6bde72d,,False
Ext-HeySnips-4f464107-489a-4179-afe8-91e6ef3b9b6b,,False
Ext-HeySnips-4f659b33-ce63-4f59-ba9a-60d4d80c8597,,False
Ext-HeySnips-4f766320-dac2-4a05-9e7f-ed33eea7f3f8,,False
Ext-HeySnips-4fa68b0c-ecd7-48ff-b325-aae50f6b7e66,,False
Ext-HeySnips-4fcc7df6-9a3b-4a86-8866-79ef4833cebd,,False
Ext-HeySnips-4fd56a26-11f0-4765-aa56-16a8e6a1621f,,False
Ext-HeySnips-4fd994d8-aa41-42cb-89e7-382312b0c982,,False
Ext-HeySnips-4fdc1f57-e708-40a5-8785-8ee0b736364f,,False
Ext-HeySnips-50072fd1-6f52-43b5-a3d5-efbca3a76ae6,,False
Ext-HeySnips-5016168b-f7e3-4aeb-9bde-ea177e5ebda6,,False
Ext-HeySnips-501d0267-85ec-4896-8876-03c25870ee27,,False
Ext-HeySnips-50697c79-b1e9-4b0f-ab5b-dca579ee2d5b,,False
Ext-HeySnips-5077d1b8-de5e-455b-8a1f-e0128d76d0fe,,False
Ext-HeySnips-50799925-a5a2-489a-9b80-a14a2d1a751e,,False
Ext-HeySnips-50806268-57db-460c-abe5-475badf3c9b9,,False
Ext-HeySnips-508e9010-299d-4492-8489-44e1269a76b3,,False
Ext-HeySnips-50a5f5f8-02a9-4a2f-8d05-5a6e93244ea0,,False
Ext-HeySnips-50b4da76-4aea-4fa4-88f9-62805e0d6ef4,,False
Ext-HeySnips-50cd9426-7421-4c45-ba20-07668b5b0ba4,,False
Ext-HeySnips-50daec59-d472-4c3b-af3b-783478d693e1,,False
Ext-HeySnips-50e4dbf6-2259-4bff-bfc5-2a0144bb571d,,False
Ext-HeySnips-50f691c8-95ea-439e-b7fd-58613d4e41a5,,False
Ext-HeySnips-50f7fdbf-85d1-4bf8-ac91-1ee79ffb9aea,,False
Ext-HeySnips-510119bd-78f3-4afd-bd6f-6b45ee6940bf,,False
Ext-HeySnips-51116d64-f866-4b57-ae88-9540fd79da21,,False
Ext-HeySnips-513b54e3-000f-4477-9e83-1a46bae0dd55,,False
Ext-HeySnips-513f8053-014e-4193-9080-7f25d4ef23e8,,False
Ext-HeySnips-5148f72a-1a5a-4fa1-b9aa-9b4bd1484941,,False
Ext-HeySnips-5153c2d3-8b51-4d00-8d59-cccfafac2e13,,False
Ext-HeySnips-51591e9a-e1d4-4a02-809d-8145b6d47574,,False
Ext-HeySnips-516f3d2d-0be3-45fc-af13-04b0c1a3b378,,False
Ext-HeySnips-517293fc-e29c-474a-ae20-d13e40153c10,,False
Ext-HeySnips-51c01306-880b-4c96-9e04-44e25200c82a,,False
Ext-HeySnips-51cd3064-338a-463d-a86c-22de2d658cb4,,False
Ext-HeySnips-51f0db56-296d-4c95-98b2-8f9e3038ce66,,False
Ext-HeySnips-52065379-f493-42cb-98b3-76a737d6d8dc,,False
Ext-HeySnips-520c78b4-b066-4b8f-b6fb-17cb7a7ece4d,,False
Ext-HeySnips-5210db8d-cdd2-4049-bd30-b76fb152babf,,False
Ext-HeySnips-5234166d-bb76-4611-af77-23940a1fad70,,False
Ext-HeySnips-526c36ec-3864-491d-a8b4-3bbe39ce3efe,,False
Ext-HeySnips-529243b8-b89f-4fef-acc5-2c693710b643,,False
Ext-HeySnips-52b714db-d131-48cd-8eda-fbe43e0ea2f6,,False
Ext-HeySnips-53071d1d-250a-4140-a1d1-9d32fc59d770,,False
Ext-HeySnips-5309e8fe-396b-46fe-aee5-ed84b20685e7,,False
Ext-HeySnips-531821ad-fc05-47d3-a122-421466b5fb10,,False
Ext-HeySnips-531bc913-b406-4815-9a52-9d2f1c1a4357,,False
Ext-HeySnips-53346cb0-1d3c-4fdf-98a0-6ecf3cfd3c37,,False
Ext-HeySnips-536a10af-466d-4ee1-adf6-601d4120d5f7,,False
Ext-HeySnips-53ad931a-3f9e-44ad-822f-ce77453f0edf,,False
Ext-HeySnips-53b5da39-9398-4b22-a615-1541c8eaefa2,,False
Ext-HeySnips-53c019be-8e15-4712-bb4a-86459614c55b,,False
Ext-HeySnips-53f08f10-4c43-4add-8fc3-9353700ba453,,False
Ext-HeySnips-541ffcf3-a9da-440f-97b1-bb2aa604b8fd,,False
Ext-HeySnips-54345ca8-85c3-4c2e-a59c-fe35838997cd,,False
Ext-HeySnips-544e660a-3d83-403c-b1f9-0282e7c5f08e,,False
Ext-HeySnips-5452e901-60e8-45a6-a331-53f90c2808a0,,False
Ext-HeySnips-546b1dde-8b53-4dcf-aa3d-a921c25a3e3e,,False
Ext-HeySnips-546bc235-f027-4ad3-9315-dd682eb88e66,,False
Ext-HeySnips-547ffebe-3675-477c-8025-a8376ad149c0,,False
Ext-HeySnips-54899b61-fb30-4e8b-94b0-3b99fc89f813,,False
Ext-HeySnips-54963474-281f-4881-acb5-2719948b8e79,,False
Ext-HeySnips-54a1ec0f-669e-4061-875e-9fb0646c325a,,False
Ext-HeySnips-54b526d1-6d52-4a8d-befb-770236293f7a,,False
Ext-HeySnips-54d40e29-d7a5-441c-87b0-01c7fd0befc6,,False
Ext-HeySnips-54dd4a77-e3b4-4ced-9d0d-367ba412cfdc,,False
Ext-HeySnips-54fab1ff-8e4c-48a9-a784-75180339fc3b,,False
Ext-HeySnips-55159cee-08f2-4793-9bf0-a8bc2765b507,,False
Ext-HeySnips-5527508c-bffa-4598-b0ba-5afdedcec9f7,,False
Ext-HeySnips-554accc9-d864-45a6-9327-4352b421fd06,,False
Ext-HeySnips-5574ca57-059a-404d-82be-4d747dd30079,,False
Ext-HeySnips-55856f2d-acda-4a28-8f2b-af6690824a18,,False
Ext-HeySnips-55870241-6014-48c4-a6ab-5f92dac8173b,,False
Ext-HeySnips-558d660f-c7b8-43fa-8c73-47bef8e1bc15,,False
Ext-HeySnips-5597ea45-c93f-4b04-9a35-7e5ca224b6e1,,False
Ext-HeySnips-55ac7d2c-0cd2-45e0-b908-ee32428f11dc,,False
Ext-HeySnips-55cd5ebe-158d-4258-9461-840ba291522c,,False
Ext-HeySnips-55dee02d-d559-415b-8432-119865cfe57d,,False
Ext-HeySnips-55fbd0e6-b371-497c-98d1-d2aefe73e334,,False
Ext-HeySnips-5609ac74-4b39-47ba-900a-9e2dfb3b4e24,,False
Ext-HeySnips-560f8c30-a834-499b-a671-2e5ee9c85b55,,False
Ext-HeySnips-5628756f-2ef5-404d-96fb-128f40ae4ee0,,False
Ext-HeySnips-562b4f1b-a603-4183-bdc2-fbae72de3ad0,,False
Ext-HeySnips-5639782c-c7de-44e6-92d6-ceab44509ac0,,False
Ext-HeySnips-567cafd4-ce92-4dd0-93ee-184bd641f492,,False
Ext-HeySnips-5696be88-7e84-414b-a77f-f8943906c4a5,,False
Ext-HeySnips-56a3b3f2-79c3-4787-b3f3-e26117dc4d1d,,False
Ext-HeySnips-56c8552f-69c0-4670-a3b3-8f69d6b81b39,,False
Ext-HeySnips-56c8feeb-09f0-44c5-8337-132b5731c2b0,,False
Ext-HeySnips-56dd4030-bbcc-485d-b6e7-29730ba1c5c0,,False
Ext-HeySnips-56e0e761-8c50-4843-8ff4-426aefd050c0,,False
Ext-HeySnips-56e5242f-f2d2-44fe-ba07-e45f49a38a23,,False
Ext-HeySnips-56fbdda6-6127-45d6-a988-357112c1a4d8,,False
Ext-HeySnips-5702565c-a88e-4e12-8d4d-b2ff4e3bee57,,False
Ext-HeySnips-57074fb5-7a22-4f13-a805-534c4fdecca0,,False
Ext-HeySnips-570b4778-d3bf-48cf-80d0-4014b4914c57,,False
Ext-HeySnips-574cf8a5-a2a6-42c7-917f-24d285b545e3,,False
Ext-HeySnips-574eacc5-bc55-417e-be33-c8a25719fd26,,False
Ext-HeySnips-5757a95c-3a9e-41b5-85e6-498b8ab67231,,False
Ext-HeySnips-576e2682-0fc0-428f-88f9-a3395bb5f9ad,,False
Ext-HeySnips-57c24db6-982e-4b47-a61c-9d022f9fef37,,False
Ext-HeySnips-57c9d3ab-f053-4a51-8c25-83cc5e4dec02,,False
Ext-HeySnips-57cbff17-fe8f-464b-abe3-01f75d6a3b14,,False
Ext-HeySnips-57e23860-8698-45ac-86b3-fd20ca5f430c,,False
Ext-HeySnips-57fb5d3a-eadc-4a36-a154-cbe6fc82d2b5,,False
Ext-HeySnips-57fc4fb2-d49a-41a3-a422-a794e9075b9b,,False
Ext-HeySnips-57fd8bb6-6b51-40b2-804d-4d9ed2707195,,False
Ext-HeySnips-57ff6f6e-3dfc-4e2e-bf7b-4ced07a129d0,,False
Ext-HeySnips-5802637b-cf25-4f2a-af4a-945902c46d80,,False
Ext-HeySnips-5836f079-cb66-46c9-bd3a-fdec5dc83d2b,,False
Ext-HeySnips-5838633e-4c03-46d1-8244-426d423e4166,,False
Ext-HeySnips-583f5f63-d47b-41c5-b208-a797e5c6ec97,,False
Ext-HeySnips-5844d91a-890f-4b5b-a56c-72f401657b1a,,False
Ext-HeySnips-5858af68-34ae-4746-8f96-fc413895eb45,,False
Ext-HeySnips-586ae50f-186c-464a-96aa-f0747d2a32b3,,False
Ext-HeySnips-587e5398-5fc9-4b9c-9018-63cd1ae8582c,,False
Ext-HeySnips-58a7ff30-bed6-4747-af3d-a22f3c5b6fcc,,False
Ext-HeySnips-58ba91a0-23b5-4ade-9b0d-bb7ccd4f2d84,,False
Ext-HeySnips-58bf41cc-2448-443d-8245-ea8a386b3b1b,,False
Ext-HeySnips-58e12ee7-1162-40bc-be22-23fb8ebc05e0,,False
Ext-HeySnips-5939fa46-0f6a-4847-a9ba-234e5da16217,,False
Ext-HeySnips-598942bc-14f0-489b-9ff2-b8d2d7d87007,,False
Ext-HeySnips-59a0329d-3087-4578-a77c-5e1dc4699826,,False
Ext-HeySnips-59b14217-b334-4c93-a8ad-d5c35fae0a6f,,False
Ext-HeySnips-59bf394b-2539-424e-8fec-bce1a0b009a0,,False
Ext-HeySnips-59cacedb-7c44-491b-9b6d-761c16824ea4,,False
Ext-HeySnips-59ec0385-beea-4c24-b70b-bf69f5e91e85,,False
Ext-HeySnips-5a2806a1-7259-435e-8a96-2fc280c46ec7,,False
Ext-HeySnips-5a33f51c-7c99-4f4a-8975-7920bdaa1f5a,,False
Ext-HeySnips-5a436055-137e-449e-afb4-e3dfafb709df,,False
Ext-HeySnips-5a94da0a-286f-458a-b8e4-7239993ef892,,False
Ext-HeySnips-5b1c17a8-aba8-4b8a-9f15-e4ff8c0a6bae,,False
Ext-HeySnips-5b664172-1363-495a-837b-1022ecb00073,,False
Ext-HeySnips-5b6c2e2b-b3f1-48d8-a9fd-5978d53c13fa,,False
Ext-HeySnips-5b6f5220-f437-42c6-b643-c13113a4b82b,,False
Ext-HeySnips-5b87c0cf-4dc0-4020-bd08-73acd5d38564,,False
Ext-HeySnips-5baaa08f-2524-4270-87b1-b8647a7b7d74,,False
Ext-HeySnips-5bb579d9-17e8-4750-87a7-4da2f3467b32,,False
Ext-HeySnips-5bb6c728-0bf4-4ccd-bc09-4f2d7a07fa30,,False
Ext-HeySnips-5be89d5f-cb78-4713-affc-16be10facb8f,,False
Ext-HeySnips-5bf7168c-46c6-4e6f-bbdd-a12b05d6b70a,,False
Ext-HeySnips-5c1777ba-2314-481a-93c5-789fd31917d7,,False
Ext-HeySnips-5c4c6c6c-a303-4534-9928-2d222092c63f,,False
Ext-HeySnips-5c5162bb-4bed-4358-9841-62eeb271d3e1,,False
Ext-HeySnips-5c5334a4-33c3-4af2-b02f-7a8f162954cf,,False
Ext-HeySnips-5c677640-5c13-48e0-b3c0-ad06b6aaa491,,False
Ext-HeySnips-5c95b414-a24d-4ac2-8f1f-6836eaa17626,,False
Ext-HeySnips-5ca1088a-41da-4656-a661-b58cac2ae261,,False
Ext-HeySnips-5cb8cd92-9bff-4b10-ae91-10d5e3dd8029,,False
Ext-HeySnips-5ccb1614-42a2-4151-be0e-30fe02edf974,,False
Ext-HeySnips-5cd38a77-7cad-43c2-a587-a3c88024ffbb,,False
Ext-HeySnips-5d417235-0560-40cb-9f1d-6009981606fe,,False
Ext-HeySnips-5d49d643-7947-4dd2-ae14-e66ebb341380,,False
Ext-HeySnips-5d4a1cbc-14f4-4e06-bcad-a0cbc59c1813,,False
Ext-HeySnips-5d5010b5-5a84-4b29-827e-4f9189dfbfb1,,False
Ext-HeySnips-5d8047a5-9ab7-47d5-9824-349da016d229,,False
Ext-HeySnips-5d8ac0a0-dbb3-461d-95e1-076b4d2b3fb3,,False
Ext-HeySnips-5d9b5c16-e81c-49da-addb-6a6f01eb2261,,False
Ext-HeySnips-5d9d490d-5fc5-4df2-8f39-5dc44b369d4a,,False
Ext-HeySnips-5db2b73b-aded-4e5e-a83f-5224fe8d02a1,,False
Ext-HeySnips-5de0d23f-e69b-48a8-a5e9-e819931599e0,,False
Ext-HeySnips-5e02de17-1dd3-4b20-91c3-868cc3fbdabc,,False
Ext-HeySnips-5e19b90e-a854-493a-9357-12fd0eadd682,,False
Ext-HeySnips-5e30d566-c875-4402-9a37-d45a2141c73d,,False
Ext-HeySnips-5e3bfed7-81df-4c25-bfd3-b99877b6269f,,False
Ext-HeySnips-5e9d6392-c032-490b-85f1-b67a61833e89,,False
Ext-HeySnips-5ec1f635-3f4d-4233-a11c-55e88561a5e4,,False
Ext-HeySnips-5f0d32a2-ad9c-4ae5-9158-5593f0025d66,,False
Ext-HeySnips-5f11760e-9215-4d6e-ba38-bdeecdca3649,,False
Ext-HeySnips-5f14082b-f1f0-4f60-a2e5-d6d5cea7c4ef,,False
Ext-HeySnips-5f182795-62a9-44af-8055-4691249541ac,,False
Ext-HeySnips-5f1b6b79-bd15-44f5-8066-768d54896ac9,,False
Ext-HeySnips-5f3647de-37dd-4e21-9e6e-fbf141b6a622,,False
Ext-HeySnips-5f3d4b15-292d-4850-a95c-8a0c2555b0b8,,False
Ext-HeySnips-5f548252-524c-4911-9dc9-14499b461a33,,False
Ext-HeySnips-5f6544ec-aac3-4dca-8c4e-37d11810fbe6,,False
Ext-HeySnips-5f7a3007-d804-46ed-8ea6-dca67231f5e4,,False
Ext-HeySnips-5f94f158-2f8c-4a79-96bf-7ea249c3f61f,,False
Ext-HeySnips-5f986a1e-d262-460c-8709-99419138b992,,False
Ext-HeySnips-5fc8f3e8-0a34-4ca3-af08-1e6faa2c7988,,False
Ext-HeySnips-6008a8d1-dc44-4755-ba23-c29861758afa,,False
Ext-HeySnips-60183bb9-058b-4cb6-8e4b-5ffe1299d36f,,False
Ext-HeySnips-601b4ab4-44b9-47ec-9f77-5fc56ff60f10,,False
Ext-HeySnips-601e7369-11d3-4c7c-af95-7b4bff3c463f,,False
Ext-HeySnips-60346492-63dc-469b-8de4-12d607c0e250,,False
Ext-HeySnips-6041e256-fc98-4f7c-8a4c-29feee3d997e,,False
Ext-HeySnips-608e3f29-241e-43db-bcdb-c039362395d5,,False
Ext-HeySnips-60bb509d-f3c9-4fd0-a509-a1614babf1bf,,False
Ext-HeySnips-60c7c3b3-276b-4c98-a53f-c514f64d226c,,False
Ext-HeySnips-610176ed-ad6e-40d1-a639-67f0dfc2b09e,,False
Ext-HeySnips-610cb704-29de-44b1-b9dd-a30227d00273,,False
Ext-HeySnips-610eb271-c7f0-4003-834d-97de242a1f24,,False
Ext-HeySnips-614739ab-298d-4020-bfd3-6cda532431f6,,False
Ext-HeySnips-614fb1ef-f3c9-4be0-ae38-e3c0653a456d,,False
Ext-HeySnips-61538ff7-43e4-4611-9293-8e89ce4feca8,,False
Ext-HeySnips-617bee1b-e738-4c7b-ab99-702ac97d461d,,False
Ext-HeySnips-61afb59f-2bec-4815-be7d-bb437ed2bfc6,,False
Ext-HeySnips-61be7dce-dff4-4227-9d7f-331b1c4f780d,,False
Ext-HeySnips-61bf4e58-11b4-449e-949e-aa8986a4cf7a,,False
Ext-HeySnips-61c3888b-3454-4434-b896-8c2878ea0dae,,False
Ext-HeySnips-61d8d4a4-95f1-473f-9baf-d1f3954a788c,,False
Ext-HeySnips-61f0131a-1fc3-4e86-abc4-77116e199186,,False
Ext-HeySnips-61f7b11f-a89e-407e-8ddd-3fda948458e7,,False
Ext-HeySnips-621d0a9a-ff95-4c6e-a58d-36f8037a33f8,,False
Ext-HeySnips-622ed6d3-89fc-49a4-8403-4ecdec236943,,False
Ext-HeySnips-6231d203-a2c0-4833-adee-a2c853dc43df,,False
Ext-HeySnips-623569da-87dd-4f33-b9fe-4cad4de30fb2,,False
Ext-HeySnips-6259dafd-14f7-452e-8187-bd875157cc8e,,False
Ext-HeySnips-6274ce1a-7a27-47b9-94b8-23e97388f38c,,False
Ext-HeySnips-62916509-c4ea-4107-aaaf-a60d208845e3,,False
Ext-HeySnips-62a35802-a6ff-465f-95ec-f5a9c9f0bbf4,,False
Ext-HeySnips-62bb3fcd-5e06-4eea-924a-b46f656dbd34,,False
Ext-HeySnips-62bd054e-826b-42b3-a955-961b667c733c,,False
Ext-HeySnips-62d2f228-2ef2-41d2-b373-a7a7a492d0c9,,False
Ext-HeySnips-62d8fc3f-6a44-4852-a013-f1570c257adb,,False
Ext-HeySnips-630dc8a2-d216-4dab-a521-cc9f7529b4ff,,False
Ext-HeySnips-6310259b-728e-4aa0-80df-14eb799a7af1,,False
Ext-HeySnips-631fb486-5a79-4aff-a0d8-5caddab3677a,,False
Ext-HeySnips-6335185d-2e15-4e6a-9e90-a271980b0c16,,False
Ext-HeySnips-63464b06-1255-4e62-b7ed-78e904c510ee,,False
Ext-HeySnips-635a9fda-c07b-4faa-84af-51886a46a3e2,,False
Ext-HeySnips-63898ca7-1b32-4126-a7af-3359c5a9d90a,,False
Ext-HeySnips-63ab11bf-6994-47f8-8190-5dea462e9991,,False
Ext-HeySnips-63f2a1b8-59f5-4463-a945-88d1f4789dfe,,False
Ext-HeySnips-64019719-1e8f-430a-93c9-270b94ab239c,,False
Ext-HeySnips-641d1ca2-283f-4e6e-b916-e6964a25cfa7,,False
Ext-HeySnips-6426a77e-5f45-42c1-8c58-31c79cc2a479,,False
Ext-HeySnips-6426c113-89ce-40c9-ab82-94447f4ececa,,False
Ext-HeySnips-6432ccd4-f1fe-4d97-9eba-8476db855aec,,False
Ext-HeySnips-6456f271-1a01-4c46-85ad-e9490deec375,,False
Ext-HeySnips-645f6678-9bb9-4224-ac95-747ed403b584,,False
Ext-HeySnips-648a4a31-683a-41ad-97f5-a1302c574ecb,,False
Ext-HeySnips-649c965c-1f7b-48b4-9dc0-b576767310d2,,False
Ext-HeySnips-64accfc8-d7c5-48d8-a54c-f55e1170c8ad,,False
Ext-HeySnips-64b22612-724a-4cdd-9d1b-b2b4b72c3447,,False
Ext-HeySnips-64bd5fb1-e7bf-41bc-ba5d-2e4819dc5ae8,,False
Ext-HeySnips-64db6182-eb83-4aed-8c9f-ba5b5fe3ca17,,False
Ext-HeySnips-64f99dc9-cc12-4411-9e0c-c1ecc6fd9d9d,,False
Ext-HeySnips-64fa50f3-8de4-4e49-a936-adbfb17b677a,,False
Ext-HeySnips-65147520-ca10-4c73-8a9c-a95b5c1df9b2,,False
Ext-HeySnips-652cd899-1d0f-4744-8529-0d8bec535554,,False
Ext-HeySnips-6543f22c-0e1d-4631-b403-1bd1b933a6ce,,False
Ext-HeySnips-6546ac10-8069-401e-84b4-7e1a79b98642,,False
Ext-HeySnips-6552ab61-9259-4442-8291-700ec6de3f39,,False
Ext-HeySnips-65624a7a-4aa3-4ff4-98db-c1bce53c6ea9,,False
Ext-HeySnips-6571fa32-0a05-4bf6-9869-870afc77c0d1,,False
Ext-HeySnips-658a5ae0-c2d7-45ae-908f-5ac3c31d51e8,,False
Ext-HeySnips-658b54e0-3389-4018-afd9-cc5467c9247d,,False
Ext-HeySnips-659795ea-f274-4baf-9993-23a00f11ae83,,False
Ext-HeySnips-65b2c547-640e-4420-8c2b-5da0a5a83dab,,False
Ext-HeySnips-6603d944-cf55-4d75-b710-e11903ccdbfd,,False
Ext-HeySnips-662b1e50-3ce1-47d5-bef8-bab4d02fba5e,,False
Ext-HeySnips-6647109f-e9b2-44fd-888c-19d4aa1ae03b,,False
Ext-HeySnips-6651a042-57ee-4923-abf1-60a94a0d5f41,,False
Ext-HeySnips-665cd79f-8f70-4d0d-b6c6-d2aac5933aff,,False
Ext-HeySnips-6663ac6e-2694-45ba-9974-af6ab1361180,,False
Ext-HeySnips-6680b673-a1a2-4577-ad27-9e551151dadc,,False
Ext-HeySnips-66984f73-653d-4b4f-8db7-19f261e6548d,,False
Ext-HeySnips-66aa3677-5605-453c-853f-045f3704e33e,,False
Ext-HeySnips-66d7377c-a8f3-4db9-8f3a-0a6a588cbbf4,,False
Ext-HeySnips-66f74cbc-d834-41a3-bba3-4c078e4a0212,,False
Ext-HeySnips-6714de09-4d82-45ef-8cfa-6ea8d8a48863,,False
Ext-HeySnips-674b2e32-e399-4591-af46-e72caad7e08b,,False
Ext-HeySnips-676a38b2-e3f5-4d7c-b3e4-334748e09a3e,,False
Ext-HeySnips-67832310-aa64-4a40-9d83-7656af43e7c7,,False
Ext-HeySnips-6791d7f8-a075-4b30-9460-d879868c7137,,False
Ext-HeySnips-67b0a653-da59-4b3f-a42b-257878746e71,,False
Ext-HeySnips-67b59c2b-945b-4e5d-b044-0b4cd25950f0,,False
Ext-HeySnips-67b923fd-fa64-41ec-8b30-fb80592cd2e4,,False
Ext-HeySnips-67caf3ff-e6e0-40a7-963a-1c777906036f,,False
Ext-HeySnips-67d9e209-d41e-4dae-b072-9e8384114c86,,False
Ext-HeySnips-67df9f23-54d9-4581-a5be-a3b942fb8bd2,,False
Ext-HeySnips-67e4dfb1-8b62-4c11-a65d-ee8a3143078c,,False
Ext-HeySnips-67f19755-68e1-4ee1-a003-35c30a9efcfc,,False
Ext-HeySnips-67f35fcf-3fec-423e-9a18-234b2abcf26d,,False
Ext-HeySnips-68022632-3939-4e75-889d-e9f89f1cbf3f,,False
Ext-HeySnips-681a1d38-1c46-4384-8d33-e875e49bb549,,False
Ext-HeySnips-6853e09e-9e35-4386-abc4-c1ec6a7d6268,,False
Ext-HeySnips-68b87888-e80e-4cdb-94e5-8ba5ba17f857,,False
Ext-HeySnips-68fe4d6f-fc66-43b1-ba08-fbfc9fdb860e,,False
Ext-HeySnips-6906d301-0508-4d44-abff-1585ef0007ff,,False
Ext-HeySnips-6911b0a2-e4e1-4e72-957b-8656a86907be,,False
Ext-HeySnips-69222bcc-7e6e-4e5b-8224-034bf380b450,,False
Ext-HeySnips-692fe6c3-426d-4f70-9f44-a889106c3ee2,,False
Ext-HeySnips-694d8436-4012-483b-a0be-2c799a6a8f5a,,False
Ext-HeySnips-697c4b41-8e63-4c1b-8c98-388c267d3a6a,,False
Ext-HeySnips-69ada52b-18da-4c88-9b91-d421d698cf9f,,False
Ext-HeySnips-69ca6f29-c3e2-4db9-b6b7-71dbe0278f7b,,False
Ext-HeySnips-69d2dc9a-cc10-4584-9614-efcf3dadb9b7,,False
Ext-HeySnips-69dedf77-008a-4caf-a898-d270543c5fc0,,False
Ext-HeySnips-69ee79e0-26e3-4e1c-874a-9f5913fd88ed,,False
Ext-HeySnips-69f8ada2-0e27-42dc-bea7-0bbc9748a2f7,,False
Ext-HeySnips-69fbfd41-d977-4651-ae1d-e3fb408f548a,,False
Ext-HeySnips-6a040869-1dbb-4925-a5f3-13e1ed81772f,,False
Ext-HeySnips-6a7e6f3c-bf83-4deb-a4c9-8ade2dfd4cde,,False
Ext-HeySnips-6a83136b-9399-43f6-83d7-9f9c96889e14,,False
Ext-HeySnips-6a8b8daa-483c-4dd0-ba1d-053924209a29,,False
Ext-HeySnips-6a900ed2-39d7-400b-8b4e-d8dba2157ffa,,False
Ext-HeySnips-6a922499-7540-416b-b162-90cf9a4a0a6f,,False
Ext-HeySnips-6aa44514-b33d-412a-97e7-22a857705bd8,,False
Ext-HeySnips-6aa6e94c-c46b-4d9d-9557-6506d9913efe,,False
Ext-HeySnips-6ab3203a-80ad-4a2a-8f1b-8ad8f3bb72f2,,False
Ext-HeySnips-6ab42c4a-156c-4df2-b44d-515d90c2280b,,False
Ext-HeySnips-6aea1ea0-e214-4368-9b82-bb9eeec67633,,False
Ext-HeySnips-6b098d21-9510-4339-ae2b-b17eccc9185b,,False
Ext-HeySnips-6b0ff91f-b2cd-46eb-890c-9212bace5b17,,False
Ext-HeySnips-6b1c2525-ee67-473e-8713-24a14ff6258d,,False
Ext-HeySnips-6b41887d-d550-4404-b500-62ea846dfa16,,False
Ext-HeySnips-6b45a0a6-5e5d-4f43-9d05-69d435432957,,False
Ext-HeySnips-6b64f6dd-6091-4fea-8baf-e35c6e0c7feb,,False
Ext-HeySnips-6b7a904e-d97a-426c-80cd-e1df71548dcc,,False
Ext-HeySnips-6b9c935a-1d33-4adb-9887-85dfe1608b98,,False
Ext-HeySnips-6ba1b98a-45c0-4010-88ee-a5907c95e58d,,False
Ext-HeySnips-6ba29046-e3f0-4632-81c7-e085a1a41b9a,,False
Ext-HeySnips-6bad975a-986e-44ce-958d-b51f084e74f5,,False
Ext-HeySnips-6bb7e89d-8568-4a14-9325-07a4145001fc,,False
Ext-HeySnips-6bc0eec5-5ced-40cf-9207-ace3dc5eeecb,,False
Ext-HeySnips-6bc7635b-9b89-4362-bb6b-802cef0f5cef,,False
Ext-HeySnips-6bcbf895-df07-4799-a0a9-76e48b9502f2,,False
Ext-HeySnips-6bf10b6e-17ad-426c-be6f-662cb0144907,,False
Ext-HeySnips-6bf1876b-1748-4f25-9269-d6c9242f3def,,False
Ext-HeySnips-6c0c18ea-244d-4f03-92b7-387d7f0735fe,,False
Ext-HeySnips-6c16bb42-c1f1-4c1c-89a1-b432cf3dba9d,,False
Ext-HeySnips-6c328035-6d5c-4eb4-a7d6-75ad95f81cac,,False
Ext-HeySnips-6c43370e-b7a3-4d6a-8af7-e2f1391bf1f5,,False
Ext-HeySnips-6c617ef9-0130-4c74-98af-dad4b5b62ad0,,False
Ext-HeySnips-6c7daafd-d409-498a-802c-47682738f07f,,False
Ext-HeySnips-6c87ef88-e116-4db9-a4a9-78b4237fde92,,False
Ext-HeySnips-6c9e732c-45c9-4745-8305-5e417dd037ff,,False
Ext-HeySnips-6ca8c1a8-c1e7-4c08-a63c-96d8e14f7b7c,,False
Ext-HeySnips-6ce83703-71c4-49a6-801b-1ee14590f20f,,False
Ext-HeySnips-6d03c033-269c-4795-a76f-e5b36b5827d1,,False
Ext-HeySnips-6d0c791c-09da-4449-a6f7-919385eadf84,,False
Ext-HeySnips-6d0c8462-1c5e-451e-8b8b-cfe3130d63c9,,False
Ext-HeySnips-6d193ec4-da5f-4ba9-87cf-7982c0d76a64,,False
Ext-HeySnips-6d24f262-ecb7-420d-9d53-0025056614c4,,False
Ext-HeySnips-6d3601c3-cde9-43a0-a390-be6fb2b41e9c,,False
Ext-HeySnips-6d412043-325b-4515-8937-57c17602c5b6,,False
Ext-HeySnips-6d4e3643-dcb4-4e61-93a9-fcbab2d9a3b5,,False
Ext-HeySnips-6d581c7c-adfd-4476-b4fb-da666fc96aa6,,False
Ext-HeySnips-6d670e2f-581f-473a-bfe5-e60b9221ec71,,False
Ext-HeySnips-6d8d118f-fac4-437b-a2dd-1a79c041a36a,,False
Ext-HeySnips-6d961311-5349-4522-b31d-b74985d25f17,,False
Ext-HeySnips-6d9f9c12-e7bb-4e52-935c-d677a6eaf080,,False
Ext-HeySnips-6dddbbdd-eab5-4aff-99d7-603acda4d361,,False
Ext-HeySnips-6de12e2f-7f1a-46b8-a3f4-834be7d4dddb,,False
Ext-HeySnips-6de44c26-e606-4cf2-9e7a-1e804307d50a,,False
Ext-HeySnips-6dedf90d-50d6-4c79-9d2c-eee600759848,,False
Ext-HeySnips-6e146573-684a-46a4-bc5d-4df301a50558,,False
Ext-HeySnips-6e5581de-5e16-468d-b4e1-e099d30877c3,,False
Ext-HeySnips-6e5f4e27-89a6-45c1-a5e1-b2e6223301ee,,False
Ext-HeySnips-6e83f34f-e7fb-4548-88d8-ddc71bf677dc,,False
Ext-HeySnips-6f0641bd-fe43-4f60-845b-d337c2bd802b,,False
Ext-HeySnips-6f401db8-ea27-41dd-898a-6e696eb68323,,False
Ext-HeySnips-6f555780-d165-467a-a307-5731e871bde3,,False
Ext-HeySnips-6f558123-0e20-46c9-9880-d9a02652ed97,,False
Ext-HeySnips-6f691c16-04ae-4c7c-ad61-5d1e3c1d99db,,False
Ext-HeySnips-6f69263d-3060-4f82-958e-54ce9bd69946,,False
Ext-HeySnips-6f7bcb49-267b-4438-9629-041892add959,,False
Ext-HeySnips-6f8745ef-c6c7-46f5-94ff-c8fd410f345a,,False
Ext-HeySnips-6f8e659c-c30f-4a09-8f08-ff74e98cef3b,,False
Ext-HeySnips-6fa4784f-5664-4177-adf0-847ab2c60ebb,,False
Ext-HeySnips-6fe4f1d3-b83e-4628-aa23-71f03b6ecb23,,False
Ext-HeySnips-6fe73c8a-ca96-407f-a2d5-62121a6bc023,,False
Ext-HeySnips-6feb4201-7a03-4c12-8a22-334f229683fc,,False
Ext-HeySnips-6ff986fd-6998-4868-87fc-cbb295194523,,False
Ext-HeySnips-700bc384-69a3-45ba-9080-c2891a1a71a7,,False
Ext-HeySnips-70333ec6-f022-42f4-b2ce-6ff4867814f0,,False
Ext-HeySnips-70585cb6-497f-4be7-a45b-583fb77f9ddb,,False
Ext-HeySnips-707aa1bc-7718-44df-9d01-420bed9b6c27,,False
Ext-HeySnips-70a2147b-31a4-4564-abc7-f55779e7f449,,False
Ext-HeySnips-70aec365-5408-46e7-9083-e96d5b3dee72,,False
Ext-HeySnips-70b840b6-a5c1-4d83-9247-fb3a19e43871,,False
Ext-HeySnips-70bc1e0d-36e8-4539-b08f-9bfec010361e,,False
Ext-HeySnips-70c463f3-3cf4-452b-b785-f869a45a16b3,,False
Ext-HeySnips-70f4d12e-c8e2-4f6f-9b7f-1a38cac8b009,,False
Ext-HeySnips-70f69bb2-1195-4438-a81b-4e86c2e04405,,False
Ext-HeySnips-70fc544b-80f2-4efa-b35f-6323a41563c1,,False
Ext-HeySnips-7130865c-faaa-47f3-92e3-b98cd1eca233,,False
Ext-HeySnips-716c59e9-3b4c-4aee-b688-d08f513d58ee,,False
Ext-HeySnips-7170690b-b378-4089-b5bb-f909e2509693,,False
Ext-HeySnips-717b0c95-3616-4826-9ffd-70d39b63bdfa,,False
Ext-HeySnips-71dc9d6c-19c3-45e0-9de6-49a3cd98960c,,False
Ext-HeySnips-71ea3c61-7413-4592-bb76-ae43c37eefa5,,False
Ext-HeySnips-71ee3b01-aefb-4b93-bc1d-d27e0334432b,,False
Ext-HeySnips-71f49de9-520e-46a9-a71f-2a4a37bdb56e,,False
Ext-HeySnips-71ffe907-7697-46f5-82d8-56677d0acad6,,False
Ext-HeySnips-722ea2f8-95af-476a-9681-7190be3c00d3,,False
Ext-HeySnips-72303e60-57f2-4a9f-8850-2b78f74c733e,,False
Ext-HeySnips-72474642-5d09-4d32-83b1-110f64dc673d,,False
Ext-HeySnips-72753d6c-7daa-4de2-807a-37d1e084b03e,,False
Ext-HeySnips-72b68b7f-0bc0-49b4-9bb5-57fe1d232e01,,False
Ext-HeySnips-72bdef1b-5d4d-4afb-83e6-0b4bc2608a15,,False
Ext-HeySnips-72ca8d5d-7458-4fd4-9570-683e3ba23fef,,False
Ext-HeySnips-72dfcd8c-5429-4418-893e-a1f282a1d9c5,,False
Ext-HeySnips-72ff3aca-eafe-403f-a4a5-debd5a05e46c,,False
Ext-HeySnips-730f36fe-ad5b-40ac-b29e-cb98cf7e62a2,,False
Ext-HeySnips-7327d089-e07e-44be-a9e4-82b9832a1c78,,False
Ext-HeySnips-73411bb5-405c-4840-acc6-ef8a5193e9f5,,False
Ext-HeySnips-735457cf-4bdd-4081-bfdc-3c9fa9db4f6d,,False
Ext-HeySnips-7355480d-14b0-46a4-a587-b4e9af5efab0,,False
Ext-HeySnips-7363235d-3d31-4892-9e47-609f416b7a27,,False
Ext-HeySnips-73778414-1419-4002-802e-9c47eb33ceef,,False
Ext-HeySnips-737c8024-fdf0-4c88-bf04-56176f3a60e3,,False
Ext-HeySnips-737cdee9-1dae-460a-97a7-1523a1a60533,,False
Ext-HeySnips-738fcd71-7f2c-4686-a566-aa3124809586,,False
Ext-HeySnips-7395d6bb-a950-4e14-a61c-1490c7412df8,,False
Ext-HeySnips-7398ca8e-9ffd-4038-89d5-b19d679bb0b2,,False
Ext-HeySnips-73a38c80-a741-4be7-9016-1f989e4e0892,,False
Ext-HeySnips-73ac7fa0-2511-4be0-89a1-1aaf60bfa248,,False
Ext-HeySnips-74207df5-d1b1-48ec-8cb9-2bb2d572edab,,False
Ext-HeySnips-74271674-fa77-40f7-80d9-dbc6b429bcc2,,False
Ext-HeySnips-7443f359-428a-4999-89d9-f23421788493,,False
Ext-HeySnips-744fe807-ca33-4171-8e53-3228ff8c99bc,,False
Ext-HeySnips-746e9ec2-b3e6-46d5-93ee-0c4ddce9ed10,,False
Ext-HeySnips-74734f1e-32fa-4a1f-ad5f-d31ffa794388,,False
Ext-HeySnips-74a79cda-a418-4325-8886-77afc134d1b0,,False
Ext-HeySnips-74c4895d-7ca5-4b2d-a6e9-195e5f180cf7,,False
Ext-HeySnips-74dc7fe6-ac25-4769-90c9-abd2cc50a558,,False
Ext-HeySnips-74ef202b-1172-42a7-bd7f-3ef196561495,,False
Ext-HeySnips-75187983-a54b-469c-bb22-cc1a1d944c38,,False
Ext-HeySnips-7519a3b9-92c8-47b3-80f2-c090364f5358,,False
Ext-HeySnips-752578cd-8334-495b-90ac-d9a6c6bcbab7,,False
Ext-HeySnips-759e3748-9923-4f61-b6a0-e3ade754dc56,,False
Ext-HeySnips-75c7bd68-eed1-4645-83e7-1b5d630c7a7b,,False
Ext-HeySnips-7621f5a0-8fd9-41d3-93b5-e6cc83d95afb,,False
Ext-HeySnips-763e3cfb-b9e3-43b5-8e2a-2dcf4a1b54a0,,False
Ext-HeySnips-765c59f5-c801-4c85-a93b-5ff7493a054a,,False
Ext-HeySnips-765deb4d-c17d-4c12-9945-023e51414e05,,False
Ext-HeySnips-769df563-55b4-44a6-b044-35c8a76ae141,,False
Ext-HeySnips-76d07df1-cc5e-4c21-8e73-3934aab70972,,False
Ext-HeySnips-76edd90e-9166-4a06-a0af-5f2c6543bb6b,,False
Ext-HeySnips-76fbfeed-aaf0-425d-9f77-153fe469c590,,False
Ext-HeySnips-77061e86-377c-497e-b9c0-afd61cbb2f8f,,False
Ext-HeySnips-770ef9ad-5d6f-4507-a1bf-a66a7f4964ee,,False
Ext-HeySnips-771720c2-aa3c-4adf-8bf0-3c522122fe29,,False
Ext-HeySnips-771fb870-3691-42d1-9637-a29bb392169c,,False
Ext-HeySnips-7761d473-1e26-4f42-9afd-605eb8ec0c59,,False
Ext-HeySnips-77835027-b54c-425f-9537-32ca5349c0a3,,False
Ext-HeySnips-779c95c4-83e9-4be9-8a46-e866e145b306,,False
Ext-HeySnips-77a7729a-6d33-4488-84d9-dfb0aa76bc08,,False
Ext-HeySnips-77b15af2-9021-4321-b8b0-e22c663bd437,,False
Ext-HeySnips-77b89a2e-b48a-4379-8617-b758313b7414,,False
Ext-HeySnips-77c65046-d4cb-45dc-af7f-b4f708179944,,False
Ext-HeySnips-77d97e52-0dc3-45e8-ae9b-658ef1d721ee,,False
Ext-HeySnips-77dc2591-d394-4527-b36a-c67d94b82de1,,False
Ext-HeySnips-77fbe1dd-9af8-43cc-946f-7ef29ceade90,,False
Ext-HeySnips-7810700d-ad17-442e-9e14-94ebf1362f84,,False
Ext-HeySnips-7825e15a-a4d5-4f81-9dac-34b2c4dd0418,,False
Ext-HeySnips-783b107a-9072-4a1b-a1ca-361859b9e497,,False
Ext-HeySnips-78474d9e-c65c-4683-ab96-39aef8784b09,,False
Ext-HeySnips-7866a056-43ca-426b-a321-15ec21180cf6,,False
Ext-HeySnips-78745064-9966-4b13-8223-e01f4d721bd5,,False
Ext-HeySnips-7877e7d1-cabf-4a89-bab5-547c4e4ff55a,,False
Ext-HeySnips-789d7e8d-874b-42c7-83ca-7396e206ec02,,False
Ext-HeySnips-78b66a4c-b8de-4246-af44-1ecb2a292c4d,,False
Ext-HeySnips-78cda5b9-b91b-4f1e-af63-b70ba671b930,,False
Ext-HeySnips-78d81db0-65b0-4138-828c-681fa50959e3,,False
Ext-HeySnips-79062dec-9e42-49fb-a547-b26479cd53f3,,False
Ext-HeySnips-790f5f01-c7d4-4edd-9a86-45ce83a3250c,,False
Ext-HeySnips-792bc24c-1b9e-4ad9-b757-891531ea1116,,False
Ext-HeySnips-79b8f1bd-e6c4-409e-8f12-f3b2aa4d2318,,False
Ext-HeySnips-79bf4fe1-9100-4d93-9dab-3e5aa4fa788a,,False
Ext-HeySnips-79c18ab3-e911-4757-9f6e-e741241d05c3,,False
Ext-HeySnips-79dccdf6-0593-42f0-8a29-bb74d4ed56f7,,False
Ext-HeySnips-79e841cf-4515-4a90-bcdf-afc43e88d51a,,False
Ext-HeySnips-79f403ec-d581-463a-8754-a9fc2550b651,,False
Ext-HeySnips-7a0dd5fe-b800-47bd-8075-5336e8674a22,,False
Ext-HeySnips-7a404a7f-cb21-4d26-8dbf-c75b4410407c,,False
Ext-HeySnips-7a4ed503-9552-4b24-a41b-be1a9a684e78,,False
Ext-HeySnips-7a518db9-3f40-4d08-8918-063531ae7be1,,False
Ext-HeySnips-7a61e62d-f97a-4849-8707-967469f90634,,False
Ext-HeySnips-7a63a2f3-19de-4c55-9500-6d13e089e490,,False
Ext-HeySnips-7a6876d1-530a-49fb-88bf-237a716c22c0,,False
Ext-HeySnips-7a86ce58-0ad4-44e6-9cca-f98aa89e72cd,,False
Ext-HeySnips-7a984947-e15f-477c-b15b-ac2eb489b0dc,,False
Ext-HeySnips-7aa22e8b-77be-455f-bfe5-28b0b27e4c9c,,False
Ext-HeySnips-7aae4960-aef4-4bcd-add8-d9ec481b0d2c,,False
Ext-HeySnips-7aae97e0-132f-4797-8d81-29b63357a08e,,False
Ext-HeySnips-7abe37cd-490a-4a5c-9b21-2aa5add6129d,,False
Ext-HeySnips-7acd7138-8411-46e5-9854-43371eeb09b8,,False
Ext-HeySnips-7aefba29-10fc-45d8-9ea5-2855e34c79d6,,False
Ext-HeySnips-7b1a754f-37c5-4ab7-97df-d3aa487e5a26,,False
Ext-HeySnips-7b6338d2-6466-4da2-93df-43732d39483b,,False
Ext-HeySnips-7b6ece73-2fd5-42fa-a712-48fb599cc8bf,,False
Ext-HeySnips-7b8c0172-dc12-4f25-844e-379bedb0bba5,,False
Ext-HeySnips-7bc0a6c5-8c00-41ca-ad23-89ac55193c14,,False
Ext-HeySnips-7be9af79-dbd7-4e6a-a987-e5705d5e2192,,False
Ext-HeySnips-7c0bb210-6b7e-4156-8d28-18a5e2a5879c,,False
Ext-HeySnips-7c0fb935-0fb5-493e-86ad-d073c16880be,,False
Ext-HeySnips-7c511e73-9d64-44d8-889c-af5be08cb56d,,False
Ext-HeySnips-7ca0e6e6-949e-4fdc-a11c-d14de74d806c,,False
Ext-HeySnips-7ca11c37-a209-4f16-bdc6-54ec3b5311fe,,False
Ext-HeySnips-7ca868ed-190c-4977-b39d-ae8074075705,,False
Ext-HeySnips-7cd38085-5fa6-43bc-a340-3ac539068401,,False
Ext-HeySnips-7ce6b7e6-0ef4-4ac1-8fd8-dbc01340adfe,,False
Ext-HeySnips-7d018c97-afd7-431e-a638-19d1f4eb3935,,False
Ext-HeySnips-7d13b8b5-cdec-48fd-8174-8d9d82e2b26c,,False
Ext-HeySnips-7d2406e5-d0e9-4e76-842c-3f06013a6b5e,,False
Ext-HeySnips-7d4515be-5074-4d23-aa1d-49f4c27ea5d3,,False
Ext-HeySnips-7d64c6c8-572d-48ff-8f92-d3d7b30787ef,,False
Ext-HeySnips-7d6b6ed1-967f-4972-b1ee-79f6e2d5016e,,False
Ext-HeySnips-7d72b450-94f6-48ba-b864-ad69a297a9c0,,False
Ext-HeySnips-7d7cf082-0aac-4a84-aee5-8b11c0af84d0,,False
Ext-HeySnips-7d7f6687-57cb-44f8-8902-fee2e4900d98,,False
Ext-HeySnips-7d8fcace-6f19-4b18-af23-2295a29213e3,,False
Ext-HeySnips-7dc084be-5bc7-43c1-9279-c85b9640968c,,False
Ext-HeySnips-7dd34e1c-c835-4a66-b1fe-d5c310737ffd,,False
Ext-HeySnips-7ddf6b50-0557-4922-8480-a5934b80c101,,False
Ext-HeySnips-7de52f82-bcee-447c-a46d-d5e1b3a05bf0,,False
Ext-HeySnips-7de5802d-9c30-4ef5-a205-186c2f9a3ec8,,False
Ext-HeySnips-7de70274-3a3d-4e8e-8f83-5a00a1be4616,,False
Ext-HeySnips-7de882bb-791e-4566-bbd2-b66c8e1801f2,,False
Ext-HeySnips-7e0547fa-e49d-40b0-af69-c5b204201307,,False
Ext-HeySnips-7e375463-63ff-4d8d-ba63-fb064d93abc3,,False
Ext-HeySnips-7eabf0ab-7791-440c-bbfa-57af53663120,,False
Ext-HeySnips-7eb25aa6-109c-4f6b-a39c-abf9f76cf629,,False
Ext-HeySnips-7eebddcf-884c-4e20-8dd9-7b82b8284c2c,,False
Ext-HeySnips-7ef4162c-155d-430b-9b52-833ceadc5c64,,False
Ext-HeySnips-7f00e54b-5649-4dc5-95c1-bf5fb1be2866,,False
Ext-HeySnips-7f0410af-66f8-42ac-b0b3-ccd8306adb26,,False
Ext-HeySnips-7f3a1b25-7192-425d-a247-207db0e3770d,,False
Ext-HeySnips-7f4bf272-6e44-41ce-8d5d-c8d63cff11dc,,False
Ext-HeySnips-7f4cb39a-52ea-4ab1-a002-29669dd2a572,,False
Ext-HeySnips-7f4d1c63-b864-48f9-8526-91535383c9ef,,False
Ext-HeySnips-7f704eb9-cc94-479d-9135-76971b29b14d,,False
Ext-HeySnips-7f799e95-45dd-4298-b0ec-0d64f9e31a4e,,False
Ext-HeySnips-7f8441e6-c26d-434f-a22e-72f63cfa54fd,,False
Ext-HeySnips-7f887e98-158a-42ba-8e89-c387ac7fd9b3,,False
Ext-HeySnips-7f8c115f-ea1a-4232-b8b0-865adf4369f7,,False
Ext-HeySnips-7f905d39-3795-4dce-8ad2-30f3d8663b75,,False
Ext-HeySnips-7f94e40c-7666-4faa-8fe1-fe692f3854eb,,False
Ext-HeySnips-7f98261c-b6f3-4781-a4b1-8f7b91cd22d4,,False
Ext-HeySnips-7f9ffc20-5e34-44dc-9d67-9a87d6d8fa38,,False
Ext-HeySnips-7fcf128d-20d1-4880-b46a-407405c5305a,,False
Ext-HeySnips-7fe23a39-4419-4016-94f5-2fd736043fb9,,False
Ext-HeySnips-7ff44920-24f2-411b-8e10-d304594743c0,,False
Ext-HeySnips-8037db2e-9d65-4401-b106-752b9e8d1c74,,False
Ext-HeySnips-803ad7de-c985-42c6-adc4-c8a1439c476d,,False
Ext-HeySnips-8071998e-ff8f-453f-bdcf-9fc21bc1af4b,,False
Ext-HeySnips-807730df-2c94-46c6-81c7-12dc0c61b829,,False
Ext-HeySnips-80a39733-8396-4614-a57a-84a73ab4e5aa,,False
Ext-HeySnips-80d0d255-f0d0-4866-bd5d-9cc9714aad4b,,False
Ext-HeySnips-80e0bd10-5023-4c62-8f11-46656c48c04e,,False
Ext-HeySnips-80e2842d-3796-46bb-a509-a502a4fdb846,,False
Ext-HeySnips-80fdc9c1-5ac6-4722-97c4-99fdd9288fbb,,False
Ext-HeySnips-80ffb1fd-aa86-44c2-bfa0-a91481d66be7,,False
Ext-HeySnips-8100915b-f98d-43ea-a69a-9c6fc7c9ab35,,False
Ext-HeySnips-8106b842-101b-4ec0-84d5-6f6c6a447815,,False
Ext-HeySnips-8116ef2c-0ce4-43bf-a99d-d41bb13a6de8,,False
Ext-HeySnips-81175501-29af-4725-a417-fc04c0afddd9,,False
Ext-HeySnips-811fa74b-992b-471c-a8b7-3489f2c22d8d,,False
Ext-HeySnips-812edbc5-e0ea-4af0-8662-0644c0098cdf,,False
Ext-HeySnips-81300f83-c02a-411a-b0d7-d182a20b9d88,,False
Ext-HeySnips-8139d981-9fe2-4fd1-8d5a-95ab1664c752,,False
Ext-HeySnips-81471fd0-0ec4-4ac9-89f8-ee903b3a4561,,False
Ext-HeySnips-81611b73-62e8-47fb-aeb6-42953ae34e97,,False
Ext-HeySnips-8165169e-5f1d-4050-b29b-05c439b43dca,,False
Ext-HeySnips-81866506-25a4-4d0a-901c-5015fd91b9c5,,False
Ext-HeySnips-8195cea0-8b8e-408f-a0e3-ff224e7bc0ce,,False
Ext-HeySnips-81ad19a3-901f-4313-82f9-d3294b3e5b33,,False
Ext-HeySnips-81af7307-4548-414d-873a-07d3d13353a6,,False
Ext-HeySnips-81b34d1d-7f12-4da0-9fd1-b0d363a4d327,,False
Ext-HeySnips-81badbec-8004-46be-8914-0569a9ecf913,,False
Ext-HeySnips-81c63473-e67d-44cd-893c-ade161418a4b,,False
Ext-HeySnips-81d75eb4-4b17-43b8-9942-a1fdb86422a2,,False
Ext-HeySnips-81e63ab1-e1b2-4a6a-b664-ce19807a0de7,,False
Ext-HeySnips-81efe4b9-3991-427d-a959-44b04fc36377,,False
Ext-HeySnips-81fa4a49-6546-43ed-a402-0a3d386cad38,,False
Ext-HeySnips-8201780b-9f32-4b59-923f-55ce67005950,,False
Ext-HeySnips-821050d8-1592-4ba0-9651-25d8840ea5ee,,False
Ext-HeySnips-822aba8a-8bd7-4d64-ac86-ad85be61b022,,False
Ext-HeySnips-823c884c-68e2-47aa-ae79-787f7b53d3e1,,False
Ext-HeySnips-824d6c89-fa85-4cfa-b9a4-fe3637ea02b2,,False
Ext-HeySnips-8255aef5-6ed2-4df6-8311-23277b053fb4,,False
Ext-HeySnips-826c34ce-7e1e-4daf-8846-07f11cba85e5,,False
Ext-HeySnips-82a9d2dc-68cd-48de-b04f-aea576ef504b,,False
Ext-HeySnips-82b088c2-65bf-4123-9ff5-543d0edb403c,,False
Ext-HeySnips-82bd40e9-8a43-4735-8e1e-e1bc1f785d5d,,False
Ext-HeySnips-82ec7b3f-1412-4d77-94f2-f79561bb3bed,,False
Ext-HeySnips-82f67552-191e-4346-a36f-64c695c9e88d,,False
Ext-HeySnips-8323f13f-df33-4686-b6ad-197f790a3c83,,False
Ext-HeySnips-83773f16-2928-44d9-9146-0af6802d4f92,,False
Ext-HeySnips-837b867a-1c26-4676-8288-18480b6e3a8f,,False
Ext-HeySnips-83aaa559-020d-4044-a06b-caeb029de1ad,,False
Ext-HeySnips-83ac9df5-cf9f-4364-aa12-cf8159964077,,False
Ext-HeySnips-83b19722-d021-4606-9ac7-08d9194d07be,,False
Ext-HeySnips-83c8eb84-18e3-495c-9f12-87f757e25918,,False
Ext-HeySnips-83cf48a0-3e14-4ae2-b1b7-d68edc610e26,,False
Ext-HeySnips-83f4bfef-180d-40ad-98f7-edd1b5f7d75f,,False
Ext-HeySnips-84029e87-c74c-45b7-b41c-c41f1aed63ac,,False
Ext-HeySnips-840fb9ed-baa4-4502-b5e5-2a9dead82f2e,,False
Ext-HeySnips-84191370-3c09-452d-8c60-a9688ff62713,,False
Ext-HeySnips-8427ef99-b038-482f-b162-9d5b60ef2490,,False
Ext-HeySnips-8441182c-0fa0-4ded-bf83-f2aa9b28650f,,False
Ext-HeySnips-8447f9f1-165b-438f-8509-8fa05a6b7ce7,,False
Ext-HeySnips-844939fb-81ec-4f2d-9ccd-cc73308900fe,,False
Ext-HeySnips-845abd00-5f09-415b-9e20-9d48ebb79f63,,False
Ext-HeySnips-8486a3d0-50a4-498c-a10c-0fef2904ee0d,,False
Ext-HeySnips-848a90e7-4ab2-4c6f-a07c-c1ddca8d0bc4,,False
Ext-HeySnips-849f0b7a-ce0f-4ed2-8b2b-1639f7861b54,,False
Ext-HeySnips-84b89ce6-60c4-4068-9156-9bda7788a8dc,,False
Ext-HeySnips-84bba42c-154a-4634-ae37-ce347fa77cb6,,False
Ext-HeySnips-84c5bc36-c59e-44dd-839c-605351694875,,False
Ext-HeySnips-84e4bece-bc51-4569-8e0a-32184e301891,,False
Ext-HeySnips-84eeafb8-ce9e-4b01-baf8-ef9b62e846ea,,False
Ext-HeySnips-84f6fb27-5247-4d5d-a3b1-e4bffe456348,,False
Ext-HeySnips-84fec90e-9c7d-49bf-a412-f05eda049873,,False
Ext-HeySnips-85016247-0a2b-499e-8903-90f4b2cc1f48,,False
Ext-HeySnips-85196587-11af-4963-998a-62ce2ae3455a,,False
Ext-HeySnips-854b8600-ea99-47e5-824f-1b0262dc2330,,False
Ext-HeySnips-858802ad-446b-4705-a573-b015fe9280a0,,False
Ext-HeySnips-85a38c43-8d05-49b4-95bc-5b0572bd6c90,,False
Ext-HeySnips-85af6a08-b1e7-43dc-9c3e-6b76b2193546,,False
Ext-HeySnips-85bf2077-b03a-47d3-8ede-58997b1721b0,,False
Ext-HeySnips-85bf2cf5-74be-49fd-9bf8-23f05ce053a3,,False
Ext-HeySnips-8607ef91-b5bb-42da-935e-122878ae4021,,False
Ext-HeySnips-8619b73b-cae9-4962-9b03-bc3329bf5c24,,False
Ext-HeySnips-862a7ce9-0ea6-4950-83a6-418c56a06c4f,,False
Ext-HeySnips-865c124f-e4fd-45d0-983e-e869f69c6c92,,False
Ext-HeySnips-866ccb64-1a8f-4096-92c3-73da03f1ce01,,False
Ext-HeySnips-866f7ecf-2d2f-4611-b948-a511e06755b0,,False
Ext-HeySnips-8671e766-559f-4f2d-bfb7-6a3d83ffb64c,,False
Ext-HeySnips-86a6743f-193d-4b42-8e78-332f1a3defd2,,False
Ext-HeySnips-86ac1625-224c-429a-be01-411d8d21df23,,False
Ext-HeySnips-86cf945e-fe96-4e74-8040-b516176ec94b,,False
Ext-HeySnips-86cfddb3-4946-4d27-a3a5-277581a19b82,,False
Ext-HeySnips-86d60929-dd18-4d91-9e38-3ad58a727deb,,False
Ext-HeySnips-87003c78-59f7-4bf3-aad0-e663eb394dc9,,False
Ext-HeySnips-8730bac0-ff3c-4653-995d-015efbe4c723,,False
Ext-HeySnips-8731cd72-bef0-4d54-90a3-dbeff59b24ca,,False
Ext-HeySnips-87403be7-dcd3-43f5-bdfb-0ea1e8cbf5ed,,False
Ext-HeySnips-875dab01-a19f-4095-a70e-c556a171fe70,,False
Ext-HeySnips-87632759-b0f0-474c-9e97-cef9e940778d,,False
Ext-HeySnips-876584fa-acb3-42d5-9c7a-26c0449f03dc,,False
Ext-HeySnips-877a5fba-b9f3-44d4-9778-36ceb2f073e7,,False
Ext-HeySnips-878059e8-e723-44f6-ac22-03d524fd5ef7,,False
Ext-HeySnips-87b3176d-085d-4f03-80ec-cd2b2e121ea3,,False
Ext-HeySnips-87bf4a41-9aa5-4563-849d-64b0594c4a30,,False
Ext-HeySnips-87c260e1-ba32-44b6-910a-20d361944796,,False
Ext-HeySnips-8800dd38-2fa5-4b88-8b89-89448dc1e3b8,,False
Ext-HeySnips-8822ba90-4d65-4676-8f5b-e6cbcd5238c2,,False
Ext-HeySnips-88363e57-2c2f-4b18-bf2b-ace25550e96d,,False
Ext-HeySnips-884f7516-9562-490a-b412-560ccce94fe3,,False
Ext-HeySnips-885be497-6c59-409f-8e6f-cefbb19b0065,,False
Ext-HeySnips-885c091d-3fb6-49fd-996c-9d1722c3348e,,False
Ext-HeySnips-88731790-0f53-4177-a18c-be30cd4ca00d,,False
Ext-HeySnips-887ee0b3-7ff0-473d-98ac-226ba3103b3a,,False
Ext-HeySnips-889c2562-cc88-4522-a639-a7c95859a549,,False
Ext-HeySnips-88a4f6dd-f783-4763-8f5d-4d42802b8f7e,,False
Ext-HeySnips-88a69cf7-804c-42b3-bbab-a638010c5302,,False
Ext-HeySnips-88d9af7f-6b2b-4a7b-9d8a-87d5be6fcecd,,False
Ext-HeySnips-8910e10c-f89d-4330-9c93-c428e5aefa3a,,False
Ext-HeySnips-89391518-b8c7-492a-83e2-4620643cc25b,,False
Ext-HeySnips-897a3021-d4b7-438a-9bae-55f37d67921d,,False
Ext-HeySnips-89d2fb2d-1cc6-4900-a82c-a6bff9ce2fdd,,False
Ext-HeySnips-89d8d56c-9478-487e-aec3-4dfc36e2d8b1,,False
Ext-HeySnips-89e0bc95-2d55-4fe0-92fc-c6a4149736d7,,False
Ext-HeySnips-89fe4ebe-e457-4c1b-8123-2c452a8d2f87,,False
Ext-HeySnips-8a11757a-d332-4a58-be66-c9d3cb2137c7,,False
Ext-HeySnips-8a19bf67-c4d4-4dbc-83a6-473140354f9a,,False
Ext-HeySnips-8a20c3a4-07fd-4ae3-9e75-5f2a9acd8cbb,,False
Ext-HeySnips-8a4c090b-6e70-41ea-abc2-522c892a1de3,,False
Ext-HeySnips-8a7669ce-0761-4e79-a2c8-fb75c3e67d8a,,False
Ext-HeySnips-8a944e7f-c7f7-419e-b674-255a8a0e3990,,False
Ext-HeySnips-8a95ffa9-7bd3-49b3-a596-92f6749ab0e3,,False
Ext-HeySnips-8a98a947-e094-45dc-8040-f531283d3b18,,False
Ext-HeySnips-8aaa887e-31f9-4f58-8a0d-d34f96e658b5,,False
Ext-HeySnips-8aab94d8-ba29-46f9-a744-3dbbf4ac60d6,,False
Ext-HeySnips-8aacb019-bece-46c7-9710-69e865a3c117,,False
Ext-HeySnips-8ae6f8ef-cf26-43b8-a1cb-126bf9639060,,False
Ext-HeySnips-8b229f88-b8ef-4173-ae2c-d00802d7c287,,False
Ext-HeySnips-8b6613e3-6494-4451-ad66-310363273463,,False
Ext-HeySnips-8b7461bd-1d6a-4662-aae7-c7a490ad70d6,,False
Ext-HeySnips-8b794f77-ec66-4ba3-874c-49d9c26525b8,,False
Ext-HeySnips-8b89647f-8cb8-4fc1-8472-24fc67bb44e8,,False
Ext-HeySnips-8bc08d30-c34b-4d6e-ad72-c261a2f86bb5,,False
Ext-HeySnips-8bc502f8-1175-455d-a31b-335f939696ed,,False
Ext-HeySnips-8bfbc64c-da2a-4bbe-9df7-7b20d7f001f7,,False
Ext-HeySnips-8c0a3c14-740e-4049-84fc-6ab89671d74b,,False
Ext-HeySnips-8c0ea741-890a-4e83-aa6d-3e699a6c90c0,,False
Ext-HeySnips-8c2ac978-d690-4e75-91de-d7a7b15f3ea5,,False
Ext-HeySnips-8c2c624d-fa80-4b32-8917-aec49edd4447,,False
Ext-HeySnips-8c31ff15-f9fb-4b17-9390-2c2f7380bf42,,False
Ext-HeySnips-8c37af25-8903-46fa-942c-145b39f0a800,,False
Ext-HeySnips-8c44cbe0-c1e8-4a31-bf4e-85c536d4d0e5,,False
Ext-HeySnips-8c6b24ec-8090-482a-b45c-6c9995d08635,,False
Ext-HeySnips-8c7d37ca-e35e-4973-9355-aebdda82a5a2,,False
Ext-HeySnips-8ca369f1-2da1-47f6-9440-951d6b23d762,,False
Ext-HeySnips-8cb2f1ef-6b64-4ae6-b4e8-e60f160c6b79,,False
Ext-HeySnips-8cb5cef5-d955-4329-a859-473756265b69,,False
Ext-HeySnips-8cd174c4-c2ac-4a4c-88d6-bd6313ea5b9d,,False
Ext-HeySnips-8d256547-10c3-4d7e-b5e9-043d970eee8f,,False
Ext-HeySnips-8d2e72b9-5471-4ea5-b966-8b9e7e99dc35,,False
Ext-HeySnips-8d2f89f8-6344-40c5-b641-457c1cda213e,,False
Ext-HeySnips-8d385c70-e115-46b4-9904-83cd709daafa,,False
Ext-HeySnips-8d5d7a28-0af5-447c-8505-27cc1d863e01,,False
Ext-HeySnips-8d625985-b761-4e34-9e10-74080df45036,,False
Ext-HeySnips-8d74fbf3-6b97-4946-9b80-b520a179bbd8,,False
Ext-HeySnips-8d985007-a23e-4ace-bffc-3bc078375f3c,,False
Ext-HeySnips-8da27644-3572-4835-8e99-1cf1b59b98e5,,False
Ext-HeySnips-8db17556-42e5-4e1c-9e1e-85ae1fc5e9b9,,False
Ext-HeySnips-8db8247d-889a-4ee8-b927-5ee6763dbbdd,,False
Ext-HeySnips-8dcc9d8a-b228-4f3e-9e09-2f07e3efa3cf,,False
Ext-HeySnips-8ddd036f-49b6-495a-b37f-29d2374e72f6,,False
Ext-HeySnips-8de7e9c5-6554-4e9b-af1d-0e188c9fe8c1,,False
Ext-HeySnips-8e069743-9cec-46f4-8221-08db71d8dd8a,,False
Ext-HeySnips-8e1d4e46-f0b9-4348-acf1-50e3dce1eec4,,False
Ext-HeySnips-8e2e1aa3-f3ce-418b-9cde-111e98c959c8,,False
Ext-HeySnips-8e354f12-4838-40be-9e06-92af37ff4766,,False
Ext-HeySnips-8e36a188-9b99-480c-a250-0b3efd5d7ffd,,False
Ext-HeySnips-8e68ebcc-063f-4e36-8df4-b662b424bef9,,False
Ext-HeySnips-8e76c272-8107-4b91-8cac-8d6c4cadee4e,,False
Ext-HeySnips-8e95d284-a6a0-491f-b1f8-fd0bdbf9afe1,,False
Ext-HeySnips-8ea671b4-133d-44f1-97e9-c85776281c4c,,False
Ext-HeySnips-8ebcf794-bc82-463a-b448-fe7efdba4dac,,False
Ext-HeySnips-8ec9287c-2c30-47ef-a520-3336a6d94f60,,False
Ext-HeySnips-8ee74680-2d5c-48ea-8dd0-4cd789a9ffe7,,False
Ext-HeySnips-8ef08ef4-508d-438c-9818-4e8b1023b49d,,False
Ext-HeySnips-8efbb74b-7a21-4b52-9d34-8ef030a371f1,,False
Ext-HeySnips-8f087ad0-915d-4a70-9905-a9aeec42c749,,False
Ext-HeySnips-8f2ba572-453f-4fd6-a268-f19237746753,,False
Ext-HeySnips-8f772144-30b3-4cc7-92f6-c4f7302750e5,,False
Ext-HeySnips-8f81668f-ffdb-4e3e-a486-bac77dc4b67d,,False
Ext-HeySnips-8f9ebd9d-0fce-4d17-bd8b-a5bb64bf7d46,,False
Ext-HeySnips-8fa01b93-19fe-4163-845a-6ba82663abae,,False
Ext-HeySnips-8fb16aac-7790-4963-8824-2827f4a2445e,,False
Ext-HeySnips-8fb77bb4-ad5f-40fd-aa63-b6b404529417,,False
Ext-HeySnips-8fd6d3bf-b05e-42c9-a181-a48e9ff315fd,,False
Ext-HeySnips-900b476d-af3e-4864-87db-a53576fb7d32,,False
Ext-HeySnips-90851fc5-957b-4648-9945-46d9dd05492b,,False
Ext-HeySnips-9085a0ca-0c9b-4189-89d2-cf4550a5bd92,,False
Ext-HeySnips-909b7549-bf65-46ea-b475-60903cbb1e63,,False
Ext-HeySnips-90a03e64-3301-414a-843d-4f0e4d8cb5d6,,False
Ext-HeySnips-90b9cefb-7df6-4d4b-b0bf-01640b565333,,False
Ext-HeySnips-90c407d9-e6a4-4eaf-891f-9f141b8f6286,,False
Ext-HeySnips-90e56326-71d9-4c61-9dab-8d48eacaa284,,False
Ext-HeySnips-91107548-eef7-4db0-9918-09d74d5dc47a,,False
Ext-HeySnips-91115699-fc87-4dc3-adbb-ded2b69bc80f,,False
Ext-HeySnips-9112d48d-4d66-40dd-8c4f-e2f5c1f779f3,,False
Ext-HeySnips-9127cdde-c68d-42c7-872f-f7d2e67bc7cb,,False
Ext-HeySnips-91290a9a-8bd9-435f-8135-1f2dcb45b13d,,False
Ext-HeySnips-913b2a91-1637-4e24-bb4b-af764e5f0210,,False
Ext-HeySnips-91450b29-75ba-4db8-aebb-881c1a039598,,False
Ext-HeySnips-916054fd-f984-4411-ae1e-fbf23306892f,,False
Ext-HeySnips-916814ac-31c6-4f72-bee0-6e13b5ec586a,,False
Ext-HeySnips-9171f1ac-5350-476f-b07c-d302bfb822ea,,False
Ext-HeySnips-917ae6af-1ac6-4619-89a9-ed86d141d58b,,False
Ext-HeySnips-917bd82e-d391-4cce-a566-a94644296489,,False
Ext-HeySnips-91831d0a-fdfc-401c-bb34-b2be9300a2b4,,False
Ext-HeySnips-91aed1d7-19b9-4c0a-83ac-896b1cc56fc0,,False
Ext-HeySnips-91b13881-88e7-4876-a9f2-5834aeb73963,,False
Ext-HeySnips-91e63563-b757-4d3c-a248-9febfebfed17,,False
Ext-HeySnips-91ea150a-6765-471c-884e-5869893a1733,,False
Ext-HeySnips-91f45178-9dc2-4aa2-b338-7379d55f8bbe,,False
Ext-HeySnips-91f58d8d-3c63-4d7b-9a00-75200bb0eff7,,False
Ext-HeySnips-91f5a9c5-206f-4004-b900-eac0d1a20d24,,False
Ext-HeySnips-92004b95-8324-471c-8fec-50e433c252d5,,False
Ext-HeySnips-9200deae-7865-4b3c-8989-d04735901c76,,False
Ext-HeySnips-92039a25-93d0-4933-ad5c-bfb631768f5e,,False
Ext-HeySnips-922af9c0-1270-4c82-b03e-fde6bfdb1952,,False
Ext-HeySnips-925b9d75-72b2-48b9-b842-d38a335a1644,,False
Ext-HeySnips-92bc537c-9de2-4bd2-b978-77e3999be553,,False
Ext-HeySnips-92dc6dd8-ed30-4bfd-9b17-da78129a6f6b,,False
Ext-HeySnips-92de5bb6-1bdc-4614-8139-e23d9fa076a5,,False
Ext-HeySnips-92e4cf3f-5835-4a90-bd45-30fb5de468bd,,False
Ext-HeySnips-92e718e3-7912-4e79-99f1-2408d22d68a5,,False
Ext-HeySnips-92ff9b7a-02ac-4e9b-a5df-505785341b15,,False
Ext-HeySnips-9304863b-0d70-4338-9627-14f41e62a324,,False
Ext-HeySnips-9316a83e-c54d-461e-920d-72b122e5cdb4,,False
Ext-HeySnips-932b8a36-9e11-458b-ae2c-d35578a34ed1,,False
Ext-HeySnips-932d78fb-8406-4c9d-9025-48379b65de04,,False
Ext-HeySnips-933b5138-52e1-405a-a3c0-7936d68ec834,,False
Ext-HeySnips-93407e92-b8e9-43b5-aae3-3661bec34f93,,False
Ext-HeySnips-934f6c04-2987-4c10-8e17-cf191aa27c28,,False
Ext-HeySnips-9357240d-fd6d-4cb1-bee3-7d2b2eae9981,,False
Ext-HeySnips-93675bc6-d540-4652-8153-08250928fcd3,,False
Ext-HeySnips-93701284-92f2-41e7-a626-b832ff173d04,,False
Ext-HeySnips-93836cf3-45e4-4e18-ad71-c21ff050bfa2,,False
Ext-HeySnips-938e0cc1-8960-4938-a29d-e7e112abf42f,,False
Ext-HeySnips-93c4ffe2-3344-4403-b9ef-9bd90869017c,,False
Ext-HeySnips-93c78e9c-6974-4b6b-9a2c-71c064787ff4,,False
Ext-HeySnips-93ff4bab-c273-421d-994a-0915d433a13b,,False
Ext-HeySnips-944a3626-aec1-4185-bd4c-50cdc51c8871,,False
Ext-HeySnips-94680ff7-ee39-4cf5-a66b-da053b28a6d7,,False
Ext-HeySnips-9497b965-e266-4c6f-a015-65a0455450f0,,False
Ext-HeySnips-9499553f-b762-4cd6-90a9-e72b27a7d74a,,False
Ext-HeySnips-94b1f9d5-98bf-44d6-9d50-bf548b913b0b,,False
Ext-HeySnips-94d58f66-ddca-4bee-b401-2b8c64357987,,False
Ext-HeySnips-94dbca16-a648-4086-a234-62405888ef58,,False
Ext-HeySnips-94ec66af-1d7f-407b-9bc9-da5cff71c59f,,False
Ext-HeySnips-94f8ff92-2c29-4374-b328-f98241780c84,,False
Ext-HeySnips-951a73a2-b9d5-4757-b278-c85e11bbd83e,,False
Ext-HeySnips-9531d2b4-c50c-4627-bce2-b7c9fb0b071d,,False
Ext-HeySnips-95359e8f-5b9f-4db9-8536-c3270dc8ac62,,False
Ext-HeySnips-95845aa7-13ac-45ef-852d-8ac9e43cb697,,False
Ext-HeySnips-95981fe9-d7fb-4c0b-a34e-ae11b5421ba7,,False
Ext-HeySnips-959e4614-6df7-4244-80f9-c44fb40bc6c1,,False
Ext-HeySnips-95c53a43-cf99-4d44-b2fb-498083d6eabf,,False
Ext-HeySnips-95c69503-eeb2-4dbe-a819-c1d4cfaa9641,,False
Ext-HeySnips-95d0d6aa-2fd5-4466-927f-e369d34a82b0,,False
Ext-HeySnips-95deb17e-45c4-40c5-a860-06c1400a7b90,,False
Ext-HeySnips-95e07d01-e55b-4241-ac8b-c58971da1717,,False
Ext-HeySnips-95e19ad8-1ae2-4411-91d9-2299a09f9a9e,,False
Ext-HeySnips-95f13d50-5265-4f97-b0cf-67bcb1265202,,False
Ext-HeySnips-96205883-5591-44bf-bb7c-990ae8486fa7,,False
Ext-HeySnips-9624c83b-79be-4ada-9446-3371a4f53e90,,False
Ext-HeySnips-962ba8bd-64c3-4ecf-8de8-aec785a6b8c3,,False
Ext-HeySnips-9630600c-d9cb-4081-98bd-cdd72bfd2687,,False
Ext-HeySnips-9641dcd0-b7d2-401e-af63-3334bcec5b82,,False
Ext-HeySnips-964befc5-0fef-48fb-a782-ce7d0c0ab6da,,False
Ext-HeySnips-964e292a-c059-4ff9-855f-77d60d6e00e0,,False
Ext-HeySnips-964eae73-aa44-41dd-98b2-a9c761d5c428,,False
Ext-HeySnips-9652e64d-3675-46a7-b546-437bd48a9454,,False
Ext-HeySnips-96646aec-07d1-4aae-a8bc-0d920eafccba,,False
Ext-HeySnips-969dab40-9d38-46f9-bbb7-0298ec72a307,,False
Ext-HeySnips-969f2605-3f42-4224-a095-53e8b31d6a13,,False
Ext-HeySnips-96a8ca68-a748-4f38-9a5a-8126b9198fb1,,False
Ext-HeySnips-96b17036-6676-4317-8711-59069484e839,,False
Ext-HeySnips-96bbd959-16a0-434e-8296-fe9c08a92ae6,,False
Ext-HeySnips-96bcce32-f3aa-47c7-952d-e7023a4141d1,,False
Ext-HeySnips-96c1d392-aacc-4c9c-b838-865f54cec1cc,,False
Ext-HeySnips-96d51e4a-195c-47ab-9b5a-2bac7fc807a8,,False
Ext-HeySnips-96e01c63-772d-4a8c-aa6f-41f818e53835,,False
Ext-HeySnips-96e78733-89f7-4871-9673-9314b1521e81,,False
Ext-HeySnips-96f171fb-0907-4300-a065-45763edf256a,,False
Ext-HeySnips-970b3e22-3ee2-4896-92f3-a9bf0ba3fbf6,,False
Ext-HeySnips-97140504-3a7d-40ef-a521-c3e069d11895,,False
Ext-HeySnips-971decf7-8183-4731-bd01-ec0e575e8f85,,False
Ext-HeySnips-972130a9-3488-40d3-9020-d61939aa25de,,False
Ext-HeySnips-97249e3c-14f3-44ec-9626-019ab4967382,,False
Ext-HeySnips-972fd69c-1af2-48c2-8541-797001acdf0f,,False
Ext-HeySnips-97471f66-df6c-4796-b0c5-aeadf30b0366,,False
Ext-HeySnips-9764a26c-15d4-462b-8b4d-46214c45c1be,,False
Ext-HeySnips-97680535-2fc1-4f08-b32f-ad1fd50e352d,,False
Ext-HeySnips-9792aa53-eae1-4a20-bb96-61ea041baf7e,,False
Ext-HeySnips-97da02ab-f97a-4961-b8a1-cad5096ba533,,False
Ext-HeySnips-97f3392b-b78a-475b-9fe8-ab15270a32ac,,False
Ext-HeySnips-98417867-7bcb-47ae-9bc4-8af8ffd9613e,,False
Ext-HeySnips-984c640a-55bd-44ad-bec7-2c0336c1c5d3,,False
Ext-HeySnips-9882e463-bbac-4d38-a5a7-fe5be09398a9,,False
Ext-HeySnips-989518be-ca60-463b-bc50-5c50a8085590,,False
Ext-HeySnips-98994fed-858c-471a-9140-196907f880da,,False
Ext-HeySnips-98e7fac3-699c-423c-9b9c-28337e022702,,False
Ext-HeySnips-990d62a2-ea81-4775-831d-ec13f0553b5e,,False
Ext-HeySnips-991606fd-d58a-4940-9268-0753859851e1,,False
Ext-HeySnips-9944fce7-e86f-4c34-940d-59dccb440b05,,False
Ext-HeySnips-9963d1fc-de9d-4b00-ae41-3aa64626366f,,False
Ext-HeySnips-998437dc-3b42-42d2-a459-820c1f68f290,,False
Ext-HeySnips-99924376-b6e4-41a9-bfa0-772131950399,,False
Ext-HeySnips-999ac7ae-8352-4c9b-a55f-69fa63a790a8,,False
Ext-HeySnips-99a30fb6-3403-4641-875d-fcc21b4a4b81,,False
Ext-HeySnips-99b5060d-3443-4ece-bf02-2612d3b04261,,False
Ext-HeySnips-99caf346-b0ef-4827-81f5-981102d7dfbc,,False
Ext-HeySnips-99cbc7d7-eb0c-4bdf-923d-9ccb6ba081c7,,False
Ext-HeySnips-99e7602d-a995-411b-86c1-60ca80346eb1,,False
Ext-HeySnips-99edf2c9-b383-4c1e-96ae-58afc570fc58,,False
Ext-HeySnips-99f53bf1-5baa-487c-8dc8-bab389d4c6a4,,False
Ext-HeySnips-99f832ad-7783-4ad6-b595-cf7ba1928913,,False
Ext-HeySnips-9a6e3524-60dc-4667-a85d-7d6ec82f5e6b,,False
Ext-HeySnips-9a8254a9-6d93-4e29-8c9d-263b857d83f7,,False
Ext-HeySnips-9a9957bf-0888-4326-aaa4-8208d927ac62,,False
Ext-HeySnips-9a9f5c2d-00f8-4ffb-81e4-c02d29db3f43,,False
Ext-HeySnips-9aa2c020-31c5-4306-a298-3f499a36078c,,False
Ext-HeySnips-9ab3a450-d0ef-4490-bde3-ed3664a0f51a,,False
Ext-HeySnips-9ab66a53-9c34-4f34-a070-fad5f3e4fa54,,False
Ext-HeySnips-9ac44086-5171-41dc-af3c-4ca91bb07e8b,,False
Ext-HeySnips-9ad032d9-44cd-42bf-a655-7bb444f91261,,False
Ext-HeySnips-9ade9e9d-0cde-4a98-ae9c-bab73fbeb4e5,,False
Ext-HeySnips-9b1e17a0-a29b-4774-86f6-c800d48d7478,,False
Ext-HeySnips-9b2caf68-9de6-4be5-a24e-f139eae589ba,,False
Ext-HeySnips-9b3c7e86-3722-4676-9707-994dc3089509,,False
Ext-HeySnips-9b61dbe2-55de-441c-8ced-b9ee869dd294,,False
Ext-HeySnips-9b645b5f-0a30-4644-8d72-65f864b4d125,,False
Ext-HeySnips-9b685af7-5cf9-4ae6-b616-aec8ec13390c,,False
Ext-HeySnips-9b7f3719-c672-4b16-89b9-d8353459482c,,False
Ext-HeySnips-9b9ed4e3-f3be-41b6-bdc4-4039f0b9537d,,False
Ext-HeySnips-9bbdbc76-d3b0-498f-a09c-f7a5e8605143,,False
Ext-HeySnips-9bef7f05-a58a-4d52-84bf-408f02592666,,False
Ext-HeySnips-9c19f884-1ec0-4c7e-8255-fd20273c43f4,,False
Ext-HeySnips-9c2fc88f-f8d7-449e-b29d-e3a9bf576d78,,False
Ext-HeySnips-9c3662c3-b9ff-452e-98a5-c21cfcc2a437,,False
Ext-HeySnips-9c3e178b-0a76-44f8-a8ce-43d42983fa2e,,False
Ext-HeySnips-9c53fdc8-7251-41c3-ab6e-9f092d0159ed,,False
Ext-HeySnips-9c6e8a2f-57b4-407a-aed7-2a3de3923c63,,False
Ext-HeySnips-9c89fab9-d3fe-4039-8d22-3729a9f35dd9,,False
Ext-HeySnips-9caf99fb-fef7-4d07-bfcf-ca6d6689b366,,False
Ext-HeySnips-9cc13d74-fae4-485d-b0c0-7b8f873947e3,,False
Ext-HeySnips-9ce37d95-e273-43f7-8bad-21ae5a922f10,,False
Ext-HeySnips-9ceb3a6b-3252-4adf-b86e-2a2fc3872c1c,,False
Ext-HeySnips-9d01c981-4eef-40e6-84b2-220f238d0c40,,False
Ext-HeySnips-9d229108-b76e-4d8e-95ea-26431c04ad8e,,False
Ext-HeySnips-9d2ce08a-815b-4f72-b86c-b13b3d47cc3f,,False
Ext-HeySnips-9d415bb3-40a5-429b-a988-e62c5968f90e,,False
Ext-HeySnips-9d48c660-48b4-4ba1-b420-3b6f2d348e2a,,False
Ext-HeySnips-9d4f6306-3935-4773-83fb-8dd80bc49fcd,,False
Ext-HeySnips-9d5123cd-8ed0-4a0a-bb98-3ef9c8b10235,,False
Ext-HeySnips-9d604d6d-9f6a-4fa3-9fad-1d7e51bf6f73,,False
Ext-HeySnips-9d91cc3e-f8a1-45b0-80ea-590d1e04cfff,,False
Ext-HeySnips-9d9dbe94-23a3-4954-b67b-b4b25e8fa1cc,,False
Ext-HeySnips-9d9de89a-4fd8-479a-b12c-cb357ab72284,,False
Ext-HeySnips-9da8a136-b904-46de-860e-270b805d10d8,,False
Ext-HeySnips-9dac0cd3-0657-4698-9f87-b1063de8b4de,,False
Ext-HeySnips-9dad8dfb-e221-44e9-a3df-822436c87dd7,,False
Ext-HeySnips-9dc4ac0b-44ff-4baa-a718-e7d1aada822a,,False
Ext-HeySnips-9dcefce9-dce5-4e41-b9ee-eb7f2570e502,,False
Ext-HeySnips-9ddbc7f9-6f73-43b0-ba73-d5683210170e,,False
Ext-HeySnips-9de3119b-3960-4ccd-bb99-da834bca701e,,False
Ext-HeySnips-9de4e721-876c-4d8c-a688-47ca58ff303d,,False
Ext-HeySnips-9df04565-0e56-4321-aee4-aafe59fe433b,,False
Ext-HeySnips-9df1e1b5-3e13-4f91-929a-d14f05da8e6e,,False
Ext-HeySnips-9df8d3f5-b029-4edd-95b0-10479e5cf182,,False
Ext-HeySnips-9dfe5d42-7ffd-4598-acec-accf272643ad,,False
Ext-HeySnips-9e3ffd20-cd95-4b59-a5f7-0dcc2b9cbc03,,False
Ext-HeySnips-9e8f7afd-fa07-4404-b7ac-6997aa7b5c00,,False
Ext-HeySnips-9e9c7e81-7d85-4b73-a3f3-e7fc8346e4ea,,False
Ext-HeySnips-9eb1f3bc-b41d-45d9-ad6a-d148d0959564,,False
Ext-HeySnips-9ec7e420-376a-423c-8567-29ba3de8147d,,False
Ext-HeySnips-9efbaefb-7110-4035-a68f-66f3cd1bec24,,False
Ext-HeySnips-9efcbba8-90fa-4a07-96cc-080606e181f8,,False
Ext-HeySnips-9efcd73e-dc59-4dcc-93c9-0ad7b473dc70,,False
Ext-HeySnips-9efe7b8e-d233-4524-8b28-2175e06d3274,,False
Ext-HeySnips-9f28ce91-fc07-46c0-be18-d05b023d76b1,,False
Ext-HeySnips-9f3da445-bfd9-4985-a0ee-ba90e7ed4010,,False
Ext-HeySnips-9f412fb7-9536-44ce-a6c3-f736e945133e,,False
Ext-HeySnips-9f788732-74eb-4bec-8441-affad38c4bc3,,False
Ext-HeySnips-9f8162d1-92ad-4b4b-bc50-c364e111ae26,,False
Ext-HeySnips-9fe287c7-85be-4b68-96e3-e5e6970154c3,,False
Ext-HeySnips-a02c10ee-041d-4008-a5ad-04f70d82af0e,,False
Ext-HeySnips-a031befb-8daf-46c1-b9d1-bb2d7b5b2d25,,False
Ext-HeySnips-a034fc48-3277-4553-9433-c844d79813f4,,False
Ext-HeySnips-a0514d64-ae33-4298-af2c-6b23c8997b67,,False
Ext-HeySnips-a0640479-b007-4a63-a030-b867c9581851,,False
Ext-HeySnips-a0675b14-71aa-4812-8a8f-bb266e097ee3,,False
Ext-HeySnips-a07f9efd-9038-413b-9e0f-26aaba5013fe,,False
Ext-HeySnips-a08849ec-5b05-459a-8c2f-1fb0dbaf068f,,False
Ext-HeySnips-a0955cee-ad4e-41c7-aea7-75b3d2dd6536,,False
Ext-HeySnips-a0a5456a-4a15-4931-ac2c-67889dd7378c,,False
Ext-HeySnips-a0b6280d-db29-48dd-a553-08f98458d315,,False
Ext-HeySnips-a0be8706-3b9a-4c16-83ff-51db2414fb82,,False
Ext-HeySnips-a0c149c2-d9a5-4ef0-80bc-635cbe158ad4,,False
Ext-HeySnips-a0ccabb5-be1d-41a5-8a5f-aecd9c184d51,,False
Ext-HeySnips-a0dec00a-c04c-4944-a35f-386e29a2bbba,,False
Ext-HeySnips-a0edeb7b-425f-4d3a-b1b4-17fca14466da,,False
Ext-HeySnips-a0fcf8a2-935f-4e8e-832e-b348b107764e,,False
Ext-HeySnips-a0ff06c2-b1de-474e-b21d-e91972c439d6,,False
Ext-HeySnips-a11c1cef-62d5-4c8e-9515-f8ae5275ab7f,,False
Ext-HeySnips-a121faea-1266-49ab-9662-29759296ba29,,False
Ext-HeySnips-a12b5c7d-775f-42c4-942c-66f871023a82,,False
Ext-HeySnips-a133b52a-8d2e-4904-9bae-7c0fefb825d2,,False
Ext-HeySnips-a17dea9c-e8c7-4b0d-9481-dc87ad519d78,,False
Ext-HeySnips-a194f75e-8e35-497e-8e0c-6d4a034bab95,,False
Ext-HeySnips-a1bd7eb7-da9e-4ff4-b198-666cba4122f5,,False
Ext-HeySnips-a1e7448f-38ec-4b1f-a5ae-0dc7a0d7210d,,False
Ext-HeySnips-a2072abb-44a3-4e5d-9342-e68bc4a7fad6,,False
Ext-HeySnips-a215145c-7ab7-40d0-b99b-54733a217cc0,,False
Ext-HeySnips-a2552061-f682-463e-9a06-d716eb050167,,False
Ext-HeySnips-a2776c5c-a3a8-419e-a77c-13964517043f,,False
Ext-HeySnips-a279838c-0833-4289-9c08-06fdaee3fade,,False
Ext-HeySnips-a29edb17-e421-4835-92c0-b4a2f5c9188b,,False
Ext-HeySnips-a29fb78c-575a-47de-809b-bdfe6588788c,,False
Ext-HeySnips-a2d6f0ab-cd88-48d4-835f-32f7b10a20fb,,False
Ext-HeySnips-a2d9db90-662f-42cc-bbc9-8ce6f96897d9,,False
Ext-HeySnips-a2e28c8b-4a85-466d-b86e-007487ac49d7,,False
Ext-HeySnips-a2e4c49a-9b5e-480d-b742-93f7e445456f,,False
Ext-HeySnips-a3016fea-882a-474d-9219-5e3f72f9e4fd,,False
Ext-HeySnips-a3187301-f5d4-4830-9d48-008a216706b0,,False
Ext-HeySnips-a322097b-670e-46d6-8bef-a7ffb77f0488,,False
Ext-HeySnips-a36e3154-99be-4cfb-9d6b-643c6e012b34,,False
Ext-HeySnips-a3729fd0-c169-4363-b665-861202fe0029,,False
Ext-HeySnips-a379b2d6-b5d0-46e1-889d-90af30675f20,,False
Ext-HeySnips-a38d09cd-e086-4104-8cac-5bf7e5d1bd53,,False
Ext-HeySnips-a38e6491-2d6c-49e3-9317-c47e74932614,,False
Ext-HeySnips-a399f7be-2a9e-4f31-92d5-69aabf0aab80,,False
Ext-HeySnips-a3a799c9-c18e-4d1d-a9a5-d7a5a2ca377d,,False
Ext-HeySnips-a3b5b815-833c-403f-868d-91c96ef5e905,,False
Ext-HeySnips-a3bc8b53-c5f4-49e6-b89d-a4940441504a,,False
Ext-HeySnips-a3c17906-5d65-4519-aaf7-75d99f92df72,,False
Ext-HeySnips-a3e16db2-6128-4142-848a-ea7a977f24ef,,False
Ext-HeySnips-a3e744d3-ce26-4639-b197-5338af353b8e,,False
Ext-HeySnips-a3ff8584-8013-4789-9cd6-69ee2b1a020c,,False
Ext-HeySnips-a401a25c-1214-44b5-a775-a30995f9ea72,,False
Ext-HeySnips-a4221568-70fa-4537-b847-991743a6b9b3,,False
Ext-HeySnips-a4298b08-3104-4b01-9c3f-47bf9c0af03c,,False
Ext-HeySnips-a42ca4f0-2d6b-4086-a10f-84fa470cb0ff,,False
Ext-HeySnips-a4414b2c-38d9-4827-a72d-19ac5b17df81,,False
Ext-HeySnips-a45d340c-0cea-407d-a97e-b3cffb0a3011,,False
Ext-HeySnips-a4671819-1349-481d-97c9-10c3ad93b8f6,,False
Ext-HeySnips-a47de475-8b85-41b8-b2ca-353bd6a692c4,,False
Ext-HeySnips-a48a3192-18c4-4005-b279-bc32127c6bda,,False
Ext-HeySnips-a48ec5a2-baf3-4341-a0ae-970656a8b00c,,False
Ext-HeySnips-a4ada6d3-2fcf-4f11-86cc-4ec79ee44a49,,False
Ext-HeySnips-a4bdffb0-12ad-48d6-93b3-9bdbe83f370f,,False
Ext-HeySnips-a4c63c97-a8be-4d39-a531-78975e4439eb,,False
Ext-HeySnips-a4e4a702-7b36-4c08-8f68-b456171d83c3,,False
Ext-HeySnips-a4f5559d-5e51-464f-a3b9-ba018114190a,,False
Ext-HeySnips-a5006f4b-56c5-478e-98eb-d67a70b71786,,False
Ext-HeySnips-a5160584-ff0a-4cf2-88d1-54fa9c8e35bd,,False
Ext-HeySnips-a522462b-de3f-401c-a7fc-b4c2a04908f4,,False
Ext-HeySnips-a535b737-902a-4101-982c-0e088c439133,,False
Ext-HeySnips-a54051ff-4aab-433c-8f29-3cfb633dabaa,,False
Ext-HeySnips-a56a546f-1e7c-4970-acc4-3264e8ec7541,,False
Ext-HeySnips-a5a63342-75df-4819-9f00-104abaf8167a,,False
Ext-HeySnips-a5a70081-090e-463d-ad7e-c1905e0fb5c2,,False
Ext-HeySnips-a5abed14-e793-4a12-aac3-ba06b0657481,,False
Ext-HeySnips-a5bca68f-e168-4f26-b60f-d44db749a4bb,,False
Ext-HeySnips-a5c20462-06fb-4a6a-a082-a2a8cd5a79d7,,False
Ext-HeySnips-a613902f-c84d-4e0e-98cf-de2d61c4b3c7,,False
Ext-HeySnips-a6255169-54b1-4791-899a-7a4c1b789bf2,,False
Ext-HeySnips-a656b929-cfef-45a6-aab1-63e70d463fe8,,False
Ext-HeySnips-a66795a2-2f24-4fe6-9b9f-3a8b69052001,,False
Ext-HeySnips-a67851a2-95eb-4f9a-9e36-080ed595b400,,False
Ext-HeySnips-a67dd6a8-d472-4ef3-81a2-4a7bdcb167b5,,False
Ext-HeySnips-a67df6c8-4b9b-44ec-8409-237578241fe3,,False
Ext-HeySnips-a687a7f1-8fba-492e-b861-561c4268c334,,False
Ext-HeySnips-a68ceaaf-7f94-4070-94b3-8b03532ee99f,,False
Ext-HeySnips-a6b644f1-f561-4c6c-bcaa-7f9d7cd7df7d,,False
Ext-HeySnips-a6be460e-9856-48d2-9261-3d2282413577,,False
Ext-HeySnips-a6c162de-8fd4-41b5-b6e1-5cb7e6089664,,False
Ext-HeySnips-a70a6508-37cb-421f-b3ea-772cf46be218,,False
Ext-HeySnips-a70c110b-dff5-43e4-bc7e-54d9e1ffe833,,False
Ext-HeySnips-a715fd81-1145-4169-a988-60d34df61219,,False
Ext-HeySnips-a75b6e46-a22b-475b-a708-1756b7e596f5,,False
Ext-HeySnips-a75f905e-6ed3-4267-b9f5-398e6a800d2f,,False
Ext-HeySnips-a7685fbe-008f-413d-a6c3-0c4737fd8a18,,False
Ext-HeySnips-a76db2ca-a5e5-403e-a18b-f42265bcec0a,,False
Ext-HeySnips-a785c3be-2f1d-4b58-9ebf-9816549c4980,,False
Ext-HeySnips-a7ab4e70-5615-41eb-a1c9-cb3fbd822883,,False
Ext-HeySnips-a7b72f6c-d5f7-4704-b975-8e5bdc2ad19c,,False
Ext-HeySnips-a7f74ba2-1869-4dc0-a7d7-c13f2a3e96e8,,False
Ext-HeySnips-a826720b-02da-41c5-9637-b51733adbf47,,False
Ext-HeySnips-a828a1ed-175c-4208-821f-88da96ebc663,,False
Ext-HeySnips-a831f446-8b78-4bd3-84f9-fe38797eb967,,False
Ext-HeySnips-a845796f-a76e-4f23-8420-1b13ccbf6d94,,False
Ext-HeySnips-a85dcfdf-de46-403b-95ca-2b9db2905847,,False
Ext-HeySnips-a87956d5-c8e6-4998-b83a-f1d5defb6de7,,False
Ext-HeySnips-a87c11b8-0dd0-495f-8745-b94f4915abf6,,False
Ext-HeySnips-a88013de-a08f-4e68-980f-bd6491dd8ade,,False
Ext-HeySnips-a88327d7-8ec6-4a4c-8a12-d4b0f88bd499,,False
Ext-HeySnips-a8852a18-4661-4535-97c1-6e353067fd06,,False
Ext-HeySnips-a8b63d1d-5e0f-47c1-9cf2-a818aaad4175,,False
Ext-HeySnips-a8be2c30-0729-48d3-999a-59210a2e5c3b,,False
Ext-HeySnips-a8d72380-1f6c-4b9f-a25d-186046a4ed9f,,False
Ext-HeySnips-a8df4459-0f40-43f8-b165-f7966f056629,,False
Ext-HeySnips-a8e5a28b-fb22-4e16-b96f-e786c3cf51da,,False
Ext-HeySnips-a8edb4a1-c27b-4c7c-a14f-eff1410b5ef8,,False
Ext-HeySnips-a8fabdd5-fc89-4815-82e4-63e470f629b5,,False
Ext-HeySnips-a901edfc-6ab5-45cf-8906-303e57b2374f,,False
Ext-HeySnips-a9155bf2-01e1-4340-8e3e-7047e4c55d98,,False
Ext-HeySnips-a91d2cdf-1fcf-4e31-9396-b2d5bbfd61ce,,False
Ext-HeySnips-a923599d-3d48-4bae-a453-127f5b36c38a,,False
Ext-HeySnips-a952894f-5398-4e17-94e7-20491874e263,,False
Ext-HeySnips-a95c0bc0-c9d5-4315-b91c-b4c249a7575c,,False
Ext-HeySnips-a9a95521-38c2-4561-b207-e0acbd9fb355,,False
Ext-HeySnips-a9cbba5b-510f-4ebe-8fce-ac032fa02362,,False
Ext-HeySnips-a9d73bdb-7ea7-4267-844f-2fe2826b66ce,,False
Ext-HeySnips-a9f1618b-6c4f-48bb-a8d3-649aad96e95c,,False
Ext-HeySnips-aa003dd8-c61a-4bff-8a48-4d78593f2a7b,,False
Ext-HeySnips-aa015745-47b8-4e44-8031-83026c063ad5,,False
Ext-HeySnips-aa1b6aa7-e2e3-4ed2-a457-68240e877173,,False
Ext-HeySnips-aa316808-7d41-413d-932b-a4d69d4ead3e,,False
Ext-HeySnips-aa3e7405-29e6-412e-aa6d-88176a88dbbd,,False
Ext-HeySnips-aa41e4d0-f6a7-496b-8e2a-3e19e40c7e5a,,False
Ext-HeySnips-aa46ef26-f6b9-4e47-ab74-f23b9850d743,,False
Ext-HeySnips-aa5217e4-370e-40f1-ad39-23d46e292269,,False
Ext-HeySnips-aa5c0222-d5f9-4e07-b5e5-53265fd9795c,,False
Ext-HeySnips-aa63442d-82a7-4d6b-bc25-55896c2fab7c,,False
Ext-HeySnips-aa723d9e-cd69-42eb-8f16-ef0c34f3fd9f,,False
Ext-HeySnips-aa824209-4add-4191-931a-013cfd1fd072,,False
Ext-HeySnips-aa8f87cf-3085-4e3d-8e47-194e5e6f48c1,,False
Ext-HeySnips-aa91d877-8921-4eff-b4fa-2111c54cec49,,False
Ext-HeySnips-aaceb302-ee1a-4aa3-b4d8-94ffa8aa804e,,False
Ext-HeySnips-aaff9b2e-313e-4503-a43c-cf717b1d6886,,False
Ext-HeySnips-ab026d67-eed9-443c-894f-1305329abcfc,,False
Ext-HeySnips-ab174f65-67f3-44b8-933b-2d2740cdb2fd,,False
Ext-HeySnips-ab17f632-099f-454c-ac57-5d85ad158fda,,False
Ext-HeySnips-ab3d4ce6-ba34-454e-be15-9d3c59931fb7,,False
Ext-HeySnips-ab3dddb1-d37d-4623-aeb1-8dfd8b750001,,False
Ext-HeySnips-ab691177-6fe9-45f9-855e-3f5ad14b2046,,False
Ext-HeySnips-ab75984d-852a-4a16-abb1-5f67b364a68d,,False
Ext-HeySnips-ab8a9986-7300-45da-9361-01b0a8609db1,,False
Ext-HeySnips-abb738e2-47ce-41b9-a8be-705fd92a9d2b,,False
Ext-HeySnips-abc2c650-f9b2-4289-a838-7b3bbb24fdca,,False
Ext-HeySnips-abca6441-7298-4fe6-a0d8-6f8037c0f0bd,,False
Ext-HeySnips-abe8698f-eaf1-4503-8284-3a054ecacb7a,,False
Ext-HeySnips-abebbc87-2797-4a3c-ab31-b18fa22fa7cd,,False
Ext-HeySnips-abfa2b66-844f-45c1-97cd-6cbeec03a5ec,,False
Ext-HeySnips-ac1be478-710b-477c-8d64-4280eba0ce94,,False
Ext-HeySnips-ac216d82-a3ca-4bf7-a2ec-6e9252c4bb3a,,False
Ext-HeySnips-ac6674af-c4ef-4f82-b95f-b10a2299d404,,False
Ext-HeySnips-ac75cabc-1453-493b-961b-c3dc209711a2,,False
Ext-HeySnips-acba7d86-d95c-45a4-9b5c-9a818975dff1,,False
Ext-HeySnips-acd351e3-419a-4834-b834-4a7dced6a8d6,,False
Ext-HeySnips-acd8b5b0-9361-49fe-90ae-55cc5f9503a0,,False
Ext-HeySnips-ad0cf993-b9d1-4dd6-bdd5-cea3c1c002e8,,False
Ext-HeySnips-ad139c65-544f-42d2-a150-1f36426873bb,,False
Ext-HeySnips-ad1d4b5b-d406-4e12-a7c2-3dce841f7a6e,,False
Ext-HeySnips-ad49d259-16b3-43ce-9dfe-bd61cacf7a4b,,False
Ext-HeySnips-ad541ee6-c3b7-4b15-999b-251728473bdb,,False
Ext-HeySnips-ad682597-8b25-40ab-b9c6-d32a1b3fd49e,,False
Ext-HeySnips-ad88c752-e2dc-4e3f-9a6d-84234ef8ec7b,,False
Ext-HeySnips-ad9a9078-f454-4255-83cc-1f3e9fdd1b63,,False
Ext-HeySnips-adf80b45-c5a0-4b7f-ab24-02e5a101033b,,False
Ext-HeySnips-adfa8ef7-c430-4ca6-866d-0e8989c5c92c,,False
Ext-HeySnips-ae0c430c-6452-45b2-af76-802a273dbaf0,,False
Ext-HeySnips-ae15bb05-a071-4e80-973f-13010ecc5775,,False
Ext-HeySnips-ae16ee54-90ba-4883-9b8b-95c18fa91e8d,,False
Ext-HeySnips-ae265b92-7fde-4be6-9549-62ff40a873df,,False
Ext-HeySnips-ae2d365f-ee01-44d8-83ac-279151e4283d,,False
Ext-HeySnips-ae2d68a2-1bd8-4ee5-979f-b62dbe2bf6f8,,False
Ext-HeySnips-ae427c82-a7d4-4a7b-9ea2-f48177118975,,False
Ext-HeySnips-ae7d36ac-c9e6-4f2f-b9fb-c7c9dda0b40c,,False
Ext-HeySnips-ae925ff1-86d1-444c-9c09-536c02f0f215,,False
Ext-HeySnips-ae95dece-d382-41fa-b9c8-62e77d0074d5,,False
Ext-HeySnips-aef7111d-8ab0-4fb7-983a-3485f2517c03,,False
Ext-HeySnips-af2b0a39-740b-4f10-93c9-b0a6d4eac947,,False
Ext-HeySnips-af33da99-3a34-4264-8f36-e5f7a8cee4e4,,False
Ext-HeySnips-af403335-a028-435c-8bb2-0203479779bf,,False
Ext-HeySnips-af474ddd-40e1-415f-9c77-ff84b53ce1ab,,False
Ext-HeySnips-af47a6ff-77ba-4d5a-9bf0-cf4bec7f28cd,,False
Ext-HeySnips-af7398d9-a171-4079-9028-2580b4af337a,,False
Ext-HeySnips-af77ad34-1e3f-4c26-8ad4-dc145810abda,,False
Ext-HeySnips-af7e069c-78ab-43d1-831c-7c0039e00414,,False
Ext-HeySnips-afb720d5-361d-443a-987d-2e80ff1ae33a,,False
Ext-HeySnips-b049a85f-bc3c-45ce-9c00-55fd6d6ad63f,,False
Ext-HeySnips-b077f14c-fa28-4039-9474-13c25f5b293e,,False
Ext-HeySnips-b083d765-ea1b-4294-9dd0-adf3b689901d,,False
Ext-HeySnips-b0a05a9e-8f54-4403-9bc6-3a84bfdf77f9,,False
Ext-HeySnips-b0ad1525-99d8-47aa-b3c5-a3cc67fb8202,,False
Ext-HeySnips-b0b9ab9b-d6e1-4a16-9277-b33a41575306,,False
Ext-HeySnips-b0cc4bd6-dc37-42a9-a4a3-cb565e7d5abf,,False
Ext-HeySnips-b0db39bc-68a7-4d30-ae29-804ae79d60c9,,False
Ext-HeySnips-b0fb65ad-00e0-49d2-8a3e-3aa2df904e0d,,False
Ext-HeySnips-b12fbe54-29dc-475d-b34d-f85dd2ffcc8c,,False
Ext-HeySnips-b15a25a9-0725-4b29-988c-bf88b3af8feb,,False
Ext-HeySnips-b15b456f-4200-4b3f-a0c3-d7e4051235ef,,False
Ext-HeySnips-b16faebb-7e6a-459f-9ae6-476a59b87de8,,False
Ext-HeySnips-b1748d79-3ab4-4782-9ed7-a3b867c33853,,False
Ext-HeySnips-b1bebff4-7cf5-461c-b54a-9496060615cc,,False
Ext-HeySnips-b1dc9221-1fc6-4991-b0a9-3fd6874e978b,,False
Ext-HeySnips-b206b271-36cc-48cc-88f3-da94e6887f50,,False
Ext-HeySnips-b215817b-97e2-4636-93fe-41e832f68d48,,False
Ext-HeySnips-b21a100e-eaaa-4f63-a3aa-12f07eae061e,,False
Ext-HeySnips-b21f243c-19c7-4aa0-b61f-bb6d69fdda9c,,False
Ext-HeySnips-b22275bf-49f9-4ab6-8b4d-8f69a7eb4314,,False
Ext-HeySnips-b277654d-638b-4cde-b46b-34fc227c3a6e,,False
Ext-HeySnips-b2b8d219-911f-41b9-83f1-957892d95f4f,,False
Ext-HeySnips-b2d0ad47-2481-4a4b-9f51-ef023fdc18af,,False
Ext-HeySnips-b2e2e5b8-236f-4d37-80a7-1c051c42aeb3,,False
Ext-HeySnips-b2ea08ce-2b31-40ac-8296-509579201be1,,False
Ext-HeySnips-b3008c23-9003-4054-99ce-cf26a9b85d3e,,False
Ext-HeySnips-b303e1ed-b23f-4aac-8350-b8066ae76974,,False
Ext-HeySnips-b318b340-644e-4fbd-bdb8-93355c893d50,,False
Ext-HeySnips-b31c33fb-0ebc-44e8-adef-a88213ee112e,,False
Ext-HeySnips-b3351bcf-e9ef-4568-9514-5c01cdc87cff,,False
Ext-HeySnips-b34d3ec5-c37d-46c6-a0e6-24a080898481,,False
Ext-HeySnips-b3638f0f-db43-436c-97d3-d416cc7fb71f,,False
Ext-HeySnips-b37d6bfb-d9e0-4d9f-bff8-498c7d728f6b,,False
Ext-HeySnips-b3801995-8cd7-4dc0-a0d3-9e562a30e3b0,,False
Ext-HeySnips-b38819b0-d0b4-4560-a5f0-5c08ec93aa09,,False
Ext-HeySnips-b3bef2af-c24b-421a-a68d-ca116e3e8cd8,,False
Ext-HeySnips-b3bfdf29-8563-4f4a-bfb2-6f024ba40221,,False
Ext-HeySnips-b3ce9294-617f-4a86-9505-1a6f358ccc13,,False
Ext-HeySnips-b3e375f4-1451-43c4-a3b6-3d308f10770f,,False
Ext-HeySnips-b3ec4bef-faf8-453e-8840-f509a618ad5d,,False
Ext-HeySnips-b3f90130-850f-4651-9444-c05c93d71b27,,False
Ext-HeySnips-b4143c36-b327-4f6a-a282-88317f9a41f4,,False
Ext-HeySnips-b41e0f59-fc44-4665-a3c1-a6a1a6d2ab14,,False
Ext-HeySnips-b420faa5-bcf4-47ef-8a84-f0b654acdbf9,,False
Ext-HeySnips-b42e558a-dcd2-4251-9a02-a1772cb3cef3,,False
Ext-HeySnips-b4354006-28f4-46c1-b1dd-cd62503550e6,,False
Ext-HeySnips-b469097f-581b-4a4a-bbad-79b6d0efd0b8,,False
Ext-HeySnips-b47bf8e6-8a67-429d-bf9e-0fe972f292e2,,False
Ext-HeySnips-b48fd359-1425-4a84-90c6-237c211833e8,,False
Ext-HeySnips-b4b57ecb-f7d6-4935-9e47-46b46cadd160,,False
Ext-HeySnips-b4c81386-6e4b-4628-beda-4c9fac84ac04,,False
Ext-HeySnips-b4e1184e-b249-4282-be6d-16c1b9137b16,,False
Ext-HeySnips-b4eef065-fd89-4ed2-a34b-66ac920d06e2,,False
Ext-HeySnips-b4f59595-e016-40bf-9bd4-3177be0d9fa6,,False
Ext-HeySnips-b56c0742-730a-4aee-8ae9-0425de8ab4da,,False
Ext-HeySnips-b5716979-ec9e-4530-a1cf-9c5a46ad966a,,False
Ext-HeySnips-b5744473-2893-471e-9dce-a5d6aa548640,,False
Ext-HeySnips-b576d497-389f-4ac2-be64-0830ca873edb,,False
Ext-HeySnips-b57d6b2d-1cfc-49f9-858e-f352a8a6a962,,False
Ext-HeySnips-b57e3fe0-3a25-4c22-b430-e92aec45fcd4,,False
Ext-HeySnips-b5b4fc4c-14f7-4bc3-a218-2e3283b95dde,,False
Ext-HeySnips-b5b7af4b-f187-4d2d-ba05-8cb1dc014d50,,False
Ext-HeySnips-b5d67dea-0d23-40a9-b269-fe58d62f85cf,,False
Ext-HeySnips-b605fd22-5839-471a-8c7c-db12891c1aba,,False
Ext-HeySnips-b60d53a5-613f-44a9-b393-a62d01009bf0,,False
Ext-HeySnips-b6101c44-775b-4bbb-bf1a-7695d32f7c62,,False
Ext-HeySnips-b646dcf2-21d6-4ee4-82b2-43a7e93f7a0e,,False
Ext-HeySnips-b6551081-df68-4d20-a645-f83960700a5f,,False
Ext-HeySnips-b67ab36c-b040-4295-bf09-f03944d4e063,,False
Ext-HeySnips-b684d3ac-b337-48f3-a9f8-eb921d51a923,,False
Ext-HeySnips-b6929d35-ae29-4bf9-976e-532e2426eeda,,False
Ext-HeySnips-b6a32843-ec64-44aa-ac7a-780ddfb0dad3,,False
Ext-HeySnips-b6b19343-2279-4509-b89b-e2d66ada5429,,False
Ext-HeySnips-b6c2bb7c-94c5-497c-9d8b-f9a2f2ee0cd4,,False
Ext-HeySnips-b6c9af0e-5591-45a8-bb45-c0d744c88368,,False
Ext-HeySnips-b6cc83c7-eb9f-4beb-8d03-148b460d7d6f,,False
Ext-HeySnips-b6d04878-91f7-4c3d-8c05-b0c9f90dd802,,False
Ext-HeySnips-b6e2e280-3ef2-462e-bad0-925c8527d1bf,,False
Ext-HeySnips-b70b3f52-4964-4302-949a-182a60acb85c,,False
Ext-HeySnips-b70f5d27-266d-4a1c-92a3-e5fb21f514b5,,False
Ext-HeySnips-b737668c-e2d0-4d50-a66b-53e6db565e41,,False
Ext-HeySnips-b75be021-ef5b-4f27-95fc-32d103f5bbc6,,False
Ext-HeySnips-b760bd84-e98d-431e-8af0-f7f4424b34be,,False
Ext-HeySnips-b782ab61-11f6-4900-9144-7baf19a9453d,,False
Ext-HeySnips-b7884679-8b8e-49ac-ae14-e8dd852cb3b1,,False
Ext-HeySnips-b78b02fc-5610-4749-a179-5f996c66dc5a,,False
Ext-HeySnips-b7926956-b792-4579-9347-7559abf78c38,,False
Ext-HeySnips-b79d49f7-a031-4cc2-bfd2-a1af9403ccac,,False
Ext-HeySnips-b79e1740-41c9-4875-8ae4-b8f6c843a811,,False
Ext-HeySnips-b7a0b440-1f56-4878-af12-cfd61194378c,,False
Ext-HeySnips-b7cfb805-131a-4e7e-a9bd-5e14ea74456f,,False
Ext-HeySnips-b7d1cb04-be28-452e-b909-0b67eceef2d6,,False
Ext-HeySnips-b7f29832-f1fc-4558-9de9-9bd950787209,,False
Ext-HeySnips-b7fbb643-60cc-43a1-b45a-338e00476fcc,,False
Ext-HeySnips-b806b681-476b-4e9a-8e07-58663f63f160,,False
Ext-HeySnips-b809d9b4-e8a7-41a0-987c-2f244ce78104,,False
Ext-HeySnips-b81a1acd-135a-42d5-9a84-cbb4f80c9416,,False
Ext-HeySnips-b82e3f58-5877-48bb-85de-53ad075a8585,,False
Ext-HeySnips-b833c273-ad75-4c1a-a953-1361bc4881e2,,False
Ext-HeySnips-b83edee0-258e-4dfb-a095-da98c2388876,,False
Ext-HeySnips-b8635fc7-2d51-4356-bd09-451cb3216cae,,False
Ext-HeySnips-b86e2013-267c-4e7d-b770-76249c6a5fb4,,False
Ext-HeySnips-b87d5af6-0615-43e0-a02a-aaacc7e0edd0,,False
Ext-HeySnips-b87eae73-7dfb-4cf9-871f-0026e87241bb,,False
Ext-HeySnips-b88d3966-1f75-44df-b9af-bac4450d50b9,,False
Ext-HeySnips-b8abe0b8-9422-48d9-afa2-9ed577c112e4,,False
Ext-HeySnips-b8b0b313-05fe-4f63-bd47-3ba0c21b5263,,False
Ext-HeySnips-b8baf6a0-23c1-4779-9000-fba4cdd8d028,,False
Ext-HeySnips-b8d82dcb-438f-4a8a-8cee-401d8bb16d6c,,False
Ext-HeySnips-b8e3094c-53c7-4d08-b6a2-97169ddcc1b6,,False
Ext-HeySnips-b8e9ce41-ce01-40bb-a39d-ccc5dc4f56e4,,False
Ext-HeySnips-b8f88e54-db53-4508-87b6-aa0482776573,,False
Ext-HeySnips-b91a1ac2-9dcc-424a-89bd-0d68f61d2bcb,,False
Ext-HeySnips-b95bf8ff-96a8-4e63-8f38-5c09c452ddad,,False
Ext-HeySnips-b97efe37-1ec7-49c3-8b3f-75cb194b51ec,,False
Ext-HeySnips-b9ae74f3-adc2-4404-ab00-26c2c2196a05,,False
Ext-HeySnips-b9b65fa9-b676-42c4-bb3c-aac6743e6e51,,False
Ext-HeySnips-b9b9d3cc-a9d7-4137-8e5b-e4abc0f35c9b,,False
Ext-HeySnips-b9b9dfe5-4cf6-495c-894b-7d286879513e,,False
Ext-HeySnips-b9bc31ef-9772-42ad-8ce3-2457a8da4148,,False
Ext-HeySnips-b9c296c0-ec02-4630-8bee-de324aef29bd,,False
Ext-HeySnips-b9cf041d-a342-4103-9332-6e39e2188236,,False
Ext-HeySnips-b9e7a22a-5e4d-4d1a-a5b5-a68aa6411b0f,,False
Ext-HeySnips-ba0528aa-a29a-46f5-9938-8d1c210f35ca,,False
Ext-HeySnips-ba2674f9-f02a-4a2f-8769-0b987e909a2a,,False
Ext-HeySnips-ba34759f-56a5-4649-8ea8-9893f6a30d40,,False
Ext-HeySnips-ba3667de-762c-4e61-a115-a73c62ed09d3,,False
Ext-HeySnips-ba38a7b2-b3b8-4559-8cc4-f9660dc45d11,,False
Ext-HeySnips-ba436534-2b15-4fd0-afdc-6b3a38bb5dc2,,False
Ext-HeySnips-ba53fbe8-0907-4d9a-8165-107842053f77,,False
Ext-HeySnips-ba656388-c6c0-4415-8ce7-672f1dc3848b,,False
Ext-HeySnips-ba8199f8-b3e1-4167-8cc3-a2858c776a31,,False
Ext-HeySnips-ba9006cc-bd60-400f-95ca-0bef382b6588,,False
Ext-HeySnips-baade461-8152-458b-a380-c836eff6a3d8,,False
Ext-HeySnips-badfa77c-470c-4d4a-8903-05609d3a48ba,,False
Ext-HeySnips-bae98eef-6904-4c3a-b9b7-5cd7e2e6af55,,False
Ext-HeySnips-bb0592ac-8410-4b95-b832-3f03b8c24362,,False
Ext-HeySnips-bb12239f-16ab-4266-b6e0-19e56f4fba81,,False
Ext-HeySnips-bb169307-afec-460e-a9ed-33f5bf86fc20,,False
Ext-HeySnips-bb3df6b6-cd61-450e-bbd4-81b46475d18e,,False
Ext-HeySnips-bb51fe18-7956-49ab-a8db-edde88745d21,,False
Ext-HeySnips-bb5814b9-a7a5-4364-b8fb-82d0988ef947,,False
Ext-HeySnips-bb5d470e-0092-4037-a867-4e21d509a389,,False
Ext-HeySnips-bb65a0a0-eb21-42fa-86e7-84882a0a9bdd,,False
Ext-HeySnips-bb6f8315-2b1e-442c-80ce-88c0ad6cebf6,,False
Ext-HeySnips-bba1c69a-3983-4717-8500-0fd79e179c2a,,False
Ext-HeySnips-bbf1090e-1382-4b37-be9d-d0a3dad9d058,,False
Ext-HeySnips-bc3667d6-5379-4d27-9c88-f44be7e4ca8e,,False
Ext-HeySnips-bc3d562d-5767-4457-9203-81d59b6140d6,,False
Ext-HeySnips-bc6142a6-e7db-4e8b-8979-1b7937cf39b3,,False
Ext-HeySnips-bc670f3e-252c-4a7e-8b63-463f35e1fd45,,False
Ext-HeySnips-bc78db44-6b8c-433d-8513-2fa8adfbf1ad,,False
Ext-HeySnips-bc8b7d96-9363-4cce-8c00-e811fa61d06c,,False
Ext-HeySnips-bcbdf66e-12c4-459d-8400-471e5f651c01,,False
Ext-HeySnips-bcd06cdb-66d2-4999-8d5c-d57591340cbe,,False
Ext-HeySnips-bce27f62-173d-4b65-92b7-82e14edcd2f0,,False
Ext-HeySnips-bcfc3c54-1c5f-40fa-8cf8-d7c4a9d28a1a,,False
Ext-HeySnips-bd0ccae8-6267-45f2-b861-99d30396d7ba,,False
Ext-HeySnips-bd40d8f0-e6d0-4305-8a8f-e6711e56fc53,,False
Ext-HeySnips-bd59c161-6387-4a3f-a831-86b17e938d22,,False
Ext-HeySnips-bd6b5888-252a-484e-a578-5fbee8668093,,False
Ext-HeySnips-bd70839e-c4f2-430d-a58a-263e28cecd79,,False
Ext-HeySnips-bdd5b4d1-e05f-4f5f-b971-bf4d511bb0e7,,False
Ext-HeySnips-be167f94-6d08-45de-bf6e-b7e6b007be42,,False
Ext-HeySnips-be24509c-bc9a-4eb1-9f00-dce056711988,,False
Ext-HeySnips-be2b6d85-614e-48af-8e66-36121324b35c,,False
Ext-HeySnips-be34a27b-cae4-42fb-bb5a-b58667f816fa,,False
Ext-HeySnips-be70736f-35da-4510-8d15-c6a2212cf957,,False
Ext-HeySnips-be77e19f-4b5a-45e4-9762-15cf390e3aff,,False
Ext-HeySnips-be783ee0-b8dc-4bbe-b165-835760581d30,,False
Ext-HeySnips-be98301a-f49a-4bd3-a664-c198879b1bfd,,False
Ext-HeySnips-beb6b0fd-4aeb-4b58-a718-ef8bfdbd0f80,,False
Ext-HeySnips-beb71bb0-399f-488f-bb6b-3374caecac68,,False
Ext-HeySnips-bebbd92f-6bab-4d61-858a-87ae5e322c4a,,False
Ext-HeySnips-bec133dd-c289-4419-a494-cefe6f3f09c3,,False
Ext-HeySnips-bec481c1-76dd-4a38-9101-9ef345982ded,,False
Ext-HeySnips-beef5321-7901-45da-a753-eb2f68bc7db9,,False
Ext-HeySnips-bf0a0364-06cf-4e9e-b4e7-75c49e56eac9,,False
Ext-HeySnips-bf1db1ab-b9c4-4b4b-9ddd-c79d9fc06f11,,False
Ext-HeySnips-bf3cda9e-7515-433a-ba51-ecb2449c76e5,,False
Ext-HeySnips-bf3d4d86-56de-41ed-a73d-b67f2bbf4357,,False
Ext-HeySnips-bf60be51-bb1f-486f-b9d6-f3834636d2d6,,False
Ext-HeySnips-bf82dfbb-87ac-4ada-a69a-e17ef3e9a4c7,,False
Ext-HeySnips-bfb1c2b9-9eec-45ea-b4d4-888eae5f3bac,,False
Ext-HeySnips-bfbcf0d7-ca0e-4aaa-9ed8-983ab89b3392,,False
Ext-HeySnips-c0115a47-d1cf-43ff-a262-5bcab0a53272,,False
Ext-HeySnips-c01e3bc7-cab6-44b9-b491-bddefcf58423,,False
Ext-HeySnips-c020a894-582d-49a3-a016-78141ff840c5,,False
Ext-HeySnips-c039d5bf-4a6a-46a7-8d25-68b55b7578d8,,False
Ext-HeySnips-c03f1c6a-41c2-47bf-b640-3a43e5b46152,,False
Ext-HeySnips-c0442e44-6b85-41e8-b133-6723f1567305,,False
Ext-HeySnips-c0659925-17bc-4887-a203-bf17fcaf8cc7,,False
Ext-HeySnips-c073d594-9254-4259-89a9-bb8fa9e58fa5,,False
Ext-HeySnips-c0771174-6fe7-46bf-8975-5f5764aba371,,False
Ext-HeySnips-c08775be-2d9a-46f7-82a8-14742dab559e,,False
Ext-HeySnips-c09d39bc-e489-4d5a-b509-96ebfc21b090,,False
Ext-HeySnips-c09f8ccd-dd93-4c59-8161-1d156efa89ee,,False
Ext-HeySnips-c0dd2a19-4574-4033-bef7-a05d47da8087,,False
Ext-HeySnips-c0eb2684-4b96-4457-8cc3-e0219c198846,,False
Ext-HeySnips-c10cb38a-52fb-447b-b57c-2895af09d982,,False
Ext-HeySnips-c11d2498-c7d2-4f49-9b7e-8771874fc08c,,False
Ext-HeySnips-c14f270d-efaf-4f8c-8f3f-f01725ff3175,,False
Ext-HeySnips-c1781435-e1bf-481e-916f-e5f279a4d75d,,False
Ext-HeySnips-c1873584-44c9-49b6-8861-08bb92cf1ad5,,False
Ext-HeySnips-c18fa8be-4e80-4ac9-b36e-fe542416d515,,False
Ext-HeySnips-c1a8b95f-04cb-4318-a7cd-417aa1be6c75,,False
Ext-HeySnips-c203400b-967e-491b-becd-9d7844f40d18,,False
Ext-HeySnips-c20e000d-f644-4f7e-9bec-8e21b5c55b8c,,False
Ext-HeySnips-c2178f56-a2c8-4021-8e49-9ad3469e96b0,,False
Ext-HeySnips-c221fcd4-219f-431c-bc62-f16c603b8b4c,,False
Ext-HeySnips-c22834dc-80b8-4531-82fa-d299730f9e14,,False
Ext-HeySnips-c29e9238-16aa-44b9-ab74-e69d6750b0ec,,False
Ext-HeySnips-c29edcd0-f9a0-4bed-a804-6bccd5988a69,,False
Ext-HeySnips-c2c3aa00-95b9-4065-a0cb-906c124ecafc,,False
Ext-HeySnips-c2f097e4-faa8-41af-8aa3-a3692bbec2bc,,False
Ext-HeySnips-c2f18e19-ed61-4058-a0ed-14078398ff9e,,False
Ext-HeySnips-c2fbe2c7-85c9-4237-ace3-1ce6a9a5a1ed,,False
Ext-HeySnips-c3121c66-8e2a-40e9-9be8-4fb1cc1f8813,,False
Ext-HeySnips-c32281f8-1e2d-4280-8507-51e94758bbe3,,False
Ext-HeySnips-c3332a13-5d69-4359-9554-f6a120847281,,False
Ext-HeySnips-c34222f8-3db1-41fd-9e20-340f36da4d91,,False
Ext-HeySnips-c36e694d-c1d5-44ec-9fec-2ccced41c862,,False
Ext-HeySnips-c38a2508-3df2-4407-984f-b40ab0b6c9eb,,False
Ext-HeySnips-c3b186b6-264a-4b10-a424-51f49fc30bc6,,False
Ext-HeySnips-c3b78fa9-4b10-42f3-8350-2bb31900fefa,,False
Ext-HeySnips-c3c2bdb7-b2a6-42e2-9fa7-18e91b95061f,,False
Ext-HeySnips-c3c7ffb1-9c30-4632-9d42-1a071a26c804,,False
Ext-HeySnips-c3cc3ffb-fe32-4c52-a156-7bf5dd601b7b,,False
Ext-HeySnips-c3cea33b-f3aa-4d6b-81ce-77c2d9e13d88,,False
Ext-HeySnips-c3d103ae-3b85-4e44-bd3a-dccae84427e3,,False
Ext-HeySnips-c3e472ec-cfd3-4c73-acdf-076e618a0a1f,,False
Ext-HeySnips-c43ef0e9-dce2-4f47-ad4e-d4508a2afb66,,False
Ext-HeySnips-c44da612-450b-43f0-9d11-defa31aea55c,,False
Ext-HeySnips-c44dceb7-a06c-4bdf-9a67-6a7e2611e160,,False
Ext-HeySnips-c45f8a77-0c1c-452c-a982-a23a0cd96b67,,False
Ext-HeySnips-c4677515-1ba9-45ce-8229-d9f42790bc75,,False
Ext-HeySnips-c48b2dc1-6c8b-43a2-9070-dc57970182f7,,False
Ext-HeySnips-c4922aae-3b9b-4f84-bc6f-82e176968395,,False
Ext-HeySnips-c49e9793-1f6d-42a2-93e1-ed21cbd485ad,,False
Ext-HeySnips-c4a0bbf6-d6ef-4d87-9f6d-6bdd97669d84,,False
Ext-HeySnips-c4adaf12-918a-415d-863f-b2a7d35fcf0d,,False
Ext-HeySnips-c4da9048-fb9a-428e-8c6e-4f43961c4596,,False
Ext-HeySnips-c4f05cba-5a1e-484a-b57b-fa24f06a2820,,False
Ext-HeySnips-c4f906a7-fb1a-4f29-9fe4-7b83a19efea2,,False
Ext-HeySnips-c523ed72-5343-4fac-8a68-6676d726f8f4,,False
Ext-HeySnips-c549e75d-ef36-4870-89bf-3dea656f5d01,,False
Ext-HeySnips-c54dd782-7ebf-427d-aa8d-f2876a51fd40,,False
Ext-HeySnips-c54ded4e-9112-4360-a767-04e7e58a2540,,False
Ext-HeySnips-c550f28d-2ebc-4520-ad09-ab6363e8c39c,,False
Ext-HeySnips-c5577ab3-3fc9-4da3-9e9d-f78a825386f0,,False
Ext-HeySnips-c5585c8e-7dfc-4b84-b25d-6ebd7aec8760,,False
Ext-HeySnips-c55ae637-3a90-4aa9-83f5-b197d45ea775,,False
Ext-HeySnips-c57b61a4-4a89-47de-9a30-4bc32dfb9600,,False
Ext-HeySnips-c59bfea7-cf17-4cdf-8a56-3ec848af6163,,False
Ext-HeySnips-c5aa8fb5-2da9-454d-8d1d-bb2a2d8820df,,False
Ext-HeySnips-c5c10e9b-302d-4bac-8750-a6776b51ad96,,False
Ext-HeySnips-c5c784ab-841c-4f0f-a9a9-377d1ab782a2,,False
Ext-HeySnips-c5c8bf62-0bfa-4dee-818a-bc50d5840224,,False
Ext-HeySnips-c5d48791-bc09-4406-bb30-433c57d1473e,,False
Ext-HeySnips-c5ed686e-8a58-4646-8d38-6f7cd26dbed3,,False
Ext-HeySnips-c6163475-3745-47a6-a73d-47368d26c611,,False
Ext-HeySnips-c61765ff-faea-4eb0-b484-90eb0f5ef9ad,,False
Ext-HeySnips-c6200477-f7a7-4ab0-8ac4-7e667c09b69f,,False
Ext-HeySnips-c642b580-3315-45ba-abbb-a623729f86c3,,False
Ext-HeySnips-c6454730-015e-4bb4-9cd5-6511c3f79ade,,False
Ext-HeySnips-c698f692-2fd7-4e7d-a475-3d65c0c7d7ed,,False
Ext-HeySnips-c6a7e8fd-3784-4619-a078-4e8f7a59d63c,,False
Ext-HeySnips-c6abca94-6a87-4f4b-89cd-3e48943c556c,,False
Ext-HeySnips-c6b65744-18ca-4589-aacb-2c39e10980e2,,False
Ext-HeySnips-c6c0acf3-863e-473d-b3fa-f695c17bd92e,,False
Ext-HeySnips-c6c7aa36-9cf1-4d5d-8173-4133dcd583fe,,False
Ext-HeySnips-c6eb1612-6d6d-40c6-9b7f-b0e4a08ed96e,,False
Ext-HeySnips-c70ac329-1709-49ba-bdbe-ae629a5510e7,,False
Ext-HeySnips-c719360f-d640-4076-b094-a697ded8e5be,,False
Ext-HeySnips-c71e6a60-6afd-404e-9a5f-90ad347763b5,,False
Ext-HeySnips-c7312ab4-352f-4bf0-909f-aa288f59458d,,False
Ext-HeySnips-c7451df1-632a-47f3-afdb-815717805222,,False
Ext-HeySnips-c787a24f-629d-4521-a8ff-af33840d5a94,,False
Ext-HeySnips-c788d475-4a74-409d-821d-f720c9ac9e9b,,False
Ext-HeySnips-c7b99b75-5d24-40b9-bcf2-1cec7c531f2f,,False
Ext-HeySnips-c81822af-366d-4dae-a31f-5dd3093a275b,,False
Ext-HeySnips-c81a4ab8-5db8-4075-9b11-46ac16909a0b,,False
Ext-HeySnips-c83b5be3-1f60-4d72-8384-1030ceea4093,,False
Ext-HeySnips-c86a78c4-a0fe-46b3-af49-b81ef474d22c,,False
Ext-HeySnips-c8bb80d6-6d91-4da7-95e7-61439b852e07,,False
Ext-HeySnips-c8c5afc0-7966-4b13-bebd-20605a3b6480,,False
Ext-HeySnips-c8c696f7-9f43-4215-a185-91fcb17f1b47,,False
Ext-HeySnips-c8c93cbd-7d0a-44e2-a413-6cb0c9deca33,,False
Ext-HeySnips-c8ef533e-a031-43e0-a7b9-299784e3e528,,False
Ext-HeySnips-c90d7490-92b4-4dad-b033-9bb04ebfc652,,False
Ext-HeySnips-c91d1105-7679-4da3-b9a1-a360499c766d,,False
Ext-HeySnips-c927378f-7e47-4c1d-8672-56a39717eaab,,False
Ext-HeySnips-c92e316c-0fa7-4fc4-80dd-933e756bef8d,,False
Ext-HeySnips-c937b619-caed-49f7-8072-8c439574738c,,False
Ext-HeySnips-c95507cd-aead-4759-8206-def5cad5be82,,False
Ext-HeySnips-c96ebfce-a58b-40b7-937e-dfa1515397f1,,False
Ext-HeySnips-c988522f-bc61-4e32-b7f7-ef577a0dbcd0,,False
Ext-HeySnips-c99af0e9-3c2a-4dad-a3d9-d53ae48866a7,,False
Ext-HeySnips-c9a60790-3624-45fa-9054-2fcbbef43bde,,False
Ext-HeySnips-c9afe5ab-c786-4a87-8143-124fc6da7cdd,,False
Ext-HeySnips-c9b4889b-e380-44e7-8832-f237956fffa4,,False
Ext-HeySnips-ca053773-f164-430e-8521-881fe408a20e,,False
Ext-HeySnips-ca100f72-04c3-4980-83ab-03afa8f64e03,,False
Ext-HeySnips-ca17068f-2d8c-4f9e-ae02-c0955f65368f,,False
Ext-HeySnips-ca1c1d97-47e3-4b98-bf1d-779d6424754b,,False
Ext-HeySnips-ca2c6eb2-9d98-4491-adf1-25734e70aa59,,False
Ext-HeySnips-ca2fbfba-e8e4-48de-ac91-3caf354adf54,,False
Ext-HeySnips-ca44cd6f-ad23-4679-9835-c2abf7ce4053,,False
Ext-HeySnips-ca774e23-8ef9-4c62-87b7-76e54ea72403,,False
Ext-HeySnips-ca85cfec-a4f7-41c7-a1d7-7fca8a65c048,,False
Ext-HeySnips-ca92fb91-e514-4717-8ec5-b873a86fe6c9,,False
Ext-HeySnips-caa1700d-e6f6-45b9-afc3-be990588d2f5,,False
Ext-HeySnips-caaaaf1b-ba9e-4baf-8ddc-334f544bd7ce,,False
Ext-HeySnips-cac404e7-4834-4918-8e59-c702535e1e67,,False
Ext-HeySnips-cae857ec-0fe0-4ea6-9fff-fd24981107ed,,False
Ext-HeySnips-caf0a903-a3e4-4787-8e68-dc5f1770f0ff,,False
Ext-HeySnips-cb02750d-3121-4b1e-917e-1f6ea4696782,,False
Ext-HeySnips-cb0f5ae4-13a2-482a-ab58-04172bf9030b,,False
Ext-HeySnips-cb0f9e74-39d7-485c-8bab-a4e9e6e5bda6,,False
Ext-HeySnips-cb3a138b-6bda-4e95-88f4-dad032887fd7,,False
Ext-HeySnips-cb3d5703-cc84-4ad9-82b1-c48c03d16a33,,False
Ext-HeySnips-cb5594a8-e005-4c2b-b128-4a088b535933,,False
Ext-HeySnips-cb564980-1506-4d21-8829-1ac89f716296,,False
Ext-HeySnips-cb780943-a062-4d6c-a888-0c05ad6c5ff4,,False
Ext-HeySnips-cb7b6331-2831-4094-89c8-15c535ccbc33,,False
Ext-HeySnips-cb84e684-2cc3-4ebe-bfd6-91debb577452,,False
Ext-HeySnips-cba0a8ae-7035-48a6-a9b9-b59cb7e95b02,,False
Ext-HeySnips-cbd3d741-0e09-41e8-8841-6788dd3c3701,,False
Ext-HeySnips-cc0566db-faa1-4a29-b9c9-ac6da3803b3f,,False
Ext-HeySnips-cc156109-74af-4c07-829e-5edcc2ae14a0,,False
Ext-HeySnips-cc2b4332-76b9-49da-8689-4ba76a068a94,,False
Ext-HeySnips-cc3e645c-3453-4752-beac-6b17393e29f6,,False
Ext-HeySnips-cc47b99f-4af8-492f-a4d7-f841ce9fdba1,,False
Ext-HeySnips-cc60023d-c753-4250-88f8-813d3fa80a2b,,False
Ext-HeySnips-cc8dac42-46e3-4071-873d-dfebca94f516,,False
Ext-HeySnips-cc8ee3f8-9280-40d8-90b4-3ad3d5831862,,False
Ext-HeySnips-cc92b4e0-e442-455d-a545-075c804897b0,,False
Ext-HeySnips-cc98e1cd-9b32-46a9-9b26-3cb01afc8ca9,,False
Ext-HeySnips-cca1041e-d3cc-4910-b494-1a051bd7e619,,False
Ext-HeySnips-ccbc7754-7e7b-4044-b2bd-d5d0133007dc,,False
Ext-HeySnips-cce26531-de39-4649-a5c7-b356880c5602,,False
Ext-HeySnips-cce3e7db-ff0b-4645-84fd-1eb1dfa6fe32,,False
Ext-HeySnips-cce48738-4cd0-44e5-b857-935559c2be0f,,False
Ext-HeySnips-cd054d52-aee7-471b-aa71-0b85fc828aad,,False
Ext-HeySnips-cd1c1ba0-d69a-489f-861d-a242a2d77340,,False
Ext-HeySnips-cd224a95-8643-4c62-acd0-e7f02b4b43a8,,False
Ext-HeySnips-cd66bd86-6745-4aa7-8244-e13fb5160ccd,,False
Ext-HeySnips-cd7a959f-dabe-4715-a98a-d5af039577d8,,False
Ext-HeySnips-cd8d6a88-d562-4e3e-8083-9f14f277ae67,,False
Ext-HeySnips-cdb0e62b-594f-42f7-9b1d-16cde977e276,,False
Ext-HeySnips-cdb423ce-4904-4b69-a5ac-713b277a1abc,,False
Ext-HeySnips-cdb821f5-d60a-4749-ad88-2baee34bc10f,,False
Ext-HeySnips-cdbcf5d9-b70f-4734-ba2c-91c691f9f3b2,,False
Ext-HeySnips-ce029b58-459d-45fd-b7ed-0694d5b42b83,,False
Ext-HeySnips-ce26dbff-d04b-4c8d-8036-2c71ed7d84d7,,False
Ext-HeySnips-ce38c109-ba93-4d82-9eb8-c27b869ac4b6,,False
Ext-HeySnips-ce4451b9-55d3-43da-ae70-51fa0639af3c,,False
Ext-HeySnips-ce4eaec1-3685-439b-84e1-ea44b8709622,,False
Ext-HeySnips-ce56c349-dcbf-4f6d-b222-8f3cf033d67b,,False
Ext-HeySnips-ce594fe1-3a42-4c12-8b25-7cc5c2b6edbf,,False
Ext-HeySnips-ce631467-199f-4d96-91ba-b261edc2f6ff,,False
Ext-HeySnips-ce7e4908-a115-4823-8b0b-3a64739149d9,,False
Ext-HeySnips-ce9a4643-a2f8-4389-ac1b-2f88e3fb5692,,False
Ext-HeySnips-ceab8695-bf64-4e7a-b1ed-f2d2b5b6c447,,False
Ext-HeySnips-ced295b7-c504-408c-a4dd-f25b108b2497,,False
Ext-HeySnips-cef2dd62-b08f-4a4d-ac95-5f13ffb3c9c1,,False
Ext-HeySnips-cf19b781-8f8e-416d-941a-0f90013b66a8,,False
Ext-HeySnips-cf352eef-7b62-49f1-8944-3629efe56111,,False
Ext-HeySnips-cf3e96b5-e02b-49bd-83f4-4fb23f90ce5f,,False
Ext-HeySnips-cf5fad8a-9a17-4b46-89ca-124bf75fab54,,False
Ext-HeySnips-cfb07825-be03-4614-bf49-7c320d08fce3,,False
Ext-HeySnips-cfd7c398-417b-49d5-97c8-a86cd51644c2,,False
Ext-HeySnips-cfde92d0-0897-4ea0-b93b-57fc6c7b9588,,False
Ext-HeySnips-cfed1c7a-d665-4625-b873-62ce83e73fcc,,False
Ext-HeySnips-cff4677b-f18e-420e-ab71-098e4ddbd922,,False
Ext-HeySnips-cffc3ec2-fead-4d05-bd59-d03d5efb4c86,,False
Ext-HeySnips-d003a762-1e9c-4365-84f5-2a19f046eb0c,,False
Ext-HeySnips-d015948b-ce7b-43f3-a982-6002a384135b,,False
Ext-HeySnips-d029758a-de17-46ec-9a8a-f64e0c8fa8f0,,False
Ext-HeySnips-d030788a-d4ae-48ca-9991-d7df627376d1,,False
Ext-HeySnips-d04a7fe5-ceb3-45ce-b766-8c9f82edf17d,,False
Ext-HeySnips-d04c7aa0-d838-4f05-b637-0654d9d67ae7,,False
Ext-HeySnips-d04d44c9-3d31-4b9a-afa5-b8105ad47fe1,,False
Ext-HeySnips-d06ad5d4-3e5d-4d5c-a639-7fa0fcdd820c,,False
Ext-HeySnips-d06ef0e8-a1c5-4c26-a7ec-3490d2ca6ac5,,False
Ext-HeySnips-d0a8184a-47a2-479b-98a3-0617f9eb6435,,False
Ext-HeySnips-d0b7c74f-2f4b-49d8-9965-035cdb403c05,,False
Ext-HeySnips-d0c9f893-0a66-46c1-b0c4-f09b423a1bc2,,False
Ext-HeySnips-d0d19aa4-f7ae-4eeb-b990-8e4635c51f52,,False
Ext-HeySnips-d13754e7-1f93-4900-88d0-d34c59477dbc,,False
Ext-HeySnips-d144ec48-a09f-45c6-b8b0-95fe082fc3b1,,False
Ext-HeySnips-d149797a-825a-4eb2-a3a3-c6cae9971c13,,False
Ext-HeySnips-d1596015-392b-4181-b945-d640306cb638,,False
Ext-HeySnips-d16c146c-0c3d-42ec-bfe1-bc7630458daa,,False
Ext-HeySnips-d16d8f51-b1fb-46d1-9367-809836fb6b1a,,False
Ext-HeySnips-d180d146-a395-4524-886f-1bd2e8ca37d8,,False
Ext-HeySnips-d18175b6-e991-4dcd-804e-f570f57252fe,,False
Ext-HeySnips-d18b5b1d-c6ae-4556-a436-371e53719db6,,False
Ext-HeySnips-d1a039e1-a3af-432e-8aa7-ba229d603694,,False
Ext-HeySnips-d1e036b0-a015-4b49-ab2c-bc1e8a01cc06,,False
Ext-HeySnips-d1e2fa4e-9655-49eb-8337-cde0076cea82,,False
Ext-HeySnips-d1f38d16-5960-43d5-96c5-a41b07ba7961,,False
Ext-HeySnips-d26ac532-6fad-4c68-8806-800529090a0b,,False
Ext-HeySnips-d2739f73-1e29-40aa-948c-65a67dc3bf7a,,False
Ext-HeySnips-d28359f8-0a09-42e1-9017-c1020a56de23,,False
Ext-HeySnips-d2869f20-cf2e-4126-ade0-ad6e67ba7519,,False
Ext-HeySnips-d2916b40-877d-4ede-b54f-28a15e5ec37d,,False
Ext-HeySnips-d29c0ce6-83c3-4ebe-915b-ca3873e34f10,,False
Ext-HeySnips-d2cac240-6495-4836-b23d-c4051f159227,,False
Ext-HeySnips-d2dc5234-64d3-42d2-802f-67b74f006a22,,False
Ext-HeySnips-d2e34001-ac84-4a7c-b004-f42a540d3120,,False
Ext-HeySnips-d2f71f67-b72a-476e-a720-99f6f259e133,,False
Ext-HeySnips-d31467c5-4bc9-4ce5-8097-6e3867fd9393,,False
Ext-HeySnips-d33246f9-91f5-4b86-bbbc-458a6bb8c4e3,,False
Ext-HeySnips-d35a196d-a59e-4b4d-b962-67fe9dad20df,,False
Ext-HeySnips-d36e3664-cf22-409e-ae7c-c31dc2a1be98,,False
Ext-HeySnips-d385b7b5-08e3-4c92-8e5a-ccbb6f5c8b6a,,False
Ext-HeySnips-d38a8363-b951-44b5-a4a2-dbb8a2719fcf,,False
Ext-HeySnips-d393009c-141f-4bf3-8247-21fc112968a3,,False
Ext-HeySnips-d3ab6138-337f-4403-9365-a4f231929a3b,,False
Ext-HeySnips-d3d2b3ad-0500-4e91-8833-0a988e991a70,,False
Ext-HeySnips-d4079f9a-5b9d-4af5-bbc8-14f4fb2ba0f9,,False
Ext-HeySnips-d40c06cf-77ad-4e31-a4c7-d574c00ee416,,False
Ext-HeySnips-d444c67a-0b1a-47c8-8fc7-01498c07a5ee,,False
Ext-HeySnips-d459844b-5873-43f3-954f-24b8e8ab553d,,False
Ext-HeySnips-d45f87d9-fc59-4ff8-b979-7c09cffe9083,,False
Ext-HeySnips-d47324f9-458c-4d09-aa23-1624fc34e698,,False
Ext-HeySnips-d48385aa-1862-476c-974c-caceb6a4bd5e,,False
Ext-HeySnips-d4942afe-dbc3-4c5f-9050-35fb18184800,,False
Ext-HeySnips-d4e10c3e-fe62-4a3f-b498-2ced03ace8c9,,False
Ext-HeySnips-d4e516be-f1dd-4414-bae8-778fec992f90,,False
Ext-HeySnips-d4e8704b-d1a2-465b-980b-b04af82e9895,,False
Ext-HeySnips-d50daeab-04ca-40ac-9338-b5362cf4de87,,False
Ext-HeySnips-d50efac1-95a2-4462-a314-d95c35d45680,,False
Ext-HeySnips-d50fa838-e0be-4bee-92b9-7989a3ae8c42,,False
Ext-HeySnips-d51f4fcf-2f55-4419-84dd-db159114fda4,,False
Ext-HeySnips-d53f9b53-87e2-4bd9-a683-ecf4a0d2f184,,False
Ext-HeySnips-d55db569-c16d-4a74-9650-24943b18dd67,,False
Ext-HeySnips-d56acafb-2e21-495e-9879-24d5833047f1,,False
Ext-HeySnips-d5720464-9476-466a-b369-a2eed18c958a,,False
Ext-HeySnips-d5748c51-afb9-40a7-a736-c6a7b469202c,,False
Ext-HeySnips-d5840f1a-9d36-43a7-8e1c-b3a1c13d4203,,False
Ext-HeySnips-d5c6a359-34da-4649-af40-1d2455386f26,,False
Ext-HeySnips-d5d026e5-6281-4b50-9b82-5646e8b9fae5,,False
Ext-HeySnips-d5d68ea8-183d-4f97-aa46-1a5502f5af9d,,False
Ext-HeySnips-d601be59-0807-41c6-b8a5-d0468d5bf5fc,,False
Ext-HeySnips-d63fcc0c-0f75-4399-8831-6b563d1a0eee,,False
Ext-HeySnips-d65b322f-e282-4f47-9ceb-f09529073879,,False
Ext-HeySnips-d65e8d11-5f05-4d7f-bb84-b711a0879a3b,,False
Ext-HeySnips-d6c2da52-918c-44cd-a0f0-78d9ffd30699,,False
Ext-HeySnips-d6d0c009-0c02-490a-976f-463e574d5104,,False
Ext-HeySnips-d6d4504d-8e18-41ae-ac10-37b5346fd141,,False
Ext-HeySnips-d6d78ea0-628d-4608-90bc-4c02ab2f0d75,,False
Ext-HeySnips-d6e4236e-9451-47d0-bf6c-329a4735e240,,False
Ext-HeySnips-d6eeec6d-14c1-40c2-921b-c97a5198c7e0,,False
Ext-HeySnips-d6fa60d8-5fba-4621-8917-fcf54cd82a99,,False
Ext-HeySnips-d7058df5-84ee-40c5-b1f8-60735266fda3,,False
Ext-HeySnips-d730fb2d-503f-47b9-8aa9-dc12867322dc,,False
Ext-HeySnips-d748a456-e0da-49c1-ac66-c5a0ecb06287,,False
Ext-HeySnips-d75a4e1e-c360-4d00-89b1-b7ca3e1839ce,,False
Ext-HeySnips-d7642c46-7933-4488-b3de-794f7022e887,,False
Ext-HeySnips-d76656c3-163a-43c4-8564-abcf92fe1e69,,False
Ext-HeySnips-d78360ab-65ac-41ea-9a11-2193f264205f,,False
Ext-HeySnips-d78da531-e422-4b50-b862-101d430828c5,,False
Ext-HeySnips-d795aba0-ead2-4bf1-a3de-d4bfba660780,,False
Ext-HeySnips-d796b4f3-69d1-4d5d-8597-98fe5529f842,,False
Ext-HeySnips-d7a91829-9c93-4308-a2de-2663968456dd,,False
Ext-HeySnips-d7b55578-3f0e-47b5-b4ab-28bea4c100de,,False
Ext-HeySnips-d7c79436-7491-4fb4-b474-0a7fb87d2a18,,False
Ext-HeySnips-d7ddfa16-8ef6-47f5-8380-468af489dccc,,False
Ext-HeySnips-d80179fc-a85f-447e-bc8c-dd07186f938b,,False
Ext-HeySnips-d80f5591-b50c-4a63-94e0-4576f740efa2,,False
Ext-HeySnips-d8275870-aaa7-4a6f-80ea-a2f1969b0bb5,,False
Ext-HeySnips-d831c491-5741-4c8e-808e-e10da75ac046,,False
Ext-HeySnips-d836cc15-1dac-4f95-921b-211236fa1a04,,False
Ext-HeySnips-d8456738-3234-4f24-9d05-7e6806eb66f6,,False
Ext-HeySnips-d85c6865-5fc0-4572-90e9-2f3b4b4593e1,,False
Ext-HeySnips-d8680a25-093a-4ad1-86aa-6ccb08ec36e5,,False
Ext-HeySnips-d86bdb20-eeaa-4989-a010-9962b65ab956,,False
Ext-HeySnips-d86f062f-e055-4cda-944d-73017fae1d54,,False
Ext-HeySnips-d8779b93-9ffb-4730-9d3f-9c90ab90ffec,,False
Ext-HeySnips-d8bf2439-ef41-4d07-98f9-617b9f1d2244,,False
Ext-HeySnips-d8db8a42-8c76-4a9f-8782-f48f94e35281,,False
Ext-HeySnips-d8dfc603-7486-458b-a05e-35f5ca6b1d1e,,False
Ext-HeySnips-d8e8bb2a-5720-4b48-92ca-e72e69e2752c,,False
Ext-HeySnips-d8f2578a-63ed-4ad8-9dcd-8b27a1c07e88,,False
Ext-HeySnips-d8f4c870-0c30-4e4c-b689-acf7caf55387,,False
Ext-HeySnips-d8fe71a6-9277-49b2-be83-d0d7e85f326b,,False
Ext-HeySnips-d911dcdf-cd36-4669-be7d-514fc2fd1cf7,,False
Ext-HeySnips-d9265c40-0f16-4465-83cb-3e5916f43300,,False
Ext-HeySnips-d9304db5-7d46-4e98-937a-d8f0b443bc37,,False
Ext-HeySnips-d93a592f-10ec-4d12-810d-7ccaa17cdfcc,,False
Ext-HeySnips-d93b149f-2e33-4178-82c9-85ea05e4aa58,,False
Ext-HeySnips-d94adcf1-4f70-47c3-8d58-37cf2af020ee,,False
Ext-HeySnips-d950b6a2-3ac8-4712-adb7-68033b064556,,False
Ext-HeySnips-d96135cc-9846-4739-8848-be3ce17318b5,,False
Ext-HeySnips-d96f82ad-b8a7-4579-8d69-7115654c0847,,False
Ext-HeySnips-d9791667-d073-4850-983c-333eab206c50,,False
Ext-HeySnips-d98766b3-70c3-4b04-ad8d-c772cadadb34,,False
Ext-HeySnips-d99ea788-cb0d-494a-9719-ee7302cfc6dd,,False
Ext-HeySnips-d9a59d03-4f3a-46b4-9ebd-9135d63bb43d,,False
Ext-HeySnips-d9a5a705-750a-4ae2-8a72-951a4215a497,,False
Ext-HeySnips-d9cd6974-6339-4bbd-83e7-ea5c53424c01,,False
Ext-HeySnips-d9cd9370-e2d8-40fb-b380-30e7fab0d00a,,False
Ext-HeySnips-d9d75957-4613-4eb5-bd28-1b819e88625c,,False
Ext-HeySnips-d9f6c33c-00bf-4c51-92f4-889ccd54d2a8,,False
Ext-HeySnips-da0d915b-0a41-41a4-9f46-b9cff318f207,,False
Ext-HeySnips-da202cb2-e50b-4bb6-ab4b-055ecdcb50e7,,False
Ext-HeySnips-da2e2028-513a-44c1-abdc-a6817209dbcf,,False
Ext-HeySnips-da553a5f-a848-432a-82f7-353e6ee2a34c,,False
Ext-HeySnips-da5b12ce-4289-47f6-a608-71fc7a9f6c0e,,False
Ext-HeySnips-da677234-1ce1-484d-b0dc-5aeceb3a329a,,False
Ext-HeySnips-da7ec476-e197-41a0-86eb-8eca920e7795,,False
Ext-HeySnips-da81a731-56e6-49b6-8b57-b87d2f49951d,,False
Ext-HeySnips-daa09b0d-951d-43f7-8298-7624eeb40a78,,False
Ext-HeySnips-daa4ea72-baf0-4d03-9b2e-326bc3ae0b38,,False
Ext-HeySnips-dac7a0e7-967e-4323-bf40-2090f8d23ad7,,False
Ext-HeySnips-dad5e129-e5d6-42c9-ad32-3ea6c432202e,,False
Ext-HeySnips-db05ae4f-1cb8-4dd8-b9c6-dfe48982f3e5,,False
Ext-HeySnips-db10e073-f45e-439b-94c0-f8ec9764ce55,,False
Ext-HeySnips-db4fb0f9-a933-4ecb-9dc1-e4411120b81c,,False
Ext-HeySnips-db55a127-0e3a-472b-b2ca-3a45f662c8a9,,False
Ext-HeySnips-db6066e8-cbaa-4179-8fa0-950eadf6b610,,False
Ext-HeySnips-db7ad131-1f02-48f0-80d2-832fafec5dd2,,False
Ext-HeySnips-db803d2c-2413-4d84-9934-c7f776e20023,,False
Ext-HeySnips-db8655b6-8dbb-4fbb-b1c4-6e5299d67d70,,False
Ext-HeySnips-db924da3-cb72-4783-bdbf-d8232297e62d,,False
Ext-HeySnips-dbe6934d-9d1f-4dac-8b67-2bba21435fa7,,False
Ext-HeySnips-dbeee083-0681-435c-8e2b-3181679e4116,,False
Ext-HeySnips-dbf04339-16c3-4a95-a9dd-ac61bb2fb2da,,False
Ext-HeySnips-dbfce1dd-862d-4034-ba3e-8ac12357c5b0,,False
Ext-HeySnips-dc09cea9-4d3b-4cd6-a1f9-28149b856f66,,False
Ext-HeySnips-dc0a88b1-eae6-4e0b-b5e9-1963979bbd04,,False
Ext-HeySnips-dc286fa9-c8f5-44fd-bf8e-4e2e90004310,,False
Ext-HeySnips-dc6689dd-9930-4fc7-8e61-57ff8fca401f,,False
Ext-HeySnips-dc9626d5-631f-460e-8a42-ed7045195a6d,,False
Ext-HeySnips-dc9ff7a1-55d4-49cd-8296-9f059e43156b,,False
Ext-HeySnips-dcc02166-4db5-46b1-9114-74db9297c3fc,,False
Ext-HeySnips-dccad770-6ba2-4080-8cb5-a8dfae1b1721,,False
Ext-HeySnips-dcd43e3e-d766-48c3-9255-d7a0221becf2,,False
Ext-HeySnips-dcd8a90e-78f2-40cd-97c0-c2188a62200c,,False
Ext-HeySnips-dcda0299-af00-4864-b265-3f527356fe8a,,False
Ext-HeySnips-dce3159f-2d0f-4cfe-a0c4-8b7d95467901,,False
Ext-HeySnips-dd02e4e7-09f4-48dc-aa39-dcc350b9abc7,,False
Ext-HeySnips-dd102c82-783b-47fb-8238-0af5a8b1a6fa,,False
Ext-HeySnips-dd155200-3ba9-4804-b4ff-f4079bac32fb,,False
Ext-HeySnips-dd5a1176-e331-4bf8-a1e0-45f269cd9c78,,False
Ext-HeySnips-dd7205d6-6fd4-435e-a28b-ad73d5d8d317,,False
Ext-HeySnips-dd81f3b4-2215-4d3b-9497-e1b3eebf4636,,False
Ext-HeySnips-ddb9a697-a64d-4f24-88cb-4a9fab45bbc4,,False
Ext-HeySnips-dde5470d-3b6f-4c5b-8a02-d3d2cfc48e92,,False
Ext-HeySnips-de33432c-b49a-4766-8033-16cc24040729,,False
Ext-HeySnips-de5ad362-d5f1-4ffe-a7bb-dea4bc836a0a,,False
Ext-HeySnips-de86092b-cc21-4989-8375-99891ccbb7d1,,False
Ext-HeySnips-de861560-dea5-4939-ad11-6da024d2a700,,False
Ext-HeySnips-de9047e9-1d3d-4e36-b447-fa3a0119d3ad,,False
Ext-HeySnips-de9fcb6c-6377-4e91-943e-775171718f0b,,False
Ext-HeySnips-deb0d62a-5ffd-45c5-90b0-c21d2a672270,,False
Ext-HeySnips-deb7d1f0-8459-489e-906f-5f0b66b51203,,False
Ext-HeySnips-debca824-339a-4877-a133-8b880515e007,,False
Ext-HeySnips-debcfeb5-93c1-48fa-944f-ea8a056bb2f1,,False
Ext-HeySnips-df287886-ed04-4fd4-ad83-207f61402f64,,False
Ext-HeySnips-df2f18b0-618f-4e79-953a-abea278be90a,,False
Ext-HeySnips-df3aabd8-1a65-4212-a059-347983853c6f,,False
Ext-HeySnips-df8851f2-c322-4869-9aa6-3f80f2df3bff,,False
Ext-HeySnips-dfa4c33d-5e8b-4383-84e8-bea2557df346,,False
Ext-HeySnips-dfbd8857-3ca2-4453-b65f-f1ee2dae3bab,,False
Ext-HeySnips-dfd002e6-84e5-4d9c-920a-4993aee99126,,False
Ext-HeySnips-dfeb4284-d386-418a-b36d-7504292d872c,,False
Ext-HeySnips-dfed3b7d-8fde-4bb5-aed5-f124530bc33f,,False
Ext-HeySnips-dff5431b-f0b1-4aec-bdba-595f83818d7e,,False
Ext-HeySnips-e0041d6b-c7ed-4ac8-b64c-a23ca20847e5,,False
Ext-HeySnips-e01fdc5d-cdea-4a12-a268-e6e8d0ed7326,,False
Ext-HeySnips-e0594eb3-2595-4bf8-9d88-d7f39315aece,,False
Ext-HeySnips-e06af3b6-192a-43be-8102-1db9ea0d803d,,False
Ext-HeySnips-e075fc58-58c7-4016-8b07-eb3babcbfc89,,False
Ext-HeySnips-e0912489-0cff-4e11-8bbe-4a30c15b1e08,,False
Ext-HeySnips-e09abc60-3984-478e-bdd7-756dd1958e12,,False
Ext-HeySnips-e0bb517b-dcfe-40d5-ad46-5578c6e09d7b,,False
Ext-HeySnips-e0c5d7a9-10fa-4cb0-a4da-6d06e335a0c5,,False
Ext-HeySnips-e0ccd707-6fba-4f34-b69d-43c465bdbaaa,,False
Ext-HeySnips-e0e9e65c-e3e6-457d-9724-0aabc6a1e563,,False
Ext-HeySnips-e1000344-874e-49e6-8456-0a0945ec9603,,False
Ext-HeySnips-e159267d-067d-4865-95c7-1fa95b93d8a3,,False
Ext-HeySnips-e160482a-9ff2-41ab-b45a-0d8bc628c735,,False
Ext-HeySnips-e17ee749-4e29-4268-acc7-abc3e95858b9,,False
Ext-HeySnips-e1a3da8e-ca05-4b65-a8ff-0b805d4a7faf,,False
Ext-HeySnips-e1b24fed-0b30-4ff4-9d94-f8c786b2ef60,,False
Ext-HeySnips-e1b39116-d6e2-4376-ad57-8df9a91f41c7,,False
Ext-HeySnips-e1b7316c-e289-4b91-a1d6-95f78df05fbe,,False
Ext-HeySnips-e1c95685-afc7-414a-9009-cfe82e7d5337,,False
Ext-HeySnips-e1cd5309-340c-453f-9d32-526334bff30c,,False
Ext-HeySnips-e1da9d4e-4ba9-41a0-bcff-592518dd2a51,,False
Ext-HeySnips-e1ed6cd3-8892-4f6f-a3cf-4900a50c40d8,,False
Ext-HeySnips-e2101f05-6561-4c08-a3a3-2b73745758c1,,False
Ext-HeySnips-e21ebe84-0fe4-4bd6-8e51-6e38a738dc80,,False
Ext-HeySnips-e2364134-23cf-40a1-8a86-5899372cb567,,False
Ext-HeySnips-e266fa6a-b3f8-4474-b2cc-b522ffc9ec47,,False
Ext-HeySnips-e2a75385-0d8e-4570-b592-677e1af967d1,,False
Ext-HeySnips-e2afb9ef-7a0a-4f84-bc29-e9086c35a6fe,,False
Ext-HeySnips-e2b0b74d-6a8e-462e-ba69-7bd90554763f,,False
Ext-HeySnips-e2ba48aa-4c04-4a84-aa38-10da45589775,,False
Ext-HeySnips-e2bbcba4-71e0-4fdf-948d-61c53711d6e2,,False
Ext-HeySnips-e2ddd48c-ba9f-4268-91c9-c0f1ea996058,,False
Ext-HeySnips-e2f8f6d5-891d-48cf-99de-135b41d6b2fa,,False
Ext-HeySnips-e3251c3a-30f3-4645-a4ab-2293696a2f9d,,False
Ext-HeySnips-e3540a34-6a94-4041-a7bf-d9ef928b58c2,,False
Ext-HeySnips-e35ee125-c496-41c7-a40e-338edc592157,,False
Ext-HeySnips-e374ae20-1018-455d-be11-fd64595ea878,,False
Ext-HeySnips-e37cdc9d-62bd-40ef-9cba-43d66ad3b156,,False
Ext-HeySnips-e384332c-ce56-46b7-890a-42b475ce1e66,,False
Ext-HeySnips-e3b4be24-e333-43c2-b83b-7db72493617b,,False
Ext-HeySnips-e3bc933e-547c-4378-9593-7e71da88882d,,False
Ext-HeySnips-e3c0e809-35b7-433c-97c7-1240a3517478,,False
Ext-HeySnips-e3ce3830-99b7-4cb4-967c-e2884cc4190c,,False
Ext-HeySnips-e3e4d6e5-ff3a-460c-adad-aed9fc4330e5,,False
Ext-HeySnips-e3fa94c3-119b-47c1-b48a-ed0f58d1b7d2,,False
Ext-HeySnips-e40ff129-20f9-4ec7-9f18-015e2a7cc08c,,False
Ext-HeySnips-e421ab48-0f23-4035-a7a2-8469c72f062f,,False
Ext-HeySnips-e424c77b-87af-43c5-b0b2-1b51b88bc84d,,False
Ext-HeySnips-e43925a4-3f69-4bfd-9305-39c992682ee9,,False
Ext-HeySnips-e4437acf-8a63-4e3b-8ad5-1a747a2ed0c4,,False
Ext-HeySnips-e4455082-ebdc-43cb-a3bd-02a044a1ddb7,,False
Ext-HeySnips-e4472df7-eeab-45cb-b6cd-8bdca69531fd,,False
Ext-HeySnips-e460cfaf-4faa-40c8-871c-6c904e8053a2,,False
Ext-HeySnips-e48c4a60-de5f-404f-82fd-8ec1c627a2e3,,False
Ext-HeySnips-e49d8941-a61d-46a0-afe5-af0a846e76ad,,False
Ext-HeySnips-e4b6b8e8-aad7-4373-b640-b3f679a4fcf0,,False
Ext-HeySnips-e4c17cd5-7cec-4e2d-8cb5-8a60dde1aa91,,False
Ext-HeySnips-e4ce8ce2-7c5f-4f8f-ba28-7c7f19ab6355,,False
Ext-HeySnips-e4ee6098-7e7f-4ed0-a5d7-fbfcdb1a6459,,False
Ext-HeySnips-e5298bce-6a4a-404d-b733-44c44aa0dd06,,False
Ext-HeySnips-e5409af2-ed78-426c-8e45-dfde3703e6fa,,False
Ext-HeySnips-e567dfc3-2ed6-460b-87cc-7c820a720813,,False
Ext-HeySnips-e5800cf8-0d14-4fa5-9702-32b2c4ce496b,,False
Ext-HeySnips-e58e7693-3da3-4fdd-ba47-e5feb574fd34,,False
Ext-HeySnips-e59ed6b4-d4a9-422e-8ef7-4b207ae13cf6,,False
Ext-HeySnips-e5c1d94e-729d-474b-8d66-d37b38060c93,,False
Ext-HeySnips-e5c75d27-9f47-47b6-988b-0c718a7005b8,,False
Ext-HeySnips-e5dd0f74-5505-4276-877e-22ed67a2dbbd,,False
Ext-HeySnips-e5e1932b-3748-43b8-8a48-2a085abb6159,,False
Ext-HeySnips-e5e6d815-f9fd-47a4-956d-93c3f50c3e97,,False
Ext-HeySnips-e5fa2704-1dcb-4c85-998c-2e05f4f77b43,,False
Ext-HeySnips-e623175b-d642-4023-8295-c1c383b9d66e,,False
Ext-HeySnips-e64049f5-49a4-4bd7-980e-b2927d11c8fb,,False
Ext-HeySnips-e65a3475-f8ff-4982-9818-e040a4adcdf0,,False
Ext-HeySnips-e66e5983-2560-4b41-accb-6e19b608f78d,,False
Ext-HeySnips-e670d02f-2e20-45c9-8c96-466b72ab2548,,False
Ext-HeySnips-e67b6ade-6030-4c10-9176-e44bcd90d0cd,,False
Ext-HeySnips-e6e84a92-9c88-4fc4-9063-825b53df9986,,False
Ext-HeySnips-e6eafcd2-ee8c-4e7e-b080-9d1a1a3b4399,,False
Ext-HeySnips-e6eeb6ed-f473-4591-baf1-30507cd4fcf2,,False
Ext-HeySnips-e6f31a17-4e0c-48b2-9745-5ec4c35c9dcf,,False
Ext-HeySnips-e718030e-7bfb-4720-b7a7-fb681eeecd4d,,False
Ext-HeySnips-e7336a3c-e4b7-4600-9af8-b95f13a0f6d7,,False
Ext-HeySnips-e74f61eb-2b8f-4cfb-83e2-e24d32cb526f,,False
Ext-HeySnips-e759014e-7ace-40a1-8251-6536b8b11c19,,False
Ext-HeySnips-e777e58f-df09-4e74-8913-452f096f49cb,,False
Ext-HeySnips-e7947bff-a52d-45fa-8b6a-7a55adcd3d72,,False
Ext-HeySnips-e79cd9d8-ef77-4499-8d07-12e3b5cb7a18,,False
Ext-HeySnips-e7d4061f-eb38-4023-8741-2efdaeb5076d,,False
Ext-HeySnips-e7d6e5ca-c8bc-4ed2-bf28-cf8e17b54364,,False
Ext-HeySnips-e7fc08e1-a807-4e00-939b-5c3d7a7b9e87,,False
Ext-HeySnips-e828c031-bfcc-4327-a10a-1bc9af64e0d0,,False
Ext-HeySnips-e83f13b2-5a56-4498-99b8-5a4e94a5b426,,False
Ext-HeySnips-e8439c95-c6c3-4168-bcce-c1ac5bd21f0e,,False
Ext-HeySnips-e84f6354-8866-449e-9b20-ee0f7ac26029,,False
Ext-HeySnips-e85a5f37-0dc9-48e5-bcbf-435f0604b9cf,,False
Ext-HeySnips-e893300d-e2c8-4b19-97a2-e727a0fb1d70,,False
Ext-HeySnips-e89da280-bf54-42cf-b6f4-98c7f6a948f4,,False
Ext-HeySnips-e8aec5ec-636b-4602-afa5-ecdd3fde5456,,False
Ext-HeySnips-e8e270bd-4679-4a4c-874b-fe3aea94bebe,,False
Ext-HeySnips-e902429f-3768-4634-a75d-495a68513e72,,False
Ext-HeySnips-e919f526-dd7f-4afe-82f7-4dc94bc20408,,False
Ext-HeySnips-e935cfb9-1350-4b5b-b450-9824b69d62f1,,False
Ext-HeySnips-e94b070b-d02d-44e2-adde-8e09f5c5358f,,False
Ext-HeySnips-e97f0740-0032-472c-b163-824826972439,,False
Ext-HeySnips-e99b97b4-db24-4bf0-8367-a01ff1a9e353,,False
Ext-HeySnips-e9ad84f0-75d5-4d65-8cff-f26aa29d2635,,False
Ext-HeySnips-e9aec2df-d531-4fed-9089-e0ad11409c9c,,False
Ext-HeySnips-e9c435c9-a65e-4671-97f2-a6604e6599e1,,False
Ext-HeySnips-e9d3ebb2-d29c-4fce-9025-916323765cbe,,False
Ext-HeySnips-e9d9fc1f-cada-40d7-aa4d-120a4a59b585,,False
Ext-HeySnips-e9dfc1f9-726b-4199-aee1-7ae57cd5e587,,False
Ext-HeySnips-e9e6f975-6303-4ab1-b9ac-51f72de81392,,False
Ext-HeySnips-e9f659fd-2dfe-4cb4-bfa4-3174d3a98969,,False
Ext-HeySnips-e9fe1f9f-3e37-451c-9493-4d834f58c5ff,,False
Ext-HeySnips-ea05fb6b-1e44-4081-baec-1cc57493b626,,False
Ext-HeySnips-ea09866c-f7ba-4736-87ed-60d6346124d9,,False
Ext-HeySnips-ea0bb2c6-fbc4-4308-8a29-0eb21ed85367,,False
Ext-HeySnips-ea2aadd0-491b-49f4-9677-4882e7bd38ef,,False
Ext-HeySnips-ea413678-50e8-45f8-b4c2-280431d27b23,,False
Ext-HeySnips-ea5407f3-af9d-42d7-9b53-2cc8246d4f6c,,False
Ext-HeySnips-ea665111-86f8-4608-b2b6-ff7bd0baff30,,False
Ext-HeySnips-ea8839f3-3c2a-49cb-b99b-96a0dad68051,,False
Ext-HeySnips-ea92706c-ded0-43dc-ba50-c07df7daafe9,,False
Ext-HeySnips-ea956d58-a2b0-4d36-ae85-2c9c49de22f2,,False
Ext-HeySnips-eacb0a38-3a64-4863-a3d0-01030ecda231,,False
Ext-HeySnips-ead046a7-c0e8-4968-8b45-c8a02b6ff433,,False
Ext-HeySnips-eadc947f-c2b4-4e33-b0af-b369d3aecac5,,False
Ext-HeySnips-eae13728-23d8-406b-b2d5-468689fca446,,False
Ext-HeySnips-eae4bb60-2cff-4207-8a62-7c38c2e20b36,,False
Ext-HeySnips-eaea1bae-97ac-4b89-abda-057a5d1dab32,,False
Ext-HeySnips-eaf1818c-764b-44a6-9ee4-8de3a02bfa66,,False
Ext-HeySnips-eb09bebe-91e2-4722-988a-3166c8b313c0,,False
Ext-HeySnips-eb11b9f1-5b19-4b01-9939-fbe1e9450044,,False
Ext-HeySnips-eb40e2a4-5156-409c-b0f5-f0b4452198d3,,False
Ext-HeySnips-eb47a10e-9aa8-453b-a100-cb0c8996eaf5,,False
Ext-HeySnips-eb4f42ef-a698-4584-a3c3-61123d184abc,,False
Ext-HeySnips-eb62b49c-22f3-4d2d-b5f7-2344f5bbe21e,,False
Ext-HeySnips-eb9cc2c5-b8b2-44dd-b822-3734279264f1,,False
Ext-HeySnips-ebb09c50-1de0-4b57-806c-4c8ce4404262,,False
Ext-HeySnips-ebb45805-d19a-46d4-a51d-8a1bcaf23286,,False
Ext-HeySnips-ebc18357-b048-4e38-97a3-8e495d1f4bd7,,False
Ext-HeySnips-ebc48335-e656-4b6c-a15c-e933a8891fcd,,False
Ext-HeySnips-ebcb7818-3476-48e4-b196-e6644f7b8fbc,,False
Ext-HeySnips-ebe7bd0f-c571-4005-a2d6-c45ca781cde6,,False
Ext-HeySnips-ebfa422c-d2e6-437a-8484-6677d4956f0c,,False
Ext-HeySnips-ebfc640b-f7ed-4483-a9f1-e126f2e2b3ec,,False
Ext-HeySnips-ec030411-7ae6-4af6-b427-642042ef076c,,False
Ext-HeySnips-ec15aabc-6254-4921-bb30-703fb8ebfbc7,,False
Ext-HeySnips-ec316602-6f70-4d59-ba50-8808345324cf,,False
Ext-HeySnips-ec4d58c9-3367-42b7-80be-ae17133d8755,,False
Ext-HeySnips-ec4f4b63-4c25-48c8-919c-df67fd77e590,,False
Ext-HeySnips-ec4fcf3f-6438-4e18-a14d-7dab885c783a,,False
Ext-HeySnips-ec9e3461-43bf-4987-b377-94a95f72f87d,,False
Ext-HeySnips-eca17b5e-2e04-4972-b3ed-ba889431deeb,,False
Ext-HeySnips-eca24675-2459-4719-92a2-333e265f3c85,,False
Ext-HeySnips-eca3afbe-6ebb-4b48-878c-4fcdf30483c6,,False
Ext-HeySnips-ecb26d7c-7482-491d-9086-848cd8985afb,,False
Ext-HeySnips-ecb66e86-02d6-48e9-ad54-d969bb66b420,,False
Ext-HeySnips-ecbfa800-5b03-4193-8929-ad4744cf2f22,,False
Ext-HeySnips-ecfafc52-56ba-4332-8d95-5184480dfecc,,False
Ext-HeySnips-ed0ccca9-4eea-4557-a87e-5f7d3a46aac0,,False
Ext-HeySnips-ed0dac0a-457d-4e6f-a358-190f6b62d096,,False
Ext-HeySnips-ed195e78-b2de-4166-9a41-3cf7e806277b,,False
Ext-HeySnips-ed1ea596-b955-4f61-b3f2-628dd5a4884e,,False
Ext-HeySnips-ed36e545-08b1-48d6-83c1-38ae218a3fe2,,False
Ext-HeySnips-ed3e1c9f-bab3-4f1e-b445-22f63019fa0e,,False
Ext-HeySnips-ed6ad05d-cc16-47e6-a613-3bc42e50b57e,,False
Ext-HeySnips-ed71e33f-8dc5-43da-8df6-b7ddc3e79efb,,False
Ext-HeySnips-ed80296a-131f-4363-8f38-3907d3828602,,False
Ext-HeySnips-ed8c80bd-93d7-4f06-a684-d56cb5587db0,,False
Ext-HeySnips-eda06df9-a45e-4702-bfad-5e5450eb5c11,,False
Ext-HeySnips-eda99bd4-3d8d-4c67-9907-d8f4a128fd85,,False
Ext-HeySnips-edcdff72-1c13-44dc-b8ed-f3745f933d6a,,False
Ext-HeySnips-eddb1c69-bb7b-4e09-b8a6-8dec24637f87,,False
Ext-HeySnips-edf2257a-f1cc-42e5-bc22-db923b190013,,False
Ext-HeySnips-ee259389-a434-4a10-a382-af79b429d1d9,,False
Ext-HeySnips-ee38f044-7766-4bed-9696-27f009a6d843,,False
Ext-HeySnips-ee692650-47ed-4542-afb9-f3d4f669b739,,False
Ext-HeySnips-ee6cde80-d418-45f9-9203-912920cb67ce,,False
Ext-HeySnips-ee849f84-06e7-4a1d-aacf-df095ac7691c,,False
Ext-HeySnips-ee88f2e2-d7de-4b0c-8eef-5f54bcc6713a,,False
Ext-HeySnips-eec7679a-c0a4-4ab4-b430-fa10fb03a990,,False
Ext-HeySnips-eece6d66-e63f-4323-8df3-3482cc92449f,,False
Ext-HeySnips-eeede583-c8a1-4703-89dc-fac93bffd8dc,,False
Ext-HeySnips-eeff2c90-543e-4b81-be71-fc48d22d318a,,False
Ext-HeySnips-ef1d12ff-85ec-4c14-b912-3a382c6d56fe,,False
Ext-HeySnips-ef6a71ad-b42f-4f03-9461-44713cd195b3,,False
Ext-HeySnips-ef7826ba-a7c6-47c9-a89b-eec51a7b8451,,False
Ext-HeySnips-ef8a234e-cb6a-45c9-98bf-43d9bd52e98f,,False
Ext-HeySnips-ef91e603-32d7-4ffb-9ab9-d25965017944,,False
Ext-HeySnips-ef988d63-da90-4ab8-a95f-d34d7db5c10a,,False
Ext-HeySnips-efb0b8c5-7988-4db7-a36d-1509c57ef631,,False
Ext-HeySnips-efed2f4e-b2ed-4d58-9025-61912070d4a3,,False
Ext-HeySnips-f000640d-450c-4136-ad68-28d7fb5c7231,,False
Ext-HeySnips-f0070df5-1fe2-4752-b7f4-857b0a0ab953,,False
Ext-HeySnips-f00e3d7b-6574-4472-9fcd-06ddd8df5fab,,False
Ext-HeySnips-f01a625c-0c3c-4f6a-9580-de95ac2fc8a8,,False
Ext-HeySnips-f0294881-6b8e-416c-9bf9-79dd3d0bfd44,,False
Ext-HeySnips-f049e4f3-ef68-4082-94ad-98ac4a110d77,,False
Ext-HeySnips-f058e2a8-5dad-4522-ae50-f56e324fa78c,,False
Ext-HeySnips-f079d6ef-0259-4752-bd5b-db467df0aaa0,,False
Ext-HeySnips-f08374c5-a977-4175-abe8-3243b269b87d,,False
Ext-HeySnips-f0872b3d-b916-4961-960b-ab499c3fd6a9,,False
Ext-HeySnips-f091d500-67d2-40e4-abaa-1dde0bffe17d,,False
Ext-HeySnips-f09ee556-2417-4828-83c7-2593bdfb09aa,,False
Ext-HeySnips-f0da48e0-1663-4ca6-9b68-f48ef2b86bd3,,False
Ext-HeySnips-f10db0af-6c22-4479-b928-25e58ace0d44,,False
Ext-HeySnips-f113cd0d-22c1-4a30-acc6-6f874490c164,,False
Ext-HeySnips-f1370462-a595-49e9-8769-074bf76e7ec6,,False
Ext-HeySnips-f1558624-d065-4fbd-a162-07b665fd267b,,False
Ext-HeySnips-f157eb63-26b8-4f8f-9e88-e3fa71aca75c,,False
Ext-HeySnips-f17ad86c-b9cc-443a-849b-e9f319668ca6,,False
Ext-HeySnips-f1863e11-2b37-46f9-9957-353b7e8089dd,,False
Ext-HeySnips-f1a807b5-f9e8-4fa9-a81e-0ab957bf1ed2,,False
Ext-HeySnips-f1de2058-e468-42f8-baed-f869a30b5b10,,False
Ext-HeySnips-f2231fbd-e89e-427e-9d66-500307212868,,False
Ext-HeySnips-f2354599-30c4-42bb-a993-2c765c1ecd38,,False
Ext-HeySnips-f27518da-912a-4432-ad03-171123c9d6dc,,False
Ext-HeySnips-f297b2ea-0724-42b5-a18a-cdba075a8f88,,False
Ext-HeySnips-f2a18ce8-bd8f-472a-a68e-f6ada9c6bec0,,False
Ext-HeySnips-f2b28784-032e-4287-9e0e-193ac15eb791,,False
Ext-HeySnips-f2c0ab73-4bf6-411b-af88-3bbcf9e59ff6,,False
Ext-HeySnips-f2d610be-017c-43de-9614-750e9003a772,,False
Ext-HeySnips-f2f3c53f-20c4-47e5-b3d1-3c4ece288108,,False
Ext-HeySnips-f2f55069-1f37-40b0-b57e-fab3307fe3ce,,False
Ext-HeySnips-f3187429-6150-4578-a5ba-d0a594ae0c2a,,False
Ext-HeySnips-f3501ca5-02e1-40ae-8d83-4be5e95f11a8,,False
Ext-HeySnips-f35c888a-3cb4-4e85-845e-c8764bc53836,,False
Ext-HeySnips-f373daff-06c6-4d4e-9d55-b80d2a7a0c0b,,False
Ext-HeySnips-f3889309-6f05-46e6-a960-b3651f496299,,False
Ext-HeySnips-f39f5bbc-26a9-4149-9e3e-ee33e715ac0e,,False
Ext-HeySnips-f3a15c24-00a9-4996-9664-f7e42534033f,,False
Ext-HeySnips-f3d43f28-8277-45b1-83ff-9f6f65c3761b,,False
Ext-HeySnips-f3e59976-cc01-40ab-8846-2416b12834eb,,False
Ext-HeySnips-f3f8d1c7-6d8c-487d-a551-d283c61474c6,,False
Ext-HeySnips-f4201945-05f2-42ac-9403-1521bef64a96,,False
Ext-HeySnips-f43110cd-d457-414c-bed7-280204c74049,,False
Ext-HeySnips-f43488f2-afc0-4c3a-88e2-0f40c90f74aa,,False
Ext-HeySnips-f442e992-bdea-4787-a22b-8aff582d578e,,False
Ext-HeySnips-f44af802-5e17-4706-bac7-648f583600bc,,False
Ext-HeySnips-f45247a3-7201-477c-9fc5-c041cd1fee62,,False
Ext-HeySnips-f4625c63-68b6-49c4-94e6-4ca96b8276bb,,False
Ext-HeySnips-f49308b3-570b-41a2-a1a8-d9514c30dde5,,False
Ext-HeySnips-f498d5ad-21dd-43d6-ac31-4ade538a7587,,False
Ext-HeySnips-f4a61e55-6522-4c4c-81fd-4657c2f0fde0,,False
Ext-HeySnips-f4b2677e-ef76-4481-82a1-c9cff229277a,,False
Ext-HeySnips-f4c03ccb-7456-4d89-8d1a-5d014970e64c,,False
Ext-HeySnips-f4dfcc00-a674-4bb5-8500-753d0de19037,,False
Ext-HeySnips-f4e0590a-7bb8-4344-92b3-405ca3a7e72c,,False
Ext-HeySnips-f4e2f34a-1480-4e16-8cf9-ab9302a07674,,False
Ext-HeySnips-f4fe03b9-9f77-4597-aec1-cbdff55e69c9,,False
Ext-HeySnips-f4ff77d6-63c7-4523-9bc8-e34fcb7e0097,,False
Ext-HeySnips-f51e364a-0631-481b-a277-4e51d9d00666,,False
Ext-HeySnips-f525b3e2-ee22-4384-b41d-f1729db1cc42,,False
Ext-HeySnips-f52b3c15-5a7d-4fb3-93c0-f7f7dc4ea981,,False
Ext-HeySnips-f54d5f9c-6703-4103-b754-e805609ebc6c,,False
Ext-HeySnips-f592cb3b-7f43-42df-86bb-c4af884c4354,,False
Ext-HeySnips-f5a719d0-4194-412b-9ebd-000b29e73560,,False
Ext-HeySnips-f5b9ba1f-1e48-4a06-aaf9-446795274e85,,False
Ext-HeySnips-f5be9d0a-3e3f-4a9b-b916-b460f6aa5e14,,False
Ext-HeySnips-f5cf1454-a2af-4f00-8216-8d80bebe9fe5,,False
Ext-HeySnips-f5d94202-2231-464f-a0af-fe4df30b8ab3,,False
Ext-HeySnips-f5db6726-6097-4f48-a40d-6df471bc724e,,False
Ext-HeySnips-f5e16d4c-2ff2-4fa4-8428-d82c0087ae8c,,False
Ext-HeySnips-f5eafac2-efaf-4ec4-baad-697726bd2408,,False
Ext-HeySnips-f6232104-e41d-4925-a156-45f825fd95df,,False
Ext-HeySnips-f6357a31-f909-42d7-a955-2cb8113afad7,,False
Ext-HeySnips-f63b4263-5580-41f5-9e8e-b76dc1dda7ce,,False
Ext-HeySnips-f63b6938-5c70-48d0-9a01-4169f21e96fb,,False
Ext-HeySnips-f6538f9d-ea1e-4d5e-9847-ee4dd5c004d5,,False
Ext-HeySnips-f662337c-2d69-4cf7-95b6-374476501edb,,False
Ext-HeySnips-f669a06d-4dfc-4af4-b12d-e733b6972f10,,False
Ext-HeySnips-f697dc4e-8d58-4a3a-8046-7daf48d2c95e,,False
Ext-HeySnips-f6b9642c-5b6d-4c29-851d-33f8cb6a958e,,False
Ext-HeySnips-f6fc76b3-7bcc-4644-9d5b-c56706dd26be,,False
Ext-HeySnips-f718aa75-138f-4bb4-8d05-c103913b1ade,,False
Ext-HeySnips-f734e1e9-92a0-4eaf-b7aa-1893de88c927,,False
Ext-HeySnips-f737fc65-3d94-4273-8d84-cf35cba8080e,,False
Ext-HeySnips-f738dba4-4df2-4ea8-8022-8da336a83ac3,,False
Ext-HeySnips-f758cc0f-d1ce-41ba-9d81-9de692a7b9f1,,False
Ext-HeySnips-f7631f45-bf81-47b0-ba74-c51f7ef4fcf6,,False
Ext-HeySnips-f7754b6e-3bc2-4f63-ac34-c17a7f327094,,False
Ext-HeySnips-f7804375-91a9-4600-943b-764545ce9765,,False
Ext-HeySnips-f7a774e7-42a1-4ccd-8fb5-d3140a32f22d,,False
Ext-HeySnips-f7a9337b-dad4-4524-a539-d34015146fcf,,False
Ext-HeySnips-f7c122ff-f07b-4bd2-921b-c4b385b7d14a,,False
Ext-HeySnips-f7ce92d4-587b-43ca-ad97-2304e105a64a,,False
Ext-HeySnips-f808bec0-bd01-4079-9abc-7b4c9bd58815,,False
Ext-HeySnips-f83aab65-e837-42bb-aab6-033abe1d3a66,,False
Ext-HeySnips-f85bba54-d340-4ec7-b10f-0589583d1bf6,,False
Ext-HeySnips-f86196dd-f6b0-4b93-a44e-24291415d353,,False
Ext-HeySnips-f8648f1e-4efb-431e-85af-b163e7a9ff00,,False
Ext-HeySnips-f8a6cda5-436c-42aa-8248-baf495f77604,,False
Ext-HeySnips-f8a84e5d-7452-4e4a-8bc1-245613a9479c,,False
Ext-HeySnips-f8b4e5e7-4a7f-4493-b464-b965d5e425ef,,False
Ext-HeySnips-f8b5b5a0-f0be-4c2a-9351-cc63f00a2ac7,,False
Ext-HeySnips-f8d7115e-4a91-4151-ad8c-17fe5810f238,,False
Ext-HeySnips-f8eb595c-92ce-4df5-b94d-d67abc511bec,,False
Ext-HeySnips-f8fe4ee5-38eb-4b25-b1a9-f8260ae904d2,,False
Ext-HeySnips-f9081108-f53a-4829-bf86-a6c8b9774c49,,False
Ext-HeySnips-f97b33e8-d5bd-4933-a859-63de3de18624,,False
Ext-HeySnips-f984027f-6fae-4af0-99e9-389c8e84a32a,,False
Ext-HeySnips-f9883c0f-84ff-46a7-a0c2-41fe333324ce,,False
Ext-HeySnips-f99a8585-f87f-43e3-a629-33b57638c73f,,False
Ext-HeySnips-f99e5092-a16c-49f9-95b0-d54215108e30,,False
Ext-HeySnips-f9a3ac93-71c3-412b-8d52-cf76bfbb6205,,False
Ext-HeySnips-f9dab7f1-d29f-4e2b-bf33-d66fc61ae4c6,,False
Ext-HeySnips-f9f6534a-0da0-4412-9575-13867d97fd54,,False
Ext-HeySnips-fa05616c-9a6c-4f75-9ae3-72181e5e133b,,False
Ext-HeySnips-fa29d1b7-b140-455d-bf7f-66b749203432,,False
Ext-HeySnips-fa49979e-cc65-4719-bcc3-5b507495e39c,,False
Ext-HeySnips-fa7a6d24-64b4-4b54-bedc-8e16b5c5e8ab,,False
Ext-HeySnips-fa9f46bd-a35b-4039-9276-a2b96002af64,,False
Ext-HeySnips-faa8ebfa-cde1-45ee-acbd-3178c087db91,,False
Ext-HeySnips-fabd58bb-b268-4417-bcb2-698456789f24,,False
Ext-HeySnips-fac634a5-5022-4ec2-9c90-58e0e56136db,,False
Ext-HeySnips-fafceb2a-1962-48ab-b7c1-d14c55cae929,,False
Ext-HeySnips-fb2e1a74-c5d9-4b9a-993e-ccc4dd98a583,,False
Ext-HeySnips-fb4d9162-7aa8-4691-9dc4-a47f349971dd,,False
Ext-HeySnips-fb5af4e1-a46e-4760-9acc-fcc09727549f,,False
Ext-HeySnips-fb5d5482-cc06-4e54-8aed-6041be028fe8,,False
Ext-HeySnips-fb6aec3b-f01d-4a32-aa83-735bc1eaaada,,False
Ext-HeySnips-fb735cca-4d81-44e7-83a9-c71d3768b986,,False
Ext-HeySnips-fb99927c-a7f5-4ed4-a63d-7624812c7c9c,,False
Ext-HeySnips-fbe6d4d2-cae1-4e79-b163-cc166343895b,,False
Ext-HeySnips-fbea3e58-be1b-4e6d-ab53-1bd4497d34c8,,False
Ext-HeySnips-fbebed33-8ef0-4633-a123-848170fcd872,,False
Ext-HeySnips-fc0fff78-6ed3-4efe-9405-1cb76ecdce0e,,False
Ext-HeySnips-fc12fbb1-19ec-49ad-87ce-5b4a4abf7aa3,,False
Ext-HeySnips-fc167272-bcb0-4fe9-a052-d4a70c4d089e,,False
Ext-HeySnips-fc3a179a-843e-4b75-9eaa-6ff8e58202c7,,False
Ext-HeySnips-fc3b8cd8-3a1e-4ef4-b780-a1728785ef3f,,False
Ext-HeySnips-fc6c6f2e-86c4-4776-8495-3e6c2b158613,,False
Ext-HeySnips-fc6d718a-9f6e-46c5-81d6-c97b122dc4a2,,False
Ext-HeySnips-fc7db800-7d1e-4c4c-955b-8845d2e281a2,,False
Ext-HeySnips-fc831275-c561-4b6c-a261-e5dc3b0532d2,,False
Ext-HeySnips-fcad1173-8043-4326-904e-fe1e6789d013,,False
Ext-HeySnips-fcd271b0-4615-4fd3-87d4-8b69847d6ebf,,False
Ext-HeySnips-fd023478-0a90-4ef9-aaef-93b149873014,,False
Ext-HeySnips-fd0478da-f4cf-40fe-ad3a-f46d9ca6158a,,False
Ext-HeySnips-fd0a8852-c211-423c-b738-5a78c677d06a,,False
Ext-HeySnips-fd1a3d64-bd7c-49c8-88bb-b08f1870d8df,,False
Ext-HeySnips-fd341fd0-cad1-40c4-9f61-82f187196503,,False
Ext-HeySnips-fd50772f-ee38-42ac-930d-2e47e4edd370,,False
Ext-HeySnips-fd761ee3-e3af-423e-ba33-8e6282bdf2cc,,False
Ext-HeySnips-fd77db85-fb6a-468d-81b4-49916846b713,,False
Ext-HeySnips-fd7cc701-b3ac-4dd8-ab9b-1212cce79d95,,False
Ext-HeySnips-fd8ab92d-f1f8-422b-9975-65ebedb09502,,False
Ext-HeySnips-fd9e4017-b392-4d68-942d-a2c0b5c04151,,False
Ext-HeySnips-fdb9785d-5033-46a3-b3ff-4d5add34e9b3,,False
Ext-HeySnips-fdc50b46-419b-41b9-9b5a-665fb68071d6,,False
Ext-HeySnips-fdc68f88-116c-4f18-8888-8887221fc421,,False
Ext-HeySnips-fdde9ece-14e6-4d09-9539-edc38d8b2a82,,False
Ext-HeySnips-fde0f5fa-989c-4577-94d1-cd74217b4dc4,,False
Ext-HeySnips-fdeb1feb-fecf-4c74-bc37-11907d9cc15f,,False
Ext-HeySnips-fdf44e80-3f77-41a3-b8fc-9293a1194089,,False
Ext-HeySnips-fdfea469-e367-486c-9656-e20e268a8685,,False
Ext-HeySnips-fe0281f8-a638-48dd-add6-8f46d0833bf9,,False
Ext-HeySnips-fe35ced6-d115-4bc7-9c16-81f91e313677,,False
Ext-HeySnips-fe654372-eeca-4bc2-904e-5287ec86b7e6,,False
Ext-HeySnips-fe6b5f7e-85a6-46fd-a02b-420b15c20a1a,,False
Ext-HeySnips-fe8d0d44-96c0-4197-85ae-19603bf38210,,False
Ext-HeySnips-feceb2de-a627-4412-af25-6e6a3f4335d4,,False
Ext-HeySnips-fefba2af-0d0c-4d6a-a866-1abd2b46e7e9,,False
Ext-HeySnips-ff2a23b9-2534-4504-9018-4d5a058ccaf1,,False
Ext-HeySnips-ff50e5dc-055f-4ef8-a1c6-be717dfe68b2,,False
Ext-HeySnips-ff8141dc-1e71-4d82-9fc9-abb751f68d6a,,False
Ext-HeySnips-ffa81249-717d-4d99-b649-1cbd8bab46c5,,False
Ext-HeySnips-ffe3348c-a896-48cc-a518-6b4b24c29177,,False
Ext-HeySnips-fff34a21-6720-4254-9e6f-388efaa9a530,,False
Ext-HeySnips-fffda9bb-3e7c-421a-88b1-cbea13cb10c2,,False
Ext-MSWC-alpha-common_voice_en_104334,,False
Ext-MSWC-alpha-common_voice_en_124408,,False
Ext-MSWC-alpha-common_voice_en_129300,,False
Ext-MSWC-alpha-common_voice_en_16048742,,False
Ext-MSWC-alpha-common_voice_en_169196,,False
Ext-MSWC-alpha-common_voice_en_17147436,,False
Ext-MSWC-alpha-common_voice_en_17246924,,False
Ext-MSWC-alpha-common_voice_en_17247632,,False
Ext-MSWC-alpha-common_voice_en_17249502,,False
Ext-MSWC-alpha-common_voice_en_17250717,,False
Ext-MSWC-alpha-common_voice_en_17251321,,False
Ext-MSWC-alpha-common_voice_en_17253331,,False
Ext-MSWC-alpha-common_voice_en_17254967,,False
Ext-MSWC-alpha-common_voice_en_17255483,,False
Ext-MSWC-alpha-common_voice_en_17256361,,False
Ext-MSWC-alpha-common_voice_en_17258065,,False
Ext-MSWC-alpha-common_voice_en_17258362,,False
Ext-MSWC-alpha-common_voice_en_17260058,,False
Ext-MSWC-alpha-common_voice_en_17261079,,False
Ext-MSWC-alpha-common_voice_en_17263010,,False
Ext-MSWC-alpha-common_voice_en_17263835,,False
Ext-MSWC-alpha-common_voice_en_17264720,,False
Ext-MSWC-alpha-common_voice_en_17265562,,False
Ext-MSWC-alpha-common_voice_en_17265761,,False
Ext-MSWC-alpha-common_voice_en_17266381,,False
Ext-MSWC-alpha-common_voice_en_17266768,,False
Ext-MSWC-alpha-common_voice_en_17267536,,False
Ext-MSWC-alpha-common_voice_en_17270615,,False
Ext-MSWC-alpha-common_voice_en_17270892,,False
Ext-MSWC-alpha-common_voice_en_17274140,,False
Ext-MSWC-alpha-common_voice_en_17274641,,False
Ext-MSWC-alpha-common_voice_en_17274830,,False
Ext-MSWC-alpha-common_voice_en_17280977,,False
Ext-MSWC-alpha-common_voice_en_17283525,,False
Ext-MSWC-alpha-common_voice_en_17285192,,False
Ext-MSWC-alpha-common_voice_en_17288853,,False
Ext-MSWC-alpha-common_voice_en_17290552,,False
Ext-MSWC-alpha-common_voice_en_17292818,,False
Ext-MSWC-alpha-common_voice_en_17295238,,False
Ext-MSWC-alpha-common_voice_en_17296666,,False
Ext-MSWC-alpha-common_voice_en_17319015,,False
Ext-MSWC-alpha-common_voice_en_17327486,,False
Ext-MSWC-alpha-common_voice_en_17328867,,False
Ext-MSWC-alpha-common_voice_en_17358097,,False
Ext-MSWC-alpha-common_voice_en_17380958,,False
Ext-MSWC-alpha-common_voice_en_17411290,,False
Ext-MSWC-alpha-common_voice_en_17416472,,False
Ext-MSWC-alpha-common_voice_en_17440427,,False
Ext-MSWC-alpha-common_voice_en_17505390,,False
Ext-MSWC-alpha-common_voice_en_17519294,,False
Ext-MSWC-alpha-common_voice_en_17519882,,False
Ext-MSWC-alpha-common_voice_en_17545080,,False
Ext-MSWC-alpha-common_voice_en_17562073,,False
Ext-MSWC-alpha-common_voice_en_176621,,False
Ext-MSWC-alpha-common_voice_en_17673835,,False
Ext-MSWC-alpha-common_voice_en_17689698,,False
Ext-MSWC-alpha-common_voice_en_17776818,,False
Ext-MSWC-alpha-common_voice_en_17794387,,False
Ext-MSWC-alpha-common_voice_en_17885279,,False
Ext-MSWC-alpha-common_voice_en_17908756,,False
Ext-MSWC-alpha-common_voice_en_17945272,,False
Ext-MSWC-alpha-common_voice_en_17965301,,False
Ext-MSWC-alpha-common_voice_en_18039543,,False
Ext-MSWC-alpha-common_voice_en_18044655,,False
Ext-MSWC-alpha-common_voice_en_18136712,,False
Ext-MSWC-alpha-common_voice_en_18152499,,False
Ext-MSWC-alpha-common_voice_en_18541578,,False
Ext-MSWC-alpha-common_voice_en_18553161,,False
Ext-MSWC-alpha-common_voice_en_18620328,,False
Ext-MSWC-alpha-common_voice_en_18665118,,False
Ext-MSWC-alpha-common_voice_en_18673963,,False
Ext-MSWC-alpha-common_voice_en_18685682,,False
Ext-MSWC-alpha-common_voice_en_18724812,,False
Ext-MSWC-alpha-common_voice_en_18751635,,False
Ext-MSWC-alpha-common_voice_en_18765134,,False
Ext-MSWC-alpha-common_voice_en_18794929,,False
Ext-MSWC-alpha-common_voice_en_18799497,,False
Ext-MSWC-alpha-common_voice_en_18801008,,False
Ext-MSWC-alpha-common_voice_en_18804492,,False
Ext-MSWC-alpha-common_voice_en_18827735,,False
Ext-MSWC-alpha-common_voice_en_18851214,,False
Ext-MSWC-alpha-common_voice_en_18852844,,False
Ext-MSWC-alpha-common_voice_en_18865308,,False
Ext-MSWC-alpha-common_voice_en_18872790,,False
Ext-MSWC-alpha-common_voice_en_19003210,,False
Ext-MSWC-alpha-common_voice_en_19024558,,False
Ext-MSWC-alpha-common_voice_en_19084445,,False
Ext-MSWC-alpha-common_voice_en_19124020,,False
Ext-MSWC-alpha-common_voice_en_19158330,,False
Ext-MSWC-alpha-common_voice_en_19246945,,False
Ext-MSWC-alpha-common_voice_en_19321607,,False
Ext-MSWC-alpha-common_voice_en_19351311,,False
Ext-MSWC-alpha-common_voice_en_19366836,,False
Ext-MSWC-alpha-common_voice_en_19423030,,False
Ext-MSWC-alpha-common_voice_en_19451953,,False
Ext-MSWC-alpha-common_voice_en_19457982,,False
Ext-MSWC-alpha-common_voice_en_19496380,,False
Ext-MSWC-alpha-common_voice_en_19562661,,False
Ext-MSWC-alpha-common_voice_en_19568361,,False
Ext-MSWC-alpha-common_voice_en_19579180,,False
Ext-MSWC-alpha-common_voice_en_19581273__2,,False
Ext-MSWC-alpha-common_voice_en_19603787,,False
Ext-MSWC-alpha-common_voice_en_19604059,,False
Ext-MSWC-alpha-common_voice_en_19607312,,False
Ext-MSWC-alpha-common_voice_en_19621201,,False
Ext-MSWC-alpha-common_voice_en_19632911,,False
Ext-MSWC-alpha-common_voice_en_19667984,,False
Ext-MSWC-alpha-common_voice_en_19672945,,False
Ext-MSWC-alpha-common_voice_en_19673490,,False
Ext-MSWC-alpha-common_voice_en_19673858__2,,False
Ext-MSWC-alpha-common_voice_en_19675074,,False
Ext-MSWC-alpha-common_voice_en_19679456,,False
Ext-MSWC-alpha-common_voice_en_19694616,,False
Ext-MSWC-alpha-common_voice_en_19698954,,False
Ext-MSWC-alpha-common_voice_en_19727708,,False
Ext-MSWC-alpha-common_voice_en_19740246,,False
Ext-MSWC-alpha-common_voice_en_19760129,,False
Ext-MSWC-alpha-common_voice_en_19760179,,False
Ext-MSWC-alpha-common_voice_en_19764203,,False
Ext-MSWC-alpha-common_voice_en_19771926,,False
Ext-MSWC-alpha-common_voice_en_19773196,,False
Ext-MSWC-alpha-common_voice_en_19773686,,False
Ext-MSWC-alpha-common_voice_en_19783845,,False
Ext-MSWC-alpha-common_voice_en_19789553,,False
Ext-MSWC-alpha-common_voice_en_19795320,,False
Ext-MSWC-alpha-common_voice_en_19812528__2,,False
Ext-MSWC-alpha-common_voice_en_19823420,,False
Ext-MSWC-alpha-common_voice_en_19826099,,False
Ext-MSWC-alpha-common_voice_en_19856660,,False
Ext-MSWC-alpha-common_voice_en_19858420,,False
Ext-MSWC-alpha-common_voice_en_19868485,,False
Ext-MSWC-alpha-common_voice_en_19869653,,False
Ext-MSWC-alpha-common_voice_en_19965550,,False
Ext-MSWC-alpha-common_voice_en_19969560,,False
Ext-MSWC-alpha-common_voice_en_19981040,,False
Ext-MSWC-alpha-common_voice_en_19981659,,False
Ext-MSWC-alpha-common_voice_en_19983377,,False
Ext-MSWC-alpha-common_voice_en_19991463,,False
Ext-MSWC-alpha-common_voice_en_20024408,,False
Ext-MSWC-alpha-common_voice_en_20043197,,False
Ext-MSWC-alpha-common_voice_en_20054527,,False
Ext-MSWC-alpha-common_voice_en_20065645,,False
Ext-MSWC-alpha-common_voice_en_20069759,,False
Ext-MSWC-alpha-common_voice_en_20081222,,False
Ext-MSWC-alpha-common_voice_en_20110293,,False
Ext-MSWC-alpha-common_voice_en_20174317,,False
Ext-MSWC-alpha-common_voice_en_20220430,,False
Ext-MSWC-alpha-common_voice_en_20261212,,False
Ext-MSWC-alpha-common_voice_en_20263371__2,,False
Ext-MSWC-alpha-common_voice_en_20275865,,False
Ext-MSWC-alpha-common_voice_en_20304210,,False
Ext-MSWC-alpha-common_voice_en_20323580,,False
Ext-MSWC-alpha-common_voice_en_20327516,,False
Ext-MSWC-alpha-common_voice_en_20352029,,False
Ext-MSWC-alpha-common_voice_en_20381824,,False
Ext-MSWC-alpha-common_voice_en_20440446,,False
Ext-MSWC-alpha-common_voice_en_20454381,,False
Ext-MSWC-alpha-common_voice_en_20475105,,False
Ext-MSWC-alpha-common_voice_en_20498663,,False
Ext-MSWC-alpha-common_voice_en_20515696,,False
Ext-MSWC-alpha-common_voice_en_20556423,,False
Ext-MSWC-alpha-common_voice_en_20599386,,False
Ext-MSWC-alpha-common_voice_en_20647901,,False
Ext-MSWC-alpha-common_voice_en_207064,,False
Ext-MSWC-alpha-common_voice_en_20712759,,False
Ext-MSWC-alpha-common_voice_en_20735419,,False
Ext-MSWC-alpha-common_voice_en_20735715,,False
Ext-MSWC-alpha-common_voice_en_20767389,,False
Ext-MSWC-alpha-common_voice_en_20850627,,False
Ext-MSWC-alpha-common_voice_en_20858289,,False
Ext-MSWC-alpha-common_voice_en_20880449,,False
Ext-MSWC-alpha-common_voice_en_20891258,,False
Ext-MSWC-alpha-common_voice_en_20966323,,False
Ext-MSWC-alpha-common_voice_en_20976436,,False
Ext-MSWC-alpha-common_voice_en_20978446,,False
Ext-MSWC-alpha-common_voice_en_20988569,,False
Ext-MSWC-alpha-common_voice_en_21025465,,False
Ext-MSWC-alpha-common_voice_en_21210225,,False
Ext-MSWC-alpha-common_voice_en_21242262,,False
Ext-MSWC-alpha-common_voice_en_21321963,,False
Ext-MSWC-alpha-common_voice_en_21342339,,False
Ext-MSWC-alpha-common_voice_en_21371855,,False
Ext-MSWC-alpha-common_voice_en_21450013,,False
Ext-MSWC-alpha-common_voice_en_21543233,,False
Ext-MSWC-alpha-common_voice_en_21649187,,False
Ext-MSWC-alpha-common_voice_en_21662510,,False
Ext-MSWC-alpha-common_voice_en_21733243,,False
Ext-MSWC-alpha-common_voice_en_21753158,,False
Ext-MSWC-alpha-common_voice_en_21763743,,False
Ext-MSWC-alpha-common_voice_en_21777323,,False
Ext-MSWC-alpha-common_voice_en_21797282,,False
Ext-MSWC-alpha-common_voice_en_21844325,,False
Ext-MSWC-alpha-common_voice_en_21876270,,False
Ext-MSWC-alpha-common_voice_en_21906041,,False
Ext-MSWC-alpha-common_voice_en_21956106,,False
Ext-MSWC-alpha-common_voice_en_21969615__2,,False
Ext-MSWC-alpha-common_voice_en_21974598,,False
Ext-MSWC-alpha-common_voice_en_22061531,,False
Ext-MSWC-alpha-common_voice_en_22066667,,False
Ext-MSWC-alpha-common_voice_en_22137058,,False
Ext-MSWC-alpha-common_voice_en_22194327,,False
Ext-MSWC-alpha-common_voice_en_22248841,,False
Ext-MSWC-alpha-common_voice_en_22253851,,False
Ext-MSWC-alpha-common_voice_en_22263471,,False
Ext-MSWC-alpha-common_voice_en_22377763,,False
Ext-MSWC-alpha-common_voice_en_2354384,,False
Ext-MSWC-alpha-common_voice_en_43099,,False
Ext-MSWC-alpha-common_voice_en_445778,,False
Ext-MSWC-alpha-common_voice_en_46591,,False
Ext-MSWC-alpha-common_voice_en_470992,,False
Ext-MSWC-alpha-common_voice_en_487973,,False
Ext-MSWC-alpha-common_voice_en_494836,,False
Ext-MSWC-alpha-common_voice_en_499618,,False
Ext-MSWC-alpha-common_voice_en_505141,,False
Ext-MSWC-alpha-common_voice_en_511083,,False
Ext-MSWC-alpha-common_voice_en_521986,,False
Ext-MSWC-alpha-common_voice_en_55650,,False
Ext-MSWC-alpha-common_voice_en_562192,,False
Ext-MSWC-alpha-common_voice_en_569228,,False
Ext-MSWC-alpha-common_voice_en_587712,,False
Ext-MSWC-alpha-common_voice_en_592729,,False
Ext-MSWC-alpha-common_voice_en_615584,,False
Ext-MSWC-alpha-common_voice_en_671554,,False
Ext-MSWC-alpha-common_voice_en_673170,,False
Ext-MSWC-alpha-common_voice_en_6734972,,False
Ext-MSWC-alpha-common_voice_en_685253,,False
Ext-MSWC-alpha-common_voice_en_697120,,False
Ext-MSWC-alpha-common_voice_en_94357,,False
Ext-MSWC-alta-common_voice_en_18680252,,False
Ext-MSWC-alta-common_voice_en_18757817,,False
Ext-MSWC-alta-common_voice_en_18762762,,False
Ext-MSWC-alta-common_voice_en_18794010,,False
Ext-MSWC-alta-common_voice_en_18897959,,False
Ext-MSWC-alta-common_voice_en_19078774,,False
Ext-MSWC-alta-common_voice_en_19230648,,False
Ext-MSWC-alta-common_voice_en_19336544,,False
Ext-MSWC-alta-common_voice_en_20261706,,False
Ext-MSWC-alta-common_voice_en_20300847,,False
Ext-MSWC-alta-common_voice_en_20556496,,False
Ext-MSWC-alta-common_voice_en_21393217,,False
Ext-MSWC-alta-common_voice_en_22049675,,False
Ext-MSWC-alta-common_voice_en_48323,,False
Ext-MSWC-alta-common_voice_en_525653,,False
Ext-MSWC-alta-common_voice_en_644686,,False
Ext-MSWC-ate-common_voice_en_102004,,False
Ext-MSWC-ate-common_voice_en_10208861,,False
Ext-MSWC-ate-common_voice_en_103489,,False
Ext-MSWC-ate-common_voice_en_10402,,False
Ext-MSWC-ate-common_voice_en_104487,,False
Ext-MSWC-ate-common_voice_en_105347,,False
Ext-MSWC-ate-common_voice_en_106023,,False
Ext-MSWC-ate-common_voice_en_1077140,,False
Ext-MSWC-ate-common_voice_en_108057,,False
Ext-MSWC-ate-common_voice_en_108364,,False
Ext-MSWC-ate-common_voice_en_110395,,False
Ext-MSWC-ate-common_voice_en_110670,,False
Ext-MSWC-ate-common_voice_en_11208943,,False
Ext-MSWC-ate-common_voice_en_1137938,,False
Ext-MSWC-ate-common_voice_en_114176,,False
Ext-MSWC-ate-common_voice_en_1147,,False
Ext-MSWC-ate-common_voice_en_114753,,False
Ext-MSWC-ate-common_voice_en_115366,,False
Ext-MSWC-ate-common_voice_en_118829,,False
Ext-MSWC-ate-common_voice_en_120196,,False
Ext-MSWC-ate-common_voice_en_120725,,False
Ext-MSWC-ate-common_voice_en_122443,,False
Ext-MSWC-ate-common_voice_en_124046,,False
Ext-MSWC-ate-common_voice_en_124959,,False
Ext-MSWC-ate-common_voice_en_127113,,False
Ext-MSWC-ate-common_voice_en_133987,,False
Ext-MSWC-ate-common_voice_en_134267,,False
Ext-MSWC-ate-common_voice_en_137943,,False
Ext-MSWC-ate-common_voice_en_138588,,False
Ext-MSWC-ate-common_voice_en_140721,,False
Ext-MSWC-ate-common_voice_en_142180,,False
Ext-MSWC-ate-common_voice_en_14395307,,False
Ext-MSWC-ate-common_voice_en_147460,,False
Ext-MSWC-ate-common_voice_en_150757,,False
Ext-MSWC-ate-common_voice_en_15672664,,False
Ext-MSWC-ate-common_voice_en_15734745,,False
Ext-MSWC-ate-common_voice_en_15735678,,False
Ext-MSWC-ate-common_voice_en_160870,,False
Ext-MSWC-ate-common_voice_en_161338,,False
Ext-MSWC-ate-common_voice_en_165489,,False
Ext-MSWC-ate-common_voice_en_167637,,False
Ext-MSWC-ate-common_voice_en_167784,,False
Ext-MSWC-ate-common_voice_en_168586,,False
Ext-MSWC-ate-common_voice_en_170253,,False
Ext-MSWC-ate-common_voice_en_170648,,False
Ext-MSWC-ate-common_voice_en_17245770,,False
Ext-MSWC-ate-common_voice_en_17247086,,False
Ext-MSWC-ate-common_voice_en_17247479,,False
Ext-MSWC-ate-common_voice_en_17252372,,False
Ext-MSWC-ate-common_voice_en_17254710,,False
Ext-MSWC-ate-common_voice_en_17255890,,False
Ext-MSWC-ate-common_voice_en_17257084,,False
Ext-MSWC-ate-common_voice_en_17257718,,False
Ext-MSWC-ate-common_voice_en_17259447,,False
Ext-MSWC-ate-common_voice_en_17260471,,False
Ext-MSWC-ate-common_voice_en_17262330,,False
Ext-MSWC-ate-common_voice_en_17263776,,False
Ext-MSWC-ate-common_voice_en_17264121,,False
Ext-MSWC-ate-common_voice_en_17264784,,False
Ext-MSWC-ate-common_voice_en_17265389,,False
Ext-MSWC-ate-common_voice_en_17267018,,False
Ext-MSWC-ate-common_voice_en_17267806,,False
Ext-MSWC-ate-common_voice_en_17270641,,False
Ext-MSWC-ate-common_voice_en_17270900,,False
Ext-MSWC-ate-common_voice_en_17270927,,False
Ext-MSWC-ate-common_voice_en_17271681,,False
Ext-MSWC-ate-common_voice_en_17274444,,False
Ext-MSWC-ate-common_voice_en_17275878,,False
Ext-MSWC-ate-common_voice_en_17278697,,False
Ext-MSWC-ate-common_voice_en_17280709,,False
Ext-MSWC-ate-common_voice_en_17280962,,False
Ext-MSWC-ate-common_voice_en_17283879,,False
Ext-MSWC-ate-common_voice_en_17287211,,False
Ext-MSWC-ate-common_voice_en_17289234,,False
Ext-MSWC-ate-common_voice_en_17292169,,False
Ext-MSWC-ate-common_voice_en_17292947,,False
Ext-MSWC-ate-common_voice_en_17294498,,False
Ext-MSWC-ate-common_voice_en_17296707,,False
Ext-MSWC-ate-common_voice_en_17305006,,False
Ext-MSWC-ate-common_voice_en_17309828,,False
Ext-MSWC-ate-common_voice_en_17319000,,False
Ext-MSWC-ate-common_voice_en_17327690,,False
Ext-MSWC-ate-common_voice_en_17385881,,False
Ext-MSWC-ate-common_voice_en_17387985,,False
Ext-MSWC-ate-common_voice_en_17389607,,False
Ext-MSWC-ate-common_voice_en_17390721,,False
Ext-MSWC-ate-common_voice_en_17400771,,False
Ext-MSWC-ate-common_voice_en_17402892,,False
Ext-MSWC-ate-common_voice_en_17412864,,False
Ext-MSWC-ate-common_voice_en_17413712,,False
Ext-MSWC-ate-common_voice_en_17416328,,False
Ext-MSWC-ate-common_voice_en_17429316,,False
Ext-MSWC-ate-common_voice_en_17445122,,False
Ext-MSWC-ate-common_voice_en_17483564,,False
Ext-MSWC-ate-common_voice_en_17511482,,False
Ext-MSWC-ate-common_voice_en_17535764,,False
Ext-MSWC-ate-common_voice_en_175748,,False
Ext-MSWC-ate-common_voice_en_17580137,,False
Ext-MSWC-ate-common_voice_en_17673838,,False
Ext-MSWC-ate-common_voice_en_17684172,,False
Ext-MSWC-ate-common_voice_en_17697083,,False
Ext-MSWC-ate-common_voice_en_17776815,,False
Ext-MSWC-ate-common_voice_en_17803444,,False
Ext-MSWC-ate-common_voice_en_17854780,,False
Ext-MSWC-ate-common_voice_en_17884374,,False
Ext-MSWC-ate-common_voice_en_17885217,,False
Ext-MSWC-ate-common_voice_en_17888222,,False
Ext-MSWC-ate-common_voice_en_17900177,,False
Ext-MSWC-ate-common_voice_en_17928287,,False
Ext-MSWC-ate-common_voice_en_17938732,,False
Ext-MSWC-ate-common_voice_en_18019470,,False
Ext-MSWC-ate-common_voice_en_18019578,,False
Ext-MSWC-ate-common_voice_en_18052350,,False
Ext-MSWC-ate-common_voice_en_18096928,,False
Ext-MSWC-ate-common_voice_en_18134493,,False
Ext-MSWC-ate-common_voice_en_18164064,,False
Ext-MSWC-ate-common_voice_en_18169033,,False
Ext-MSWC-ate-common_voice_en_18256412,,False
Ext-MSWC-ate-common_voice_en_18259294,,False
Ext-MSWC-ate-common_voice_en_18261231,,False
Ext-MSWC-ate-common_voice_en_18261521,,False
Ext-MSWC-ate-common_voice_en_18270504,,False
Ext-MSWC-ate-common_voice_en_18276561,,False
Ext-MSWC-ate-common_voice_en_18299158,,False
Ext-MSWC-ate-common_voice_en_18313374,,False
Ext-MSWC-ate-common_voice_en_18314977,,False
Ext-MSWC-ate-common_voice_en_18315950,,False
Ext-MSWC-ate-common_voice_en_18317544,,False
Ext-MSWC-ate-common_voice_en_18325416,,False
Ext-MSWC-ate-common_voice_en_18326122,,False
Ext-MSWC-ate-common_voice_en_18330553,,False
Ext-MSWC-ate-common_voice_en_18335893,,False
Ext-MSWC-ate-common_voice_en_18336028,,False
Ext-MSWC-ate-common_voice_en_18341327,,False
Ext-MSWC-ate-common_voice_en_18341886,,False
Ext-MSWC-ate-common_voice_en_18350273,,False
Ext-MSWC-ate-common_voice_en_18356156,,False
Ext-MSWC-ate-common_voice_en_18408732,,False
Ext-MSWC-ate-common_voice_en_18451908,,False
Ext-MSWC-ate-common_voice_en_18454196,,False
Ext-MSWC-ate-common_voice_en_18457256,,False
Ext-MSWC-ate-common_voice_en_18459854,,False
Ext-MSWC-ate-common_voice_en_18475917,,False
Ext-MSWC-ate-common_voice_en_18481161,,False
Ext-MSWC-ate-common_voice_en_18492158,,False
Ext-MSWC-ate-common_voice_en_18507228,,False
Ext-MSWC-ate-common_voice_en_18512028,,False
Ext-MSWC-ate-common_voice_en_18512206,,False
Ext-MSWC-ate-common_voice_en_18514024,,False
Ext-MSWC-ate-common_voice_en_18516923,,False
Ext-MSWC-ate-common_voice_en_18534504,,False
Ext-MSWC-ate-common_voice_en_18555049,,False
Ext-MSWC-ate-common_voice_en_18569105,,False
Ext-MSWC-ate-common_voice_en_18571717,,False
Ext-MSWC-ate-common_voice_en_1858026,,False
Ext-MSWC-ate-common_voice_en_18607949,,False
Ext-MSWC-ate-common_voice_en_186209,,False
Ext-MSWC-ate-common_voice_en_18645407,,False
Ext-MSWC-ate-common_voice_en_18655883,,False
Ext-MSWC-ate-common_voice_en_18662583,,False
Ext-MSWC-ate-common_voice_en_18871540,,False
Ext-MSWC-ate-common_voice_en_19195892,,False
Ext-MSWC-ate-common_voice_en_19293736,,False
Ext-MSWC-ate-common_voice_en_19410751,,False
Ext-MSWC-ate-common_voice_en_19622100,,False
Ext-MSWC-ate-common_voice_en_19635442__2,,False
Ext-MSWC-ate-common_voice_en_19677942,,False
Ext-MSWC-ate-common_voice_en_196903,,False
Ext-MSWC-ate-common_voice_en_19701855,,False
Ext-MSWC-ate-common_voice_en_197313,,False
Ext-MSWC-ate-common_voice_en_19792594,,False
Ext-MSWC-ate-common_voice_en_20083775,,False
Ext-MSWC-ate-common_voice_en_20114119__2,,False
Ext-MSWC-ate-common_voice_en_20197489,,False
Ext-MSWC-ate-common_voice_en_2020946,,False
Ext-MSWC-ate-common_voice_en_20271405,,False
Ext-MSWC-ate-common_voice_en_20289436,,False
Ext-MSWC-ate-common_voice_en_20360,,False
Ext-MSWC-ate-common_voice_en_20383113,,False
Ext-MSWC-ate-common_voice_en_20410152,,False
Ext-MSWC-ate-common_voice_en_20492888,,False
Ext-MSWC-ate-common_voice_en_20498807,,False
Ext-MSWC-ate-common_voice_en_20520517,,False
Ext-MSWC-ate-common_voice_en_20614095,,False
Ext-MSWC-ate-common_voice_en_20633421,,False
Ext-MSWC-ate-common_voice_en_20677266,,False
Ext-MSWC-ate-common_voice_en_20739702,,False
Ext-MSWC-ate-common_voice_en_20860165,,False
Ext-MSWC-ate-common_voice_en_20969430,,False
Ext-MSWC-ate-common_voice_en_210327,,False
Ext-MSWC-ate-common_voice_en_21065,,False
Ext-MSWC-ate-common_voice_en_210703,,False
Ext-MSWC-ate-common_voice_en_211728,,False
Ext-MSWC-ate-common_voice_en_212575,,False
Ext-MSWC-ate-common_voice_en_215365,,False
Ext-MSWC-ate-common_voice_en_21549151,,False
Ext-MSWC-ate-common_voice_en_22346602,,False
Ext-MSWC-ate-common_voice_en_27252,,False
Ext-MSWC-ate-common_voice_en_2835,,False
Ext-MSWC-ate-common_voice_en_326309,,False
Ext-MSWC-ate-common_voice_en_337462,,False
Ext-MSWC-ate-common_voice_en_34319,,False
Ext-MSWC-ate-common_voice_en_345442,,False
Ext-MSWC-ate-common_voice_en_3608,,False
Ext-MSWC-ate-common_voice_en_37134,,False
Ext-MSWC-ate-common_voice_en_418308,,False
Ext-MSWC-ate-common_voice_en_43420,,False
Ext-MSWC-ate-common_voice_en_43796,,False
Ext-MSWC-ate-common_voice_en_442037,,False
Ext-MSWC-ate-common_voice_en_471012,,False
Ext-MSWC-ate-common_voice_en_477078,,False
Ext-MSWC-ate-common_voice_en_478437,,False
Ext-MSWC-ate-common_voice_en_479744,,False
Ext-MSWC-ate-common_voice_en_490602,,False
Ext-MSWC-ate-common_voice_en_491525,,False
Ext-MSWC-ate-common_voice_en_496851,,False
Ext-MSWC-ate-common_voice_en_498489,,False
Ext-MSWC-ate-common_voice_en_500403,,False
Ext-MSWC-ate-common_voice_en_50215,,False
Ext-MSWC-ate-common_voice_en_503085,,False
Ext-MSWC-ate-common_voice_en_503316,,False
Ext-MSWC-ate-common_voice_en_510591,,False
Ext-MSWC-ate-common_voice_en_513494,,False
Ext-MSWC-ate-common_voice_en_515637,,False
Ext-MSWC-ate-common_voice_en_515874,,False
Ext-MSWC-ate-common_voice_en_516938,,False
Ext-MSWC-ate-common_voice_en_519468,,False
Ext-MSWC-ate-common_voice_en_520735,,False
Ext-MSWC-ate-common_voice_en_521316,,False
Ext-MSWC-ate-common_voice_en_5258306,,False
Ext-MSWC-ate-common_voice_en_528490,,False
Ext-MSWC-ate-common_voice_en_534575,,False
Ext-MSWC-ate-common_voice_en_534847,,False
Ext-MSWC-ate-common_voice_en_540373,,False
Ext-MSWC-ate-common_voice_en_542974,,False
Ext-MSWC-ate-common_voice_en_545956,,False
Ext-MSWC-ate-common_voice_en_548207,,False
Ext-MSWC-ate-common_voice_en_548396,,False
Ext-MSWC-ate-common_voice_en_550102,,False
Ext-MSWC-ate-common_voice_en_550831,,False
Ext-MSWC-ate-common_voice_en_551580,,False
Ext-MSWC-ate-common_voice_en_552435,,False
Ext-MSWC-ate-common_voice_en_553043,,False
Ext-MSWC-ate-common_voice_en_555061,,False
Ext-MSWC-ate-common_voice_en_555682,,False
Ext-MSWC-ate-common_voice_en_564170,,False
Ext-MSWC-ate-common_voice_en_565032,,False
Ext-MSWC-ate-common_voice_en_57323,,False
Ext-MSWC-ate-common_voice_en_580623,,False
Ext-MSWC-ate-common_voice_en_582335,,False
Ext-MSWC-ate-common_voice_en_58608,,False
Ext-MSWC-ate-common_voice_en_588062,,False
Ext-MSWC-ate-common_voice_en_592030,,False
Ext-MSWC-ate-common_voice_en_600083,,False
Ext-MSWC-ate-common_voice_en_60103,,False
Ext-MSWC-ate-common_voice_en_602350,,False
Ext-MSWC-ate-common_voice_en_602972,,False
Ext-MSWC-ate-common_voice_en_60460,,False
Ext-MSWC-ate-common_voice_en_604917,,False
Ext-MSWC-ate-common_voice_en_606306,,False
Ext-MSWC-ate-common_voice_en_610178,,False
Ext-MSWC-ate-common_voice_en_614045,,False
Ext-MSWC-ate-common_voice_en_61442,,False
Ext-MSWC-ate-common_voice_en_618834,,False
Ext-MSWC-ate-common_voice_en_619077,,False
Ext-MSWC-ate-common_voice_en_619856,,False
Ext-MSWC-ate-common_voice_en_625329,,False
Ext-MSWC-ate-common_voice_en_626867,,False
Ext-MSWC-ate-common_voice_en_627821,,False
Ext-MSWC-ate-common_voice_en_628190,,False
Ext-MSWC-ate-common_voice_en_628351,,False
Ext-MSWC-ate-common_voice_en_628918,,False
Ext-MSWC-ate-common_voice_en_629119,,False
Ext-MSWC-ate-common_voice_en_631593,,False
Ext-MSWC-ate-common_voice_en_639466,,False
Ext-MSWC-ate-common_voice_en_642638,,False
Ext-MSWC-ate-common_voice_en_643391,,False
Ext-MSWC-ate-common_voice_en_648277,,False
Ext-MSWC-ate-common_voice_en_658459,,False
Ext-MSWC-ate-common_voice_en_660196,,False
Ext-MSWC-ate-common_voice_en_66698,,False
Ext-MSWC-ate-common_voice_en_670946,,False
Ext-MSWC-ate-common_voice_en_675248,,False
Ext-MSWC-ate-common_voice_en_676135,,False
Ext-MSWC-ate-common_voice_en_676288,,False
Ext-MSWC-ate-common_voice_en_676501,,False
Ext-MSWC-ate-common_voice_en_677589,,False
Ext-MSWC-ate-common_voice_en_680363,,False
Ext-MSWC-ate-common_voice_en_68093,,False
Ext-MSWC-ate-common_voice_en_682358,,False
Ext-MSWC-ate-common_voice_en_683510,,False
Ext-MSWC-ate-common_voice_en_687760,,False
Ext-MSWC-ate-common_voice_en_699116,,False
Ext-MSWC-ate-common_voice_en_80155,,False
Ext-MSWC-ate-common_voice_en_89528,,False
Ext-MSWC-ate-common_voice_en_90323,,False
Ext-MSWC-ate-common_voice_en_9347706,,False
Ext-MSWC-ate-common_voice_en_96912,,False
Ext-MSWC-ate-common_voice_en_98457,,False
Ext-MSWC-ate-common_voice_en_98485,,False
Ext-MSWC-bella-common_voice_en_18745383,,False
Ext-MSWC-bella-common_voice_en_18779737,,False
Ext-MSWC-bella-common_voice_en_18931917,,False
Ext-MSWC-bella-common_voice_en_19040409,,False
Ext-MSWC-bella-common_voice_en_19062318,,False
Ext-MSWC-bella-common_voice_en_19246356,,False
Ext-MSWC-bella-common_voice_en_19317776,,False
Ext-MSWC-bella-common_voice_en_19599224,,False
Ext-MSWC-bella-common_voice_en_19637687,,False
Ext-MSWC-bella-common_voice_en_19787464,,False
Ext-MSWC-bella-common_voice_en_20232669,,False
Ext-MSWC-bella-common_voice_en_20881226,,False
Ext-MSWC-bella-common_voice_en_20888050,,False
Ext-MSWC-bella-common_voice_en_21516889,,False
Ext-MSWC-bella-common_voice_en_21684560,,False
Ext-MSWC-bella-common_voice_en_21854179,,False
Ext-MSWC-belt-common_voice_en_104368,,False
Ext-MSWC-belt-common_voice_en_111345,,False
Ext-MSWC-belt-common_voice_en_111772,,False
Ext-MSWC-belt-common_voice_en_114483,,False
Ext-MSWC-belt-common_voice_en_135645,,False
Ext-MSWC-belt-common_voice_en_144609,,False
Ext-MSWC-belt-common_voice_en_145659,,False
Ext-MSWC-belt-common_voice_en_148690,,False
Ext-MSWC-belt-common_voice_en_156248,,False
Ext-MSWC-belt-common_voice_en_158025,,False
Ext-MSWC-belt-common_voice_en_16028107,,False
Ext-MSWC-belt-common_voice_en_1604,,False
Ext-MSWC-belt-common_voice_en_16048090,,False
Ext-MSWC-belt-common_voice_en_160507,,False
Ext-MSWC-belt-common_voice_en_163900,,False
Ext-MSWC-belt-common_voice_en_16530,,False
Ext-MSWC-belt-common_voice_en_165415,,False
Ext-MSWC-belt-common_voice_en_167866,,False
Ext-MSWC-belt-common_voice_en_169676,,False
Ext-MSWC-belt-common_voice_en_17094,,False
Ext-MSWC-belt-common_voice_en_17147775,,False
Ext-MSWC-belt-common_voice_en_171607,,False
Ext-MSWC-belt-common_voice_en_17648,,False
Ext-MSWC-belt-common_voice_en_179498,,False
Ext-MSWC-belt-common_voice_en_180412,,False
Ext-MSWC-belt-common_voice_en_18352896,,False
Ext-MSWC-belt-common_voice_en_18408770,,False
Ext-MSWC-belt-common_voice_en_18418414,,False
Ext-MSWC-belt-common_voice_en_18420634,,False
Ext-MSWC-belt-common_voice_en_18428315,,False
Ext-MSWC-belt-common_voice_en_18471242,,False
Ext-MSWC-belt-common_voice_en_184737,,False
Ext-MSWC-belt-common_voice_en_18474466,,False
Ext-MSWC-belt-common_voice_en_18512212,,False
Ext-MSWC-belt-common_voice_en_18521519,,False
Ext-MSWC-belt-common_voice_en_18523175,,False
Ext-MSWC-belt-common_voice_en_185352,,False
Ext-MSWC-belt-common_voice_en_18542955,,False
Ext-MSWC-belt-common_voice_en_18558495,,False
Ext-MSWC-belt-common_voice_en_18626582,,False
Ext-MSWC-belt-common_voice_en_18634895,,False
Ext-MSWC-belt-common_voice_en_18649714,,False
Ext-MSWC-belt-common_voice_en_18698576,,False
Ext-MSWC-belt-common_voice_en_18708641,,False
Ext-MSWC-belt-common_voice_en_18713863,,False
Ext-MSWC-belt-common_voice_en_18717419,,False
Ext-MSWC-belt-common_voice_en_18717498,,False
Ext-MSWC-belt-common_voice_en_18718871,,False
Ext-MSWC-belt-common_voice_en_18732638,,False
Ext-MSWC-belt-common_voice_en_18760809,,False
Ext-MSWC-belt-common_voice_en_18819703,,False
Ext-MSWC-belt-common_voice_en_18840613,,False
Ext-MSWC-belt-common_voice_en_18848591,,False
Ext-MSWC-belt-common_voice_en_18853141,,False
Ext-MSWC-belt-common_voice_en_18853151,,False
Ext-MSWC-belt-common_voice_en_18865270,,False
Ext-MSWC-belt-common_voice_en_18889778,,False
Ext-MSWC-belt-common_voice_en_189086,,False
Ext-MSWC-belt-common_voice_en_18974325,,False
Ext-MSWC-belt-common_voice_en_189745,,False
Ext-MSWC-belt-common_voice_en_18982360,,False
Ext-MSWC-belt-common_voice_en_18990009,,False
Ext-MSWC-belt-common_voice_en_19020942,,False
Ext-MSWC-belt-common_voice_en_19057179,,False
Ext-MSWC-belt-common_voice_en_19091677,,False
Ext-MSWC-belt-common_voice_en_19112239,,False
Ext-MSWC-belt-common_voice_en_19131003,,False
Ext-MSWC-belt-common_voice_en_19180436,,False
Ext-MSWC-belt-common_voice_en_19214760,,False
Ext-MSWC-belt-common_voice_en_19263798,,False
Ext-MSWC-belt-common_voice_en_19297405,,False
Ext-MSWC-belt-common_voice_en_19401205,,False
Ext-MSWC-belt-common_voice_en_19416961,,False
Ext-MSWC-belt-common_voice_en_19430720,,False
Ext-MSWC-belt-common_voice_en_19453999,,False
Ext-MSWC-belt-common_voice_en_19466127,,False
Ext-MSWC-belt-common_voice_en_194887,,False
Ext-MSWC-belt-common_voice_en_19509691,,False
Ext-MSWC-belt-common_voice_en_19511045,,False
Ext-MSWC-belt-common_voice_en_19511621,,False
Ext-MSWC-belt-common_voice_en_19531099,,False
Ext-MSWC-belt-common_voice_en_19534968,,False
Ext-MSWC-belt-common_voice_en_19560987,,False
Ext-MSWC-belt-common_voice_en_19573706,,False
Ext-MSWC-belt-common_voice_en_19595027,,False
Ext-MSWC-belt-common_voice_en_19595176,,False
Ext-MSWC-belt-common_voice_en_19624262,,False
Ext-MSWC-belt-common_voice_en_19626215,,False
Ext-MSWC-belt-common_voice_en_19655381,,False
Ext-MSWC-belt-common_voice_en_19677867,,False
Ext-MSWC-belt-common_voice_en_19694551,,False
Ext-MSWC-belt-common_voice_en_19720578,,False
Ext-MSWC-belt-common_voice_en_19732280,,False
Ext-MSWC-belt-common_voice_en_19733437,,False
Ext-MSWC-belt-common_voice_en_19736690,,False
Ext-MSWC-belt-common_voice_en_19737679,,False
Ext-MSWC-belt-common_voice_en_19744009,,False
Ext-MSWC-belt-common_voice_en_19746360,,False
Ext-MSWC-belt-common_voice_en_19754417,,False
Ext-MSWC-belt-common_voice_en_19764451,,False
Ext-MSWC-belt-common_voice_en_19764670,,False
Ext-MSWC-belt-common_voice_en_19766145,,False
Ext-MSWC-belt-common_voice_en_19783987,,False
Ext-MSWC-belt-common_voice_en_19785564,,False
Ext-MSWC-belt-common_voice_en_19836585,,False
Ext-MSWC-belt-common_voice_en_19845030,,False
Ext-MSWC-belt-common_voice_en_19868273,,False
Ext-MSWC-belt-common_voice_en_19952918,,False
Ext-MSWC-belt-common_voice_en_19956507,,False
Ext-MSWC-belt-common_voice_en_19972848,,False
Ext-MSWC-belt-common_voice_en_19978573,,False
Ext-MSWC-belt-common_voice_en_19983358,,False
Ext-MSWC-belt-common_voice_en_19995142,,False
Ext-MSWC-belt-common_voice_en_20049436,,False
Ext-MSWC-belt-common_voice_en_20116867,,False
Ext-MSWC-belt-common_voice_en_20145588,,False
Ext-MSWC-belt-common_voice_en_20182927,,False
Ext-MSWC-belt-common_voice_en_20217686,,False
Ext-MSWC-belt-common_voice_en_20242664,,False
Ext-MSWC-belt-common_voice_en_20256360,,False
Ext-MSWC-belt-common_voice_en_20264271,,False
Ext-MSWC-belt-common_voice_en_20282932,,False
Ext-MSWC-belt-common_voice_en_20285334,,False
Ext-MSWC-belt-common_voice_en_20304620,,False
Ext-MSWC-belt-common_voice_en_20327754,,False
Ext-MSWC-belt-common_voice_en_20425258,,False
Ext-MSWC-belt-common_voice_en_204537,,False
Ext-MSWC-belt-common_voice_en_20498572,,False
Ext-MSWC-belt-common_voice_en_20532018,,False
Ext-MSWC-belt-common_voice_en_20556393,,False
Ext-MSWC-belt-common_voice_en_20585732,,False
Ext-MSWC-belt-common_voice_en_20585841,,False
Ext-MSWC-belt-common_voice_en_20586910,,False
Ext-MSWC-belt-common_voice_en_20642791,,False
Ext-MSWC-belt-common_voice_en_20664790,,False
Ext-MSWC-belt-common_voice_en_20689790,,False
Ext-MSWC-belt-common_voice_en_20721961,,False
Ext-MSWC-belt-common_voice_en_20770912,,False
Ext-MSWC-belt-common_voice_en_20947597,,False
Ext-MSWC-belt-common_voice_en_21162441,,False
Ext-MSWC-belt-common_voice_en_21304283,,False
Ext-MSWC-belt-common_voice_en_21306689,,False
Ext-MSWC-belt-common_voice_en_213096,,False
Ext-MSWC-belt-common_voice_en_21312179,,False
Ext-MSWC-belt-common_voice_en_21342420,,False
Ext-MSWC-belt-common_voice_en_21383176,,False
Ext-MSWC-belt-common_voice_en_21430048,,False
Ext-MSWC-belt-common_voice_en_21470092,,False
Ext-MSWC-belt-common_voice_en_21475420,,False
Ext-MSWC-belt-common_voice_en_21592901,,False
Ext-MSWC-belt-common_voice_en_21595339,,False
Ext-MSWC-belt-common_voice_en_21790292,,False
Ext-MSWC-belt-common_voice_en_21858712,,False
Ext-MSWC-belt-common_voice_en_21937598,,False
Ext-MSWC-belt-common_voice_en_21938799,,False
Ext-MSWC-belt-common_voice_en_21943384,,False
Ext-MSWC-belt-common_voice_en_21951191,,False
Ext-MSWC-belt-common_voice_en_21951773,,False
Ext-MSWC-belt-common_voice_en_219850,,False
Ext-MSWC-belt-common_voice_en_21992,,False
Ext-MSWC-belt-common_voice_en_22119950,,False
Ext-MSWC-belt-common_voice_en_22138039,,False
Ext-MSWC-belt-common_voice_en_22240509,,False
Ext-MSWC-belt-common_voice_en_22258074,,False
Ext-MSWC-belt-common_voice_en_22272164,,False
Ext-MSWC-belt-common_voice_en_22348047,,False
Ext-MSWC-belt-common_voice_en_22357153,,False
Ext-MSWC-belt-common_voice_en_22413654,,False
Ext-MSWC-belt-common_voice_en_22445668,,False
Ext-MSWC-belt-common_voice_en_23830,,False
Ext-MSWC-belt-common_voice_en_25723,,False
Ext-MSWC-belt-common_voice_en_28831,,False
Ext-MSWC-belt-common_voice_en_290004,,False
Ext-MSWC-belt-common_voice_en_32174,,False
Ext-MSWC-belt-common_voice_en_472656,,False
Ext-MSWC-belt-common_voice_en_476887,,False
Ext-MSWC-belt-common_voice_en_483752,,False
Ext-MSWC-belt-common_voice_en_484319,,False
Ext-MSWC-belt-common_voice_en_490284,,False
Ext-MSWC-belt-common_voice_en_492856,,False
Ext-MSWC-belt-common_voice_en_500097,,False
Ext-MSWC-belt-common_voice_en_504379,,False
Ext-MSWC-belt-common_voice_en_50732,,False
Ext-MSWC-belt-common_voice_en_509061,,False
Ext-MSWC-belt-common_voice_en_518267,,False
Ext-MSWC-belt-common_voice_en_521353,,False
Ext-MSWC-belt-common_voice_en_526672,,False
Ext-MSWC-belt-common_voice_en_54478,,False
Ext-MSWC-belt-common_voice_en_553147,,False
Ext-MSWC-belt-common_voice_en_554594,,False
Ext-MSWC-belt-common_voice_en_5559213,,False
Ext-MSWC-belt-common_voice_en_55665,,False
Ext-MSWC-belt-common_voice_en_55886,,False
Ext-MSWC-belt-common_voice_en_559290,,False
Ext-MSWC-belt-common_voice_en_562304,,False
Ext-MSWC-belt-common_voice_en_564796,,False
Ext-MSWC-belt-common_voice_en_565515,,False
Ext-MSWC-belt-common_voice_en_56703,,False
Ext-MSWC-belt-common_voice_en_569979,,False
Ext-MSWC-belt-common_voice_en_574792,,False
Ext-MSWC-belt-common_voice_en_576675,,False
Ext-MSWC-belt-common_voice_en_58457,,False
Ext-MSWC-belt-common_voice_en_587392,,False
Ext-MSWC-belt-common_voice_en_588872,,False
Ext-MSWC-belt-common_voice_en_592799,,False
Ext-MSWC-belt-common_voice_en_603033,,False
Ext-MSWC-belt-common_voice_en_612131,,False
Ext-MSWC-belt-common_voice_en_616217,,False
Ext-MSWC-belt-common_voice_en_617350,,False
Ext-MSWC-belt-common_voice_en_625474,,False
Ext-MSWC-belt-common_voice_en_631553,,False
Ext-MSWC-belt-common_voice_en_632883,,False
Ext-MSWC-belt-common_voice_en_636461,,False
Ext-MSWC-belt-common_voice_en_637279,,False
Ext-MSWC-belt-common_voice_en_657105,,False
Ext-MSWC-belt-common_voice_en_657820,,False
Ext-MSWC-belt-common_voice_en_662899,,False
Ext-MSWC-belt-common_voice_en_663812,,False
Ext-MSWC-belt-common_voice_en_667034,,False
Ext-MSWC-belt-common_voice_en_671816,,False
Ext-MSWC-belt-common_voice_en_673233,,False
Ext-MSWC-belt-common_voice_en_684406,,False
Ext-MSWC-belt-common_voice_en_693978,,False
Ext-MSWC-belt-common_voice_en_697182,,False
Ext-MSWC-belt-common_voice_en_70322,,False
Ext-MSWC-belt-common_voice_en_79578,,False
Ext-MSWC-belt-common_voice_en_89328,,False
Ext-MSWC-belt-common_voice_en_93738,,False
Ext-MSWC-belt-common_voice_en_963527,,False
Ext-MSWC-better-common_voice_en_10208716,,False
Ext-MSWC-better-common_voice_en_104765,,False
Ext-MSWC-better-common_voice_en_108431,,False
Ext-MSWC-better-common_voice_en_109307,,False
Ext-MSWC-better-common_voice_en_110419,,False
Ext-MSWC-better-common_voice_en_111519,,False
Ext-MSWC-better-common_voice_en_114469,,False
Ext-MSWC-better-common_voice_en_116522,,False
Ext-MSWC-better-common_voice_en_11820800,,False
Ext-MSWC-better-common_voice_en_120179,,False
Ext-MSWC-better-common_voice_en_12580,,False
Ext-MSWC-better-common_voice_en_126628,,False
Ext-MSWC-better-common_voice_en_126956,,False
Ext-MSWC-better-common_voice_en_131755,,False
Ext-MSWC-better-common_voice_en_133233,,False
Ext-MSWC-better-common_voice_en_133356,,False
Ext-MSWC-better-common_voice_en_1344648,,False
Ext-MSWC-better-common_voice_en_13547237,,False
Ext-MSWC-better-common_voice_en_135932,,False
Ext-MSWC-better-common_voice_en_136929,,False
Ext-MSWC-better-common_voice_en_137408,,False
Ext-MSWC-better-common_voice_en_137626,,False
Ext-MSWC-better-common_voice_en_138011,,False
Ext-MSWC-better-common_voice_en_140517,,False
Ext-MSWC-better-common_voice_en_142612,,False
Ext-MSWC-better-common_voice_en_143010,,False
Ext-MSWC-better-common_voice_en_143768,,False
Ext-MSWC-better-common_voice_en_144601,,False
Ext-MSWC-better-common_voice_en_14740161,,False
Ext-MSWC-better-common_voice_en_152783,,False
Ext-MSWC-better-common_voice_en_154779,,False
Ext-MSWC-better-common_voice_en_155287,,False
Ext-MSWC-better-common_voice_en_15733525,,False
Ext-MSWC-better-common_voice_en_15809621,,False
Ext-MSWC-better-common_voice_en_15830543,,False
Ext-MSWC-better-common_voice_en_15912,,False
Ext-MSWC-better-common_voice_en_16047304,,False
Ext-MSWC-better-common_voice_en_16047837,,False
Ext-MSWC-better-common_voice_en_16048275,,False
Ext-MSWC-better-common_voice_en_160511,,False
Ext-MSWC-better-common_voice_en_16163762,,False
Ext-MSWC-better-common_voice_en_163599,,False
Ext-MSWC-better-common_voice_en_165856,,False
Ext-MSWC-better-common_voice_en_16619433,,False
Ext-MSWC-better-common_voice_en_17248289,,False
Ext-MSWC-better-common_voice_en_17250789,,False
Ext-MSWC-better-common_voice_en_17251825,,False
Ext-MSWC-better-common_voice_en_17252791,,False
Ext-MSWC-better-common_voice_en_17259605,,False
Ext-MSWC-better-common_voice_en_17261032,,False
Ext-MSWC-better-common_voice_en_17263057,,False
Ext-MSWC-better-common_voice_en_17268306,,False
Ext-MSWC-better-common_voice_en_17269473,,False
Ext-MSWC-better-common_voice_en_17271743,,False
Ext-MSWC-better-common_voice_en_17272729,,False
Ext-MSWC-better-common_voice_en_17273183,,False
Ext-MSWC-better-common_voice_en_17273428,,False
Ext-MSWC-better-common_voice_en_17273861,,False
Ext-MSWC-better-common_voice_en_17274125,,False
Ext-MSWC-better-common_voice_en_17274919,,False
Ext-MSWC-better-common_voice_en_17276836,,False
Ext-MSWC-better-common_voice_en_17281068,,False
Ext-MSWC-better-common_voice_en_17281107,,False
Ext-MSWC-better-common_voice_en_17282191,,False
Ext-MSWC-better-common_voice_en_17283210,,False
Ext-MSWC-better-common_voice_en_17283610,,False
Ext-MSWC-better-common_voice_en_17284430,,False
Ext-MSWC-better-common_voice_en_17284648,,False
Ext-MSWC-better-common_voice_en_17285656,,False
Ext-MSWC-better-common_voice_en_17286059,,False
Ext-MSWC-better-common_voice_en_17286912,,False
Ext-MSWC-better-common_voice_en_17288834,,False
Ext-MSWC-better-common_voice_en_17291438,,False
Ext-MSWC-better-common_voice_en_17312217,,False
Ext-MSWC-better-common_voice_en_17344688,,False
Ext-MSWC-better-common_voice_en_17347975,,False
Ext-MSWC-better-common_voice_en_17375594,,False
Ext-MSWC-better-common_voice_en_17390567,,False
Ext-MSWC-better-common_voice_en_17392240,,False
Ext-MSWC-better-common_voice_en_17403143,,False
Ext-MSWC-better-common_voice_en_17412464,,False
Ext-MSWC-better-common_voice_en_17441525,,False
Ext-MSWC-better-common_voice_en_17448968,,False
Ext-MSWC-better-common_voice_en_17453718,,False
Ext-MSWC-better-common_voice_en_17527351,,False
Ext-MSWC-better-common_voice_en_17582788,,False
Ext-MSWC-better-common_voice_en_17585882,,False
Ext-MSWC-better-common_voice_en_176134,,False
Ext-MSWC-better-common_voice_en_17667218,,False
Ext-MSWC-better-common_voice_en_17688296,,False
Ext-MSWC-better-common_voice_en_17717692,,False
Ext-MSWC-better-common_voice_en_17722951,,False
Ext-MSWC-better-common_voice_en_17723065,,False
Ext-MSWC-better-common_voice_en_17724329,,False
Ext-MSWC-better-common_voice_en_17727473,,False
Ext-MSWC-better-common_voice_en_17730077,,False
Ext-MSWC-better-common_voice_en_17755302,,False
Ext-MSWC-better-common_voice_en_17785816,,False
Ext-MSWC-better-common_voice_en_17812559,,False
Ext-MSWC-better-common_voice_en_17816271,,False
Ext-MSWC-better-common_voice_en_17832019,,False
Ext-MSWC-better-common_voice_en_178405,,False
Ext-MSWC-better-common_voice_en_17857798,,False
Ext-MSWC-better-common_voice_en_17867838,,False
Ext-MSWC-better-common_voice_en_17877613,,False
Ext-MSWC-better-common_voice_en_17882001,,False
Ext-MSWC-better-common_voice_en_17882325,,False
Ext-MSWC-better-common_voice_en_17896820,,False
Ext-MSWC-better-common_voice_en_17920356,,False
Ext-MSWC-better-common_voice_en_17927473,,False
Ext-MSWC-better-common_voice_en_17928501,,False
Ext-MSWC-better-common_voice_en_17947570,,False
Ext-MSWC-better-common_voice_en_17979868,,False
Ext-MSWC-better-common_voice_en_17987324,,False
Ext-MSWC-better-common_voice_en_17996531,,False
Ext-MSWC-better-common_voice_en_18020448,,False
Ext-MSWC-better-common_voice_en_18039814,,False
Ext-MSWC-better-common_voice_en_18042605,,False
Ext-MSWC-better-common_voice_en_18065693,,False
Ext-MSWC-better-common_voice_en_18096505,,False
Ext-MSWC-better-common_voice_en_18101510,,False
Ext-MSWC-better-common_voice_en_18104961,,False
Ext-MSWC-better-common_voice_en_18120551,,False
Ext-MSWC-better-common_voice_en_18125065,,False
Ext-MSWC-better-common_voice_en_18129814,,False
Ext-MSWC-better-common_voice_en_18131452,,False
Ext-MSWC-better-common_voice_en_18137160,,False
Ext-MSWC-better-common_voice_en_18144624,,False
Ext-MSWC-better-common_voice_en_18145238,,False
Ext-MSWC-better-common_voice_en_18152393,,False
Ext-MSWC-better-common_voice_en_18152501,,False
Ext-MSWC-better-common_voice_en_181581,,False
Ext-MSWC-better-common_voice_en_18168428,,False
Ext-MSWC-better-common_voice_en_18172258,,False
Ext-MSWC-better-common_voice_en_184213,,False
Ext-MSWC-better-common_voice_en_18432618,,False
Ext-MSWC-better-common_voice_en_18444858,,False
Ext-MSWC-better-common_voice_en_18492029,,False
Ext-MSWC-better-common_voice_en_18505540,,False
Ext-MSWC-better-common_voice_en_18506651,,False
Ext-MSWC-better-common_voice_en_18530227,,False
Ext-MSWC-better-common_voice_en_18534812,,False
Ext-MSWC-better-common_voice_en_18535618,,False
Ext-MSWC-better-common_voice_en_18576956,,False
Ext-MSWC-better-common_voice_en_18596086,,False
Ext-MSWC-better-common_voice_en_18626643__2,,False
Ext-MSWC-better-common_voice_en_18627246,,False
Ext-MSWC-better-common_voice_en_18850128,,False
Ext-MSWC-better-common_voice_en_18862198,,False
Ext-MSWC-better-common_voice_en_18946960,,False
Ext-MSWC-better-common_voice_en_190278,,False
Ext-MSWC-better-common_voice_en_19320885,,False
Ext-MSWC-better-common_voice_en_194512,,False
Ext-MSWC-better-common_voice_en_19561248,,False
Ext-MSWC-better-common_voice_en_19595122,,False
Ext-MSWC-better-common_voice_en_19615612,,False
Ext-MSWC-better-common_voice_en_19651270,,False
Ext-MSWC-better-common_voice_en_19731793,,False
Ext-MSWC-better-common_voice_en_19831601,,False
Ext-MSWC-better-common_voice_en_19855254,,False
Ext-MSWC-better-common_voice_en_20008199,,False
Ext-MSWC-better-common_voice_en_20219958,,False
Ext-MSWC-better-common_voice_en_20313837,,False
Ext-MSWC-better-common_voice_en_20379353,,False
Ext-MSWC-better-common_voice_en_20414096,,False
Ext-MSWC-better-common_voice_en_20429239,,False
Ext-MSWC-better-common_voice_en_204385,,False
Ext-MSWC-better-common_voice_en_20551561,,False
Ext-MSWC-better-common_voice_en_20621,,False
Ext-MSWC-better-common_voice_en_20779836,,False
Ext-MSWC-better-common_voice_en_210277,,False
Ext-MSWC-better-common_voice_en_21180590,,False
Ext-MSWC-better-common_voice_en_21277010,,False
Ext-MSWC-better-common_voice_en_212989,,False
Ext-MSWC-better-common_voice_en_21359222,,False
Ext-MSWC-better-common_voice_en_216957,,False
Ext-MSWC-better-common_voice_en_217404,,False
Ext-MSWC-better-common_voice_en_21812552,,False
Ext-MSWC-better-common_voice_en_21995617,,False
Ext-MSWC-better-common_voice_en_22124044,,False
Ext-MSWC-better-common_voice_en_22174733,,False
Ext-MSWC-better-common_voice_en_22237396,,False
Ext-MSWC-better-common_voice_en_22322190,,False
Ext-MSWC-better-common_voice_en_22812,,False
Ext-MSWC-better-common_voice_en_23978,,False
Ext-MSWC-better-common_voice_en_24133,,False
Ext-MSWC-better-common_voice_en_30644,,False
Ext-MSWC-better-common_voice_en_31567,,False
Ext-MSWC-better-common_voice_en_3367583,,False
Ext-MSWC-better-common_voice_en_337315,,False
Ext-MSWC-better-common_voice_en_34062,,False
Ext-MSWC-better-common_voice_en_34554,,False
Ext-MSWC-better-common_voice_en_359674,,False
Ext-MSWC-better-common_voice_en_36067,,False
Ext-MSWC-better-common_voice_en_398061,,False
Ext-MSWC-better-common_voice_en_40665,,False
Ext-MSWC-better-common_voice_en_41396,,False
Ext-MSWC-better-common_voice_en_44981,,False
Ext-MSWC-better-common_voice_en_470990,,False
Ext-MSWC-better-common_voice_en_47731,,False
Ext-MSWC-better-common_voice_en_478431,,False
Ext-MSWC-better-common_voice_en_478621,,False
Ext-MSWC-better-common_voice_en_479337,,False
Ext-MSWC-better-common_voice_en_480723,,False
Ext-MSWC-better-common_voice_en_488900,,False
Ext-MSWC-better-common_voice_en_490475,,False
Ext-MSWC-better-common_voice_en_499625,,False
Ext-MSWC-better-common_voice_en_505593,,False
Ext-MSWC-better-common_voice_en_508077,,False
Ext-MSWC-better-common_voice_en_508171,,False
Ext-MSWC-better-common_voice_en_508919,,False
Ext-MSWC-better-common_voice_en_509963,,False
Ext-MSWC-better-common_voice_en_512409,,False
Ext-MSWC-better-common_voice_en_513864,,False
Ext-MSWC-better-common_voice_en_51740,,False
Ext-MSWC-better-common_voice_en_517441,,False
Ext-MSWC-better-common_voice_en_518300,,False
Ext-MSWC-better-common_voice_en_518793,,False
Ext-MSWC-better-common_voice_en_522398,,False
Ext-MSWC-better-common_voice_en_527297,,False
Ext-MSWC-better-common_voice_en_535956,,False
Ext-MSWC-better-common_voice_en_542307,,False
Ext-MSWC-better-common_voice_en_544117,,False
Ext-MSWC-better-common_voice_en_544794,,False
Ext-MSWC-better-common_voice_en_547216,,False
Ext-MSWC-better-common_voice_en_549971,,False
Ext-MSWC-better-common_voice_en_551677,,False
Ext-MSWC-better-common_voice_en_553941,,False
Ext-MSWC-better-common_voice_en_556864,,False
Ext-MSWC-better-common_voice_en_558757,,False
Ext-MSWC-better-common_voice_en_562014,,False
Ext-MSWC-better-common_voice_en_563854,,False
Ext-MSWC-better-common_voice_en_564497,,False
Ext-MSWC-better-common_voice_en_568923,,False
Ext-MSWC-better-common_voice_en_570441,,False
Ext-MSWC-better-common_voice_en_573289,,False
Ext-MSWC-better-common_voice_en_573926,,False
Ext-MSWC-better-common_voice_en_577684,,False
Ext-MSWC-better-common_voice_en_578914,,False
Ext-MSWC-better-common_voice_en_584906,,False
Ext-MSWC-better-common_voice_en_587149,,False
Ext-MSWC-better-common_voice_en_588335,,False
Ext-MSWC-better-common_voice_en_588372,,False
Ext-MSWC-better-common_voice_en_591879,,False
Ext-MSWC-better-common_voice_en_593483,,False
Ext-MSWC-better-common_voice_en_601899,,False
Ext-MSWC-better-common_voice_en_602620,,False
Ext-MSWC-better-common_voice_en_603447,,False
Ext-MSWC-better-common_voice_en_60512,,False
Ext-MSWC-better-common_voice_en_607461,,False
Ext-MSWC-better-common_voice_en_612151,,False
Ext-MSWC-better-common_voice_en_613255,,False
Ext-MSWC-better-common_voice_en_61427,,False
Ext-MSWC-better-common_voice_en_623320,,False
Ext-MSWC-better-common_voice_en_629376,,False
Ext-MSWC-better-common_voice_en_633174,,False
Ext-MSWC-better-common_voice_en_634567,,False
Ext-MSWC-better-common_voice_en_636001,,False
Ext-MSWC-better-common_voice_en_637084,,False
Ext-MSWC-better-common_voice_en_639043,,False
Ext-MSWC-better-common_voice_en_641516,,False
Ext-MSWC-better-common_voice_en_64447,,False
Ext-MSWC-better-common_voice_en_644957,,False
Ext-MSWC-better-common_voice_en_645154,,False
Ext-MSWC-better-common_voice_en_648552,,False
Ext-MSWC-better-common_voice_en_649559,,False
Ext-MSWC-better-common_voice_en_655037,,False
Ext-MSWC-better-common_voice_en_656679,,False
Ext-MSWC-better-common_voice_en_656689,,False
Ext-MSWC-better-common_voice_en_657867,,False
Ext-MSWC-better-common_voice_en_660942,,False
Ext-MSWC-better-common_voice_en_664181,,False
Ext-MSWC-better-common_voice_en_664499,,False
Ext-MSWC-better-common_voice_en_666309,,False
Ext-MSWC-better-common_voice_en_66800,,False
Ext-MSWC-better-common_voice_en_668368,,False
Ext-MSWC-better-common_voice_en_669747,,False
Ext-MSWC-better-common_voice_en_670206,,False
Ext-MSWC-better-common_voice_en_670587,,False
Ext-MSWC-better-common_voice_en_67745,,False
Ext-MSWC-better-common_voice_en_681909,,False
Ext-MSWC-better-common_voice_en_684898,,False
Ext-MSWC-better-common_voice_en_684958,,False
Ext-MSWC-better-common_voice_en_687020,,False
Ext-MSWC-better-common_voice_en_687892,,False
Ext-MSWC-better-common_voice_en_689234,,False
Ext-MSWC-better-common_voice_en_699429,,False
Ext-MSWC-better-common_voice_en_700051,,False
Ext-MSWC-better-common_voice_en_700374,,False
Ext-MSWC-better-common_voice_en_74127,,False
Ext-MSWC-better-common_voice_en_75397,,False
Ext-MSWC-better-common_voice_en_76251,,False
Ext-MSWC-better-common_voice_en_77157,,False
Ext-MSWC-better-common_voice_en_78995,,False
Ext-MSWC-better-common_voice_en_8629,,False
Ext-MSWC-better-common_voice_en_87818,,False
Ext-MSWC-better-common_voice_en_88510,,False
Ext-MSWC-better-common_voice_en_93558,,False
Ext-MSWC-better-common_voice_en_94185,,False
Ext-MSWC-better-common_voice_en_96817,,False
Ext-MSWC-data-common_voice_en_13765774,,False
Ext-MSWC-data-common_voice_en_1425689,,False
Ext-MSWC-data-common_voice_en_14728,,False
Ext-MSWC-data-common_voice_en_148037,,False
Ext-MSWC-data-common_voice_en_15734441,,False
Ext-MSWC-data-common_voice_en_16421145,,False
Ext-MSWC-data-common_voice_en_16666131,,False
Ext-MSWC-data-common_voice_en_170417,,False
Ext-MSWC-data-common_voice_en_17247352,,False
Ext-MSWC-data-common_voice_en_17250601,,False
Ext-MSWC-data-common_voice_en_17252692,,False
Ext-MSWC-data-common_voice_en_17255136,,False
Ext-MSWC-data-common_voice_en_17259854,,False
Ext-MSWC-data-common_voice_en_17259911,,False
Ext-MSWC-data-common_voice_en_17261387,,False
Ext-MSWC-data-common_voice_en_17266418,,False
Ext-MSWC-data-common_voice_en_17267677,,False
Ext-MSWC-data-common_voice_en_17273712,,False
Ext-MSWC-data-common_voice_en_17282679,,False
Ext-MSWC-data-common_voice_en_17287190,,False
Ext-MSWC-data-common_voice_en_17295676,,False
Ext-MSWC-data-common_voice_en_17299490,,False
Ext-MSWC-data-common_voice_en_17344264,,False
Ext-MSWC-data-common_voice_en_17346914,,False
Ext-MSWC-data-common_voice_en_17362534,,False
Ext-MSWC-data-common_voice_en_17387856,,False
Ext-MSWC-data-common_voice_en_17393529,,False
Ext-MSWC-data-common_voice_en_17417125,,False
Ext-MSWC-data-common_voice_en_17422754,,False
Ext-MSWC-data-common_voice_en_17436019,,False
Ext-MSWC-data-common_voice_en_17445160,,False
Ext-MSWC-data-common_voice_en_17445631,,False
Ext-MSWC-data-common_voice_en_17450762,,False
Ext-MSWC-data-common_voice_en_17453534,,False
Ext-MSWC-data-common_voice_en_17516143,,False
Ext-MSWC-data-common_voice_en_17538084,,False
Ext-MSWC-data-common_voice_en_17561944,,False
Ext-MSWC-data-common_voice_en_17645503,,False
Ext-MSWC-data-common_voice_en_17653077,,False
Ext-MSWC-data-common_voice_en_176780,,False
Ext-MSWC-data-common_voice_en_17734556,,False
Ext-MSWC-data-common_voice_en_17736994,,False
Ext-MSWC-data-common_voice_en_17903329,,False
Ext-MSWC-data-common_voice_en_17913838,,False
Ext-MSWC-data-common_voice_en_17915331,,False
Ext-MSWC-data-common_voice_en_17922634,,False
Ext-MSWC-data-common_voice_en_17936037,,False
Ext-MSWC-data-common_voice_en_17938608,,False
Ext-MSWC-data-common_voice_en_17940445,,False
Ext-MSWC-data-common_voice_en_17952956,,False
Ext-MSWC-data-common_voice_en_17957517,,False
Ext-MSWC-data-common_voice_en_17966323,,False
Ext-MSWC-data-common_voice_en_18062254,,False
Ext-MSWC-data-common_voice_en_18133657,,False
Ext-MSWC-data-common_voice_en_18259201,,False
Ext-MSWC-data-common_voice_en_18262175,,False
Ext-MSWC-data-common_voice_en_18283980,,False
Ext-MSWC-data-common_voice_en_18411430,,False
Ext-MSWC-data-common_voice_en_18427590,,False
Ext-MSWC-data-common_voice_en_18510564,,False
Ext-MSWC-data-common_voice_en_18529854,,False
Ext-MSWC-data-common_voice_en_18530067,,False
Ext-MSWC-data-common_voice_en_18534469,,False
Ext-MSWC-data-common_voice_en_18540704,,False
Ext-MSWC-data-common_voice_en_18542613,,False
Ext-MSWC-data-common_voice_en_18547453,,False
Ext-MSWC-data-common_voice_en_18550011,,False
Ext-MSWC-data-common_voice_en_18555951,,False
Ext-MSWC-data-common_voice_en_18557053,,False
Ext-MSWC-data-common_voice_en_18564299,,False
Ext-MSWC-data-common_voice_en_1858169,,False
Ext-MSWC-data-common_voice_en_18602067,,False
Ext-MSWC-data-common_voice_en_18607975,,False
Ext-MSWC-data-common_voice_en_18608861,,False
Ext-MSWC-data-common_voice_en_18610477,,False
Ext-MSWC-data-common_voice_en_18612203,,False
Ext-MSWC-data-common_voice_en_18620153,,False
Ext-MSWC-data-common_voice_en_18627809,,False
Ext-MSWC-data-common_voice_en_18634954,,False
Ext-MSWC-data-common_voice_en_18637091,,False
Ext-MSWC-data-common_voice_en_18638555,,False
Ext-MSWC-data-common_voice_en_18646011,,False
Ext-MSWC-data-common_voice_en_18661706,,False
Ext-MSWC-data-common_voice_en_18664556,,False
Ext-MSWC-data-common_voice_en_18668017,,False
Ext-MSWC-data-common_voice_en_18673340,,False
Ext-MSWC-data-common_voice_en_18673937,,False
Ext-MSWC-data-common_voice_en_18679917,,False
Ext-MSWC-data-common_voice_en_18706476,,False
Ext-MSWC-data-common_voice_en_18712979,,False
Ext-MSWC-data-common_voice_en_18715024,,False
Ext-MSWC-data-common_voice_en_18751960,,False
Ext-MSWC-data-common_voice_en_18771031,,False
Ext-MSWC-data-common_voice_en_18810878,,False
Ext-MSWC-data-common_voice_en_18841412,,False
Ext-MSWC-data-common_voice_en_18850989,,False
Ext-MSWC-data-common_voice_en_18861776,,False
Ext-MSWC-data-common_voice_en_18878867,,False
Ext-MSWC-data-common_voice_en_18880495,,False
Ext-MSWC-data-common_voice_en_18886969,,False
Ext-MSWC-data-common_voice_en_18931252,,False
Ext-MSWC-data-common_voice_en_18965430,,False
Ext-MSWC-data-common_voice_en_18980539,,False
Ext-MSWC-data-common_voice_en_18981240,,False
Ext-MSWC-data-common_voice_en_18993134,,False
Ext-MSWC-data-common_voice_en_19001787,,False
Ext-MSWC-data-common_voice_en_19003187,,False
Ext-MSWC-data-common_voice_en_19013125,,False
Ext-MSWC-data-common_voice_en_19020495,,False
Ext-MSWC-data-common_voice_en_19025646,,False
Ext-MSWC-data-common_voice_en_19028449,,False
Ext-MSWC-data-common_voice_en_19056892,,False
Ext-MSWC-data-common_voice_en_19078524,,False
Ext-MSWC-data-common_voice_en_19086265,,False
Ext-MSWC-data-common_voice_en_19105111,,False
Ext-MSWC-data-common_voice_en_19111544,,False
Ext-MSWC-data-common_voice_en_19195643,,False
Ext-MSWC-data-common_voice_en_19198961__2,,False
Ext-MSWC-data-common_voice_en_19203315,,False
Ext-MSWC-data-common_voice_en_19205693,,False
Ext-MSWC-data-common_voice_en_19214705,,False
Ext-MSWC-data-common_voice_en_19289493,,False
Ext-MSWC-data-common_voice_en_19311570,,False
Ext-MSWC-data-common_voice_en_19332269,,False
Ext-MSWC-data-common_voice_en_19352429,,False
Ext-MSWC-data-common_voice_en_19453355,,False
Ext-MSWC-data-common_voice_en_19474828,,False
Ext-MSWC-data-common_voice_en_19497531,,False
Ext-MSWC-data-common_voice_en_19499581,,False
Ext-MSWC-data-common_voice_en_19513228,,False
Ext-MSWC-data-common_voice_en_19519476,,False
Ext-MSWC-data-common_voice_en_19520056,,False
Ext-MSWC-data-common_voice_en_19526670,,False
Ext-MSWC-data-common_voice_en_19531172,,False
Ext-MSWC-data-common_voice_en_19539190,,False
Ext-MSWC-data-common_voice_en_19546418,,False
Ext-MSWC-data-common_voice_en_19568372,,False
Ext-MSWC-data-common_voice_en_19601949,,False
Ext-MSWC-data-common_voice_en_19604725,,False
Ext-MSWC-data-common_voice_en_19606478,,False
Ext-MSWC-data-common_voice_en_19610588,,False
Ext-MSWC-data-common_voice_en_19611511,,False
Ext-MSWC-data-common_voice_en_19613202,,False
Ext-MSWC-data-common_voice_en_19613798,,False
Ext-MSWC-data-common_voice_en_19614838,,False
Ext-MSWC-data-common_voice_en_19621196,,False
Ext-MSWC-data-common_voice_en_19638068,,False
Ext-MSWC-data-common_voice_en_19638092,,False
Ext-MSWC-data-common_voice_en_19664034__2,,False
Ext-MSWC-data-common_voice_en_19673269,,False
Ext-MSWC-data-common_voice_en_19675745__2,,False
Ext-MSWC-data-common_voice_en_19712905,,False
Ext-MSWC-data-common_voice_en_19722352,,False
Ext-MSWC-data-common_voice_en_19723743,,False
Ext-MSWC-data-common_voice_en_19748851,,False
Ext-MSWC-data-common_voice_en_19750040,,False
Ext-MSWC-data-common_voice_en_19755269,,False
Ext-MSWC-data-common_voice_en_19773100,,False
Ext-MSWC-data-common_voice_en_19773940,,False
Ext-MSWC-data-common_voice_en_19785371,,False
Ext-MSWC-data-common_voice_en_19795398,,False
Ext-MSWC-data-common_voice_en_19810588,,False
Ext-MSWC-data-common_voice_en_19812248,,False
Ext-MSWC-data-common_voice_en_19813863,,False
Ext-MSWC-data-common_voice_en_19819613,,False
Ext-MSWC-data-common_voice_en_19820109,,False
Ext-MSWC-data-common_voice_en_19823414,,False
Ext-MSWC-data-common_voice_en_19867863,,False
Ext-MSWC-data-common_voice_en_19868334,,False
Ext-MSWC-data-common_voice_en_19869966,,False
Ext-MSWC-data-common_voice_en_19945366,,False
Ext-MSWC-data-common_voice_en_19956943,,False
Ext-MSWC-data-common_voice_en_19962328,,False
Ext-MSWC-data-common_voice_en_19967927,,False
Ext-MSWC-data-common_voice_en_19975173,,False
Ext-MSWC-data-common_voice_en_19981043,,False
Ext-MSWC-data-common_voice_en_20006091,,False
Ext-MSWC-data-common_voice_en_20026958,,False
Ext-MSWC-data-common_voice_en_20052300,,False
Ext-MSWC-data-common_voice_en_20061967,,False
Ext-MSWC-data-common_voice_en_20065431,,False
Ext-MSWC-data-common_voice_en_20087297,,False
Ext-MSWC-data-common_voice_en_20089281,,False
Ext-MSWC-data-common_voice_en_20091183,,False
Ext-MSWC-data-common_voice_en_20099031__2,,False
Ext-MSWC-data-common_voice_en_20101719,,False
Ext-MSWC-data-common_voice_en_20110400,,False
Ext-MSWC-data-common_voice_en_20120458,,False
Ext-MSWC-data-common_voice_en_20134854,,False
Ext-MSWC-data-common_voice_en_20147922,,False
Ext-MSWC-data-common_voice_en_20162922,,False
Ext-MSWC-data-common_voice_en_20182160,,False
Ext-MSWC-data-common_voice_en_20228834,,False
Ext-MSWC-data-common_voice_en_20256130,,False
Ext-MSWC-data-common_voice_en_20261927,,False
Ext-MSWC-data-common_voice_en_20265594,,False
Ext-MSWC-data-common_voice_en_20268512,,False
Ext-MSWC-data-common_voice_en_20281041,,False
Ext-MSWC-data-common_voice_en_20281310,,False
Ext-MSWC-data-common_voice_en_20282913,,False
Ext-MSWC-data-common_voice_en_20283164,,False
Ext-MSWC-data-common_voice_en_20294817,,False
Ext-MSWC-data-common_voice_en_20333171,,False
Ext-MSWC-data-common_voice_en_20339684,,False
Ext-MSWC-data-common_voice_en_20372312,,False
Ext-MSWC-data-common_voice_en_20382037,,False
Ext-MSWC-data-common_voice_en_20386733,,False
Ext-MSWC-data-common_voice_en_20388568,,False
Ext-MSWC-data-common_voice_en_20418220,,False
Ext-MSWC-data-common_voice_en_20440445,,False
Ext-MSWC-data-common_voice_en_20462609,,False
Ext-MSWC-data-common_voice_en_20481811,,False
Ext-MSWC-data-common_voice_en_20519853,,False
Ext-MSWC-data-common_voice_en_20555814,,False
Ext-MSWC-data-common_voice_en_20559111,,False
Ext-MSWC-data-common_voice_en_20623196,,False
Ext-MSWC-data-common_voice_en_20670089,,False
Ext-MSWC-data-common_voice_en_20674611,,False
Ext-MSWC-data-common_voice_en_207760,,False
Ext-MSWC-data-common_voice_en_20793138,,False
Ext-MSWC-data-common_voice_en_20803535,,False
Ext-MSWC-data-common_voice_en_20817896,,False
Ext-MSWC-data-common_voice_en_20833906,,False
Ext-MSWC-data-common_voice_en_20846735,,False
Ext-MSWC-data-common_voice_en_20858258,,False
Ext-MSWC-data-common_voice_en_20872479,,False
Ext-MSWC-data-common_voice_en_20876983,,False
Ext-MSWC-data-common_voice_en_208865,,False
Ext-MSWC-data-common_voice_en_20888062,,False
Ext-MSWC-data-common_voice_en_20975696,,False
Ext-MSWC-data-common_voice_en_21021418,,False
Ext-MSWC-data-common_voice_en_21223014,,False
Ext-MSWC-data-common_voice_en_21246468,,False
Ext-MSWC-data-common_voice_en_21264389,,False
Ext-MSWC-data-common_voice_en_21312132,,False
Ext-MSWC-data-common_voice_en_21351976,,False
Ext-MSWC-data-common_voice_en_21359256,,False
Ext-MSWC-data-common_voice_en_21397942,,False
Ext-MSWC-data-common_voice_en_21399958,,False
Ext-MSWC-data-common_voice_en_21430211,,False
Ext-MSWC-data-common_voice_en_21437446,,False
Ext-MSWC-data-common_voice_en_21500405,,False
Ext-MSWC-data-common_voice_en_21645924,,False
Ext-MSWC-data-common_voice_en_21656924,,False
Ext-MSWC-data-common_voice_en_21753160,,False
Ext-MSWC-data-common_voice_en_21762255,,False
Ext-MSWC-data-common_voice_en_21770540,,False
Ext-MSWC-data-common_voice_en_21786515,,False
Ext-MSWC-data-common_voice_en_21794295,,False
Ext-MSWC-data-common_voice_en_21858979,,False
Ext-MSWC-data-common_voice_en_21860436,,False
Ext-MSWC-data-common_voice_en_21877641,,False
Ext-MSWC-data-common_voice_en_21921064,,False
Ext-MSWC-data-common_voice_en_21965017,,False
Ext-MSWC-data-common_voice_en_22061070,,False
Ext-MSWC-data-common_voice_en_22066455,,False
Ext-MSWC-data-common_voice_en_22080409,,False
Ext-MSWC-data-common_voice_en_22123880,,False
Ext-MSWC-data-common_voice_en_22146519,,False
Ext-MSWC-data-common_voice_en_22160205,,False
Ext-MSWC-data-common_voice_en_22165505,,False
Ext-MSWC-data-common_voice_en_22219566,,False
Ext-MSWC-data-common_voice_en_22240480,,False
Ext-MSWC-data-common_voice_en_22243909,,False
Ext-MSWC-data-common_voice_en_22252749,,False
Ext-MSWC-data-common_voice_en_22264887,,False
Ext-MSWC-data-common_voice_en_22305629,,False
Ext-MSWC-data-common_voice_en_22305989,,False
Ext-MSWC-data-common_voice_en_22312647,,False
Ext-MSWC-data-common_voice_en_22314801,,False
Ext-MSWC-data-common_voice_en_22316286__2,,False
Ext-MSWC-data-common_voice_en_22319686__2,,False
Ext-MSWC-data-common_voice_en_22334388,,False
Ext-MSWC-data-common_voice_en_22411679,,False
Ext-MSWC-data-common_voice_en_22413257,,False
Ext-MSWC-data-common_voice_en_22420650,,False
Ext-MSWC-data-common_voice_en_22437445,,False
Ext-MSWC-data-common_voice_en_22457489,,False
Ext-MSWC-data-common_voice_en_2322844,,False
Ext-MSWC-data-common_voice_en_2409853,,False
Ext-MSWC-data-common_voice_en_29703,,False
Ext-MSWC-data-common_voice_en_37242,,False
Ext-MSWC-data-common_voice_en_39830,,False
Ext-MSWC-data-common_voice_en_413118,,False
Ext-MSWC-data-common_voice_en_4370239,,False
Ext-MSWC-data-common_voice_en_495226,,False
Ext-MSWC-data-common_voice_en_499218,,False
Ext-MSWC-data-common_voice_en_504176,,False
Ext-MSWC-data-common_voice_en_538426,,False
Ext-MSWC-data-common_voice_en_543196,,False
Ext-MSWC-data-common_voice_en_543640,,False
Ext-MSWC-data-common_voice_en_562461,,False
Ext-MSWC-data-common_voice_en_5666042,,False
Ext-MSWC-data-common_voice_en_576914,,False
Ext-MSWC-data-common_voice_en_591118,,False
Ext-MSWC-data-common_voice_en_630047,,False
Ext-MSWC-data-common_voice_en_652854,,False
Ext-MSWC-data-common_voice_en_665530,,False
Ext-MSWC-data-common_voice_en_77569,,False
Ext-MSWC-data-common_voice_en_97722,,False
Ext-MSWC-daughter-common_voice_en_101658,,False
Ext-MSWC-daughter-common_voice_en_103595,,False
Ext-MSWC-daughter-common_voice_en_106400,,False
Ext-MSWC-daughter-common_voice_en_116693,,False
Ext-MSWC-daughter-common_voice_en_117598,,False
Ext-MSWC-daughter-common_voice_en_118885,,False
Ext-MSWC-daughter-common_voice_en_122324,,False
Ext-MSWC-daughter-common_voice_en_126051,,False
Ext-MSWC-daughter-common_voice_en_126556,,False
Ext-MSWC-daughter-common_voice_en_128281,,False
Ext-MSWC-daughter-common_voice_en_129965,,False
Ext-MSWC-daughter-common_voice_en_135769,,False
Ext-MSWC-daughter-common_voice_en_14260,,False
Ext-MSWC-daughter-common_voice_en_143215,,False
Ext-MSWC-daughter-common_voice_en_149780,,False
Ext-MSWC-daughter-common_voice_en_15733951,,False
Ext-MSWC-daughter-common_voice_en_15903521,,False
Ext-MSWC-daughter-common_voice_en_159595,,False
Ext-MSWC-daughter-common_voice_en_164295,,False
Ext-MSWC-daughter-common_voice_en_16904,,False
Ext-MSWC-daughter-common_voice_en_17254744,,False
Ext-MSWC-daughter-common_voice_en_17255455,,False
Ext-MSWC-daughter-common_voice_en_17321927,,False
Ext-MSWC-daughter-common_voice_en_17324871,,False
Ext-MSWC-daughter-common_voice_en_17365223,,False
Ext-MSWC-daughter-common_voice_en_174240,,False
Ext-MSWC-daughter-common_voice_en_17492,,False
Ext-MSWC-daughter-common_voice_en_17558585,,False
Ext-MSWC-daughter-common_voice_en_176362,,False
Ext-MSWC-daughter-common_voice_en_17725492,,False
Ext-MSWC-daughter-common_voice_en_17771906,,False
Ext-MSWC-daughter-common_voice_en_17789416,,False
Ext-MSWC-daughter-common_voice_en_17798754,,False
Ext-MSWC-daughter-common_voice_en_17810288,,False
Ext-MSWC-daughter-common_voice_en_17820895,,False
Ext-MSWC-daughter-common_voice_en_17860700,,False
Ext-MSWC-daughter-common_voice_en_17953,,False
Ext-MSWC-daughter-common_voice_en_17965861,,False
Ext-MSWC-daughter-common_voice_en_17966859,,False
Ext-MSWC-daughter-common_voice_en_18295855,,False
Ext-MSWC-daughter-common_voice_en_18319680,,False
Ext-MSWC-daughter-common_voice_en_18322749,,False
Ext-MSWC-daughter-common_voice_en_18331754,,False
Ext-MSWC-daughter-common_voice_en_18348093,,False
Ext-MSWC-daughter-common_voice_en_18349851,,False
Ext-MSWC-daughter-common_voice_en_18432569,,False
Ext-MSWC-daughter-common_voice_en_18435604,,False
Ext-MSWC-daughter-common_voice_en_18450585,,False
Ext-MSWC-daughter-common_voice_en_18455848,,False
Ext-MSWC-daughter-common_voice_en_18488169,,False
Ext-MSWC-daughter-common_voice_en_18492723,,False
Ext-MSWC-daughter-common_voice_en_18500,,False
Ext-MSWC-daughter-common_voice_en_186697,,False
Ext-MSWC-daughter-common_voice_en_18673235,,False
Ext-MSWC-daughter-common_voice_en_18686857,,False
Ext-MSWC-daughter-common_voice_en_18705400,,False
Ext-MSWC-daughter-common_voice_en_18710561,,False
Ext-MSWC-daughter-common_voice_en_18712964,,False
Ext-MSWC-daughter-common_voice_en_18733408,,False
Ext-MSWC-daughter-common_voice_en_18777890,,False
Ext-MSWC-daughter-common_voice_en_18779880,,False
Ext-MSWC-daughter-common_voice_en_18800388,,False
Ext-MSWC-daughter-common_voice_en_18802618,,False
Ext-MSWC-daughter-common_voice_en_18812575,,False
Ext-MSWC-daughter-common_voice_en_18819626,,False
Ext-MSWC-daughter-common_voice_en_18826523,,False
Ext-MSWC-daughter-common_voice_en_18837843,,False
Ext-MSWC-daughter-common_voice_en_18846694,,False
Ext-MSWC-daughter-common_voice_en_18848853,,False
Ext-MSWC-daughter-common_voice_en_18890667,,False
Ext-MSWC-daughter-common_voice_en_19024893,,False
Ext-MSWC-daughter-common_voice_en_19025917,,False
Ext-MSWC-daughter-common_voice_en_19028921,,False
Ext-MSWC-daughter-common_voice_en_19113903,,False
Ext-MSWC-daughter-common_voice_en_19114465,,False
Ext-MSWC-daughter-common_voice_en_19131500,,False
Ext-MSWC-daughter-common_voice_en_19165075,,False
Ext-MSWC-daughter-common_voice_en_19171641,,False
Ext-MSWC-daughter-common_voice_en_19201127,,False
Ext-MSWC-daughter-common_voice_en_19244922,,False
Ext-MSWC-daughter-common_voice_en_19255025,,False
Ext-MSWC-daughter-common_voice_en_19277735,,False
Ext-MSWC-daughter-common_voice_en_19285960,,False
Ext-MSWC-daughter-common_voice_en_19289226,,False
Ext-MSWC-daughter-common_voice_en_19306545,,False
Ext-MSWC-daughter-common_voice_en_193407,,False
Ext-MSWC-daughter-common_voice_en_19356945,,False
Ext-MSWC-daughter-common_voice_en_19357179,,False
Ext-MSWC-daughter-common_voice_en_19365927,,False
Ext-MSWC-daughter-common_voice_en_19393031,,False
Ext-MSWC-daughter-common_voice_en_19409171,,False
Ext-MSWC-daughter-common_voice_en_19451186,,False
Ext-MSWC-daughter-common_voice_en_19479423,,False
Ext-MSWC-daughter-common_voice_en_19501960,,False
Ext-MSWC-daughter-common_voice_en_19533844,,False
Ext-MSWC-daughter-common_voice_en_19536608,,False
Ext-MSWC-daughter-common_voice_en_19537201,,False
Ext-MSWC-daughter-common_voice_en_19538486,,False
Ext-MSWC-daughter-common_voice_en_19562726,,False
Ext-MSWC-daughter-common_voice_en_19571721,,False
Ext-MSWC-daughter-common_voice_en_19575891,,False
Ext-MSWC-daughter-common_voice_en_19589221,,False
Ext-MSWC-daughter-common_voice_en_19614049,,False
Ext-MSWC-daughter-common_voice_en_19621835,,False
Ext-MSWC-daughter-common_voice_en_19623616,,False
Ext-MSWC-daughter-common_voice_en_19639044,,False
Ext-MSWC-daughter-common_voice_en_19639409,,False
Ext-MSWC-daughter-common_voice_en_19666676,,False
Ext-MSWC-daughter-common_voice_en_19682746,,False
Ext-MSWC-daughter-common_voice_en_19687955,,False
Ext-MSWC-daughter-common_voice_en_19692627,,False
Ext-MSWC-daughter-common_voice_en_19696193,,False
Ext-MSWC-daughter-common_voice_en_19699347,,False
Ext-MSWC-daughter-common_voice_en_19708361,,False
Ext-MSWC-daughter-common_voice_en_19710828,,False
Ext-MSWC-daughter-common_voice_en_19717683,,False
Ext-MSWC-daughter-common_voice_en_19751713,,False
Ext-MSWC-daughter-common_voice_en_19756235,,False
Ext-MSWC-daughter-common_voice_en_19762270,,False
Ext-MSWC-daughter-common_voice_en_19765513,,False
Ext-MSWC-daughter-common_voice_en_19769461,,False
Ext-MSWC-daughter-common_voice_en_19789415,,False
Ext-MSWC-daughter-common_voice_en_19823709,,False
Ext-MSWC-daughter-common_voice_en_19943905,,False
Ext-MSWC-daughter-common_voice_en_19960385,,False
Ext-MSWC-daughter-common_voice_en_19960951,,False
Ext-MSWC-daughter-common_voice_en_19978258,,False
Ext-MSWC-daughter-common_voice_en_20008609,,False
Ext-MSWC-daughter-common_voice_en_20008992,,False
Ext-MSWC-daughter-common_voice_en_20022781,,False
Ext-MSWC-daughter-common_voice_en_20043246,,False
Ext-MSWC-daughter-common_voice_en_20049096,,False
Ext-MSWC-daughter-common_voice_en_20081081,,False
Ext-MSWC-daughter-common_voice_en_20116090,,False
Ext-MSWC-daughter-common_voice_en_20141197,,False
Ext-MSWC-daughter-common_voice_en_20143622,,False
Ext-MSWC-daughter-common_voice_en_20160730,,False
Ext-MSWC-daughter-common_voice_en_20162809,,False
Ext-MSWC-daughter-common_voice_en_20228016,,False
Ext-MSWC-daughter-common_voice_en_20253616,,False
Ext-MSWC-daughter-common_voice_en_20254593,,False
Ext-MSWC-daughter-common_voice_en_20268196,,False
Ext-MSWC-daughter-common_voice_en_20275740,,False
Ext-MSWC-daughter-common_voice_en_20276358,,False
Ext-MSWC-daughter-common_voice_en_20287048,,False
Ext-MSWC-daughter-common_voice_en_20292684,,False
Ext-MSWC-daughter-common_voice_en_20306562,,False
Ext-MSWC-daughter-common_voice_en_20321819,,False
Ext-MSWC-daughter-common_voice_en_20323660,,False
Ext-MSWC-daughter-common_voice_en_20323735,,False
Ext-MSWC-daughter-common_voice_en_20325492,,False
Ext-MSWC-daughter-common_voice_en_20381728,,False
Ext-MSWC-daughter-common_voice_en_20408068,,False
Ext-MSWC-daughter-common_voice_en_20413763,,False
Ext-MSWC-daughter-common_voice_en_20418084,,False
Ext-MSWC-daughter-common_voice_en_20425484,,False
Ext-MSWC-daughter-common_voice_en_20428582,,False
Ext-MSWC-daughter-common_voice_en_20476931,,False
Ext-MSWC-daughter-common_voice_en_20501381,,False
Ext-MSWC-daughter-common_voice_en_20520498,,False
Ext-MSWC-daughter-common_voice_en_20562230,,False
Ext-MSWC-daughter-common_voice_en_20592418,,False
Ext-MSWC-daughter-common_voice_en_20596737,,False
Ext-MSWC-daughter-common_voice_en_206347,,False
Ext-MSWC-daughter-common_voice_en_20678476,,False
Ext-MSWC-daughter-common_voice_en_20694270,,False
Ext-MSWC-daughter-common_voice_en_20702952,,False
Ext-MSWC-daughter-common_voice_en_20726439,,False
Ext-MSWC-daughter-common_voice_en_20727922,,False
Ext-MSWC-daughter-common_voice_en_20781144,,False
Ext-MSWC-daughter-common_voice_en_20824494,,False
Ext-MSWC-daughter-common_voice_en_20853387,,False
Ext-MSWC-daughter-common_voice_en_20864187,,False
Ext-MSWC-daughter-common_voice_en_208685,,False
Ext-MSWC-daughter-common_voice_en_20883374,,False
Ext-MSWC-daughter-common_voice_en_20908165,,False
Ext-MSWC-daughter-common_voice_en_20911812,,False
Ext-MSWC-daughter-common_voice_en_20919373,,False
Ext-MSWC-daughter-common_voice_en_20956467,,False
Ext-MSWC-daughter-common_voice_en_20990346,,False
Ext-MSWC-daughter-common_voice_en_21004951,,False
Ext-MSWC-daughter-common_voice_en_21024283,,False
Ext-MSWC-daughter-common_voice_en_21109892,,False
Ext-MSWC-daughter-common_voice_en_21205873,,False
Ext-MSWC-daughter-common_voice_en_212250,,False
Ext-MSWC-daughter-common_voice_en_21251213,,False
Ext-MSWC-daughter-common_voice_en_21264056,,False
Ext-MSWC-daughter-common_voice_en_21276962,,False
Ext-MSWC-daughter-common_voice_en_21287226,,False
Ext-MSWC-daughter-common_voice_en_21292834,,False
Ext-MSWC-daughter-common_voice_en_21313137,,False
Ext-MSWC-daughter-common_voice_en_21314003,,False
Ext-MSWC-daughter-common_voice_en_21323329,,False
Ext-MSWC-daughter-common_voice_en_21329074,,False
Ext-MSWC-daughter-common_voice_en_21347431,,False
Ext-MSWC-daughter-common_voice_en_21356452,,False
Ext-MSWC-daughter-common_voice_en_21381816,,False
Ext-MSWC-daughter-common_voice_en_21387748,,False
Ext-MSWC-daughter-common_voice_en_21429355,,False
Ext-MSWC-daughter-common_voice_en_21453461,,False
Ext-MSWC-daughter-common_voice_en_21504951,,False
Ext-MSWC-daughter-common_voice_en_21518222,,False
Ext-MSWC-daughter-common_voice_en_21605191,,False
Ext-MSWC-daughter-common_voice_en_21678309,,False
Ext-MSWC-daughter-common_voice_en_21721596,,False
Ext-MSWC-daughter-common_voice_en_21741454,,False
Ext-MSWC-daughter-common_voice_en_21769743,,False
Ext-MSWC-daughter-common_voice_en_21827249,,False
Ext-MSWC-daughter-common_voice_en_21843232,,False
Ext-MSWC-daughter-common_voice_en_21877183,,False
Ext-MSWC-daughter-common_voice_en_21936274,,False
Ext-MSWC-daughter-common_voice_en_21996832,,False
Ext-MSWC-daughter-common_voice_en_22016950,,False
Ext-MSWC-daughter-common_voice_en_22017206,,False
Ext-MSWC-daughter-common_voice_en_22043061,,False
Ext-MSWC-daughter-common_voice_en_220514,,False
Ext-MSWC-daughter-common_voice_en_22065867,,False
Ext-MSWC-daughter-common_voice_en_22082926,,False
Ext-MSWC-daughter-common_voice_en_22103844,,False
Ext-MSWC-daughter-common_voice_en_22105394,,False
Ext-MSWC-daughter-common_voice_en_22145857,,False
Ext-MSWC-daughter-common_voice_en_22169918,,False
Ext-MSWC-daughter-common_voice_en_22185781,,False
Ext-MSWC-daughter-common_voice_en_22252188,,False
Ext-MSWC-daughter-common_voice_en_22301803,,False
Ext-MSWC-daughter-common_voice_en_22304777,,False
Ext-MSWC-daughter-common_voice_en_2234,,False
Ext-MSWC-daughter-common_voice_en_22406172,,False
Ext-MSWC-daughter-common_voice_en_22444208,,False
Ext-MSWC-daughter-common_voice_en_22904,,False
Ext-MSWC-daughter-common_voice_en_23895,,False
Ext-MSWC-daughter-common_voice_en_2539,,False
Ext-MSWC-daughter-common_voice_en_2820,,False
Ext-MSWC-daughter-common_voice_en_33028,,False
Ext-MSWC-daughter-common_voice_en_34283,,False
Ext-MSWC-daughter-common_voice_en_38231,,False
Ext-MSWC-daughter-common_voice_en_43604,,False
Ext-MSWC-daughter-common_voice_en_481247,,False
Ext-MSWC-daughter-common_voice_en_487049,,False
Ext-MSWC-daughter-common_voice_en_498674,,False
Ext-MSWC-daughter-common_voice_en_506834,,False
Ext-MSWC-daughter-common_voice_en_508532,,False
Ext-MSWC-daughter-common_voice_en_511822,,False
Ext-MSWC-daughter-common_voice_en_517691,,False
Ext-MSWC-daughter-common_voice_en_523576,,False
Ext-MSWC-daughter-common_voice_en_530549,,False
Ext-MSWC-daughter-common_voice_en_535995,,False
Ext-MSWC-daughter-common_voice_en_537690,,False
Ext-MSWC-daughter-common_voice_en_540206,,False
Ext-MSWC-daughter-common_voice_en_540285,,False
Ext-MSWC-daughter-common_voice_en_546118,,False
Ext-MSWC-daughter-common_voice_en_549174,,False
Ext-MSWC-daughter-common_voice_en_55424,,False
Ext-MSWC-daughter-common_voice_en_556665,,False
Ext-MSWC-daughter-common_voice_en_556756,,False
Ext-MSWC-daughter-common_voice_en_561618,,False
Ext-MSWC-daughter-common_voice_en_567067,,False
Ext-MSWC-daughter-common_voice_en_584749,,False
Ext-MSWC-daughter-common_voice_en_586241,,False
Ext-MSWC-daughter-common_voice_en_58641,,False
Ext-MSWC-daughter-common_voice_en_586844,,False
Ext-MSWC-daughter-common_voice_en_589796,,False
Ext-MSWC-daughter-common_voice_en_593942,,False
Ext-MSWC-daughter-common_voice_en_595067,,False
Ext-MSWC-daughter-common_voice_en_596651,,False
Ext-MSWC-daughter-common_voice_en_600498,,False
Ext-MSWC-daughter-common_voice_en_601102,,False
Ext-MSWC-daughter-common_voice_en_604640,,False
Ext-MSWC-daughter-common_voice_en_606613,,False
Ext-MSWC-daughter-common_voice_en_628102,,False
Ext-MSWC-daughter-common_voice_en_629588,,False
Ext-MSWC-daughter-common_voice_en_630721,,False
Ext-MSWC-daughter-common_voice_en_63344,,False
Ext-MSWC-daughter-common_voice_en_633546,,False
Ext-MSWC-daughter-common_voice_en_639115,,False
Ext-MSWC-daughter-common_voice_en_642801,,False
Ext-MSWC-daughter-common_voice_en_647041,,False
Ext-MSWC-daughter-common_voice_en_653868,,False
Ext-MSWC-daughter-common_voice_en_658212,,False
Ext-MSWC-daughter-common_voice_en_658300__2,,False
Ext-MSWC-daughter-common_voice_en_659779,,False
Ext-MSWC-daughter-common_voice_en_660363,,False
Ext-MSWC-daughter-common_voice_en_662565,,False
Ext-MSWC-daughter-common_voice_en_662788,,False
Ext-MSWC-daughter-common_voice_en_666751,,False
Ext-MSWC-daughter-common_voice_en_67418,,False
Ext-MSWC-daughter-common_voice_en_677092,,False
Ext-MSWC-daughter-common_voice_en_681306,,False
Ext-MSWC-daughter-common_voice_en_681928,,False
Ext-MSWC-daughter-common_voice_en_68885,,False
Ext-MSWC-daughter-common_voice_en_695748,,False
Ext-MSWC-daughter-common_voice_en_698048,,False
Ext-MSWC-daughter-common_voice_en_69811,,False
Ext-MSWC-daughter-common_voice_en_71434,,False
Ext-MSWC-daughter-common_voice_en_73039,,False
Ext-MSWC-daughter-common_voice_en_85651,,False
Ext-MSWC-daughter-common_voice_en_86727,,False
Ext-MSWC-daughter-common_voice_en_8911,,False
Ext-MSWC-daughter-common_voice_en_94866,,False
Ext-MSWC-daughter-common_voice_en_96503,,False
Ext-MSWC-day-common_voice_en_100455,,False
Ext-MSWC-day-common_voice_en_104524,,False
Ext-MSWC-day-common_voice_en_106105,,False
Ext-MSWC-day-common_voice_en_10737836,,False
Ext-MSWC-day-common_voice_en_10889,,False
Ext-MSWC-day-common_voice_en_110768,,False
Ext-MSWC-day-common_voice_en_111958,,False
Ext-MSWC-day-common_voice_en_112831,,False
Ext-MSWC-day-common_voice_en_113400,,False
Ext-MSWC-day-common_voice_en_117624,,False
Ext-MSWC-day-common_voice_en_118917,,False
Ext-MSWC-day-common_voice_en_125844,,False
Ext-MSWC-day-common_voice_en_12845,,False
Ext-MSWC-day-common_voice_en_131873,,False
Ext-MSWC-day-common_voice_en_133600,,False
Ext-MSWC-day-common_voice_en_133989,,False
Ext-MSWC-day-common_voice_en_137456,,False
Ext-MSWC-day-common_voice_en_140600,,False
Ext-MSWC-day-common_voice_en_148405,,False
Ext-MSWC-day-common_voice_en_14921,,False
Ext-MSWC-day-common_voice_en_150157,,False
Ext-MSWC-day-common_voice_en_151854,,False
Ext-MSWC-day-common_voice_en_155910,,False
Ext-MSWC-day-common_voice_en_15734378,,False
Ext-MSWC-day-common_voice_en_15734954,,False
Ext-MSWC-day-common_voice_en_158887,,False
Ext-MSWC-day-common_voice_en_15896,,False
Ext-MSWC-day-common_voice_en_15904007,,False
Ext-MSWC-day-common_voice_en_166583,,False
Ext-MSWC-day-common_voice_en_166797,,False
Ext-MSWC-day-common_voice_en_167046,,False
Ext-MSWC-day-common_voice_en_17110,,False
Ext-MSWC-day-common_voice_en_17250139,,False
Ext-MSWC-day-common_voice_en_17250648,,False
Ext-MSWC-day-common_voice_en_17251320,,False
Ext-MSWC-day-common_voice_en_17270947,,False
Ext-MSWC-day-common_voice_en_17274855,,False
Ext-MSWC-day-common_voice_en_17281755,,False
Ext-MSWC-day-common_voice_en_17286310,,False
Ext-MSWC-day-common_voice_en_17288407,,False
Ext-MSWC-day-common_voice_en_17333319,,False
Ext-MSWC-day-common_voice_en_17391359,,False
Ext-MSWC-day-common_voice_en_17416417,,False
Ext-MSWC-day-common_voice_en_17454141,,False
Ext-MSWC-day-common_voice_en_17488352,,False
Ext-MSWC-day-common_voice_en_17696597,,False
Ext-MSWC-day-common_voice_en_17748809,,False
Ext-MSWC-day-common_voice_en_17766075,,False
Ext-MSWC-day-common_voice_en_17785096,,False
Ext-MSWC-day-common_voice_en_17850027,,False
Ext-MSWC-day-common_voice_en_17851616,,False
Ext-MSWC-day-common_voice_en_17863826,,False
Ext-MSWC-day-common_voice_en_17977347,,False
Ext-MSWC-day-common_voice_en_17979395,,False
Ext-MSWC-day-common_voice_en_18007729,,False
Ext-MSWC-day-common_voice_en_18066556,,False
Ext-MSWC-day-common_voice_en_18092715,,False
Ext-MSWC-day-common_voice_en_18106563,,False
Ext-MSWC-day-common_voice_en_18139479,,False
Ext-MSWC-day-common_voice_en_18303857,,False
Ext-MSWC-day-common_voice_en_18336143,,False
Ext-MSWC-day-common_voice_en_18342633,,False
Ext-MSWC-day-common_voice_en_18355386,,False
Ext-MSWC-day-common_voice_en_18419576,,False
Ext-MSWC-day-common_voice_en_18429740,,False
Ext-MSWC-day-common_voice_en_184389,,False
Ext-MSWC-day-common_voice_en_18462329,,False
Ext-MSWC-day-common_voice_en_18490157,,False
Ext-MSWC-day-common_voice_en_18494025,,False
Ext-MSWC-day-common_voice_en_18503265,,False
Ext-MSWC-day-common_voice_en_185109,,False
Ext-MSWC-day-common_voice_en_18512102,,False
Ext-MSWC-day-common_voice_en_18513119__2,,False
Ext-MSWC-day-common_voice_en_18519029,,False
Ext-MSWC-day-common_voice_en_18533529,,False
Ext-MSWC-day-common_voice_en_18560335,,False
Ext-MSWC-day-common_voice_en_18571266,,False
Ext-MSWC-day-common_voice_en_186031,,False
Ext-MSWC-day-common_voice_en_18638426,,False
Ext-MSWC-day-common_voice_en_18650327,,False
Ext-MSWC-day-common_voice_en_18713051,,False
Ext-MSWC-day-common_voice_en_18762715,,False
Ext-MSWC-day-common_voice_en_18767182,,False
Ext-MSWC-day-common_voice_en_18792471,,False
Ext-MSWC-day-common_voice_en_18839653,,False
Ext-MSWC-day-common_voice_en_18842017__2,,False
Ext-MSWC-day-common_voice_en_18844698,,False
Ext-MSWC-day-common_voice_en_18934538,,False
Ext-MSWC-day-common_voice_en_18935304,,False
Ext-MSWC-day-common_voice_en_18949300,,False
Ext-MSWC-day-common_voice_en_18999396,,False
Ext-MSWC-day-common_voice_en_19009506,,False
Ext-MSWC-day-common_voice_en_19017388,,False
Ext-MSWC-day-common_voice_en_19049936,,False
Ext-MSWC-day-common_voice_en_19077095,,False
Ext-MSWC-day-common_voice_en_19150079,,False
Ext-MSWC-day-common_voice_en_19265264,,False
Ext-MSWC-day-common_voice_en_19267576,,False
Ext-MSWC-day-common_voice_en_19296928,,False
Ext-MSWC-day-common_voice_en_19350871,,False
Ext-MSWC-day-common_voice_en_19359039__2,,False
Ext-MSWC-day-common_voice_en_19412781,,False
Ext-MSWC-day-common_voice_en_19476604,,False
Ext-MSWC-day-common_voice_en_19521526,,False
Ext-MSWC-day-common_voice_en_19579330,,False
Ext-MSWC-day-common_voice_en_19596116,,False
Ext-MSWC-day-common_voice_en_19633892,,False
Ext-MSWC-day-common_voice_en_19650369,,False
Ext-MSWC-day-common_voice_en_19654694,,False
Ext-MSWC-day-common_voice_en_19664305,,False
Ext-MSWC-day-common_voice_en_19673741,,False
Ext-MSWC-day-common_voice_en_19734785,,False
Ext-MSWC-day-common_voice_en_19743062,,False
Ext-MSWC-day-common_voice_en_19793237,,False
Ext-MSWC-day-common_voice_en_198187,,False
Ext-MSWC-day-common_voice_en_19821930,,False
Ext-MSWC-day-common_voice_en_19848633,,False
Ext-MSWC-day-common_voice_en_19908473,,False
Ext-MSWC-day-common_voice_en_199653,,False
Ext-MSWC-day-common_voice_en_19969695,,False
Ext-MSWC-day-common_voice_en_19981095,,False
Ext-MSWC-day-common_voice_en_20013594,,False
Ext-MSWC-day-common_voice_en_20047593,,False
Ext-MSWC-day-common_voice_en_20070897,,False
Ext-MSWC-day-common_voice_en_20092702,,False
Ext-MSWC-day-common_voice_en_20128853,,False
Ext-MSWC-day-common_voice_en_201418,,False
Ext-MSWC-day-common_voice_en_20183901,,False
Ext-MSWC-day-common_voice_en_20220866,,False
Ext-MSWC-day-common_voice_en_202453,,False
Ext-MSWC-day-common_voice_en_20317298,,False
Ext-MSWC-day-common_voice_en_20380092,,False
Ext-MSWC-day-common_voice_en_20381867,,False
Ext-MSWC-day-common_voice_en_20420108__2,,False
Ext-MSWC-day-common_voice_en_20430920,,False
Ext-MSWC-day-common_voice_en_20519229,,False
Ext-MSWC-day-common_voice_en_20531433,,False
Ext-MSWC-day-common_voice_en_20588750,,False
Ext-MSWC-day-common_voice_en_20726409,,False
Ext-MSWC-day-common_voice_en_20778832,,False
Ext-MSWC-day-common_voice_en_20857899,,False
Ext-MSWC-day-common_voice_en_20865932,,False
Ext-MSWC-day-common_voice_en_20866276,,False
Ext-MSWC-day-common_voice_en_20877905,,False
Ext-MSWC-day-common_voice_en_20878058,,False
Ext-MSWC-day-common_voice_en_20905734,,False
Ext-MSWC-day-common_voice_en_20926396,,False
Ext-MSWC-day-common_voice_en_20963910,,False
Ext-MSWC-day-common_voice_en_20964494,,False
Ext-MSWC-day-common_voice_en_209670,,False
Ext-MSWC-day-common_voice_en_21005148,,False
Ext-MSWC-day-common_voice_en_21105743,,False
Ext-MSWC-day-common_voice_en_211687,,False
Ext-MSWC-day-common_voice_en_21180817,,False
Ext-MSWC-day-common_voice_en_21185396,,False
Ext-MSWC-day-common_voice_en_21225288,,False
Ext-MSWC-day-common_voice_en_21307062,,False
Ext-MSWC-day-common_voice_en_21307643,,False
Ext-MSWC-day-common_voice_en_213975,,False
Ext-MSWC-day-common_voice_en_21608,,False
Ext-MSWC-day-common_voice_en_217094,,False
Ext-MSWC-day-common_voice_en_21758627,,False
Ext-MSWC-day-common_voice_en_21772589,,False
Ext-MSWC-day-common_voice_en_21777292,,False
Ext-MSWC-day-common_voice_en_21798318,,False
Ext-MSWC-day-common_voice_en_218260,,False
Ext-MSWC-day-common_voice_en_219574,,False
Ext-MSWC-day-common_voice_en_220181,,False
Ext-MSWC-day-common_voice_en_22202754,,False
Ext-MSWC-day-common_voice_en_22215593,,False
Ext-MSWC-day-common_voice_en_22265912,,False
Ext-MSWC-day-common_voice_en_22430890,,False
Ext-MSWC-day-common_voice_en_24760,,False
Ext-MSWC-day-common_voice_en_2770,,False
Ext-MSWC-day-common_voice_en_29626,,False
Ext-MSWC-day-common_voice_en_337467,,False
Ext-MSWC-day-common_voice_en_33991,,False
Ext-MSWC-day-common_voice_en_350015,,False
Ext-MSWC-day-common_voice_en_421605,,False
Ext-MSWC-day-common_voice_en_42586,,False
Ext-MSWC-day-common_voice_en_44234,,False
Ext-MSWC-day-common_voice_en_45882,,False
Ext-MSWC-day-common_voice_en_480338,,False
Ext-MSWC-day-common_voice_en_482622,,False
Ext-MSWC-day-common_voice_en_486875,,False
Ext-MSWC-day-common_voice_en_492642,,False
Ext-MSWC-day-common_voice_en_493771,,False
Ext-MSWC-day-common_voice_en_495472,,False
Ext-MSWC-day-common_voice_en_495633,,False
Ext-MSWC-day-common_voice_en_496301,,False
Ext-MSWC-day-common_voice_en_496822,,False
Ext-MSWC-day-common_voice_en_498680,,False
Ext-MSWC-day-common_voice_en_499127,,False
Ext-MSWC-day-common_voice_en_501547,,False
Ext-MSWC-day-common_voice_en_502020,,False
Ext-MSWC-day-common_voice_en_504849,,False
Ext-MSWC-day-common_voice_en_512073,,False
Ext-MSWC-day-common_voice_en_512221,,False
Ext-MSWC-day-common_voice_en_514120,,False
Ext-MSWC-day-common_voice_en_514299,,False
Ext-MSWC-day-common_voice_en_514430,,False
Ext-MSWC-day-common_voice_en_516,,False
Ext-MSWC-day-common_voice_en_516727,,False
Ext-MSWC-day-common_voice_en_517549,,False
Ext-MSWC-day-common_voice_en_517851,,False
Ext-MSWC-day-common_voice_en_520814,,False
Ext-MSWC-day-common_voice_en_521415,,False
Ext-MSWC-day-common_voice_en_521418,,False
Ext-MSWC-day-common_voice_en_526001,,False
Ext-MSWC-day-common_voice_en_528326,,False
Ext-MSWC-day-common_voice_en_534849,,False
Ext-MSWC-day-common_voice_en_535181,,False
Ext-MSWC-day-common_voice_en_53523,,False
Ext-MSWC-day-common_voice_en_535656,,False
Ext-MSWC-day-common_voice_en_535755,,False
Ext-MSWC-day-common_voice_en_543295,,False
Ext-MSWC-day-common_voice_en_543835,,False
Ext-MSWC-day-common_voice_en_545957,,False
Ext-MSWC-day-common_voice_en_548182,,False
Ext-MSWC-day-common_voice_en_550186,,False
Ext-MSWC-day-common_voice_en_550837,,False
Ext-MSWC-day-common_voice_en_551087,,False
Ext-MSWC-day-common_voice_en_554697,,False
Ext-MSWC-day-common_voice_en_555508,,False
Ext-MSWC-day-common_voice_en_557907,,False
Ext-MSWC-day-common_voice_en_561083,,False
Ext-MSWC-day-common_voice_en_561805,,False
Ext-MSWC-day-common_voice_en_565529,,False
Ext-MSWC-day-common_voice_en_566926,,False
Ext-MSWC-day-common_voice_en_571473,,False
Ext-MSWC-day-common_voice_en_572409,,False
Ext-MSWC-day-common_voice_en_574450,,False
Ext-MSWC-day-common_voice_en_577010,,False
Ext-MSWC-day-common_voice_en_577147,,False
Ext-MSWC-day-common_voice_en_582847,,False
Ext-MSWC-day-common_voice_en_587569,,False
Ext-MSWC-day-common_voice_en_589312,,False
Ext-MSWC-day-common_voice_en_593014,,False
Ext-MSWC-day-common_voice_en_59401,,False
Ext-MSWC-day-common_voice_en_594519,,False
Ext-MSWC-day-common_voice_en_59611,,False
Ext-MSWC-day-common_voice_en_59809,,False
Ext-MSWC-day-common_voice_en_599372,,False
Ext-MSWC-day-common_voice_en_600049,,False
Ext-MSWC-day-common_voice_en_600269,,False
Ext-MSWC-day-common_voice_en_600727,,False
Ext-MSWC-day-common_voice_en_606094,,False
Ext-MSWC-day-common_voice_en_607023,,False
Ext-MSWC-day-common_voice_en_607448,,False
Ext-MSWC-day-common_voice_en_612255,,False
Ext-MSWC-day-common_voice_en_617242,,False
Ext-MSWC-day-common_voice_en_618426,,False
Ext-MSWC-day-common_voice_en_622991,,False
Ext-MSWC-day-common_voice_en_628017,,False
Ext-MSWC-day-common_voice_en_630810,,False
Ext-MSWC-day-common_voice_en_634491,,False
Ext-MSWC-day-common_voice_en_636426,,False
Ext-MSWC-day-common_voice_en_636756,,False
Ext-MSWC-day-common_voice_en_636944,,False
Ext-MSWC-day-common_voice_en_637021,,False
Ext-MSWC-day-common_voice_en_638065,,False
Ext-MSWC-day-common_voice_en_646130,,False
Ext-MSWC-day-common_voice_en_648356,,False
Ext-MSWC-day-common_voice_en_652550,,False
Ext-MSWC-day-common_voice_en_655347,,False
Ext-MSWC-day-common_voice_en_659977,,False
Ext-MSWC-day-common_voice_en_660340,,False
Ext-MSWC-day-common_voice_en_662871,,False
Ext-MSWC-day-common_voice_en_663012,,False
Ext-MSWC-day-common_voice_en_665294,,False
Ext-MSWC-day-common_voice_en_667717,,False
Ext-MSWC-day-common_voice_en_668492,,False
Ext-MSWC-day-common_voice_en_670351,,False
Ext-MSWC-day-common_voice_en_673205,,False
Ext-MSWC-day-common_voice_en_674448,,False
Ext-MSWC-day-common_voice_en_675375,,False
Ext-MSWC-day-common_voice_en_682799,,False
Ext-MSWC-day-common_voice_en_683488,,False
Ext-MSWC-day-common_voice_en_686869,,False
Ext-MSWC-day-common_voice_en_693606,,False
Ext-MSWC-day-common_voice_en_694659,,False
Ext-MSWC-day-common_voice_en_695413,,False
Ext-MSWC-day-common_voice_en_698493,,False
Ext-MSWC-day-common_voice_en_7556814,,False
Ext-MSWC-day-common_voice_en_76151,,False
Ext-MSWC-day-common_voice_en_77916,,False
Ext-MSWC-day-common_voice_en_7818,,False
Ext-MSWC-day-common_voice_en_7997,,False
Ext-MSWC-day-common_voice_en_81409,,False
Ext-MSWC-day-common_voice_en_82321,,False
Ext-MSWC-day-common_voice_en_84754,,False
Ext-MSWC-day-common_voice_en_8548,,False
Ext-MSWC-day-common_voice_en_86894,,False
Ext-MSWC-day-common_voice_en_90364,,False
Ext-MSWC-day-common_voice_en_93099,,False
Ext-MSWC-day-common_voice_en_96412,,False
Ext-MSWC-day-common_voice_en_98976,,False
Ext-MSWC-day-common_voice_en_9905,,False
Ext-MSWC-day-common_voice_en_99062,,False
Ext-MSWC-day-common_voice_en_99507,,False
Ext-MSWC-dealt-common_voice_en_18456606,,False
Ext-MSWC-dealt-common_voice_en_18462399,,False
Ext-MSWC-dealt-common_voice_en_18510843,,False
Ext-MSWC-dealt-common_voice_en_18522023,,False
Ext-MSWC-dealt-common_voice_en_18587759,,False
Ext-MSWC-dealt-common_voice_en_18610581,,False
Ext-MSWC-dealt-common_voice_en_18682523,,False
Ext-MSWC-dealt-common_voice_en_18758110,,False
Ext-MSWC-dealt-common_voice_en_18763565,,False
Ext-MSWC-dealt-common_voice_en_18794967,,False
Ext-MSWC-dealt-common_voice_en_18852967,,False
Ext-MSWC-dealt-common_voice_en_18885260,,False
Ext-MSWC-dealt-common_voice_en_18943886,,False
Ext-MSWC-dealt-common_voice_en_18945141,,False
Ext-MSWC-dealt-common_voice_en_18946871,,False
Ext-MSWC-dealt-common_voice_en_18966826,,False
Ext-MSWC-dealt-common_voice_en_18976130,,False
Ext-MSWC-dealt-common_voice_en_18978448,,False
Ext-MSWC-dealt-common_voice_en_19027594,,False
Ext-MSWC-dealt-common_voice_en_19028905,,False
Ext-MSWC-dealt-common_voice_en_19035607,,False
Ext-MSWC-dealt-common_voice_en_19220933,,False
Ext-MSWC-dealt-common_voice_en_19244974,,False
Ext-MSWC-dealt-common_voice_en_19267266,,False
Ext-MSWC-dealt-common_voice_en_19287858,,False
Ext-MSWC-dealt-common_voice_en_19311714,,False
Ext-MSWC-dealt-common_voice_en_19468523,,False
Ext-MSWC-dealt-common_voice_en_19476757,,False
Ext-MSWC-dealt-common_voice_en_19483580,,False
Ext-MSWC-dealt-common_voice_en_19490062,,False
Ext-MSWC-dealt-common_voice_en_19499584,,False
Ext-MSWC-dealt-common_voice_en_19534672,,False
Ext-MSWC-dealt-common_voice_en_19588621,,False
Ext-MSWC-dealt-common_voice_en_19600368,,False
Ext-MSWC-dealt-common_voice_en_19612520,,False
Ext-MSWC-dealt-common_voice_en_19645261,,False
Ext-MSWC-dealt-common_voice_en_19664977,,False
Ext-MSWC-dealt-common_voice_en_19681823,,False
Ext-MSWC-dealt-common_voice_en_19746469,,False
Ext-MSWC-dealt-common_voice_en_19754363,,False
Ext-MSWC-dealt-common_voice_en_19766143,,False
Ext-MSWC-dealt-common_voice_en_19786550,,False
Ext-MSWC-dealt-common_voice_en_19795366,,False
Ext-MSWC-dealt-common_voice_en_19839428,,False
Ext-MSWC-dealt-common_voice_en_19867714,,False
Ext-MSWC-dealt-common_voice_en_19869854,,False
Ext-MSWC-dealt-common_voice_en_19899253,,False
Ext-MSWC-dealt-common_voice_en_19950154,,False
Ext-MSWC-dealt-common_voice_en_19953550,,False
Ext-MSWC-dealt-common_voice_en_20033449,,False
Ext-MSWC-dealt-common_voice_en_20120503,,False
Ext-MSWC-dealt-common_voice_en_20120555,,False
Ext-MSWC-dealt-common_voice_en_20162432,,False
Ext-MSWC-dealt-common_voice_en_20172208,,False
Ext-MSWC-dealt-common_voice_en_20175070,,False
Ext-MSWC-dealt-common_voice_en_20182479,,False
Ext-MSWC-dealt-common_voice_en_20248094,,False
Ext-MSWC-dealt-common_voice_en_20260541,,False
Ext-MSWC-dealt-common_voice_en_20305418,,False
Ext-MSWC-dealt-common_voice_en_20316183,,False
Ext-MSWC-dealt-common_voice_en_20357999,,False
Ext-MSWC-dealt-common_voice_en_20381413,,False
Ext-MSWC-dealt-common_voice_en_20398393,,False
Ext-MSWC-dealt-common_voice_en_20526422,,False
Ext-MSWC-dealt-common_voice_en_20583815,,False
Ext-MSWC-dealt-common_voice_en_20676163,,False
Ext-MSWC-dealt-common_voice_en_20822617,,False
Ext-MSWC-dealt-common_voice_en_20846807,,False
Ext-MSWC-dealt-common_voice_en_20883104,,False
Ext-MSWC-dealt-common_voice_en_20922134,,False
Ext-MSWC-dealt-common_voice_en_21138306,,False
Ext-MSWC-dealt-common_voice_en_21311924,,False
Ext-MSWC-dealt-common_voice_en_21371826,,False
Ext-MSWC-dealt-common_voice_en_21388452,,False
Ext-MSWC-dealt-common_voice_en_21690829,,False
Ext-MSWC-dealt-common_voice_en_21886359,,False
Ext-MSWC-dealt-common_voice_en_21962593,,False
Ext-MSWC-dealt-common_voice_en_22100171,,False
Ext-MSWC-dealt-common_voice_en_22229342,,False
Ext-MSWC-dealt-common_voice_en_22337502,,False
Ext-MSWC-dealt-common_voice_en_22382312,,False
Ext-MSWC-debt-common_voice_en_10357469,,False
Ext-MSWC-debt-common_voice_en_10387773,,False
Ext-MSWC-debt-common_voice_en_1089353,,False
Ext-MSWC-debt-common_voice_en_126400,,False
Ext-MSWC-debt-common_voice_en_13464,,False
Ext-MSWC-debt-common_voice_en_143613,,False
Ext-MSWC-debt-common_voice_en_15060884,,False
Ext-MSWC-debt-common_voice_en_15239391,,False
Ext-MSWC-debt-common_voice_en_157583,,False
Ext-MSWC-debt-common_voice_en_159451,,False
Ext-MSWC-debt-common_voice_en_16419714,,False
Ext-MSWC-debt-common_voice_en_16431824,,False
Ext-MSWC-debt-common_voice_en_16435672,,False
Ext-MSWC-debt-common_voice_en_16450385,,False
Ext-MSWC-debt-common_voice_en_16665897,,False
Ext-MSWC-debt-common_voice_en_17245786,,False
Ext-MSWC-debt-common_voice_en_17274259,,False
Ext-MSWC-debt-common_voice_en_17277424,,False
Ext-MSWC-debt-common_voice_en_17280868,,False
Ext-MSWC-debt-common_voice_en_17284006,,False
Ext-MSWC-debt-common_voice_en_17285484,,False
Ext-MSWC-debt-common_voice_en_17287468,,False
Ext-MSWC-debt-common_voice_en_17302508,,False
Ext-MSWC-debt-common_voice_en_17303284,,False
Ext-MSWC-debt-common_voice_en_17308598,,False
Ext-MSWC-debt-common_voice_en_17309032,,False
Ext-MSWC-debt-common_voice_en_17325574,,False
Ext-MSWC-debt-common_voice_en_17340647,,False
Ext-MSWC-debt-common_voice_en_17361450,,False
Ext-MSWC-debt-common_voice_en_173657,,False
Ext-MSWC-debt-common_voice_en_17369511,,False
Ext-MSWC-debt-common_voice_en_17376483,,False
Ext-MSWC-debt-common_voice_en_17377826,,False
Ext-MSWC-debt-common_voice_en_17386737,,False
Ext-MSWC-debt-common_voice_en_17388239,,False
Ext-MSWC-debt-common_voice_en_17390563,,False
Ext-MSWC-debt-common_voice_en_17391383,,False
Ext-MSWC-debt-common_voice_en_17391843,,False
Ext-MSWC-debt-common_voice_en_17394770,,False
Ext-MSWC-debt-common_voice_en_17402822,,False
Ext-MSWC-debt-common_voice_en_17405336,,False
Ext-MSWC-debt-common_voice_en_17411269,,False
Ext-MSWC-debt-common_voice_en_17441538,,False
Ext-MSWC-debt-common_voice_en_17444995,,False
Ext-MSWC-debt-common_voice_en_17453636,,False
Ext-MSWC-debt-common_voice_en_17478278,,False
Ext-MSWC-debt-common_voice_en_17481812,,False
Ext-MSWC-debt-common_voice_en_175374,,False
Ext-MSWC-debt-common_voice_en_17555833,,False
Ext-MSWC-debt-common_voice_en_17589650,,False
Ext-MSWC-debt-common_voice_en_17622095,,False
Ext-MSWC-debt-common_voice_en_17639234,,False
Ext-MSWC-debt-common_voice_en_17658315,,False
Ext-MSWC-debt-common_voice_en_17666517,,False
Ext-MSWC-debt-common_voice_en_17687373,,False
Ext-MSWC-debt-common_voice_en_17699586,,False
Ext-MSWC-debt-common_voice_en_17705521,,False
Ext-MSWC-debt-common_voice_en_17708949,,False
Ext-MSWC-debt-common_voice_en_17717694,,False
Ext-MSWC-debt-common_voice_en_17725870,,False
Ext-MSWC-debt-common_voice_en_17735727,,False
Ext-MSWC-debt-common_voice_en_17768654,,False
Ext-MSWC-debt-common_voice_en_17777100,,False
Ext-MSWC-debt-common_voice_en_17789404,,False
Ext-MSWC-debt-common_voice_en_17808732,,False
Ext-MSWC-debt-common_voice_en_17841730,,False
Ext-MSWC-debt-common_voice_en_17849004,,False
Ext-MSWC-debt-common_voice_en_17867793,,False
Ext-MSWC-debt-common_voice_en_17872581,,False
Ext-MSWC-debt-common_voice_en_17873047,,False
Ext-MSWC-debt-common_voice_en_17874050,,False
Ext-MSWC-debt-common_voice_en_17877174,,False
Ext-MSWC-debt-common_voice_en_17877784,,False
Ext-MSWC-debt-common_voice_en_17885379,,False
Ext-MSWC-debt-common_voice_en_17886624,,False
Ext-MSWC-debt-common_voice_en_17902169,,False
Ext-MSWC-debt-common_voice_en_17918657,,False
Ext-MSWC-debt-common_voice_en_17948963,,False
Ext-MSWC-debt-common_voice_en_17960304,,False
Ext-MSWC-debt-common_voice_en_17965594,,False
Ext-MSWC-debt-common_voice_en_17979350,,False
Ext-MSWC-debt-common_voice_en_18040541,,False
Ext-MSWC-debt-common_voice_en_18052407,,False
Ext-MSWC-debt-common_voice_en_18058671,,False
Ext-MSWC-debt-common_voice_en_18067549,,False
Ext-MSWC-debt-common_voice_en_18080777,,False
Ext-MSWC-debt-common_voice_en_18107718,,False
Ext-MSWC-debt-common_voice_en_18109077,,False
Ext-MSWC-debt-common_voice_en_18116665,,False
Ext-MSWC-debt-common_voice_en_18123647,,False
Ext-MSWC-debt-common_voice_en_18130882,,False
Ext-MSWC-debt-common_voice_en_18134983,,False
Ext-MSWC-debt-common_voice_en_18137361,,False
Ext-MSWC-debt-common_voice_en_18144997,,False
Ext-MSWC-debt-common_voice_en_18152539,,False
Ext-MSWC-debt-common_voice_en_18164056,,False
Ext-MSWC-debt-common_voice_en_18181692,,False
Ext-MSWC-debt-common_voice_en_18183242,,False
Ext-MSWC-debt-common_voice_en_1821903,,False
Ext-MSWC-debt-common_voice_en_18228306,,False
Ext-MSWC-debt-common_voice_en_18285478,,False
Ext-MSWC-debt-common_voice_en_18308509,,False
Ext-MSWC-debt-common_voice_en_18315289,,False
Ext-MSWC-debt-common_voice_en_18318554,,False
Ext-MSWC-debt-common_voice_en_18325009,,False
Ext-MSWC-debt-common_voice_en_18543344,,False
Ext-MSWC-debt-common_voice_en_18544110,,False
Ext-MSWC-debt-common_voice_en_18557008,,False
Ext-MSWC-debt-common_voice_en_18593303,,False
Ext-MSWC-debt-common_voice_en_18598695,,False
Ext-MSWC-debt-common_voice_en_18618574,,False
Ext-MSWC-debt-common_voice_en_18632247,,False
Ext-MSWC-debt-common_voice_en_18634255,,False
Ext-MSWC-debt-common_voice_en_18645662,,False
Ext-MSWC-debt-common_voice_en_18684721,,False
Ext-MSWC-debt-common_voice_en_18781999,,False
Ext-MSWC-debt-common_voice_en_18882409,,False
Ext-MSWC-debt-common_voice_en_18902152,,False
Ext-MSWC-debt-common_voice_en_19003029,,False
Ext-MSWC-debt-common_voice_en_19028901,,False
Ext-MSWC-debt-common_voice_en_19106479,,False
Ext-MSWC-debt-common_voice_en_19196141,,False
Ext-MSWC-debt-common_voice_en_19214722,,False
Ext-MSWC-debt-common_voice_en_19346705,,False
Ext-MSWC-debt-common_voice_en_19347778,,False
Ext-MSWC-debt-common_voice_en_19397280__2,,False
Ext-MSWC-debt-common_voice_en_19536797,,False
Ext-MSWC-debt-common_voice_en_19546826,,False
Ext-MSWC-debt-common_voice_en_19576650,,False
Ext-MSWC-debt-common_voice_en_19608197,,False
Ext-MSWC-debt-common_voice_en_19630702,,False
Ext-MSWC-debt-common_voice_en_19659392,,False
Ext-MSWC-debt-common_voice_en_19669397,,False
Ext-MSWC-debt-common_voice_en_19689280,,False
Ext-MSWC-debt-common_voice_en_19693494,,False
Ext-MSWC-debt-common_voice_en_19700727,,False
Ext-MSWC-debt-common_voice_en_19742945,,False
Ext-MSWC-debt-common_voice_en_19805064,,False
Ext-MSWC-debt-common_voice_en_19858655,,False
Ext-MSWC-debt-common_voice_en_19909057,,False
Ext-MSWC-debt-common_voice_en_19950112,,False
Ext-MSWC-debt-common_voice_en_20006250,,False
Ext-MSWC-debt-common_voice_en_20007594,,False
Ext-MSWC-debt-common_voice_en_20018442,,False
Ext-MSWC-debt-common_voice_en_20076758,,False
Ext-MSWC-debt-common_voice_en_20076771,,False
Ext-MSWC-debt-common_voice_en_20114668,,False
Ext-MSWC-debt-common_voice_en_20144443,,False
Ext-MSWC-debt-common_voice_en_20188764,,False
Ext-MSWC-debt-common_voice_en_20231768__2,,False
Ext-MSWC-debt-common_voice_en_20232679,,False
Ext-MSWC-debt-common_voice_en_20251334,,False
Ext-MSWC-debt-common_voice_en_20292689,,False
Ext-MSWC-debt-common_voice_en_20315915,,False
Ext-MSWC-debt-common_voice_en_20339464,,False
Ext-MSWC-debt-common_voice_en_20392740,,False
Ext-MSWC-debt-common_voice_en_20403709,,False
Ext-MSWC-debt-common_voice_en_20522409,,False
Ext-MSWC-debt-common_voice_en_20543631,,False
Ext-MSWC-debt-common_voice_en_20583234,,False
Ext-MSWC-debt-common_voice_en_20665237,,False
Ext-MSWC-debt-common_voice_en_20736519,,False
Ext-MSWC-debt-common_voice_en_20956393,,False
Ext-MSWC-debt-common_voice_en_21020582,,False
Ext-MSWC-debt-common_voice_en_21066484,,False
Ext-MSWC-debt-common_voice_en_21106704,,False
Ext-MSWC-debt-common_voice_en_21344706,,False
Ext-MSWC-debt-common_voice_en_21457757,,False
Ext-MSWC-debt-common_voice_en_21512148,,False
Ext-MSWC-debt-common_voice_en_21711862,,False
Ext-MSWC-debt-common_voice_en_21755445,,False
Ext-MSWC-debt-common_voice_en_21769826,,False
Ext-MSWC-debt-common_voice_en_21775048,,False
Ext-MSWC-debt-common_voice_en_21803589,,False
Ext-MSWC-debt-common_voice_en_21932741,,False
Ext-MSWC-debt-common_voice_en_21971783,,False
Ext-MSWC-debt-common_voice_en_22050260,,False
Ext-MSWC-debt-common_voice_en_22083111,,False
Ext-MSWC-debt-common_voice_en_22088921,,False
Ext-MSWC-debt-common_voice_en_22195257,,False
Ext-MSWC-debt-common_voice_en_22290885,,False
Ext-MSWC-debt-common_voice_en_22311962,,False
Ext-MSWC-debt-common_voice_en_22323989,,False
Ext-MSWC-debt-common_voice_en_22346570,,False
Ext-MSWC-debt-common_voice_en_22350372,,False
Ext-MSWC-debt-common_voice_en_22375137,,False
Ext-MSWC-debt-common_voice_en_22419926,,False
Ext-MSWC-debt-common_voice_en_22439437,,False
Ext-MSWC-debt-common_voice_en_255524,,False
Ext-MSWC-debt-common_voice_en_308437,,False
Ext-MSWC-debt-common_voice_en_316654,,False
Ext-MSWC-debt-common_voice_en_322478,,False
Ext-MSWC-debt-common_voice_en_349101,,False
Ext-MSWC-debt-common_voice_en_3546753,,False
Ext-MSWC-debt-common_voice_en_3676241,,False
Ext-MSWC-debt-common_voice_en_3749216,,False
Ext-MSWC-debt-common_voice_en_426259,,False
Ext-MSWC-debt-common_voice_en_444815,,False
Ext-MSWC-debt-common_voice_en_463134,,False
Ext-MSWC-debt-common_voice_en_481461,,False
Ext-MSWC-debt-common_voice_en_492257,,False
Ext-MSWC-debt-common_voice_en_497396,,False
Ext-MSWC-debt-common_voice_en_497629,,False
Ext-MSWC-debt-common_voice_en_499536,,False
Ext-MSWC-debt-common_voice_en_5214480,,False
Ext-MSWC-debt-common_voice_en_524567,,False
Ext-MSWC-debt-common_voice_en_550364,,False
Ext-MSWC-debt-common_voice_en_560656,,False
Ext-MSWC-debt-common_voice_en_564842,,False
Ext-MSWC-debt-common_voice_en_576004,,False
Ext-MSWC-debt-common_voice_en_596183,,False
Ext-MSWC-debt-common_voice_en_603004,,False
Ext-MSWC-debt-common_voice_en_605861,,False
Ext-MSWC-debt-common_voice_en_617573,,False
Ext-MSWC-debt-common_voice_en_622700,,False
Ext-MSWC-debt-common_voice_en_623708,,False
Ext-MSWC-debt-common_voice_en_6292629,,False
Ext-MSWC-debt-common_voice_en_638778,,False
Ext-MSWC-debt-common_voice_en_649524,,False
Ext-MSWC-debt-common_voice_en_661337,,False
Ext-MSWC-debt-common_voice_en_696357,,False
Ext-MSWC-debt-common_voice_en_72732,,False
Ext-MSWC-debt-common_voice_en_84531,,False
Ext-MSWC-debt-common_voice_en_9315285,,False
Ext-MSWC-debt-common_voice_en_9347314,,False
Ext-MSWC-delay-common_voice_en_120134,,False
Ext-MSWC-delay-common_voice_en_18404462,,False
Ext-MSWC-delay-common_voice_en_18426547,,False
Ext-MSWC-delay-common_voice_en_18442127,,False
Ext-MSWC-delay-common_voice_en_18447255,,False
Ext-MSWC-delay-common_voice_en_18473771,,False
Ext-MSWC-delay-common_voice_en_18474137,,False
Ext-MSWC-delay-common_voice_en_18489253,,False
Ext-MSWC-delay-common_voice_en_18507357,,False
Ext-MSWC-delay-common_voice_en_18560337,,False
Ext-MSWC-delay-common_voice_en_18594599,,False
Ext-MSWC-delay-common_voice_en_18654223,,False
Ext-MSWC-delay-common_voice_en_18714337,,False
Ext-MSWC-delay-common_voice_en_18765964,,False
Ext-MSWC-delay-common_voice_en_18767818,,False
Ext-MSWC-delay-common_voice_en_18823634,,False
Ext-MSWC-delay-common_voice_en_18839181,,False
Ext-MSWC-delay-common_voice_en_18839194,,False
Ext-MSWC-delay-common_voice_en_18865194,,False
Ext-MSWC-delay-common_voice_en_18892865,,False
Ext-MSWC-delay-common_voice_en_18985569,,False
Ext-MSWC-delay-common_voice_en_19027538,,False
Ext-MSWC-delay-common_voice_en_19031153,,False
Ext-MSWC-delay-common_voice_en_191047,,False
Ext-MSWC-delay-common_voice_en_19351470,,False
Ext-MSWC-delay-common_voice_en_19453818,,False
Ext-MSWC-delay-common_voice_en_19453988,,False
Ext-MSWC-delay-common_voice_en_19468020__2,,False
Ext-MSWC-delay-common_voice_en_19557370,,False
Ext-MSWC-delay-common_voice_en_19562700,,False
Ext-MSWC-delay-common_voice_en_19590663,,False
Ext-MSWC-delay-common_voice_en_19613198,,False
Ext-MSWC-delay-common_voice_en_19724453,,False
Ext-MSWC-delay-common_voice_en_19743805,,False
Ext-MSWC-delay-common_voice_en_19749355,,False
Ext-MSWC-delay-common_voice_en_19756338,,False
Ext-MSWC-delay-common_voice_en_19769758,,False
Ext-MSWC-delay-common_voice_en_19777913,,False
Ext-MSWC-delay-common_voice_en_19871793,,False
Ext-MSWC-delay-common_voice_en_19944559,,False
Ext-MSWC-delay-common_voice_en_19952921,,False
Ext-MSWC-delay-common_voice_en_19984544,,False
Ext-MSWC-delay-common_voice_en_20027600,,False
Ext-MSWC-delay-common_voice_en_20112160,,False
Ext-MSWC-delay-common_voice_en_20118618,,False
Ext-MSWC-delay-common_voice_en_20169813,,False
Ext-MSWC-delay-common_voice_en_20190208,,False
Ext-MSWC-delay-common_voice_en_20221061,,False
Ext-MSWC-delay-common_voice_en_20258731,,False
Ext-MSWC-delay-common_voice_en_20285313,,False
Ext-MSWC-delay-common_voice_en_20286430,,False
Ext-MSWC-delay-common_voice_en_20288453,,False
Ext-MSWC-delay-common_voice_en_20316439,,False
Ext-MSWC-delay-common_voice_en_20322964,,False
Ext-MSWC-delay-common_voice_en_20387053,,False
Ext-MSWC-delay-common_voice_en_20517289,,False
Ext-MSWC-delay-common_voice_en_20841022,,False
Ext-MSWC-delay-common_voice_en_20846668,,False
Ext-MSWC-delay-common_voice_en_21055231,,False
Ext-MSWC-delay-common_voice_en_21098348,,False
Ext-MSWC-delay-common_voice_en_21283019,,False
Ext-MSWC-delay-common_voice_en_21354697,,False
Ext-MSWC-delay-common_voice_en_21555335,,False
Ext-MSWC-delay-common_voice_en_21692181,,False
Ext-MSWC-delay-common_voice_en_21990160,,False
Ext-MSWC-delay-common_voice_en_22001464,,False
Ext-MSWC-delay-common_voice_en_22049358,,False
Ext-MSWC-delay-common_voice_en_22093328,,False
Ext-MSWC-delay-common_voice_en_22124132,,False
Ext-MSWC-delay-common_voice_en_22149152,,False
Ext-MSWC-delay-common_voice_en_22165505,,False
Ext-MSWC-delay-common_voice_en_22287890,,False
Ext-MSWC-delay-common_voice_en_22292529,,False
Ext-MSWC-delay-common_voice_en_22309918,,False
Ext-MSWC-delay-common_voice_en_22318085,,False
Ext-MSWC-delay-common_voice_en_22324664,,False
Ext-MSWC-delay-common_voice_en_22351758,,False
Ext-MSWC-delay-common_voice_en_9366,,False
Ext-MSWC-delhi-common_voice_en_18677498,,False
Ext-MSWC-delhi-common_voice_en_18751962__2,,False
Ext-MSWC-delhi-common_voice_en_18758554,,False
Ext-MSWC-delhi-common_voice_en_18786339,,False
Ext-MSWC-delhi-common_voice_en_18853165,,False
Ext-MSWC-delhi-common_voice_en_18856261,,False
Ext-MSWC-delhi-common_voice_en_18862204,,False
Ext-MSWC-delhi-common_voice_en_19037589,,False
Ext-MSWC-delhi-common_voice_en_19106508,,False
Ext-MSWC-delhi-common_voice_en_19176589,,False
Ext-MSWC-delhi-common_voice_en_19249149,,False
Ext-MSWC-delhi-common_voice_en_19351094,,False
Ext-MSWC-delhi-common_voice_en_19368721,,False
Ext-MSWC-delhi-common_voice_en_19412235,,False
Ext-MSWC-delhi-common_voice_en_19444924,,False
Ext-MSWC-delhi-common_voice_en_19477219,,False
Ext-MSWC-delhi-common_voice_en_19589209,,False
Ext-MSWC-delhi-common_voice_en_19622016,,False
Ext-MSWC-delhi-common_voice_en_19647044,,False
Ext-MSWC-delhi-common_voice_en_19648664,,False
Ext-MSWC-delhi-common_voice_en_19648736,,False
Ext-MSWC-delhi-common_voice_en_19677575,,False
Ext-MSWC-delhi-common_voice_en_19697805,,False
Ext-MSWC-delhi-common_voice_en_19713184,,False
Ext-MSWC-delhi-common_voice_en_19749784,,False
Ext-MSWC-delhi-common_voice_en_19796666,,False
Ext-MSWC-delhi-common_voice_en_19797150,,False
Ext-MSWC-delhi-common_voice_en_19823366,,False
Ext-MSWC-delhi-common_voice_en_19827730,,False
Ext-MSWC-delhi-common_voice_en_19840336,,False
Ext-MSWC-delhi-common_voice_en_19946065,,False
Ext-MSWC-delhi-common_voice_en_19947376,,False
Ext-MSWC-delhi-common_voice_en_19957463,,False
Ext-MSWC-delhi-common_voice_en_19966627,,False
Ext-MSWC-delhi-common_voice_en_20005273,,False
Ext-MSWC-delhi-common_voice_en_20008156,,False
Ext-MSWC-delhi-common_voice_en_20008252,,False
Ext-MSWC-delhi-common_voice_en_20103174,,False
Ext-MSWC-delhi-common_voice_en_20150992,,False
Ext-MSWC-delhi-common_voice_en_20172768,,False
Ext-MSWC-delhi-common_voice_en_20178452,,False
Ext-MSWC-delhi-common_voice_en_20184674,,False
Ext-MSWC-delhi-common_voice_en_20280900,,False
Ext-MSWC-delhi-common_voice_en_20287620,,False
Ext-MSWC-delhi-common_voice_en_20297307,,False
Ext-MSWC-delhi-common_voice_en_20303848,,False
Ext-MSWC-delhi-common_voice_en_20400909,,False
Ext-MSWC-delhi-common_voice_en_20498288,,False
Ext-MSWC-delhi-common_voice_en_20629184,,False
Ext-MSWC-delhi-common_voice_en_20704404,,False
Ext-MSWC-delhi-common_voice_en_20727830,,False
Ext-MSWC-delhi-common_voice_en_20891860,,False
Ext-MSWC-delhi-common_voice_en_20974195,,False
Ext-MSWC-delhi-common_voice_en_21139292,,False
Ext-MSWC-delhi-common_voice_en_21311526,,False
Ext-MSWC-delhi-common_voice_en_21475373,,False
Ext-MSWC-delhi-common_voice_en_21505436__2,,False
Ext-MSWC-delhi-common_voice_en_21563824,,False
Ext-MSWC-delhi-common_voice_en_21741043,,False
Ext-MSWC-delhi-common_voice_en_21859214,,False
Ext-MSWC-delhi-common_voice_en_22003397,,False
Ext-MSWC-delhi-common_voice_en_22100811,,False
Ext-MSWC-delhi-common_voice_en_22160715,,False
Ext-MSWC-delhi-common_voice_en_22167198,,False
Ext-MSWC-delhi-common_voice_en_22295287,,False
Ext-MSWC-delhi-common_voice_en_22344595,,False
Ext-MSWC-delhi-common_voice_en_22364689,,False
Ext-MSWC-delhi-common_voice_en_22435633,,False
Ext-MSWC-deli-common_voice_en_19843098,,False
Ext-MSWC-deli-common_voice_en_19941982,,False
Ext-MSWC-deli-common_voice_en_20947547,,False
Ext-MSWC-deli-common_voice_en_21571609,,False
Ext-MSWC-deli-common_voice_en_33813,,False
Ext-MSWC-deli-common_voice_en_491889,,False
Ext-MSWC-deli-common_voice_en_499078,,False
Ext-MSWC-deli-common_voice_en_501151,,False
Ext-MSWC-deli-common_voice_en_545737,,False
Ext-MSWC-deli-common_voice_en_594702,,False
Ext-MSWC-deli-common_voice_en_616508,,False
Ext-MSWC-deli-common_voice_en_649391,,False
Ext-MSWC-deli-common_voice_en_668,,False
Ext-MSWC-deli-common_voice_en_668733,,False
Ext-MSWC-deli-common_voice_en_690419,,False
Ext-MSWC-deli-common_voice_en_91966,,False
Ext-MSWC-delia-common_voice_en_18975167,,False
Ext-MSWC-delia-common_voice_en_20008247,,False
Ext-MSWC-delia-common_voice_en_20072404,,False
Ext-MSWC-delia-common_voice_en_20285127,,False
Ext-MSWC-delia-common_voice_en_20610088,,False
Ext-MSWC-delia-common_voice_en_21477046,,False
Ext-MSWC-delia-common_voice_en_21981507,,False
Ext-MSWC-delight-common_voice_en_103262,,False
Ext-MSWC-delight-common_voice_en_103877,,False
Ext-MSWC-delight-common_voice_en_106435,,False
Ext-MSWC-delight-common_voice_en_107821,,False
Ext-MSWC-delight-common_voice_en_109953,,False
Ext-MSWC-delight-common_voice_en_119131,,False
Ext-MSWC-delight-common_voice_en_134171,,False
Ext-MSWC-delight-common_voice_en_136186,,False
Ext-MSWC-delight-common_voice_en_13628,,False
Ext-MSWC-delight-common_voice_en_139492,,False
Ext-MSWC-delight-common_voice_en_14292,,False
Ext-MSWC-delight-common_voice_en_154529,,False
Ext-MSWC-delight-common_voice_en_155617,,False
Ext-MSWC-delight-common_voice_en_158580,,False
Ext-MSWC-delight-common_voice_en_159047,,False
Ext-MSWC-delight-common_voice_en_17279378,,False
Ext-MSWC-delight-common_voice_en_17342358,,False
Ext-MSWC-delight-common_voice_en_17522718,,False
Ext-MSWC-delight-common_voice_en_17524595,,False
Ext-MSWC-delight-common_voice_en_175558,,False
Ext-MSWC-delight-common_voice_en_17725849,,False
Ext-MSWC-delight-common_voice_en_17734334,,False
Ext-MSWC-delight-common_voice_en_17771596,,False
Ext-MSWC-delight-common_voice_en_17808832,,False
Ext-MSWC-delight-common_voice_en_17831952,,False
Ext-MSWC-delight-common_voice_en_17851445,,False
Ext-MSWC-delight-common_voice_en_17858067,,False
Ext-MSWC-delight-common_voice_en_17877349,,False
Ext-MSWC-delight-common_voice_en_17902083,,False
Ext-MSWC-delight-common_voice_en_17942525,,False
Ext-MSWC-delight-common_voice_en_18065816,,False
Ext-MSWC-delight-common_voice_en_18094917,,False
Ext-MSWC-delight-common_voice_en_18115212,,False
Ext-MSWC-delight-common_voice_en_18143402,,False
Ext-MSWC-delight-common_voice_en_18144762,,False
Ext-MSWC-delight-common_voice_en_18165302,,False
Ext-MSWC-delight-common_voice_en_182030,,False
Ext-MSWC-delight-common_voice_en_18400548,,False
Ext-MSWC-delight-common_voice_en_18411010,,False
Ext-MSWC-delight-common_voice_en_18459811,,False
Ext-MSWC-delight-common_voice_en_18473592,,False
Ext-MSWC-delight-common_voice_en_18474556,,False
Ext-MSWC-delight-common_voice_en_18489860,,False
Ext-MSWC-delight-common_voice_en_18498880,,False
Ext-MSWC-delight-common_voice_en_18541602,,False
Ext-MSWC-delight-common_voice_en_18605554,,False
Ext-MSWC-delight-common_voice_en_18606394,,False
Ext-MSWC-delight-common_voice_en_186493,,False
Ext-MSWC-delight-common_voice_en_18660619,,False
Ext-MSWC-delight-common_voice_en_18661991,,False
Ext-MSWC-delight-common_voice_en_186803,,False
Ext-MSWC-delight-common_voice_en_18862392,,False
Ext-MSWC-delight-common_voice_en_192348,,False
Ext-MSWC-delight-common_voice_en_19246610,,False
Ext-MSWC-delight-common_voice_en_19325069,,False
Ext-MSWC-delight-common_voice_en_19467103,,False
Ext-MSWC-delight-common_voice_en_19467106,,False
Ext-MSWC-delight-common_voice_en_19545,,False
Ext-MSWC-delight-common_voice_en_19581429,,False
Ext-MSWC-delight-common_voice_en_19634777,,False
Ext-MSWC-delight-common_voice_en_19642131,,False
Ext-MSWC-delight-common_voice_en_196427,,False
Ext-MSWC-delight-common_voice_en_19656275,,False
Ext-MSWC-delight-common_voice_en_19664359,,False
Ext-MSWC-delight-common_voice_en_19687643,,False
Ext-MSWC-delight-common_voice_en_19708160,,False
Ext-MSWC-delight-common_voice_en_19917648,,False
Ext-MSWC-delight-common_voice_en_20008374,,False
Ext-MSWC-delight-common_voice_en_20210471,,False
Ext-MSWC-delight-common_voice_en_20297606,,False
Ext-MSWC-delight-common_voice_en_20303547,,False
Ext-MSWC-delight-common_voice_en_20314612,,False
Ext-MSWC-delight-common_voice_en_20474130,,False
Ext-MSWC-delight-common_voice_en_205106,,False
Ext-MSWC-delight-common_voice_en_20571,,False
Ext-MSWC-delight-common_voice_en_207519,,False
Ext-MSWC-delight-common_voice_en_20877573,,False
Ext-MSWC-delight-common_voice_en_21220344,,False
Ext-MSWC-delight-common_voice_en_21753391,,False
Ext-MSWC-delight-common_voice_en_21780295,,False
Ext-MSWC-delight-common_voice_en_260625,,False
Ext-MSWC-delight-common_voice_en_33219,,False
Ext-MSWC-delight-common_voice_en_33364,,False
Ext-MSWC-delight-common_voice_en_37722,,False
Ext-MSWC-delight-common_voice_en_493005,,False
Ext-MSWC-delight-common_voice_en_497900,,False
Ext-MSWC-delight-common_voice_en_510590,,False
Ext-MSWC-delight-common_voice_en_516590,,False
Ext-MSWC-delight-common_voice_en_519254,,False
Ext-MSWC-delight-common_voice_en_536182,,False
Ext-MSWC-delight-common_voice_en_538286,,False
Ext-MSWC-delight-common_voice_en_539862,,False
Ext-MSWC-delight-common_voice_en_54534,,False
Ext-MSWC-delight-common_voice_en_55411,,False
Ext-MSWC-delight-common_voice_en_560542,,False
Ext-MSWC-delight-common_voice_en_564738,,False
Ext-MSWC-delight-common_voice_en_565079,,False
Ext-MSWC-delight-common_voice_en_567483,,False
Ext-MSWC-delight-common_voice_en_576099,,False
Ext-MSWC-delight-common_voice_en_58511,,False
Ext-MSWC-delight-common_voice_en_591629,,False
Ext-MSWC-delight-common_voice_en_596379,,False
Ext-MSWC-delight-common_voice_en_599169,,False
Ext-MSWC-delight-common_voice_en_601647,,False
Ext-MSWC-delight-common_voice_en_614812,,False
Ext-MSWC-delight-common_voice_en_618679,,False
Ext-MSWC-delight-common_voice_en_622978,,False
Ext-MSWC-delight-common_voice_en_623440,,False
Ext-MSWC-delight-common_voice_en_628455,,False
Ext-MSWC-delight-common_voice_en_641007,,False
Ext-MSWC-delight-common_voice_en_647101,,False
Ext-MSWC-delight-common_voice_en_651157,,False
Ext-MSWC-delight-common_voice_en_651773,,False
Ext-MSWC-delight-common_voice_en_660332,,False
Ext-MSWC-delight-common_voice_en_661323,,False
Ext-MSWC-delight-common_voice_en_665157,,False
Ext-MSWC-delight-common_voice_en_678527,,False
Ext-MSWC-delight-common_voice_en_686456,,False
Ext-MSWC-delight-common_voice_en_694384,,False
Ext-MSWC-delight-common_voice_en_698735,,False
Ext-MSWC-delight-common_voice_en_81072,,False
Ext-MSWC-delight-common_voice_en_87831,,False
Ext-MSWC-delight-common_voice_en_89098,,False
Ext-MSWC-delight-common_voice_en_89264,,False
Ext-MSWC-delight-common_voice_en_91111,,False
Ext-MSWC-delight-common_voice_en_91904,,False
Ext-MSWC-delight-common_voice_en_98026,,False
Ext-MSWC-dell-common_voice_en_18861840,,False
Ext-MSWC-dell-common_voice_en_19125793,,False
Ext-MSWC-dell-common_voice_en_19302914,,False
Ext-MSWC-dell-common_voice_en_19311094,,False
Ext-MSWC-dell-common_voice_en_19541375,,False
Ext-MSWC-dell-common_voice_en_19645987,,False
Ext-MSWC-dell-common_voice_en_19646065,,False
Ext-MSWC-dell-common_voice_en_19673776,,False
Ext-MSWC-dell-common_voice_en_19730691,,False
Ext-MSWC-dell-common_voice_en_19990850,,False
Ext-MSWC-dell-common_voice_en_20178788,,False
Ext-MSWC-dell-common_voice_en_20315680,,False
Ext-MSWC-dell-common_voice_en_20362579,,False
Ext-MSWC-dell-common_voice_en_20373205,,False
Ext-MSWC-dell-common_voice_en_20676617,,False
Ext-MSWC-dell-common_voice_en_21019239,,False
Ext-MSWC-dell-common_voice_en_21370376,,False
Ext-MSWC-dell-common_voice_en_21767845,,False
Ext-MSWC-dell-common_voice_en_21827299,,False
Ext-MSWC-dell-common_voice_en_22134510,,False
Ext-MSWC-della-common_voice_en_19239694,,False
Ext-MSWC-della-common_voice_en_19309920,,False
Ext-MSWC-della-common_voice_en_19398588,,False
Ext-MSWC-della-common_voice_en_19656520,,False
Ext-MSWC-della-common_voice_en_19798437,,False
Ext-MSWC-della-common_voice_en_19812225,,False
Ext-MSWC-della-common_voice_en_19943132,,False
Ext-MSWC-della-common_voice_en_20016336,,False
Ext-MSWC-della-common_voice_en_20276041,,False
Ext-MSWC-della-common_voice_en_20381705,,False
Ext-MSWC-della-common_voice_en_20621347,,False
Ext-MSWC-della-common_voice_en_20867284,,False
Ext-MSWC-della-common_voice_en_21106517,,False
Ext-MSWC-della-common_voice_en_21202579,,False
Ext-MSWC-della-common_voice_en_21319682,,False
Ext-MSWC-della-common_voice_en_21441323,,False
Ext-MSWC-della-common_voice_en_21771377,,False
Ext-MSWC-della-common_voice_en_21916663,,False
Ext-MSWC-della-common_voice_en_22212660,,False
Ext-MSWC-della-common_voice_en_22295293,,False
Ext-MSWC-della-common_voice_en_22318951,,False
Ext-MSWC-delta-common_voice_en_10224876,,False
Ext-MSWC-delta-common_voice_en_1049610,,False
Ext-MSWC-delta-common_voice_en_129491,,False
Ext-MSWC-delta-common_voice_en_133615,,False
Ext-MSWC-delta-common_voice_en_15903840,,False
Ext-MSWC-delta-common_voice_en_15905030,,False
Ext-MSWC-delta-common_voice_en_161308,,False
Ext-MSWC-delta-common_voice_en_17418651,,False
Ext-MSWC-delta-common_voice_en_17789398,,False
Ext-MSWC-delta-common_voice_en_17843779,,False
Ext-MSWC-delta-common_voice_en_17863926,,False
Ext-MSWC-delta-common_voice_en_17877214,,False
Ext-MSWC-delta-common_voice_en_17903901,,False
Ext-MSWC-delta-common_voice_en_17951642,,False
Ext-MSWC-delta-common_voice_en_17957559,,False
Ext-MSWC-delta-common_voice_en_18090895,,False
Ext-MSWC-delta-common_voice_en_18147415,,False
Ext-MSWC-delta-common_voice_en_18680437,,False
Ext-MSWC-delta-common_voice_en_18729610,,False
Ext-MSWC-delta-common_voice_en_18731098,,False
Ext-MSWC-delta-common_voice_en_18769877,,False
Ext-MSWC-delta-common_voice_en_18779749,,False
Ext-MSWC-delta-common_voice_en_18793927__2,,False
Ext-MSWC-delta-common_voice_en_18799163,,False
Ext-MSWC-delta-common_voice_en_18834470,,False
Ext-MSWC-delta-common_voice_en_18837622,,False
Ext-MSWC-delta-common_voice_en_18843545,,False
Ext-MSWC-delta-common_voice_en_18846790,,False
Ext-MSWC-delta-common_voice_en_18878710,,False
Ext-MSWC-delta-common_voice_en_18940243,,False
Ext-MSWC-delta-common_voice_en_18944829,,False
Ext-MSWC-delta-common_voice_en_18956202,,False
Ext-MSWC-delta-common_voice_en_18985590,,False
Ext-MSWC-delta-common_voice_en_19086025,,False
Ext-MSWC-delta-common_voice_en_19181526,,False
Ext-MSWC-delta-common_voice_en_19249402,,False
Ext-MSWC-delta-common_voice_en_19249536,,False
Ext-MSWC-delta-common_voice_en_19264998,,False
Ext-MSWC-delta-common_voice_en_19267830,,False
Ext-MSWC-delta-common_voice_en_19296775,,False
Ext-MSWC-delta-common_voice_en_19354037,,False
Ext-MSWC-delta-common_voice_en_19357242,,False
Ext-MSWC-delta-common_voice_en_19370301,,False
Ext-MSWC-delta-common_voice_en_19398756,,False
Ext-MSWC-delta-common_voice_en_19453792,,False
Ext-MSWC-delta-common_voice_en_19467607,,False
Ext-MSWC-delta-common_voice_en_19515615,,False
Ext-MSWC-delta-common_voice_en_19515727,,False
Ext-MSWC-delta-common_voice_en_19540806,,False
Ext-MSWC-delta-common_voice_en_19541408,,False
Ext-MSWC-delta-common_voice_en_19544231__2,,False
Ext-MSWC-delta-common_voice_en_19567094,,False
Ext-MSWC-delta-common_voice_en_19612206,,False
Ext-MSWC-delta-common_voice_en_19616225,,False
Ext-MSWC-delta-common_voice_en_19637751,,False
Ext-MSWC-delta-common_voice_en_19638580,,False
Ext-MSWC-delta-common_voice_en_19639039,,False
Ext-MSWC-delta-common_voice_en_19642231,,False
Ext-MSWC-delta-common_voice_en_19658899,,False
Ext-MSWC-delta-common_voice_en_19671280,,False
Ext-MSWC-delta-common_voice_en_19676363,,False
Ext-MSWC-delta-common_voice_en_19689139,,False
Ext-MSWC-delta-common_voice_en_19724538,,False
Ext-MSWC-delta-common_voice_en_19756539,,False
Ext-MSWC-delta-common_voice_en_19760179,,False
Ext-MSWC-delta-common_voice_en_19793328,,False
Ext-MSWC-delta-common_voice_en_19805021,,False
Ext-MSWC-delta-common_voice_en_19823367,,False
Ext-MSWC-delta-common_voice_en_19832678,,False
Ext-MSWC-delta-common_voice_en_19857568,,False
Ext-MSWC-delta-common_voice_en_19945491,,False
Ext-MSWC-delta-common_voice_en_19947411,,False
Ext-MSWC-delta-common_voice_en_19958648,,False
Ext-MSWC-delta-common_voice_en_19961731,,False
Ext-MSWC-delta-common_voice_en_19979122,,False
Ext-MSWC-delta-common_voice_en_19979354,,False
Ext-MSWC-delta-common_voice_en_20005123,,False
Ext-MSWC-delta-common_voice_en_20008971,,False
Ext-MSWC-delta-common_voice_en_20048163,,False
Ext-MSWC-delta-common_voice_en_20048462,,False
Ext-MSWC-delta-common_voice_en_20052351,,False
Ext-MSWC-delta-common_voice_en_20067852,,False
Ext-MSWC-delta-common_voice_en_20093435,,False
Ext-MSWC-delta-common_voice_en_20162493,,False
Ext-MSWC-delta-common_voice_en_20189457,,False
Ext-MSWC-delta-common_voice_en_20216363,,False
Ext-MSWC-delta-common_voice_en_20221778,,False
Ext-MSWC-delta-common_voice_en_20245802,,False
Ext-MSWC-delta-common_voice_en_20283217,,False
Ext-MSWC-delta-common_voice_en_20287351,,False
Ext-MSWC-delta-common_voice_en_20304406,,False
Ext-MSWC-delta-common_voice_en_20305334,,False
Ext-MSWC-delta-common_voice_en_20328945,,False
Ext-MSWC-delta-common_voice_en_20341535,,False
Ext-MSWC-delta-common_voice_en_20397479,,False
Ext-MSWC-delta-common_voice_en_20403657,,False
Ext-MSWC-delta-common_voice_en_20475105,,False
Ext-MSWC-delta-common_voice_en_20489619,,False
Ext-MSWC-delta-common_voice_en_20629767,,False
Ext-MSWC-delta-common_voice_en_20704770,,False
Ext-MSWC-delta-common_voice_en_20712996,,False
Ext-MSWC-delta-common_voice_en_20727280,,False
Ext-MSWC-delta-common_voice_en_20767865,,False
Ext-MSWC-delta-common_voice_en_20787196,,False
Ext-MSWC-delta-common_voice_en_20858154,,False
Ext-MSWC-delta-common_voice_en_20863948,,False
Ext-MSWC-delta-common_voice_en_20919176,,False
Ext-MSWC-delta-common_voice_en_20921908,,False
Ext-MSWC-delta-common_voice_en_20939293,,False
Ext-MSWC-delta-common_voice_en_20993083,,False
Ext-MSWC-delta-common_voice_en_20996059__2,,False
Ext-MSWC-delta-common_voice_en_21075975,,False
Ext-MSWC-delta-common_voice_en_21097683,,False
Ext-MSWC-delta-common_voice_en_21129625,,False
Ext-MSWC-delta-common_voice_en_21242076,,False
Ext-MSWC-delta-common_voice_en_21340677,,False
Ext-MSWC-delta-common_voice_en_21367105,,False
Ext-MSWC-delta-common_voice_en_21375200,,False
Ext-MSWC-delta-common_voice_en_21419878,,False
Ext-MSWC-delta-common_voice_en_21438855,,False
Ext-MSWC-delta-common_voice_en_21469979,,False
Ext-MSWC-delta-common_voice_en_21573314,,False
Ext-MSWC-delta-common_voice_en_21619008,,False
Ext-MSWC-delta-common_voice_en_21645973,,False
Ext-MSWC-delta-common_voice_en_21754017,,False
Ext-MSWC-delta-common_voice_en_21763712__2,,False
Ext-MSWC-delta-common_voice_en_21777323,,False
Ext-MSWC-delta-common_voice_en_21807641,,False
Ext-MSWC-delta-common_voice_en_21811976,,False
Ext-MSWC-delta-common_voice_en_21846419,,False
Ext-MSWC-delta-common_voice_en_21906041,,False
Ext-MSWC-delta-common_voice_en_21925195,,False
Ext-MSWC-delta-common_voice_en_21953278,,False
Ext-MSWC-delta-common_voice_en_21982202,,False
Ext-MSWC-delta-common_voice_en_22043064,,False
Ext-MSWC-delta-common_voice_en_22109647,,False
Ext-MSWC-delta-common_voice_en_22118235,,False
Ext-MSWC-delta-common_voice_en_22141665,,False
Ext-MSWC-delta-common_voice_en_22149012,,False
Ext-MSWC-delta-common_voice_en_22248516,,False
Ext-MSWC-delta-common_voice_en_22282510,,False
Ext-MSWC-delta-common_voice_en_22293198,,False
Ext-MSWC-delta-common_voice_en_22316867,,False
Ext-MSWC-delta-common_voice_en_22322826,,False
Ext-MSWC-delta-common_voice_en_22323434,,False
Ext-MSWC-delta-common_voice_en_22377991,,False
Ext-MSWC-delta-common_voice_en_442083,,False
Ext-MSWC-delta-common_voice_en_472725,,False
Ext-MSWC-delta-common_voice_en_481813,,False
Ext-MSWC-delta-common_voice_en_583904,,False
Ext-MSWC-delta-common_voice_en_648080,,False
Ext-MSWC-delta-common_voice_en_663664,,False
Ext-MSWC-delta-common_voice_en_695142,,False
Ext-MSWC-delta-common_voice_en_9606133,,False
Ext-MSWC-dental-common_voice_en_18753380,,False
Ext-MSWC-dental-common_voice_en_18815042,,False
Ext-MSWC-dental-common_voice_en_18954065,,False
Ext-MSWC-dental-common_voice_en_19132434,,False
Ext-MSWC-dental-common_voice_en_19138010,,False
Ext-MSWC-dental-common_voice_en_19159571,,False
Ext-MSWC-dental-common_voice_en_19267436,,False
Ext-MSWC-dental-common_voice_en_19345400,,False
Ext-MSWC-dental-common_voice_en_19362476,,False
Ext-MSWC-dental-common_voice_en_19537014,,False
Ext-MSWC-dental-common_voice_en_19588617,,False
Ext-MSWC-dental-common_voice_en_19627530,,False
Ext-MSWC-dental-common_voice_en_19634568,,False
Ext-MSWC-dental-common_voice_en_19639074,,False
Ext-MSWC-dental-common_voice_en_19650480,,False
Ext-MSWC-dental-common_voice_en_19667566,,False
Ext-MSWC-dental-common_voice_en_19690533,,False
Ext-MSWC-dental-common_voice_en_19719026,,False
Ext-MSWC-dental-common_voice_en_19721103,,False
Ext-MSWC-dental-common_voice_en_19727508,,False
Ext-MSWC-dental-common_voice_en_19734739,,False
Ext-MSWC-dental-common_voice_en_19768193,,False
Ext-MSWC-dental-common_voice_en_19944293,,False
Ext-MSWC-dental-common_voice_en_20050064,,False
Ext-MSWC-dental-common_voice_en_20054252,,False
Ext-MSWC-dental-common_voice_en_20139863,,False
Ext-MSWC-dental-common_voice_en_20143231,,False
Ext-MSWC-dental-common_voice_en_20173486,,False
Ext-MSWC-dental-common_voice_en_20273688,,False
Ext-MSWC-dental-common_voice_en_20284765,,False
Ext-MSWC-dental-common_voice_en_20391422,,False
Ext-MSWC-dental-common_voice_en_20465914,,False
Ext-MSWC-dental-common_voice_en_20516071,,False
Ext-MSWC-dental-common_voice_en_20670941,,False
Ext-MSWC-dental-common_voice_en_20723558,,False
Ext-MSWC-dental-common_voice_en_21277196,,False
Ext-MSWC-dental-common_voice_en_21283126,,False
Ext-MSWC-dental-common_voice_en_21292088,,False
Ext-MSWC-dental-common_voice_en_22139039,,False
Ext-MSWC-dental-common_voice_en_22364186,,False
Ext-MSWC-dental-common_voice_en_79586,,False
Ext-MSWC-dental-common_voice_en_8930,,False
Ext-MSWC-denton-common_voice_en_18907981,,False
Ext-MSWC-denton-common_voice_en_19341291,,False
Ext-MSWC-denton-common_voice_en_19388071,,False
Ext-MSWC-denton-common_voice_en_19471422,,False
Ext-MSWC-denton-common_voice_en_19948747,,False
Ext-MSWC-denton-common_voice_en_19965393,,False
Ext-MSWC-denton-common_voice_en_19989521,,False
Ext-MSWC-denton-common_voice_en_20132338,,False
Ext-MSWC-denton-common_voice_en_20817439,,False
Ext-MSWC-denton-common_voice_en_20852990,,False
Ext-MSWC-denton-common_voice_en_20952830,,False
Ext-MSWC-denton-common_voice_en_21104041,,False
Ext-MSWC-denton-common_voice_en_21475251,,False
Ext-MSWC-denton-common_voice_en_21928817,,False
Ext-MSWC-denton-common_voice_en_22035282,,False
Ext-MSWC-doctor-common_voice_en_10173,,False
Ext-MSWC-doctor-common_voice_en_102477,,False
Ext-MSWC-doctor-common_voice_en_108810,,False
Ext-MSWC-doctor-common_voice_en_1112329,,False
Ext-MSWC-doctor-common_voice_en_118529,,False
Ext-MSWC-doctor-common_voice_en_123386,,False
Ext-MSWC-doctor-common_voice_en_126162,,False
Ext-MSWC-doctor-common_voice_en_127397,,False
Ext-MSWC-doctor-common_voice_en_129457,,False
Ext-MSWC-doctor-common_voice_en_134600,,False
Ext-MSWC-doctor-common_voice_en_136879,,False
Ext-MSWC-doctor-common_voice_en_138313,,False
Ext-MSWC-doctor-common_voice_en_147279,,False
Ext-MSWC-doctor-common_voice_en_15285,,False
Ext-MSWC-doctor-common_voice_en_15286851,,False
Ext-MSWC-doctor-common_voice_en_158479,,False
Ext-MSWC-doctor-common_voice_en_158702,,False
Ext-MSWC-doctor-common_voice_en_15871,,False
Ext-MSWC-doctor-common_voice_en_15904173,,False
Ext-MSWC-doctor-common_voice_en_165343,,False
Ext-MSWC-doctor-common_voice_en_166542,,False
Ext-MSWC-doctor-common_voice_en_17246026,,False
Ext-MSWC-doctor-common_voice_en_17248681,,False
Ext-MSWC-doctor-common_voice_en_17249519,,False
Ext-MSWC-doctor-common_voice_en_17251621,,False
Ext-MSWC-doctor-common_voice_en_17257458,,False
Ext-MSWC-doctor-common_voice_en_17261217,,False
Ext-MSWC-doctor-common_voice_en_17263499,,False
Ext-MSWC-doctor-common_voice_en_17287144,,False
Ext-MSWC-doctor-common_voice_en_17288180,,False
Ext-MSWC-doctor-common_voice_en_17304098,,False
Ext-MSWC-doctor-common_voice_en_17340993,,False
Ext-MSWC-doctor-common_voice_en_17361483,,False
Ext-MSWC-doctor-common_voice_en_17390796,,False
Ext-MSWC-doctor-common_voice_en_17392219,,False
Ext-MSWC-doctor-common_voice_en_17433845,,False
Ext-MSWC-doctor-common_voice_en_17444699,,False
Ext-MSWC-doctor-common_voice_en_17507580,,False
Ext-MSWC-doctor-common_voice_en_17562105,,False
Ext-MSWC-doctor-common_voice_en_17585261,,False
Ext-MSWC-doctor-common_voice_en_176347,,False
Ext-MSWC-doctor-common_voice_en_176832,,False
Ext-MSWC-doctor-common_voice_en_17733855,,False
Ext-MSWC-doctor-common_voice_en_17793625,,False
Ext-MSWC-doctor-common_voice_en_17793970,,False
Ext-MSWC-doctor-common_voice_en_17849063,,False
Ext-MSWC-doctor-common_voice_en_17850598,,False
Ext-MSWC-doctor-common_voice_en_178746,,False
Ext-MSWC-doctor-common_voice_en_17887266,,False
Ext-MSWC-doctor-common_voice_en_17904806,,False
Ext-MSWC-doctor-common_voice_en_17908948,,False
Ext-MSWC-doctor-common_voice_en_17931823,,False
Ext-MSWC-doctor-common_voice_en_17941308,,False
Ext-MSWC-doctor-common_voice_en_17957596,,False
Ext-MSWC-doctor-common_voice_en_17959271,,False
Ext-MSWC-doctor-common_voice_en_17980977,,False
Ext-MSWC-doctor-common_voice_en_18017912,,False
Ext-MSWC-doctor-common_voice_en_18066642,,False
Ext-MSWC-doctor-common_voice_en_18104813,,False
Ext-MSWC-doctor-common_voice_en_18105727,,False
Ext-MSWC-doctor-common_voice_en_18113796,,False
Ext-MSWC-doctor-common_voice_en_18114956,,False
Ext-MSWC-doctor-common_voice_en_18128560,,False
Ext-MSWC-doctor-common_voice_en_18139423,,False
Ext-MSWC-doctor-common_voice_en_18139479,,False
Ext-MSWC-doctor-common_voice_en_18144774,,False
Ext-MSWC-doctor-common_voice_en_18163639,,False
Ext-MSWC-doctor-common_voice_en_18170498,,False
Ext-MSWC-doctor-common_voice_en_18200811,,False
Ext-MSWC-doctor-common_voice_en_18202063,,False
Ext-MSWC-doctor-common_voice_en_18405244,,False
Ext-MSWC-doctor-common_voice_en_18408415,,False
Ext-MSWC-doctor-common_voice_en_18422499,,False
Ext-MSWC-doctor-common_voice_en_18542708,,False
Ext-MSWC-doctor-common_voice_en_18707008,,False
Ext-MSWC-doctor-common_voice_en_18711182,,False
Ext-MSWC-doctor-common_voice_en_18719727,,False
Ext-MSWC-doctor-common_voice_en_18722342,,False
Ext-MSWC-doctor-common_voice_en_18733653,,False
Ext-MSWC-doctor-common_voice_en_18745786,,False
Ext-MSWC-doctor-common_voice_en_18800408,,False
Ext-MSWC-doctor-common_voice_en_18810241,,False
Ext-MSWC-doctor-common_voice_en_18819636,,False
Ext-MSWC-doctor-common_voice_en_18830128,,False
Ext-MSWC-doctor-common_voice_en_18869452,,False
Ext-MSWC-doctor-common_voice_en_18878662,,False
Ext-MSWC-doctor-common_voice_en_18901747,,False
Ext-MSWC-doctor-common_voice_en_18927803,,False
Ext-MSWC-doctor-common_voice_en_18935107,,False
Ext-MSWC-doctor-common_voice_en_18953406,,False
Ext-MSWC-doctor-common_voice_en_18967271,,False
Ext-MSWC-doctor-common_voice_en_18986141,,False
Ext-MSWC-doctor-common_voice_en_18993433,,False
Ext-MSWC-doctor-common_voice_en_19026902,,False
Ext-MSWC-doctor-common_voice_en_19028937,,False
Ext-MSWC-doctor-common_voice_en_19039703,,False
Ext-MSWC-doctor-common_voice_en_19056875,,False
Ext-MSWC-doctor-common_voice_en_19086226,,False
Ext-MSWC-doctor-common_voice_en_19137050,,False
Ext-MSWC-doctor-common_voice_en_19148861,,False
Ext-MSWC-doctor-common_voice_en_19159108,,False
Ext-MSWC-doctor-common_voice_en_19172828,,False
Ext-MSWC-doctor-common_voice_en_19241344,,False
Ext-MSWC-doctor-common_voice_en_19281891,,False
Ext-MSWC-doctor-common_voice_en_19306956,,False
Ext-MSWC-doctor-common_voice_en_19312098,,False
Ext-MSWC-doctor-common_voice_en_19324798,,False
Ext-MSWC-doctor-common_voice_en_193372,,False
Ext-MSWC-doctor-common_voice_en_19348922,,False
Ext-MSWC-doctor-common_voice_en_19369533,,False
Ext-MSWC-doctor-common_voice_en_19369602,,False
Ext-MSWC-doctor-common_voice_en_19389867,,False
Ext-MSWC-doctor-common_voice_en_19404280,,False
Ext-MSWC-doctor-common_voice_en_19404990,,False
Ext-MSWC-doctor-common_voice_en_19411784,,False
Ext-MSWC-doctor-common_voice_en_19451762,,False
Ext-MSWC-doctor-common_voice_en_195083,,False
Ext-MSWC-doctor-common_voice_en_19514990,,False
Ext-MSWC-doctor-common_voice_en_19562093,,False
Ext-MSWC-doctor-common_voice_en_19567103,,False
Ext-MSWC-doctor-common_voice_en_19633824,,False
Ext-MSWC-doctor-common_voice_en_19637460,,False
Ext-MSWC-doctor-common_voice_en_19647597,,False
Ext-MSWC-doctor-common_voice_en_19679330,,False
Ext-MSWC-doctor-common_voice_en_19681130,,False
Ext-MSWC-doctor-common_voice_en_19690637,,False
Ext-MSWC-doctor-common_voice_en_19692299,,False
Ext-MSWC-doctor-common_voice_en_19705584,,False
Ext-MSWC-doctor-common_voice_en_19713463,,False
Ext-MSWC-doctor-common_voice_en_19746672,,False
Ext-MSWC-doctor-common_voice_en_19798744,,False
Ext-MSWC-doctor-common_voice_en_19802672,,False
Ext-MSWC-doctor-common_voice_en_19807009,,False
Ext-MSWC-doctor-common_voice_en_19809678,,False
Ext-MSWC-doctor-common_voice_en_198280,,False
Ext-MSWC-doctor-common_voice_en_19853477,,False
Ext-MSWC-doctor-common_voice_en_19857693,,False
Ext-MSWC-doctor-common_voice_en_19872304,,False
Ext-MSWC-doctor-common_voice_en_19886386,,False
Ext-MSWC-doctor-common_voice_en_19953680,,False
Ext-MSWC-doctor-common_voice_en_19955777,,False
Ext-MSWC-doctor-common_voice_en_19965574,,False
Ext-MSWC-doctor-common_voice_en_19982178,,False
Ext-MSWC-doctor-common_voice_en_19995972,,False
Ext-MSWC-doctor-common_voice_en_19999066,,False
Ext-MSWC-doctor-common_voice_en_20024922,,False
Ext-MSWC-doctor-common_voice_en_20032498,,False
Ext-MSWC-doctor-common_voice_en_20041848,,False
Ext-MSWC-doctor-common_voice_en_20091173,,False
Ext-MSWC-doctor-common_voice_en_20110065,,False
Ext-MSWC-doctor-common_voice_en_20120457,,False
Ext-MSWC-doctor-common_voice_en_20146338,,False
Ext-MSWC-doctor-common_voice_en_20148172,,False
Ext-MSWC-doctor-common_voice_en_20162553,,False
Ext-MSWC-doctor-common_voice_en_20182450,,False
Ext-MSWC-doctor-common_voice_en_20220048,,False
Ext-MSWC-doctor-common_voice_en_20235126,,False
Ext-MSWC-doctor-common_voice_en_20240381,,False
Ext-MSWC-doctor-common_voice_en_20244096,,False
Ext-MSWC-doctor-common_voice_en_20246891,,False
Ext-MSWC-doctor-common_voice_en_20257837,,False
Ext-MSWC-doctor-common_voice_en_20263559,,False
Ext-MSWC-doctor-common_voice_en_20273225,,False
Ext-MSWC-doctor-common_voice_en_2028,,False
Ext-MSWC-doctor-common_voice_en_20281408,,False
Ext-MSWC-doctor-common_voice_en_20299815,,False
Ext-MSWC-doctor-common_voice_en_20303014,,False
Ext-MSWC-doctor-common_voice_en_20323570,,False
Ext-MSWC-doctor-common_voice_en_20379903,,False
Ext-MSWC-doctor-common_voice_en_20414557,,False
Ext-MSWC-doctor-common_voice_en_20429819,,False
Ext-MSWC-doctor-common_voice_en_20440156,,False
Ext-MSWC-doctor-common_voice_en_20532238,,False
Ext-MSWC-doctor-common_voice_en_20546685,,False
Ext-MSWC-doctor-common_voice_en_20583241,,False
Ext-MSWC-doctor-common_voice_en_20590321,,False
Ext-MSWC-doctor-common_voice_en_20697915,,False
Ext-MSWC-doctor-common_voice_en_20780850,,False
Ext-MSWC-doctor-common_voice_en_207949,,False
Ext-MSWC-doctor-common_voice_en_20796662,,False
Ext-MSWC-doctor-common_voice_en_20807948,,False
Ext-MSWC-doctor-common_voice_en_20837173,,False
Ext-MSWC-doctor-common_voice_en_20851406,,False
Ext-MSWC-doctor-common_voice_en_20896028,,False
Ext-MSWC-doctor-common_voice_en_209609,,False
Ext-MSWC-doctor-common_voice_en_20982556,,False
Ext-MSWC-doctor-common_voice_en_20989146,,False
Ext-MSWC-doctor-common_voice_en_20989784,,False
Ext-MSWC-doctor-common_voice_en_20996083__2,,False
Ext-MSWC-doctor-common_voice_en_21064437,,False
Ext-MSWC-doctor-common_voice_en_21076997,,False
Ext-MSWC-doctor-common_voice_en_21089635,,False
Ext-MSWC-doctor-common_voice_en_21102398,,False
Ext-MSWC-doctor-common_voice_en_21126753,,False
Ext-MSWC-doctor-common_voice_en_21155707,,False
Ext-MSWC-doctor-common_voice_en_21162669,,False
Ext-MSWC-doctor-common_voice_en_211627,,False
Ext-MSWC-doctor-common_voice_en_21208213,,False
Ext-MSWC-doctor-common_voice_en_21229750,,False
Ext-MSWC-doctor-common_voice_en_21242187,,False
Ext-MSWC-doctor-common_voice_en_212562,,False
Ext-MSWC-doctor-common_voice_en_21274955,,False
Ext-MSWC-doctor-common_voice_en_21277331,,False
Ext-MSWC-doctor-common_voice_en_21305946,,False
Ext-MSWC-doctor-common_voice_en_21354696,,False
Ext-MSWC-doctor-common_voice_en_21518185,,False
Ext-MSWC-doctor-common_voice_en_21602067__2,,False
Ext-MSWC-doctor-common_voice_en_21686906,,False
Ext-MSWC-doctor-common_voice_en_21741465,,False
Ext-MSWC-doctor-common_voice_en_21777432,,False
Ext-MSWC-doctor-common_voice_en_21834449,,False
Ext-MSWC-doctor-common_voice_en_21858139,,False
Ext-MSWC-doctor-common_voice_en_21874767,,False
Ext-MSWC-doctor-common_voice_en_21877371,,False
Ext-MSWC-doctor-common_voice_en_219659,,False
Ext-MSWC-doctor-common_voice_en_21996199,,False
Ext-MSWC-doctor-common_voice_en_22000706,,False
Ext-MSWC-doctor-common_voice_en_22019906,,False
Ext-MSWC-doctor-common_voice_en_22022377,,False
Ext-MSWC-doctor-common_voice_en_22023151,,False
Ext-MSWC-doctor-common_voice_en_22029698,,False
Ext-MSWC-doctor-common_voice_en_22071287,,False
Ext-MSWC-doctor-common_voice_en_22092045,,False
Ext-MSWC-doctor-common_voice_en_22169930,,False
Ext-MSWC-doctor-common_voice_en_22175050,,False
Ext-MSWC-doctor-common_voice_en_22211455,,False
Ext-MSWC-doctor-common_voice_en_22248829,,False
Ext-MSWC-doctor-common_voice_en_22272405,,False
Ext-MSWC-doctor-common_voice_en_22274465,,False
Ext-MSWC-doctor-common_voice_en_22298714,,False
Ext-MSWC-doctor-common_voice_en_22325635,,False
Ext-MSWC-doctor-common_voice_en_22355768,,False
Ext-MSWC-doctor-common_voice_en_22420217,,False
Ext-MSWC-doctor-common_voice_en_22429466,,False
Ext-MSWC-doctor-common_voice_en_22449065,,False
Ext-MSWC-doctor-common_voice_en_22462883,,False
Ext-MSWC-doctor-common_voice_en_22793,,False
Ext-MSWC-doctor-common_voice_en_2323024,,False
Ext-MSWC-doctor-common_voice_en_277510,,False
Ext-MSWC-doctor-common_voice_en_32353,,False
Ext-MSWC-doctor-common_voice_en_337429,,False
Ext-MSWC-doctor-common_voice_en_34966,,False
Ext-MSWC-doctor-common_voice_en_350015,,False
Ext-MSWC-doctor-common_voice_en_36570,,False
Ext-MSWC-doctor-common_voice_en_38318,,False
Ext-MSWC-doctor-common_voice_en_39216,,False
Ext-MSWC-doctor-common_voice_en_444797,,False
Ext-MSWC-doctor-common_voice_en_451094,,False
Ext-MSWC-doctor-common_voice_en_469911,,False
Ext-MSWC-doctor-common_voice_en_47089,,False
Ext-MSWC-doctor-common_voice_en_479114,,False
Ext-MSWC-doctor-common_voice_en_481875,,False
Ext-MSWC-doctor-common_voice_en_483064,,False
Ext-MSWC-doctor-common_voice_en_485526,,False
Ext-MSWC-doctor-common_voice_en_486334,,False
Ext-MSWC-doctor-common_voice_en_48891,,False
Ext-MSWC-doctor-common_voice_en_494059,,False
Ext-MSWC-doctor-common_voice_en_496071,,False
Ext-MSWC-doctor-common_voice_en_499547,,False
Ext-MSWC-doctor-common_voice_en_507029,,False
Ext-MSWC-doctor-common_voice_en_510227,,False
Ext-MSWC-doctor-common_voice_en_514319,,False
Ext-MSWC-doctor-common_voice_en_518020,,False
Ext-MSWC-doctor-common_voice_en_525314,,False
Ext-MSWC-doctor-common_voice_en_526652,,False
Ext-MSWC-doctor-common_voice_en_538195,,False
Ext-MSWC-doctor-common_voice_en_543985,,False
Ext-MSWC-doctor-common_voice_en_544298,,False
Ext-MSWC-doctor-common_voice_en_547302,,False
Ext-MSWC-doctor-common_voice_en_555527,,False
Ext-MSWC-doctor-common_voice_en_556597,,False
Ext-MSWC-doctor-common_voice_en_572026,,False
Ext-MSWC-doctor-common_voice_en_590836,,False
Ext-MSWC-doctor-common_voice_en_597184,,False
Ext-MSWC-doctor-common_voice_en_60004,,False
Ext-MSWC-doctor-common_voice_en_610269,,False
Ext-MSWC-doctor-common_voice_en_610443,,False
Ext-MSWC-doctor-common_voice_en_613809,,False
Ext-MSWC-doctor-common_voice_en_615121,,False
Ext-MSWC-doctor-common_voice_en_617214,,False
Ext-MSWC-doctor-common_voice_en_622336,,False
Ext-MSWC-doctor-common_voice_en_626019,,False
Ext-MSWC-doctor-common_voice_en_629314,,False
Ext-MSWC-doctor-common_voice_en_636938,,False
Ext-MSWC-doctor-common_voice_en_637296,,False
Ext-MSWC-doctor-common_voice_en_644007,,False
Ext-MSWC-doctor-common_voice_en_646754,,False
Ext-MSWC-doctor-common_voice_en_661095,,False
Ext-MSWC-doctor-common_voice_en_669798,,False
Ext-MSWC-doctor-common_voice_en_672371,,False
Ext-MSWC-doctor-common_voice_en_677022,,False
Ext-MSWC-doctor-common_voice_en_700554,,False
Ext-MSWC-doctor-common_voice_en_7387017,,False
Ext-MSWC-doctor-common_voice_en_7556829,,False
Ext-MSWC-doctor-common_voice_en_7782,,False
Ext-MSWC-doctor-common_voice_en_79866,,False
Ext-MSWC-doctor-common_voice_en_81733,,False
Ext-MSWC-doctor-common_voice_en_8251,,False
Ext-MSWC-doctor-common_voice_en_91737,,False
Ext-MSWC-doctor-common_voice_en_99378,,False
Ext-MSWC-eight-common_voice_en_142873,,False
Ext-MSWC-eight-common_voice_en_17272664,,False
Ext-MSWC-eight-common_voice_en_17371622,,False
Ext-MSWC-eight-common_voice_en_174745,,False
Ext-MSWC-eight-common_voice_en_17817373__2,,False
Ext-MSWC-eight-common_voice_en_17831817,,False
Ext-MSWC-eight-common_voice_en_17848388__2,,False
Ext-MSWC-eight-common_voice_en_17860835,,False
Ext-MSWC-eight-common_voice_en_17897881,,False
Ext-MSWC-eight-common_voice_en_17979242,,False
Ext-MSWC-eight-common_voice_en_18038741,,False
Ext-MSWC-eight-common_voice_en_18062216,,False
Ext-MSWC-eight-common_voice_en_18115195__2,,False
Ext-MSWC-eight-common_voice_en_18125555__2,,False
Ext-MSWC-eight-common_voice_en_183134,,False
Ext-MSWC-eight-common_voice_en_18336237,,False
Ext-MSWC-eight-common_voice_en_18354400,,False
Ext-MSWC-eight-common_voice_en_18403680,,False
Ext-MSWC-eight-common_voice_en_18429946,,False
Ext-MSWC-eight-common_voice_en_18446595,,False
Ext-MSWC-eight-common_voice_en_18706299,,False
Ext-MSWC-eight-common_voice_en_18778666,,False
Ext-MSWC-eight-common_voice_en_18789420,,False
Ext-MSWC-eight-common_voice_en_18849927,,False
Ext-MSWC-eight-common_voice_en_18857316,,False
Ext-MSWC-eight-common_voice_en_18871553,,False
Ext-MSWC-eight-common_voice_en_18883459,,False
Ext-MSWC-eight-common_voice_en_189065,,False
Ext-MSWC-eight-common_voice_en_19043590,,False
Ext-MSWC-eight-common_voice_en_19079809,,False
Ext-MSWC-eight-common_voice_en_19198816,,False
Ext-MSWC-eight-common_voice_en_19249121,,False
Ext-MSWC-eight-common_voice_en_193043,,False
Ext-MSWC-eight-common_voice_en_19320032,,False
Ext-MSWC-eight-common_voice_en_19326751,,False
Ext-MSWC-eight-common_voice_en_19361421,,False
Ext-MSWC-eight-common_voice_en_19492407,,False
Ext-MSWC-eight-common_voice_en_19511688,,False
Ext-MSWC-eight-common_voice_en_19590910,,False
Ext-MSWC-eight-common_voice_en_19645175,,False
Ext-MSWC-eight-common_voice_en_19676508,,False
Ext-MSWC-eight-common_voice_en_19701288,,False
Ext-MSWC-eight-common_voice_en_19723295,,False
Ext-MSWC-eight-common_voice_en_19730728,,False
Ext-MSWC-eight-common_voice_en_19767359,,False
Ext-MSWC-eight-common_voice_en_19770375,,False
Ext-MSWC-eight-common_voice_en_19781284,,False
Ext-MSWC-eight-common_voice_en_19795542,,False
Ext-MSWC-eight-common_voice_en_19820228,,False
Ext-MSWC-eight-common_voice_en_19823492,,False
Ext-MSWC-eight-common_voice_en_19952325,,False
Ext-MSWC-eight-common_voice_en_19978293,,False
Ext-MSWC-eight-common_voice_en_20008452,,False
Ext-MSWC-eight-common_voice_en_20014350,,False
Ext-MSWC-eight-common_voice_en_20047724,,False
Ext-MSWC-eight-common_voice_en_20101734,,False
Ext-MSWC-eight-common_voice_en_20111957,,False
Ext-MSWC-eight-common_voice_en_20116115,,False
Ext-MSWC-eight-common_voice_en_20131113,,False
Ext-MSWC-eight-common_voice_en_20179534,,False
Ext-MSWC-eight-common_voice_en_20183579,,False
Ext-MSWC-eight-common_voice_en_20218379,,False
Ext-MSWC-eight-common_voice_en_20235848,,False
Ext-MSWC-eight-common_voice_en_20243820,,False
Ext-MSWC-eight-common_voice_en_202449,,False
Ext-MSWC-eight-common_voice_en_20260388,,False
Ext-MSWC-eight-common_voice_en_20290371,,False
Ext-MSWC-eight-common_voice_en_20317301,,False
Ext-MSWC-eight-common_voice_en_20531897,,False
Ext-MSWC-eight-common_voice_en_20739624,,False
Ext-MSWC-eight-common_voice_en_20785981,,False
Ext-MSWC-eight-common_voice_en_20919846,,False
Ext-MSWC-eight-common_voice_en_20957730,,False
Ext-MSWC-eight-common_voice_en_21089925,,False
Ext-MSWC-eight-common_voice_en_21265798,,False
Ext-MSWC-eight-common_voice_en_21396389,,False
Ext-MSWC-eight-common_voice_en_21437740,,False
Ext-MSWC-eight-common_voice_en_21487049,,False
Ext-MSWC-eight-common_voice_en_21685243,,False
Ext-MSWC-eight-common_voice_en_21750908,,False
Ext-MSWC-eight-common_voice_en_21779963,,False
Ext-MSWC-eight-common_voice_en_21817738,,False
Ext-MSWC-eight-common_voice_en_21872548,,False
Ext-MSWC-eight-common_voice_en_21895822,,False
Ext-MSWC-eight-common_voice_en_21896738,,False
Ext-MSWC-eight-common_voice_en_21907083,,False
Ext-MSWC-eight-common_voice_en_21908668,,False
Ext-MSWC-eight-common_voice_en_21913540,,False
Ext-MSWC-eight-common_voice_en_21915115,,False
Ext-MSWC-eight-common_voice_en_21916728,,False
Ext-MSWC-eight-common_voice_en_21920633,,False
Ext-MSWC-eight-common_voice_en_21921582,,False
Ext-MSWC-eight-common_voice_en_21921667,,False
Ext-MSWC-eight-common_voice_en_21923544,,False
Ext-MSWC-eight-common_voice_en_21927081,,False
Ext-MSWC-eight-common_voice_en_21929918,,False
Ext-MSWC-eight-common_voice_en_21932407,,False
Ext-MSWC-eight-common_voice_en_21941602,,False
Ext-MSWC-eight-common_voice_en_21941807,,False
Ext-MSWC-eight-common_voice_en_21943522,,False
Ext-MSWC-eight-common_voice_en_21944138,,False
Ext-MSWC-eight-common_voice_en_21944424,,False
Ext-MSWC-eight-common_voice_en_21945868,,False
Ext-MSWC-eight-common_voice_en_21945955,,False
Ext-MSWC-eight-common_voice_en_21946731,,False
Ext-MSWC-eight-common_voice_en_21947652,,False
Ext-MSWC-eight-common_voice_en_21948736,,False
Ext-MSWC-eight-common_voice_en_21949372,,False
Ext-MSWC-eight-common_voice_en_21950960,,False
Ext-MSWC-eight-common_voice_en_21951254,,False
Ext-MSWC-eight-common_voice_en_21952212,,False
Ext-MSWC-eight-common_voice_en_21955160,,False
Ext-MSWC-eight-common_voice_en_21957140,,False
Ext-MSWC-eight-common_voice_en_21958536,,False
Ext-MSWC-eight-common_voice_en_21960099,,False
Ext-MSWC-eight-common_voice_en_21961972,,False
Ext-MSWC-eight-common_voice_en_21966495,,False
Ext-MSWC-eight-common_voice_en_21973995,,False
Ext-MSWC-eight-common_voice_en_21981044,,False
Ext-MSWC-eight-common_voice_en_21981558,,False
Ext-MSWC-eight-common_voice_en_21981710,,False
Ext-MSWC-eight-common_voice_en_21984801,,False
Ext-MSWC-eight-common_voice_en_21991527,,False
Ext-MSWC-eight-common_voice_en_21993252,,False
Ext-MSWC-eight-common_voice_en_21993559,,False
Ext-MSWC-eight-common_voice_en_21993986,,False
Ext-MSWC-eight-common_voice_en_21994300,,False
Ext-MSWC-eight-common_voice_en_21995740,,False
Ext-MSWC-eight-common_voice_en_22000724,,False
Ext-MSWC-eight-common_voice_en_22005849,,False
Ext-MSWC-eight-common_voice_en_22006433,,False
Ext-MSWC-eight-common_voice_en_22012177,,False
Ext-MSWC-eight-common_voice_en_22013114,,False
Ext-MSWC-eight-common_voice_en_22014349,,False
Ext-MSWC-eight-common_voice_en_22015806,,False
Ext-MSWC-eight-common_voice_en_22016308,,False
Ext-MSWC-eight-common_voice_en_22017027,,False
Ext-MSWC-eight-common_voice_en_22019101,,False
Ext-MSWC-eight-common_voice_en_22019725,,False
Ext-MSWC-eight-common_voice_en_22022084,,False
Ext-MSWC-eight-common_voice_en_22023474,,False
Ext-MSWC-eight-common_voice_en_22023732,,False
Ext-MSWC-eight-common_voice_en_22024758,,False
Ext-MSWC-eight-common_voice_en_22025046,,False
Ext-MSWC-eight-common_voice_en_22026388,,False
Ext-MSWC-eight-common_voice_en_22027546,,False
Ext-MSWC-eight-common_voice_en_22027938,,False
Ext-MSWC-eight-common_voice_en_22028145,,False
Ext-MSWC-eight-common_voice_en_22028776,,False
Ext-MSWC-eight-common_voice_en_22029958,,False
Ext-MSWC-eight-common_voice_en_22031436,,False
Ext-MSWC-eight-common_voice_en_22032392,,False
Ext-MSWC-eight-common_voice_en_22033252,,False
Ext-MSWC-eight-common_voice_en_22033792,,False
Ext-MSWC-eight-common_voice_en_22034140,,False
Ext-MSWC-eight-common_voice_en_22035349,,False
Ext-MSWC-eight-common_voice_en_22035543,,False
Ext-MSWC-eight-common_voice_en_22036570,,False
Ext-MSWC-eight-common_voice_en_22037604,,False
Ext-MSWC-eight-common_voice_en_22039023,,False
Ext-MSWC-eight-common_voice_en_22042214,,False
Ext-MSWC-eight-common_voice_en_22044208,,False
Ext-MSWC-eight-common_voice_en_22044538,,False
Ext-MSWC-eight-common_voice_en_22045143,,False
Ext-MSWC-eight-common_voice_en_22047380,,False
Ext-MSWC-eight-common_voice_en_22048637,,False
Ext-MSWC-eight-common_voice_en_22049703,,False
Ext-MSWC-eight-common_voice_en_22053983,,False
Ext-MSWC-eight-common_voice_en_22054913,,False
Ext-MSWC-eight-common_voice_en_22062711,,False
Ext-MSWC-eight-common_voice_en_22063249,,False
Ext-MSWC-eight-common_voice_en_22063520,,False
Ext-MSWC-eight-common_voice_en_22063875,,False
Ext-MSWC-eight-common_voice_en_22064617,,False
Ext-MSWC-eight-common_voice_en_22064626,,False
Ext-MSWC-eight-common_voice_en_22067917,,False
Ext-MSWC-eight-common_voice_en_22067930,,False
Ext-MSWC-eight-common_voice_en_22068195,,False
Ext-MSWC-eight-common_voice_en_22068755,,False
Ext-MSWC-eight-common_voice_en_22068891,,False
Ext-MSWC-eight-common_voice_en_22069913,,False
Ext-MSWC-eight-common_voice_en_22070751,,False
Ext-MSWC-eight-common_voice_en_22071278,,False
Ext-MSWC-eight-common_voice_en_22072555,,False
Ext-MSWC-eight-common_voice_en_22072771,,False
Ext-MSWC-eight-common_voice_en_22072783,,False
Ext-MSWC-eight-common_voice_en_22074230,,False
Ext-MSWC-eight-common_voice_en_22078508,,False
Ext-MSWC-eight-common_voice_en_22081072,,False
Ext-MSWC-eight-common_voice_en_22081135,,False
Ext-MSWC-eight-common_voice_en_22081731,,False
Ext-MSWC-eight-common_voice_en_22083242,,False
Ext-MSWC-eight-common_voice_en_22083277,,False
Ext-MSWC-eight-common_voice_en_22084063,,False
Ext-MSWC-eight-common_voice_en_22084941,,False
Ext-MSWC-eight-common_voice_en_22085635,,False
Ext-MSWC-eight-common_voice_en_22087244,,False
Ext-MSWC-eight-common_voice_en_22087875,,False
Ext-MSWC-eight-common_voice_en_22088661,,False
Ext-MSWC-eight-common_voice_en_22091491,,False
Ext-MSWC-eight-common_voice_en_22092535,,False
Ext-MSWC-eight-common_voice_en_22092802,,False
Ext-MSWC-eight-common_voice_en_22096120,,False
Ext-MSWC-eight-common_voice_en_22099426,,False
Ext-MSWC-eight-common_voice_en_22099508,,False
Ext-MSWC-eight-common_voice_en_22102572,,False
Ext-MSWC-eight-common_voice_en_22103351,,False
Ext-MSWC-eight-common_voice_en_22103537,,False
Ext-MSWC-eight-common_voice_en_22103642,,False
Ext-MSWC-eight-common_voice_en_22105812,,False
Ext-MSWC-eight-common_voice_en_22106362,,False
Ext-MSWC-eight-common_voice_en_22106905,,False
Ext-MSWC-eight-common_voice_en_22108211,,False
Ext-MSWC-eight-common_voice_en_22108914,,False
Ext-MSWC-eight-common_voice_en_22110799,,False
Ext-MSWC-eight-common_voice_en_22111334,,False
Ext-MSWC-eight-common_voice_en_22114889,,False
Ext-MSWC-eight-common_voice_en_22116211,,False
Ext-MSWC-eight-common_voice_en_22118160,,False
Ext-MSWC-eight-common_voice_en_22121079,,False
Ext-MSWC-eight-common_voice_en_22123386,,False
Ext-MSWC-eight-common_voice_en_22123414,,False
Ext-MSWC-eight-common_voice_en_22123810,,False
Ext-MSWC-eight-common_voice_en_22125327,,False
Ext-MSWC-eight-common_voice_en_22125892,,False
Ext-MSWC-eight-common_voice_en_22127209,,False
Ext-MSWC-eight-common_voice_en_22127793,,False
Ext-MSWC-eight-common_voice_en_22129231,,False
Ext-MSWC-eight-common_voice_en_22129455,,False
Ext-MSWC-eight-common_voice_en_22129827,,False
Ext-MSWC-eight-common_voice_en_22130019,,False
Ext-MSWC-eight-common_voice_en_22131150,,False
Ext-MSWC-eight-common_voice_en_22133925,,False
Ext-MSWC-eight-common_voice_en_22135109,,False
Ext-MSWC-eight-common_voice_en_22140222,,False
Ext-MSWC-eight-common_voice_en_22141028,,False
Ext-MSWC-eight-common_voice_en_22141176,,False
Ext-MSWC-eight-common_voice_en_22142291,,False
Ext-MSWC-eight-common_voice_en_22147605,,False
Ext-MSWC-eight-common_voice_en_22147680,,False
Ext-MSWC-eight-common_voice_en_22148065,,False
Ext-MSWC-eight-common_voice_en_22150465,,False
Ext-MSWC-eight-common_voice_en_22159906,,False
Ext-MSWC-eight-common_voice_en_22161096,,False
Ext-MSWC-eight-common_voice_en_22162820,,False
Ext-MSWC-eight-common_voice_en_22163457,,False
Ext-MSWC-eight-common_voice_en_22163918,,False
Ext-MSWC-eight-common_voice_en_22166831,,False
Ext-MSWC-eight-common_voice_en_22168428,,False
Ext-MSWC-eight-common_voice_en_22168429,,False
Ext-MSWC-eight-common_voice_en_22169817,,False
Ext-MSWC-eight-common_voice_en_22171021,,False
Ext-MSWC-eight-common_voice_en_22171600,,False
Ext-MSWC-eight-common_voice_en_22172647,,False
Ext-MSWC-eight-common_voice_en_22174138,,False
Ext-MSWC-eight-common_voice_en_22174801,,False
Ext-MSWC-eight-common_voice_en_22175744,,False
Ext-MSWC-eight-common_voice_en_22181546,,False
Ext-MSWC-eight-common_voice_en_22182240,,False
Ext-MSWC-eight-common_voice_en_22184924,,False
Ext-MSWC-eight-common_voice_en_22185743,,False
Ext-MSWC-eight-common_voice_en_22188185,,False
Ext-MSWC-eight-common_voice_en_22193174,,False
Ext-MSWC-eight-common_voice_en_22193642,,False
Ext-MSWC-eight-common_voice_en_22194107,,False
Ext-MSWC-eight-common_voice_en_22198147,,False
Ext-MSWC-eight-common_voice_en_22198851,,False
Ext-MSWC-eight-common_voice_en_22203243,,False
Ext-MSWC-eight-common_voice_en_22203749,,False
Ext-MSWC-eight-common_voice_en_22223332,,False
Ext-MSWC-eight-common_voice_en_22285570,,False
Ext-MSWC-eight-common_voice_en_22294708,,False
Ext-MSWC-eight-common_voice_en_22305816,,False
Ext-MSWC-eight-common_voice_en_22313043,,False
Ext-MSWC-eight-common_voice_en_22324019,,False
Ext-MSWC-eight-common_voice_en_22327525,,False
Ext-MSWC-eight-common_voice_en_22398161,,False
Ext-MSWC-eight-common_voice_en_22458511,,False
Ext-MSWC-eight-common_voice_en_293913__2,,False
Ext-MSWC-eight-common_voice_en_29420__2,,False
Ext-MSWC-eight-common_voice_en_33626__2,,False
Ext-MSWC-eight-common_voice_en_34063,,False
Ext-MSWC-eight-common_voice_en_35122,,False
Ext-MSWC-eight-common_voice_en_371075,,False
Ext-MSWC-eight-common_voice_en_455144,,False
Ext-MSWC-eight-common_voice_en_46839,,False
Ext-MSWC-eight-common_voice_en_489622,,False
Ext-MSWC-eight-common_voice_en_497585,,False
Ext-MSWC-eight-common_voice_en_539406,,False
Ext-MSWC-eight-common_voice_en_560578,,False
Ext-MSWC-eight-common_voice_en_575518,,False
Ext-MSWC-eight-common_voice_en_584720,,False
Ext-MSWC-eight-common_voice_en_604406,,False
Ext-MSWC-eight-common_voice_en_611175,,False
Ext-MSWC-eight-common_voice_en_625298,,False
Ext-MSWC-eight-common_voice_en_652675,,False
Ext-MSWC-eight-common_voice_en_672625,,False
Ext-MSWC-eight-common_voice_en_76419,,False
Ext-MSWC-eight-common_voice_en_83299,,False
Ext-MSWC-eight-common_voice_en_92159,,False
Ext-MSWC-felt-common_voice_en_101817,,False
Ext-MSWC-felt-common_voice_en_103297,,False
Ext-MSWC-felt-common_voice_en_106116,,False
Ext-MSWC-felt-common_voice_en_1109201,,False
Ext-MSWC-felt-common_voice_en_115160,,False
Ext-MSWC-felt-common_voice_en_11689442,,False
Ext-MSWC-felt-common_voice_en_117598,,False
Ext-MSWC-felt-common_voice_en_1177274,,False
Ext-MSWC-felt-common_voice_en_117874,,False
Ext-MSWC-felt-common_voice_en_118338,,False
Ext-MSWC-felt-common_voice_en_123568,,False
Ext-MSWC-felt-common_voice_en_123701,,False
Ext-MSWC-felt-common_voice_en_125210,,False
Ext-MSWC-felt-common_voice_en_127685,,False
Ext-MSWC-felt-common_voice_en_128655,,False
Ext-MSWC-felt-common_voice_en_129503,,False
Ext-MSWC-felt-common_voice_en_131680,,False
Ext-MSWC-felt-common_voice_en_132282,,False
Ext-MSWC-felt-common_voice_en_135829,,False
Ext-MSWC-felt-common_voice_en_137047,,False
Ext-MSWC-felt-common_voice_en_137644,,False
Ext-MSWC-felt-common_voice_en_138191,,False
Ext-MSWC-felt-common_voice_en_138649,,False
Ext-MSWC-felt-common_voice_en_138955,,False
Ext-MSWC-felt-common_voice_en_141286,,False
Ext-MSWC-felt-common_voice_en_142165,,False
Ext-MSWC-felt-common_voice_en_144779,,False
Ext-MSWC-felt-common_voice_en_147301,,False
Ext-MSWC-felt-common_voice_en_151345,,False
Ext-MSWC-felt-common_voice_en_15459,,False
Ext-MSWC-felt-common_voice_en_154892,,False
Ext-MSWC-felt-common_voice_en_155406,,False
Ext-MSWC-felt-common_voice_en_155650,,False
Ext-MSWC-felt-common_voice_en_15647,,False
Ext-MSWC-felt-common_voice_en_157742,,False
Ext-MSWC-felt-common_voice_en_158749,,False
Ext-MSWC-felt-common_voice_en_15903498,,False
Ext-MSWC-felt-common_voice_en_15904219,,False
Ext-MSWC-felt-common_voice_en_159123,,False
Ext-MSWC-felt-common_voice_en_159911,,False
Ext-MSWC-felt-common_voice_en_160272,,False
Ext-MSWC-felt-common_voice_en_163644,,False
Ext-MSWC-felt-common_voice_en_169058,,False
Ext-MSWC-felt-common_voice_en_169288,,False
Ext-MSWC-felt-common_voice_en_17246153,,False
Ext-MSWC-felt-common_voice_en_17247170,,False
Ext-MSWC-felt-common_voice_en_17247870,,False
Ext-MSWC-felt-common_voice_en_17249160,,False
Ext-MSWC-felt-common_voice_en_17249610,,False
Ext-MSWC-felt-common_voice_en_17263957,,False
Ext-MSWC-felt-common_voice_en_17265843,,False
Ext-MSWC-felt-common_voice_en_17266207,,False
Ext-MSWC-felt-common_voice_en_17266270,,False
Ext-MSWC-felt-common_voice_en_17267573,,False
Ext-MSWC-felt-common_voice_en_17268761,,False
Ext-MSWC-felt-common_voice_en_17270310,,False
Ext-MSWC-felt-common_voice_en_17271719,,False
Ext-MSWC-felt-common_voice_en_17271774,,False
Ext-MSWC-felt-common_voice_en_17272784,,False
Ext-MSWC-felt-common_voice_en_17277991,,False
Ext-MSWC-felt-common_voice_en_172835,,False
Ext-MSWC-felt-common_voice_en_17292266,,False
Ext-MSWC-felt-common_voice_en_172963,,False
Ext-MSWC-felt-common_voice_en_17297280,,False
Ext-MSWC-felt-common_voice_en_17297434,,False
Ext-MSWC-felt-common_voice_en_17301477,,False
Ext-MSWC-felt-common_voice_en_17325457,,False
Ext-MSWC-felt-common_voice_en_17390043,,False
Ext-MSWC-felt-common_voice_en_17412120,,False
Ext-MSWC-felt-common_voice_en_174619,,False
Ext-MSWC-felt-common_voice_en_17483562,,False
Ext-MSWC-felt-common_voice_en_17529862,,False
Ext-MSWC-felt-common_voice_en_17556802,,False
Ext-MSWC-felt-common_voice_en_17681000,,False
Ext-MSWC-felt-common_voice_en_17691492,,False
Ext-MSWC-felt-common_voice_en_17693246,,False
Ext-MSWC-felt-common_voice_en_17727230,,False
Ext-MSWC-felt-common_voice_en_17820,,False
Ext-MSWC-felt-common_voice_en_17826223,,False
Ext-MSWC-felt-common_voice_en_17844063,,False
Ext-MSWC-felt-common_voice_en_17851665,,False
Ext-MSWC-felt-common_voice_en_17885317,,False
Ext-MSWC-felt-common_voice_en_17899470,,False
Ext-MSWC-felt-common_voice_en_17959085,,False
Ext-MSWC-felt-common_voice_en_179835,,False
Ext-MSWC-felt-common_voice_en_18006944,,False
Ext-MSWC-felt-common_voice_en_18080464,,False
Ext-MSWC-felt-common_voice_en_18109321,,False
Ext-MSWC-felt-common_voice_en_18116669,,False
Ext-MSWC-felt-common_voice_en_18121483,,False
Ext-MSWC-felt-common_voice_en_18148650,,False
Ext-MSWC-felt-common_voice_en_18232558,,False
Ext-MSWC-felt-common_voice_en_18257327,,False
Ext-MSWC-felt-common_voice_en_18280350,,False
Ext-MSWC-felt-common_voice_en_18298259,,False
Ext-MSWC-felt-common_voice_en_18316669,,False
Ext-MSWC-felt-common_voice_en_18341848,,False
Ext-MSWC-felt-common_voice_en_18401499,,False
Ext-MSWC-felt-common_voice_en_18404690,,False
Ext-MSWC-felt-common_voice_en_18428528,,False
Ext-MSWC-felt-common_voice_en_18435040,,False
Ext-MSWC-felt-common_voice_en_18457724,,False
Ext-MSWC-felt-common_voice_en_18462937,,False
Ext-MSWC-felt-common_voice_en_18482678,,False
Ext-MSWC-felt-common_voice_en_18483874,,False
Ext-MSWC-felt-common_voice_en_18503262,,False
Ext-MSWC-felt-common_voice_en_18506846,,False
Ext-MSWC-felt-common_voice_en_18541631,,False
Ext-MSWC-felt-common_voice_en_18564278,,False
Ext-MSWC-felt-common_voice_en_18618257,,False
Ext-MSWC-felt-common_voice_en_18642853,,False
Ext-MSWC-felt-common_voice_en_18645020,,False
Ext-MSWC-felt-common_voice_en_18650193,,False
Ext-MSWC-felt-common_voice_en_18650341,,False
Ext-MSWC-felt-common_voice_en_18664988,,False
Ext-MSWC-felt-common_voice_en_18732284,,False
Ext-MSWC-felt-common_voice_en_18793771,,False
Ext-MSWC-felt-common_voice_en_18813396,,False
Ext-MSWC-felt-common_voice_en_18994387,,False
Ext-MSWC-felt-common_voice_en_190716,,False
Ext-MSWC-felt-common_voice_en_19113521,,False
Ext-MSWC-felt-common_voice_en_1916,,False
Ext-MSWC-felt-common_voice_en_19171686,,False
Ext-MSWC-felt-common_voice_en_195397,,False
Ext-MSWC-felt-common_voice_en_19572033,,False
Ext-MSWC-felt-common_voice_en_196279,,False
Ext-MSWC-felt-common_voice_en_19692988,,False
Ext-MSWC-felt-common_voice_en_20043672,,False
Ext-MSWC-felt-common_voice_en_20081163,,False
Ext-MSWC-felt-common_voice_en_200821,,False
Ext-MSWC-felt-common_voice_en_20114318,,False
Ext-MSWC-felt-common_voice_en_202265,,False
Ext-MSWC-felt-common_voice_en_20234549,,False
Ext-MSWC-felt-common_voice_en_202674,,False
Ext-MSWC-felt-common_voice_en_20796119,,False
Ext-MSWC-felt-common_voice_en_208371,,False
Ext-MSWC-felt-common_voice_en_20860891,,False
Ext-MSWC-felt-common_voice_en_20894837,,False
Ext-MSWC-felt-common_voice_en_209628,,False
Ext-MSWC-felt-common_voice_en_209871,,False
Ext-MSWC-felt-common_voice_en_210125,,False
Ext-MSWC-felt-common_voice_en_21387057,,False
Ext-MSWC-felt-common_voice_en_214320,,False
Ext-MSWC-felt-common_voice_en_217473,,False
Ext-MSWC-felt-common_voice_en_219972,,False
Ext-MSWC-felt-common_voice_en_2202872,,False
Ext-MSWC-felt-common_voice_en_22090959,,False
Ext-MSWC-felt-common_voice_en_22093581,,False
Ext-MSWC-felt-common_voice_en_221130,,False
Ext-MSWC-felt-common_voice_en_22138862,,False
Ext-MSWC-felt-common_voice_en_22226807,,False
Ext-MSWC-felt-common_voice_en_22385769,,False
Ext-MSWC-felt-common_voice_en_22951,,False
Ext-MSWC-felt-common_voice_en_24616,,False
Ext-MSWC-felt-common_voice_en_25203,,False
Ext-MSWC-felt-common_voice_en_256511,,False
Ext-MSWC-felt-common_voice_en_32342,,False
Ext-MSWC-felt-common_voice_en_32418,,False
Ext-MSWC-felt-common_voice_en_3367566,,False
Ext-MSWC-felt-common_voice_en_35469,,False
Ext-MSWC-felt-common_voice_en_426069,,False
Ext-MSWC-felt-common_voice_en_448152,,False
Ext-MSWC-felt-common_voice_en_4529695,,False
Ext-MSWC-felt-common_voice_en_461810,,False
Ext-MSWC-felt-common_voice_en_477316,,False
Ext-MSWC-felt-common_voice_en_47766,,False
Ext-MSWC-felt-common_voice_en_477882,,False
Ext-MSWC-felt-common_voice_en_478427,,False
Ext-MSWC-felt-common_voice_en_482467,,False
Ext-MSWC-felt-common_voice_en_483029,,False
Ext-MSWC-felt-common_voice_en_484843,,False
Ext-MSWC-felt-common_voice_en_486000,,False
Ext-MSWC-felt-common_voice_en_48759,,False
Ext-MSWC-felt-common_voice_en_489860,,False
Ext-MSWC-felt-common_voice_en_489975,,False
Ext-MSWC-felt-common_voice_en_490749,,False
Ext-MSWC-felt-common_voice_en_493625,,False
Ext-MSWC-felt-common_voice_en_493983,,False
Ext-MSWC-felt-common_voice_en_496012,,False
Ext-MSWC-felt-common_voice_en_496642,,False
Ext-MSWC-felt-common_voice_en_498519,,False
Ext-MSWC-felt-common_voice_en_503581,,False
Ext-MSWC-felt-common_voice_en_516591,,False
Ext-MSWC-felt-common_voice_en_517675,,False
Ext-MSWC-felt-common_voice_en_51886,,False
Ext-MSWC-felt-common_voice_en_519769,,False
Ext-MSWC-felt-common_voice_en_521134,,False
Ext-MSWC-felt-common_voice_en_521947,,False
Ext-MSWC-felt-common_voice_en_52281,,False
Ext-MSWC-felt-common_voice_en_524677,,False
Ext-MSWC-felt-common_voice_en_527422,,False
Ext-MSWC-felt-common_voice_en_532904,,False
Ext-MSWC-felt-common_voice_en_537386,,False
Ext-MSWC-felt-common_voice_en_539705,,False
Ext-MSWC-felt-common_voice_en_540016,,False
Ext-MSWC-felt-common_voice_en_548929,,False
Ext-MSWC-felt-common_voice_en_550403,,False
Ext-MSWC-felt-common_voice_en_551503,,False
Ext-MSWC-felt-common_voice_en_552131,,False
Ext-MSWC-felt-common_voice_en_554414,,False
Ext-MSWC-felt-common_voice_en_556252,,False
Ext-MSWC-felt-common_voice_en_556672,,False
Ext-MSWC-felt-common_voice_en_556997,,False
Ext-MSWC-felt-common_voice_en_558581,,False
Ext-MSWC-felt-common_voice_en_558902,,False
Ext-MSWC-felt-common_voice_en_562447,,False
Ext-MSWC-felt-common_voice_en_56497,,False
Ext-MSWC-felt-common_voice_en_56615,,False
Ext-MSWC-felt-common_voice_en_566874,,False
Ext-MSWC-felt-common_voice_en_567500,,False
Ext-MSWC-felt-common_voice_en_570451,,False
Ext-MSWC-felt-common_voice_en_572642,,False
Ext-MSWC-felt-common_voice_en_573346,,False
Ext-MSWC-felt-common_voice_en_574625,,False
Ext-MSWC-felt-common_voice_en_576968,,False
Ext-MSWC-felt-common_voice_en_578356,,False
Ext-MSWC-felt-common_voice_en_579556,,False
Ext-MSWC-felt-common_voice_en_582086,,False
Ext-MSWC-felt-common_voice_en_582670,,False
Ext-MSWC-felt-common_voice_en_585527,,False
Ext-MSWC-felt-common_voice_en_585948,,False
Ext-MSWC-felt-common_voice_en_586118,,False
Ext-MSWC-felt-common_voice_en_587216,,False
Ext-MSWC-felt-common_voice_en_58766,,False
Ext-MSWC-felt-common_voice_en_590249,,False
Ext-MSWC-felt-common_voice_en_591368,,False
Ext-MSWC-felt-common_voice_en_592443,,False
Ext-MSWC-felt-common_voice_en_59568,,False
Ext-MSWC-felt-common_voice_en_595735,,False
Ext-MSWC-felt-common_voice_en_595984,,False
Ext-MSWC-felt-common_voice_en_596296,,False
Ext-MSWC-felt-common_voice_en_597822,,False
Ext-MSWC-felt-common_voice_en_602292,,False
Ext-MSWC-felt-common_voice_en_603616,,False
Ext-MSWC-felt-common_voice_en_603686,,False
Ext-MSWC-felt-common_voice_en_603769,,False
Ext-MSWC-felt-common_voice_en_603864,,False
Ext-MSWC-felt-common_voice_en_605532,,False
Ext-MSWC-felt-common_voice_en_605967,,False
Ext-MSWC-felt-common_voice_en_608018,,False
Ext-MSWC-felt-common_voice_en_611588,,False
Ext-MSWC-felt-common_voice_en_612063,,False
Ext-MSWC-felt-common_voice_en_61262,,False
Ext-MSWC-felt-common_voice_en_612958,,False
Ext-MSWC-felt-common_voice_en_61415,,False
Ext-MSWC-felt-common_voice_en_614427,,False
Ext-MSWC-felt-common_voice_en_622243,,False
Ext-MSWC-felt-common_voice_en_623269,,False
Ext-MSWC-felt-common_voice_en_627146,,False
Ext-MSWC-felt-common_voice_en_63401,,False
Ext-MSWC-felt-common_voice_en_634890,,False
Ext-MSWC-felt-common_voice_en_635400,,False
Ext-MSWC-felt-common_voice_en_63776,,False
Ext-MSWC-felt-common_voice_en_641261,,False
Ext-MSWC-felt-common_voice_en_648919,,False
Ext-MSWC-felt-common_voice_en_651982,,False
Ext-MSWC-felt-common_voice_en_655928,,False
Ext-MSWC-felt-common_voice_en_65781,,False
Ext-MSWC-felt-common_voice_en_659108,,False
Ext-MSWC-felt-common_voice_en_659779,,False
Ext-MSWC-felt-common_voice_en_660110,,False
Ext-MSWC-felt-common_voice_en_662511,,False
Ext-MSWC-felt-common_voice_en_6635550,,False
Ext-MSWC-felt-common_voice_en_663842,,False
Ext-MSWC-felt-common_voice_en_664371,,False
Ext-MSWC-felt-common_voice_en_664770,,False
Ext-MSWC-felt-common_voice_en_665815,,False
Ext-MSWC-felt-common_voice_en_666057,,False
Ext-MSWC-felt-common_voice_en_666309,,False
Ext-MSWC-felt-common_voice_en_669474,,False
Ext-MSWC-felt-common_voice_en_670420,,False
Ext-MSWC-felt-common_voice_en_673559,,False
Ext-MSWC-felt-common_voice_en_680382,,False
Ext-MSWC-felt-common_voice_en_682180,,False
Ext-MSWC-felt-common_voice_en_683267,,False
Ext-MSWC-felt-common_voice_en_68758,,False
Ext-MSWC-felt-common_voice_en_688201,,False
Ext-MSWC-felt-common_voice_en_689993,,False
Ext-MSWC-felt-common_voice_en_690207,,False
Ext-MSWC-felt-common_voice_en_691327,,False
Ext-MSWC-felt-common_voice_en_693719,,False
Ext-MSWC-felt-common_voice_en_694075,,False
Ext-MSWC-felt-common_voice_en_695783,,False
Ext-MSWC-felt-common_voice_en_700167,,False
Ext-MSWC-felt-common_voice_en_71498,,False
Ext-MSWC-felt-common_voice_en_72520,,False
Ext-MSWC-felt-common_voice_en_77610,,False
Ext-MSWC-felt-common_voice_en_79256,,False
Ext-MSWC-felt-common_voice_en_79479,,False
Ext-MSWC-felt-common_voice_en_84671,,False
Ext-MSWC-felt-common_voice_en_86020,,False
Ext-MSWC-felt-common_voice_en_86625,,False
Ext-MSWC-felt-common_voice_en_8965,,False
Ext-MSWC-felt-common_voice_en_89911,,False
Ext-MSWC-felt-common_voice_en_90729,,False
Ext-MSWC-felt-common_voice_en_90752,,False
Ext-MSWC-felt-common_voice_en_91075,,False
Ext-MSWC-felt-common_voice_en_91560,,False
Ext-MSWC-felt-common_voice_en_91724,,False
Ext-MSWC-felt-common_voice_en_93573,,False
Ext-MSWC-halt-common_voice_en_17342309,,False
Ext-MSWC-halt-common_voice_en_173649,,False
Ext-MSWC-halt-common_voice_en_17734360,,False
Ext-MSWC-halt-common_voice_en_17739789,,False
Ext-MSWC-halt-common_voice_en_17771787,,False
Ext-MSWC-halt-common_voice_en_17801922,,False
Ext-MSWC-halt-common_voice_en_17869130,,False
Ext-MSWC-halt-common_voice_en_17903627,,False
Ext-MSWC-halt-common_voice_en_17955200,,False
Ext-MSWC-halt-common_voice_en_18032197,,False
Ext-MSWC-halt-common_voice_en_18071569,,False
Ext-MSWC-halt-common_voice_en_18091127,,False
Ext-MSWC-halt-common_voice_en_18104825,,False
Ext-MSWC-halt-common_voice_en_18128549,,False
Ext-MSWC-halt-common_voice_en_18143963,,False
Ext-MSWC-halt-common_voice_en_18170460,,False
Ext-MSWC-halt-common_voice_en_18543083,,False
Ext-MSWC-halt-common_voice_en_18625356,,False
Ext-MSWC-halt-common_voice_en_18686579,,False
Ext-MSWC-halt-common_voice_en_18707036,,False
Ext-MSWC-halt-common_voice_en_18812572,,False
Ext-MSWC-halt-common_voice_en_18889809,,False
Ext-MSWC-halt-common_voice_en_18949334,,False
Ext-MSWC-halt-common_voice_en_18949430,,False
Ext-MSWC-halt-common_voice_en_19113472,,False
Ext-MSWC-halt-common_voice_en_19230623,,False
Ext-MSWC-halt-common_voice_en_19579326,,False
Ext-MSWC-halt-common_voice_en_19654686,,False
Ext-MSWC-halt-common_voice_en_19744869,,False
Ext-MSWC-halt-common_voice_en_19795444,,False
Ext-MSWC-halt-common_voice_en_19964607,,False
Ext-MSWC-halt-common_voice_en_19976223,,False
Ext-MSWC-halt-common_voice_en_20159851,,False
Ext-MSWC-halt-common_voice_en_20218073,,False
Ext-MSWC-halt-common_voice_en_20284984,,False
Ext-MSWC-halt-common_voice_en_20314966,,False
Ext-MSWC-halt-common_voice_en_20496814,,False
Ext-MSWC-halt-common_voice_en_20577453,,False
Ext-MSWC-halt-common_voice_en_20602289,,False
Ext-MSWC-halt-common_voice_en_20688632,,False
Ext-MSWC-halt-common_voice_en_20938094,,False
Ext-MSWC-halt-common_voice_en_20989968,,False
Ext-MSWC-halt-common_voice_en_21020005,,False
Ext-MSWC-halt-common_voice_en_21380041,,False
Ext-MSWC-halt-common_voice_en_21567443,,False
Ext-MSWC-halt-common_voice_en_21609627,,False
Ext-MSWC-halt-common_voice_en_21768900,,False
Ext-MSWC-halt-common_voice_en_22063745,,False
Ext-MSWC-halt-common_voice_en_22220586,,False
Ext-MSWC-halt-common_voice_en_22386281,,False
Ext-MSWC-halt-common_voice_en_22443883,,False
Ext-MSWC-halt-common_voice_en_4168713,,False
Ext-MSWC-halt-common_voice_en_462994,,False
Ext-MSWC-halt-common_voice_en_481522,,False
Ext-MSWC-halt-common_voice_en_547831,,False
Ext-MSWC-halt-common_voice_en_549609,,False
Ext-MSWC-halt-common_voice_en_574813,,False
Ext-MSWC-halt-common_voice_en_617613,,False
Ext-MSWC-hate-common_voice_en_100460,,False
Ext-MSWC-hate-common_voice_en_101336,,False
Ext-MSWC-hate-common_voice_en_103198,,False
Ext-MSWC-hate-common_voice_en_106226,,False
Ext-MSWC-hate-common_voice_en_1105098,,False
Ext-MSWC-hate-common_voice_en_112998,,False
Ext-MSWC-hate-common_voice_en_114872,,False
Ext-MSWC-hate-common_voice_en_114923,,False
Ext-MSWC-hate-common_voice_en_116502,,False
Ext-MSWC-hate-common_voice_en_117439,,False
Ext-MSWC-hate-common_voice_en_119310,,False
Ext-MSWC-hate-common_voice_en_119664,,False
Ext-MSWC-hate-common_voice_en_12030,,False
Ext-MSWC-hate-common_voice_en_12136930,,False
Ext-MSWC-hate-common_voice_en_122356,,False
Ext-MSWC-hate-common_voice_en_124804,,False
Ext-MSWC-hate-common_voice_en_12516811,,False
Ext-MSWC-hate-common_voice_en_130197,,False
Ext-MSWC-hate-common_voice_en_130436,,False
Ext-MSWC-hate-common_voice_en_133046,,False
Ext-MSWC-hate-common_voice_en_134358,,False
Ext-MSWC-hate-common_voice_en_135870,,False
Ext-MSWC-hate-common_voice_en_139904,,False
Ext-MSWC-hate-common_voice_en_143864,,False
Ext-MSWC-hate-common_voice_en_146012,,False
Ext-MSWC-hate-common_voice_en_147017,,False
Ext-MSWC-hate-common_voice_en_148640,,False
Ext-MSWC-hate-common_voice_en_150032,,False
Ext-MSWC-hate-common_voice_en_152199,,False
Ext-MSWC-hate-common_voice_en_15312,,False
Ext-MSWC-hate-common_voice_en_155283,,False
Ext-MSWC-hate-common_voice_en_15735503,,False
Ext-MSWC-hate-common_voice_en_15749784,,False
Ext-MSWC-hate-common_voice_en_158189,,False
Ext-MSWC-hate-common_voice_en_15904611,,False
Ext-MSWC-hate-common_voice_en_159146,,False
Ext-MSWC-hate-common_voice_en_16047365,,False
Ext-MSWC-hate-common_voice_en_16048643,,False
Ext-MSWC-hate-common_voice_en_163466,,False
Ext-MSWC-hate-common_voice_en_165459,,False
Ext-MSWC-hate-common_voice_en_16666024,,False
Ext-MSWC-hate-common_voice_en_166718,,False
Ext-MSWC-hate-common_voice_en_167640,,False
Ext-MSWC-hate-common_voice_en_170915,,False
Ext-MSWC-hate-common_voice_en_171341,,False
Ext-MSWC-hate-common_voice_en_17147740,,False
Ext-MSWC-hate-common_voice_en_172329,,False
Ext-MSWC-hate-common_voice_en_17272525,,False
Ext-MSWC-hate-common_voice_en_172767,,False
Ext-MSWC-hate-common_voice_en_17281222,,False
Ext-MSWC-hate-common_voice_en_17281760,,False
Ext-MSWC-hate-common_voice_en_17285361,,False
Ext-MSWC-hate-common_voice_en_17288772,,False
Ext-MSWC-hate-common_voice_en_17311294,,False
Ext-MSWC-hate-common_voice_en_17417344,,False
Ext-MSWC-hate-common_voice_en_17448423,,False
Ext-MSWC-hate-common_voice_en_17475276,,False
Ext-MSWC-hate-common_voice_en_175544,,False
Ext-MSWC-hate-common_voice_en_176401,,False
Ext-MSWC-hate-common_voice_en_17716321,,False
Ext-MSWC-hate-common_voice_en_17731309,,False
Ext-MSWC-hate-common_voice_en_17732976,,False
Ext-MSWC-hate-common_voice_en_17776634,,False
Ext-MSWC-hate-common_voice_en_17778000,,False
Ext-MSWC-hate-common_voice_en_17779050,,False
Ext-MSWC-hate-common_voice_en_17780694,,False
Ext-MSWC-hate-common_voice_en_17790095,,False
Ext-MSWC-hate-common_voice_en_17802027,,False
Ext-MSWC-hate-common_voice_en_17844112,,False
Ext-MSWC-hate-common_voice_en_17847820,,False
Ext-MSWC-hate-common_voice_en_17874104,,False
Ext-MSWC-hate-common_voice_en_17876961,,False
Ext-MSWC-hate-common_voice_en_17893186,,False
Ext-MSWC-hate-common_voice_en_178935,,False
Ext-MSWC-hate-common_voice_en_17897751,,False
Ext-MSWC-hate-common_voice_en_17899910,,False
Ext-MSWC-hate-common_voice_en_17918890,,False
Ext-MSWC-hate-common_voice_en_17939519,,False
Ext-MSWC-hate-common_voice_en_17942909,,False
Ext-MSWC-hate-common_voice_en_17959374,,False
Ext-MSWC-hate-common_voice_en_18002558,,False
Ext-MSWC-hate-common_voice_en_18043762,,False
Ext-MSWC-hate-common_voice_en_18048552,,False
Ext-MSWC-hate-common_voice_en_18065631,,False
Ext-MSWC-hate-common_voice_en_18066325,,False
Ext-MSWC-hate-common_voice_en_18114639,,False
Ext-MSWC-hate-common_voice_en_18120746,,False
Ext-MSWC-hate-common_voice_en_18121541,,False
Ext-MSWC-hate-common_voice_en_18121657,,False
Ext-MSWC-hate-common_voice_en_18124480,,False
Ext-MSWC-hate-common_voice_en_18129346,,False
Ext-MSWC-hate-common_voice_en_18139581,,False
Ext-MSWC-hate-common_voice_en_18143708,,False
Ext-MSWC-hate-common_voice_en_18156944,,False
Ext-MSWC-hate-common_voice_en_181904,,False
Ext-MSWC-hate-common_voice_en_182246,,False
Ext-MSWC-hate-common_voice_en_18306533,,False
Ext-MSWC-hate-common_voice_en_18324975,,False
Ext-MSWC-hate-common_voice_en_18339780,,False
Ext-MSWC-hate-common_voice_en_18340102,,False
Ext-MSWC-hate-common_voice_en_18342700,,False
Ext-MSWC-hate-common_voice_en_18344561,,False
Ext-MSWC-hate-common_voice_en_18347582,,False
Ext-MSWC-hate-common_voice_en_18349301,,False
Ext-MSWC-hate-common_voice_en_18356108,,False
Ext-MSWC-hate-common_voice_en_18444053,,False
Ext-MSWC-hate-common_voice_en_184571,,False
Ext-MSWC-hate-common_voice_en_18473955,,False
Ext-MSWC-hate-common_voice_en_18474472,,False
Ext-MSWC-hate-common_voice_en_18506728,,False
Ext-MSWC-hate-common_voice_en_18522592,,False
Ext-MSWC-hate-common_voice_en_18530163,,False
Ext-MSWC-hate-common_voice_en_18603678,,False
Ext-MSWC-hate-common_voice_en_18645257,,False
Ext-MSWC-hate-common_voice_en_18656143,,False
Ext-MSWC-hate-common_voice_en_18662715,,False
Ext-MSWC-hate-common_voice_en_18808,,False
Ext-MSWC-hate-common_voice_en_18816135,,False
Ext-MSWC-hate-common_voice_en_188887,,False
Ext-MSWC-hate-common_voice_en_19037023,,False
Ext-MSWC-hate-common_voice_en_19276103,,False
Ext-MSWC-hate-common_voice_en_19279440,,False
Ext-MSWC-hate-common_voice_en_194538,,False
Ext-MSWC-hate-common_voice_en_19463370,,False
Ext-MSWC-hate-common_voice_en_19499302,,False
Ext-MSWC-hate-common_voice_en_196136,,False
Ext-MSWC-hate-common_voice_en_196328,,False
Ext-MSWC-hate-common_voice_en_19634163__2,,False
Ext-MSWC-hate-common_voice_en_19655995,,False
Ext-MSWC-hate-common_voice_en_19664923,,False
Ext-MSWC-hate-common_voice_en_19786181,,False
Ext-MSWC-hate-common_voice_en_19823626,,False
Ext-MSWC-hate-common_voice_en_19848165,,False
Ext-MSWC-hate-common_voice_en_19893846,,False
Ext-MSWC-hate-common_voice_en_19990347,,False
Ext-MSWC-hate-common_voice_en_20027039,,False
Ext-MSWC-hate-common_voice_en_20043443,,False
Ext-MSWC-hate-common_voice_en_201364,,False
Ext-MSWC-hate-common_voice_en_201993,,False
Ext-MSWC-hate-common_voice_en_20221171,,False
Ext-MSWC-hate-common_voice_en_202980,,False
Ext-MSWC-hate-common_voice_en_20311030,,False
Ext-MSWC-hate-common_voice_en_20415382,,False
Ext-MSWC-hate-common_voice_en_204267,,False
Ext-MSWC-hate-common_voice_en_20514013,,False
Ext-MSWC-hate-common_voice_en_20632,,False
Ext-MSWC-hate-common_voice_en_20746142,,False
Ext-MSWC-hate-common_voice_en_207723,,False
Ext-MSWC-hate-common_voice_en_20848256,,False
Ext-MSWC-hate-common_voice_en_20894081,,False
Ext-MSWC-hate-common_voice_en_20909220,,False
Ext-MSWC-hate-common_voice_en_21103291,,False
Ext-MSWC-hate-common_voice_en_21106684,,False
Ext-MSWC-hate-common_voice_en_211471,,False
Ext-MSWC-hate-common_voice_en_213069,,False
Ext-MSWC-hate-common_voice_en_21335702,,False
Ext-MSWC-hate-common_voice_en_21452728,,False
Ext-MSWC-hate-common_voice_en_216434,,False
Ext-MSWC-hate-common_voice_en_216727,,False
Ext-MSWC-hate-common_voice_en_21935149,,False
Ext-MSWC-hate-common_voice_en_21975246,,False
Ext-MSWC-hate-common_voice_en_219798,,False
Ext-MSWC-hate-common_voice_en_22056179,,False
Ext-MSWC-hate-common_voice_en_221609,,False
Ext-MSWC-hate-common_voice_en_22248452__2,,False
Ext-MSWC-hate-common_voice_en_22279430,,False
Ext-MSWC-hate-common_voice_en_22433761,,False
Ext-MSWC-hate-common_voice_en_22437937,,False
Ext-MSWC-hate-common_voice_en_22440317,,False
Ext-MSWC-hate-common_voice_en_23158,,False
Ext-MSWC-hate-common_voice_en_2409873,,False
Ext-MSWC-hate-common_voice_en_24132,,False
Ext-MSWC-hate-common_voice_en_247182,,False
Ext-MSWC-hate-common_voice_en_252512,,False
Ext-MSWC-hate-common_voice_en_2542,,False
Ext-MSWC-hate-common_voice_en_288944,,False
Ext-MSWC-hate-common_voice_en_29614,,False
Ext-MSWC-hate-common_voice_en_34171,,False
Ext-MSWC-hate-common_voice_en_343893,,False
Ext-MSWC-hate-common_voice_en_365345,,False
Ext-MSWC-hate-common_voice_en_37008,,False
Ext-MSWC-hate-common_voice_en_38503,,False
Ext-MSWC-hate-common_voice_en_390756,,False
Ext-MSWC-hate-common_voice_en_398258,,False
Ext-MSWC-hate-common_voice_en_420,,False
Ext-MSWC-hate-common_voice_en_4236542,,False
Ext-MSWC-hate-common_voice_en_425893,,False
Ext-MSWC-hate-common_voice_en_428196,,False
Ext-MSWC-hate-common_voice_en_43600,,False
Ext-MSWC-hate-common_voice_en_46942,,False
Ext-MSWC-hate-common_voice_en_47484,,False
Ext-MSWC-hate-common_voice_en_476509,,False
Ext-MSWC-hate-common_voice_en_477066,,False
Ext-MSWC-hate-common_voice_en_477974,,False
Ext-MSWC-hate-common_voice_en_478203,,False
Ext-MSWC-hate-common_voice_en_480304,,False
Ext-MSWC-hate-common_voice_en_480579,,False
Ext-MSWC-hate-common_voice_en_481293,,False
Ext-MSWC-hate-common_voice_en_483727,,False
Ext-MSWC-hate-common_voice_en_487328,,False
Ext-MSWC-hate-common_voice_en_489486,,False
Ext-MSWC-hate-common_voice_en_49112,,False
Ext-MSWC-hate-common_voice_en_499079,,False
Ext-MSWC-hate-common_voice_en_500625,,False
Ext-MSWC-hate-common_voice_en_501922,,False
Ext-MSWC-hate-common_voice_en_50286,,False
Ext-MSWC-hate-common_voice_en_505311,,False
Ext-MSWC-hate-common_voice_en_509033,,False
Ext-MSWC-hate-common_voice_en_509312,,False
Ext-MSWC-hate-common_voice_en_510687,,False
Ext-MSWC-hate-common_voice_en_511254,,False
Ext-MSWC-hate-common_voice_en_512021,,False
Ext-MSWC-hate-common_voice_en_516073,,False
Ext-MSWC-hate-common_voice_en_517242,,False
Ext-MSWC-hate-common_voice_en_526995,,False
Ext-MSWC-hate-common_voice_en_532710,,False
Ext-MSWC-hate-common_voice_en_533482,,False
Ext-MSWC-hate-common_voice_en_53737,,False
Ext-MSWC-hate-common_voice_en_537969,,False
Ext-MSWC-hate-common_voice_en_538045,,False
Ext-MSWC-hate-common_voice_en_544664,,False
Ext-MSWC-hate-common_voice_en_546584,,False
Ext-MSWC-hate-common_voice_en_550706,,False
Ext-MSWC-hate-common_voice_en_550759,,False
Ext-MSWC-hate-common_voice_en_551051,,False
Ext-MSWC-hate-common_voice_en_55638,,False
Ext-MSWC-hate-common_voice_en_557646,,False
Ext-MSWC-hate-common_voice_en_558558,,False
Ext-MSWC-hate-common_voice_en_558746,,False
Ext-MSWC-hate-common_voice_en_563839,,False
Ext-MSWC-hate-common_voice_en_563876,,False
Ext-MSWC-hate-common_voice_en_564147,,False
Ext-MSWC-hate-common_voice_en_56801,,False
Ext-MSWC-hate-common_voice_en_568781,,False
Ext-MSWC-hate-common_voice_en_571839,,False
Ext-MSWC-hate-common_voice_en_573156,,False
Ext-MSWC-hate-common_voice_en_575752,,False
Ext-MSWC-hate-common_voice_en_575984,,False
Ext-MSWC-hate-common_voice_en_576350,,False
Ext-MSWC-hate-common_voice_en_586811,,False
Ext-MSWC-hate-common_voice_en_592825,,False
Ext-MSWC-hate-common_voice_en_603649,,False
Ext-MSWC-hate-common_voice_en_603715,,False
Ext-MSWC-hate-common_voice_en_604473,,False
Ext-MSWC-hate-common_voice_en_606667,,False
Ext-MSWC-hate-common_voice_en_606809,,False
Ext-MSWC-hate-common_voice_en_607585,,False
Ext-MSWC-hate-common_voice_en_609762,,False
Ext-MSWC-hate-common_voice_en_609977,,False
Ext-MSWC-hate-common_voice_en_613329,,False
Ext-MSWC-hate-common_voice_en_616567,,False
Ext-MSWC-hate-common_voice_en_616727,,False
Ext-MSWC-hate-common_voice_en_617858,,False
Ext-MSWC-hate-common_voice_en_622354,,False
Ext-MSWC-hate-common_voice_en_629416,,False
Ext-MSWC-hate-common_voice_en_635388,,False
Ext-MSWC-hate-common_voice_en_635438,,False
Ext-MSWC-hate-common_voice_en_635758,,False
Ext-MSWC-hate-common_voice_en_638093,,False
Ext-MSWC-hate-common_voice_en_640649,,False
Ext-MSWC-hate-common_voice_en_641147,,False
Ext-MSWC-hate-common_voice_en_647070,,False
Ext-MSWC-hate-common_voice_en_648466,,False
Ext-MSWC-hate-common_voice_en_653139,,False
Ext-MSWC-hate-common_voice_en_653918,,False
Ext-MSWC-hate-common_voice_en_655498,,False
Ext-MSWC-hate-common_voice_en_655537,,False
Ext-MSWC-hate-common_voice_en_656652,,False
Ext-MSWC-hate-common_voice_en_656848,,False
Ext-MSWC-hate-common_voice_en_6568599,,False
Ext-MSWC-hate-common_voice_en_65790,,False
Ext-MSWC-hate-common_voice_en_660485,,False
Ext-MSWC-hate-common_voice_en_665145,,False
Ext-MSWC-hate-common_voice_en_665956,,False
Ext-MSWC-hate-common_voice_en_666780,,False
Ext-MSWC-hate-common_voice_en_668216,,False
Ext-MSWC-hate-common_voice_en_669727,,False
Ext-MSWC-hate-common_voice_en_670628,,False
Ext-MSWC-hate-common_voice_en_671405,,False
Ext-MSWC-hate-common_voice_en_680328,,False
Ext-MSWC-hate-common_voice_en_685944,,False
Ext-MSWC-hate-common_voice_en_686837,,False
Ext-MSWC-hate-common_voice_en_688879,,False
Ext-MSWC-hate-common_voice_en_690174,,False
Ext-MSWC-hate-common_voice_en_691276,,False
Ext-MSWC-hate-common_voice_en_693306,,False
Ext-MSWC-hate-common_voice_en_695735,,False
Ext-MSWC-hate-common_voice_en_696097,,False
Ext-MSWC-hate-common_voice_en_697775,,False
Ext-MSWC-hate-common_voice_en_698814,,False
Ext-MSWC-hate-common_voice_en_700538,,False
Ext-MSWC-hate-common_voice_en_79178,,False
Ext-MSWC-hate-common_voice_en_79505,,False
Ext-MSWC-hate-common_voice_en_8322,,False
Ext-MSWC-hate-common_voice_en_84022,,False
Ext-MSWC-hate-common_voice_en_86292,,False
Ext-MSWC-hate-common_voice_en_86849,,False
Ext-MSWC-hate-common_voice_en_96290,,False
Ext-MSWC-hate-common_voice_en_96344,,False
Ext-MSWC-hate-common_voice_en_98876,,False
Ext-MSWC-hay-common_voice_en_10075382,,False
Ext-MSWC-hay-common_voice_en_10208702,,False
Ext-MSWC-hay-common_voice_en_106951,,False
Ext-MSWC-hay-common_voice_en_107778,,False
Ext-MSWC-hay-common_voice_en_109813,,False
Ext-MSWC-hay-common_voice_en_111343,,False
Ext-MSWC-hay-common_voice_en_11351586,,False
Ext-MSWC-hay-common_voice_en_11659292,,False
Ext-MSWC-hay-common_voice_en_117389,,False
Ext-MSWC-hay-common_voice_en_11797607,,False
Ext-MSWC-hay-common_voice_en_126302,,False
Ext-MSWC-hay-common_voice_en_138899,,False
Ext-MSWC-hay-common_voice_en_14381404,,False
Ext-MSWC-hay-common_voice_en_145653,,False
Ext-MSWC-hay-common_voice_en_1479892,,False
Ext-MSWC-hay-common_voice_en_15733367,,False
Ext-MSWC-hay-common_voice_en_15734537,,False
Ext-MSWC-hay-common_voice_en_15753811,,False
Ext-MSWC-hay-common_voice_en_15903904,,False
Ext-MSWC-hay-common_voice_en_16185433,,False
Ext-MSWC-hay-common_voice_en_16185491,,False
Ext-MSWC-hay-common_voice_en_163895,,False
Ext-MSWC-hay-common_voice_en_170813,,False
Ext-MSWC-hay-common_voice_en_17147651,,False
Ext-MSWC-hay-common_voice_en_17245675,,False
Ext-MSWC-hay-common_voice_en_17245804,,False
Ext-MSWC-hay-common_voice_en_17281478,,False
Ext-MSWC-hay-common_voice_en_17287386,,False
Ext-MSWC-hay-common_voice_en_17287524,,False
Ext-MSWC-hay-common_voice_en_17294094,,False
Ext-MSWC-hay-common_voice_en_17294378,,False
Ext-MSWC-hay-common_voice_en_17331218,,False
Ext-MSWC-hay-common_voice_en_17356633,,False
Ext-MSWC-hay-common_voice_en_17371601,,False
Ext-MSWC-hay-common_voice_en_17406977,,False
Ext-MSWC-hay-common_voice_en_17411464,,False
Ext-MSWC-hay-common_voice_en_17451105,,False
Ext-MSWC-hay-common_voice_en_17453337,,False
Ext-MSWC-hay-common_voice_en_17646590,,False
Ext-MSWC-hay-common_voice_en_17665974,,False
Ext-MSWC-hay-common_voice_en_17715601,,False
Ext-MSWC-hay-common_voice_en_17739769,,False
Ext-MSWC-hay-common_voice_en_17769621,,False
Ext-MSWC-hay-common_voice_en_17784169,,False
Ext-MSWC-hay-common_voice_en_17793969,,False
Ext-MSWC-hay-common_voice_en_17801983,,False
Ext-MSWC-hay-common_voice_en_17831311,,False
Ext-MSWC-hay-common_voice_en_17840857,,False
Ext-MSWC-hay-common_voice_en_17841511,,False
Ext-MSWC-hay-common_voice_en_17859652,,False
Ext-MSWC-hay-common_voice_en_17875164,,False
Ext-MSWC-hay-common_voice_en_17885589,,False
Ext-MSWC-hay-common_voice_en_17888647,,False
Ext-MSWC-hay-common_voice_en_17899094,,False
Ext-MSWC-hay-common_voice_en_17913534,,False
Ext-MSWC-hay-common_voice_en_17954920,,False
Ext-MSWC-hay-common_voice_en_17955631,,False
Ext-MSWC-hay-common_voice_en_17956885,,False
Ext-MSWC-hay-common_voice_en_17979110,,False
Ext-MSWC-hay-common_voice_en_18001512,,False
Ext-MSWC-hay-common_voice_en_18061800,,False
Ext-MSWC-hay-common_voice_en_18082453,,False
Ext-MSWC-hay-common_voice_en_18102024,,False
Ext-MSWC-hay-common_voice_en_18107996,,False
Ext-MSWC-hay-common_voice_en_18134038,,False
Ext-MSWC-hay-common_voice_en_18142575,,False
Ext-MSWC-hay-common_voice_en_18144303,,False
Ext-MSWC-hay-common_voice_en_18404689,,False
Ext-MSWC-hay-common_voice_en_18422697,,False
Ext-MSWC-hay-common_voice_en_18513376,,False
Ext-MSWC-hay-common_voice_en_18554172,,False
Ext-MSWC-hay-common_voice_en_1857919,,False
Ext-MSWC-hay-common_voice_en_18634593,,False
Ext-MSWC-hay-common_voice_en_18648682,,False
Ext-MSWC-hay-common_voice_en_18661289,,False
Ext-MSWC-hay-common_voice_en_18732577,,False
Ext-MSWC-hay-common_voice_en_18747716,,False
Ext-MSWC-hay-common_voice_en_18767286,,False
Ext-MSWC-hay-common_voice_en_18773162,,False
Ext-MSWC-hay-common_voice_en_18967675,,False
Ext-MSWC-hay-common_voice_en_19239147,,False
Ext-MSWC-hay-common_voice_en_19258893,,False
Ext-MSWC-hay-common_voice_en_19309962,,False
Ext-MSWC-hay-common_voice_en_194524,,False
Ext-MSWC-hay-common_voice_en_195066,,False
Ext-MSWC-hay-common_voice_en_195937,,False
Ext-MSWC-hay-common_voice_en_19606269,,False
Ext-MSWC-hay-common_voice_en_19652408,,False
Ext-MSWC-hay-common_voice_en_19664313,,False
Ext-MSWC-hay-common_voice_en_19677748,,False
Ext-MSWC-hay-common_voice_en_197068,,False
Ext-MSWC-hay-common_voice_en_19711517,,False
Ext-MSWC-hay-common_voice_en_19734783,,False
Ext-MSWC-hay-common_voice_en_19740896,,False
Ext-MSWC-hay-common_voice_en_19781756,,False
Ext-MSWC-hay-common_voice_en_19792518,,False
Ext-MSWC-hay-common_voice_en_19827449,,False
Ext-MSWC-hay-common_voice_en_19843086,,False
Ext-MSWC-hay-common_voice_en_19845624,,False
Ext-MSWC-hay-common_voice_en_19962661,,False
Ext-MSWC-hay-common_voice_en_19979980,,False
Ext-MSWC-hay-common_voice_en_19988987,,False
Ext-MSWC-hay-common_voice_en_20009055,,False
Ext-MSWC-hay-common_voice_en_20016338,,False
Ext-MSWC-hay-common_voice_en_20064921,,False
Ext-MSWC-hay-common_voice_en_20075607,,False
Ext-MSWC-hay-common_voice_en_20079579,,False
Ext-MSWC-hay-common_voice_en_20105407,,False
Ext-MSWC-hay-common_voice_en_20141639,,False
Ext-MSWC-hay-common_voice_en_20149436,,False
Ext-MSWC-hay-common_voice_en_20183803,,False
Ext-MSWC-hay-common_voice_en_20187706,,False
Ext-MSWC-hay-common_voice_en_20281236,,False
Ext-MSWC-hay-common_voice_en_20297147,,False
Ext-MSWC-hay-common_voice_en_20308431,,False
Ext-MSWC-hay-common_voice_en_203794,,False
Ext-MSWC-hay-common_voice_en_20381530,,False
Ext-MSWC-hay-common_voice_en_20394746,,False
Ext-MSWC-hay-common_voice_en_20427478,,False
Ext-MSWC-hay-common_voice_en_20470145__2,,False
Ext-MSWC-hay-common_voice_en_20565042,,False
Ext-MSWC-hay-common_voice_en_20654291,,False
Ext-MSWC-hay-common_voice_en_20731217,,False
Ext-MSWC-hay-common_voice_en_20844231,,False
Ext-MSWC-hay-common_voice_en_20870859,,False
Ext-MSWC-hay-common_voice_en_20877127,,False
Ext-MSWC-hay-common_voice_en_20883930,,False
Ext-MSWC-hay-common_voice_en_20982169,,False
Ext-MSWC-hay-common_voice_en_21306568,,False
Ext-MSWC-hay-common_voice_en_21511109,,False
Ext-MSWC-hay-common_voice_en_215493,,False
Ext-MSWC-hay-common_voice_en_21741420,,False
Ext-MSWC-hay-common_voice_en_21972603,,False
Ext-MSWC-hay-common_voice_en_21990,,False
Ext-MSWC-hay-common_voice_en_22025993,,False
Ext-MSWC-hay-common_voice_en_2202851,,False
Ext-MSWC-hay-common_voice_en_22117426,,False
Ext-MSWC-hay-common_voice_en_22178637,,False
Ext-MSWC-hay-common_voice_en_22196796,,False
Ext-MSWC-hay-common_voice_en_22294301,,False
Ext-MSWC-hay-common_voice_en_22295759,,False
Ext-MSWC-hay-common_voice_en_22366278,,False
Ext-MSWC-hay-common_voice_en_22431394,,False
Ext-MSWC-hay-common_voice_en_245015,,False
Ext-MSWC-hay-common_voice_en_28822,,False
Ext-MSWC-hay-common_voice_en_317079,,False
Ext-MSWC-hay-common_voice_en_33595,,False
Ext-MSWC-hay-common_voice_en_336105,,False
Ext-MSWC-hay-common_voice_en_357001,,False
Ext-MSWC-hay-common_voice_en_404700,,False
Ext-MSWC-hay-common_voice_en_41496,,False
Ext-MSWC-hay-common_voice_en_429339,,False
Ext-MSWC-hay-common_voice_en_4330935,,False
Ext-MSWC-hay-common_voice_en_444757,,False
Ext-MSWC-hay-common_voice_en_44731,,False
Ext-MSWC-hay-common_voice_en_461012,,False
Ext-MSWC-hay-common_voice_en_461663,,False
Ext-MSWC-hay-common_voice_en_469429,,False
Ext-MSWC-hay-common_voice_en_483361,,False
Ext-MSWC-hay-common_voice_en_485778,,False
Ext-MSWC-hay-common_voice_en_487776,,False
Ext-MSWC-hay-common_voice_en_497078,,False
Ext-MSWC-hay-common_voice_en_499111,,False
Ext-MSWC-hay-common_voice_en_499874__2,,False
Ext-MSWC-hay-common_voice_en_506750,,False
Ext-MSWC-hay-common_voice_en_511394,,False
Ext-MSWC-hay-common_voice_en_512353,,False
Ext-MSWC-hay-common_voice_en_513721,,False
Ext-MSWC-hay-common_voice_en_517763,,False
Ext-MSWC-hay-common_voice_en_531059,,False
Ext-MSWC-hay-common_voice_en_535116,,False
Ext-MSWC-hay-common_voice_en_535842,,False
Ext-MSWC-hay-common_voice_en_543436,,False
Ext-MSWC-hay-common_voice_en_544999,,False
Ext-MSWC-hay-common_voice_en_554456,,False
Ext-MSWC-hay-common_voice_en_564576,,False
Ext-MSWC-hay-common_voice_en_564884,,False
Ext-MSWC-hay-common_voice_en_564910,,False
Ext-MSWC-hay-common_voice_en_5723061,,False
Ext-MSWC-hay-common_voice_en_583643,,False
Ext-MSWC-hay-common_voice_en_594960,,False
Ext-MSWC-hay-common_voice_en_598612,,False
Ext-MSWC-hay-common_voice_en_605024,,False
Ext-MSWC-hay-common_voice_en_614637,,False
Ext-MSWC-hay-common_voice_en_616824,,False
Ext-MSWC-hay-common_voice_en_620261,,False
Ext-MSWC-hay-common_voice_en_621839,,False
Ext-MSWC-hay-common_voice_en_624098,,False
Ext-MSWC-hay-common_voice_en_625622,,False
Ext-MSWC-hay-common_voice_en_658946,,False
Ext-MSWC-hay-common_voice_en_66234,,False
Ext-MSWC-hay-common_voice_en_666243,,False
Ext-MSWC-hay-common_voice_en_681356,,False
Ext-MSWC-hay-common_voice_en_683938,,False
Ext-MSWC-hay-common_voice_en_68970,,False
Ext-MSWC-hay-common_voice_en_69037,,False
Ext-MSWC-hay-common_voice_en_69290,,False
Ext-MSWC-hay-common_voice_en_69609,,False
Ext-MSWC-hay-common_voice_en_699749,,False
Ext-MSWC-hay-common_voice_en_700419,,False
Ext-MSWC-hay-common_voice_en_7570705,,False
Ext-MSWC-hay-common_voice_en_78531,,False
Ext-MSWC-hay-common_voice_en_79036,,False
Ext-MSWC-hay-common_voice_en_8957952,,False
Ext-MSWC-hay-common_voice_en_947883,,False
Ext-MSWC-hay-common_voice_en_97268,,False
Ext-MSWC-hayden-common_voice_en_18717763,,False
Ext-MSWC-hayden-common_voice_en_18869825,,False
Ext-MSWC-hayden-common_voice_en_18906205,,False
Ext-MSWC-hayden-common_voice_en_19024706,,False
Ext-MSWC-hayden-common_voice_en_19152094,,False
Ext-MSWC-hayden-common_voice_en_19164400,,False
Ext-MSWC-hayden-common_voice_en_19588660,,False
Ext-MSWC-hayden-common_voice_en_19702393,,False
Ext-MSWC-hayden-common_voice_en_19732436,,False
Ext-MSWC-hayden-common_voice_en_19772570,,False
Ext-MSWC-hayden-common_voice_en_19804665,,False
Ext-MSWC-hayden-common_voice_en_19846403,,False
Ext-MSWC-hayden-common_voice_en_19863517,,False
Ext-MSWC-hayden-common_voice_en_20777742,,False
Ext-MSWC-hayden-common_voice_en_20788719,,False
Ext-MSWC-hayden-common_voice_en_20826254,,False
Ext-MSWC-hayden-common_voice_en_20922912,,False
Ext-MSWC-hayden-common_voice_en_21203169,,False
Ext-MSWC-hayden-common_voice_en_21338072,,False
Ext-MSWC-hayden-common_voice_en_21536304,,False
Ext-MSWC-hayden-common_voice_en_21949767,,False
Ext-MSWC-hayden-common_voice_en_22126087,,False
Ext-MSWC-hayden-common_voice_en_22268122,,False
Ext-MSWC-heather-common_voice_en_101497,,False
Ext-MSWC-heather-common_voice_en_102126,,False
Ext-MSWC-heather-common_voice_en_102541,,False
Ext-MSWC-heather-common_voice_en_103713,,False
Ext-MSWC-heather-common_voice_en_104538,,False
Ext-MSWC-heather-common_voice_en_105204,,False
Ext-MSWC-heather-common_voice_en_10646,,False
Ext-MSWC-heather-common_voice_en_107504,,False
Ext-MSWC-heather-common_voice_en_10974,,False
Ext-MSWC-heather-common_voice_en_110726,,False
Ext-MSWC-heather-common_voice_en_111435,,False
Ext-MSWC-heather-common_voice_en_111983,,False
Ext-MSWC-heather-common_voice_en_112498,,False
Ext-MSWC-heather-common_voice_en_112600,,False
Ext-MSWC-heather-common_voice_en_113856,,False
Ext-MSWC-heather-common_voice_en_114494,,False
Ext-MSWC-heather-common_voice_en_115042,,False
Ext-MSWC-heather-common_voice_en_115195,,False
Ext-MSWC-heather-common_voice_en_115547,,False
Ext-MSWC-heather-common_voice_en_11640,,False
Ext-MSWC-heather-common_voice_en_116883,,False
Ext-MSWC-heather-common_voice_en_116993,,False
Ext-MSWC-heather-common_voice_en_12033,,False
Ext-MSWC-heather-common_voice_en_121974,,False
Ext-MSWC-heather-common_voice_en_122547,,False
Ext-MSWC-heather-common_voice_en_125448,,False
Ext-MSWC-heather-common_voice_en_130738,,False
Ext-MSWC-heather-common_voice_en_132529,,False
Ext-MSWC-heather-common_voice_en_13320,,False
Ext-MSWC-heather-common_voice_en_133289,,False
Ext-MSWC-heather-common_voice_en_133765,,False
Ext-MSWC-heather-common_voice_en_134220,,False
Ext-MSWC-heather-common_voice_en_137414,,False
Ext-MSWC-heather-common_voice_en_138640,,False
Ext-MSWC-heather-common_voice_en_138841,,False
Ext-MSWC-heather-common_voice_en_144032,,False
Ext-MSWC-heather-common_voice_en_144680,,False
Ext-MSWC-heather-common_voice_en_144895,,False
Ext-MSWC-heather-common_voice_en_146164,,False
Ext-MSWC-heather-common_voice_en_148766,,False
Ext-MSWC-heather-common_voice_en_149443,,False
Ext-MSWC-heather-common_voice_en_150243,,False
Ext-MSWC-heather-common_voice_en_150441,,False
Ext-MSWC-heather-common_voice_en_151456,,False
Ext-MSWC-heather-common_voice_en_151580,,False
Ext-MSWC-heather-common_voice_en_152524,,False
Ext-MSWC-heather-common_voice_en_152755,,False
Ext-MSWC-heather-common_voice_en_153761,,False
Ext-MSWC-heather-common_voice_en_154875,,False
Ext-MSWC-heather-common_voice_en_155472,,False
Ext-MSWC-heather-common_voice_en_159622,,False
Ext-MSWC-heather-common_voice_en_162465,,False
Ext-MSWC-heather-common_voice_en_162894,,False
Ext-MSWC-heather-common_voice_en_167103,,False
Ext-MSWC-heather-common_voice_en_167131,,False
Ext-MSWC-heather-common_voice_en_167970,,False
Ext-MSWC-heather-common_voice_en_168204,,False
Ext-MSWC-heather-common_voice_en_17008,,False
Ext-MSWC-heather-common_voice_en_170538,,False
Ext-MSWC-heather-common_voice_en_172306,,False
Ext-MSWC-heather-common_voice_en_176558,,False
Ext-MSWC-heather-common_voice_en_178371,,False
Ext-MSWC-heather-common_voice_en_179999,,False
Ext-MSWC-heather-common_voice_en_180539,,False
Ext-MSWC-heather-common_voice_en_182632,,False
Ext-MSWC-heather-common_voice_en_18561383,,False
Ext-MSWC-heather-common_voice_en_18584062,,False
Ext-MSWC-heather-common_voice_en_18593946,,False
Ext-MSWC-heather-common_voice_en_18643970,,False
Ext-MSWC-heather-common_voice_en_18828,,False
Ext-MSWC-heather-common_voice_en_18846810,,False
Ext-MSWC-heather-common_voice_en_18870726,,False
Ext-MSWC-heather-common_voice_en_18989861,,False
Ext-MSWC-heather-common_voice_en_191525,,False
Ext-MSWC-heather-common_voice_en_192845,,False
Ext-MSWC-heather-common_voice_en_19284565,,False
Ext-MSWC-heather-common_voice_en_193349,,False
Ext-MSWC-heather-common_voice_en_194142,,False
Ext-MSWC-heather-common_voice_en_194425,,False
Ext-MSWC-heather-common_voice_en_19600367,,False
Ext-MSWC-heather-common_voice_en_19666406,,False
Ext-MSWC-heather-common_voice_en_197409,,False
Ext-MSWC-heather-common_voice_en_19813109,,False
Ext-MSWC-heather-common_voice_en_198294,,False
Ext-MSWC-heather-common_voice_en_198430,,False
Ext-MSWC-heather-common_voice_en_20110041,,False
Ext-MSWC-heather-common_voice_en_201847,,False
Ext-MSWC-heather-common_voice_en_202867,,False
Ext-MSWC-heather-common_voice_en_203177,,False
Ext-MSWC-heather-common_voice_en_20342478,,False
Ext-MSWC-heather-common_voice_en_20437847,,False
Ext-MSWC-heather-common_voice_en_204704,,False
Ext-MSWC-heather-common_voice_en_20693392,,False
Ext-MSWC-heather-common_voice_en_207143,,False
Ext-MSWC-heather-common_voice_en_207609,,False
Ext-MSWC-heather-common_voice_en_20890536,,False
Ext-MSWC-heather-common_voice_en_20975274,,False
Ext-MSWC-heather-common_voice_en_21053890,,False
Ext-MSWC-heather-common_voice_en_211535,,False
Ext-MSWC-heather-common_voice_en_211607,,False
Ext-MSWC-heather-common_voice_en_21182793,,False
Ext-MSWC-heather-common_voice_en_213530,,False
Ext-MSWC-heather-common_voice_en_214102,,False
Ext-MSWC-heather-common_voice_en_21620,,False
Ext-MSWC-heather-common_voice_en_216723,,False
Ext-MSWC-heather-common_voice_en_217333,,False
Ext-MSWC-heather-common_voice_en_21765295,,False
Ext-MSWC-heather-common_voice_en_21796139,,False
Ext-MSWC-heather-common_voice_en_21926287,,False
Ext-MSWC-heather-common_voice_en_220192,,False
Ext-MSWC-heather-common_voice_en_22049859,,False
Ext-MSWC-heather-common_voice_en_220731,,False
Ext-MSWC-heather-common_voice_en_22107592,,False
Ext-MSWC-heather-common_voice_en_22184055,,False
Ext-MSWC-heather-common_voice_en_24250,,False
Ext-MSWC-heather-common_voice_en_24692,,False
Ext-MSWC-heather-common_voice_en_29946,,False
Ext-MSWC-heather-common_voice_en_3002,,False
Ext-MSWC-heather-common_voice_en_32286,,False
Ext-MSWC-heather-common_voice_en_34230,,False
Ext-MSWC-heather-common_voice_en_344,,False
Ext-MSWC-heather-common_voice_en_34942,,False
Ext-MSWC-heather-common_voice_en_36696,,False
Ext-MSWC-heather-common_voice_en_41636,,False
Ext-MSWC-heather-common_voice_en_42296,,False
Ext-MSWC-heather-common_voice_en_44421,,False
Ext-MSWC-heather-common_voice_en_44615,,False
Ext-MSWC-heather-common_voice_en_45996,,False
Ext-MSWC-heather-common_voice_en_47313,,False
Ext-MSWC-heather-common_voice_en_477897,,False
Ext-MSWC-heather-common_voice_en_479845,,False
Ext-MSWC-heather-common_voice_en_484766,,False
Ext-MSWC-heather-common_voice_en_485452,,False
Ext-MSWC-heather-common_voice_en_486581,,False
Ext-MSWC-heather-common_voice_en_487351,,False
Ext-MSWC-heather-common_voice_en_489537,,False
Ext-MSWC-heather-common_voice_en_49497,,False
Ext-MSWC-heather-common_voice_en_495000,,False
Ext-MSWC-heather-common_voice_en_49632,,False
Ext-MSWC-heather-common_voice_en_503904,,False
Ext-MSWC-heather-common_voice_en_503927,,False
Ext-MSWC-heather-common_voice_en_505246,,False
Ext-MSWC-heather-common_voice_en_509198,,False
Ext-MSWC-heather-common_voice_en_509324,,False
Ext-MSWC-heather-common_voice_en_510939,,False
Ext-MSWC-heather-common_voice_en_511274,,False
Ext-MSWC-heather-common_voice_en_513016,,False
Ext-MSWC-heather-common_voice_en_518504,,False
Ext-MSWC-heather-common_voice_en_520503,,False
Ext-MSWC-heather-common_voice_en_520856,,False
Ext-MSWC-heather-common_voice_en_523005,,False
Ext-MSWC-heather-common_voice_en_523659,,False
Ext-MSWC-heather-common_voice_en_524268,,False
Ext-MSWC-heather-common_voice_en_527834,,False
Ext-MSWC-heather-common_voice_en_530474,,False
Ext-MSWC-heather-common_voice_en_534048,,False
Ext-MSWC-heather-common_voice_en_535650,,False
Ext-MSWC-heather-common_voice_en_537281,,False
Ext-MSWC-heather-common_voice_en_537767,,False
Ext-MSWC-heather-common_voice_en_538488,,False
Ext-MSWC-heather-common_voice_en_540106,,False
Ext-MSWC-heather-common_voice_en_540876,,False
Ext-MSWC-heather-common_voice_en_542199,,False
Ext-MSWC-heather-common_voice_en_542583,,False
Ext-MSWC-heather-common_voice_en_543284,,False
Ext-MSWC-heather-common_voice_en_544703,,False
Ext-MSWC-heather-common_voice_en_549378,,False
Ext-MSWC-heather-common_voice_en_551820,,False
Ext-MSWC-heather-common_voice_en_552624,,False
Ext-MSWC-heather-common_voice_en_55324,,False
Ext-MSWC-heather-common_voice_en_553904,,False
Ext-MSWC-heather-common_voice_en_556381,,False
Ext-MSWC-heather-common_voice_en_557459,,False
Ext-MSWC-heather-common_voice_en_560744,,False
Ext-MSWC-heather-common_voice_en_565703,,False
Ext-MSWC-heather-common_voice_en_566683,,False
Ext-MSWC-heather-common_voice_en_568665,,False
Ext-MSWC-heather-common_voice_en_56958,,False
Ext-MSWC-heather-common_voice_en_569624,,False
Ext-MSWC-heather-common_voice_en_574311,,False
Ext-MSWC-heather-common_voice_en_57516,,False
Ext-MSWC-heather-common_voice_en_576165,,False
Ext-MSWC-heather-common_voice_en_576723,,False
Ext-MSWC-heather-common_voice_en_577299,,False
Ext-MSWC-heather-common_voice_en_578087,,False
Ext-MSWC-heather-common_voice_en_578304,,False
Ext-MSWC-heather-common_voice_en_580620,,False
Ext-MSWC-heather-common_voice_en_581418,,False
Ext-MSWC-heather-common_voice_en_582303,,False
Ext-MSWC-heather-common_voice_en_584068,,False
Ext-MSWC-heather-common_voice_en_584482,,False
Ext-MSWC-heather-common_voice_en_586004,,False
Ext-MSWC-heather-common_voice_en_588449,,False
Ext-MSWC-heather-common_voice_en_589348,,False
Ext-MSWC-heather-common_voice_en_590544,,False
Ext-MSWC-heather-common_voice_en_591063,,False
Ext-MSWC-heather-common_voice_en_591758,,False
Ext-MSWC-heather-common_voice_en_591941,,False
Ext-MSWC-heather-common_voice_en_593087,,False
Ext-MSWC-heather-common_voice_en_593771,,False
Ext-MSWC-heather-common_voice_en_593994,,False
Ext-MSWC-heather-common_voice_en_594034,,False
Ext-MSWC-heather-common_voice_en_595266,,False
Ext-MSWC-heather-common_voice_en_596328,,False
Ext-MSWC-heather-common_voice_en_599279,,False
Ext-MSWC-heather-common_voice_en_600144,,False
Ext-MSWC-heather-common_voice_en_600705,,False
Ext-MSWC-heather-common_voice_en_601416,,False
Ext-MSWC-heather-common_voice_en_603187,,False
Ext-MSWC-heather-common_voice_en_605469,,False
Ext-MSWC-heather-common_voice_en_607085,,False
Ext-MSWC-heather-common_voice_en_609363,,False
Ext-MSWC-heather-common_voice_en_613335,,False
Ext-MSWC-heather-common_voice_en_613697,,False
Ext-MSWC-heather-common_voice_en_615412,,False
Ext-MSWC-heather-common_voice_en_616664,,False
Ext-MSWC-heather-common_voice_en_616689,,False
Ext-MSWC-heather-common_voice_en_617965,,False
Ext-MSWC-heather-common_voice_en_619347,,False
Ext-MSWC-heather-common_voice_en_619659,,False
Ext-MSWC-heather-common_voice_en_620049,,False
Ext-MSWC-heather-common_voice_en_620162,,False
Ext-MSWC-heather-common_voice_en_620706,,False
Ext-MSWC-heather-common_voice_en_620810,,False
Ext-MSWC-heather-common_voice_en_621526,,False
Ext-MSWC-heather-common_voice_en_622782,,False
Ext-MSWC-heather-common_voice_en_622964,,False
Ext-MSWC-heather-common_voice_en_623499,,False
Ext-MSWC-heather-common_voice_en_623657,,False
Ext-MSWC-heather-common_voice_en_623773,,False
Ext-MSWC-heather-common_voice_en_62468,,False
Ext-MSWC-heather-common_voice_en_626191,,False
Ext-MSWC-heather-common_voice_en_626453,,False
Ext-MSWC-heather-common_voice_en_633529,,False
Ext-MSWC-heather-common_voice_en_634677,,False
Ext-MSWC-heather-common_voice_en_635097,,False
Ext-MSWC-heather-common_voice_en_635375,,False
Ext-MSWC-heather-common_voice_en_635535,,False
Ext-MSWC-heather-common_voice_en_639359,,False
Ext-MSWC-heather-common_voice_en_639612,,False
Ext-MSWC-heather-common_voice_en_639909,,False
Ext-MSWC-heather-common_voice_en_640072,,False
Ext-MSWC-heather-common_voice_en_641999,,False
Ext-MSWC-heather-common_voice_en_643938,,False
Ext-MSWC-heather-common_voice_en_645322,,False
Ext-MSWC-heather-common_voice_en_647262,,False
Ext-MSWC-heather-common_voice_en_649571,,False
Ext-MSWC-heather-common_voice_en_652965,,False
Ext-MSWC-heather-common_voice_en_654552,,False
Ext-MSWC-heather-common_voice_en_655606,,False
Ext-MSWC-heather-common_voice_en_657531,,False
Ext-MSWC-heather-common_voice_en_65761,,False
Ext-MSWC-heather-common_voice_en_659489,,False
Ext-MSWC-heather-common_voice_en_660723,,False
Ext-MSWC-heather-common_voice_en_660778,,False
Ext-MSWC-heather-common_voice_en_661732,,False
Ext-MSWC-heather-common_voice_en_663981,,False
Ext-MSWC-heather-common_voice_en_666095,,False
Ext-MSWC-heather-common_voice_en_667192,,False
Ext-MSWC-heather-common_voice_en_66728,,False
Ext-MSWC-heather-common_voice_en_667428,,False
Ext-MSWC-heather-common_voice_en_667600,,False
Ext-MSWC-heather-common_voice_en_673356,,False
Ext-MSWC-heather-common_voice_en_673850,,False
Ext-MSWC-heather-common_voice_en_673948,,False
Ext-MSWC-heather-common_voice_en_674637,,False
Ext-MSWC-heather-common_voice_en_677557,,False
Ext-MSWC-heather-common_voice_en_678117,,False
Ext-MSWC-heather-common_voice_en_678220,,False
Ext-MSWC-heather-common_voice_en_680146,,False
Ext-MSWC-heather-common_voice_en_682196,,False
Ext-MSWC-heather-common_voice_en_683311,,False
Ext-MSWC-heather-common_voice_en_688876,,False
Ext-MSWC-heather-common_voice_en_689886,,False
Ext-MSWC-heather-common_voice_en_690791,,False
Ext-MSWC-heather-common_voice_en_691716,,False
Ext-MSWC-heather-common_voice_en_694521,,False
Ext-MSWC-heather-common_voice_en_69801,,False
Ext-MSWC-heather-common_voice_en_699490,,False
Ext-MSWC-heather-common_voice_en_70050,,False
Ext-MSWC-heather-common_voice_en_700551,,False
Ext-MSWC-heather-common_voice_en_73405,,False
Ext-MSWC-heather-common_voice_en_76745,,False
Ext-MSWC-heather-common_voice_en_78967,,False
Ext-MSWC-heather-common_voice_en_8308,,False
Ext-MSWC-heather-common_voice_en_85560,,False
Ext-MSWC-heather-common_voice_en_86777,,False
Ext-MSWC-heather-common_voice_en_87532,,False
Ext-MSWC-heather-common_voice_en_87914,,False
Ext-MSWC-heather-common_voice_en_88111,,False
Ext-MSWC-heather-common_voice_en_89198,,False
Ext-MSWC-heather-common_voice_en_89811,,False
Ext-MSWC-heather-common_voice_en_89951,,False
Ext-MSWC-heather-common_voice_en_90102,,False
Ext-MSWC-heather-common_voice_en_90919,,False
Ext-MSWC-heather-common_voice_en_92860,,False
Ext-MSWC-heather-common_voice_en_95432,,False
Ext-MSWC-heather-common_voice_en_97174,,False
Ext-MSWC-heather-common_voice_en_97854,,False
Ext-MSWC-heather-common_voice_en_99885,,False
Ext-MSWC-heavy-common_voice_en_105003,,False
Ext-MSWC-heavy-common_voice_en_109487,,False
Ext-MSWC-heavy-common_voice_en_117008,,False
Ext-MSWC-heavy-common_voice_en_118472,,False
Ext-MSWC-heavy-common_voice_en_118992,,False
Ext-MSWC-heavy-common_voice_en_120048,,False
Ext-MSWC-heavy-common_voice_en_120666,,False
Ext-MSWC-heavy-common_voice_en_123580,,False
Ext-MSWC-heavy-common_voice_en_12524139,,False
Ext-MSWC-heavy-common_voice_en_126226,,False
Ext-MSWC-heavy-common_voice_en_12917,,False
Ext-MSWC-heavy-common_voice_en_131520,,False
Ext-MSWC-heavy-common_voice_en_137112,,False
Ext-MSWC-heavy-common_voice_en_138166,,False
Ext-MSWC-heavy-common_voice_en_1450814,,False
Ext-MSWC-heavy-common_voice_en_146093,,False
Ext-MSWC-heavy-common_voice_en_147574,,False
Ext-MSWC-heavy-common_voice_en_14864,,False
Ext-MSWC-heavy-common_voice_en_155605,,False
Ext-MSWC-heavy-common_voice_en_15735083,,False
Ext-MSWC-heavy-common_voice_en_15735355,,False
Ext-MSWC-heavy-common_voice_en_157707,,False
Ext-MSWC-heavy-common_voice_en_158473,,False
Ext-MSWC-heavy-common_voice_en_15904526,,False
Ext-MSWC-heavy-common_voice_en_160757,,False
Ext-MSWC-heavy-common_voice_en_16325888,,False
Ext-MSWC-heavy-common_voice_en_164584,,False
Ext-MSWC-heavy-common_voice_en_16665485,,False
Ext-MSWC-heavy-common_voice_en_169983,,False
Ext-MSWC-heavy-common_voice_en_170978,,False
Ext-MSWC-heavy-common_voice_en_17246986,,False
Ext-MSWC-heavy-common_voice_en_17248040,,False
Ext-MSWC-heavy-common_voice_en_17248203,,False
Ext-MSWC-heavy-common_voice_en_17249360,,False
Ext-MSWC-heavy-common_voice_en_17253156,,False
Ext-MSWC-heavy-common_voice_en_17253598,,False
Ext-MSWC-heavy-common_voice_en_17257489,,False
Ext-MSWC-heavy-common_voice_en_17260521,,False
Ext-MSWC-heavy-common_voice_en_17262183,,False
Ext-MSWC-heavy-common_voice_en_17264483,,False
Ext-MSWC-heavy-common_voice_en_17269823,,False
Ext-MSWC-heavy-common_voice_en_17272644,,False
Ext-MSWC-heavy-common_voice_en_17273348,,False
Ext-MSWC-heavy-common_voice_en_17276448,,False
Ext-MSWC-heavy-common_voice_en_17285767,,False
Ext-MSWC-heavy-common_voice_en_17287583,,False
Ext-MSWC-heavy-common_voice_en_17294749,,False
Ext-MSWC-heavy-common_voice_en_17296101,,False
Ext-MSWC-heavy-common_voice_en_17298485,,False
Ext-MSWC-heavy-common_voice_en_17321652,,False
Ext-MSWC-heavy-common_voice_en_17384244,,False
Ext-MSWC-heavy-common_voice_en_17387681,,False
Ext-MSWC-heavy-common_voice_en_17389490,,False
Ext-MSWC-heavy-common_voice_en_17391461,,False
Ext-MSWC-heavy-common_voice_en_17398384,,False
Ext-MSWC-heavy-common_voice_en_17400434,,False
Ext-MSWC-heavy-common_voice_en_17412145,,False
Ext-MSWC-heavy-common_voice_en_17428163,,False
Ext-MSWC-heavy-common_voice_en_17428704,,False
Ext-MSWC-heavy-common_voice_en_17440864,,False
Ext-MSWC-heavy-common_voice_en_17441740,,False
Ext-MSWC-heavy-common_voice_en_17452762,,False
Ext-MSWC-heavy-common_voice_en_17467961,,False
Ext-MSWC-heavy-common_voice_en_17529161,,False
Ext-MSWC-heavy-common_voice_en_17652007,,False
Ext-MSWC-heavy-common_voice_en_17715487,,False
Ext-MSWC-heavy-common_voice_en_17745451,,False
Ext-MSWC-heavy-common_voice_en_17746445,,False
Ext-MSWC-heavy-common_voice_en_17755165,,False
Ext-MSWC-heavy-common_voice_en_17768652,,False
Ext-MSWC-heavy-common_voice_en_17789973,,False
Ext-MSWC-heavy-common_voice_en_17814938,,False
Ext-MSWC-heavy-common_voice_en_17823398,,False
Ext-MSWC-heavy-common_voice_en_17831983,,False
Ext-MSWC-heavy-common_voice_en_17832929,,False
Ext-MSWC-heavy-common_voice_en_17840412,,False
Ext-MSWC-heavy-common_voice_en_17844070,,False
Ext-MSWC-heavy-common_voice_en_17851935,,False
Ext-MSWC-heavy-common_voice_en_17859595,,False
Ext-MSWC-heavy-common_voice_en_17863469,,False
Ext-MSWC-heavy-common_voice_en_17870196,,False
Ext-MSWC-heavy-common_voice_en_17877765,,False
Ext-MSWC-heavy-common_voice_en_17881436,,False
Ext-MSWC-heavy-common_voice_en_17890327,,False
Ext-MSWC-heavy-common_voice_en_17893976,,False
Ext-MSWC-heavy-common_voice_en_17917057,,False
Ext-MSWC-heavy-common_voice_en_17927997,,False
Ext-MSWC-heavy-common_voice_en_17941741,,False
Ext-MSWC-heavy-common_voice_en_17959088,,False
Ext-MSWC-heavy-common_voice_en_18016672,,False
Ext-MSWC-heavy-common_voice_en_18034049,,False
Ext-MSWC-heavy-common_voice_en_18034207,,False
Ext-MSWC-heavy-common_voice_en_18043555,,False
Ext-MSWC-heavy-common_voice_en_18066376,,False
Ext-MSWC-heavy-common_voice_en_18073281,,False
Ext-MSWC-heavy-common_voice_en_18098298,,False
Ext-MSWC-heavy-common_voice_en_18121768,,False
Ext-MSWC-heavy-common_voice_en_18155283,,False
Ext-MSWC-heavy-common_voice_en_18156911,,False
Ext-MSWC-heavy-common_voice_en_18259387,,False
Ext-MSWC-heavy-common_voice_en_18261224,,False
Ext-MSWC-heavy-common_voice_en_18274269,,False
Ext-MSWC-heavy-common_voice_en_18296486,,False
Ext-MSWC-heavy-common_voice_en_18348092,,False
Ext-MSWC-heavy-common_voice_en_18485146,,False
Ext-MSWC-heavy-common_voice_en_18508302,,False
Ext-MSWC-heavy-common_voice_en_18598707,,False
Ext-MSWC-heavy-common_voice_en_18648357,,False
Ext-MSWC-heavy-common_voice_en_18673020,,False
Ext-MSWC-heavy-common_voice_en_18673221,,False
Ext-MSWC-heavy-common_voice_en_18684839,,False
Ext-MSWC-heavy-common_voice_en_18686880,,False
Ext-MSWC-heavy-common_voice_en_18723478,,False
Ext-MSWC-heavy-common_voice_en_18731077,,False
Ext-MSWC-heavy-common_voice_en_18733409,,False
Ext-MSWC-heavy-common_voice_en_18757868,,False
Ext-MSWC-heavy-common_voice_en_18819668,,False
Ext-MSWC-heavy-common_voice_en_188276,,False
Ext-MSWC-heavy-common_voice_en_18839647,,False
Ext-MSWC-heavy-common_voice_en_18851693,,False
Ext-MSWC-heavy-common_voice_en_18852087,,False
Ext-MSWC-heavy-common_voice_en_18854086,,False
Ext-MSWC-heavy-common_voice_en_18869152,,False
Ext-MSWC-heavy-common_voice_en_18869805,,False
Ext-MSWC-heavy-common_voice_en_18893939,,False
Ext-MSWC-heavy-common_voice_en_18917901,,False
Ext-MSWC-heavy-common_voice_en_189214,,False
Ext-MSWC-heavy-common_voice_en_18954855,,False
Ext-MSWC-heavy-common_voice_en_18969138,,False
Ext-MSWC-heavy-common_voice_en_18980238,,False
Ext-MSWC-heavy-common_voice_en_18999523,,False
Ext-MSWC-heavy-common_voice_en_19002790,,False
Ext-MSWC-heavy-common_voice_en_19010942,,False
Ext-MSWC-heavy-common_voice_en_191130,,False
Ext-MSWC-heavy-common_voice_en_19254369,,False
Ext-MSWC-heavy-common_voice_en_19286729,,False
Ext-MSWC-heavy-common_voice_en_19311634,,False
Ext-MSWC-heavy-common_voice_en_19398732,,False
Ext-MSWC-heavy-common_voice_en_19497672,,False
Ext-MSWC-heavy-common_voice_en_19536985,,False
Ext-MSWC-heavy-common_voice_en_19560991,,False
Ext-MSWC-heavy-common_voice_en_19562061,,False
Ext-MSWC-heavy-common_voice_en_19595124__2,,False
Ext-MSWC-heavy-common_voice_en_19627199,,False
Ext-MSWC-heavy-common_voice_en_19647404,,False
Ext-MSWC-heavy-common_voice_en_19648403__2,,False
Ext-MSWC-heavy-common_voice_en_19648657,,False
Ext-MSWC-heavy-common_voice_en_19665957,,False
Ext-MSWC-heavy-common_voice_en_196793,,False
Ext-MSWC-heavy-common_voice_en_19690881,,False
Ext-MSWC-heavy-common_voice_en_19692265,,False
Ext-MSWC-heavy-common_voice_en_19704042,,False
Ext-MSWC-heavy-common_voice_en_19748238,,False
Ext-MSWC-heavy-common_voice_en_19777359,,False
Ext-MSWC-heavy-common_voice_en_19789273,,False
Ext-MSWC-heavy-common_voice_en_19813802,,False
Ext-MSWC-heavy-common_voice_en_19878468,,False
Ext-MSWC-heavy-common_voice_en_19968129,,False
Ext-MSWC-heavy-common_voice_en_19988927,,False
Ext-MSWC-heavy-common_voice_en_20003194,,False
Ext-MSWC-heavy-common_voice_en_20033614,,False
Ext-MSWC-heavy-common_voice_en_20064017,,False
Ext-MSWC-heavy-common_voice_en_200791,,False
Ext-MSWC-heavy-common_voice_en_20101795,,False
Ext-MSWC-heavy-common_voice_en_20143937,,False
Ext-MSWC-heavy-common_voice_en_20203624,,False
Ext-MSWC-heavy-common_voice_en_2020911,,False
Ext-MSWC-heavy-common_voice_en_20220536,,False
Ext-MSWC-heavy-common_voice_en_20302352,,False
Ext-MSWC-heavy-common_voice_en_20393273,,False
Ext-MSWC-heavy-common_voice_en_20396805,,False
Ext-MSWC-heavy-common_voice_en_20414036,,False
Ext-MSWC-heavy-common_voice_en_20443264,,False
Ext-MSWC-heavy-common_voice_en_20562,,False
Ext-MSWC-heavy-common_voice_en_20582568,,False
Ext-MSWC-heavy-common_voice_en_20644875,,False
Ext-MSWC-heavy-common_voice_en_20730555,,False
Ext-MSWC-heavy-common_voice_en_20736519,,False
Ext-MSWC-heavy-common_voice_en_208301,,False
Ext-MSWC-heavy-common_voice_en_20860934,,False
Ext-MSWC-heavy-common_voice_en_208800,,False
Ext-MSWC-heavy-common_voice_en_20927380,,False
Ext-MSWC-heavy-common_voice_en_20961844,,False
Ext-MSWC-heavy-common_voice_en_20989781,,False
Ext-MSWC-heavy-common_voice_en_20990403,,False
Ext-MSWC-heavy-common_voice_en_21020024,,False
Ext-MSWC-heavy-common_voice_en_21228457,,False
Ext-MSWC-heavy-common_voice_en_21250875,,False
Ext-MSWC-heavy-common_voice_en_21305897,,False
Ext-MSWC-heavy-common_voice_en_21306991,,False
Ext-MSWC-heavy-common_voice_en_21340349,,False
Ext-MSWC-heavy-common_voice_en_21367107,,False
Ext-MSWC-heavy-common_voice_en_21377813,,False
Ext-MSWC-heavy-common_voice_en_21439481,,False
Ext-MSWC-heavy-common_voice_en_21455597,,False
Ext-MSWC-heavy-common_voice_en_21457172,,False
Ext-MSWC-heavy-common_voice_en_21509938,,False
Ext-MSWC-heavy-common_voice_en_21551591,,False
Ext-MSWC-heavy-common_voice_en_216472,,False
Ext-MSWC-heavy-common_voice_en_21663725,,False
Ext-MSWC-heavy-common_voice_en_21670447,,False
Ext-MSWC-heavy-common_voice_en_21854708,,False
Ext-MSWC-heavy-common_voice_en_21944714,,False
Ext-MSWC-heavy-common_voice_en_21955638,,False
Ext-MSWC-heavy-common_voice_en_21959254,,False
Ext-MSWC-heavy-common_voice_en_22050914,,False
Ext-MSWC-heavy-common_voice_en_22070163,,False
Ext-MSWC-heavy-common_voice_en_22089406,,False
Ext-MSWC-heavy-common_voice_en_221405,,False
Ext-MSWC-heavy-common_voice_en_22236347,,False
Ext-MSWC-heavy-common_voice_en_22251255,,False
Ext-MSWC-heavy-common_voice_en_22291354,,False
Ext-MSWC-heavy-common_voice_en_22294457,,False
Ext-MSWC-heavy-common_voice_en_22332842,,False
Ext-MSWC-heavy-common_voice_en_22335285,,False
Ext-MSWC-heavy-common_voice_en_22440506,,False
Ext-MSWC-heavy-common_voice_en_22440884,,False
Ext-MSWC-heavy-common_voice_en_2519,,False
Ext-MSWC-heavy-common_voice_en_26745,,False
Ext-MSWC-heavy-common_voice_en_301219,,False
Ext-MSWC-heavy-common_voice_en_30708,,False
Ext-MSWC-heavy-common_voice_en_316795,,False
Ext-MSWC-heavy-common_voice_en_324758,,False
Ext-MSWC-heavy-common_voice_en_33020,,False
Ext-MSWC-heavy-common_voice_en_33514,,False
Ext-MSWC-heavy-common_voice_en_3434728,,False
Ext-MSWC-heavy-common_voice_en_36929,,False
Ext-MSWC-heavy-common_voice_en_38309,,False
Ext-MSWC-heavy-common_voice_en_39438,,False
Ext-MSWC-heavy-common_voice_en_42583,,False
Ext-MSWC-heavy-common_voice_en_428159,,False
Ext-MSWC-heavy-common_voice_en_43150,,False
Ext-MSWC-heavy-common_voice_en_437973,,False
Ext-MSWC-heavy-common_voice_en_4404468,,False
Ext-MSWC-heavy-common_voice_en_479026,,False
Ext-MSWC-heavy-common_voice_en_497449,,False
Ext-MSWC-heavy-common_voice_en_498030,,False
Ext-MSWC-heavy-common_voice_en_498801,,False
Ext-MSWC-heavy-common_voice_en_502842,,False
Ext-MSWC-heavy-common_voice_en_50885,,False
Ext-MSWC-heavy-common_voice_en_512601,,False
Ext-MSWC-heavy-common_voice_en_517594,,False
Ext-MSWC-heavy-common_voice_en_521248,,False
Ext-MSWC-heavy-common_voice_en_525544,,False
Ext-MSWC-heavy-common_voice_en_529296,,False
Ext-MSWC-heavy-common_voice_en_536014,,False
Ext-MSWC-heavy-common_voice_en_537323,,False
Ext-MSWC-heavy-common_voice_en_544142,,False
Ext-MSWC-heavy-common_voice_en_548544,,False
Ext-MSWC-heavy-common_voice_en_552625,,False
Ext-MSWC-heavy-common_voice_en_558149,,False
Ext-MSWC-heavy-common_voice_en_561176,,False
Ext-MSWC-heavy-common_voice_en_563087,,False
Ext-MSWC-heavy-common_voice_en_564854,,False
Ext-MSWC-heavy-common_voice_en_567138,,False
Ext-MSWC-heavy-common_voice_en_56853,,False
Ext-MSWC-heavy-common_voice_en_57045,,False
Ext-MSWC-heavy-common_voice_en_576773,,False
Ext-MSWC-heavy-common_voice_en_577526,,False
Ext-MSWC-heavy-common_voice_en_578291,,False
Ext-MSWC-heavy-common_voice_en_585273,,False
Ext-MSWC-heavy-common_voice_en_586890,,False
Ext-MSWC-heavy-common_voice_en_591058,,False
Ext-MSWC-heavy-common_voice_en_592459,,False
Ext-MSWC-heavy-common_voice_en_598698,,False
Ext-MSWC-heavy-common_voice_en_600873,,False
Ext-MSWC-heavy-common_voice_en_600883,,False
Ext-MSWC-heavy-common_voice_en_601486,,False
Ext-MSWC-heavy-common_voice_en_60478,,False
Ext-MSWC-heavy-common_voice_en_608650,,False
Ext-MSWC-heavy-common_voice_en_613288,,False
Ext-MSWC-heavy-common_voice_en_615216,,False
Ext-MSWC-heavy-common_voice_en_632613,,False
Ext-MSWC-heavy-common_voice_en_643533,,False
Ext-MSWC-heavy-common_voice_en_645906,,False
Ext-MSWC-heavy-common_voice_en_656245,,False
Ext-MSWC-heavy-common_voice_en_65807,,False
Ext-MSWC-heavy-common_voice_en_660780,,False
Ext-MSWC-heavy-common_voice_en_663620,,False
Ext-MSWC-heavy-common_voice_en_665748,,False
Ext-MSWC-heavy-common_voice_en_670221,,False
Ext-MSWC-heavy-common_voice_en_67127,,False
Ext-MSWC-heavy-common_voice_en_676816,,False
Ext-MSWC-heavy-common_voice_en_676988,,False
Ext-MSWC-heavy-common_voice_en_67976,,False
Ext-MSWC-heavy-common_voice_en_686091,,False
Ext-MSWC-heavy-common_voice_en_688921,,False
Ext-MSWC-heavy-common_voice_en_690985,,False
Ext-MSWC-heavy-common_voice_en_694379,,False
Ext-MSWC-heavy-common_voice_en_695908,,False
Ext-MSWC-heavy-common_voice_en_77876,,False
Ext-MSWC-heavy-common_voice_en_79790,,False
Ext-MSWC-heavy-common_voice_en_83827,,False
Ext-MSWC-heavy-common_voice_en_848266,,False
Ext-MSWC-heavy-common_voice_en_85343,,False
Ext-MSWC-heavy-common_voice_en_8607908,,False
Ext-MSWC-heavy-common_voice_en_8731581,,False
Ext-MSWC-heavy-common_voice_en_91875,,False
Ext-MSWC-heavy-common_voice_en_94649,,False
Ext-MSWC-heavy-common_voice_en_947889,,False
Ext-MSWC-hector-common_voice_en_18837548,,False
Ext-MSWC-hector-common_voice_en_19036603,,False
Ext-MSWC-hector-common_voice_en_19201275,,False
Ext-MSWC-hector-common_voice_en_19515867,,False
Ext-MSWC-hector-common_voice_en_19528212,,False
Ext-MSWC-hector-common_voice_en_19665390,,False
Ext-MSWC-hector-common_voice_en_19789397,,False
Ext-MSWC-hector-common_voice_en_19958527,,False
Ext-MSWC-hector-common_voice_en_20045599,,False
Ext-MSWC-hector-common_voice_en_20049348,,False
Ext-MSWC-hector-common_voice_en_20286531,,False
Ext-MSWC-hector-common_voice_en_20322942,,False
Ext-MSWC-hector-common_voice_en_20524696,,False
Ext-MSWC-hector-common_voice_en_20663318,,False
Ext-MSWC-hector-common_voice_en_20684373,,False
Ext-MSWC-hector-common_voice_en_20686590,,False
Ext-MSWC-hector-common_voice_en_20860984,,False
Ext-MSWC-hector-common_voice_en_21024333,,False
Ext-MSWC-hector-common_voice_en_21024977,,False
Ext-MSWC-hector-common_voice_en_21349028,,False
Ext-MSWC-hector-common_voice_en_21524041,,False
Ext-MSWC-hector-common_voice_en_21640240,,False
Ext-MSWC-hello-common_voice_en_104667,,False
Ext-MSWC-hello-common_voice_en_10596186,,False
Ext-MSWC-hello-common_voice_en_109917,,False
Ext-MSWC-hello-common_voice_en_116102,,False
Ext-MSWC-hello-common_voice_en_117803,,False
Ext-MSWC-hello-common_voice_en_1237191,,False
Ext-MSWC-hello-common_voice_en_12559523,,False
Ext-MSWC-hello-common_voice_en_1344843,,False
Ext-MSWC-hello-common_voice_en_137557,,False
Ext-MSWC-hello-common_voice_en_142276,,False
Ext-MSWC-hello-common_voice_en_148862,,False
Ext-MSWC-hello-common_voice_en_15734673,,False
Ext-MSWC-hello-common_voice_en_158491,,False
Ext-MSWC-hello-common_voice_en_15877,,False
Ext-MSWC-hello-common_voice_en_15903422,,False
Ext-MSWC-hello-common_voice_en_159307,,False
Ext-MSWC-hello-common_voice_en_16048544,,False
Ext-MSWC-hello-common_voice_en_162688,,False
Ext-MSWC-hello-common_voice_en_163115,,False
Ext-MSWC-hello-common_voice_en_17147492,,False
Ext-MSWC-hello-common_voice_en_17246157,,False
Ext-MSWC-hello-common_voice_en_17246253,,False
Ext-MSWC-hello-common_voice_en_17246588,,False
Ext-MSWC-hello-common_voice_en_17247497,,False
Ext-MSWC-hello-common_voice_en_17249144,,False
Ext-MSWC-hello-common_voice_en_17249969,,False
Ext-MSWC-hello-common_voice_en_17250614,,False
Ext-MSWC-hello-common_voice_en_17252067,,False
Ext-MSWC-hello-common_voice_en_17252549,,False
Ext-MSWC-hello-common_voice_en_17252711,,False
Ext-MSWC-hello-common_voice_en_17253519,,False
Ext-MSWC-hello-common_voice_en_17253642,,False
Ext-MSWC-hello-common_voice_en_17253999,,False
Ext-MSWC-hello-common_voice_en_17254439,,False
Ext-MSWC-hello-common_voice_en_17256859,,False
Ext-MSWC-hello-common_voice_en_17256868,,False
Ext-MSWC-hello-common_voice_en_17257269,,False
Ext-MSWC-hello-common_voice_en_17257788,,False
Ext-MSWC-hello-common_voice_en_17258502,,False
Ext-MSWC-hello-common_voice_en_17259619,,False
Ext-MSWC-hello-common_voice_en_17260027,,False
Ext-MSWC-hello-common_voice_en_17260063,,False
Ext-MSWC-hello-common_voice_en_17260067,,False
Ext-MSWC-hello-common_voice_en_17260503,,False
Ext-MSWC-hello-common_voice_en_17260896,,False
Ext-MSWC-hello-common_voice_en_17261383,,False
Ext-MSWC-hello-common_voice_en_17261636,,False
Ext-MSWC-hello-common_voice_en_17262443,,False
Ext-MSWC-hello-common_voice_en_17263043,,False
Ext-MSWC-hello-common_voice_en_17263665,,False
Ext-MSWC-hello-common_voice_en_17263768,,False
Ext-MSWC-hello-common_voice_en_17264388,,False
Ext-MSWC-hello-common_voice_en_17264877,,False
Ext-MSWC-hello-common_voice_en_17266088,,False
Ext-MSWC-hello-common_voice_en_17266285,,False
Ext-MSWC-hello-common_voice_en_17266349,,False
Ext-MSWC-hello-common_voice_en_17267292,,False
Ext-MSWC-hello-common_voice_en_17269011,,False
Ext-MSWC-hello-common_voice_en_17270116,,False
Ext-MSWC-hello-common_voice_en_17270550,,False
Ext-MSWC-hello-common_voice_en_17271919,,False
Ext-MSWC-hello-common_voice_en_17274999,,False
Ext-MSWC-hello-common_voice_en_17276004,,False
Ext-MSWC-hello-common_voice_en_17278195,,False
Ext-MSWC-hello-common_voice_en_17278571,,False
Ext-MSWC-hello-common_voice_en_17278971,,False
Ext-MSWC-hello-common_voice_en_17279803,,False
Ext-MSWC-hello-common_voice_en_17280189,,False
Ext-MSWC-hello-common_voice_en_17284217,,False
Ext-MSWC-hello-common_voice_en_17289207,,False
Ext-MSWC-hello-common_voice_en_17289240,,False
Ext-MSWC-hello-common_voice_en_17300205,,False
Ext-MSWC-hello-common_voice_en_17300258,,False
Ext-MSWC-hello-common_voice_en_17301505,,False
Ext-MSWC-hello-common_voice_en_17304228,,False
Ext-MSWC-hello-common_voice_en_17304368,,False
Ext-MSWC-hello-common_voice_en_17317880,,False
Ext-MSWC-hello-common_voice_en_17343649,,False
Ext-MSWC-hello-common_voice_en_17344682,,False
Ext-MSWC-hello-common_voice_en_17345210,,False
Ext-MSWC-hello-common_voice_en_17362574,,False
Ext-MSWC-hello-common_voice_en_17369943,,False
Ext-MSWC-hello-common_voice_en_17370148,,False
Ext-MSWC-hello-common_voice_en_17372960,,False
Ext-MSWC-hello-common_voice_en_17385098,,False
Ext-MSWC-hello-common_voice_en_17385138,,False
Ext-MSWC-hello-common_voice_en_17387313,,False
Ext-MSWC-hello-common_voice_en_17393946,,False
Ext-MSWC-hello-common_voice_en_17411435,,False
Ext-MSWC-hello-common_voice_en_17443019,,False
Ext-MSWC-hello-common_voice_en_17458882,,False
Ext-MSWC-hello-common_voice_en_17488580,,False
Ext-MSWC-hello-common_voice_en_17517047,,False
Ext-MSWC-hello-common_voice_en_17552464,,False
Ext-MSWC-hello-common_voice_en_17562111,,False
Ext-MSWC-hello-common_voice_en_17621683,,False
Ext-MSWC-hello-common_voice_en_17632224,,False
Ext-MSWC-hello-common_voice_en_17646886,,False
Ext-MSWC-hello-common_voice_en_17659729,,False
Ext-MSWC-hello-common_voice_en_17665810,,False
Ext-MSWC-hello-common_voice_en_17676148,,False
Ext-MSWC-hello-common_voice_en_17703010,,False
Ext-MSWC-hello-common_voice_en_17703540,,False
Ext-MSWC-hello-common_voice_en_177292,,False
Ext-MSWC-hello-common_voice_en_17743476,,False
Ext-MSWC-hello-common_voice_en_17749566,,False
Ext-MSWC-hello-common_voice_en_17763504,,False
Ext-MSWC-hello-common_voice_en_17778961,,False
Ext-MSWC-hello-common_voice_en_17790834,,False
Ext-MSWC-hello-common_voice_en_17791,,False
Ext-MSWC-hello-common_voice_en_17805958,,False
Ext-MSWC-hello-common_voice_en_17808876,,False
Ext-MSWC-hello-common_voice_en_17839794,,False
Ext-MSWC-hello-common_voice_en_17844128,,False
Ext-MSWC-hello-common_voice_en_17846266,,False
Ext-MSWC-hello-common_voice_en_17851423,,False
Ext-MSWC-hello-common_voice_en_17855086,,False
Ext-MSWC-hello-common_voice_en_17871312,,False
Ext-MSWC-hello-common_voice_en_17877332,,False
Ext-MSWC-hello-common_voice_en_17881570,,False
Ext-MSWC-hello-common_voice_en_17910684,,False
Ext-MSWC-hello-common_voice_en_17919196,,False
Ext-MSWC-hello-common_voice_en_17947898,,False
Ext-MSWC-hello-common_voice_en_17966320,,False
Ext-MSWC-hello-common_voice_en_17995291,,False
Ext-MSWC-hello-common_voice_en_18033948,,False
Ext-MSWC-hello-common_voice_en_18034235,,False
Ext-MSWC-hello-common_voice_en_18049581,,False
Ext-MSWC-hello-common_voice_en_18052357,,False
Ext-MSWC-hello-common_voice_en_18062103,,False
Ext-MSWC-hello-common_voice_en_18075542,,False
Ext-MSWC-hello-common_voice_en_18081643,,False
Ext-MSWC-hello-common_voice_en_18093435,,False
Ext-MSWC-hello-common_voice_en_18124861,,False
Ext-MSWC-hello-common_voice_en_18132603,,False
Ext-MSWC-hello-common_voice_en_18139205,,False
Ext-MSWC-hello-common_voice_en_18139265,,False
Ext-MSWC-hello-common_voice_en_18148819,,False
Ext-MSWC-hello-common_voice_en_18168702,,False
Ext-MSWC-hello-common_voice_en_18403161,,False
Ext-MSWC-hello-common_voice_en_18409398__2,,False
Ext-MSWC-hello-common_voice_en_18428307,,False
Ext-MSWC-hello-common_voice_en_18485252__2,,False
Ext-MSWC-hello-common_voice_en_18491980,,False
Ext-MSWC-hello-common_voice_en_18498176__2,,False
Ext-MSWC-hello-common_voice_en_18519284,,False
Ext-MSWC-hello-common_voice_en_18523684,,False
Ext-MSWC-hello-common_voice_en_18556653,,False
Ext-MSWC-hello-common_voice_en_18594978,,False
Ext-MSWC-hello-common_voice_en_18595153,,False
Ext-MSWC-hello-common_voice_en_18598564,,False
Ext-MSWC-hello-common_voice_en_18638419,,False
Ext-MSWC-hello-common_voice_en_18657097,,False
Ext-MSWC-hello-common_voice_en_18713290,,False
Ext-MSWC-hello-common_voice_en_18744813,,False
Ext-MSWC-hello-common_voice_en_18793917,,False
Ext-MSWC-hello-common_voice_en_18854663,,False
Ext-MSWC-hello-common_voice_en_18915175,,False
Ext-MSWC-hello-common_voice_en_19053797,,False
Ext-MSWC-hello-common_voice_en_19057343,,False
Ext-MSWC-hello-common_voice_en_19412376,,False
Ext-MSWC-hello-common_voice_en_19479374,,False
Ext-MSWC-hello-common_voice_en_19526542,,False
Ext-MSWC-hello-common_voice_en_19605195,,False
Ext-MSWC-hello-common_voice_en_19605233__2,,False
Ext-MSWC-hello-common_voice_en_19606861,,False
Ext-MSWC-hello-common_voice_en_19607378,,False
Ext-MSWC-hello-common_voice_en_19667176,,False
Ext-MSWC-hello-common_voice_en_19700202,,False
Ext-MSWC-hello-common_voice_en_19761880,,False
Ext-MSWC-hello-common_voice_en_19770886,,False
Ext-MSWC-hello-common_voice_en_1986701,,False
Ext-MSWC-hello-common_voice_en_19959638,,False
Ext-MSWC-hello-common_voice_en_19972435,,False
Ext-MSWC-hello-common_voice_en_20043535,,False
Ext-MSWC-hello-common_voice_en_20059189,,False
Ext-MSWC-hello-common_voice_en_20078381,,False
Ext-MSWC-hello-common_voice_en_20093326,,False
Ext-MSWC-hello-common_voice_en_20103468,,False
Ext-MSWC-hello-common_voice_en_20125894,,False
Ext-MSWC-hello-common_voice_en_20266260,,False
Ext-MSWC-hello-common_voice_en_203106,,False
Ext-MSWC-hello-common_voice_en_20463706,,False
Ext-MSWC-hello-common_voice_en_20593833,,False
Ext-MSWC-hello-common_voice_en_20719880,,False
Ext-MSWC-hello-common_voice_en_209263,,False
Ext-MSWC-hello-common_voice_en_21368070,,False
Ext-MSWC-hello-common_voice_en_21383674,,False
Ext-MSWC-hello-common_voice_en_21415756,,False
Ext-MSWC-hello-common_voice_en_21717222,,False
Ext-MSWC-hello-common_voice_en_21750939,,False
Ext-MSWC-hello-common_voice_en_21782231,,False
Ext-MSWC-hello-common_voice_en_21783408,,False
Ext-MSWC-hello-common_voice_en_21796254,,False
Ext-MSWC-hello-common_voice_en_21863545,,False
Ext-MSWC-hello-common_voice_en_21868676,,False
Ext-MSWC-hello-common_voice_en_2202980,,False
Ext-MSWC-hello-common_voice_en_22285001,,False
Ext-MSWC-hello-common_voice_en_22360687,,False
Ext-MSWC-hello-common_voice_en_22368903,,False
Ext-MSWC-hello-common_voice_en_22445091,,False
Ext-MSWC-hello-common_voice_en_2322793,,False
Ext-MSWC-hello-common_voice_en_24046,,False
Ext-MSWC-hello-common_voice_en_243471,,False
Ext-MSWC-hello-common_voice_en_262740,,False
Ext-MSWC-hello-common_voice_en_281720,,False
Ext-MSWC-hello-common_voice_en_285849,,False
Ext-MSWC-hello-common_voice_en_293961,,False
Ext-MSWC-hello-common_voice_en_302225,,False
Ext-MSWC-hello-common_voice_en_30677,,False
Ext-MSWC-hello-common_voice_en_313069,,False
Ext-MSWC-hello-common_voice_en_322730,,False
Ext-MSWC-hello-common_voice_en_32366,,False
Ext-MSWC-hello-common_voice_en_33780,,False
Ext-MSWC-hello-common_voice_en_378347,,False
Ext-MSWC-hello-common_voice_en_38110,,False
Ext-MSWC-hello-common_voice_en_412164,,False
Ext-MSWC-hello-common_voice_en_418256,,False
Ext-MSWC-hello-common_voice_en_4207120,,False
Ext-MSWC-hello-common_voice_en_428318,,False
Ext-MSWC-hello-common_voice_en_45057,,False
Ext-MSWC-hello-common_voice_en_45441,,False
Ext-MSWC-hello-common_voice_en_4607119,,False
Ext-MSWC-hello-common_voice_en_46679,,False
Ext-MSWC-hello-common_voice_en_479511,,False
Ext-MSWC-hello-common_voice_en_480023,,False
Ext-MSWC-hello-common_voice_en_480778,,False
Ext-MSWC-hello-common_voice_en_485109,,False
Ext-MSWC-hello-common_voice_en_490102,,False
Ext-MSWC-hello-common_voice_en_494476,,False
Ext-MSWC-hello-common_voice_en_499512,,False
Ext-MSWC-hello-common_voice_en_507678,,False
Ext-MSWC-hello-common_voice_en_50769,,False
Ext-MSWC-hello-common_voice_en_509739,,False
Ext-MSWC-hello-common_voice_en_516875,,False
Ext-MSWC-hello-common_voice_en_526598,,False
Ext-MSWC-hello-common_voice_en_531491,,False
Ext-MSWC-hello-common_voice_en_539958,,False
Ext-MSWC-hello-common_voice_en_544781,,False
Ext-MSWC-hello-common_voice_en_55038,,False
Ext-MSWC-hello-common_voice_en_555278,,False
Ext-MSWC-hello-common_voice_en_557572,,False
Ext-MSWC-hello-common_voice_en_559899,,False
Ext-MSWC-hello-common_voice_en_563010,,False
Ext-MSWC-hello-common_voice_en_564027,,False
Ext-MSWC-hello-common_voice_en_58346,,False
Ext-MSWC-hello-common_voice_en_591823,,False
Ext-MSWC-hello-common_voice_en_603540,,False
Ext-MSWC-hello-common_voice_en_609863,,False
Ext-MSWC-hello-common_voice_en_617094,,False
Ext-MSWC-hello-common_voice_en_625072,,False
Ext-MSWC-hello-common_voice_en_62657,,False
Ext-MSWC-hello-common_voice_en_626980,,False
Ext-MSWC-hello-common_voice_en_628322,,False
Ext-MSWC-hello-common_voice_en_638223,,False
Ext-MSWC-hello-common_voice_en_638589,,False
Ext-MSWC-hello-common_voice_en_650945,,False
Ext-MSWC-hello-common_voice_en_669471,,False
Ext-MSWC-hello-common_voice_en_679666,,False
Ext-MSWC-hello-common_voice_en_681465,,False
Ext-MSWC-hello-common_voice_en_682604,,False
Ext-MSWC-hello-common_voice_en_686888,,False
Ext-MSWC-hello-common_voice_en_687416,,False
Ext-MSWC-hello-common_voice_en_690030,,False
Ext-MSWC-hello-common_voice_en_69337,,False
Ext-MSWC-hello-common_voice_en_700627,,False
Ext-MSWC-hello-common_voice_en_76238,,False
Ext-MSWC-hello-common_voice_en_81730,,False
Ext-MSWC-hello-common_voice_en_94090,,False
Ext-MSWC-hello-common_voice_en_99317,,False
Ext-MSWC-help-common_voice_en_101079,,False
Ext-MSWC-help-common_voice_en_101642,,False
Ext-MSWC-help-common_voice_en_102605,,False
Ext-MSWC-help-common_voice_en_104190,,False
Ext-MSWC-help-common_voice_en_107998,,False
Ext-MSWC-help-common_voice_en_109992,,False
Ext-MSWC-help-common_voice_en_111826,,False
Ext-MSWC-help-common_voice_en_11351502,,False
Ext-MSWC-help-common_voice_en_113888,,False
Ext-MSWC-help-common_voice_en_115201,,False
Ext-MSWC-help-common_voice_en_116810,,False
Ext-MSWC-help-common_voice_en_117676,,False
Ext-MSWC-help-common_voice_en_118995,,False
Ext-MSWC-help-common_voice_en_119243,,False
Ext-MSWC-help-common_voice_en_120488,,False
Ext-MSWC-help-common_voice_en_12297,,False
Ext-MSWC-help-common_voice_en_12516793,,False
Ext-MSWC-help-common_voice_en_129846,,False
Ext-MSWC-help-common_voice_en_130429,,False
Ext-MSWC-help-common_voice_en_136752,,False
Ext-MSWC-help-common_voice_en_141396,,False
Ext-MSWC-help-common_voice_en_14167,,False
Ext-MSWC-help-common_voice_en_142164,,False
Ext-MSWC-help-common_voice_en_142581,,False
Ext-MSWC-help-common_voice_en_14862,,False
Ext-MSWC-help-common_voice_en_151257,,False
Ext-MSWC-help-common_voice_en_152341,,False
Ext-MSWC-help-common_voice_en_15250,,False
Ext-MSWC-help-common_voice_en_15692,,False
Ext-MSWC-help-common_voice_en_158703,,False
Ext-MSWC-help-common_voice_en_158953,,False
Ext-MSWC-help-common_voice_en_16048705,,False
Ext-MSWC-help-common_voice_en_164615,,False
Ext-MSWC-help-common_voice_en_16666155,,False
Ext-MSWC-help-common_voice_en_167355,,False
Ext-MSWC-help-common_voice_en_168490,,False
Ext-MSWC-help-common_voice_en_169363,,False
Ext-MSWC-help-common_voice_en_170291,,False
Ext-MSWC-help-common_voice_en_170628,,False
Ext-MSWC-help-common_voice_en_17147820,,False
Ext-MSWC-help-common_voice_en_17252123,,False
Ext-MSWC-help-common_voice_en_17255738,,False
Ext-MSWC-help-common_voice_en_17257411,,False
Ext-MSWC-help-common_voice_en_17261509,,False
Ext-MSWC-help-common_voice_en_17263687,,False
Ext-MSWC-help-common_voice_en_17266925,,False
Ext-MSWC-help-common_voice_en_17267933,,False
Ext-MSWC-help-common_voice_en_17269287,,False
Ext-MSWC-help-common_voice_en_17269411,,False
Ext-MSWC-help-common_voice_en_17271671,,False
Ext-MSWC-help-common_voice_en_17274929,,False
Ext-MSWC-help-common_voice_en_17278392,,False
Ext-MSWC-help-common_voice_en_17279124,,False
Ext-MSWC-help-common_voice_en_17280399,,False
Ext-MSWC-help-common_voice_en_17281506,,False
Ext-MSWC-help-common_voice_en_17282093,,False
Ext-MSWC-help-common_voice_en_17297619,,False
Ext-MSWC-help-common_voice_en_17304106,,False
Ext-MSWC-help-common_voice_en_17360248,,False
Ext-MSWC-help-common_voice_en_17362594,,False
Ext-MSWC-help-common_voice_en_17372207,,False
Ext-MSWC-help-common_voice_en_17388022,,False
Ext-MSWC-help-common_voice_en_17389638,,False
Ext-MSWC-help-common_voice_en_17394443,,False
Ext-MSWC-help-common_voice_en_17409724,,False
Ext-MSWC-help-common_voice_en_17433519,,False
Ext-MSWC-help-common_voice_en_17441692,,False
Ext-MSWC-help-common_voice_en_17585258,,False
Ext-MSWC-help-common_voice_en_17636220,,False
Ext-MSWC-help-common_voice_en_17721898,,False
Ext-MSWC-help-common_voice_en_17734538,,False
Ext-MSWC-help-common_voice_en_17743241,,False
Ext-MSWC-help-common_voice_en_17789926,,False
Ext-MSWC-help-common_voice_en_17808315,,False
Ext-MSWC-help-common_voice_en_17837673,,False
Ext-MSWC-help-common_voice_en_17857019,,False
Ext-MSWC-help-common_voice_en_17877173,,False
Ext-MSWC-help-common_voice_en_17888195,,False
Ext-MSWC-help-common_voice_en_179104,,False
Ext-MSWC-help-common_voice_en_17932290,,False
Ext-MSWC-help-common_voice_en_17955691,,False
Ext-MSWC-help-common_voice_en_180203,,False
Ext-MSWC-help-common_voice_en_18037784,,False
Ext-MSWC-help-common_voice_en_18097079,,False
Ext-MSWC-help-common_voice_en_18111435,,False
Ext-MSWC-help-common_voice_en_18117033,,False
Ext-MSWC-help-common_voice_en_18117161,,False
Ext-MSWC-help-common_voice_en_181225,,False
Ext-MSWC-help-common_voice_en_18128707,,False
Ext-MSWC-help-common_voice_en_18143733,,False
Ext-MSWC-help-common_voice_en_18144892,,False
Ext-MSWC-help-common_voice_en_18163175,,False
Ext-MSWC-help-common_voice_en_18177057,,False
Ext-MSWC-help-common_voice_en_18248769,,False
Ext-MSWC-help-common_voice_en_18277670,,False
Ext-MSWC-help-common_voice_en_184582,,False
Ext-MSWC-help-common_voice_en_18516939,,False
Ext-MSWC-help-common_voice_en_18530802,,False
Ext-MSWC-help-common_voice_en_18541506__2,,False
Ext-MSWC-help-common_voice_en_18612232,,False
Ext-MSWC-help-common_voice_en_186226,,False
Ext-MSWC-help-common_voice_en_18652905,,False
Ext-MSWC-help-common_voice_en_18665092,,False
Ext-MSWC-help-common_voice_en_186849,,False
Ext-MSWC-help-common_voice_en_18752291,,False
Ext-MSWC-help-common_voice_en_18776551,,False
Ext-MSWC-help-common_voice_en_18829588,,False
Ext-MSWC-help-common_voice_en_18829895,,False
Ext-MSWC-help-common_voice_en_18878753,,False
Ext-MSWC-help-common_voice_en_189190,,False
Ext-MSWC-help-common_voice_en_19192500,,False
Ext-MSWC-help-common_voice_en_19203224,,False
Ext-MSWC-help-common_voice_en_19312858,,False
Ext-MSWC-help-common_voice_en_193473,,False
Ext-MSWC-help-common_voice_en_19362235,,False
Ext-MSWC-help-common_voice_en_19419424,,False
Ext-MSWC-help-common_voice_en_195097,,False
Ext-MSWC-help-common_voice_en_19515605,,False
Ext-MSWC-help-common_voice_en_19704271,,False
Ext-MSWC-help-common_voice_en_19743857,,False
Ext-MSWC-help-common_voice_en_19763823,,False
Ext-MSWC-help-common_voice_en_19777912,,False
Ext-MSWC-help-common_voice_en_19789431,,False
Ext-MSWC-help-common_voice_en_198025,,False
Ext-MSWC-help-common_voice_en_19814742,,False
Ext-MSWC-help-common_voice_en_198785,,False
Ext-MSWC-help-common_voice_en_19961,,False
Ext-MSWC-help-common_voice_en_19991600__2,,False
Ext-MSWC-help-common_voice_en_20026923,,False
Ext-MSWC-help-common_voice_en_20052059,,False
Ext-MSWC-help-common_voice_en_20114716,,False
Ext-MSWC-help-common_voice_en_201984,,False
Ext-MSWC-help-common_voice_en_20234546,,False
Ext-MSWC-help-common_voice_en_20285383,,False
Ext-MSWC-help-common_voice_en_202968,,False
Ext-MSWC-help-common_voice_en_20463626,,False
Ext-MSWC-help-common_voice_en_20582790,,False
Ext-MSWC-help-common_voice_en_206022,,False
Ext-MSWC-help-common_voice_en_206400,,False
Ext-MSWC-help-common_voice_en_20670756,,False
Ext-MSWC-help-common_voice_en_20688080,,False
Ext-MSWC-help-common_voice_en_208126,,False
Ext-MSWC-help-common_voice_en_20836413,,False
Ext-MSWC-help-common_voice_en_20905992,,False
Ext-MSWC-help-common_voice_en_20922124,,False
Ext-MSWC-help-common_voice_en_20928093,,False
Ext-MSWC-help-common_voice_en_20978479,,False
Ext-MSWC-help-common_voice_en_210995,,False
Ext-MSWC-help-common_voice_en_211511,,False
Ext-MSWC-help-common_voice_en_212567,,False
Ext-MSWC-help-common_voice_en_213095,,False
Ext-MSWC-help-common_voice_en_214048,,False
Ext-MSWC-help-common_voice_en_21410797,,False
Ext-MSWC-help-common_voice_en_21573259,,False
Ext-MSWC-help-common_voice_en_21657127,,False
Ext-MSWC-help-common_voice_en_21796131,,False
Ext-MSWC-help-common_voice_en_219510,,False
Ext-MSWC-help-common_voice_en_21992515,,False
Ext-MSWC-help-common_voice_en_2202685,,False
Ext-MSWC-help-common_voice_en_22092010,,False
Ext-MSWC-help-common_voice_en_22165958,,False
Ext-MSWC-help-common_voice_en_22184956,,False
Ext-MSWC-help-common_voice_en_22195421,,False
Ext-MSWC-help-common_voice_en_22234976,,False
Ext-MSWC-help-common_voice_en_22324504,,False
Ext-MSWC-help-common_voice_en_22689,,False
Ext-MSWC-help-common_voice_en_25877,,False
Ext-MSWC-help-common_voice_en_27791,,False
Ext-MSWC-help-common_voice_en_32794,,False
Ext-MSWC-help-common_voice_en_36373,,False
Ext-MSWC-help-common_voice_en_36753,,False
Ext-MSWC-help-common_voice_en_37448,,False
Ext-MSWC-help-common_voice_en_39561,,False
Ext-MSWC-help-common_voice_en_44086,,False
Ext-MSWC-help-common_voice_en_46180,,False
Ext-MSWC-help-common_voice_en_472665,,False
Ext-MSWC-help-common_voice_en_47294,,False
Ext-MSWC-help-common_voice_en_476938,,False
Ext-MSWC-help-common_voice_en_479413,,False
Ext-MSWC-help-common_voice_en_481086,,False
Ext-MSWC-help-common_voice_en_483039,,False
Ext-MSWC-help-common_voice_en_485325,,False
Ext-MSWC-help-common_voice_en_492379,,False
Ext-MSWC-help-common_voice_en_494080,,False
Ext-MSWC-help-common_voice_en_503859,,False
Ext-MSWC-help-common_voice_en_50518,,False
Ext-MSWC-help-common_voice_en_506676,,False
Ext-MSWC-help-common_voice_en_511553,,False
Ext-MSWC-help-common_voice_en_514036,,False
Ext-MSWC-help-common_voice_en_515578,,False
Ext-MSWC-help-common_voice_en_516496,,False
Ext-MSWC-help-common_voice_en_518020,,False
Ext-MSWC-help-common_voice_en_523125,,False
Ext-MSWC-help-common_voice_en_526700,,False
Ext-MSWC-help-common_voice_en_529472,,False
Ext-MSWC-help-common_voice_en_532344,,False
Ext-MSWC-help-common_voice_en_532692,,False
Ext-MSWC-help-common_voice_en_541879,,False
Ext-MSWC-help-common_voice_en_542307,,False
Ext-MSWC-help-common_voice_en_545608,,False
Ext-MSWC-help-common_voice_en_545703,,False
Ext-MSWC-help-common_voice_en_54783,,False
Ext-MSWC-help-common_voice_en_547857,,False
Ext-MSWC-help-common_voice_en_549327,,False
Ext-MSWC-help-common_voice_en_551118,,False
Ext-MSWC-help-common_voice_en_551183,,False
Ext-MSWC-help-common_voice_en_553576,,False
Ext-MSWC-help-common_voice_en_553851,,False
Ext-MSWC-help-common_voice_en_562857,,False
Ext-MSWC-help-common_voice_en_563601,,False
Ext-MSWC-help-common_voice_en_565938,,False
Ext-MSWC-help-common_voice_en_56791,,False
Ext-MSWC-help-common_voice_en_569943,,False
Ext-MSWC-help-common_voice_en_570825,,False
Ext-MSWC-help-common_voice_en_573124,,False
Ext-MSWC-help-common_voice_en_577113,,False
Ext-MSWC-help-common_voice_en_577524,,False
Ext-MSWC-help-common_voice_en_577590,,False
Ext-MSWC-help-common_voice_en_577709,,False
Ext-MSWC-help-common_voice_en_578280,,False
Ext-MSWC-help-common_voice_en_583002,,False
Ext-MSWC-help-common_voice_en_583373,,False
Ext-MSWC-help-common_voice_en_58403,,False
Ext-MSWC-help-common_voice_en_584169,,False
Ext-MSWC-help-common_voice_en_589399,,False
Ext-MSWC-help-common_voice_en_593377,,False
Ext-MSWC-help-common_voice_en_594073,,False
Ext-MSWC-help-common_voice_en_595455,,False
Ext-MSWC-help-common_voice_en_595979,,False
Ext-MSWC-help-common_voice_en_599811,,False
Ext-MSWC-help-common_voice_en_60215,,False
Ext-MSWC-help-common_voice_en_602959,,False
Ext-MSWC-help-common_voice_en_603447,,False
Ext-MSWC-help-common_voice_en_60412,,False
Ext-MSWC-help-common_voice_en_605084,,False
Ext-MSWC-help-common_voice_en_605989,,False
Ext-MSWC-help-common_voice_en_606677,,False
Ext-MSWC-help-common_voice_en_609599,,False
Ext-MSWC-help-common_voice_en_610111,,False
Ext-MSWC-help-common_voice_en_611492,,False
Ext-MSWC-help-common_voice_en_612353,,False
Ext-MSWC-help-common_voice_en_613568,,False
Ext-MSWC-help-common_voice_en_615801,,False
Ext-MSWC-help-common_voice_en_61796,,False
Ext-MSWC-help-common_voice_en_618477,,False
Ext-MSWC-help-common_voice_en_621616,,False
Ext-MSWC-help-common_voice_en_623328,,False
Ext-MSWC-help-common_voice_en_625352,,False
Ext-MSWC-help-common_voice_en_629300,,False
Ext-MSWC-help-common_voice_en_629569,,False
Ext-MSWC-help-common_voice_en_630243,,False
Ext-MSWC-help-common_voice_en_630405,,False
Ext-MSWC-help-common_voice_en_631982,,False
Ext-MSWC-help-common_voice_en_634106,,False
Ext-MSWC-help-common_voice_en_636334,,False
Ext-MSWC-help-common_voice_en_636523,,False
Ext-MSWC-help-common_voice_en_636656,,False
Ext-MSWC-help-common_voice_en_63719,,False
Ext-MSWC-help-common_voice_en_641497,,False
Ext-MSWC-help-common_voice_en_643591,,False
Ext-MSWC-help-common_voice_en_649165,,False
Ext-MSWC-help-common_voice_en_650459,,False
Ext-MSWC-help-common_voice_en_653365,,False
Ext-MSWC-help-common_voice_en_65916,,False
Ext-MSWC-help-common_voice_en_659686,,False
Ext-MSWC-help-common_voice_en_659959,,False
Ext-MSWC-help-common_voice_en_666577,,False
Ext-MSWC-help-common_voice_en_667404,,False
Ext-MSWC-help-common_voice_en_667602,,False
Ext-MSWC-help-common_voice_en_668267,,False
Ext-MSWC-help-common_voice_en_669496,,False
Ext-MSWC-help-common_voice_en_669614,,False
Ext-MSWC-help-common_voice_en_67068,,False
Ext-MSWC-help-common_voice_en_671256,,False
Ext-MSWC-help-common_voice_en_678225,,False
Ext-MSWC-help-common_voice_en_67845,,False
Ext-MSWC-help-common_voice_en_678766,,False
Ext-MSWC-help-common_voice_en_68329,,False
Ext-MSWC-help-common_voice_en_688206,,False
Ext-MSWC-help-common_voice_en_688831,,False
Ext-MSWC-help-common_voice_en_689796,,False
Ext-MSWC-help-common_voice_en_691729,,False
Ext-MSWC-help-common_voice_en_697228,,False
Ext-MSWC-help-common_voice_en_699476,,False
Ext-MSWC-help-common_voice_en_72509,,False
Ext-MSWC-help-common_voice_en_77881,,False
Ext-MSWC-help-common_voice_en_81087,,False
Ext-MSWC-help-common_voice_en_82365,,False
Ext-MSWC-help-common_voice_en_83049,,False
Ext-MSWC-help-common_voice_en_83189,,False
Ext-MSWC-help-common_voice_en_85736,,False
Ext-MSWC-help-common_voice_en_86607,,False
Ext-MSWC-help-common_voice_en_88551,,False
Ext-MSWC-help-common_voice_en_88601,,False
Ext-MSWC-help-common_voice_en_89268,,False
Ext-MSWC-help-common_voice_en_89525,,False
Ext-MSWC-help-common_voice_en_91352,,False
Ext-MSWC-help-common_voice_en_96890,,False
Ext-MSWC-help-common_voice_en_9786,,False
Ext-MSWC-help-common_voice_en_98698,,False
Ext-MSWC-helter-common_voice_en_18311846,,False
Ext-MSWC-helter-common_voice_en_18322901,,False
Ext-MSWC-helter-common_voice_en_18325687,,False
Ext-MSWC-helter-common_voice_en_18356041,,False
Ext-MSWC-helter-common_voice_en_18500371,,False
Ext-MSWC-helter-common_voice_en_19611318,,False
Ext-MSWC-helter-common_voice_en_20730653,,False
Ext-MSWC-helter-common_voice_en_20987978,,False
Ext-MSWC-hey-common_voice_en_130463,,False
Ext-MSWC-hey-common_voice_en_14780,,False
Ext-MSWC-hey-common_voice_en_17254445,,False
Ext-MSWC-hey-common_voice_en_17254931,,False
Ext-MSWC-hey-common_voice_en_17258846,,False
Ext-MSWC-hey-common_voice_en_17258942,,False
Ext-MSWC-hey-common_voice_en_17260593,,False
Ext-MSWC-hey-common_voice_en_17262822,,False
Ext-MSWC-hey-common_voice_en_17265039,,False
Ext-MSWC-hey-common_voice_en_17269541,,False
Ext-MSWC-hey-common_voice_en_17269734,,False
Ext-MSWC-hey-common_voice_en_17273551,,False
Ext-MSWC-hey-common_voice_en_17274933,,False
Ext-MSWC-hey-common_voice_en_17276680,,False
Ext-MSWC-hey-common_voice_en_17284522,,False
Ext-MSWC-hey-common_voice_en_17289236,,False
Ext-MSWC-hey-common_voice_en_17291583,,False
Ext-MSWC-hey-common_voice_en_17291732,,False
Ext-MSWC-hey-common_voice_en_17330231,,False
Ext-MSWC-hey-common_voice_en_17344232,,False
Ext-MSWC-hey-common_voice_en_17362568,,False
Ext-MSWC-hey-common_voice_en_17377734,,False
Ext-MSWC-hey-common_voice_en_17393141,,False
Ext-MSWC-hey-common_voice_en_17414833,,False
Ext-MSWC-hey-common_voice_en_17417393,,False
Ext-MSWC-hey-common_voice_en_174814,,False
Ext-MSWC-hey-common_voice_en_17541827,,False
Ext-MSWC-hey-common_voice_en_17572478,,False
Ext-MSWC-hey-common_voice_en_17577405,,False
Ext-MSWC-hey-common_voice_en_17622105,,False
Ext-MSWC-hey-common_voice_en_17663053,,False
Ext-MSWC-hey-common_voice_en_17669807,,False
Ext-MSWC-hey-common_voice_en_17684012,,False
Ext-MSWC-hey-common_voice_en_17852192,,False
Ext-MSWC-hey-common_voice_en_18020754,,False
Ext-MSWC-hey-common_voice_en_18083475,,False
Ext-MSWC-hey-common_voice_en_18166172,,False
Ext-MSWC-hey-common_voice_en_188929,,False
Ext-MSWC-hey-common_voice_en_19619585,,False
Ext-MSWC-hey-common_voice_en_21023378,,False
Ext-MSWC-hey-common_voice_en_212413,,False
Ext-MSWC-hey-common_voice_en_21894887,,False
Ext-MSWC-hey-common_voice_en_21901023,,False
Ext-MSWC-hey-common_voice_en_21904658,,False
Ext-MSWC-hey-common_voice_en_21908007,,False
Ext-MSWC-hey-common_voice_en_21908082,,False
Ext-MSWC-hey-common_voice_en_21915118,,False
Ext-MSWC-hey-common_voice_en_21915526,,False
Ext-MSWC-hey-common_voice_en_21915552,,False
Ext-MSWC-hey-common_voice_en_21915884,,False
Ext-MSWC-hey-common_voice_en_21915900,,False
Ext-MSWC-hey-common_voice_en_21916098,,False
Ext-MSWC-hey-common_voice_en_21917813,,False
Ext-MSWC-hey-common_voice_en_21920149,,False
Ext-MSWC-hey-common_voice_en_21921158,,False
Ext-MSWC-hey-common_voice_en_21923579,,False
Ext-MSWC-hey-common_voice_en_21925159,,False
Ext-MSWC-hey-common_voice_en_21925908,,False
Ext-MSWC-hey-common_voice_en_21927496,,False
Ext-MSWC-hey-common_voice_en_21928500,,False
Ext-MSWC-hey-common_voice_en_21930766,,False
Ext-MSWC-hey-common_voice_en_21934500,,False
Ext-MSWC-hey-common_voice_en_21937644,,False
Ext-MSWC-hey-common_voice_en_21938430,,False
Ext-MSWC-hey-common_voice_en_21942845,,False
Ext-MSWC-hey-common_voice_en_21943523,,False
Ext-MSWC-hey-common_voice_en_21944651,,False
Ext-MSWC-hey-common_voice_en_21944819,,False
Ext-MSWC-hey-common_voice_en_21946834,,False
Ext-MSWC-hey-common_voice_en_21947241,,False
Ext-MSWC-hey-common_voice_en_21949390,,False
Ext-MSWC-hey-common_voice_en_21949558,,False
Ext-MSWC-hey-common_voice_en_21950219,,False
Ext-MSWC-hey-common_voice_en_21952943,,False
Ext-MSWC-hey-common_voice_en_21953063,,False
Ext-MSWC-hey-common_voice_en_21953574,,False
Ext-MSWC-hey-common_voice_en_21954578,,False
Ext-MSWC-hey-common_voice_en_21955324,,False
Ext-MSWC-hey-common_voice_en_21955722,,False
Ext-MSWC-hey-common_voice_en_21959009,,False
Ext-MSWC-hey-common_voice_en_21961243,,False
Ext-MSWC-hey-common_voice_en_21962096,,False
Ext-MSWC-hey-common_voice_en_21962600,,False
Ext-MSWC-hey-common_voice_en_21962726,,False
Ext-MSWC-hey-common_voice_en_21963629,,False
Ext-MSWC-hey-common_voice_en_21963722,,False
Ext-MSWC-hey-common_voice_en_21964857,,False
Ext-MSWC-hey-common_voice_en_21966352,,False
Ext-MSWC-hey-common_voice_en_21970500,,False
Ext-MSWC-hey-common_voice_en_21970909,,False
Ext-MSWC-hey-common_voice_en_21972684,,False
Ext-MSWC-hey-common_voice_en_21973653,,False
Ext-MSWC-hey-common_voice_en_21974677,,False
Ext-MSWC-hey-common_voice_en_21974922,,False
Ext-MSWC-hey-common_voice_en_21975172,,False
Ext-MSWC-hey-common_voice_en_21975883,,False
Ext-MSWC-hey-common_voice_en_21976634,,False
Ext-MSWC-hey-common_voice_en_21976948,,False
Ext-MSWC-hey-common_voice_en_21977380,,False
Ext-MSWC-hey-common_voice_en_21977995,,False
Ext-MSWC-hey-common_voice_en_21978513,,False
Ext-MSWC-hey-common_voice_en_21980900,,False
Ext-MSWC-hey-common_voice_en_21981242,,False
Ext-MSWC-hey-common_voice_en_21984437,,False
Ext-MSWC-hey-common_voice_en_21986244,,False
Ext-MSWC-hey-common_voice_en_21987659,,False
Ext-MSWC-hey-common_voice_en_21990362,,False
Ext-MSWC-hey-common_voice_en_21990969,,False
Ext-MSWC-hey-common_voice_en_21991531,,False
Ext-MSWC-hey-common_voice_en_21993031,,False
Ext-MSWC-hey-common_voice_en_21993931,,False
Ext-MSWC-hey-common_voice_en_21998162,,False
Ext-MSWC-hey-common_voice_en_22000034,,False
Ext-MSWC-hey-common_voice_en_22001629,,False
Ext-MSWC-hey-common_voice_en_22005155,,False
Ext-MSWC-hey-common_voice_en_22005660,,False
Ext-MSWC-hey-common_voice_en_22006528,,False
Ext-MSWC-hey-common_voice_en_22009816,,False
Ext-MSWC-hey-common_voice_en_22010064,,False
Ext-MSWC-hey-common_voice_en_22010739,,False
Ext-MSWC-hey-common_voice_en_22011034,,False
Ext-MSWC-hey-common_voice_en_22013252,,False
Ext-MSWC-hey-common_voice_en_22013296,,False
Ext-MSWC-hey-common_voice_en_22013360,,False
Ext-MSWC-hey-common_voice_en_22013774,,False
Ext-MSWC-hey-common_voice_en_22014327,,False
Ext-MSWC-hey-common_voice_en_22014988,,False
Ext-MSWC-hey-common_voice_en_22019435,,False
Ext-MSWC-hey-common_voice_en_22019947,,False
Ext-MSWC-hey-common_voice_en_22020788,,False
Ext-MSWC-hey-common_voice_en_22023916,,False
Ext-MSWC-hey-common_voice_en_22025048,,False
Ext-MSWC-hey-common_voice_en_22027326,,False
Ext-MSWC-hey-common_voice_en_22027545,,False
Ext-MSWC-hey-common_voice_en_22028141,,False
Ext-MSWC-hey-common_voice_en_22029332,,False
Ext-MSWC-hey-common_voice_en_22030720,,False
Ext-MSWC-hey-common_voice_en_22031838,,False
Ext-MSWC-hey-common_voice_en_22034885,,False
Ext-MSWC-hey-common_voice_en_22035350,,False
Ext-MSWC-hey-common_voice_en_22036999,,False
Ext-MSWC-hey-common_voice_en_22037382,,False
Ext-MSWC-hey-common_voice_en_22038842,,False
Ext-MSWC-hey-common_voice_en_22042114,,False
Ext-MSWC-hey-common_voice_en_22043145,,False
Ext-MSWC-hey-common_voice_en_22045499,,False
Ext-MSWC-hey-common_voice_en_22046039,,False
Ext-MSWC-hey-common_voice_en_22046129,,False
Ext-MSWC-hey-common_voice_en_22046429,,False
Ext-MSWC-hey-common_voice_en_22046460,,False
Ext-MSWC-hey-common_voice_en_22046837,,False
Ext-MSWC-hey-common_voice_en_22047156,,False
Ext-MSWC-hey-common_voice_en_22047831,,False
Ext-MSWC-hey-common_voice_en_22047980,,False
Ext-MSWC-hey-common_voice_en_22049466,,False
Ext-MSWC-hey-common_voice_en_22053337,,False
Ext-MSWC-hey-common_voice_en_22053732,,False
Ext-MSWC-hey-common_voice_en_22053955,,False
Ext-MSWC-hey-common_voice_en_22054050,,False
Ext-MSWC-hey-common_voice_en_22054418,,False
Ext-MSWC-hey-common_voice_en_22054719,,False
Ext-MSWC-hey-common_voice_en_22054880,,False
Ext-MSWC-hey-common_voice_en_22057122,,False
Ext-MSWC-hey-common_voice_en_22059019,,False
Ext-MSWC-hey-common_voice_en_22060100,,False
Ext-MSWC-hey-common_voice_en_22060902,,False
Ext-MSWC-hey-common_voice_en_22063877,,False
Ext-MSWC-hey-common_voice_en_22065053,,False
Ext-MSWC-hey-common_voice_en_22068587,,False
Ext-MSWC-hey-common_voice_en_22068898,,False
Ext-MSWC-hey-common_voice_en_22070716,,False
Ext-MSWC-hey-common_voice_en_22072029,,False
Ext-MSWC-hey-common_voice_en_22074133,,False
Ext-MSWC-hey-common_voice_en_22074192,,False
Ext-MSWC-hey-common_voice_en_22080255,,False
Ext-MSWC-hey-common_voice_en_22081200,,False
Ext-MSWC-hey-common_voice_en_22082033,,False
Ext-MSWC-hey-common_voice_en_22082148,,False
Ext-MSWC-hey-common_voice_en_22082215,,False
Ext-MSWC-hey-common_voice_en_22083121,,False
Ext-MSWC-hey-common_voice_en_22083782,,False
Ext-MSWC-hey-common_voice_en_22085333,,False
Ext-MSWC-hey-common_voice_en_22085684,,False
Ext-MSWC-hey-common_voice_en_22085819,,False
Ext-MSWC-hey-common_voice_en_22086699,,False
Ext-MSWC-hey-common_voice_en_22087431,,False
Ext-MSWC-hey-common_voice_en_22089183,,False
Ext-MSWC-hey-common_voice_en_22089375,,False
Ext-MSWC-hey-common_voice_en_22090534,,False
Ext-MSWC-hey-common_voice_en_22093296,,False
Ext-MSWC-hey-common_voice_en_22095795,,False
Ext-MSWC-hey-common_voice_en_22096843,,False
Ext-MSWC-hey-common_voice_en_22097341,,False
Ext-MSWC-hey-common_voice_en_22098515,,False
Ext-MSWC-hey-common_voice_en_22099923,,False
Ext-MSWC-hey-common_voice_en_22102293,,False
Ext-MSWC-hey-common_voice_en_22103285,,False
Ext-MSWC-hey-common_voice_en_22103926,,False
Ext-MSWC-hey-common_voice_en_22104521,,False
Ext-MSWC-hey-common_voice_en_22105790,,False
Ext-MSWC-hey-common_voice_en_22106052,,False
Ext-MSWC-hey-common_voice_en_22107939,,False
Ext-MSWC-hey-common_voice_en_22110553,,False
Ext-MSWC-hey-common_voice_en_22111343,,False
Ext-MSWC-hey-common_voice_en_22111591,,False
Ext-MSWC-hey-common_voice_en_22111889,,False
Ext-MSWC-hey-common_voice_en_22111896,,False
Ext-MSWC-hey-common_voice_en_22112426,,False
Ext-MSWC-hey-common_voice_en_22113126,,False
Ext-MSWC-hey-common_voice_en_22113810,,False
Ext-MSWC-hey-common_voice_en_22115601,,False
Ext-MSWC-hey-common_voice_en_22116817,,False
Ext-MSWC-hey-common_voice_en_22117484,,False
Ext-MSWC-hey-common_voice_en_22117688,,False
Ext-MSWC-hey-common_voice_en_22117741,,False
Ext-MSWC-hey-common_voice_en_22121352,,False
Ext-MSWC-hey-common_voice_en_22121727,,False
Ext-MSWC-hey-common_voice_en_22123479,,False
Ext-MSWC-hey-common_voice_en_22123558,,False
Ext-MSWC-hey-common_voice_en_22124247,,False
Ext-MSWC-hey-common_voice_en_22126453,,False
Ext-MSWC-hey-common_voice_en_22127624,,False
Ext-MSWC-hey-common_voice_en_22130381,,False
Ext-MSWC-hey-common_voice_en_22131203,,False
Ext-MSWC-hey-common_voice_en_22134264,,False
Ext-MSWC-hey-common_voice_en_22136040,,False
Ext-MSWC-hey-common_voice_en_22136859,,False
Ext-MSWC-hey-common_voice_en_22136894,,False
Ext-MSWC-hey-common_voice_en_22137159,,False
Ext-MSWC-hey-common_voice_en_22138538,,False
Ext-MSWC-hey-common_voice_en_22139242,,False
Ext-MSWC-hey-common_voice_en_22141834,,False
Ext-MSWC-hey-common_voice_en_22143545,,False
Ext-MSWC-hey-common_voice_en_22143854,,False
Ext-MSWC-hey-common_voice_en_22144262,,False
Ext-MSWC-hey-common_voice_en_22144284,,False
Ext-MSWC-hey-common_voice_en_22145431,,False
Ext-MSWC-hey-common_voice_en_22149955,,False
Ext-MSWC-hey-common_voice_en_22152222,,False
Ext-MSWC-hey-common_voice_en_22154227,,False
Ext-MSWC-hey-common_voice_en_22154957,,False
Ext-MSWC-hey-common_voice_en_22155021,,False
Ext-MSWC-hey-common_voice_en_22159999,,False
Ext-MSWC-hey-common_voice_en_22160342,,False
Ext-MSWC-hey-common_voice_en_22160496,,False
Ext-MSWC-hey-common_voice_en_22160930,,False
Ext-MSWC-hey-common_voice_en_22161412,,False
Ext-MSWC-hey-common_voice_en_22161881,,False
Ext-MSWC-hey-common_voice_en_22163355,,False
Ext-MSWC-hey-common_voice_en_22166191,,False
Ext-MSWC-hey-common_voice_en_22167388,,False
Ext-MSWC-hey-common_voice_en_22168657,,False
Ext-MSWC-hey-common_voice_en_22168689,,False
Ext-MSWC-hey-common_voice_en_22169005,,False
Ext-MSWC-hey-common_voice_en_22169179,,False
Ext-MSWC-hey-common_voice_en_22174428,,False
Ext-MSWC-hey-common_voice_en_22174451,,False
Ext-MSWC-hey-common_voice_en_22174995,,False
Ext-MSWC-hey-common_voice_en_22175161,,False
Ext-MSWC-hey-common_voice_en_22175646,,False
Ext-MSWC-hey-common_voice_en_22175672,,False
Ext-MSWC-hey-common_voice_en_22175878,,False
Ext-MSWC-hey-common_voice_en_22176609,,False
Ext-MSWC-hey-common_voice_en_22178571,,False
Ext-MSWC-hey-common_voice_en_22181000,,False
Ext-MSWC-hey-common_voice_en_22181434,,False
Ext-MSWC-hey-common_voice_en_22182411,,False
Ext-MSWC-hey-common_voice_en_22183230,,False
Ext-MSWC-hey-common_voice_en_22183537,,False
Ext-MSWC-hey-common_voice_en_22183582,,False
Ext-MSWC-hey-common_voice_en_22184692,,False
Ext-MSWC-hey-common_voice_en_22184826,,False
Ext-MSWC-hey-common_voice_en_22185510,,False
Ext-MSWC-hey-common_voice_en_22185677,,False
Ext-MSWC-hey-common_voice_en_22188011,,False
Ext-MSWC-hey-common_voice_en_22190558,,False
Ext-MSWC-hey-common_voice_en_22190906,,False
Ext-MSWC-hey-common_voice_en_22194311,,False
Ext-MSWC-hey-common_voice_en_22194885,,False
Ext-MSWC-hey-common_voice_en_22196803,,False
Ext-MSWC-hey-common_voice_en_22197478,,False
Ext-MSWC-hey-common_voice_en_22198234,,False
Ext-MSWC-hey-common_voice_en_22201932,,False
Ext-MSWC-hey-common_voice_en_22203548,,False
Ext-MSWC-hey-common_voice_en_22204799,,False
Ext-MSWC-hey-common_voice_en_22205139,,False
Ext-MSWC-hey-common_voice_en_22205290,,False
Ext-MSWC-hey-common_voice_en_22206251,,False
Ext-MSWC-hey-common_voice_en_256716,,False
Ext-MSWC-hey-common_voice_en_489360,,False
Ext-MSWC-hey-common_voice_en_526545,,False
Ext-MSWC-hey-common_voice_en_528187,,False
Ext-MSWC-hey-common_voice_en_534143,,False
Ext-MSWC-hey-common_voice_en_580347,,False
Ext-MSWC-hey-common_voice_en_600206,,False
Ext-MSWC-hey-common_voice_en_611678,,False
Ext-MSWC-hey-common_voice_en_66240,,False
Ext-MSWC-hey-common_voice_en_663959,,False
Ext-MSWC-hey-common_voice_en_667776,,False
Ext-MSWC-hey-common_voice_en_689748,,False
Ext-MSWC-letter-common_voice_en_10119844,,False
Ext-MSWC-letter-common_voice_en_111764,,False
Ext-MSWC-letter-common_voice_en_115018,,False
Ext-MSWC-letter-common_voice_en_119298,,False
Ext-MSWC-letter-common_voice_en_120732,,False
Ext-MSWC-letter-common_voice_en_12080861,,False
Ext-MSWC-letter-common_voice_en_121918,,False
Ext-MSWC-letter-common_voice_en_124642,,False
Ext-MSWC-letter-common_voice_en_128443,,False
Ext-MSWC-letter-common_voice_en_129501,,False
Ext-MSWC-letter-common_voice_en_129811,,False
Ext-MSWC-letter-common_voice_en_130502,,False
Ext-MSWC-letter-common_voice_en_1318,,False
Ext-MSWC-letter-common_voice_en_1344685,,False
Ext-MSWC-letter-common_voice_en_136082,,False
Ext-MSWC-letter-common_voice_en_13940966,,False
Ext-MSWC-letter-common_voice_en_142519,,False
Ext-MSWC-letter-common_voice_en_143194,,False
Ext-MSWC-letter-common_voice_en_145930,,False
Ext-MSWC-letter-common_voice_en_147473,,False
Ext-MSWC-letter-common_voice_en_147990,,False
Ext-MSWC-letter-common_voice_en_14978,,False
Ext-MSWC-letter-common_voice_en_15734329,,False
Ext-MSWC-letter-common_voice_en_15903841,,False
Ext-MSWC-letter-common_voice_en_15904268,,False
Ext-MSWC-letter-common_voice_en_15917,,False
Ext-MSWC-letter-common_voice_en_16048322,,False
Ext-MSWC-letter-common_voice_en_160627,,False
Ext-MSWC-letter-common_voice_en_163089,,False
Ext-MSWC-letter-common_voice_en_164010,,False
Ext-MSWC-letter-common_voice_en_166343,,False
Ext-MSWC-letter-common_voice_en_166693,,False
Ext-MSWC-letter-common_voice_en_168620,,False
Ext-MSWC-letter-common_voice_en_172055,,False
Ext-MSWC-letter-common_voice_en_17273847,,False
Ext-MSWC-letter-common_voice_en_17279507,,False
Ext-MSWC-letter-common_voice_en_17285040,,False
Ext-MSWC-letter-common_voice_en_17295483,,False
Ext-MSWC-letter-common_voice_en_17297368,,False
Ext-MSWC-letter-common_voice_en_17372177,,False
Ext-MSWC-letter-common_voice_en_177039,,False
Ext-MSWC-letter-common_voice_en_17728613,,False
Ext-MSWC-letter-common_voice_en_17729628,,False
Ext-MSWC-letter-common_voice_en_17734500,,False
Ext-MSWC-letter-common_voice_en_17736658,,False
Ext-MSWC-letter-common_voice_en_17755345,,False
Ext-MSWC-letter-common_voice_en_17891703,,False
Ext-MSWC-letter-common_voice_en_17906154,,False
Ext-MSWC-letter-common_voice_en_17957620,,False
Ext-MSWC-letter-common_voice_en_18080539,,False
Ext-MSWC-letter-common_voice_en_18100716,,False
Ext-MSWC-letter-common_voice_en_18115267,,False
Ext-MSWC-letter-common_voice_en_18128548,,False
Ext-MSWC-letter-common_voice_en_18134766,,False
Ext-MSWC-letter-common_voice_en_18139807,,False
Ext-MSWC-letter-common_voice_en_18164191,,False
Ext-MSWC-letter-common_voice_en_18319851,,False
Ext-MSWC-letter-common_voice_en_18320380,,False
Ext-MSWC-letter-common_voice_en_18322315,,False
Ext-MSWC-letter-common_voice_en_18326084,,False
Ext-MSWC-letter-common_voice_en_18326518,,False
Ext-MSWC-letter-common_voice_en_18330560,,False
Ext-MSWC-letter-common_voice_en_18331744,,False
Ext-MSWC-letter-common_voice_en_18342171,,False
Ext-MSWC-letter-common_voice_en_18405253,,False
Ext-MSWC-letter-common_voice_en_18424105,,False
Ext-MSWC-letter-common_voice_en_18453378,,False
Ext-MSWC-letter-common_voice_en_18474382,,False
Ext-MSWC-letter-common_voice_en_18482695,,False
Ext-MSWC-letter-common_voice_en_18498156,,False
Ext-MSWC-letter-common_voice_en_18513831,,False
Ext-MSWC-letter-common_voice_en_18514133,,False
Ext-MSWC-letter-common_voice_en_18515015,,False
Ext-MSWC-letter-common_voice_en_18515273,,False
Ext-MSWC-letter-common_voice_en_18516755,,False
Ext-MSWC-letter-common_voice_en_18517156,,False
Ext-MSWC-letter-common_voice_en_18525034,,False
Ext-MSWC-letter-common_voice_en_18529418,,False
Ext-MSWC-letter-common_voice_en_18534818,,False
Ext-MSWC-letter-common_voice_en_18542268,,False
Ext-MSWC-letter-common_voice_en_18546951,,False
Ext-MSWC-letter-common_voice_en_18555268,,False
Ext-MSWC-letter-common_voice_en_18555961,,False
Ext-MSWC-letter-common_voice_en_18584,,False
Ext-MSWC-letter-common_voice_en_18587829,,False
Ext-MSWC-letter-common_voice_en_18594079,,False
Ext-MSWC-letter-common_voice_en_18602110,,False
Ext-MSWC-letter-common_voice_en_18605203,,False
Ext-MSWC-letter-common_voice_en_186126,,False
Ext-MSWC-letter-common_voice_en_18618297,,False
Ext-MSWC-letter-common_voice_en_18618580,,False
Ext-MSWC-letter-common_voice_en_18634595,,False
Ext-MSWC-letter-common_voice_en_18646158,,False
Ext-MSWC-letter-common_voice_en_18659794,,False
Ext-MSWC-letter-common_voice_en_18666103,,False
Ext-MSWC-letter-common_voice_en_18682492,,False
Ext-MSWC-letter-common_voice_en_18692990,,False
Ext-MSWC-letter-common_voice_en_18760766,,False
Ext-MSWC-letter-common_voice_en_18778266,,False
Ext-MSWC-letter-common_voice_en_18828595,,False
Ext-MSWC-letter-common_voice_en_18828654,,False
Ext-MSWC-letter-common_voice_en_18836102,,False
Ext-MSWC-letter-common_voice_en_18865697,,False
Ext-MSWC-letter-common_voice_en_18934578,,False
Ext-MSWC-letter-common_voice_en_18935243,,False
Ext-MSWC-letter-common_voice_en_18935633,,False
Ext-MSWC-letter-common_voice_en_189522,,False
Ext-MSWC-letter-common_voice_en_18966474,,False
Ext-MSWC-letter-common_voice_en_18984390,,False
Ext-MSWC-letter-common_voice_en_189872,,False
Ext-MSWC-letter-common_voice_en_18990038,,False
Ext-MSWC-letter-common_voice_en_19026855,,False
Ext-MSWC-letter-common_voice_en_19028980,,False
Ext-MSWC-letter-common_voice_en_19029225,,False
Ext-MSWC-letter-common_voice_en_19152014,,False
Ext-MSWC-letter-common_voice_en_19177230,,False
Ext-MSWC-letter-common_voice_en_19200930,,False
Ext-MSWC-letter-common_voice_en_19249153,,False
Ext-MSWC-letter-common_voice_en_19271,,False
Ext-MSWC-letter-common_voice_en_19348885,,False
Ext-MSWC-letter-common_voice_en_19428471,,False
Ext-MSWC-letter-common_voice_en_19429974,,False
Ext-MSWC-letter-common_voice_en_19451808,,False
Ext-MSWC-letter-common_voice_en_194568,,False
Ext-MSWC-letter-common_voice_en_19496380,,False
Ext-MSWC-letter-common_voice_en_19522918,,False
Ext-MSWC-letter-common_voice_en_19531184,,False
Ext-MSWC-letter-common_voice_en_19532540,,False
Ext-MSWC-letter-common_voice_en_19547413,,False
Ext-MSWC-letter-common_voice_en_196392,,False
Ext-MSWC-letter-common_voice_en_19640681,,False
Ext-MSWC-letter-common_voice_en_19643497,,False
Ext-MSWC-letter-common_voice_en_19653117,,False
Ext-MSWC-letter-common_voice_en_19670714,,False
Ext-MSWC-letter-common_voice_en_19683803,,False
Ext-MSWC-letter-common_voice_en_19690324,,False
Ext-MSWC-letter-common_voice_en_19693360,,False
Ext-MSWC-letter-common_voice_en_19704981,,False
Ext-MSWC-letter-common_voice_en_19714836,,False
Ext-MSWC-letter-common_voice_en_19731452,,False
Ext-MSWC-letter-common_voice_en_19781119,,False
Ext-MSWC-letter-common_voice_en_19793272,,False
Ext-MSWC-letter-common_voice_en_19806922,,False
Ext-MSWC-letter-common_voice_en_19811186,,False
Ext-MSWC-letter-common_voice_en_19855649,,False
Ext-MSWC-letter-common_voice_en_19946712,,False
Ext-MSWC-letter-common_voice_en_19948362,,False
Ext-MSWC-letter-common_voice_en_20024495,,False
Ext-MSWC-letter-common_voice_en_20030431,,False
Ext-MSWC-letter-common_voice_en_20060381,,False
Ext-MSWC-letter-common_voice_en_20068115,,False
Ext-MSWC-letter-common_voice_en_20091746,,False
Ext-MSWC-letter-common_voice_en_20150302,,False
Ext-MSWC-letter-common_voice_en_20161673,,False
Ext-MSWC-letter-common_voice_en_20173922,,False
Ext-MSWC-letter-common_voice_en_20189011,,False
Ext-MSWC-letter-common_voice_en_202630,,False
Ext-MSWC-letter-common_voice_en_20276211,,False
Ext-MSWC-letter-common_voice_en_20301069,,False
Ext-MSWC-letter-common_voice_en_20305391,,False
Ext-MSWC-letter-common_voice_en_20311454,,False
Ext-MSWC-letter-common_voice_en_20378216,,False
Ext-MSWC-letter-common_voice_en_20389224,,False
Ext-MSWC-letter-common_voice_en_20409706,,False
Ext-MSWC-letter-common_voice_en_20433131,,False
Ext-MSWC-letter-common_voice_en_20440597,,False
Ext-MSWC-letter-common_voice_en_20451876,,False
Ext-MSWC-letter-common_voice_en_20512499,,False
Ext-MSWC-letter-common_voice_en_20519825,,False
Ext-MSWC-letter-common_voice_en_20527222,,False
Ext-MSWC-letter-common_voice_en_20569488,,False
Ext-MSWC-letter-common_voice_en_206196,,False
Ext-MSWC-letter-common_voice_en_20661837,,False
Ext-MSWC-letter-common_voice_en_20726445,,False
Ext-MSWC-letter-common_voice_en_20761524,,False
Ext-MSWC-letter-common_voice_en_207705,,False
Ext-MSWC-letter-common_voice_en_20884087,,False
Ext-MSWC-letter-common_voice_en_20890765,,False
Ext-MSWC-letter-common_voice_en_20927053,,False
Ext-MSWC-letter-common_voice_en_20945989,,False
Ext-MSWC-letter-common_voice_en_20969731,,False
Ext-MSWC-letter-common_voice_en_21021442,,False
Ext-MSWC-letter-common_voice_en_211593,,False
Ext-MSWC-letter-common_voice_en_21180666,,False
Ext-MSWC-letter-common_voice_en_212005,,False
Ext-MSWC-letter-common_voice_en_21230828,,False
Ext-MSWC-letter-common_voice_en_21313082,,False
Ext-MSWC-letter-common_voice_en_21335671,,False
Ext-MSWC-letter-common_voice_en_21372755,,False
Ext-MSWC-letter-common_voice_en_21395612,,False
Ext-MSWC-letter-common_voice_en_21397,,False
Ext-MSWC-letter-common_voice_en_214424,,False
Ext-MSWC-letter-common_voice_en_21469813,,False
Ext-MSWC-letter-common_voice_en_21478187__2,,False
Ext-MSWC-letter-common_voice_en_21638269,,False
Ext-MSWC-letter-common_voice_en_216929,,False
Ext-MSWC-letter-common_voice_en_217387,,False
Ext-MSWC-letter-common_voice_en_21743486,,False
Ext-MSWC-letter-common_voice_en_21750808,,False
Ext-MSWC-letter-common_voice_en_21795830,,False
Ext-MSWC-letter-common_voice_en_21860717,,False
Ext-MSWC-letter-common_voice_en_21898038,,False
Ext-MSWC-letter-common_voice_en_21921561,,False
Ext-MSWC-letter-common_voice_en_219448,,False
Ext-MSWC-letter-common_voice_en_21947005,,False
Ext-MSWC-letter-common_voice_en_21995177,,False
Ext-MSWC-letter-common_voice_en_22007405,,False
Ext-MSWC-letter-common_voice_en_22041448,,False
Ext-MSWC-letter-common_voice_en_22093314,,False
Ext-MSWC-letter-common_voice_en_221547,,False
Ext-MSWC-letter-common_voice_en_22195833,,False
Ext-MSWC-letter-common_voice_en_22210705,,False
Ext-MSWC-letter-common_voice_en_267494,,False
Ext-MSWC-letter-common_voice_en_283453,,False
Ext-MSWC-letter-common_voice_en_29162,,False
Ext-MSWC-letter-common_voice_en_36178,,False
Ext-MSWC-letter-common_voice_en_36450,,False
Ext-MSWC-letter-common_voice_en_390752,,False
Ext-MSWC-letter-common_voice_en_411223,,False
Ext-MSWC-letter-common_voice_en_43266,,False
Ext-MSWC-letter-common_voice_en_442090,,False
Ext-MSWC-letter-common_voice_en_44932,,False
Ext-MSWC-letter-common_voice_en_4607446,,False
Ext-MSWC-letter-common_voice_en_472653,,False
Ext-MSWC-letter-common_voice_en_479803,,False
Ext-MSWC-letter-common_voice_en_481032,,False
Ext-MSWC-letter-common_voice_en_486190,,False
Ext-MSWC-letter-common_voice_en_488226,,False
Ext-MSWC-letter-common_voice_en_490932,,False
Ext-MSWC-letter-common_voice_en_494409,,False
Ext-MSWC-letter-common_voice_en_496329,,False
Ext-MSWC-letter-common_voice_en_497983,,False
Ext-MSWC-letter-common_voice_en_500342,,False
Ext-MSWC-letter-common_voice_en_50874,,False
Ext-MSWC-letter-common_voice_en_510452,,False
Ext-MSWC-letter-common_voice_en_513571,,False
Ext-MSWC-letter-common_voice_en_514513,,False
Ext-MSWC-letter-common_voice_en_520539,,False
Ext-MSWC-letter-common_voice_en_520976,,False
Ext-MSWC-letter-common_voice_en_522463,,False
Ext-MSWC-letter-common_voice_en_522779,,False
Ext-MSWC-letter-common_voice_en_527935,,False
Ext-MSWC-letter-common_voice_en_530968,,False
Ext-MSWC-letter-common_voice_en_536905,,False
Ext-MSWC-letter-common_voice_en_537025,,False
Ext-MSWC-letter-common_voice_en_539371,,False
Ext-MSWC-letter-common_voice_en_541637,,False
Ext-MSWC-letter-common_voice_en_543910,,False
Ext-MSWC-letter-common_voice_en_551794,,False
Ext-MSWC-letter-common_voice_en_554100,,False
Ext-MSWC-letter-common_voice_en_55571,,False
Ext-MSWC-letter-common_voice_en_55674,,False
Ext-MSWC-letter-common_voice_en_560994,,False
Ext-MSWC-letter-common_voice_en_561104,,False
Ext-MSWC-letter-common_voice_en_564208,,False
Ext-MSWC-letter-common_voice_en_577651,,False
Ext-MSWC-letter-common_voice_en_584684,,False
Ext-MSWC-letter-common_voice_en_585,,False
Ext-MSWC-letter-common_voice_en_587751,,False
Ext-MSWC-letter-common_voice_en_591677,,False
Ext-MSWC-letter-common_voice_en_597004,,False
Ext-MSWC-letter-common_voice_en_601580,,False
Ext-MSWC-letter-common_voice_en_604147,,False
Ext-MSWC-letter-common_voice_en_606572,,False
Ext-MSWC-letter-common_voice_en_613272,,False
Ext-MSWC-letter-common_voice_en_614038,,False
Ext-MSWC-letter-common_voice_en_626139,,False
Ext-MSWC-letter-common_voice_en_626933,,False
Ext-MSWC-letter-common_voice_en_630567,,False
Ext-MSWC-letter-common_voice_en_631461,,False
Ext-MSWC-letter-common_voice_en_633709,,False
Ext-MSWC-letter-common_voice_en_639684,,False
Ext-MSWC-letter-common_voice_en_642026,,False
Ext-MSWC-letter-common_voice_en_643760,,False
Ext-MSWC-letter-common_voice_en_657154,,False
Ext-MSWC-letter-common_voice_en_66066,,False
Ext-MSWC-letter-common_voice_en_667809,,False
Ext-MSWC-letter-common_voice_en_668664,,False
Ext-MSWC-letter-common_voice_en_66939,,False
Ext-MSWC-letter-common_voice_en_670509,,False
Ext-MSWC-letter-common_voice_en_674605,,False
Ext-MSWC-letter-common_voice_en_675997,,False
Ext-MSWC-letter-common_voice_en_677604,,False
Ext-MSWC-letter-common_voice_en_680615,,False
Ext-MSWC-letter-common_voice_en_684930,,False
Ext-MSWC-letter-common_voice_en_685394,,False
Ext-MSWC-letter-common_voice_en_689840,,False
Ext-MSWC-letter-common_voice_en_690670,,False
Ext-MSWC-letter-common_voice_en_698318,,False
Ext-MSWC-letter-common_voice_en_72970,,False
Ext-MSWC-letter-common_voice_en_74895,,False
Ext-MSWC-letter-common_voice_en_77411,,False
Ext-MSWC-letter-common_voice_en_81574,,False
Ext-MSWC-letter-common_voice_en_83467,,False
Ext-MSWC-letter-common_voice_en_85418,,False
Ext-MSWC-letter-common_voice_en_90656,,False
Ext-MSWC-letter-common_voice_en_90965,,False
Ext-MSWC-letter-common_voice_en_93960,,False
Ext-MSWC-letter-common_voice_en_967984,,False
Ext-MSWC-letter-common_voice_en_98320,,False
Ext-MSWC-malta-common_voice_en_18713071,,False
Ext-MSWC-malta-common_voice_en_18744659,,False
Ext-MSWC-malta-common_voice_en_18838390,,False
Ext-MSWC-malta-common_voice_en_18843823,,False
Ext-MSWC-malta-common_voice_en_19043416__2,,False
Ext-MSWC-malta-common_voice_en_19047302,,False
Ext-MSWC-malta-common_voice_en_19200963,,False
Ext-MSWC-malta-common_voice_en_19254695,,False
Ext-MSWC-malta-common_voice_en_19267393,,False
Ext-MSWC-malta-common_voice_en_19326746,,False
Ext-MSWC-malta-common_voice_en_19453798,,False
Ext-MSWC-malta-common_voice_en_19489752,,False
Ext-MSWC-malta-common_voice_en_19489756,,False
Ext-MSWC-malta-common_voice_en_19491967,,False
Ext-MSWC-malta-common_voice_en_19497482,,False
Ext-MSWC-malta-common_voice_en_19594932,,False
Ext-MSWC-malta-common_voice_en_19597172,,False
Ext-MSWC-malta-common_voice_en_19605378,,False
Ext-MSWC-malta-common_voice_en_19612308,,False
Ext-MSWC-malta-common_voice_en_19679751,,False
Ext-MSWC-malta-common_voice_en_19748410,,False
Ext-MSWC-malta-common_voice_en_19760349,,False
Ext-MSWC-malta-common_voice_en_19811165,,False
Ext-MSWC-malta-common_voice_en_19949967,,False
Ext-MSWC-malta-common_voice_en_19954329,,False
Ext-MSWC-malta-common_voice_en_19967062,,False
Ext-MSWC-malta-common_voice_en_20013806,,False
Ext-MSWC-malta-common_voice_en_20026500,,False
Ext-MSWC-malta-common_voice_en_20043287,,False
Ext-MSWC-malta-common_voice_en_20091173,,False
Ext-MSWC-malta-common_voice_en_20162634,,False
Ext-MSWC-malta-common_voice_en_20170500,,False
Ext-MSWC-malta-common_voice_en_20190340,,False
Ext-MSWC-malta-common_voice_en_20224800,,False
Ext-MSWC-malta-common_voice_en_20237344,,False
Ext-MSWC-malta-common_voice_en_20267199,,False
Ext-MSWC-malta-common_voice_en_20272684,,False
Ext-MSWC-malta-common_voice_en_20653867,,False
Ext-MSWC-malta-common_voice_en_20850914,,False
Ext-MSWC-malta-common_voice_en_20861079,,False
Ext-MSWC-malta-common_voice_en_20876122,,False
Ext-MSWC-malta-common_voice_en_20878172,,False
Ext-MSWC-malta-common_voice_en_20946939,,False
Ext-MSWC-malta-common_voice_en_21230872,,False
Ext-MSWC-malta-common_voice_en_21314758,,False
Ext-MSWC-malta-common_voice_en_21753092,,False
Ext-MSWC-malta-common_voice_en_21872138,,False
Ext-MSWC-malta-common_voice_en_21995551,,False
Ext-MSWC-malta-common_voice_en_22145062,,False
Ext-MSWC-malta-common_voice_en_22251177,,False
Ext-MSWC-malta-common_voice_en_22274906,,False
Ext-MSWC-malta-common_voice_en_22286489,,False
Ext-MSWC-malta-common_voice_en_22329054,,False
Ext-MSWC-malta-common_voice_en_22332958,,False
Ext-MSWC-malta-common_voice_en_22385796,,False
Ext-MSWC-malta-common_voice_en_22400514,,False
Ext-MSWC-marta-common_voice_en_10208955,,False
Ext-MSWC-marta-common_voice_en_1530635,,False
Ext-MSWC-marta-common_voice_en_15747680,,False
Ext-MSWC-marta-common_voice_en_15809621,,False
Ext-MSWC-marta-common_voice_en_16619433,,False
Ext-MSWC-marta-common_voice_en_17273661,,False
Ext-MSWC-marta-common_voice_en_17274494,,False
Ext-MSWC-marta-common_voice_en_17279289,,False
Ext-MSWC-marta-common_voice_en_17280173,,False
Ext-MSWC-marta-common_voice_en_17281728,,False
Ext-MSWC-marta-common_voice_en_17331282,,False
Ext-MSWC-marta-common_voice_en_17730246,,False
Ext-MSWC-marta-common_voice_en_17764149,,False
Ext-MSWC-marta-common_voice_en_17771850,,False
Ext-MSWC-marta-common_voice_en_17869117,,False
Ext-MSWC-marta-common_voice_en_17888112,,False
Ext-MSWC-marta-common_voice_en_17917623,,False
Ext-MSWC-marta-common_voice_en_17936191,,False
Ext-MSWC-marta-common_voice_en_17979403,,False
Ext-MSWC-marta-common_voice_en_18085720,,False
Ext-MSWC-marta-common_voice_en_18128662,,False
Ext-MSWC-marta-common_voice_en_18161860,,False
Ext-MSWC-marta-common_voice_en_18731046,,False
Ext-MSWC-marta-common_voice_en_20007610,,False
Ext-MSWC-marta-common_voice_en_20048072,,False
Ext-MSWC-marta-common_voice_en_317229,,False
Ext-MSWC-marta-common_voice_en_37760,,False
Ext-MSWC-marta-common_voice_en_43903,,False
Ext-MSWC-marta-common_voice_en_532883,,False
Ext-MSWC-marta-common_voice_en_608393,,False
Ext-MSWC-martha-common_voice_en_104627,,False
Ext-MSWC-martha-common_voice_en_109493,,False
Ext-MSWC-martha-common_voice_en_113122,,False
Ext-MSWC-martha-common_voice_en_116542,,False
Ext-MSWC-martha-common_voice_en_122036,,False
Ext-MSWC-martha-common_voice_en_130313,,False
Ext-MSWC-martha-common_voice_en_136761,,False
Ext-MSWC-martha-common_voice_en_138315,,False
Ext-MSWC-martha-common_voice_en_146383,,False
Ext-MSWC-martha-common_voice_en_147822,,False
Ext-MSWC-martha-common_voice_en_154587,,False
Ext-MSWC-martha-common_voice_en_158277,,False
Ext-MSWC-martha-common_voice_en_16425,,False
Ext-MSWC-martha-common_voice_en_166350,,False
Ext-MSWC-martha-common_voice_en_166761,,False
Ext-MSWC-martha-common_voice_en_17000,,False
Ext-MSWC-martha-common_voice_en_172664,,False
Ext-MSWC-martha-common_voice_en_17284732,,False
Ext-MSWC-martha-common_voice_en_17298,,False
Ext-MSWC-martha-common_voice_en_18332411,,False
Ext-MSWC-martha-common_voice_en_18341021,,False
Ext-MSWC-martha-common_voice_en_18400768,,False
Ext-MSWC-martha-common_voice_en_18404232,,False
Ext-MSWC-martha-common_voice_en_18454292,,False
Ext-MSWC-martha-common_voice_en_18463193,,False
Ext-MSWC-martha-common_voice_en_18509627,,False
Ext-MSWC-martha-common_voice_en_18743947,,False
Ext-MSWC-martha-common_voice_en_18759015,,False
Ext-MSWC-martha-common_voice_en_18802284,,False
Ext-MSWC-martha-common_voice_en_19195928,,False
Ext-MSWC-martha-common_voice_en_19195932,,False
Ext-MSWC-martha-common_voice_en_19249186,,False
Ext-MSWC-martha-common_voice_en_19259900,,False
Ext-MSWC-martha-common_voice_en_19454692,,False
Ext-MSWC-martha-common_voice_en_19630766,,False
Ext-MSWC-martha-common_voice_en_19630861,,False
Ext-MSWC-martha-common_voice_en_19665223,,False
Ext-MSWC-martha-common_voice_en_19687939,,False
Ext-MSWC-martha-common_voice_en_197193,,False
Ext-MSWC-martha-common_voice_en_19760291,,False
Ext-MSWC-martha-common_voice_en_19762270,,False
Ext-MSWC-martha-common_voice_en_19764426,,False
Ext-MSWC-martha-common_voice_en_19765655,,False
Ext-MSWC-martha-common_voice_en_19770690,,False
Ext-MSWC-martha-common_voice_en_19777822,,False
Ext-MSWC-martha-common_voice_en_19791786,,False
Ext-MSWC-martha-common_voice_en_19870238,,False
Ext-MSWC-martha-common_voice_en_19961477,,False
Ext-MSWC-martha-common_voice_en_19975235,,False
Ext-MSWC-martha-common_voice_en_19980097,,False
Ext-MSWC-martha-common_voice_en_19988850,,False
Ext-MSWC-martha-common_voice_en_19990711,,False
Ext-MSWC-martha-common_voice_en_199926,,False
Ext-MSWC-martha-common_voice_en_19995144,,False
Ext-MSWC-martha-common_voice_en_20024207,,False
Ext-MSWC-martha-common_voice_en_20029576,,False
Ext-MSWC-martha-common_voice_en_20093089,,False
Ext-MSWC-martha-common_voice_en_20101474,,False
Ext-MSWC-martha-common_voice_en_20116328,,False
Ext-MSWC-martha-common_voice_en_20177507,,False
Ext-MSWC-martha-common_voice_en_20203511,,False
Ext-MSWC-martha-common_voice_en_20249996,,False
Ext-MSWC-martha-common_voice_en_202605,,False
Ext-MSWC-martha-common_voice_en_20285066,,False
Ext-MSWC-martha-common_voice_en_20382016,,False
Ext-MSWC-martha-common_voice_en_20409703,,False
Ext-MSWC-martha-common_voice_en_20610872,,False
Ext-MSWC-martha-common_voice_en_20822063,,False
Ext-MSWC-martha-common_voice_en_20823474,,False
Ext-MSWC-martha-common_voice_en_20856483,,False
Ext-MSWC-martha-common_voice_en_20951383,,False
Ext-MSWC-martha-common_voice_en_20961792,,False
Ext-MSWC-martha-common_voice_en_21019883,,False
Ext-MSWC-martha-common_voice_en_21024966,,False
Ext-MSWC-martha-common_voice_en_21346064,,False
Ext-MSWC-martha-common_voice_en_21504430,,False
Ext-MSWC-martha-common_voice_en_21504875,,False
Ext-MSWC-martha-common_voice_en_22027667,,False
Ext-MSWC-martha-common_voice_en_22033465,,False
Ext-MSWC-martha-common_voice_en_22167184,,False
Ext-MSWC-martha-common_voice_en_22230446,,False
Ext-MSWC-martha-common_voice_en_22336626,,False
Ext-MSWC-martha-common_voice_en_22433997,,False
Ext-MSWC-martha-common_voice_en_22448088,,False
Ext-MSWC-martha-common_voice_en_25871,,False
Ext-MSWC-martha-common_voice_en_30438,,False
Ext-MSWC-martha-common_voice_en_35897,,False
Ext-MSWC-martha-common_voice_en_38920,,False
Ext-MSWC-martha-common_voice_en_45345,,False
Ext-MSWC-martha-common_voice_en_47094,,False
Ext-MSWC-martha-common_voice_en_491007,,False
Ext-MSWC-martha-common_voice_en_497452,,False
Ext-MSWC-martha-common_voice_en_501763,,False
Ext-MSWC-martha-common_voice_en_516018,,False
Ext-MSWC-martha-common_voice_en_525391,,False
Ext-MSWC-martha-common_voice_en_528558,,False
Ext-MSWC-martha-common_voice_en_563740,,False
Ext-MSWC-martha-common_voice_en_565362,,False
Ext-MSWC-martha-common_voice_en_585242,,False
Ext-MSWC-martha-common_voice_en_601891,,False
Ext-MSWC-martha-common_voice_en_616346,,False
Ext-MSWC-martha-common_voice_en_625049,,False
Ext-MSWC-martha-common_voice_en_632164,,False
Ext-MSWC-martha-common_voice_en_633144,,False
Ext-MSWC-martha-common_voice_en_635563,,False
Ext-MSWC-martha-common_voice_en_63858,,False
Ext-MSWC-martha-common_voice_en_64001,,False
Ext-MSWC-martha-common_voice_en_644332,,False
Ext-MSWC-martha-common_voice_en_646215,,False
Ext-MSWC-martha-common_voice_en_646940,,False
Ext-MSWC-martha-common_voice_en_667708,,False
Ext-MSWC-martha-common_voice_en_674892,,False
Ext-MSWC-martha-common_voice_en_679039,,False
Ext-MSWC-martha-common_voice_en_684722,,False
Ext-MSWC-martha-common_voice_en_699518,,False
Ext-MSWC-martha-common_voice_en_91390,,False
Ext-MSWC-martha-common_voice_en_93197,,False
Ext-MSWC-martha-common_voice_en_97367,,False
Ext-MSWC-melt-common_voice_en_126307,,False
Ext-MSWC-melt-common_voice_en_16047695,,False
Ext-MSWC-melt-common_voice_en_16125631,,False
Ext-MSWC-melt-common_voice_en_17275394,,False
Ext-MSWC-melt-common_voice_en_17279431,,False
Ext-MSWC-melt-common_voice_en_17283719,,False
Ext-MSWC-melt-common_voice_en_17468037,,False
Ext-MSWC-melt-common_voice_en_17724649,,False
Ext-MSWC-melt-common_voice_en_17841741,,False
Ext-MSWC-melt-common_voice_en_17848052,,False
Ext-MSWC-melt-common_voice_en_17857029,,False
Ext-MSWC-melt-common_voice_en_17868938,,False
Ext-MSWC-melt-common_voice_en_17915184,,False
Ext-MSWC-melt-common_voice_en_17956915,,False
Ext-MSWC-melt-common_voice_en_17979011,,False
Ext-MSWC-melt-common_voice_en_18066238,,False
Ext-MSWC-melt-common_voice_en_18090918,,False
Ext-MSWC-melt-common_voice_en_18116601,,False
Ext-MSWC-melt-common_voice_en_18142369,,False
Ext-MSWC-melt-common_voice_en_18547447,,False
Ext-MSWC-melt-common_voice_en_18680636,,False
Ext-MSWC-melt-common_voice_en_18775448,,False
Ext-MSWC-melt-common_voice_en_18856284,,False
Ext-MSWC-melt-common_voice_en_18872781,,False
Ext-MSWC-melt-common_voice_en_18954208,,False
Ext-MSWC-melt-common_voice_en_18974420,,False
Ext-MSWC-melt-common_voice_en_19125183,,False
Ext-MSWC-melt-common_voice_en_19318418,,False
Ext-MSWC-melt-common_voice_en_19751558,,False
Ext-MSWC-melt-common_voice_en_19769405,,False
Ext-MSWC-melt-common_voice_en_19820362,,False
Ext-MSWC-melt-common_voice_en_19980659,,False
Ext-MSWC-melt-common_voice_en_20027234,,False
Ext-MSWC-melt-common_voice_en_20176329__2,,False
Ext-MSWC-melt-common_voice_en_20184170,,False
Ext-MSWC-melt-common_voice_en_20531808,,False
Ext-MSWC-melt-common_voice_en_20863852,,False
Ext-MSWC-melt-common_voice_en_20882385,,False
Ext-MSWC-melt-common_voice_en_21101872,,False
Ext-MSWC-melt-common_voice_en_21379465,,False
Ext-MSWC-melt-common_voice_en_21764416,,False
Ext-MSWC-melt-common_voice_en_22160007,,False
Ext-MSWC-melt-common_voice_en_22296500,,False
Ext-MSWC-melt-common_voice_en_22328950,,False
Ext-MSWC-melt-common_voice_en_22448582,,False
Ext-MSWC-melt-common_voice_en_285750,,False
Ext-MSWC-melt-common_voice_en_374396,,False
Ext-MSWC-melt-common_voice_en_472667,,False
Ext-MSWC-melt-common_voice_en_558009,,False
Ext-MSWC-melt-common_voice_en_581309,,False
Ext-MSWC-melt-common_voice_en_9850412,,False
Ext-MSWC-michelle-common_voice_en_15733840,,False
Ext-MSWC-michelle-common_voice_en_15734838,,False
Ext-MSWC-michelle-common_voice_en_17147305,,False
Ext-MSWC-michelle-common_voice_en_17246605,,False
Ext-MSWC-michelle-common_voice_en_17247423,,False
Ext-MSWC-michelle-common_voice_en_17248424,,False
Ext-MSWC-michelle-common_voice_en_17252688,,False
Ext-MSWC-michelle-common_voice_en_17254294,,False
Ext-MSWC-michelle-common_voice_en_17254500,,False
Ext-MSWC-michelle-common_voice_en_17254782,,False
Ext-MSWC-michelle-common_voice_en_17255590,,False
Ext-MSWC-michelle-common_voice_en_17256045,,False
Ext-MSWC-michelle-common_voice_en_17257290,,False
Ext-MSWC-michelle-common_voice_en_17259290,,False
Ext-MSWC-michelle-common_voice_en_17260224,,False
Ext-MSWC-michelle-common_voice_en_17260929,,False
Ext-MSWC-michelle-common_voice_en_17261527,,False
Ext-MSWC-michelle-common_voice_en_17263974,,False
Ext-MSWC-michelle-common_voice_en_17264331,,False
Ext-MSWC-michelle-common_voice_en_17268115,,False
Ext-MSWC-michelle-common_voice_en_17269718,,False
Ext-MSWC-michelle-common_voice_en_17270291,,False
Ext-MSWC-michelle-common_voice_en_17273022,,False
Ext-MSWC-michelle-common_voice_en_17273808,,False
Ext-MSWC-michelle-common_voice_en_17278743,,False
Ext-MSWC-michelle-common_voice_en_17282547,,False
Ext-MSWC-michelle-common_voice_en_17285488,,False
Ext-MSWC-michelle-common_voice_en_17287282,,False
Ext-MSWC-michelle-common_voice_en_17290085,,False
Ext-MSWC-michelle-common_voice_en_17290556,,False
Ext-MSWC-michelle-common_voice_en_17291216,,False
Ext-MSWC-michelle-common_voice_en_17293082,,False
Ext-MSWC-michelle-common_voice_en_17295160,,False
Ext-MSWC-michelle-common_voice_en_17340746,,False
Ext-MSWC-michelle-common_voice_en_17345893,,False
Ext-MSWC-michelle-common_voice_en_17365787,,False
Ext-MSWC-michelle-common_voice_en_17384780,,False
Ext-MSWC-michelle-common_voice_en_17385027,,False
Ext-MSWC-michelle-common_voice_en_17385373,,False
Ext-MSWC-michelle-common_voice_en_17386592,,False
Ext-MSWC-michelle-common_voice_en_17387397,,False
Ext-MSWC-michelle-common_voice_en_17390337,,False
Ext-MSWC-michelle-common_voice_en_17390999,,False
Ext-MSWC-michelle-common_voice_en_17393711,,False
Ext-MSWC-michelle-common_voice_en_17405337,,False
Ext-MSWC-michelle-common_voice_en_17411295,,False
Ext-MSWC-michelle-common_voice_en_17412341,,False
Ext-MSWC-michelle-common_voice_en_17413307,,False
Ext-MSWC-michelle-common_voice_en_17511470,,False
Ext-MSWC-michelle-common_voice_en_17551092,,False
Ext-MSWC-michelle-common_voice_en_17645719,,False
Ext-MSWC-michelle-common_voice_en_17718634,,False
Ext-MSWC-michelle-common_voice_en_17793015,,False
Ext-MSWC-michelle-common_voice_en_17847576,,False
Ext-MSWC-michelle-common_voice_en_17867840,,False
Ext-MSWC-michelle-common_voice_en_17885182,,False
Ext-MSWC-michelle-common_voice_en_17946142,,False
Ext-MSWC-michelle-common_voice_en_17966061,,False
Ext-MSWC-michelle-common_voice_en_18007182,,False
Ext-MSWC-michelle-common_voice_en_18017938,,False
Ext-MSWC-michelle-common_voice_en_18099128,,False
Ext-MSWC-michelle-common_voice_en_18136754,,False
Ext-MSWC-michelle-common_voice_en_18138728,,False
Ext-MSWC-michelle-common_voice_en_18790646,,False
Ext-MSWC-michelle-common_voice_en_18825734,,False
Ext-MSWC-michelle-common_voice_en_19014237,,False
Ext-MSWC-michelle-common_voice_en_19032381,,False
Ext-MSWC-michelle-common_voice_en_19151148,,False
Ext-MSWC-michelle-common_voice_en_19195895,,False
Ext-MSWC-michelle-common_voice_en_19201106,,False
Ext-MSWC-michelle-common_voice_en_19260590,,False
Ext-MSWC-michelle-common_voice_en_19288430,,False
Ext-MSWC-michelle-common_voice_en_19546272,,False
Ext-MSWC-michelle-common_voice_en_19573610,,False
Ext-MSWC-michelle-common_voice_en_19589474,,False
Ext-MSWC-michelle-common_voice_en_19595920,,False
Ext-MSWC-michelle-common_voice_en_19654252,,False
Ext-MSWC-michelle-common_voice_en_19689575,,False
Ext-MSWC-michelle-common_voice_en_19715329,,False
Ext-MSWC-michelle-common_voice_en_19777957,,False
Ext-MSWC-michelle-common_voice_en_19997032,,False
Ext-MSWC-michelle-common_voice_en_20050589,,False
Ext-MSWC-michelle-common_voice_en_20068603,,False
Ext-MSWC-michelle-common_voice_en_20069345,,False
Ext-MSWC-michelle-common_voice_en_20148053,,False
Ext-MSWC-michelle-common_voice_en_20285486,,False
Ext-MSWC-michelle-common_voice_en_203811,,False
Ext-MSWC-michelle-common_voice_en_20524800,,False
Ext-MSWC-michelle-common_voice_en_20733659,,False
Ext-MSWC-michelle-common_voice_en_20736505,,False
Ext-MSWC-michelle-common_voice_en_20767922,,False
Ext-MSWC-michelle-common_voice_en_20785809,,False
Ext-MSWC-michelle-common_voice_en_20802986,,False
Ext-MSWC-michelle-common_voice_en_20864346,,False
Ext-MSWC-michelle-common_voice_en_21305802,,False
Ext-MSWC-michelle-common_voice_en_21437331,,False
Ext-MSWC-michelle-common_voice_en_21447178,,False
Ext-MSWC-michelle-common_voice_en_22044035,,False
Ext-MSWC-michelle-common_voice_en_22344256,,False
Ext-MSWC-michelle-common_voice_en_33857,,False
Ext-MSWC-michelle-common_voice_en_420664,,False
Ext-MSWC-michelle-common_voice_en_461677,,False
Ext-MSWC-michelle-common_voice_en_483682,,False
Ext-MSWC-michelle-common_voice_en_489723,,False
Ext-MSWC-michelle-common_voice_en_525722,,False
Ext-MSWC-michelle-common_voice_en_5559093,,False
Ext-MSWC-michelle-common_voice_en_573829,,False
Ext-MSWC-michelle-common_voice_en_583634,,False
Ext-MSWC-michelle-common_voice_en_74795,,False
Ext-MSWC-pelt-common_voice_en_18563829,,False
Ext-MSWC-pelt-common_voice_en_18605033,,False
Ext-MSWC-pelt-common_voice_en_18652367,,False
Ext-MSWC-pelt-common_voice_en_19010435,,False
Ext-MSWC-pelt-common_voice_en_19612393,,False
Ext-MSWC-pelt-common_voice_en_22160170,,False
Ext-MSWC-salt-common_voice_en_105405,,False
Ext-MSWC-salt-common_voice_en_11220932,,False
Ext-MSWC-salt-common_voice_en_114681,,False
Ext-MSWC-salt-common_voice_en_115892,,False
Ext-MSWC-salt-common_voice_en_12101,,False
Ext-MSWC-salt-common_voice_en_129564,,False
Ext-MSWC-salt-common_voice_en_13200,,False
Ext-MSWC-salt-common_voice_en_14284825,,False
Ext-MSWC-salt-common_voice_en_144152,,False
Ext-MSWC-salt-common_voice_en_144177,,False
Ext-MSWC-salt-common_voice_en_14519,,False
Ext-MSWC-salt-common_voice_en_145802,,False
Ext-MSWC-salt-common_voice_en_149090,,False
Ext-MSWC-salt-common_voice_en_151484,,False
Ext-MSWC-salt-common_voice_en_15592954,,False
Ext-MSWC-salt-common_voice_en_15733507,,False
Ext-MSWC-salt-common_voice_en_15734784,,False
Ext-MSWC-salt-common_voice_en_15904324,,False
Ext-MSWC-salt-common_voice_en_159087,,False
Ext-MSWC-salt-common_voice_en_16048066,,False
Ext-MSWC-salt-common_voice_en_160741,,False
Ext-MSWC-salt-common_voice_en_16665789,,False
Ext-MSWC-salt-common_voice_en_168135,,False
Ext-MSWC-salt-common_voice_en_173438,,False
Ext-MSWC-salt-common_voice_en_17448462,,False
Ext-MSWC-salt-common_voice_en_17788917,,False
Ext-MSWC-salt-common_voice_en_17801220,,False
Ext-MSWC-salt-common_voice_en_17816538,,False
Ext-MSWC-salt-common_voice_en_178223,,False
Ext-MSWC-salt-common_voice_en_17851615,,False
Ext-MSWC-salt-common_voice_en_17871532,,False
Ext-MSWC-salt-common_voice_en_17887816,,False
Ext-MSWC-salt-common_voice_en_17915196,,False
Ext-MSWC-salt-common_voice_en_17944471,,False
Ext-MSWC-salt-common_voice_en_17956047,,False
Ext-MSWC-salt-common_voice_en_17957447,,False
Ext-MSWC-salt-common_voice_en_18066026,,False
Ext-MSWC-salt-common_voice_en_18095301,,False
Ext-MSWC-salt-common_voice_en_18136107,,False
Ext-MSWC-salt-common_voice_en_181390,,False
Ext-MSWC-salt-common_voice_en_18139057,,False
Ext-MSWC-salt-common_voice_en_18155246,,False
Ext-MSWC-salt-common_voice_en_18167301,,False
Ext-MSWC-salt-common_voice_en_18300790,,False
Ext-MSWC-salt-common_voice_en_18315204,,False
Ext-MSWC-salt-common_voice_en_183993,,False
Ext-MSWC-salt-common_voice_en_18429748,,False
Ext-MSWC-salt-common_voice_en_18451493,,False
Ext-MSWC-salt-common_voice_en_18494069,,False
Ext-MSWC-salt-common_voice_en_18510842,,False
Ext-MSWC-salt-common_voice_en_18512405,,False
Ext-MSWC-salt-common_voice_en_18616879,,False
Ext-MSWC-salt-common_voice_en_186210,,False
Ext-MSWC-salt-common_voice_en_18680748,,False
Ext-MSWC-salt-common_voice_en_18780736,,False
Ext-MSWC-salt-common_voice_en_18831347,,False
Ext-MSWC-salt-common_voice_en_1884862,,False
Ext-MSWC-salt-common_voice_en_18863062,,False
Ext-MSWC-salt-common_voice_en_18892561,,False
Ext-MSWC-salt-common_voice_en_18898174,,False
Ext-MSWC-salt-common_voice_en_18932030,,False
Ext-MSWC-salt-common_voice_en_18954872,,False
Ext-MSWC-salt-common_voice_en_18961910,,False
Ext-MSWC-salt-common_voice_en_19034651,,False
Ext-MSWC-salt-common_voice_en_19051083,,False
Ext-MSWC-salt-common_voice_en_19060146,,False
Ext-MSWC-salt-common_voice_en_19091069,,False
Ext-MSWC-salt-common_voice_en_19125646,,False
Ext-MSWC-salt-common_voice_en_19135994,,False
Ext-MSWC-salt-common_voice_en_19137835,,False
Ext-MSWC-salt-common_voice_en_19198967,,False
Ext-MSWC-salt-common_voice_en_19214651,,False
Ext-MSWC-salt-common_voice_en_19258255,,False
Ext-MSWC-salt-common_voice_en_19318418,,False
Ext-MSWC-salt-common_voice_en_193191,,False
Ext-MSWC-salt-common_voice_en_19331370,,False
Ext-MSWC-salt-common_voice_en_19339152,,False
Ext-MSWC-salt-common_voice_en_19358859,,False
Ext-MSWC-salt-common_voice_en_19419187,,False
Ext-MSWC-salt-common_voice_en_19463906,,False
Ext-MSWC-salt-common_voice_en_19466497,,False
Ext-MSWC-salt-common_voice_en_195194,,False
Ext-MSWC-salt-common_voice_en_19533807,,False
Ext-MSWC-salt-common_voice_en_19536602,,False
Ext-MSWC-salt-common_voice_en_19540741,,False
Ext-MSWC-salt-common_voice_en_19541529,,False
Ext-MSWC-salt-common_voice_en_19640401,,False
Ext-MSWC-salt-common_voice_en_19640411,,False
Ext-MSWC-salt-common_voice_en_19648505__2,,False
Ext-MSWC-salt-common_voice_en_19649315,,False
Ext-MSWC-salt-common_voice_en_19669558,,False
Ext-MSWC-salt-common_voice_en_196855,,False
Ext-MSWC-salt-common_voice_en_19687208,,False
Ext-MSWC-salt-common_voice_en_19695885,,False
Ext-MSWC-salt-common_voice_en_19700745,,False
Ext-MSWC-salt-common_voice_en_19703619,,False
Ext-MSWC-salt-common_voice_en_19706706,,False
Ext-MSWC-salt-common_voice_en_19734635,,False
Ext-MSWC-salt-common_voice_en_19741480,,False
Ext-MSWC-salt-common_voice_en_19746006,,False
Ext-MSWC-salt-common_voice_en_19758027,,False
Ext-MSWC-salt-common_voice_en_19762280,,False
Ext-MSWC-salt-common_voice_en_19770382,,False
Ext-MSWC-salt-common_voice_en_19783958,,False
Ext-MSWC-salt-common_voice_en_19800691,,False
Ext-MSWC-salt-common_voice_en_19806759,,False
Ext-MSWC-salt-common_voice_en_19814096,,False
Ext-MSWC-salt-common_voice_en_19814829,,False
Ext-MSWC-salt-common_voice_en_19821928,,False
Ext-MSWC-salt-common_voice_en_19843576,,False
Ext-MSWC-salt-common_voice_en_19850800,,False
Ext-MSWC-salt-common_voice_en_19909577,,False
Ext-MSWC-salt-common_voice_en_19944535,,False
Ext-MSWC-salt-common_voice_en_19947317,,False
Ext-MSWC-salt-common_voice_en_19947921,,False
Ext-MSWC-salt-common_voice_en_19969419,,False
Ext-MSWC-salt-common_voice_en_19982288,,False
Ext-MSWC-salt-common_voice_en_20076845,,False
Ext-MSWC-salt-common_voice_en_20087872,,False
Ext-MSWC-salt-common_voice_en_20089366,,False
Ext-MSWC-salt-common_voice_en_20112121,,False
Ext-MSWC-salt-common_voice_en_20120546,,False
Ext-MSWC-salt-common_voice_en_20135786,,False
Ext-MSWC-salt-common_voice_en_20162851,,False
Ext-MSWC-salt-common_voice_en_20164677,,False
Ext-MSWC-salt-common_voice_en_20174134,,False
Ext-MSWC-salt-common_voice_en_20178161,,False
Ext-MSWC-salt-common_voice_en_20216213,,False
Ext-MSWC-salt-common_voice_en_20245004,,False
Ext-MSWC-salt-common_voice_en_20261252,,False
Ext-MSWC-salt-common_voice_en_20261781,,False
Ext-MSWC-salt-common_voice_en_20284708,,False
Ext-MSWC-salt-common_voice_en_20301617__2,,False
Ext-MSWC-salt-common_voice_en_20308231,,False
Ext-MSWC-salt-common_voice_en_20310334,,False
Ext-MSWC-salt-common_voice_en_20326257,,False
Ext-MSWC-salt-common_voice_en_20339,,False
Ext-MSWC-salt-common_voice_en_20339638,,False
Ext-MSWC-salt-common_voice_en_20411262,,False
Ext-MSWC-salt-common_voice_en_20413659,,False
Ext-MSWC-salt-common_voice_en_20514271,,False
Ext-MSWC-salt-common_voice_en_20601457,,False
Ext-MSWC-salt-common_voice_en_206740,,False
Ext-MSWC-salt-common_voice_en_20698470,,False
Ext-MSWC-salt-common_voice_en_206988,,False
Ext-MSWC-salt-common_voice_en_20765740,,False
Ext-MSWC-salt-common_voice_en_20768383,,False
Ext-MSWC-salt-common_voice_en_20796163,,False
Ext-MSWC-salt-common_voice_en_20812,,False
Ext-MSWC-salt-common_voice_en_20828926,,False
Ext-MSWC-salt-common_voice_en_20831024,,False
Ext-MSWC-salt-common_voice_en_20866796,,False
Ext-MSWC-salt-common_voice_en_20884000,,False
Ext-MSWC-salt-common_voice_en_20888486,,False
Ext-MSWC-salt-common_voice_en_20901605,,False
Ext-MSWC-salt-common_voice_en_20919870,,False
Ext-MSWC-salt-common_voice_en_20961192,,False
Ext-MSWC-salt-common_voice_en_20966513,,False
Ext-MSWC-salt-common_voice_en_20969686,,False
Ext-MSWC-salt-common_voice_en_20984111,,False
Ext-MSWC-salt-common_voice_en_20990315,,False
Ext-MSWC-salt-common_voice_en_21091067__2,,False
Ext-MSWC-salt-common_voice_en_21092336,,False
Ext-MSWC-salt-common_voice_en_21303894,,False
Ext-MSWC-salt-common_voice_en_21306760,,False
Ext-MSWC-salt-common_voice_en_21306986,,False
Ext-MSWC-salt-common_voice_en_21326893,,False
Ext-MSWC-salt-common_voice_en_21341967,,False
Ext-MSWC-salt-common_voice_en_21372744,,False
Ext-MSWC-salt-common_voice_en_213776,,False
Ext-MSWC-salt-common_voice_en_213809,,False
Ext-MSWC-salt-common_voice_en_21389163,,False
Ext-MSWC-salt-common_voice_en_21400024,,False
Ext-MSWC-salt-common_voice_en_21408377,,False
Ext-MSWC-salt-common_voice_en_21410793,,False
Ext-MSWC-salt-common_voice_en_21437576,,False
Ext-MSWC-salt-common_voice_en_21587827,,False
Ext-MSWC-salt-common_voice_en_21665577,,False
Ext-MSWC-salt-common_voice_en_21721594,,False
Ext-MSWC-salt-common_voice_en_217430,,False
Ext-MSWC-salt-common_voice_en_21754070,,False
Ext-MSWC-salt-common_voice_en_21891925,,False
Ext-MSWC-salt-common_voice_en_21913518,,False
Ext-MSWC-salt-common_voice_en_21944498,,False
Ext-MSWC-salt-common_voice_en_21946929,,False
Ext-MSWC-salt-common_voice_en_21949885,,False
Ext-MSWC-salt-common_voice_en_22047627,,False
Ext-MSWC-salt-common_voice_en_221161,,False
Ext-MSWC-salt-common_voice_en_22132960,,False
Ext-MSWC-salt-common_voice_en_222085,,False
Ext-MSWC-salt-common_voice_en_22272395,,False
Ext-MSWC-salt-common_voice_en_22299216,,False
Ext-MSWC-salt-common_voice_en_22344488,,False
Ext-MSWC-salt-common_voice_en_22371740,,False
Ext-MSWC-salt-common_voice_en_22434842,,False
Ext-MSWC-salt-common_voice_en_22449618,,False
Ext-MSWC-salt-common_voice_en_2310,,False
Ext-MSWC-salt-common_voice_en_2354666,,False
Ext-MSWC-salt-common_voice_en_2496151,,False
Ext-MSWC-salt-common_voice_en_279145,,False
Ext-MSWC-salt-common_voice_en_2942,,False
Ext-MSWC-salt-common_voice_en_301760,,False
Ext-MSWC-salt-common_voice_en_302196,,False
Ext-MSWC-salt-common_voice_en_312029,,False
Ext-MSWC-salt-common_voice_en_312994,,False
Ext-MSWC-salt-common_voice_en_33922,,False
Ext-MSWC-salt-common_voice_en_34383,,False
Ext-MSWC-salt-common_voice_en_365347,,False
Ext-MSWC-salt-common_voice_en_37346,,False
Ext-MSWC-salt-common_voice_en_40680,,False
Ext-MSWC-salt-common_voice_en_408708,,False
Ext-MSWC-salt-common_voice_en_424057,,False
Ext-MSWC-salt-common_voice_en_426247,,False
Ext-MSWC-salt-common_voice_en_43833,,False
Ext-MSWC-salt-common_voice_en_45212,,False
Ext-MSWC-salt-common_voice_en_476453,,False
Ext-MSWC-salt-common_voice_en_478449,,False
Ext-MSWC-salt-common_voice_en_480322,,False
Ext-MSWC-salt-common_voice_en_482354,,False
Ext-MSWC-salt-common_voice_en_482968,,False
Ext-MSWC-salt-common_voice_en_484090,,False
Ext-MSWC-salt-common_voice_en_489759,,False
Ext-MSWC-salt-common_voice_en_499085,,False
Ext-MSWC-salt-common_voice_en_502483,,False
Ext-MSWC-salt-common_voice_en_505905,,False
Ext-MSWC-salt-common_voice_en_50899,,False
Ext-MSWC-salt-common_voice_en_511959,,False
Ext-MSWC-salt-common_voice_en_512931,,False
Ext-MSWC-salt-common_voice_en_519633,,False
Ext-MSWC-salt-common_voice_en_52446,,False
Ext-MSWC-salt-common_voice_en_525836,,False
Ext-MSWC-salt-common_voice_en_528568,,False
Ext-MSWC-salt-common_voice_en_534761,,False
Ext-MSWC-salt-common_voice_en_535867,,False
Ext-MSWC-salt-common_voice_en_53811,,False
Ext-MSWC-salt-common_voice_en_540716,,False
Ext-MSWC-salt-common_voice_en_541982,,False
Ext-MSWC-salt-common_voice_en_543169,,False
Ext-MSWC-salt-common_voice_en_553765,,False
Ext-MSWC-salt-common_voice_en_556884,,False
Ext-MSWC-salt-common_voice_en_560114,,False
Ext-MSWC-salt-common_voice_en_56029,,False
Ext-MSWC-salt-common_voice_en_56384,,False
Ext-MSWC-salt-common_voice_en_571667,,False
Ext-MSWC-salt-common_voice_en_579854,,False
Ext-MSWC-salt-common_voice_en_586202,,False
Ext-MSWC-salt-common_voice_en_586797,,False
Ext-MSWC-salt-common_voice_en_587182,,False
Ext-MSWC-salt-common_voice_en_58806,,False
Ext-MSWC-salt-common_voice_en_589034,,False
Ext-MSWC-salt-common_voice_en_589302,,False
Ext-MSWC-salt-common_voice_en_595488,,False
Ext-MSWC-salt-common_voice_en_595650,,False
Ext-MSWC-salt-common_voice_en_599839,,False
Ext-MSWC-salt-common_voice_en_600231,,False
Ext-MSWC-salt-common_voice_en_60096,,False
Ext-MSWC-salt-common_voice_en_601148,,False
Ext-MSWC-salt-common_voice_en_602664,,False
Ext-MSWC-salt-common_voice_en_606023,,False
Ext-MSWC-salt-common_voice_en_617860,,False
Ext-MSWC-salt-common_voice_en_620372,,False
Ext-MSWC-salt-common_voice_en_622073,,False
Ext-MSWC-salt-common_voice_en_622705,,False
Ext-MSWC-salt-common_voice_en_630949,,False
Ext-MSWC-salt-common_voice_en_633293,,False
Ext-MSWC-salt-common_voice_en_636183,,False
Ext-MSWC-salt-common_voice_en_636301,,False
Ext-MSWC-salt-common_voice_en_639947,,False
Ext-MSWC-salt-common_voice_en_647878,,False
Ext-MSWC-salt-common_voice_en_651064,,False
Ext-MSWC-salt-common_voice_en_65387,,False
Ext-MSWC-salt-common_voice_en_65950,,False
Ext-MSWC-salt-common_voice_en_659842,,False
Ext-MSWC-salt-common_voice_en_661921,,False
Ext-MSWC-salt-common_voice_en_662731,,False
Ext-MSWC-salt-common_voice_en_667391,,False
Ext-MSWC-salt-common_voice_en_669192,,False
Ext-MSWC-salt-common_voice_en_670917,,False
Ext-MSWC-salt-common_voice_en_679922,,False
Ext-MSWC-salt-common_voice_en_680272,,False
Ext-MSWC-salt-common_voice_en_680386,,False
Ext-MSWC-salt-common_voice_en_680434,,False
Ext-MSWC-salt-common_voice_en_681839,,False
Ext-MSWC-salt-common_voice_en_685700,,False
Ext-MSWC-salt-common_voice_en_685800,,False
Ext-MSWC-salt-common_voice_en_690420,,False
Ext-MSWC-salt-common_voice_en_6923099,,False
Ext-MSWC-salt-common_voice_en_699122,,False
Ext-MSWC-salt-common_voice_en_69997,,False
Ext-MSWC-salt-common_voice_en_70869,,False
Ext-MSWC-salt-common_voice_en_72072,,False
Ext-MSWC-salt-common_voice_en_7556875,,False
Ext-MSWC-salt-common_voice_en_80014,,False
Ext-MSWC-salt-common_voice_en_84895,,False
Ext-MSWC-salt-common_voice_en_86264,,False
Ext-MSWC-salt-common_voice_en_86972,,False
Ext-MSWC-salt-common_voice_en_8750389,,False
Ext-MSWC-salt-common_voice_en_90556,,False
Ext-MSWC-salt-common_voice_en_96559,,False
Ext-MSWC-salt-common_voice_en_99582,,False
Ext-MSWC-shelter-common_voice_en_10158,,False
Ext-MSWC-shelter-common_voice_en_129328,,False
Ext-MSWC-shelter-common_voice_en_1344651,,False
Ext-MSWC-shelter-common_voice_en_13688105,,False
Ext-MSWC-shelter-common_voice_en_1479165,,False
Ext-MSWC-shelter-common_voice_en_1529938,,False
Ext-MSWC-shelter-common_voice_en_15473810,,False
Ext-MSWC-shelter-common_voice_en_15734535,,False
Ext-MSWC-shelter-common_voice_en_16047454,,False
Ext-MSWC-shelter-common_voice_en_17147817,,False
Ext-MSWC-shelter-common_voice_en_17246538,,False
Ext-MSWC-shelter-common_voice_en_17247904,,False
Ext-MSWC-shelter-common_voice_en_17249665,,False
Ext-MSWC-shelter-common_voice_en_17250227,,False
Ext-MSWC-shelter-common_voice_en_17251723,,False
Ext-MSWC-shelter-common_voice_en_17254428,,False
Ext-MSWC-shelter-common_voice_en_17257666,,False
Ext-MSWC-shelter-common_voice_en_17259157,,False
Ext-MSWC-shelter-common_voice_en_17260318,,False
Ext-MSWC-shelter-common_voice_en_17260598,,False
Ext-MSWC-shelter-common_voice_en_17261850,,False
Ext-MSWC-shelter-common_voice_en_17267543,,False
Ext-MSWC-shelter-common_voice_en_17268287,,False
Ext-MSWC-shelter-common_voice_en_17269787,,False
Ext-MSWC-shelter-common_voice_en_17270358,,False
Ext-MSWC-shelter-common_voice_en_17273838,,False
Ext-MSWC-shelter-common_voice_en_17274424,,False
Ext-MSWC-shelter-common_voice_en_17276207,,False
Ext-MSWC-shelter-common_voice_en_17276932,,False
Ext-MSWC-shelter-common_voice_en_17277174,,False
Ext-MSWC-shelter-common_voice_en_17278151,,False
Ext-MSWC-shelter-common_voice_en_17285476,,False
Ext-MSWC-shelter-common_voice_en_17286644,,False
Ext-MSWC-shelter-common_voice_en_17297919,,False
Ext-MSWC-shelter-common_voice_en_17317894,,False
Ext-MSWC-shelter-common_voice_en_17319980,,False
Ext-MSWC-shelter-common_voice_en_17329587,,False
Ext-MSWC-shelter-common_voice_en_17332646,,False
Ext-MSWC-shelter-common_voice_en_17355181,,False
Ext-MSWC-shelter-common_voice_en_17362567,,False
Ext-MSWC-shelter-common_voice_en_17389475,,False
Ext-MSWC-shelter-common_voice_en_17392487,,False
Ext-MSWC-shelter-common_voice_en_17392739,,False
Ext-MSWC-shelter-common_voice_en_17392908,,False
Ext-MSWC-shelter-common_voice_en_17394463,,False
Ext-MSWC-shelter-common_voice_en_17398952,,False
Ext-MSWC-shelter-common_voice_en_17400159,,False
Ext-MSWC-shelter-common_voice_en_17408293,,False
Ext-MSWC-shelter-common_voice_en_17436992,,False
Ext-MSWC-shelter-common_voice_en_17440989,,False
Ext-MSWC-shelter-common_voice_en_17451388,,False
Ext-MSWC-shelter-common_voice_en_17452957,,False
Ext-MSWC-shelter-common_voice_en_17493649,,False
Ext-MSWC-shelter-common_voice_en_17503151,,False
Ext-MSWC-shelter-common_voice_en_17520260,,False
Ext-MSWC-shelter-common_voice_en_17520898,,False
Ext-MSWC-shelter-common_voice_en_17560828,,False
Ext-MSWC-shelter-common_voice_en_17562159,,False
Ext-MSWC-shelter-common_voice_en_17562495,,False
Ext-MSWC-shelter-common_voice_en_17572389,,False
Ext-MSWC-shelter-common_voice_en_17653154,,False
Ext-MSWC-shelter-common_voice_en_17658386,,False
Ext-MSWC-shelter-common_voice_en_17666418,,False
Ext-MSWC-shelter-common_voice_en_17793651,,False
Ext-MSWC-shelter-common_voice_en_17811899,,False
Ext-MSWC-shelter-common_voice_en_17812785,,False
Ext-MSWC-shelter-common_voice_en_17869653,,False
Ext-MSWC-shelter-common_voice_en_17910534,,False
Ext-MSWC-shelter-common_voice_en_17922695,,False
Ext-MSWC-shelter-common_voice_en_17941319,,False
Ext-MSWC-shelter-common_voice_en_18008698,,False
Ext-MSWC-shelter-common_voice_en_18016822,,False
Ext-MSWC-shelter-common_voice_en_18025085,,False
Ext-MSWC-shelter-common_voice_en_18033963,,False
Ext-MSWC-shelter-common_voice_en_18034652,,False
Ext-MSWC-shelter-common_voice_en_18060318,,False
Ext-MSWC-shelter-common_voice_en_18060638,,False
Ext-MSWC-shelter-common_voice_en_18075517,,False
Ext-MSWC-shelter-common_voice_en_18095160,,False
Ext-MSWC-shelter-common_voice_en_18112536,,False
Ext-MSWC-shelter-common_voice_en_18115207,,False
Ext-MSWC-shelter-common_voice_en_18124759,,False
Ext-MSWC-shelter-common_voice_en_18142507,,False
Ext-MSWC-shelter-common_voice_en_18754781,,False
Ext-MSWC-shelter-common_voice_en_18785405,,False
Ext-MSWC-shelter-common_voice_en_18800385,,False
Ext-MSWC-shelter-common_voice_en_18812781,,False
Ext-MSWC-shelter-common_voice_en_18827599,,False
Ext-MSWC-shelter-common_voice_en_18839599,,False
Ext-MSWC-shelter-common_voice_en_18841355,,False
Ext-MSWC-shelter-common_voice_en_18866873,,False
Ext-MSWC-shelter-common_voice_en_18880488,,False
Ext-MSWC-shelter-common_voice_en_18940491,,False
Ext-MSWC-shelter-common_voice_en_18989774,,False
Ext-MSWC-shelter-common_voice_en_18995364,,False
Ext-MSWC-shelter-common_voice_en_19020499,,False
Ext-MSWC-shelter-common_voice_en_19085368,,False
Ext-MSWC-shelter-common_voice_en_19092425,,False
Ext-MSWC-shelter-common_voice_en_19099860,,False
Ext-MSWC-shelter-common_voice_en_19182977,,False
Ext-MSWC-shelter-common_voice_en_19188227,,False
Ext-MSWC-shelter-common_voice_en_19357176,,False
Ext-MSWC-shelter-common_voice_en_193749,,False
Ext-MSWC-shelter-common_voice_en_19453428,,False
Ext-MSWC-shelter-common_voice_en_19500558,,False
Ext-MSWC-shelter-common_voice_en_19539667,,False
Ext-MSWC-shelter-common_voice_en_19580110,,False
Ext-MSWC-shelter-common_voice_en_19588705,,False
Ext-MSWC-shelter-common_voice_en_19614685,,False
Ext-MSWC-shelter-common_voice_en_196568,,False
Ext-MSWC-shelter-common_voice_en_19666249,,False
Ext-MSWC-shelter-common_voice_en_19672154,,False
Ext-MSWC-shelter-common_voice_en_19685382,,False
Ext-MSWC-shelter-common_voice_en_19703104,,False
Ext-MSWC-shelter-common_voice_en_19730743,,False
Ext-MSWC-shelter-common_voice_en_19738338,,False
Ext-MSWC-shelter-common_voice_en_19754315,,False
Ext-MSWC-shelter-common_voice_en_19755350,,False
Ext-MSWC-shelter-common_voice_en_19795384,,False
Ext-MSWC-shelter-common_voice_en_19867635,,False
Ext-MSWC-shelter-common_voice_en_19955647,,False
Ext-MSWC-shelter-common_voice_en_200179,,False
Ext-MSWC-shelter-common_voice_en_20050091,,False
Ext-MSWC-shelter-common_voice_en_20075191,,False
Ext-MSWC-shelter-common_voice_en_20116360,,False
Ext-MSWC-shelter-common_voice_en_20226868,,False
Ext-MSWC-shelter-common_voice_en_20228799,,False
Ext-MSWC-shelter-common_voice_en_20272377,,False
Ext-MSWC-shelter-common_voice_en_20297863,,False
Ext-MSWC-shelter-common_voice_en_20416362,,False
Ext-MSWC-shelter-common_voice_en_20454391,,False
Ext-MSWC-shelter-common_voice_en_20730653,,False
Ext-MSWC-shelter-common_voice_en_20791692,,False
Ext-MSWC-shelter-common_voice_en_20817842,,False
Ext-MSWC-shelter-common_voice_en_20831053,,False
Ext-MSWC-shelter-common_voice_en_208541,,False
Ext-MSWC-shelter-common_voice_en_20912653,,False
Ext-MSWC-shelter-common_voice_en_20927312,,False
Ext-MSWC-shelter-common_voice_en_20976666,,False
Ext-MSWC-shelter-common_voice_en_20990326,,False
Ext-MSWC-shelter-common_voice_en_21004836,,False
Ext-MSWC-shelter-common_voice_en_21255030,,False
Ext-MSWC-shelter-common_voice_en_21268249,,False
Ext-MSWC-shelter-common_voice_en_21275048,,False
Ext-MSWC-shelter-common_voice_en_21277008,,False
Ext-MSWC-shelter-common_voice_en_21283097,,False
Ext-MSWC-shelter-common_voice_en_21314787,,False
Ext-MSWC-shelter-common_voice_en_21378674,,False
Ext-MSWC-shelter-common_voice_en_214637,,False
Ext-MSWC-shelter-common_voice_en_21475218,,False
Ext-MSWC-shelter-common_voice_en_21535235,,False
Ext-MSWC-shelter-common_voice_en_21638759,,False
Ext-MSWC-shelter-common_voice_en_21690160,,False
Ext-MSWC-shelter-common_voice_en_21717142,,False
Ext-MSWC-shelter-common_voice_en_21827007,,False
Ext-MSWC-shelter-common_voice_en_21884992,,False
Ext-MSWC-shelter-common_voice_en_21943461,,False
Ext-MSWC-shelter-common_voice_en_22130274,,False
Ext-MSWC-shelter-common_voice_en_22151350,,False
Ext-MSWC-shelter-common_voice_en_22312004,,False
Ext-MSWC-shelter-common_voice_en_22315953,,False
Ext-MSWC-shelter-common_voice_en_22431103,,False
Ext-MSWC-shelter-common_voice_en_2333879,,False
Ext-MSWC-shelter-common_voice_en_26836,,False
Ext-MSWC-shelter-common_voice_en_28215,,False
Ext-MSWC-shelter-common_voice_en_311741,,False
Ext-MSWC-shelter-common_voice_en_316887,,False
Ext-MSWC-shelter-common_voice_en_418243,,False
Ext-MSWC-shelter-common_voice_en_437966,,False
Ext-MSWC-shelter-common_voice_en_461075,,False
Ext-MSWC-shelter-common_voice_en_476735,,False
Ext-MSWC-shelter-common_voice_en_508839,,False
Ext-MSWC-shelter-common_voice_en_517509,,False
Ext-MSWC-shelter-common_voice_en_530065,,False
Ext-MSWC-shelter-common_voice_en_533686,,False
Ext-MSWC-shelter-common_voice_en_547373,,False
Ext-MSWC-shelter-common_voice_en_559147,,False
Ext-MSWC-shelter-common_voice_en_562503,,False
Ext-MSWC-shelter-common_voice_en_563374,,False
Ext-MSWC-shelter-common_voice_en_565448,,False
Ext-MSWC-shelter-common_voice_en_577133,,False
Ext-MSWC-shelter-common_voice_en_584878,,False
Ext-MSWC-shelter-common_voice_en_592695,,False
Ext-MSWC-shelter-common_voice_en_594869,,False
Ext-MSWC-shelter-common_voice_en_610849,,False
Ext-MSWC-shelter-common_voice_en_624322,,False
Ext-MSWC-shelter-common_voice_en_659692,,False
Ext-MSWC-shelter-common_voice_en_686381,,False
Ext-MSWC-shelter-common_voice_en_7799567,,False
Ext-MSWC-shelter-common_voice_en_8145,,False
Ext-MSWC-stella-common_voice_en_18722050,,False
Ext-MSWC-stella-common_voice_en_18827641,,False
Ext-MSWC-stella-common_voice_en_18844765,,False
Ext-MSWC-stella-common_voice_en_18870684,,False
Ext-MSWC-stella-common_voice_en_18930843,,False
Ext-MSWC-stella-common_voice_en_19078577,,False
Ext-MSWC-stella-common_voice_en_19195835,,False
Ext-MSWC-stella-common_voice_en_19287938,,False
Ext-MSWC-stella-common_voice_en_19589759,,False
Ext-MSWC-stella-common_voice_en_19615965,,False
Ext-MSWC-stella-common_voice_en_19803860,,False
Ext-MSWC-stella-common_voice_en_20261090,,False
Ext-MSWC-stella-common_voice_en_20322309,,False
Ext-MSWC-stella-common_voice_en_20407965,,False
Ext-MSWC-stella-common_voice_en_20575895,,False
Ext-MSWC-stella-common_voice_en_20651379,,False
Ext-MSWC-stella-common_voice_en_21341636,,False
Ext-MSWC-stella-common_voice_en_22324110,,False
Ext-MSWC-vendetta-common_voice_en_11351833,,False
Ext-MSWC-vendetta-common_voice_en_16343043,,False
Ext-MSWC-vendetta-common_voice_en_17245902,,False
Ext-MSWC-vendetta-common_voice_en_17727310,,False
Ext-MSWC-vendetta-common_voice_en_17771955,,False
Ext-MSWC-vendetta-common_voice_en_17805993,,False
Ext-MSWC-vendetta-common_voice_en_17854095,,False
Ext-MSWC-vendetta-common_voice_en_17877228,,False
Ext-MSWC-vendetta-common_voice_en_17903865,,False
Ext-MSWC-vendetta-common_voice_en_17954846,,False
Ext-MSWC-vendetta-common_voice_en_17978973,,False
Ext-MSWC-vendetta-common_voice_en_18065923,,False
Ext-MSWC-vendetta-common_voice_en_18114985,,False
Ext-MSWC-vendetta-common_voice_en_18117631,,False
Ext-MSWC-vendetta-common_voice_en_18130467,,False
Ext-MSWC-vendetta-common_voice_en_18162843,,False
Ext-MSWC-vendetta-common_voice_en_19118405,,False
Ext-MSWC-vendetta-common_voice_en_1948754,,False
Ext-MSWC-vendetta-common_voice_en_20250227,,False
Ext-MSWC-vendetta-common_voice_en_21216724,,False
Ext-MSWC-vendetta-common_voice_en_21513764,,False
Ext-MSWC-vendetta-common_voice_en_276771,,False
Ext-MSWC-vendetta-common_voice_en_283436,,False
Ext-MSWC-vendetta-common_voice_en_497208,,False
Ext-MSWC-vendetta-common_voice_en_575499,,False
Ext-MSWC-vendetta-common_voice_en_617554,,False
Ext-MSWC-vendetta-common_voice_en_9382642,,False
Ext-MSWC-walt-common_voice_en_18746087,,False
Ext-MSWC-walt-common_voice_en_18841327,,False
Ext-MSWC-walt-common_voice_en_18999353,,False
Ext-MSWC-walt-common_voice_en_19006456,,False
Ext-MSWC-walt-common_voice_en_19017443,,False
Ext-MSWC-walt-common_voice_en_19017865,,False
Ext-MSWC-walt-common_voice_en_19075023,,False
Ext-MSWC-walt-common_voice_en_19434752,,False
Ext-MSWC-walt-common_voice_en_19439643,,False
Ext-MSWC-walt-common_voice_en_19515541,,False
Ext-MSWC-walt-common_voice_en_19645677,,False
Ext-MSWC-walt-common_voice_en_19672373,,False
Ext-MSWC-walt-common_voice_en_19747196,,False
Ext-MSWC-walt-common_voice_en_19843949,,False
Ext-MSWC-walt-common_voice_en_19845639,,False
Ext-MSWC-walt-common_voice_en_19870794,,False
Ext-MSWC-walt-common_voice_en_19960723,,False
Ext-MSWC-walt-common_voice_en_20005411,,False
Ext-MSWC-walt-common_voice_en_20006735,,False
Ext-MSWC-walt-common_voice_en_20017086,,False
Ext-MSWC-walt-common_voice_en_20091221,,False
Ext-MSWC-walt-common_voice_en_20184873,,False
Ext-MSWC-walt-common_voice_en_20237129,,False
Ext-MSWC-walt-common_voice_en_20243628,,False
Ext-MSWC-walt-common_voice_en_20404120,,False
Ext-MSWC-walt-common_voice_en_20434175,,False
Ext-MSWC-walt-common_voice_en_20455500,,False
Ext-MSWC-walt-common_voice_en_20481485,,False
Ext-MSWC-walt-common_voice_en_20565044,,False
Ext-MSWC-walt-common_voice_en_20661154,,False
Ext-MSWC-walt-common_voice_en_20918365,,False
Ext-MSWC-walt-common_voice_en_20994567,,False
Ext-MSWC-walt-common_voice_en_21721632,,False
Ext-MSWC-walt-common_voice_en_21768844,,False
Ext-MSWC-walt-common_voice_en_21861643,,False
Ext-MSWC-walt-common_voice_en_22275348,,False
Ext-MSWC-walt-common_voice_en_22331509,,False
Ext-MSWC-walter-common_voice_en_100349,,False
Ext-MSWC-walter-common_voice_en_10610,,False
Ext-MSWC-walter-common_voice_en_106718,,False
Ext-MSWC-walter-common_voice_en_10732499,,False
Ext-MSWC-walter-common_voice_en_113147,,False
Ext-MSWC-walter-common_voice_en_11947,,False
Ext-MSWC-walter-common_voice_en_127775,,False
Ext-MSWC-walter-common_voice_en_14356535,,False
Ext-MSWC-walter-common_voice_en_146559,,False
Ext-MSWC-walter-common_voice_en_15286884,,False
Ext-MSWC-walter-common_voice_en_154088,,False
Ext-MSWC-walter-common_voice_en_158772,,False
Ext-MSWC-walter-common_voice_en_15903523,,False
Ext-MSWC-walter-common_voice_en_16048072,,False
Ext-MSWC-walter-common_voice_en_162171,,False
Ext-MSWC-walter-common_voice_en_169852,,False
Ext-MSWC-walter-common_voice_en_17623695,,False
Ext-MSWC-walter-common_voice_en_17699068,,False
Ext-MSWC-walter-common_voice_en_17703142,,False
Ext-MSWC-walter-common_voice_en_17785847,,False
Ext-MSWC-walter-common_voice_en_17808134,,False
Ext-MSWC-walter-common_voice_en_17840865,,False
Ext-MSWC-walter-common_voice_en_17847823,,False
Ext-MSWC-walter-common_voice_en_17876922,,False
Ext-MSWC-walter-common_voice_en_17895310,,False
Ext-MSWC-walter-common_voice_en_17948619,,False
Ext-MSWC-walter-common_voice_en_17979231,,False
Ext-MSWC-walter-common_voice_en_18052543,,False
Ext-MSWC-walter-common_voice_en_18094801,,False
Ext-MSWC-walter-common_voice_en_18130287,,False
Ext-MSWC-walter-common_voice_en_18134932,,False
Ext-MSWC-walter-common_voice_en_18144746,,False
Ext-MSWC-walter-common_voice_en_18674430,,False
Ext-MSWC-walter-common_voice_en_18676744,,False
Ext-MSWC-walter-common_voice_en_18677053,,False
Ext-MSWC-walter-common_voice_en_18685612,,False
Ext-MSWC-walter-common_voice_en_18692291,,False
Ext-MSWC-walter-common_voice_en_18701748,,False
Ext-MSWC-walter-common_voice_en_18703634,,False
Ext-MSWC-walter-common_voice_en_18706910,,False
Ext-MSWC-walter-common_voice_en_18708087,,False
Ext-MSWC-walter-common_voice_en_18708286,,False
Ext-MSWC-walter-common_voice_en_18730141,,False
Ext-MSWC-walter-common_voice_en_18752714,,False
Ext-MSWC-walter-common_voice_en_18777927,,False
Ext-MSWC-walter-common_voice_en_18814300,,False
Ext-MSWC-walter-common_voice_en_18838976,,False
Ext-MSWC-walter-common_voice_en_18839801,,False
Ext-MSWC-walter-common_voice_en_18854235,,False
Ext-MSWC-walter-common_voice_en_18901878,,False
Ext-MSWC-walter-common_voice_en_18933599,,False
Ext-MSWC-walter-common_voice_en_18939083,,False
Ext-MSWC-walter-common_voice_en_18969979,,False
Ext-MSWC-walter-common_voice_en_19018881,,False
Ext-MSWC-walter-common_voice_en_19036727,,False
Ext-MSWC-walter-common_voice_en_19065734,,False
Ext-MSWC-walter-common_voice_en_19083937,,False
Ext-MSWC-walter-common_voice_en_190859,,False
Ext-MSWC-walter-common_voice_en_19105073,,False
Ext-MSWC-walter-common_voice_en_19131351,,False
Ext-MSWC-walter-common_voice_en_1914282,,False
Ext-MSWC-walter-common_voice_en_19172281,,False
Ext-MSWC-walter-common_voice_en_19174691,,False
Ext-MSWC-walter-common_voice_en_19223145,,False
Ext-MSWC-walter-common_voice_en_19260733,,False
Ext-MSWC-walter-common_voice_en_19275786,,False
Ext-MSWC-walter-common_voice_en_19325163,,False
Ext-MSWC-walter-common_voice_en_19349547,,False
Ext-MSWC-walter-common_voice_en_19353502,,False
Ext-MSWC-walter-common_voice_en_19375288,,False
Ext-MSWC-walter-common_voice_en_19387312,,False
Ext-MSWC-walter-common_voice_en_19404480,,False
Ext-MSWC-walter-common_voice_en_19410912,,False
Ext-MSWC-walter-common_voice_en_19422648,,False
Ext-MSWC-walter-common_voice_en_19449727,,False
Ext-MSWC-walter-common_voice_en_19451814,,False
Ext-MSWC-walter-common_voice_en_19453638,,False
Ext-MSWC-walter-common_voice_en_19466201,,False
Ext-MSWC-walter-common_voice_en_19515549,,False
Ext-MSWC-walter-common_voice_en_19526642,,False
Ext-MSWC-walter-common_voice_en_19531675,,False
Ext-MSWC-walter-common_voice_en_19545229,,False
Ext-MSWC-walter-common_voice_en_19562576,,False
Ext-MSWC-walter-common_voice_en_19637631,,False
Ext-MSWC-walter-common_voice_en_19641253,,False
Ext-MSWC-walter-common_voice_en_19650032,,False
Ext-MSWC-walter-common_voice_en_19668359,,False
Ext-MSWC-walter-common_voice_en_19679687,,False
Ext-MSWC-walter-common_voice_en_19717932,,False
Ext-MSWC-walter-common_voice_en_19718438,,False
Ext-MSWC-walter-common_voice_en_19723566,,False
Ext-MSWC-walter-common_voice_en_19730624,,False
Ext-MSWC-walter-common_voice_en_19747220,,False
Ext-MSWC-walter-common_voice_en_19752140,,False
Ext-MSWC-walter-common_voice_en_19762040,,False
Ext-MSWC-walter-common_voice_en_19767486,,False
Ext-MSWC-walter-common_voice_en_19768708,,False
Ext-MSWC-walter-common_voice_en_19779771,,False
Ext-MSWC-walter-common_voice_en_19785567,,False
Ext-MSWC-walter-common_voice_en_19797851,,False
Ext-MSWC-walter-common_voice_en_19816446,,False
Ext-MSWC-walter-common_voice_en_19825545,,False
Ext-MSWC-walter-common_voice_en_19827300,,False
Ext-MSWC-walter-common_voice_en_19946060,,False
Ext-MSWC-walter-common_voice_en_19979275,,False
Ext-MSWC-walter-common_voice_en_199966,,False
Ext-MSWC-walter-common_voice_en_20001746,,False
Ext-MSWC-walter-common_voice_en_20005443,,False
Ext-MSWC-walter-common_voice_en_20010908,,False
Ext-MSWC-walter-common_voice_en_20018911,,False
Ext-MSWC-walter-common_voice_en_20027179,,False
Ext-MSWC-walter-common_voice_en_20038815,,False
Ext-MSWC-walter-common_voice_en_20077958,,False
Ext-MSWC-walter-common_voice_en_20081020,,False
Ext-MSWC-walter-common_voice_en_20094363,,False
Ext-MSWC-walter-common_voice_en_20112130,,False
Ext-MSWC-walter-common_voice_en_20117967,,False
Ext-MSWC-walter-common_voice_en_20144732,,False
Ext-MSWC-walter-common_voice_en_20148079,,False
Ext-MSWC-walter-common_voice_en_20183354,,False
Ext-MSWC-walter-common_voice_en_20219609,,False
Ext-MSWC-walter-common_voice_en_20220104,,False
Ext-MSWC-walter-common_voice_en_20227447,,False
Ext-MSWC-walter-common_voice_en_20237129,,False
Ext-MSWC-walter-common_voice_en_20246797,,False
Ext-MSWC-walter-common_voice_en_20268200,,False
Ext-MSWC-walter-common_voice_en_20286162,,False
Ext-MSWC-walter-common_voice_en_20290568,,False
Ext-MSWC-walter-common_voice_en_20294720,,False
Ext-MSWC-walter-common_voice_en_20299078,,False
Ext-MSWC-walter-common_voice_en_20304505,,False
Ext-MSWC-walter-common_voice_en_20305844,,False
Ext-MSWC-walter-common_voice_en_203116,,False
Ext-MSWC-walter-common_voice_en_20314687,,False
Ext-MSWC-walter-common_voice_en_20378248,,False
Ext-MSWC-walter-common_voice_en_20391946,,False
Ext-MSWC-walter-common_voice_en_20396867,,False
Ext-MSWC-walter-common_voice_en_20407799,,False
Ext-MSWC-walter-common_voice_en_20478331,,False
Ext-MSWC-walter-common_voice_en_20517761,,False
Ext-MSWC-walter-common_voice_en_20531984,,False
Ext-MSWC-walter-common_voice_en_20538509,,False
Ext-MSWC-walter-common_voice_en_20581397,,False
Ext-MSWC-walter-common_voice_en_20587315,,False
Ext-MSWC-walter-common_voice_en_20598144,,False
Ext-MSWC-walter-common_voice_en_20653671,,False
Ext-MSWC-walter-common_voice_en_20721432,,False
Ext-MSWC-walter-common_voice_en_20726240,,False
Ext-MSWC-walter-common_voice_en_20750414,,False
Ext-MSWC-walter-common_voice_en_20775481,,False
Ext-MSWC-walter-common_voice_en_20791351,,False
Ext-MSWC-walter-common_voice_en_20791659,,False
Ext-MSWC-walter-common_voice_en_20815846,,False
Ext-MSWC-walter-common_voice_en_20864265,,False
Ext-MSWC-walter-common_voice_en_20866017,,False
Ext-MSWC-walter-common_voice_en_20883392,,False
Ext-MSWC-walter-common_voice_en_20888006,,False
Ext-MSWC-walter-common_voice_en_20989094,,False
Ext-MSWC-walter-common_voice_en_21101660,,False
Ext-MSWC-walter-common_voice_en_21102230,,False
Ext-MSWC-walter-common_voice_en_21128108,,False
Ext-MSWC-walter-common_voice_en_21291471,,False
Ext-MSWC-walter-common_voice_en_21319680,,False
Ext-MSWC-walter-common_voice_en_21372799,,False
Ext-MSWC-walter-common_voice_en_21379969,,False
Ext-MSWC-walter-common_voice_en_21518052,,False
Ext-MSWC-walter-common_voice_en_21521905,,False
Ext-MSWC-walter-common_voice_en_21691944,,False
Ext-MSWC-walter-common_voice_en_21724159,,False
Ext-MSWC-walter-common_voice_en_21738074,,False
Ext-MSWC-walter-common_voice_en_21746889,,False
Ext-MSWC-walter-common_voice_en_21753478,,False
Ext-MSWC-walter-common_voice_en_21916809,,False
Ext-MSWC-walter-common_voice_en_21962129,,False
Ext-MSWC-walter-common_voice_en_21967723,,False
Ext-MSWC-walter-common_voice_en_21989424,,False
Ext-MSWC-walter-common_voice_en_22004428,,False
Ext-MSWC-walter-common_voice_en_22021325,,False
Ext-MSWC-walter-common_voice_en_22047290,,False
Ext-MSWC-walter-common_voice_en_22132900,,False
Ext-MSWC-walter-common_voice_en_22149118,,False
Ext-MSWC-walter-common_voice_en_22184969,,False
Ext-MSWC-walter-common_voice_en_22186093,,False
Ext-MSWC-walter-common_voice_en_22234167,,False
Ext-MSWC-walter-common_voice_en_22248481,,False
Ext-MSWC-walter-common_voice_en_22253225,,False
Ext-MSWC-walter-common_voice_en_22256528,,False
Ext-MSWC-walter-common_voice_en_22287015,,False
Ext-MSWC-walter-common_voice_en_22301834,,False
Ext-MSWC-walter-common_voice_en_22324779,,False
Ext-MSWC-walter-common_voice_en_22324907,,False
Ext-MSWC-walter-common_voice_en_22344168,,False
Ext-MSWC-walter-common_voice_en_22441032,,False
Ext-MSWC-walter-common_voice_en_2273,,False
Ext-MSWC-walter-common_voice_en_30843,,False
Ext-MSWC-walter-common_voice_en_334642,,False
Ext-MSWC-walter-common_voice_en_37831,,False
Ext-MSWC-walter-common_voice_en_428248,,False
Ext-MSWC-walter-common_voice_en_45074,,False
Ext-MSWC-walter-common_voice_en_484616,,False
Ext-MSWC-walter-common_voice_en_501698,,False
Ext-MSWC-walter-common_voice_en_504866,,False
Ext-MSWC-walter-common_voice_en_510275,,False
Ext-MSWC-walter-common_voice_en_514683,,False
Ext-MSWC-walter-common_voice_en_5258344,,False
Ext-MSWC-walter-common_voice_en_527275,,False
Ext-MSWC-walter-common_voice_en_529193,,False
Ext-MSWC-walter-common_voice_en_534817,,False
Ext-MSWC-walter-common_voice_en_535035,,False
Ext-MSWC-walter-common_voice_en_540631,,False
Ext-MSWC-walter-common_voice_en_54552,,False
Ext-MSWC-walter-common_voice_en_548739,,False
Ext-MSWC-walter-common_voice_en_554328,,False
Ext-MSWC-walter-common_voice_en_556675,,False
Ext-MSWC-walter-common_voice_en_566517,,False
Ext-MSWC-walter-common_voice_en_570216,,False
Ext-MSWC-walter-common_voice_en_571026,,False
Ext-MSWC-walter-common_voice_en_585878,,False
Ext-MSWC-walter-common_voice_en_58883,,False
Ext-MSWC-walter-common_voice_en_589932,,False
Ext-MSWC-walter-common_voice_en_595473,,False
Ext-MSWC-walter-common_voice_en_601781,,False
Ext-MSWC-walter-common_voice_en_606289,,False
Ext-MSWC-walter-common_voice_en_606691,,False
Ext-MSWC-walter-common_voice_en_615214,,False
Ext-MSWC-walter-common_voice_en_620791,,False
Ext-MSWC-walter-common_voice_en_629732,,False
Ext-MSWC-walter-common_voice_en_654510,,False
Ext-MSWC-walter-common_voice_en_699673,,False
Ext-MSWC-walter-common_voice_en_70194,,False
Ext-MSWC-walter-common_voice_en_85714,,False
Ext-MSWC-walter-common_voice_en_9850429,,False
Ext-MSWC-weigh-common_voice_en_18331796,,False
Ext-MSWC-weigh-common_voice_en_18335278,,False
Ext-MSWC-weigh-common_voice_en_18340555,,False
Ext-MSWC-weigh-common_voice_en_18349314,,False
Ext-MSWC-weigh-common_voice_en_18353441,,False
Ext-MSWC-weigh-common_voice_en_18422537,,False
Ext-MSWC-weigh-common_voice_en_18506205,,False
Ext-MSWC-weigh-common_voice_en_18560316,,False
Ext-MSWC-weigh-common_voice_en_18657764,,False
Ext-MSWC-weigh-common_voice_en_18732117,,False
Ext-MSWC-weigh-common_voice_en_18831300,,False
Ext-MSWC-weigh-common_voice_en_18872901,,False
Ext-MSWC-weigh-common_voice_en_19595411,,False
Ext-MSWC-weigh-common_voice_en_19722088,,False
Ext-MSWC-weigh-common_voice_en_20922099,,False
Ext-MSWC-weigh-common_voice_en_21146232,,False
Ext-MSWC-weigh-common_voice_en_21319929,,False
Ext-MSWC-weigh-common_voice_en_21955430,,False
Ext-MSWC-weigh-common_voice_en_21981353,,False
Ext-MUSAN-music-music-fma-0000,,False
Ext-MUSAN-music-music-fma-0003,,False
Ext-MUSAN-music-music-fma-0004,,False
Ext-MUSAN-music-music-fma-0006,,False
Ext-MUSAN-music-music-fma-0007,,False
Ext-MUSAN-music-music-fma-0008,,False
Ext-MUSAN-music-music-fma-0010,,False
Ext-MUSAN-music-music-fma-0021,,False
Ext-MUSAN-music-music-fma-0027,,False
Ext-MUSAN-music-music-fma-0042,,False
Ext-MUSAN-music-music-fma-0046,,False
Ext-MUSAN-music-music-fma-0055,,False
Ext-MUSAN-music-music-fma-0056,,False
Ext-MUSAN-music-music-fma-0062,,False
Ext-MUSAN-music-music-fma-0063,,False
Ext-MUSAN-music-music-fma-0064,,False
Ext-MUSAN-music-music-fma-0065,,False
Ext-MUSAN-music-music-fma-0067,,False
Ext-MUSAN-music-music-fma-0068,,False
Ext-MUSAN-music-music-fma-0073,,False
Ext-MUSAN-music-music-fma-0075,,False
Ext-MUSAN-music-music-fma-0081,,False
Ext-MUSAN-music-music-fma-0083,,False
Ext-MUSAN-music-music-fma-0086,,False
Ext-MUSAN-music-music-fma-0088,,False
Ext-MUSAN-music-music-fma-0091,,False
Ext-MUSAN-music-music-fma-0092,,False
Ext-MUSAN-music-music-fma-0095,,False
Ext-MUSAN-music-music-fma-0100,,False
Ext-MUSAN-music-music-fma-0101,,False
Ext-MUSAN-music-music-fma-0102,,False
Ext-MUSAN-music-music-fma-0104,,False
Ext-MUSAN-music-music-fma-0105,,False
Ext-MUSAN-music-music-fma-0110,,False
Ext-MUSAN-music-music-fma-0111,,False
Ext-MUSAN-music-music-fma-0112,,False
Ext-MUSAN-music-music-fma-0113,,False
Ext-MUSAN-music-music-fma-0124,,False
Ext-MUSAN-music-music-fma-0126,,False
Ext-MUSAN-music-music-fma-wa-0002,,False
Ext-MUSAN-music-music-fma-wa-0003,,False
Ext-MUSAN-music-music-fma-wa-0006,,False
Ext-MUSAN-music-music-fma-wa-0012,,False
Ext-MUSAN-music-music-fma-wa-0013,,False
Ext-MUSAN-music-music-fma-wa-0016,,False
Ext-MUSAN-music-music-fma-wa-0025,,False
Ext-MUSAN-music-music-fma-wa-0027,,False
Ext-MUSAN-music-music-fma-wa-0029,,False
Ext-MUSAN-music-music-fma-wa-0043,,False
Ext-MUSAN-music-music-fma-wa-0044,,False
Ext-MUSAN-music-music-fma-wa-0045,,False
Ext-MUSAN-music-music-fma-wa-0048,,False
Ext-MUSAN-music-music-fma-wa-0050,,False
Ext-MUSAN-music-music-fma-wa-0051,,False
Ext-MUSAN-music-music-fma-wa-0056,,False
Ext-MUSAN-music-music-fma-wa-0057,,False
Ext-MUSAN-music-music-fma-wa-0058,,False
Ext-MUSAN-music-music-fma-wa-0067,,False
Ext-MUSAN-music-music-fma-wa-0068,,False
Ext-MUSAN-music-music-fma-wa-0072,,False
Ext-MUSAN-music-music-fma-wa-0073,,False
Ext-MUSAN-music-music-fma-wa-0074,,False
Ext-MUSAN-music-music-fma-wa-0087,,False
Ext-MUSAN-music-music-fma-wa-0092,,False
Ext-MUSAN-music-music-hd-0001,,False
Ext-MUSAN-music-music-hd-0017,,False
Ext-MUSAN-music-music-hd-0019,,False
Ext-MUSAN-music-music-hd-0020,,False
Ext-MUSAN-music-music-hd-0021,,False
Ext-MUSAN-music-music-hd-0022,,False
Ext-MUSAN-music-music-hd-0024,,False
Ext-MUSAN-music-music-hd-0026,,False
Ext-MUSAN-music-music-hd-0030,,False
Ext-MUSAN-music-music-hd-0035,,False
Ext-MUSAN-music-music-hd-0036,,False
Ext-MUSAN-music-music-hd-0037,,False
Ext-MUSAN-music-music-hd-0039,,False
Ext-MUSAN-music-music-hd-0042,,False
Ext-MUSAN-music-music-hd-0050,,False
Ext-MUSAN-music-music-hd-0051,,False
Ext-MUSAN-music-music-hd-0055,,False
Ext-MUSAN-music-music-hd-0057,,False
Ext-MUSAN-music-music-hd-0058,,False
Ext-MUSAN-music-music-hd-0060,,False
Ext-MUSAN-music-music-hd-0069,,False
Ext-MUSAN-music-music-hd-0072,,False
Ext-MUSAN-music-music-jamendo-0003,,False
Ext-MUSAN-music-music-jamendo-0004,,False
Ext-MUSAN-music-music-jamendo-0005,,False
Ext-MUSAN-music-music-jamendo-0009,,False
Ext-MUSAN-music-music-jamendo-0010,,False
Ext-MUSAN-music-music-jamendo-0016,,False
Ext-MUSAN-music-music-jamendo-0017,,False
Ext-MUSAN-music-music-jamendo-0020,,False
Ext-MUSAN-music-music-jamendo-0022,,False
Ext-MUSAN-music-music-jamendo-0028,,False
Ext-MUSAN-music-music-jamendo-0038,,False
Ext-MUSAN-music-music-jamendo-0042,,False
Ext-MUSAN-music-music-jamendo-0043,,False
Ext-MUSAN-music-music-jamendo-0044,,False
Ext-MUSAN-music-music-jamendo-0049,,False
Ext-MUSAN-music-music-jamendo-0053,,False
Ext-MUSAN-music-music-jamendo-0054,,False
Ext-MUSAN-music-music-jamendo-0059,,False
Ext-MUSAN-music-music-jamendo-0060,,False
Ext-MUSAN-music-music-jamendo-0068,,False
Ext-MUSAN-music-music-jamendo-0070,,False
Ext-MUSAN-music-music-jamendo-0072,,False
Ext-MUSAN-music-music-jamendo-0075,,False
Ext-MUSAN-music-music-jamendo-0077,,False
Ext-MUSAN-music-music-jamendo-0086,,False
Ext-MUSAN-music-music-jamendo-0094,,False
Ext-MUSAN-music-music-jamendo-0098,,False
Ext-MUSAN-music-music-jamendo-0099,,False
Ext-MUSAN-music-music-jamendo-0104,,False
Ext-MUSAN-music-music-jamendo-0106,,False
Ext-MUSAN-music-music-jamendo-0109,,False
Ext-MUSAN-music-music-jamendo-0111,,False
Ext-MUSAN-music-music-jamendo-0116,,False
Ext-MUSAN-music-music-jamendo-0120,,False
Ext-MUSAN-music-music-jamendo-0127,,False
Ext-MUSAN-music-music-jamendo-0131,,False
Ext-MUSAN-music-music-jamendo-0132,,False
Ext-MUSAN-music-music-jamendo-0140,,False
Ext-MUSAN-music-music-jamendo-0152,,False
Ext-MUSAN-music-music-jamendo-0157,,False
Ext-MUSAN-music-music-jamendo-0161,,False
Ext-MUSAN-music-music-jamendo-0163,,False
Ext-MUSAN-music-music-jamendo-0165,,False
Ext-MUSAN-music-music-jamendo-0166,,False
Ext-MUSAN-music-music-jamendo-0169,,False
Ext-MUSAN-music-music-jamendo-0170,,False
Ext-MUSAN-music-music-jamendo-0171,,False
Ext-MUSAN-music-music-jamendo-0174,,False
Ext-MUSAN-music-music-jamendo-0175,,False
Ext-MUSAN-music-music-jamendo-0176,,False
Ext-MUSAN-music-music-jamendo-0179,,False
Ext-MUSAN-music-music-jamendo-0187,,False
Ext-MUSAN-music-music-jamendo-0188,,False
Ext-MUSAN-music-music-jamendo-0189,,False
Ext-MUSAN-music-music-jamendo-0195,,False
Ext-MUSAN-music-music-jamendo-0196,,False
Ext-MUSAN-music-music-jamendo-0200,,False
Ext-MUSAN-music-music-jamendo-0201,,False
Ext-MUSAN-music-music-jamendo-0203,,False
Ext-MUSAN-music-music-jamendo-0205,,False
Ext-MUSAN-music-music-jamendo-0206,,False
Ext-MUSAN-music-music-jamendo-0207,,False
Ext-MUSAN-music-music-jamendo-0210,,False
Ext-MUSAN-music-music-rfm-0000,,False
Ext-MUSAN-music-music-rfm-0002,,False
Ext-MUSAN-music-music-rfm-0009,,False
Ext-MUSAN-music-music-rfm-0013,,False
Ext-MUSAN-music-music-rfm-0019,,False
Ext-MUSAN-music-music-rfm-0022,,False
Ext-MUSAN-music-music-rfm-0023,,False
Ext-MUSAN-music-music-rfm-0027,,False
Ext-MUSAN-music-music-rfm-0029,,False
Ext-MUSAN-music-music-rfm-0031,,False
Ext-MUSAN-music-music-rfm-0033,,False
Ext-MUSAN-music-music-rfm-0034,,False
Ext-MUSAN-music-music-rfm-0036,,False
Ext-MUSAN-music-music-rfm-0037,,False
Ext-MUSAN-music-music-rfm-0039,,False
Ext-MUSAN-music-music-rfm-0041,,False
Ext-MUSAN-music-music-rfm-0043,,False
Ext-MUSAN-music-music-rfm-0047,,False
Ext-MUSAN-music-music-rfm-0049,,False
Ext-MUSAN-music-music-rfm-0050,,False
Ext-MUSAN-music-music-rfm-0055,,False
Ext-MUSAN-music-music-rfm-0056,,False
Ext-MUSAN-music-music-rfm-0061,,False
Ext-MUSAN-music-music-rfm-0064,,False
Ext-MUSAN-music-music-rfm-0065,,False
Ext-MUSAN-music-music-rfm-0066,,False
Ext-MUSAN-music-music-rfm-0067,,False
Ext-MUSAN-music-music-rfm-0073,,False
Ext-MUSAN-music-music-rfm-0075,,False
Ext-MUSAN-music-music-rfm-0076,,False
Ext-MUSAN-music-music-rfm-0081,,False
Ext-MUSAN-music-music-rfm-0082,,False
Ext-MUSAN-music-music-rfm-0084,,False
Ext-MUSAN-music-music-rfm-0085,,False
Ext-MUSAN-music-music-rfm-0089,,False
Ext-MUSAN-music-music-rfm-0097,,False
Ext-MUSAN-music-music-rfm-0102,,False
Ext-MUSAN-music-music-rfm-0107,,False
Ext-MUSAN-music-music-rfm-0108,,False
Ext-MUSAN-music-music-rfm-0109,,False
Ext-MUSAN-music-music-rfm-0111,,False
Ext-MUSAN-music-music-rfm-0112,,False
Ext-MUSAN-music-music-rfm-0114,,False
Ext-MUSAN-music-music-rfm-0117,,False
Ext-MUSAN-music-music-rfm-0118,,False
Ext-MUSAN-music-music-rfm-0120,,False
Ext-MUSAN-music-music-rfm-0126,,False
Ext-MUSAN-music-music-rfm-0130,,False
Ext-MUSAN-music-music-rfm-0138,,False
Ext-MUSAN-music-music-rfm-0141,,False
Ext-MUSAN-music-music-rfm-0145,,False
Ext-MUSAN-noise-noise-free-sound-0000,,False
Ext-MUSAN-noise-noise-free-sound-0001,,False
Ext-MUSAN-noise-noise-free-sound-0002,,False
Ext-MUSAN-noise-noise-free-sound-0003,,False
Ext-MUSAN-noise-noise-free-sound-0004,,False
Ext-MUSAN-noise-noise-free-sound-0005,,False
Ext-MUSAN-noise-noise-free-sound-0006,,False
Ext-MUSAN-noise-noise-free-sound-0007,,False
Ext-MUSAN-noise-noise-free-sound-0008,,False
Ext-MUSAN-noise-noise-free-sound-0009,,False
Ext-MUSAN-noise-noise-free-sound-0010,,False
Ext-MUSAN-noise-noise-free-sound-0011,,False
Ext-MUSAN-noise-noise-free-sound-0012,,False
Ext-MUSAN-noise-noise-free-sound-0013,,False
Ext-MUSAN-noise-noise-free-sound-0014,,False
Ext-MUSAN-noise-noise-free-sound-0015,,False
Ext-MUSAN-noise-noise-free-sound-0016,,False
Ext-MUSAN-noise-noise-free-sound-0017,,False
Ext-MUSAN-noise-noise-free-sound-0018,,False
Ext-MUSAN-noise-noise-free-sound-0019,,False
Ext-MUSAN-noise-noise-free-sound-0020,,False
Ext-MUSAN-noise-noise-free-sound-0021,,False
Ext-MUSAN-noise-noise-free-sound-0022,,False
Ext-MUSAN-noise-noise-free-sound-0023,,False
Ext-MUSAN-noise-noise-free-sound-0024,,False
Ext-MUSAN-noise-noise-free-sound-0025,,False
Ext-MUSAN-noise-noise-free-sound-0026,,False
Ext-MUSAN-noise-noise-free-sound-0027,,False
Ext-MUSAN-noise-noise-free-sound-0028,,False
Ext-MUSAN-noise-noise-free-sound-0029,,False
Ext-MUSAN-noise-noise-free-sound-0030,,False
Ext-MUSAN-noise-noise-free-sound-0031,,False
Ext-MUSAN-noise-noise-free-sound-0032,,False
Ext-MUSAN-noise-noise-free-sound-0033,,False
Ext-MUSAN-noise-noise-free-sound-0034,,False
Ext-MUSAN-noise-noise-free-sound-0035,,False
Ext-MUSAN-noise-noise-free-sound-0036,,False
Ext-MUSAN-noise-noise-free-sound-0037,,False
Ext-MUSAN-noise-noise-free-sound-0038,,False
Ext-MUSAN-noise-noise-free-sound-0039,,False
Ext-MUSAN-noise-noise-free-sound-0040,,False
Ext-MUSAN-noise-noise-free-sound-0041,,False
Ext-MUSAN-noise-noise-free-sound-0042,,False
Ext-MUSAN-noise-noise-free-sound-0043,,False
Ext-MUSAN-noise-noise-free-sound-0044,,False
Ext-MUSAN-noise-noise-free-sound-0045,,False
Ext-MUSAN-noise-noise-free-sound-0046,,False
Ext-MUSAN-noise-noise-free-sound-0047,,False
Ext-MUSAN-noise-noise-free-sound-0048,,False
Ext-MUSAN-noise-noise-free-sound-0049,,False
Ext-MUSAN-noise-noise-free-sound-0050,,False
Ext-MUSAN-noise-noise-free-sound-0051,,False
Ext-MUSAN-noise-noise-free-sound-0052,,False
Ext-MUSAN-noise-noise-free-sound-0053,,False
Ext-MUSAN-noise-noise-free-sound-0054,,False
Ext-MUSAN-noise-noise-free-sound-0055,,False
Ext-MUSAN-noise-noise-free-sound-0056,,False
Ext-MUSAN-noise-noise-free-sound-0057,,False
Ext-MUSAN-noise-noise-free-sound-0058,,False
Ext-MUSAN-noise-noise-free-sound-0059,,False
Ext-MUSAN-noise-noise-free-sound-0060,,False
Ext-MUSAN-noise-noise-free-sound-0061,,False
Ext-MUSAN-noise-noise-free-sound-0062,,False
Ext-MUSAN-noise-noise-free-sound-0063,,False
Ext-MUSAN-noise-noise-free-sound-0064,,False
Ext-MUSAN-noise-noise-free-sound-0065,,False
Ext-MUSAN-noise-noise-free-sound-0066,,False
Ext-MUSAN-noise-noise-free-sound-0067,,False
Ext-MUSAN-noise-noise-free-sound-0068,,False
Ext-MUSAN-noise-noise-free-sound-0069,,False
Ext-MUSAN-noise-noise-free-sound-0070,,False
Ext-MUSAN-noise-noise-free-sound-0071,,False
Ext-MUSAN-noise-noise-free-sound-0072,,False
Ext-MUSAN-noise-noise-free-sound-0073,,False
Ext-MUSAN-noise-noise-free-sound-0074,,False
Ext-MUSAN-noise-noise-free-sound-0075,,False
Ext-MUSAN-noise-noise-free-sound-0076,,False
Ext-MUSAN-noise-noise-free-sound-0077,,False
Ext-MUSAN-noise-noise-free-sound-0078,,False
Ext-MUSAN-noise-noise-free-sound-0079,,False
Ext-MUSAN-noise-noise-free-sound-0080,,False
Ext-MUSAN-noise-noise-free-sound-0081,,False
Ext-MUSAN-noise-noise-free-sound-0082,,False
Ext-MUSAN-noise-noise-free-sound-0083,,False
Ext-MUSAN-noise-noise-free-sound-0084,,False
Ext-MUSAN-noise-noise-free-sound-0085,,False
Ext-MUSAN-noise-noise-free-sound-0086,,False
Ext-MUSAN-noise-noise-free-sound-0087,,False
Ext-MUSAN-noise-noise-free-sound-0088,,False
Ext-MUSAN-noise-noise-free-sound-0089,,False
Ext-MUSAN-noise-noise-free-sound-0090,,False
Ext-MUSAN-noise-noise-free-sound-0091,,False
Ext-MUSAN-noise-noise-free-sound-0092,,False
Ext-MUSAN-noise-noise-free-sound-0093,,False
Ext-MUSAN-noise-noise-free-sound-0094,,False
Ext-MUSAN-noise-noise-free-sound-0095,,False
Ext-MUSAN-noise-noise-free-sound-0096,,False
Ext-MUSAN-noise-noise-free-sound-0097,,False
Ext-MUSAN-noise-noise-free-sound-0098,,False
Ext-MUSAN-noise-noise-free-sound-0099,,False
Ext-MUSAN-noise-noise-free-sound-0100,,False
Ext-MUSAN-noise-noise-free-sound-0101,,False
Ext-MUSAN-noise-noise-free-sound-0102,,False
Ext-MUSAN-noise-noise-free-sound-0103,,False
Ext-MUSAN-noise-noise-free-sound-0104,,False
Ext-MUSAN-noise-noise-free-sound-0105,,False
Ext-MUSAN-noise-noise-free-sound-0106,,False
Ext-MUSAN-noise-noise-free-sound-0107,,False
Ext-MUSAN-noise-noise-free-sound-0108,,False
Ext-MUSAN-noise-noise-free-sound-0109,,False
Ext-MUSAN-noise-noise-free-sound-0110,,False
Ext-MUSAN-noise-noise-free-sound-0111,,False
Ext-MUSAN-noise-noise-free-sound-0112,,False
Ext-MUSAN-noise-noise-free-sound-0113,,False
Ext-MUSAN-noise-noise-free-sound-0114,,False
Ext-MUSAN-noise-noise-free-sound-0115,,False
Ext-MUSAN-noise-noise-free-sound-0116,,False
Ext-MUSAN-noise-noise-free-sound-0117,,False
Ext-MUSAN-noise-noise-free-sound-0118,,False
Ext-MUSAN-noise-noise-free-sound-0119,,False
Ext-MUSAN-noise-noise-free-sound-0120,,False
Ext-MUSAN-noise-noise-free-sound-0121,,False
Ext-MUSAN-noise-noise-free-sound-0122,,False
Ext-MUSAN-noise-noise-free-sound-0123,,False
Ext-MUSAN-noise-noise-free-sound-0124,,False
Ext-MUSAN-noise-noise-free-sound-0125,,False
Ext-MUSAN-noise-noise-free-sound-0126,,False
Ext-MUSAN-noise-noise-free-sound-0127,,False
Ext-MUSAN-noise-noise-free-sound-0128,,False
Ext-MUSAN-noise-noise-free-sound-0129,,False
Ext-MUSAN-noise-noise-free-sound-0130,,False
Ext-MUSAN-noise-noise-free-sound-0131,,False
Ext-MUSAN-noise-noise-free-sound-0132,,False
Ext-MUSAN-noise-noise-free-sound-0133,,False
Ext-MUSAN-noise-noise-free-sound-0134,,False
Ext-MUSAN-noise-noise-free-sound-0135,,False
Ext-MUSAN-noise-noise-free-sound-0136,,False
Ext-MUSAN-noise-noise-free-sound-0137,,False
Ext-MUSAN-noise-noise-free-sound-0138,,False
Ext-MUSAN-noise-noise-free-sound-0139,,False
Ext-MUSAN-noise-noise-free-sound-0140,,False
Ext-MUSAN-noise-noise-free-sound-0141,,False
Ext-MUSAN-noise-noise-free-sound-0142,,False
Ext-MUSAN-noise-noise-free-sound-0143,,False
Ext-MUSAN-noise-noise-free-sound-0144,,False
Ext-MUSAN-noise-noise-free-sound-0145,,False
Ext-MUSAN-noise-noise-free-sound-0146,,False
Ext-MUSAN-noise-noise-free-sound-0147,,False
Ext-MUSAN-noise-noise-free-sound-0148,,False
Ext-MUSAN-noise-noise-free-sound-0149,,False
Ext-MUSAN-noise-noise-free-sound-0150,,False
Ext-MUSAN-noise-noise-free-sound-0151,,False
Ext-MUSAN-noise-noise-free-sound-0152,,False
Ext-MUSAN-noise-noise-free-sound-0153,,False
Ext-MUSAN-noise-noise-free-sound-0154,,False
Ext-MUSAN-noise-noise-free-sound-0155,,False
Ext-MUSAN-noise-noise-free-sound-0156,,False
Ext-MUSAN-noise-noise-free-sound-0157,,False
Ext-MUSAN-noise-noise-free-sound-0158,,False
Ext-MUSAN-noise-noise-free-sound-0159,,False
Ext-MUSAN-noise-noise-free-sound-0160,,False
Ext-MUSAN-noise-noise-free-sound-0161,,False
Ext-MUSAN-noise-noise-free-sound-0162,,False
Ext-MUSAN-noise-noise-free-sound-0163,,False
Ext-MUSAN-noise-noise-free-sound-0164,,False
Ext-MUSAN-noise-noise-free-sound-0165,,False
Ext-MUSAN-noise-noise-free-sound-0166,,False
Ext-MUSAN-noise-noise-free-sound-0167,,False
Ext-MUSAN-noise-noise-free-sound-0168,,False
Ext-MUSAN-noise-noise-free-sound-0169,,False
Ext-MUSAN-noise-noise-free-sound-0170,,False
Ext-MUSAN-noise-noise-free-sound-0171,,False
Ext-MUSAN-noise-noise-free-sound-0172,,False
Ext-MUSAN-noise-noise-free-sound-0173,,False
Ext-MUSAN-noise-noise-free-sound-0174,,False
Ext-MUSAN-noise-noise-free-sound-0175,,False
Ext-MUSAN-noise-noise-free-sound-0176,,False
Ext-MUSAN-noise-noise-free-sound-0177,,False
Ext-MUSAN-noise-noise-free-sound-0178,,False
Ext-MUSAN-noise-noise-free-sound-0179,,False
Ext-MUSAN-noise-noise-free-sound-0180,,False
Ext-MUSAN-noise-noise-free-sound-0181,,False
Ext-MUSAN-noise-noise-free-sound-0182,,False
Ext-MUSAN-noise-noise-free-sound-0183,,False
Ext-MUSAN-noise-noise-free-sound-0184,,False
Ext-MUSAN-noise-noise-free-sound-0185,,False
Ext-MUSAN-noise-noise-free-sound-0186,,False
Ext-MUSAN-noise-noise-free-sound-0187,,False
Ext-MUSAN-noise-noise-free-sound-0188,,False
Ext-MUSAN-noise-noise-free-sound-0189,,False
Ext-MUSAN-noise-noise-free-sound-0190,,False
Ext-MUSAN-noise-noise-free-sound-0191,,False
Ext-MUSAN-noise-noise-free-sound-0192,,False
Ext-MUSAN-noise-noise-free-sound-0193,,False
Ext-MUSAN-noise-noise-free-sound-0194,,False
Ext-MUSAN-noise-noise-free-sound-0195,,False
Ext-MUSAN-noise-noise-free-sound-0196,,False
Ext-MUSAN-noise-noise-free-sound-0197,,False
Ext-MUSAN-noise-noise-free-sound-0198,,False
Ext-MUSAN-noise-noise-free-sound-0199,,False
Ext-MUSAN-noise-noise-free-sound-0200,,False
Ext-MUSAN-noise-noise-free-sound-0201,,False
Ext-MUSAN-noise-noise-free-sound-0202,,False
Ext-MUSAN-noise-noise-free-sound-0203,,False
Ext-MUSAN-noise-noise-free-sound-0204,,False
Ext-MUSAN-noise-noise-free-sound-0205,,False
Ext-MUSAN-noise-noise-free-sound-0206,,False
Ext-MUSAN-noise-noise-free-sound-0207,,False
Ext-MUSAN-noise-noise-free-sound-0208,,False
Ext-MUSAN-noise-noise-free-sound-0209,,False
Ext-MUSAN-noise-noise-free-sound-0210,,False
Ext-MUSAN-noise-noise-free-sound-0211,,False
Ext-MUSAN-noise-noise-free-sound-0212,,False
Ext-MUSAN-noise-noise-free-sound-0213,,False
Ext-MUSAN-noise-noise-free-sound-0214,,False
Ext-MUSAN-noise-noise-free-sound-0215,,False
Ext-MUSAN-noise-noise-free-sound-0216,,False
Ext-MUSAN-noise-noise-free-sound-0217,,False
Ext-MUSAN-noise-noise-free-sound-0218,,False
Ext-MUSAN-noise-noise-free-sound-0219,,False
Ext-MUSAN-noise-noise-free-sound-0220,,False
Ext-MUSAN-noise-noise-free-sound-0221,,False
Ext-MUSAN-noise-noise-free-sound-0222,,False
Ext-MUSAN-noise-noise-free-sound-0223,,False
Ext-MUSAN-noise-noise-free-sound-0224,,False
Ext-MUSAN-noise-noise-free-sound-0225,,False
Ext-MUSAN-noise-noise-free-sound-0226,,False
Ext-MUSAN-noise-noise-free-sound-0227,,False
Ext-MUSAN-noise-noise-free-sound-0228,,False
Ext-MUSAN-noise-noise-free-sound-0229,,False
Ext-MUSAN-noise-noise-free-sound-0230,,False
Ext-MUSAN-noise-noise-free-sound-0231,,False
Ext-MUSAN-noise-noise-free-sound-0232,,False
Ext-MUSAN-noise-noise-free-sound-0233,,False
Ext-MUSAN-noise-noise-free-sound-0234,,False
Ext-MUSAN-noise-noise-free-sound-0235,,False
Ext-MUSAN-noise-noise-free-sound-0236,,False
Ext-MUSAN-noise-noise-free-sound-0237,,False
Ext-MUSAN-noise-noise-free-sound-0238,,False
Ext-MUSAN-noise-noise-free-sound-0239,,False
Ext-MUSAN-noise-noise-free-sound-0240,,False
Ext-MUSAN-noise-noise-free-sound-0241,,False
Ext-MUSAN-noise-noise-free-sound-0242,,False
Ext-MUSAN-noise-noise-free-sound-0243,,False
Ext-MUSAN-noise-noise-free-sound-0244,,False
Ext-MUSAN-noise-noise-free-sound-0245,,False
Ext-MUSAN-noise-noise-free-sound-0246,,False
Ext-MUSAN-noise-noise-free-sound-0247,,False
Ext-MUSAN-noise-noise-free-sound-0248,,False
Ext-MUSAN-noise-noise-free-sound-0249,,False
Ext-MUSAN-noise-noise-free-sound-0250,,False
Ext-MUSAN-noise-noise-free-sound-0251,,False
Ext-MUSAN-noise-noise-free-sound-0252,,False
Ext-MUSAN-noise-noise-free-sound-0253,,False
Ext-MUSAN-noise-noise-free-sound-0254,,False
Ext-MUSAN-noise-noise-free-sound-0255,,False
Ext-MUSAN-noise-noise-free-sound-0256,,False
Ext-MUSAN-noise-noise-free-sound-0257,,False
Ext-MUSAN-noise-noise-free-sound-0258,,False
Ext-MUSAN-noise-noise-free-sound-0259,,False
Ext-MUSAN-noise-noise-free-sound-0260,,False
Ext-MUSAN-noise-noise-free-sound-0261,,False
Ext-MUSAN-noise-noise-free-sound-0262,,False
Ext-MUSAN-noise-noise-free-sound-0263,,False
Ext-MUSAN-noise-noise-free-sound-0264,,False
Ext-MUSAN-noise-noise-free-sound-0265,,False
Ext-MUSAN-noise-noise-free-sound-0266,,False
Ext-MUSAN-noise-noise-free-sound-0267,,False
Ext-MUSAN-noise-noise-free-sound-0268,,False
Ext-MUSAN-noise-noise-free-sound-0269,,False
Ext-MUSAN-noise-noise-free-sound-0270,,False
Ext-MUSAN-noise-noise-free-sound-0271,,False
Ext-MUSAN-noise-noise-free-sound-0272,,False
Ext-MUSAN-noise-noise-free-sound-0273,,False
Ext-MUSAN-noise-noise-free-sound-0274,,False
Ext-MUSAN-noise-noise-free-sound-0275,,False
Ext-MUSAN-noise-noise-free-sound-0276,,False
Ext-MUSAN-noise-noise-free-sound-0277,,False
Ext-MUSAN-noise-noise-free-sound-0278,,False
Ext-MUSAN-noise-noise-free-sound-0279,,False
Ext-MUSAN-noise-noise-free-sound-0280,,False
Ext-MUSAN-noise-noise-free-sound-0281,,False
Ext-MUSAN-noise-noise-free-sound-0282,,False
Ext-MUSAN-noise-noise-free-sound-0283,,False
Ext-MUSAN-noise-noise-free-sound-0284,,False
Ext-MUSAN-noise-noise-free-sound-0285,,False
Ext-MUSAN-noise-noise-free-sound-0286,,False
Ext-MUSAN-noise-noise-free-sound-0287,,False
Ext-MUSAN-noise-noise-free-sound-0288,,False
Ext-MUSAN-noise-noise-free-sound-0289,,False
Ext-MUSAN-noise-noise-free-sound-0290,,False
Ext-MUSAN-noise-noise-free-sound-0291,,False
Ext-MUSAN-noise-noise-free-sound-0292,,False
Ext-MUSAN-noise-noise-free-sound-0293,,False
Ext-MUSAN-noise-noise-free-sound-0294,,False
Ext-MUSAN-noise-noise-free-sound-0295,,False
Ext-MUSAN-noise-noise-free-sound-0296,,False
Ext-MUSAN-noise-noise-free-sound-0297,,False
Ext-MUSAN-noise-noise-free-sound-0298,,False
Ext-MUSAN-noise-noise-free-sound-0299,,False
Ext-MUSAN-noise-noise-free-sound-0300,,False
Ext-MUSAN-noise-noise-free-sound-0301,,False
Ext-MUSAN-noise-noise-free-sound-0302,,False
Ext-MUSAN-noise-noise-free-sound-0303,,False
Ext-MUSAN-noise-noise-free-sound-0304,,False
Ext-MUSAN-noise-noise-free-sound-0305,,False
Ext-MUSAN-noise-noise-free-sound-0306,,False
Ext-MUSAN-noise-noise-free-sound-0307,,False
Ext-MUSAN-noise-noise-free-sound-0308,,False
Ext-MUSAN-noise-noise-free-sound-0309,,False
Ext-MUSAN-noise-noise-free-sound-0310,,False
Ext-MUSAN-noise-noise-free-sound-0311,,False
Ext-MUSAN-noise-noise-free-sound-0312,,False
Ext-MUSAN-noise-noise-free-sound-0313,,False
Ext-MUSAN-noise-noise-free-sound-0314,,False
Ext-MUSAN-noise-noise-free-sound-0315,,False
Ext-MUSAN-noise-noise-free-sound-0316,,False
Ext-MUSAN-noise-noise-free-sound-0317,,False
Ext-MUSAN-noise-noise-free-sound-0318,,False
Ext-MUSAN-noise-noise-free-sound-0319,,False
Ext-MUSAN-noise-noise-free-sound-0320,,False
Ext-MUSAN-noise-noise-free-sound-0321,,False
Ext-MUSAN-noise-noise-free-sound-0322,,False
Ext-MUSAN-noise-noise-free-sound-0323,,False
Ext-MUSAN-noise-noise-free-sound-0324,,False
Ext-MUSAN-noise-noise-free-sound-0325,,False
Ext-MUSAN-noise-noise-free-sound-0326,,False
Ext-MUSAN-noise-noise-free-sound-0327,,False
Ext-MUSAN-noise-noise-free-sound-0328,,False
Ext-MUSAN-noise-noise-free-sound-0329,,False
Ext-MUSAN-noise-noise-free-sound-0330,,False
Ext-MUSAN-noise-noise-free-sound-0331,,False
Ext-MUSAN-noise-noise-free-sound-0332,,False
Ext-MUSAN-noise-noise-free-sound-0333,,False
Ext-MUSAN-noise-noise-free-sound-0334,,False
Ext-MUSAN-noise-noise-free-sound-0335,,False
Ext-MUSAN-noise-noise-free-sound-0336,,False
Ext-MUSAN-noise-noise-free-sound-0337,,False
Ext-MUSAN-noise-noise-free-sound-0338,,False
Ext-MUSAN-noise-noise-free-sound-0339,,False
Ext-MUSAN-noise-noise-free-sound-0340,,False
Ext-MUSAN-noise-noise-free-sound-0341,,False
Ext-MUSAN-noise-noise-free-sound-0342,,False
Ext-MUSAN-noise-noise-free-sound-0343,,False
Ext-MUSAN-noise-noise-free-sound-0344,,False
Ext-MUSAN-noise-noise-free-sound-0345,,False
Ext-MUSAN-noise-noise-free-sound-0346,,False
Ext-MUSAN-noise-noise-free-sound-0347,,False
Ext-MUSAN-noise-noise-free-sound-0348,,False
Ext-MUSAN-noise-noise-free-sound-0349,,False
Ext-MUSAN-noise-noise-free-sound-0350,,False
Ext-MUSAN-noise-noise-free-sound-0351,,False
Ext-MUSAN-noise-noise-free-sound-0352,,False
Ext-MUSAN-noise-noise-free-sound-0353,,False
Ext-MUSAN-noise-noise-free-sound-0354,,False
Ext-MUSAN-noise-noise-free-sound-0355,,False
Ext-MUSAN-noise-noise-free-sound-0356,,False
Ext-MUSAN-noise-noise-free-sound-0357,,False
Ext-MUSAN-noise-noise-free-sound-0358,,False
Ext-MUSAN-noise-noise-free-sound-0359,,False
Ext-MUSAN-noise-noise-free-sound-0360,,False
Ext-MUSAN-noise-noise-free-sound-0361,,False
Ext-MUSAN-noise-noise-free-sound-0362,,False
Ext-MUSAN-noise-noise-free-sound-0363,,False
Ext-MUSAN-noise-noise-free-sound-0364,,False
Ext-MUSAN-noise-noise-free-sound-0365,,False
Ext-MUSAN-noise-noise-free-sound-0366,,False
Ext-MUSAN-noise-noise-free-sound-0367,,False
Ext-MUSAN-noise-noise-free-sound-0368,,False
Ext-MUSAN-noise-noise-free-sound-0369,,False
Ext-MUSAN-noise-noise-free-sound-0370,,False
Ext-MUSAN-noise-noise-free-sound-0371,,False
Ext-MUSAN-noise-noise-free-sound-0372,,False
Ext-MUSAN-noise-noise-free-sound-0373,,False
Ext-MUSAN-noise-noise-free-sound-0374,,False
Ext-MUSAN-noise-noise-free-sound-0375,,False
Ext-MUSAN-noise-noise-free-sound-0376,,False
Ext-MUSAN-noise-noise-free-sound-0377,,False
Ext-MUSAN-noise-noise-free-sound-0378,,False
Ext-MUSAN-noise-noise-free-sound-0379,,False
Ext-MUSAN-noise-noise-free-sound-0380,,False
Ext-MUSAN-noise-noise-free-sound-0381,,False
Ext-MUSAN-noise-noise-free-sound-0382,,False
Ext-MUSAN-noise-noise-free-sound-0383,,False
Ext-MUSAN-noise-noise-free-sound-0384,,False
Ext-MUSAN-noise-noise-free-sound-0385,,False
Ext-MUSAN-noise-noise-free-sound-0386,,False
Ext-MUSAN-noise-noise-free-sound-0387,,False
Ext-MUSAN-noise-noise-free-sound-0388,,False
Ext-MUSAN-noise-noise-free-sound-0389,,False
Ext-MUSAN-noise-noise-free-sound-0390,,False
Ext-MUSAN-noise-noise-free-sound-0391,,False
Ext-MUSAN-noise-noise-free-sound-0392,,False
Ext-MUSAN-noise-noise-free-sound-0393,,False
Ext-MUSAN-noise-noise-free-sound-0394,,False
Ext-MUSAN-noise-noise-free-sound-0395,,False
Ext-MUSAN-noise-noise-free-sound-0396,,False
Ext-MUSAN-noise-noise-free-sound-0397,,False
Ext-MUSAN-noise-noise-free-sound-0398,,False
Ext-MUSAN-noise-noise-free-sound-0399,,False
Ext-MUSAN-noise-noise-free-sound-0400,,False
Ext-MUSAN-noise-noise-free-sound-0401,,False
Ext-MUSAN-noise-noise-free-sound-0402,,False
Ext-MUSAN-noise-noise-free-sound-0403,,False
Ext-MUSAN-noise-noise-free-sound-0404,,False
Ext-MUSAN-noise-noise-free-sound-0405,,False
Ext-MUSAN-noise-noise-free-sound-0406,,False
Ext-MUSAN-noise-noise-free-sound-0407,,False
Ext-MUSAN-noise-noise-free-sound-0408,,False
Ext-MUSAN-noise-noise-free-sound-0409,,False
Ext-MUSAN-noise-noise-free-sound-0410,,False
Ext-MUSAN-noise-noise-free-sound-0411,,False
Ext-MUSAN-noise-noise-free-sound-0412,,False
Ext-MUSAN-noise-noise-free-sound-0413,,False
Ext-MUSAN-noise-noise-free-sound-0414,,False
Ext-MUSAN-noise-noise-free-sound-0415,,False
Ext-MUSAN-noise-noise-free-sound-0416,,False
Ext-MUSAN-noise-noise-free-sound-0417,,False
Ext-MUSAN-noise-noise-free-sound-0418,,False
Ext-MUSAN-noise-noise-free-sound-0419,,False
Ext-MUSAN-noise-noise-free-sound-0420,,False
Ext-MUSAN-noise-noise-free-sound-0421,,False
Ext-MUSAN-noise-noise-free-sound-0422,,False
Ext-MUSAN-noise-noise-free-sound-0423,,False
Ext-MUSAN-noise-noise-free-sound-0424,,False
Ext-MUSAN-noise-noise-free-sound-0425,,False
Ext-MUSAN-noise-noise-free-sound-0426,,False
Ext-MUSAN-noise-noise-free-sound-0427,,False
Ext-MUSAN-noise-noise-free-sound-0428,,False
Ext-MUSAN-noise-noise-free-sound-0429,,False
Ext-MUSAN-noise-noise-free-sound-0430,,False
Ext-MUSAN-noise-noise-free-sound-0431,,False
Ext-MUSAN-noise-noise-free-sound-0432,,False
Ext-MUSAN-noise-noise-free-sound-0433,,False
Ext-MUSAN-noise-noise-free-sound-0434,,False
Ext-MUSAN-noise-noise-free-sound-0435,,False
Ext-MUSAN-noise-noise-free-sound-0436,,False
Ext-MUSAN-noise-noise-free-sound-0437,,False
Ext-MUSAN-noise-noise-free-sound-0438,,False
Ext-MUSAN-noise-noise-free-sound-0439,,False
Ext-MUSAN-noise-noise-free-sound-0440,,False
Ext-MUSAN-noise-noise-free-sound-0441,,False
Ext-MUSAN-noise-noise-free-sound-0442,,False
Ext-MUSAN-noise-noise-free-sound-0443,,False
Ext-MUSAN-noise-noise-free-sound-0444,,False
Ext-MUSAN-noise-noise-free-sound-0445,,False
Ext-MUSAN-noise-noise-free-sound-0446,,False
Ext-MUSAN-noise-noise-free-sound-0447,,False
Ext-MUSAN-noise-noise-free-sound-0448,,False
Ext-MUSAN-noise-noise-free-sound-0449,,False
Ext-MUSAN-noise-noise-free-sound-0450,,False
Ext-MUSAN-noise-noise-free-sound-0451,,False
Ext-MUSAN-noise-noise-free-sound-0452,,False
Ext-MUSAN-noise-noise-free-sound-0453,,False
Ext-MUSAN-noise-noise-free-sound-0454,,False
Ext-MUSAN-noise-noise-free-sound-0455,,False
Ext-MUSAN-noise-noise-free-sound-0456,,False
Ext-MUSAN-noise-noise-free-sound-0457,,False
Ext-MUSAN-noise-noise-free-sound-0458,,False
Ext-MUSAN-noise-noise-free-sound-0459,,False
Ext-MUSAN-noise-noise-free-sound-0460,,False
Ext-MUSAN-noise-noise-free-sound-0461,,False
Ext-MUSAN-noise-noise-free-sound-0462,,False
Ext-MUSAN-noise-noise-free-sound-0463,,False
Ext-MUSAN-noise-noise-free-sound-0464,,False
Ext-MUSAN-noise-noise-free-sound-0465,,False
Ext-MUSAN-noise-noise-free-sound-0466,,False
Ext-MUSAN-noise-noise-free-sound-0467,,False
Ext-MUSAN-noise-noise-free-sound-0468,,False
Ext-MUSAN-noise-noise-free-sound-0469,,False
Ext-MUSAN-noise-noise-free-sound-0470,,False
Ext-MUSAN-noise-noise-free-sound-0471,,False
Ext-MUSAN-noise-noise-free-sound-0472,,False
Ext-MUSAN-noise-noise-free-sound-0473,,False
Ext-MUSAN-noise-noise-free-sound-0474,,False
Ext-MUSAN-noise-noise-free-sound-0475,,False
Ext-MUSAN-noise-noise-free-sound-0476,,False
Ext-MUSAN-noise-noise-free-sound-0477,,False
Ext-MUSAN-noise-noise-free-sound-0478,,False
Ext-MUSAN-noise-noise-free-sound-0479,,False
Ext-MUSAN-noise-noise-free-sound-0480,,False
Ext-MUSAN-noise-noise-free-sound-0481,,False
Ext-MUSAN-noise-noise-free-sound-0482,,False
Ext-MUSAN-noise-noise-free-sound-0483,,False
Ext-MUSAN-noise-noise-free-sound-0484,,False
Ext-MUSAN-noise-noise-free-sound-0485,,False
Ext-MUSAN-noise-noise-free-sound-0486,,False
Ext-MUSAN-noise-noise-free-sound-0487,,False
Ext-MUSAN-noise-noise-free-sound-0488,,False
Ext-MUSAN-noise-noise-free-sound-0489,,False
Ext-MUSAN-noise-noise-free-sound-0490,,False
Ext-MUSAN-noise-noise-free-sound-0491,,False
Ext-MUSAN-noise-noise-free-sound-0492,,False
Ext-MUSAN-noise-noise-free-sound-0493,,False
Ext-MUSAN-noise-noise-free-sound-0494,,False
Ext-MUSAN-noise-noise-free-sound-0495,,False
Ext-MUSAN-noise-noise-free-sound-0496,,False
Ext-MUSAN-noise-noise-free-sound-0497,,False
Ext-MUSAN-noise-noise-free-sound-0498,,False
Ext-MUSAN-noise-noise-free-sound-0499,,False
Ext-MUSAN-noise-noise-free-sound-0500,,False
Ext-MUSAN-noise-noise-free-sound-0501,,False
Ext-MUSAN-noise-noise-free-sound-0502,,False
Ext-MUSAN-noise-noise-free-sound-0503,,False
Ext-MUSAN-noise-noise-free-sound-0504,,False
Ext-MUSAN-noise-noise-free-sound-0505,,False
Ext-MUSAN-noise-noise-free-sound-0506,,False
Ext-MUSAN-noise-noise-free-sound-0507,,False
Ext-MUSAN-noise-noise-free-sound-0508,,False
Ext-MUSAN-noise-noise-free-sound-0509,,False
Ext-MUSAN-noise-noise-free-sound-0510,,False
Ext-MUSAN-noise-noise-free-sound-0511,,False
Ext-MUSAN-noise-noise-free-sound-0512,,False
Ext-MUSAN-noise-noise-free-sound-0513,,False
Ext-MUSAN-noise-noise-free-sound-0514,,False
Ext-MUSAN-noise-noise-free-sound-0515,,False
Ext-MUSAN-noise-noise-free-sound-0516,,False
Ext-MUSAN-noise-noise-free-sound-0517,,False
Ext-MUSAN-noise-noise-free-sound-0518,,False
Ext-MUSAN-noise-noise-free-sound-0519,,False
Ext-MUSAN-noise-noise-free-sound-0520,,False
Ext-MUSAN-noise-noise-free-sound-0521,,False
Ext-MUSAN-noise-noise-free-sound-0522,,False
Ext-MUSAN-noise-noise-free-sound-0523,,False
Ext-MUSAN-noise-noise-free-sound-0524,,False
Ext-MUSAN-noise-noise-free-sound-0525,,False
Ext-MUSAN-noise-noise-free-sound-0526,,False
Ext-MUSAN-noise-noise-free-sound-0527,,False
Ext-MUSAN-noise-noise-free-sound-0528,,False
Ext-MUSAN-noise-noise-free-sound-0529,,False
Ext-MUSAN-noise-noise-free-sound-0530,,False
Ext-MUSAN-noise-noise-free-sound-0531,,False
Ext-MUSAN-noise-noise-free-sound-0532,,False
Ext-MUSAN-noise-noise-free-sound-0533,,False
Ext-MUSAN-noise-noise-free-sound-0534,,False
Ext-MUSAN-noise-noise-free-sound-0535,,False
Ext-MUSAN-noise-noise-free-sound-0536,,False
Ext-MUSAN-noise-noise-free-sound-0537,,False
Ext-MUSAN-noise-noise-free-sound-0538,,False
Ext-MUSAN-noise-noise-free-sound-0539,,False
Ext-MUSAN-noise-noise-free-sound-0540,,False
Ext-MUSAN-noise-noise-free-sound-0541,,False
Ext-MUSAN-noise-noise-free-sound-0542,,False
Ext-MUSAN-noise-noise-free-sound-0543,,False
Ext-MUSAN-noise-noise-free-sound-0544,,False
Ext-MUSAN-noise-noise-free-sound-0545,,False
Ext-MUSAN-noise-noise-free-sound-0546,,False
Ext-MUSAN-noise-noise-free-sound-0547,,False
Ext-MUSAN-noise-noise-free-sound-0548,,False
Ext-MUSAN-noise-noise-free-sound-0549,,False
Ext-MUSAN-noise-noise-free-sound-0550,,False
Ext-MUSAN-noise-noise-free-sound-0551,,False
Ext-MUSAN-noise-noise-free-sound-0552,,False
Ext-MUSAN-noise-noise-free-sound-0553,,False
Ext-MUSAN-noise-noise-free-sound-0554,,False
Ext-MUSAN-noise-noise-free-sound-0555,,False
Ext-MUSAN-noise-noise-free-sound-0556,,False
Ext-MUSAN-noise-noise-free-sound-0557,,False
Ext-MUSAN-noise-noise-free-sound-0558,,False
Ext-MUSAN-noise-noise-free-sound-0559,,False
Ext-MUSAN-noise-noise-free-sound-0560,,False
Ext-MUSAN-noise-noise-free-sound-0561,,False
Ext-MUSAN-noise-noise-free-sound-0562,,False
Ext-MUSAN-noise-noise-free-sound-0563,,False
Ext-MUSAN-noise-noise-free-sound-0564,,False
Ext-MUSAN-noise-noise-free-sound-0565,,False
Ext-MUSAN-noise-noise-free-sound-0566,,False
Ext-MUSAN-noise-noise-free-sound-0567,,False
Ext-MUSAN-noise-noise-free-sound-0568,,False
Ext-MUSAN-noise-noise-free-sound-0569,,False
Ext-MUSAN-noise-noise-free-sound-0570,,False
Ext-MUSAN-noise-noise-free-sound-0571,,False
Ext-MUSAN-noise-noise-free-sound-0572,,False
Ext-MUSAN-noise-noise-free-sound-0573,,False
Ext-MUSAN-noise-noise-free-sound-0574,,False
Ext-MUSAN-noise-noise-free-sound-0575,,False
Ext-MUSAN-noise-noise-free-sound-0576,,False
Ext-MUSAN-noise-noise-free-sound-0577,,False
Ext-MUSAN-noise-noise-free-sound-0578,,False
Ext-MUSAN-noise-noise-free-sound-0579,,False
Ext-MUSAN-noise-noise-free-sound-0580,,False
Ext-MUSAN-noise-noise-free-sound-0581,,False
Ext-MUSAN-noise-noise-free-sound-0582,,False
Ext-MUSAN-noise-noise-free-sound-0583,,False
Ext-MUSAN-noise-noise-free-sound-0584,,False
Ext-MUSAN-noise-noise-free-sound-0585,,False
Ext-MUSAN-noise-noise-free-sound-0586,,False
Ext-MUSAN-noise-noise-free-sound-0587,,False
Ext-MUSAN-noise-noise-free-sound-0588,,False
Ext-MUSAN-noise-noise-free-sound-0589,,False
Ext-MUSAN-noise-noise-free-sound-0590,,False
Ext-MUSAN-noise-noise-free-sound-0591,,False
Ext-MUSAN-noise-noise-free-sound-0592,,False
Ext-MUSAN-noise-noise-free-sound-0593,,False
Ext-MUSAN-noise-noise-free-sound-0594,,False
Ext-MUSAN-noise-noise-free-sound-0595,,False
Ext-MUSAN-noise-noise-free-sound-0596,,False
Ext-MUSAN-noise-noise-free-sound-0597,,False
Ext-MUSAN-noise-noise-free-sound-0598,,False
Ext-MUSAN-noise-noise-free-sound-0599,,False
Ext-MUSAN-noise-noise-free-sound-0600,,False
Ext-MUSAN-noise-noise-free-sound-0601,,False
Ext-MUSAN-noise-noise-free-sound-0602,,False
Ext-MUSAN-noise-noise-free-sound-0603,,False
Ext-MUSAN-noise-noise-free-sound-0604,,False
Ext-MUSAN-noise-noise-free-sound-0605,,False
Ext-MUSAN-noise-noise-free-sound-0606,,False
Ext-MUSAN-noise-noise-free-sound-0607,,False
Ext-MUSAN-noise-noise-free-sound-0608,,False
Ext-MUSAN-noise-noise-free-sound-0609,,False
Ext-MUSAN-noise-noise-free-sound-0610,,False
Ext-MUSAN-noise-noise-free-sound-0611,,False
Ext-MUSAN-noise-noise-free-sound-0612,,False
Ext-MUSAN-noise-noise-free-sound-0613,,False
Ext-MUSAN-noise-noise-free-sound-0614,,False
Ext-MUSAN-noise-noise-free-sound-0615,,False
Ext-MUSAN-noise-noise-free-sound-0616,,False
Ext-MUSAN-noise-noise-free-sound-0617,,False
Ext-MUSAN-noise-noise-free-sound-0618,,False
Ext-MUSAN-noise-noise-free-sound-0619,,False
Ext-MUSAN-noise-noise-free-sound-0620,,False
Ext-MUSAN-noise-noise-free-sound-0621,,False
Ext-MUSAN-noise-noise-free-sound-0622,,False
Ext-MUSAN-noise-noise-free-sound-0623,,False
Ext-MUSAN-noise-noise-free-sound-0624,,False
Ext-MUSAN-noise-noise-free-sound-0625,,False
Ext-MUSAN-noise-noise-free-sound-0626,,False
Ext-MUSAN-noise-noise-free-sound-0627,,False
Ext-MUSAN-noise-noise-free-sound-0628,,False
Ext-MUSAN-noise-noise-free-sound-0629,,False
Ext-MUSAN-noise-noise-free-sound-0630,,False
Ext-MUSAN-noise-noise-free-sound-0631,,False
Ext-MUSAN-noise-noise-free-sound-0632,,False
Ext-MUSAN-noise-noise-free-sound-0633,,False
Ext-MUSAN-noise-noise-free-sound-0634,,False
Ext-MUSAN-noise-noise-free-sound-0635,,False
Ext-MUSAN-noise-noise-free-sound-0636,,False
Ext-MUSAN-noise-noise-free-sound-0637,,False
Ext-MUSAN-noise-noise-free-sound-0638,,False
Ext-MUSAN-noise-noise-free-sound-0639,,False
Ext-MUSAN-noise-noise-free-sound-0640,,False
Ext-MUSAN-noise-noise-free-sound-0641,,False
Ext-MUSAN-noise-noise-free-sound-0642,,False
Ext-MUSAN-noise-noise-free-sound-0643,,False
Ext-MUSAN-noise-noise-free-sound-0644,,False
Ext-MUSAN-noise-noise-free-sound-0645,,False
Ext-MUSAN-noise-noise-free-sound-0646,,False
Ext-MUSAN-noise-noise-free-sound-0647,,False
Ext-MUSAN-noise-noise-free-sound-0648,,False
Ext-MUSAN-noise-noise-free-sound-0649,,False
Ext-MUSAN-noise-noise-free-sound-0650,,False
Ext-MUSAN-noise-noise-free-sound-0651,,False
Ext-MUSAN-noise-noise-free-sound-0652,,False
Ext-MUSAN-noise-noise-free-sound-0653,,False
Ext-MUSAN-noise-noise-free-sound-0654,,False
Ext-MUSAN-noise-noise-free-sound-0655,,False
Ext-MUSAN-noise-noise-free-sound-0656,,False
Ext-MUSAN-noise-noise-free-sound-0657,,False
Ext-MUSAN-noise-noise-free-sound-0658,,False
Ext-MUSAN-noise-noise-free-sound-0659,,False
Ext-MUSAN-noise-noise-free-sound-0660,,False
Ext-MUSAN-noise-noise-free-sound-0661,,False
Ext-MUSAN-noise-noise-free-sound-0662,,False
Ext-MUSAN-noise-noise-free-sound-0663,,False
Ext-MUSAN-noise-noise-free-sound-0664,,False
Ext-MUSAN-noise-noise-free-sound-0665,,False
Ext-MUSAN-noise-noise-free-sound-0666,,False
Ext-MUSAN-noise-noise-free-sound-0667,,False
Ext-MUSAN-noise-noise-free-sound-0668,,False
Ext-MUSAN-noise-noise-free-sound-0669,,False
Ext-MUSAN-noise-noise-free-sound-0670,,False
Ext-MUSAN-noise-noise-free-sound-0671,,False
Ext-MUSAN-noise-noise-free-sound-0672,,False
Ext-MUSAN-noise-noise-free-sound-0673,,False
Ext-MUSAN-noise-noise-free-sound-0674,,False
Ext-MUSAN-noise-noise-free-sound-0675,,False
Ext-MUSAN-noise-noise-free-sound-0676,,False
Ext-MUSAN-noise-noise-free-sound-0677,,False
Ext-MUSAN-noise-noise-free-sound-0678,,False
Ext-MUSAN-noise-noise-free-sound-0679,,False
Ext-MUSAN-noise-noise-free-sound-0680,,False
Ext-MUSAN-noise-noise-free-sound-0681,,False
Ext-MUSAN-noise-noise-free-sound-0682,,False
Ext-MUSAN-noise-noise-free-sound-0683,,False
Ext-MUSAN-noise-noise-free-sound-0684,,False
Ext-MUSAN-noise-noise-free-sound-0685,,False
Ext-MUSAN-noise-noise-free-sound-0686,,False
Ext-MUSAN-noise-noise-free-sound-0687,,False
Ext-MUSAN-noise-noise-free-sound-0688,,False
Ext-MUSAN-noise-noise-free-sound-0689,,False
Ext-MUSAN-noise-noise-free-sound-0690,,False
Ext-MUSAN-noise-noise-free-sound-0691,,False
Ext-MUSAN-noise-noise-free-sound-0692,,False
Ext-MUSAN-noise-noise-free-sound-0693,,False
Ext-MUSAN-noise-noise-free-sound-0694,,False
Ext-MUSAN-noise-noise-free-sound-0695,,False
Ext-MUSAN-noise-noise-free-sound-0696,,False
Ext-MUSAN-noise-noise-free-sound-0697,,False
Ext-MUSAN-noise-noise-free-sound-0698,,False
Ext-MUSAN-noise-noise-free-sound-0699,,False
Ext-MUSAN-noise-noise-free-sound-0700,,False
Ext-MUSAN-noise-noise-free-sound-0701,,False
Ext-MUSAN-noise-noise-free-sound-0702,,False
Ext-MUSAN-noise-noise-free-sound-0703,,False
Ext-MUSAN-noise-noise-free-sound-0704,,False
Ext-MUSAN-noise-noise-free-sound-0705,,False
Ext-MUSAN-noise-noise-free-sound-0706,,False
Ext-MUSAN-noise-noise-free-sound-0707,,False
Ext-MUSAN-noise-noise-free-sound-0708,,False
Ext-MUSAN-noise-noise-free-sound-0709,,False
Ext-MUSAN-noise-noise-free-sound-0710,,False
Ext-MUSAN-noise-noise-free-sound-0711,,False
Ext-MUSAN-noise-noise-free-sound-0712,,False
Ext-MUSAN-noise-noise-free-sound-0713,,False
Ext-MUSAN-noise-noise-free-sound-0714,,False
Ext-MUSAN-noise-noise-free-sound-0715,,False
Ext-MUSAN-noise-noise-free-sound-0716,,False
Ext-MUSAN-noise-noise-free-sound-0717,,False
Ext-MUSAN-noise-noise-free-sound-0718,,False
Ext-MUSAN-noise-noise-free-sound-0719,,False
Ext-MUSAN-noise-noise-free-sound-0720,,False
Ext-MUSAN-noise-noise-free-sound-0721,,False
Ext-MUSAN-noise-noise-free-sound-0722,,False
Ext-MUSAN-noise-noise-free-sound-0723,,False
Ext-MUSAN-noise-noise-free-sound-0724,,False
Ext-MUSAN-noise-noise-free-sound-0725,,False
Ext-MUSAN-noise-noise-free-sound-0726,,False
Ext-MUSAN-noise-noise-free-sound-0727,,False
Ext-MUSAN-noise-noise-free-sound-0728,,False
Ext-MUSAN-noise-noise-free-sound-0729,,False
Ext-MUSAN-noise-noise-free-sound-0730,,False
Ext-MUSAN-noise-noise-free-sound-0731,,False
Ext-MUSAN-noise-noise-free-sound-0732,,False
Ext-MUSAN-noise-noise-free-sound-0733,,False
Ext-MUSAN-noise-noise-free-sound-0734,,False
Ext-MUSAN-noise-noise-free-sound-0735,,False
Ext-MUSAN-noise-noise-free-sound-0736,,False
Ext-MUSAN-noise-noise-free-sound-0737,,False
Ext-MUSAN-noise-noise-free-sound-0738,,False
Ext-MUSAN-noise-noise-free-sound-0739,,False
Ext-MUSAN-noise-noise-free-sound-0740,,False
Ext-MUSAN-noise-noise-free-sound-0741,,False
Ext-MUSAN-noise-noise-free-sound-0742,,False
Ext-MUSAN-noise-noise-free-sound-0743,,False
Ext-MUSAN-noise-noise-free-sound-0744,,False
Ext-MUSAN-noise-noise-free-sound-0745,,False
Ext-MUSAN-noise-noise-free-sound-0746,,False
Ext-MUSAN-noise-noise-free-sound-0747,,False
Ext-MUSAN-noise-noise-free-sound-0748,,False
Ext-MUSAN-noise-noise-free-sound-0749,,False
Ext-MUSAN-noise-noise-free-sound-0750,,False
Ext-MUSAN-noise-noise-free-sound-0751,,False
Ext-MUSAN-noise-noise-free-sound-0752,,False
Ext-MUSAN-noise-noise-free-sound-0753,,False
Ext-MUSAN-noise-noise-free-sound-0754,,False
Ext-MUSAN-noise-noise-free-sound-0755,,False
Ext-MUSAN-noise-noise-free-sound-0756,,False
Ext-MUSAN-noise-noise-free-sound-0757,,False
Ext-MUSAN-noise-noise-free-sound-0758,,False
Ext-MUSAN-noise-noise-free-sound-0759,,False
Ext-MUSAN-noise-noise-free-sound-0760,,False
Ext-MUSAN-noise-noise-free-sound-0761,,False
Ext-MUSAN-noise-noise-free-sound-0762,,False
Ext-MUSAN-noise-noise-free-sound-0763,,False
Ext-MUSAN-noise-noise-free-sound-0764,,False
Ext-MUSAN-noise-noise-free-sound-0765,,False
Ext-MUSAN-noise-noise-free-sound-0766,,False
Ext-MUSAN-noise-noise-free-sound-0767,,False
Ext-MUSAN-noise-noise-free-sound-0768,,False
Ext-MUSAN-noise-noise-free-sound-0769,,False
Ext-MUSAN-noise-noise-free-sound-0770,,False
Ext-MUSAN-noise-noise-free-sound-0771,,False
Ext-MUSAN-noise-noise-free-sound-0772,,False
Ext-MUSAN-noise-noise-free-sound-0773,,False
Ext-MUSAN-noise-noise-free-sound-0774,,False
Ext-MUSAN-noise-noise-free-sound-0775,,False
Ext-MUSAN-noise-noise-free-sound-0776,,False
Ext-MUSAN-noise-noise-free-sound-0777,,False
Ext-MUSAN-noise-noise-free-sound-0778,,False
Ext-MUSAN-noise-noise-free-sound-0779,,False
Ext-MUSAN-noise-noise-free-sound-0780,,False
Ext-MUSAN-noise-noise-free-sound-0781,,False
Ext-MUSAN-noise-noise-free-sound-0782,,False
Ext-MUSAN-noise-noise-free-sound-0783,,False
Ext-MUSAN-noise-noise-free-sound-0784,,False
Ext-MUSAN-noise-noise-free-sound-0785,,False
Ext-MUSAN-noise-noise-free-sound-0786,,False
Ext-MUSAN-noise-noise-free-sound-0787,,False
Ext-MUSAN-noise-noise-free-sound-0788,,False
Ext-MUSAN-noise-noise-free-sound-0789,,False
Ext-MUSAN-noise-noise-free-sound-0790,,False
Ext-MUSAN-noise-noise-free-sound-0791,,False
Ext-MUSAN-noise-noise-free-sound-0792,,False
Ext-MUSAN-noise-noise-free-sound-0793,,False
Ext-MUSAN-noise-noise-free-sound-0794,,False
Ext-MUSAN-noise-noise-free-sound-0795,,False
Ext-MUSAN-noise-noise-free-sound-0796,,False
Ext-MUSAN-noise-noise-free-sound-0797,,False
Ext-MUSAN-noise-noise-free-sound-0798,,False
Ext-MUSAN-noise-noise-free-sound-0799,,False
Ext-MUSAN-noise-noise-free-sound-0800,,False
Ext-MUSAN-noise-noise-free-sound-0801,,False
Ext-MUSAN-noise-noise-free-sound-0802,,False
Ext-MUSAN-noise-noise-free-sound-0803,,False
Ext-MUSAN-noise-noise-free-sound-0804,,False
Ext-MUSAN-noise-noise-free-sound-0805,,False
Ext-MUSAN-noise-noise-free-sound-0806,,False
Ext-MUSAN-noise-noise-free-sound-0807,,False
Ext-MUSAN-noise-noise-free-sound-0808,,False
Ext-MUSAN-noise-noise-free-sound-0809,,False
Ext-MUSAN-noise-noise-free-sound-0810,,False
Ext-MUSAN-noise-noise-free-sound-0811,,False
Ext-MUSAN-noise-noise-free-sound-0812,,False
Ext-MUSAN-noise-noise-free-sound-0813,,False
Ext-MUSAN-noise-noise-free-sound-0814,,False
Ext-MUSAN-noise-noise-free-sound-0815,,False
Ext-MUSAN-noise-noise-free-sound-0816,,False
Ext-MUSAN-noise-noise-free-sound-0817,,False
Ext-MUSAN-noise-noise-free-sound-0818,,False
Ext-MUSAN-noise-noise-free-sound-0819,,False
Ext-MUSAN-noise-noise-free-sound-0820,,False
Ext-MUSAN-noise-noise-free-sound-0821,,False
Ext-MUSAN-noise-noise-free-sound-0822,,False
Ext-MUSAN-noise-noise-free-sound-0823,,False
Ext-MUSAN-noise-noise-free-sound-0824,,False
Ext-MUSAN-noise-noise-free-sound-0825,,False
Ext-MUSAN-noise-noise-free-sound-0826,,False
Ext-MUSAN-noise-noise-free-sound-0827,,False
Ext-MUSAN-noise-noise-free-sound-0828,,False
Ext-MUSAN-noise-noise-free-sound-0829,,False
Ext-MUSAN-noise-noise-free-sound-0830,,False
Ext-MUSAN-noise-noise-free-sound-0831,,False
Ext-MUSAN-noise-noise-free-sound-0832,,False
Ext-MUSAN-noise-noise-free-sound-0833,,False
Ext-MUSAN-noise-noise-free-sound-0834,,False
Ext-MUSAN-noise-noise-free-sound-0835,,False
Ext-MUSAN-noise-noise-free-sound-0836,,False
Ext-MUSAN-noise-noise-free-sound-0837,,False
Ext-MUSAN-noise-noise-free-sound-0838,,False
Ext-MUSAN-noise-noise-free-sound-0839,,False
Ext-MUSAN-noise-noise-free-sound-0840,,False
Ext-MUSAN-noise-noise-free-sound-0841,,False
Ext-MUSAN-noise-noise-free-sound-0842,,False
Ext-MUSAN-noise-noise-sound-bible-0000,,False
Ext-MUSAN-noise-noise-sound-bible-0001,,False
Ext-MUSAN-noise-noise-sound-bible-0002,,False
Ext-MUSAN-noise-noise-sound-bible-0003,,False
Ext-MUSAN-noise-noise-sound-bible-0004,,False
Ext-MUSAN-noise-noise-sound-bible-0005,,False
Ext-MUSAN-noise-noise-sound-bible-0006,,False
Ext-MUSAN-noise-noise-sound-bible-0007,,False
Ext-MUSAN-noise-noise-sound-bible-0008,,False
Ext-MUSAN-noise-noise-sound-bible-0009,,False
Ext-MUSAN-noise-noise-sound-bible-0010,,False
Ext-MUSAN-noise-noise-sound-bible-0011,,False
Ext-MUSAN-noise-noise-sound-bible-0012,,False
Ext-MUSAN-noise-noise-sound-bible-0013,,False
Ext-MUSAN-noise-noise-sound-bible-0014,,False
Ext-MUSAN-noise-noise-sound-bible-0015,,False
Ext-MUSAN-noise-noise-sound-bible-0016,,False
Ext-MUSAN-noise-noise-sound-bible-0017,,False
Ext-MUSAN-noise-noise-sound-bible-0018,,False
Ext-MUSAN-noise-noise-sound-bible-0019,,False
Ext-MUSAN-noise-noise-sound-bible-0020,,False
Ext-MUSAN-noise-noise-sound-bible-0021,,False
Ext-MUSAN-noise-noise-sound-bible-0022,,False
Ext-MUSAN-noise-noise-sound-bible-0023,,False
Ext-MUSAN-noise-noise-sound-bible-0024,,False
Ext-MUSAN-noise-noise-sound-bible-0025,,False
Ext-MUSAN-noise-noise-sound-bible-0026,,False
Ext-MUSAN-noise-noise-sound-bible-0027,,False
Ext-MUSAN-noise-noise-sound-bible-0028,,False
Ext-MUSAN-noise-noise-sound-bible-0029,,False
Ext-MUSAN-noise-noise-sound-bible-0030,,False
Ext-MUSAN-noise-noise-sound-bible-0031,,False
Ext-MUSAN-noise-noise-sound-bible-0032,,False
Ext-MUSAN-noise-noise-sound-bible-0033,,False
Ext-MUSAN-noise-noise-sound-bible-0034,,False
Ext-MUSAN-noise-noise-sound-bible-0035,,False
Ext-MUSAN-noise-noise-sound-bible-0036,,False
Ext-MUSAN-noise-noise-sound-bible-0037,,False
Ext-MUSAN-noise-noise-sound-bible-0038,,False
Ext-MUSAN-noise-noise-sound-bible-0039,,False
Ext-MUSAN-noise-noise-sound-bible-0040,,False
Ext-MUSAN-noise-noise-sound-bible-0041,,False
Ext-MUSAN-noise-noise-sound-bible-0042,,False
Ext-MUSAN-noise-noise-sound-bible-0043,,False
Ext-MUSAN-noise-noise-sound-bible-0044,,False
Ext-MUSAN-noise-noise-sound-bible-0045,,False
Ext-MUSAN-noise-noise-sound-bible-0046,,False
Ext-MUSAN-noise-noise-sound-bible-0047,,False
Ext-MUSAN-noise-noise-sound-bible-0048,,False
Ext-MUSAN-noise-noise-sound-bible-0049,,False
Ext-MUSAN-noise-noise-sound-bible-0050,,False
Ext-MUSAN-noise-noise-sound-bible-0051,,False
Ext-MUSAN-noise-noise-sound-bible-0052,,False
Ext-MUSAN-noise-noise-sound-bible-0053,,False
Ext-MUSAN-noise-noise-sound-bible-0054,,False
Ext-MUSAN-noise-noise-sound-bible-0055,,False
Ext-MUSAN-noise-noise-sound-bible-0056,,False
Ext-MUSAN-noise-noise-sound-bible-0057,,False
Ext-MUSAN-noise-noise-sound-bible-0058,,False
Ext-MUSAN-noise-noise-sound-bible-0059,,False
Ext-MUSAN-noise-noise-sound-bible-0060,,False
Ext-MUSAN-noise-noise-sound-bible-0061,,False
Ext-MUSAN-noise-noise-sound-bible-0062,,False
Ext-MUSAN-noise-noise-sound-bible-0063,,False
Ext-MUSAN-noise-noise-sound-bible-0064,,False
Ext-MUSAN-noise-noise-sound-bible-0065,,False
Ext-MUSAN-noise-noise-sound-bible-0066,,False
Ext-MUSAN-noise-noise-sound-bible-0067,,False
Ext-MUSAN-noise-noise-sound-bible-0068,,False
Ext-MUSAN-noise-noise-sound-bible-0069,,False
Ext-MUSAN-noise-noise-sound-bible-0070,,False
Ext-MUSAN-noise-noise-sound-bible-0071,,False
Ext-MUSAN-noise-noise-sound-bible-0072,,False
Ext-MUSAN-noise-noise-sound-bible-0073,,False
Ext-MUSAN-noise-noise-sound-bible-0074,,False
Ext-MUSAN-noise-noise-sound-bible-0075,,False
Ext-MUSAN-noise-noise-sound-bible-0076,,False
Ext-MUSAN-noise-noise-sound-bible-0077,,False
Ext-MUSAN-noise-noise-sound-bible-0078,,False
Ext-MUSAN-noise-noise-sound-bible-0079,,False
Ext-MUSAN-noise-noise-sound-bible-0080,,False
Ext-MUSAN-noise-noise-sound-bible-0081,,False
Ext-MUSAN-noise-noise-sound-bible-0082,,False
Ext-MUSAN-noise-noise-sound-bible-0083,,False
Ext-MUSAN-noise-noise-sound-bible-0084,,False
Ext-MUSAN-noise-noise-sound-bible-0085,,False
Ext-MUSAN-noise-noise-sound-bible-0086,,False
Ext-MUSAN-speech-speech-librivox-0000,,False
Ext-MUSAN-speech-speech-librivox-0002,,False
Ext-MUSAN-speech-speech-librivox-0003,,False
Ext-MUSAN-speech-speech-librivox-0006,,False
Ext-MUSAN-speech-speech-librivox-0007,,False
Ext-MUSAN-speech-speech-librivox-0008,,False
Ext-MUSAN-speech-speech-librivox-0011,,False
Ext-MUSAN-speech-speech-librivox-0013,,False
Ext-MUSAN-speech-speech-librivox-0016,,False
Ext-MUSAN-speech-speech-librivox-0019,,False
Ext-MUSAN-speech-speech-librivox-0021,,False
Ext-MUSAN-speech-speech-librivox-0022,,False
Ext-MUSAN-speech-speech-librivox-0023,,False
Ext-MUSAN-speech-speech-librivox-0024,,False
Ext-MUSAN-speech-speech-librivox-0025,,False
Ext-MUSAN-speech-speech-librivox-0028,,False
Ext-MUSAN-speech-speech-librivox-0029,,False
Ext-MUSAN-speech-speech-librivox-0031,,False
Ext-MUSAN-speech-speech-librivox-0032,,False
Ext-MUSAN-speech-speech-librivox-0035,,False
Ext-MUSAN-speech-speech-librivox-0040,,False
Ext-MUSAN-speech-speech-librivox-0042,,False
Ext-MUSAN-speech-speech-librivox-0048,,False
Ext-MUSAN-speech-speech-librivox-0050,,False
Ext-MUSAN-speech-speech-librivox-0052,,False
Ext-MUSAN-speech-speech-librivox-0053,,False
Ext-MUSAN-speech-speech-librivox-0055,,False
Ext-MUSAN-speech-speech-librivox-0059,,False
Ext-MUSAN-speech-speech-librivox-0061,,False
Ext-MUSAN-speech-speech-librivox-0062,,False
Ext-MUSAN-speech-speech-librivox-0063,,False
Ext-MUSAN-speech-speech-librivox-0066,,False
Ext-MUSAN-speech-speech-librivox-0070,,False
Ext-MUSAN-speech-speech-librivox-0074,,False
Ext-MUSAN-speech-speech-librivox-0075,,False
Ext-MUSAN-speech-speech-librivox-0076,,False
Ext-MUSAN-speech-speech-librivox-0079,,False
Ext-MUSAN-speech-speech-librivox-0080,,False
Ext-MUSAN-speech-speech-librivox-0082,,False
Ext-MUSAN-speech-speech-librivox-0085,,False
Ext-MUSAN-speech-speech-librivox-0087,,False
Ext-MUSAN-speech-speech-librivox-0088,,False
Ext-MUSAN-speech-speech-librivox-0089,,False
Ext-MUSAN-speech-speech-librivox-0091,,False
Ext-MUSAN-speech-speech-librivox-0092,,False
Ext-MUSAN-speech-speech-librivox-0094,,False
Ext-MUSAN-speech-speech-librivox-0095,,False
Ext-MUSAN-speech-speech-librivox-0104,,False
Ext-MUSAN-speech-speech-librivox-0105,,False
Ext-MUSAN-speech-speech-librivox-0106,,False
Ext-MUSAN-speech-speech-librivox-0108,,False
Ext-MUSAN-speech-speech-librivox-0111,,False
Ext-MUSAN-speech-speech-librivox-0113,,False
Ext-MUSAN-speech-speech-librivox-0116,,False
Ext-MUSAN-speech-speech-librivox-0118,,False
Ext-MUSAN-speech-speech-librivox-0119,,False
Ext-MUSAN-speech-speech-librivox-0120,,False
Ext-MUSAN-speech-speech-librivox-0121,,False
Ext-MUSAN-speech-speech-librivox-0123,,False
Ext-MUSAN-speech-speech-librivox-0124,,False
Ext-MUSAN-speech-speech-librivox-0125,,False
Ext-MUSAN-speech-speech-librivox-0126,,False
Ext-MUSAN-speech-speech-librivox-0128,,False
Ext-MUSAN-speech-speech-librivox-0129,,False
Ext-MUSAN-speech-speech-librivox-0132,,False
Ext-MUSAN-speech-speech-librivox-0133,,False
Ext-MUSAN-speech-speech-librivox-0136,,False
Ext-MUSAN-speech-speech-librivox-0138,,False
Ext-MUSAN-speech-speech-librivox-0139,,False
Ext-MUSAN-speech-speech-librivox-0142,,False
Ext-MUSAN-speech-speech-librivox-0146,,False
Ext-MUSAN-speech-speech-librivox-0147,,False
Ext-MUSAN-speech-speech-librivox-0148,,False
Ext-MUSAN-speech-speech-librivox-0150,,False
Ext-MUSAN-speech-speech-librivox-0152,,False
Ext-MUSAN-speech-speech-librivox-0153,,False
Ext-MUSAN-speech-speech-librivox-0157,,False
Ext-MUSAN-speech-speech-librivox-0158,,False
Ext-MUSAN-speech-speech-librivox-0159,,False
Ext-MUSAN-speech-speech-librivox-0162,,False
Ext-MUSAN-speech-speech-librivox-0163,,False
Ext-MUSAN-speech-speech-librivox-0166,,False
Ext-MUSAN-speech-speech-librivox-0167,,False
Ext-MUSAN-speech-speech-librivox-0168,,False
Ext-MUSAN-speech-speech-librivox-0169,,False
Ext-MUSAN-speech-speech-us-gov-0001,,False
Ext-MUSAN-speech-speech-us-gov-0004,,False
Ext-MUSAN-speech-speech-us-gov-0006,,False
Ext-MUSAN-speech-speech-us-gov-0007,,False
Ext-MUSAN-speech-speech-us-gov-0008,,False
Ext-MUSAN-speech-speech-us-gov-0010,,False
Ext-MUSAN-speech-speech-us-gov-0013,,False
Ext-MUSAN-speech-speech-us-gov-0021,,False
Ext-MUSAN-speech-speech-us-gov-0026,,False
Ext-MUSAN-speech-speech-us-gov-0027,,False
Ext-MUSAN-speech-speech-us-gov-0031,,False
Ext-MUSAN-speech-speech-us-gov-0032,,False
Ext-MUSAN-speech-speech-us-gov-0036,,False
Ext-MUSAN-speech-speech-us-gov-0039,,False
Ext-MUSAN-speech-speech-us-gov-0041,,False
Ext-MUSAN-speech-speech-us-gov-0045,,False
Ext-MUSAN-speech-speech-us-gov-0046,,False
Ext-MUSAN-speech-speech-us-gov-0048,,False
Ext-MUSAN-speech-speech-us-gov-0055,,False
Ext-MUSAN-speech-speech-us-gov-0057,,False
Ext-MUSAN-speech-speech-us-gov-0058,,False
Ext-MUSAN-speech-speech-us-gov-0059,,False
Ext-MUSAN-speech-speech-us-gov-0060,,False
Ext-MUSAN-speech-speech-us-gov-0063,,False
Ext-MUSAN-speech-speech-us-gov-0064,,False
Ext-MUSAN-speech-speech-us-gov-0069,,False
Ext-MUSAN-speech-speech-us-gov-0071,,False
Ext-MUSAN-speech-speech-us-gov-0072,,False
Ext-MUSAN-speech-speech-us-gov-0074,,False
Ext-MUSAN-speech-speech-us-gov-0076,,False
Ext-MUSAN-speech-speech-us-gov-0077,,False
Ext-MUSAN-speech-speech-us-gov-0078,,False
Ext-MUSAN-speech-speech-us-gov-0080,,False
Ext-MUSAN-speech-speech-us-gov-0081,,False
Ext-MUSAN-speech-speech-us-gov-0082,,False
Ext-MUSAN-speech-speech-us-gov-0083,,False
Ext-MUSAN-speech-speech-us-gov-0085,,False
Ext-MUSAN-speech-speech-us-gov-0087,,False
Ext-MUSAN-speech-speech-us-gov-0089,,False
Ext-MUSAN-speech-speech-us-gov-0090,,False
Ext-MUSAN-speech-speech-us-gov-0093,,False
Ext-MUSAN-speech-speech-us-gov-0094,,False
Ext-MUSAN-speech-speech-us-gov-0095,,False
Ext-MUSAN-speech-speech-us-gov-0097,,False
Ext-MUSAN-speech-speech-us-gov-0098,,False
Ext-MUSAN-speech-speech-us-gov-0099,,False
Ext-MUSAN-speech-speech-us-gov-0104,,False
Ext-MUSAN-speech-speech-us-gov-0106,,False
Ext-MUSAN-speech-speech-us-gov-0109,,False
Ext-MUSAN-speech-speech-us-gov-0111,,False
Ext-MUSAN-speech-speech-us-gov-0113,,False
Ext-MUSAN-speech-speech-us-gov-0116,,False
Ext-MUSAN-speech-speech-us-gov-0118,,False
Ext-MUSAN-speech-speech-us-gov-0120,,False
Ext-MUSAN-speech-speech-us-gov-0121,,False
Ext-MUSAN-speech-speech-us-gov-0122,,False
Ext-MUSAN-speech-speech-us-gov-0124,,False
Ext-MUSAN-speech-speech-us-gov-0126,,False
Ext-MUSAN-speech-speech-us-gov-0127,,False
Ext-MUSAN-speech-speech-us-gov-0132,,False
Ext-MUSAN-speech-speech-us-gov-0133,,False
Ext-MUSAN-speech-speech-us-gov-0134,,False
Ext-MUSAN-speech-speech-us-gov-0135,,False
Ext-MUSAN-speech-speech-us-gov-0136,,False
Ext-MUSAN-speech-speech-us-gov-0138,,False
Ext-MUSAN-speech-speech-us-gov-0144,,False
Ext-MUSAN-speech-speech-us-gov-0147,,False
Ext-MUSAN-speech-speech-us-gov-0148,,False
Ext-MUSAN-speech-speech-us-gov-0151,,False
Ext-MUSAN-speech-speech-us-gov-0160,,False
Ext-MUSAN-speech-speech-us-gov-0167,,False
Ext-MUSAN-speech-speech-us-gov-0170,,False
Ext-MUSAN-speech-speech-us-gov-0172,,False
Ext-MUSAN-speech-speech-us-gov-0175,,False
Ext-MUSAN-speech-speech-us-gov-0176,,False
Ext-MUSAN-speech-speech-us-gov-0177,,False
Ext-MUSAN-speech-speech-us-gov-0178,,False
Ext-MUSAN-speech-speech-us-gov-0180,,False
Ext-MUSAN-speech-speech-us-gov-0183,,False
Ext-MUSAN-speech-speech-us-gov-0184,,False
Ext-MUSAN-speech-speech-us-gov-0186,,False
Ext-MUSAN-speech-speech-us-gov-0189,,False
Ext-MUSAN-speech-speech-us-gov-0190,,False
Ext-MUSAN-speech-speech-us-gov-0191,,False
Ext-MUSAN-speech-speech-us-gov-0193,,False
Ext-MUSAN-speech-speech-us-gov-0194,,False
Ext-MUSAN-speech-speech-us-gov-0196,,False
Ext-MUSAN-speech-speech-us-gov-0198,,False
Ext-MUSAN-speech-speech-us-gov-0202,,False
Ext-MUSAN-speech-speech-us-gov-0203,,False
Ext-MUSAN-speech-speech-us-gov-0207,,False
Ext-MUSAN-speech-speech-us-gov-0208,,False
Ext-MUSAN-speech-speech-us-gov-0209,,False
Ext-MUSAN-speech-speech-us-gov-0210,,False
Ext-MUSAN-speech-speech-us-gov-0211,,False
Ext-MUSAN-speech-speech-us-gov-0213,,False
Ext-MUSAN-speech-speech-us-gov-0218,,False
Ext-MUSAN-speech-speech-us-gov-0220,,False
Ext-MUSAN-speech-speech-us-gov-0223,,False
Ext-MUSAN-speech-speech-us-gov-0224,,False
Ext-MUSAN-speech-speech-us-gov-0225,,False
Ext-MUSAN-speech-speech-us-gov-0226,,False
Ext-MUSAN-speech-speech-us-gov-0229,,False
Ext-MUSAN-speech-speech-us-gov-0230,,False
Ext-MUSAN-speech-speech-us-gov-0233,,False
Ext-MUSAN-speech-speech-us-gov-0236,,False
Ext-MUSAN-speech-speech-us-gov-0238,,False
Ext-MUSAN-speech-speech-us-gov-0240,,False
Ext-MUSAN-speech-speech-us-gov-0241,,False
Ext-MUSAN-speech-speech-us-gov-0242,,False
Ext-MUSAN-speech-speech-us-gov-0245,,False
Ext-MUSAN-speech-speech-us-gov-0247,,False
Ext-MUSAN-speech-speech-us-gov-0248,,False
Ext-MUSAN-speech-speech-us-gov-0249,,False
Ext-MUSAN-speech-speech-us-gov-0252,,False
Manual-BG-Macmic1,,False
Manual-BG-Macmic2,,False
Manual-BG-Phonemic1,,False
Manual-BG-RPI1,,False
Manual-BG-RPI10,,False
Manual-BG-RPI11,,False
Manual-BG-RPI12,,False
Manual-BG-RPI13,,False
Manual-BG-RPI14,,False
Manual-BG-RPI15,,False
Manual-BG-RPI16,,False
Manual-BG-RPI17,,False
Manual-BG-RPI18,,False
Manual-BG-RPI19,,False
Manual-BG-RPI2,,False
Manual-BG-RPI20,,False
Manual-BG-RPI21,,False
Manual-BG-RPI22,,False
Manual-BG-RPI23,,False
Manual-BG-RPI24,,False
Manual-BG-RPI25,,False
Manual-BG-RPI26,,False
Manual-BG-RPI27,,False
Manual-BG-RPI28,,False
Manual-BG-RPI29,,False
Manual-BG-RPI3,,False
Manual-BG-RPI30,,False
Manual-BG-RPI31,,False
Manual-BG-RPI32,,False
Manual-BG-RPI33,,False
Manual-BG-RPI34,,False
Manual-BG-RPI36,,False
Manual-BG-RPI4,,False
Manual-BG-RPI5,,False
Manual-BG-RPI6,,False
Manual-BG-RPI7,,False
Manual-BG-RPI8,,False
Manual-BG-RPI9,,False
Manual-Fil-Macmic1,,False
Manual-Fil-Macmic2,,False
Manual-Fil-Phonemic1,,False
Manual-Fil-Phonemic2,,False
Manual-Fil-Phonemic3,,False
Manual-Fil-RPI1,,False
Manual-Fil-RPI10,positive_recording_without_complete_detection,True
Manual-Fil-RPI11,positive_recording_without_complete_detection,True
Manual-Fil-RPI12,,False
Manual-Fil-RPI13,,False
Manual-Fil-RPI14,,False
Manual-Fil-RPI15,positive_recording_without_complete_detection,True
Manual-Fil-RPI16,positive_recording_without_complete_detection,True
Manual-Fil-RPI17,positive_recording_without_complete_detection,True
Manual-Fil-RPI18,positive_recording_without_complete_detection,True
Manual-Fil-RPI19,positive_recording_without_complete_detection,True
Manual-Fil-RPI2,,False
Manual-Fil-RPI20,positive_recording_without_complete_detection,True
Manual-Fil-RPI21,positive_recording_without_complete_detection,True
Manual-Fil-RPI22,,False
Manual-Fil-RPI23,positive_recording_without_complete_detection,True
Manual-Fil-RPI24,,False
Manual-Fil-RPI25,,False
Manual-Fil-RPI26,,False
Manual-Fil-RPI27,,False
Manual-Fil-RPI28,,False
Manual-Fil-RPI29,positive_recording_without_complete_detection,True
Manual-Fil-RPI3,,False
Manual-Fil-RPI30,positive_recording_without_complete_detection,True
Manual-Fil-RPI31,positive_recording_without_complete_detection,True
Manual-Fil-RPI32,positive_recording_without_complete_detection,True
Manual-Fil-RPI33,positive_recording_without_complete_detection,True
Manual-Fil-RPI34,positive_recording_without_complete_detection,True
Manual-Fil-RPI35,positive_recording_without_complete_detection,True
Manual-Fil-RPI36,,False
Manual-Fil-RPI37,,False
Manual-Fil-RPI38,,False
Manual-Fil-RPI39,,False
Manual-Fil-RPI4,,False
Manual-Fil-RPI40,,False
Manual-Fil-RPI41,positive_recording_without_complete_detection,True
Manual-Fil-RPI42,positive_recording_without_complete_detection,True
Manual-Fil-RPI43,positive_recording_without_complete_detection,True
Manual-Fil-RPI44,,False
Manual-Fil-RPI45,positive_recording_without_complete_detection,True
Manual-Fil-RPI46,,False
Manual-Fil-RPI47,positive_recording_without_complete_detection,True
Manual-Fil-RPI48,positive_recording_without_complete_detection,True
Manual-Fil-RPI49,positive_recording_without_complete_detection,True
Manual-Fil-RPI5,,False
Manual-Fil-RPI50,positive_recording_without_complete_detection,True
Manual-Fil-RPI51,positive_recording_without_complete_detection,True
Manual-Fil-RPI52,positive_recording_without_complete_detection,True
Manual-Fil-RPI53,positive_recording_without_complete_detection,True
Manual-Fil-RPI54,positive_recording_without_complete_detection,True
Manual-Fil-RPI55,positive_recording_without_complete_detection,True
Manual-Fil-RPI56,positive_recording_without_complete_detection,True
Manual-Fil-RPI57,positive_recording_without_complete_detection,True
Manual-Fil-RPI58,positive_recording_without_complete_detection,True
Manual-Fil-RPI59,positive_recording_without_complete_detection,True
Manual-Fil-RPI6,,False
Manual-Fil-RPI60,positive_recording_without_complete_detection,True
Manual-Fil-RPI61,positive_recording_without_complete_detection,True
Manual-Fil-RPI62,,False
Manual-Fil-RPI63,,False
Manual-Fil-RPI64,,False
Manual-Fil-RPI65,,False
Manual-Fil-RPI66,,False
Manual-Fil-RPI67,,False
Manual-Fil-RPI68,,False
Manual-Fil-RPI69,,False
Manual-Fil-RPI7,,False
Manual-Fil-RPI70,,False
Manual-Fil-RPI71,,False
Manual-Fil-RPI73,positive_recording_without_complete_detection,True
Manual-Fil-RPI74,,False
Manual-Fil-RPI75,,False
Manual-Fil-RPI76,,False
Manual-Fil-RPI77,,False
Manual-Fil-RPI78,,False
Manual-Fil-RPI79,positive_recording_without_complete_detection,True
Manual-Fil-RPI8,,False
Manual-Fil-RPI80,,False
Manual-Fil-RPI81,,False
Manual-Fil-RPI82,,False
Manual-Fil-RPI9,,False
conf_00000,,False
conf_00001,,False
conf_00002,,False
conf_00003,,False
conf_00004,,False
conf_00005,,False
conf_00006,,False
conf_00007,,False
conf_00008,,False
conf_00009,,False
conf_00010,,False
conf_00011,,False
conf_00012,,False
conf_00013,,False
conf_00014,,False
conf_00015,,False
conf_00016,,False
conf_00017,,False
conf_00018,,False
conf_00019,,False
conf_00020,,False
conf_00021,,False
conf_00022,,False
conf_00023,,False
conf_00024,,False
conf_00025,,False
conf_00026,,False
conf_00027,,False
conf_00028,,False
conf_00029,,False
conf_00030,,False
conf_00031,,False
conf_00032,,False
conf_00033,,False
conf_00034,,False
conf_00035,,False
conf_00036,,False
conf_00037,,False
conf_00038,,False
conf_00039,,False
conf_00040,,False
conf_00041,,False
conf_00042,,False
conf_00043,,False
conf_00044,,False
conf_00045,,False
conf_00046,,False
conf_00047,,False
conf_00048,,False
conf_00049,,False
conf_00050,,False
conf_00051,,False
conf_00052,,False
conf_00053,,False
conf_00054,,False
conf_00055,,False
conf_00056,,False
conf_00057,,False
conf_00058,,False
conf_00059,,False
conf_00060,,False
conf_00061,,False
conf_00062,,False
conf_00063,,False
conf_00064,,False
conf_00065,,False
conf_00066,,False
conf_00067,,False
conf_00068,,False
conf_00069,,False
conf_00070,,False
conf_00071,,False
conf_00072,,False
conf_00073,,False
conf_00074,,False
conf_00075,,False
conf_00076,,False
conf_00077,,False
conf_00078,,False
conf_00079,,False
conf_00080,,False
conf_00081,,False
conf_00082,,False
conf_00083,,False
conf_00084,,False
conf_00085,,False
conf_00086,,False
conf_00087,,False
conf_00088,,False
conf_00089,,False
conf_00090,,False
conf_00091,,False
conf_00092,,False
conf_00093,,False
conf_00094,,False
conf_00095,,False
conf_00096,,False
conf_00097,,False
conf_00098,,False
conf_00099,,False
conf_00100,,False
conf_00101,,False
conf_00102,,False
conf_00103,,False
conf_00104,,False
conf_00105,,False
conf_00106,,False
conf_00107,,False
conf_00108,,False
conf_00109,,False
conf_00110,,False
conf_00111,,False
conf_00112,,False
conf_00113,,False
conf_00114,,False
conf_00115,,False
conf_00116,,False
conf_00117,,False
conf_00118,,False
conf_00119,,False
conf_00120,,False
conf_00121,,False
conf_00122,,False
conf_00123,,False
conf_00124,,False
conf_00125,,False
conf_00126,,False
conf_00127,,False
conf_00128,,False
conf_00129,,False
conf_00130,,False
conf_00131,,False
conf_00132,,False
conf_00133,,False
conf_00134,,False
conf_00135,,False
conf_00136,,False
conf_00137,,False
conf_00138,,False
conf_00139,,False
conf_00140,,False
conf_00141,,False
conf_00142,,False
conf_00143,,False
conf_00144,,False
conf_00145,,False
conf_00146,,False
conf_00147,,False
conf_00148,,False
conf_00149,,False
conf_00150,,False
conf_00151,,False
conf_00152,,False
conf_00153,,False
conf_00154,,False
conf_00155,,False
conf_00156,,False
conf_00157,,False
conf_00158,,False
conf_00159,,False
conf_00160,,False
conf_00161,,False
conf_00162,,False
conf_00163,,False
conf_00164,,False
conf_00165,,False
conf_00166,,False
conf_00167,,False
conf_00168,,False
conf_00169,,False
conf_00170,,False
conf_00171,,False
conf_00172,,False
conf_00173,,False
conf_00174,,False
conf_00175,,False
conf_00176,,False
conf_00177,,False
conf_00178,,False
conf_00179,,False
conf_00180,,False
conf_00181,,False
conf_00182,,False
conf_00183,,False
conf_00184,,False
conf_00185,,False
conf_00186,,False
conf_00187,,False
conf_00188,,False
conf_00189,,False
conf_00190,,False
conf_00191,,False
conf_00192,,False
conf_00193,,False
conf_00194,,False
conf_00195,,False
conf_00196,,False
conf_00197,,False
conf_00198,,False
conf_00199,,False
conf_00200,,False
conf_00201,,False
conf_00202,,False
conf_00203,,False
conf_00204,,False
conf_00205,,False
conf_00206,,False
conf_00207,,False
conf_00208,,False
conf_00209,,False
conf_00210,,False
conf_00211,,False
conf_00212,,False
conf_00213,,False
conf_00214,,False
conf_00215,,False
conf_00216,,False
conf_00217,,False
conf_00218,,False
conf_00219,,False
conf_00220,,False
conf_00221,,False
conf_00222,,False
conf_00223,,False
conf_00224,,False
conf_00225,,False
conf_00226,,False
conf_00227,,False
conf_00228,,False
conf_00229,,False
conf_00230,,False
conf_00231,,False
conf_00232,,False
conf_00233,,False
conf_00234,,False
conf_00235,,False
conf_00236,,False
conf_00237,,False
conf_00238,,False
conf_00239,,False
conf_00240,,False
conf_00241,,False
conf_00242,,False
conf_00243,,False
conf_00244,,False
conf_00245,,False
conf_00246,,False
conf_00247,,False
conf_00248,,False
conf_00249,,False
conf_00250,,False
conf_00251,,False
conf_00252,,False
conf_00253,,False
conf_00254,,False
conf_00255,,False
conf_00256,,False
conf_00257,,False
conf_00258,,False
conf_00259,,False
conf_00260,,False
conf_00261,,False
conf_00262,,False
conf_00263,,False
conf_00264,,False
conf_00265,,False
conf_00266,,False
conf_00267,,False
conf_00268,,False
conf_00269,,False
conf_00270,,False
conf_00271,,False
conf_00272,,False
conf_00273,,False
conf_00274,,False
conf_00275,,False
conf_00276,,False
conf_00277,,False
conf_00278,,False
conf_00279,,False
conf_00280,,False
conf_00281,,False
conf_00282,,False
conf_00283,,False
conf_00284,,False
conf_00285,,False
conf_00286,,False
conf_00287,,False
conf_00288,,False
conf_00289,,False
conf_00290,,False
conf_00291,,False
conf_00292,,False
conf_00293,,False
conf_00294,,False
conf_00295,,False
conf_00296,,False
conf_00297,,False
conf_00298,,False
conf_00299,,False
conf_00300,,False
conf_00301,,False
conf_00302,,False
conf_00303,,False
conf_00304,,False
conf_00305,,False
conf_00306,,False
conf_00307,,False
conf_00308,,False
conf_00309,,False
conf_00310,,False
conf_00311,,False
conf_00312,,False
conf_00313,,False
conf_00314,,False
conf_00315,,False
conf_00316,,False
conf_00317,,False
conf_00318,,False
conf_00319,,False
conf_00320,,False
conf_00321,,False
conf_00322,,False
conf_00323,,False
conf_00324,,False
conf_00325,,False
conf_00326,,False
conf_00327,,False
conf_00328,,False
conf_00329,,False
conf_00330,,False
conf_00331,,False
conf_00332,,False
conf_00333,,False
conf_00334,,False
conf_00335,,False
conf_00336,,False
conf_00337,,False
conf_00338,,False
conf_00339,,False
conf_00340,,False
conf_00341,,False
conf_00342,,False
conf_00343,,False
conf_00344,,False
conf_00345,,False
conf_00346,,False
conf_00347,,False
conf_00348,,False
conf_00349,,False
conf_00350,,False
conf_00351,,False
conf_00352,,False
conf_00353,,False
conf_00354,,False
conf_00355,,False
conf_00356,,False
conf_00357,,False
conf_00358,,False
conf_00359,,False
conf_00360,,False
conf_00361,,False
conf_00362,,False
conf_00363,,False
conf_00364,,False
conf_00365,,False
conf_00366,,False
conf_00367,,False
conf_00369,,False
conf_00370,,False
conf_00371,,False
conf_00372,,False
conf_00373,,False
conf_00374,,False
conf_00375,,False
conf_00376,,False
conf_00377,,False
conf_00378,,False
conf_00379,,False
conf_00380,,False
conf_00381,,False
conf_00382,,False
conf_00383,,False
conf_00384,,False
conf_00385,,False
conf_00386,,False
conf_00387,,False
conf_00388,,False
conf_00389,,False
conf_00390,,False
conf_00391,,False
conf_00392,,False
conf_00393,,False
conf_00394,,False
conf_00395,,False
conf_00396,,False
conf_00397,,False
conf_00398,,False
conf_00399,,False
conf_00400,,False
conf_00401,,False
conf_00402,,False
conf_00403,,False
conf_00404,,False
conf_00405,,False
conf_00406,,False
conf_00407,,False
conf_00408,,False
conf_00409,,False
conf_00410,,False
conf_00411,,False
conf_00412,,False
conf_00413,,False
conf_00414,,False
conf_00415,,False
conf_00416,,False
conf_00417,,False
conf_00418,,False
conf_00419,,False
conf_00420,,False
conf_00421,,False
conf_00422,,False
conf_00423,,False
conf_00424,,False
conf_00425,,False
conf_00426,,False
conf_00427,,False
conf_00428,,False
conf_00429,,False
conf_00430,,False
conf_00431,,False
conf_00432,,False
conf_00433,,False
conf_00434,,False
conf_00435,,False
conf_00436,,False
conf_00437,,False
conf_00438,,False
conf_00439,,False
conf_00440,,False
conf_00441,,False
conf_00442,,False
conf_00443,,False
conf_00444,,False
conf_00445,,False
conf_00446,,False
conf_00447,,False
conf_00448,,False
conf_00449,,False
conf_00450,,False
conf_00451,,False
conf_00452,,False
conf_00453,,False
conf_00454,,False
conf_00455,,False
conf_00456,,False
conf_00457,,False
conf_00458,,False
conf_00459,,False
conf_00460,,False
conf_00461,,False
conf_00462,,False
conf_00463,,False
conf_00464,,False
conf_00465,,False
conf_00466,,False
conf_00467,,False
conf_00468,,False
conf_00469,,False
conf_00470,,False
conf_00471,,False
conf_00472,,False
conf_00473,,False
conf_00474,,False
conf_00475,,False
conf_00476,,False
conf_00477,,False
conf_00478,,False
conf_00479,,False
conf_00480,,False
conf_00481,,False
conf_00482,,False
conf_00483,,False
conf_00484,,False
conf_00485,,False
conf_00486,,False
conf_00487,,False
conf_00488,,False
conf_00489,,False
conf_00490,,False
conf_00491,,False
conf_00492,,False
conf_00493,,False
conf_00494,,False
conf_00495,,False
conf_00496,,False
conf_00497,,False
conf_00498,,False
conf_00499,,False
conf_00500,,False
conf_00501,,False
conf_00502,,False
conf_00503,,False
conf_00504,,False
conf_00505,,False
conf_00506,,False
conf_00507,,False
conf_00508,,False
conf_00509,,False
conf_00510,,False
conf_00511,,False
conf_00512,,False
conf_00513,,False
conf_00514,,False
conf_00515,,False
conf_00516,,False
conf_00517,,False
conf_00518,,False
conf_00519,,False
conf_00520,,False
conf_00521,,False
conf_00522,,False
conf_00523,,False
conf_00524,,False
conf_00525,,False
conf_00526,,False
conf_00527,,False
conf_00528,,False
conf_00529,,False
conf_00530,,False
conf_00531,,False
conf_00532,,False
conf_00533,,False
conf_00534,,False
conf_00535,,False
conf_00536,,False
conf_00537,,False
conf_00538,,False
conf_00539,,False
conf_00540,,False
conf_00541,,False
conf_00542,,False
conf_00543,,False
conf_00544,,False
conf_00545,,False
conf_00546,,False
conf_00547,,False
conf_00548,,False
conf_00549,,False
conf_00550,,False
conf_00551,,False
conf_00552,,False
conf_00553,,False
conf_00554,,False
conf_00555,,False
conf_00556,,False
conf_00557,,False
conf_00558,,False
conf_00559,,False
conf_00560,,False
conf_00561,,False
conf_00562,,False
conf_00563,,False
conf_00564,,False
conf_00565,,False
conf_00566,,False
conf_00567,,False
conf_00568,,False
conf_00569,,False
conf_00570,,False
conf_00571,,False
conf_00572,,False
conf_00573,,False
conf_00574,,False
conf_00575,,False
conf_00576,,False
conf_00577,,False
conf_00578,,False
conf_00579,,False
conf_00580,,False
conf_00581,,False
conf_00582,,False
conf_00583,,False
conf_00584,,False
conf_00585,,False
conf_00586,,False
conf_00587,,False
conf_00588,,False
conf_00589,,False
conf_00590,,False
conf_00591,,False
conf_00592,,False
conf_00593,,False
conf_00594,,False
conf_00595,,False
conf_00596,,False
conf_00597,,False
conf_00598,,False
conf_00599,,False
conf_00600,,False
conf_00601,,False
conf_00602,,False
conf_00603,,False
conf_00604,,False
conf_00605,,False
conf_00606,,False
conf_00607,,False
conf_00608,,False
conf_00609,,False
conf_00610,,False
conf_00611,,False
conf_00612,,False
conf_00613,,False
conf_00614,,False
conf_00615,,False
conf_00616,,False
conf_00617,,False
conf_00618,,False
conf_00619,,False
conf_00620,,False
conf_00621,,False
conf_00622,,False
conf_00623,,False
conf_00624,,False
conf_00625,,False
conf_00626,,False
conf_00627,,False
conf_00628,,False
conf_00629,,False
conf_00630,,False
conf_00631,,False
conf_00632,,False
conf_00633,,False
conf_00634,,False
conf_00635,,False
conf_00636,,False
conf_00637,,False
conf_00638,,False
conf_00639,,False
conf_00640,,False
conf_00641,,False
conf_00642,,False
conf_00643,,False
conf_00644,,False
conf_00645,,False
conf_00646,,False
conf_00647,,False
conf_00648,,False
conf_00649,,False
conf_00650,,False
conf_00651,,False
conf_00652,,False
conf_00653,,False
conf_00654,,False
conf_00655,,False
conf_00656,,False
conf_00657,,False
conf_00658,,False
conf_00659,,False
conf_00660,,False
conf_00661,,False
conf_00662,,False
conf_00663,,False
conf_00664,,False
conf_00665,,False
conf_00666,,False
conf_00667,,False
conf_00668,,False
conf_00669,,False
conf_00670,,False
conf_00671,,False
conf_00672,,False
conf_00673,,False
conf_00674,,False
conf_00675,,False
conf_00676,,False
conf_00677,,False
conf_00678,,False
conf_00679,,False
conf_00680,,False
conf_00681,,False
conf_00682,,False
conf_00683,,False
conf_00684,,False
conf_00685,,False
conf_00686,,False
conf_00687,,False
conf_00688,,False
conf_00689,,False
conf_00690,,False
conf_00691,,False
conf_00692,,False
conf_00693,,False
conf_00694,,False
conf_00695,,False
conf_00696,,False
conf_00697,,False
conf_00698,,False
conf_00699,,False
conf_00700,,False
conf_00701,,False
conf_00702,,False
conf_00703,,False
conf_00704,,False
conf_00705,,False
conf_00706,,False
conf_00707,,False
conf_00708,,False
conf_00709,,False
conf_00710,,False
conf_00711,,False
conf_00712,,False
conf_00713,,False
conf_00714,,False
conf_00715,,False
conf_00716,,False
conf_00717,,False
conf_00718,,False
conf_00719,,False
conf_00720,,False
conf_00721,,False
conf_00722,,False
conf_00723,,False
conf_00724,,False
conf_00725,,False
conf_00726,,False
conf_00727,,False
conf_00728,,False
conf_00729,,False
conf_00730,,False
conf_00731,,False
conf_00732,,False
conf_00733,,False
conf_00734,,False
conf_00735,,False
conf_00736,,False
conf_00737,,False
conf_00738,,False
conf_00739,,False
conf_00740,,False
conf_00741,,False
conf_00742,,False
conf_00743,,False
conf_00744,,False
conf_00745,,False
conf_00746,,False
conf_00747,,False
conf_00748,,False
conf_00749,,False
conf_00750,,False
conf_00751,,False
conf_00752,,False
conf_00753,,False
conf_00754,,False
conf_00755,,False
conf_00756,,False
conf_00757,,False
conf_00758,,False
conf_00759,,False
conf_00760,,False
conf_00761,,False
conf_00762,,False
conf_00763,,False
conf_00764,,False
conf_00765,,False
conf_00766,,False
conf_00767,,False
conf_00768,,False
conf_00769,,False
conf_00770,,False
conf_00771,,False
conf_00772,,False
conf_00773,,False
conf_00774,,False
conf_00775,,False
conf_00776,,False
conf_00777,,False
conf_00778,,False
conf_00779,,False
conf_00780,,False
conf_00781,,False
conf_00782,,False
conf_00783,,False
conf_00784,,False
conf_00785,,False
conf_00786,,False
conf_00787,,False
conf_00788,,False
conf_00789,,False
conf_00790,,False
conf_00791,,False
conf_00792,,False
conf_00793,,False
conf_00794,,False
conf_00795,,False
conf_00796,,False
conf_00797,,False
conf_00798,,False
conf_00799,,False
conf_00800,,False
conf_00801,,False
conf_00802,,False
conf_00803,,False
conf_00804,,False
conf_00805,,False
conf_00806,,False
conf_00807,,False
conf_00808,,False
conf_00809,,False
conf_00810,,False
conf_00811,,False
conf_00812,,False
conf_00813,,False
conf_00814,,False
conf_00815,,False
conf_00816,,False
conf_00817,,False
conf_00818,,False
conf_00819,,False
conf_00820,,False
conf_00821,,False
conf_00822,,False
conf_00823,,False
conf_00824,,False
conf_00825,,False
conf_00826,,False
conf_00827,,False
conf_00828,,False
conf_00829,,False
conf_00830,,False
conf_00831,,False
conf_00832,,False
conf_00833,,False
conf_00834,,False
conf_00835,,False
conf_00836,,False
conf_00837,,False
conf_00838,,False
conf_00839,,False
conf_00840,,False
conf_00841,,False
conf_00842,,False
conf_00843,,False
conf_00844,,False
conf_00845,,False
conf_00846,,False
conf_00847,,False
conf_00848,,False
conf_00849,,False
conf_00850,,False
conf_00851,,False
conf_00852,,False
conf_00853,,False
conf_00854,,False
conf_00855,,False
conf_00856,,False
conf_00857,,False
conf_00858,,False
conf_00859,,False
conf_00860,,False
conf_00861,,False
conf_00862,,False
conf_00863,,False
conf_00864,,False
conf_00865,,False
conf_00866,,False
conf_00867,,False
conf_00868,,False
conf_00869,,False
conf_00870,,False
conf_00871,,False
conf_00872,,False
conf_00873,,False
conf_00874,,False
conf_00875,,False
conf_00876,,False
conf_00877,,False
conf_00878,,False
conf_00879,,False
conf_00880,,False
conf_00881,,False
conf_00882,,False
conf_00883,,False
conf_00884,,False
conf_00885,,False
conf_00886,,False
conf_00887,,False
conf_00888,,False
conf_00889,,False
conf_00890,,False
conf_00891,,False
conf_00892,,False
conf_00893,,False
conf_00894,,False
conf_00895,,False
conf_00896,,False
conf_00897,,False
conf_00898,,False
conf_00899,,False
conf_00900,,False
conf_00901,,False
conf_00902,,False
conf_00903,,False
conf_00904,,False
conf_00905,,False
conf_00906,,False
conf_00907,,False
conf_00908,,False
conf_00909,,False
conf_00910,,False
conf_00911,,False
conf_00912,,False
conf_00913,,False
conf_00914,,False
conf_00915,,False
conf_00916,,False
conf_00917,,False
conf_00918,,False
conf_00919,,False
conf_00920,,False
conf_00921,,False
conf_00922,,False
conf_00923,,False
conf_00924,,False
conf_00925,,False
conf_00926,,False
conf_00927,,False
conf_00928,,False
conf_00929,,False
conf_00930,,False
conf_00931,,False
conf_00932,,False
conf_00933,,False
conf_00934,,False
conf_00935,,False
conf_00936,,False
conf_00937,,False
conf_00938,,False
conf_00939,,False
conf_00940,,False
conf_00941,,False
conf_00942,,False
conf_00943,,False
conf_00944,,False
conf_00945,,False
conf_00946,,False
conf_00947,,False
conf_00948,,False
conf_00949,,False
conf_00950,,False
conf_00951,,False
conf_00952,,False
conf_00953,,False
conf_00954,,False
conf_00955,,False
conf_00956,,False
conf_00957,,False
conf_00958,,False
conf_00959,,False
conf_00960,,False
conf_00961,,False
conf_00962,,False
conf_00963,,False
conf_00964,,False
conf_00965,,False
conf_00966,,False
conf_00967,,False
conf_00968,,False
conf_00969,,False
conf_00970,,False
conf_00971,,False
conf_00972,,False
conf_00973,,False
conf_00974,,False
conf_00975,,False
conf_00976,,False
conf_00977,,False
conf_00978,,False
conf_00979,,False
conf_00980,,False
conf_00981,,False
conf_00982,,False
conf_00983,,False
conf_00984,,False
conf_00985,,False
conf_00986,,False
conf_00987,,False
conf_00988,,False
conf_00989,,False
conf_00990,,False
conf_00991,,False
conf_00992,,False
conf_00993,,False
conf_00994,,False
conf_00995,,False
conf_00996,,False
conf_00997,,False
conf_00998,,False
conf_00999,,False
conf_01000,,False
conf_01001,,False
conf_01002,,False
conf_01003,,False
conf_01004,,False
conf_01005,,False
conf_01006,,False
conf_01007,,False
conf_01008,,False
conf_01009,,False
conf_01010,,False
conf_01011,,False
conf_01012,,False
conf_01013,,False
conf_01014,,False
conf_01015,,False
conf_01016,,False
conf_01017,,False
conf_01018,,False
conf_01019,,False
conf_01020,,False
conf_01021,,False
conf_01022,,False
conf_01023,,False
conf_01024,,False
conf_01025,,False
conf_01026,,False
conf_01027,,False
conf_01028,,False
conf_01029,,False
conf_01030,,False
conf_01031,,False
conf_01032,,False
conf_01033,,False
conf_01034,,False
conf_01035,,False
conf_01036,,False
conf_01037,,False
conf_01038,,False
conf_01039,,False
conf_01040,,False
conf_01041,,False
conf_01042,,False
conf_01043,,False
conf_01044,,False
conf_01045,,False
conf_01046,,False
conf_01047,,False
conf_01048,,False
conf_01049,,False
conf_01050,,False
conf_01051,,False
conf_01052,,False
conf_01053,,False
conf_01054,,False
conf_01055,,False
conf_01056,,False
conf_01057,,False
conf_01058,,False
conf_01059,,False
conf_01060,,False
conf_01061,,False
conf_01062,,False
conf_01063,,False
conf_01064,,False
conf_01065,,False
conf_01066,,False
conf_01067,,False
conf_01068,,False
conf_01069,,False
conf_01070,,False
conf_01071,,False
conf_01072,,False
conf_01073,,False
conf_01074,,False
conf_01075,,False
conf_01076,,False
conf_01077,,False
conf_01078,,False
conf_01079,,False
conf_01080,,False
conf_01081,,False
conf_01082,,False
conf_01083,,False
conf_01084,,False
conf_01085,,False
conf_01086,,False
conf_01087,,False
conf_01088,,False
conf_01089,,False
conf_01090,,False
conf_01091,,False
conf_01092,,False
conf_01093,,False
conf_01094,,False
conf_01095,,False
conf_01096,,False
conf_01097,,False
conf_01098,,False
conf_01099,,False
conf_01100,,False
conf_01101,,False
conf_01102,,False
conf_01103,,False
conf_01104,,False
conf_01105,,False
conf_01106,,False
conf_01107,,False
conf_01108,,False
conf_01109,,False
conf_01110,,False
conf_01111,,False
conf_01112,,False
conf_01113,,False
conf_01114,,False
conf_01115,,False
conf_01116,,False
conf_01117,,False
conf_01118,,False
conf_01119,,False
conf_01120,,False
conf_01121,,False
conf_01122,,False
conf_01123,,False
conf_01124,,False
conf_01125,,False
conf_01126,,False
conf_01127,,False
conf_01128,,False
conf_01129,,False
conf_01130,,False
conf_01131,,False
conf_01132,,False
conf_01133,,False
conf_01134,,False
conf_01135,,False
conf_01136,,False
conf_01137,,False
conf_01138,,False
conf_01139,,False
conf_01140,,False
conf_01141,,False
conf_01142,,False
conf_01143,,False
conf_01144,,False
conf_01145,,False
conf_01146,,False
conf_01147,,False
conf_01148,,False
conf_01149,,False
conf_01150,,False
conf_01151,,False
conf_01152,,False
conf_01153,,False
conf_01154,,False
conf_01155,,False
conf_01156,,False
conf_01157,,False
conf_01158,,False
conf_01159,,False
conf_01160,,False
conf_01161,,False
conf_01162,,False
conf_01163,,False
conf_01164,,False
conf_01165,,False
conf_01166,,False
conf_01167,,False
conf_01168,,False
conf_01169,,False
conf_01170,,False
conf_01171,,False
conf_01172,,False
conf_01173,,False
conf_01174,,False
conf_01175,,False
conf_01176,,False
conf_01177,,False
conf_01178,,False
conf_01179,,False
conf_01180,,False
conf_01181,,False
conf_01182,,False
conf_01183,,False
conf_01184,,False
conf_01185,,False
conf_01186,,False
conf_01187,,False
conf_01188,,False
conf_01189,,False
conf_01190,,False
conf_01191,,False
conf_01192,,False
conf_01193,,False
conf_01194,,False
conf_01195,,False
conf_01196,,False
conf_01197,,False
conf_01198,,False
conf_01199,,False
en_GB-alan-medium_spd0.85_pit-2,,False
en_GB-alan-medium_spd0.85_pit0,,False
en_GB-alan-medium_spd0.85_pit2,,False
en_GB-alan-medium_spd1.0_pit-2,,False
en_GB-alan-medium_spd1.0_pit0,,False
en_GB-alan-medium_spd1.0_pit2,,False
en_GB-alan-medium_spd1.15_pit-2,,False
en_GB-alan-medium_spd1.15_pit0,,False
en_GB-alan-medium_spd1.15_pit2,,False
en_US-amy-medium_spd0.85_pit-2,,False
en_US-amy-medium_spd0.85_pit0,,False
en_US-amy-medium_spd0.85_pit2,,False
en_US-amy-medium_spd1.0_pit-2,,False
en_US-amy-medium_spd1.0_pit0,,False
en_US-amy-medium_spd1.0_pit2,,False
en_US-amy-medium_spd1.15_pit-2,,False
en_US-amy-medium_spd1.15_pit0,,False
en_US-amy-medium_spd1.15_pit2,,False
en_US-lessac-medium_spd0.85_pit-2,,False
en_US-lessac-medium_spd0.85_pit0,,False
en_US-lessac-medium_spd1.0_pit0,,False
en_US-lessac-medium_spd1.15_pit-2,,False
en_US-lessac-medium_spd1.15_pit0,,False
en_US-lessac-medium_spd1.15_pit2,,False
en_US-ryan-medium_spd0.85_pit-2,,False
en_US-ryan-medium_spd0.85_pit0,,False
en_US-ryan-medium_spd0.85_pit2,,False
en_US-ryan-medium_spd1.0_pit0,,False
en_US-ryan-medium_spd1.0_pit2,,False
en_US-ryan-medium_spd1.15_pit0,,False
en_US-ryan-medium_spd1.15_pit2,,False
fil-PH-AngeloNeural_spd0.85_pit-2,,False
fil-PH-AngeloNeural_spd0.85_pit0,,False
fil-PH-AngeloNeural_spd0.85_pit2,,False
fil-PH-AngeloNeural_spd1.0_pit-2,,False
fil-PH-AngeloNeural_spd1.0_pit0,,False
fil-PH-AngeloNeural_spd1.0_pit2,,False
fil-PH-AngeloNeural_spd1.15_pit0,,False
fil-PH-AngeloNeural_spd1.15_pit2,,False
fil-PH-BlessicaNeural_spd0.85_pit-2,,False
fil-PH-BlessicaNeural_spd0.85_pit0,,False
fil-PH-BlessicaNeural_spd0.85_pit2,,False
fil-PH-BlessicaNeural_spd1.0_pit-2,,False
fil-PH-BlessicaNeural_spd1.0_pit0,,False
fil-PH-BlessicaNeural_spd1.0_pit2,,False
fil-PH-BlessicaNeural_spd1.15_pit-2,,False
fil-PH-BlessicaNeural_spd1.15_pit0,,False
fil-PH-BlessicaNeural_spd1.15_pit2,,False
id_ID-news_tts-medium_spd0.85_pit0,,False
id_ID-news_tts-medium_spd1.15_pit0,,False
media_syn_media_rec_0000_000,,False
media_syn_media_rec_0000_001,,False
media_syn_media_rec_0000_002,,False
media_syn_media_rec_0000_003,,False
media_syn_media_rec_0000_004,,False
media_syn_media_rec_0000_005,,False
media_syn_media_rec_0001_000,,False
media_syn_media_rec_0001_001,,False
media_syn_media_rec_0001_002,,False
media_syn_media_rec_0001_003,,False
media_syn_media_rec_0001_004,,False
media_syn_media_rec_0001_005,,False
media_syn_media_rec_0001_006,,False
media_syn_media_rec_0002_000,,False
media_syn_media_rec_0002_001,,False
media_syn_media_rec_0002_002,,False
media_syn_media_rec_0002_003,,False
media_syn_media_rec_0002_004,,False
media_syn_media_rec_0002_005,,False
media_syn_media_rec_0003_000,,False
media_syn_media_rec_0003_001,,False
media_syn_media_rec_0003_002,,False
media_syn_media_rec_0003_003,,False
media_syn_media_rec_0003_004,,False
media_syn_media_rec_0003_005,,False
media_syn_media_rec_0003_006,,False
media_syn_media_rec_0004_000,,False
media_syn_media_rec_0004_001,,False
media_syn_media_rec_0004_002,,False
media_syn_media_rec_0004_003,,False
media_syn_media_rec_0004_004,,False
media_syn_media_rec_0004_005,,False
media_syn_media_rec_0004_006,,False
media_syn_media_rec_0004_007,,False
media_syn_media_rec_0005_000,,False
media_syn_media_rec_0005_001,,False
media_syn_media_rec_0005_002,,False
media_syn_media_rec_0005_003,,False
media_syn_media_rec_0005_004,,False
media_syn_media_rec_0005_005,,False
media_syn_media_rec_0005_006,,False
media_syn_media_rec_0005_007,,False
media_syn_media_rec_0006_000,,False
media_syn_media_rec_0006_001,,False
media_syn_media_rec_0006_002,,False
media_syn_media_rec_0006_003,,False
media_syn_media_rec_0006_004,,False
media_syn_media_rec_0006_005,,False
media_syn_media_rec_0006_006,,False
media_syn_media_rec_0006_007,,False
media_syn_media_rec_0006_008,,False
media_syn_media_rec_0007_000,,False
media_syn_media_rec_0007_001,,False
media_syn_media_rec_0007_002,,False
media_syn_media_rec_0007_003,,False
media_syn_media_rec_0007_004,,False
media_syn_media_rec_0007_005,,False
media_syn_media_rec_0008_000,,False
media_syn_media_rec_0008_001,,False
media_syn_media_rec_0008_002,,False
media_syn_media_rec_0008_003,,False
media_syn_media_rec_0008_004,,False
media_syn_media_rec_0008_005,,False
media_syn_media_rec_0008_006,,False
media_syn_media_rec_0008_007,,False
media_syn_media_rec_0008_008,,False
media_syn_media_rec_0009_000,,False
media_syn_media_rec_0009_001,,False
media_syn_media_rec_0009_002,,False
media_syn_media_rec_0009_003,,False
media_syn_media_rec_0009_004,,False
media_syn_media_rec_0009_005,,False
media_syn_media_rec_0009_006,,False
media_syn_media_rec_0010_000,,False
media_syn_media_rec_0010_001,,False
media_syn_media_rec_0010_002,,False
media_syn_media_rec_0010_003,,False
media_syn_media_rec_0010_004,,False
media_syn_media_rec_0011_000,,False
media_syn_media_rec_0011_001,,False
media_syn_media_rec_0011_002,,False
media_syn_media_rec_0011_003,,False
media_syn_media_rec_0011_004,,False
media_syn_media_rec_0012_000,,False
media_syn_media_rec_0012_001,,False
media_syn_media_rec_0012_002,,False
media_syn_media_rec_0012_003,,False
media_syn_media_rec_0012_004,,False
media_syn_media_rec_0013_000,,False
media_syn_media_rec_0013_001,,False
media_syn_media_rec_0013_002,,False
media_syn_media_rec_0013_003,,False
media_syn_media_rec_0013_004,,False
media_syn_media_rec_0013_005,,False
media_syn_media_rec_0013_006,,False
media_syn_media_rec_0013_007,,False
media_syn_media_rec_0013_008,,False
media_syn_media_rec_0014_000,,False
media_syn_media_rec_0014_001,,False
media_syn_media_rec_0014_002,,False
media_syn_media_rec_0014_003,,False
media_syn_media_rec_0014_004,,False
media_syn_media_rec_0014_005,,False
media_syn_media_rec_0014_006,,False
media_syn_media_rec_0015_000,,False
media_syn_media_rec_0015_001,,False
media_syn_media_rec_0015_002,,False
media_syn_media_rec_0015_003,,False
media_syn_media_rec_0015_004,,False
media_syn_media_rec_0015_005,,False
media_syn_media_rec_0015_006,,False
media_syn_media_rec_0015_007,,False
media_syn_media_rec_0016_000,,False
media_syn_media_rec_0016_001,,False
media_syn_media_rec_0016_002,,False
media_syn_media_rec_0016_003,,False
media_syn_media_rec_0016_004,,False
media_syn_media_rec_0016_005,,False
media_syn_media_rec_0016_006,,False
media_syn_media_rec_0016_007,,False
media_syn_media_rec_0016_008,,False
media_syn_media_rec_0017_000,,False
media_syn_media_rec_0017_001,,False
media_syn_media_rec_0017_002,,False
media_syn_media_rec_0017_003,,False
media_syn_media_rec_0017_004,,False
media_syn_media_rec_0017_005,,False
media_syn_media_rec_0017_006,,False
media_syn_media_rec_0017_007,,False
media_syn_media_rec_0017_008,,False
media_syn_media_rec_0018_000,,False
media_syn_media_rec_0018_001,,False
media_syn_media_rec_0018_002,,False
media_syn_media_rec_0018_003,,False
media_syn_media_rec_0018_004,,False
media_syn_media_rec_0018_005,,False
media_syn_media_rec_0018_006,,False
media_syn_media_rec_0019_000,,False
media_syn_media_rec_0019_001,,False
media_syn_media_rec_0019_002,,False
media_syn_media_rec_0019_003,,False
media_syn_media_rec_0019_004,,False
media_syn_media_rec_0019_005,,False
media_syn_media_rec_0019_006,,False
media_syn_media_rec_0019_007,,False
media_syn_media_rec_0020_000,,False
media_syn_media_rec_0020_001,,False
media_syn_media_rec_0020_002,,False
media_syn_media_rec_0020_003,,False
media_syn_media_rec_0020_004,,False
media_syn_media_rec_0020_005,,False
media_syn_media_rec_0020_006,,False
media_syn_media_rec_0021_000,,False
media_syn_media_rec_0021_001,,False
media_syn_media_rec_0021_002,,False
media_syn_media_rec_0021_003,,False
media_syn_media_rec_0021_004,,False
media_syn_media_rec_0021_005,,False
media_syn_media_rec_0021_006,,False
media_syn_media_rec_0021_007,,False
media_syn_media_rec_0021_008,,False
media_syn_media_rec_0022_000,,False
media_syn_media_rec_0022_001,,False
media_syn_media_rec_0022_002,,False
media_syn_media_rec_0022_003,,False
media_syn_media_rec_0022_004,,False
media_syn_media_rec_0022_005,,False
media_syn_media_rec_0022_006,,False
media_syn_media_rec_0022_007,,False
media_syn_media_rec_0023_000,,False
media_syn_media_rec_0023_001,,False
media_syn_media_rec_0023_002,,False
media_syn_media_rec_0023_003,,False
media_syn_media_rec_0023_004,,False
media_syn_media_rec_0023_005,,False
media_syn_media_rec_0024_000,,False
media_syn_media_rec_0024_001,,False
media_syn_media_rec_0024_002,,False
media_syn_media_rec_0024_003,,False
media_syn_media_rec_0024_004,,False
media_syn_media_rec_0024_005,,False
media_syn_media_rec_0025_000,,False
media_syn_media_rec_0025_001,,False
media_syn_media_rec_0025_002,,False
media_syn_media_rec_0025_003,,False
media_syn_media_rec_0025_004,,False
media_syn_media_rec_0025_005,,False
media_syn_media_rec_0026_000,,False
media_syn_media_rec_0026_001,,False
media_syn_media_rec_0026_002,,False
media_syn_media_rec_0026_003,,False
media_syn_media_rec_0026_004,,False
media_syn_media_rec_0026_005,,False
media_syn_media_rec_0026_006,,False
media_syn_media_rec_0026_007,,False
media_syn_media_rec_0027_000,,False
media_syn_media_rec_0027_001,,False
media_syn_media_rec_0027_002,,False
media_syn_media_rec_0027_003,,False
media_syn_media_rec_0027_004,,False
media_syn_media_rec_0027_005,,False
media_syn_media_rec_0027_006,,False
media_syn_media_rec_0027_007,,False
media_syn_media_rec_0028_000,,False
media_syn_media_rec_0028_001,,False
media_syn_media_rec_0028_002,,False
media_syn_media_rec_0028_003,,False
media_syn_media_rec_0028_004,,False
media_syn_media_rec_0028_005,,False
media_syn_media_rec_0028_006,,False
media_syn_media_rec_0028_007,,False
media_syn_media_rec_0029_000,,False
media_syn_media_rec_0029_001,,False
media_syn_media_rec_0029_002,,False
media_syn_media_rec_0029_003,,False
media_syn_media_rec_0029_004,,False
media_syn_media_rec_0029_005,,False
media_syn_media_rec_0029_006,,False
media_syn_media_rec_0029_007,,False
media_syn_media_rec_0029_008,,False
media_syn_media_rec_0030_000,,False
media_syn_media_rec_0030_001,,False
media_syn_media_rec_0030_002,,False
media_syn_media_rec_0030_003,,False
media_syn_media_rec_0030_004,,False
media_syn_media_rec_0030_005,,False
media_syn_media_rec_0030_006,,False
media_syn_media_rec_0031_000,,False
media_syn_media_rec_0031_001,,False
media_syn_media_rec_0031_002,,False
media_syn_media_rec_0031_003,,False
media_syn_media_rec_0031_004,,False
media_syn_media_rec_0032_000,,False
media_syn_media_rec_0032_001,,False
media_syn_media_rec_0032_002,,False
media_syn_media_rec_0032_003,,False
media_syn_media_rec_0032_004,,False
media_syn_media_rec_0032_005,,False
media_syn_media_rec_0032_006,,False
media_syn_media_rec_0033_000,,False
media_syn_media_rec_0033_001,,False
media_syn_media_rec_0033_002,,False
media_syn_media_rec_0033_003,,False
media_syn_media_rec_0033_004,,False
media_syn_media_rec_0033_005,,False
media_syn_media_rec_0033_006,,False
media_syn_media_rec_0033_007,,False
media_syn_media_rec_0033_008,,False
media_syn_media_rec_0034_000,,False
media_syn_media_rec_0034_001,,False
media_syn_media_rec_0034_002,,False
media_syn_media_rec_0034_003,,False
media_syn_media_rec_0034_004,,False
media_syn_media_rec_0034_005,,False
media_syn_media_rec_0034_006,,False
media_syn_media_rec_0034_007,,False
media_syn_media_rec_0034_008,,False
media_syn_media_rec_0035_000,,False
media_syn_media_rec_0035_001,,False
media_syn_media_rec_0035_002,,False
media_syn_media_rec_0035_003,,False
media_syn_media_rec_0035_004,,False
media_syn_media_rec_0035_005,,False
media_syn_media_rec_0035_006,,False
media_syn_media_rec_0036_000,,False
media_syn_media_rec_0036_001,,False
media_syn_media_rec_0036_002,,False
media_syn_media_rec_0036_003,,False
media_syn_media_rec_0036_004,,False
media_syn_media_rec_0036_005,,False
media_syn_media_rec_0037_000,,False
media_syn_media_rec_0037_001,,False
media_syn_media_rec_0037_002,,False
media_syn_media_rec_0037_003,,False
media_syn_media_rec_0037_004,,False
media_syn_media_rec_0038_000,,False
media_syn_media_rec_0038_001,,False
media_syn_media_rec_0038_002,,False
media_syn_media_rec_0038_003,,False
media_syn_media_rec_0038_004,,False
media_syn_media_rec_0038_005,,False
media_syn_media_rec_0038_006,,False
media_syn_media_rec_0038_007,,False
media_syn_media_rec_0038_008,,False
media_syn_media_rec_0039_000,,False
media_syn_media_rec_0039_001,,False
media_syn_media_rec_0039_002,,False
media_syn_media_rec_0039_003,,False
media_syn_media_rec_0039_004,,False
media_syn_media_rec_0039_005,,False
media_syn_media_rec_0039_006,,False
media_syn_media_rec_0040_000,,False
media_syn_media_rec_0040_001,,False
media_syn_media_rec_0040_002,,False
media_syn_media_rec_0040_003,,False
media_syn_media_rec_0040_004,,False
media_syn_media_rec_0040_005,,False
media_syn_media_rec_0040_006,,False
media_syn_media_rec_0041_000,,False
media_syn_media_rec_0041_001,,False
media_syn_media_rec_0041_002,,False
media_syn_media_rec_0041_003,,False
media_syn_media_rec_0041_004,,False
media_syn_media_rec_0041_005,,False
media_syn_media_rec_0041_006,,False
media_syn_media_rec_0042_000,,False
media_syn_media_rec_0042_001,,False
media_syn_media_rec_0042_002,,False
media_syn_media_rec_0042_003,,False
media_syn_media_rec_0042_004,,False
media_syn_media_rec_0042_005,,False
media_syn_media_rec_0042_006,,False
media_syn_media_rec_0042_007,,False
media_syn_media_rec_0043_000,,False
media_syn_media_rec_0043_001,,False
media_syn_media_rec_0043_002,,False
media_syn_media_rec_0043_003,,False
media_syn_media_rec_0043_004,,False
media_syn_media_rec_0043_005,,False
media_syn_media_rec_0043_006,,False
media_syn_media_rec_0044_000,,False
media_syn_media_rec_0044_001,,False
media_syn_media_rec_0044_002,,False
media_syn_media_rec_0044_003,,False
media_syn_media_rec_0044_004,,False
media_syn_media_rec_0044_005,,False
media_syn_media_rec_0044_006,,False
media_syn_media_rec_0045_000,,False
media_syn_media_rec_0045_001,,False
media_syn_media_rec_0045_002,,False
media_syn_media_rec_0045_003,,False
media_syn_media_rec_0045_004,,False
media_syn_media_rec_0045_005,,False
media_syn_media_rec_0045_006,,False
media_syn_media_rec_0045_007,,False
media_syn_media_rec_0046_000,,False
media_syn_media_rec_0046_001,,False
media_syn_media_rec_0046_002,,False
media_syn_media_rec_0046_003,,False
media_syn_media_rec_0046_004,,False
media_syn_media_rec_0046_005,,False
media_syn_media_rec_0046_006,,False
media_syn_media_rec_0047_000,,False
media_syn_media_rec_0047_001,,False
media_syn_media_rec_0047_002,,False
media_syn_media_rec_0047_003,,False
media_syn_media_rec_0047_004,,False
media_syn_media_rec_0047_005,,False
media_syn_media_rec_0047_006,,False
media_syn_media_rec_0048_000,,False
media_syn_media_rec_0048_001,,False
media_syn_media_rec_0048_002,,False
media_syn_media_rec_0048_003,,False
media_syn_media_rec_0048_004,,False
media_syn_media_rec_0048_005,,False
media_syn_media_rec_0048_006,,False
media_syn_media_rec_0048_007,,False
media_syn_media_rec_0049_000,,False
media_syn_media_rec_0049_001,,False
media_syn_media_rec_0049_002,,False
media_syn_media_rec_0049_003,,False
media_syn_media_rec_0049_004,,False
media_syn_media_rec_0049_005,,False
media_syn_media_rec_0049_006,,False
media_syn_media_rec_0050_000,,False
media_syn_media_rec_0050_001,,False
media_syn_media_rec_0050_002,,False
media_syn_media_rec_0050_003,,False
media_syn_media_rec_0050_004,,False
media_syn_media_rec_0050_005,,False
media_syn_media_rec_0050_006,,False
media_syn_media_rec_0050_007,,False
media_syn_media_rec_0051_000,,False
media_syn_media_rec_0051_001,,False
media_syn_media_rec_0051_002,,False
media_syn_media_rec_0051_003,,False
media_syn_media_rec_0051_004,,False
media_syn_media_rec_0051_005,,False
media_syn_media_rec_0052_000,,False
media_syn_media_rec_0052_001,,False
media_syn_media_rec_0052_002,,False
media_syn_media_rec_0052_003,,False
media_syn_media_rec_0052_004,,False
media_syn_media_rec_0053_000,,False
media_syn_media_rec_0053_001,,False
media_syn_media_rec_0053_002,,False
media_syn_media_rec_0053_003,,False
media_syn_media_rec_0053_004,,False
media_syn_media_rec_0054_000,,False
media_syn_media_rec_0054_001,,False
media_syn_media_rec_0054_002,,False
media_syn_media_rec_0054_003,,False
media_syn_media_rec_0054_004,,False
media_syn_media_rec_0054_005,,False
media_syn_media_rec_0055_000,,False
media_syn_media_rec_0055_001,,False
media_syn_media_rec_0055_002,,False
media_syn_media_rec_0055_003,,False
media_syn_media_rec_0055_004,,False
media_syn_media_rec_0055_005,,False
media_syn_media_rec_0055_006,,False
media_syn_media_rec_0056_000,,False
media_syn_media_rec_0056_001,,False
media_syn_media_rec_0056_002,,False
media_syn_media_rec_0056_003,,False
media_syn_media_rec_0056_004,,False
media_syn_media_rec_0057_000,,False
media_syn_media_rec_0057_001,,False
media_syn_media_rec_0057_002,,False
media_syn_media_rec_0057_003,,False
media_syn_media_rec_0057_004,,False
media_syn_media_rec_0057_005,,False
media_syn_media_rec_0057_006,,False
media_syn_media_rec_0057_007,,False
media_syn_media_rec_0057_008,,False
media_syn_media_rec_0058_000,,False
media_syn_media_rec_0058_001,,False
media_syn_media_rec_0058_002,,False
media_syn_media_rec_0058_003,,False
media_syn_media_rec_0058_004,,False
media_syn_media_rec_0058_005,,False
media_syn_media_rec_0059_000,,False
media_syn_media_rec_0059_001,,False
media_syn_media_rec_0059_002,,False
media_syn_media_rec_0059_003,,False
media_syn_media_rec_0059_004,,False
media_syn_media_rec_0060_000,,False
media_syn_media_rec_0060_001,,False
media_syn_media_rec_0060_002,,False
media_syn_media_rec_0060_003,,False
media_syn_media_rec_0060_004,,False
media_syn_media_rec_0060_005,,False
media_syn_media_rec_0060_006,,False
media_syn_media_rec_0061_000,,False
media_syn_media_rec_0061_001,,False
media_syn_media_rec_0061_002,,False
media_syn_media_rec_0061_003,,False
media_syn_media_rec_0061_004,,False
media_syn_media_rec_0061_005,,False
media_syn_media_rec_0061_006,,False
media_syn_media_rec_0061_007,,False
media_syn_media_rec_0061_008,,False
media_syn_media_rec_0065_000,,False
media_syn_media_rec_0065_001,,False
media_syn_media_rec_0065_002,,False
media_syn_media_rec_0065_003,,False
media_syn_media_rec_0065_004,,False
media_syn_media_rec_0066_000,,False
media_syn_media_rec_0066_001,,False
media_syn_media_rec_0066_002,,False
media_syn_media_rec_0066_003,,False
media_syn_media_rec_0066_004,,False
media_syn_media_rec_0066_005,,False
media_syn_media_rec_0066_006,,False
media_syn_media_rec_0066_007,,False
media_syn_media_rec_0067_000,,False
media_syn_media_rec_0067_001,,False
media_syn_media_rec_0067_002,,False
media_syn_media_rec_0067_003,,False
media_syn_media_rec_0067_004,,False
media_syn_media_rec_0067_005,,False
media_syn_media_rec_0068_000,,False
media_syn_media_rec_0068_001,,False
media_syn_media_rec_0068_002,,False
media_syn_media_rec_0068_003,,False
media_syn_media_rec_0068_004,,False
media_syn_media_rec_0068_005,,False
media_syn_media_rec_0069_000,,False
media_syn_media_rec_0069_001,,False
media_syn_media_rec_0069_002,,False
media_syn_media_rec_0069_003,,False
media_syn_media_rec_0069_004,,False
media_syn_media_rec_0070_000,,False
media_syn_media_rec_0070_001,,False
media_syn_media_rec_0070_002,,False
media_syn_media_rec_0070_003,,False
media_syn_media_rec_0070_004,,False
media_syn_media_rec_0070_005,,False
media_syn_media_rec_0070_006,,False
media_syn_media_rec_0071_000,,False
media_syn_media_rec_0071_001,,False
media_syn_media_rec_0071_002,,False
media_syn_media_rec_0071_003,,False
media_syn_media_rec_0071_004,,False
media_syn_media_rec_0071_005,,False
media_syn_media_rec_0071_006,,False
media_syn_media_rec_0071_007,,False
media_syn_media_rec_0071_008,,False
media_syn_media_rec_0072_000,,False
media_syn_media_rec_0072_001,,False
media_syn_media_rec_0072_002,,False
media_syn_media_rec_0072_003,,False
media_syn_media_rec_0072_004,,False
media_syn_media_rec_0072_005,,False
media_syn_media_rec_0073_000,,False
media_syn_media_rec_0073_001,,False
media_syn_media_rec_0073_002,,False
media_syn_media_rec_0073_003,,False
media_syn_media_rec_0073_004,,False
media_syn_media_rec_0073_005,,False
media_syn_media_rec_0073_006,,False
media_syn_media_rec_0074_000,,False
media_syn_media_rec_0074_001,,False
media_syn_media_rec_0074_002,,False
media_syn_media_rec_0074_003,,False
media_syn_media_rec_0074_004,,False
media_syn_media_rec_0074_005,,False
media_syn_media_rec_0074_006,,False
media_syn_media_rec_0074_007,,False
media_syn_media_rec_0075_000,,False
media_syn_media_rec_0075_001,,False
media_syn_media_rec_0075_002,,False
media_syn_media_rec_0075_003,,False
media_syn_media_rec_0075_004,,False
media_syn_media_rec_0075_005,,False
media_syn_media_rec_0076_000,,False
media_syn_media_rec_0076_001,,False
media_syn_media_rec_0076_002,,False
media_syn_media_rec_0076_003,,False
media_syn_media_rec_0076_004,,False
media_syn_media_rec_0076_005,,False
media_syn_media_rec_0077_000,,False
media_syn_media_rec_0077_001,,False
media_syn_media_rec_0077_002,,False
media_syn_media_rec_0077_003,,False
media_syn_media_rec_0077_004,,False
media_syn_media_rec_0077_005,,False
media_syn_media_rec_0078_000,,False
media_syn_media_rec_0078_001,,False
media_syn_media_rec_0078_002,,False
media_syn_media_rec_0078_003,,False
media_syn_media_rec_0078_004,,False
media_syn_media_rec_0078_005,,False
media_syn_media_rec_0078_006,,False
media_syn_media_rec_0078_007,,False
media_syn_media_rec_0078_008,,False
media_syn_media_rec_0079_000,,False
media_syn_media_rec_0079_001,,False
media_syn_media_rec_0079_002,,False
media_syn_media_rec_0079_003,,False
media_syn_media_rec_0079_004,,False
media_syn_media_rec_0079_005,,False
media_syn_media_rec_0079_006,,False
media_syn_media_rec_0079_007,,False
media_syn_media_rec_0080_000,,False
media_syn_media_rec_0080_001,,False
media_syn_media_rec_0080_002,,False
media_syn_media_rec_0080_003,,False
media_syn_media_rec_0080_004,,False
media_syn_media_rec_0080_005,,False
media_syn_media_rec_0081_000,,False
media_syn_media_rec_0081_001,,False
media_syn_media_rec_0081_002,,False
media_syn_media_rec_0081_003,,False
media_syn_media_rec_0081_004,,False
media_syn_media_rec_0082_000,,False
media_syn_media_rec_0082_001,,False
media_syn_media_rec_0082_002,,False
media_syn_media_rec_0082_003,,False
media_syn_media_rec_0082_004,,False
media_syn_media_rec_0082_005,,False
media_syn_media_rec_0083_000,,False
media_syn_media_rec_0083_001,,False
media_syn_media_rec_0083_002,,False
media_syn_media_rec_0083_003,,False
media_syn_media_rec_0083_004,,False
media_syn_media_rec_0083_005,,False
media_syn_media_rec_0083_006,,False
media_syn_media_rec_0084_000,,False
media_syn_media_rec_0084_001,,False
media_syn_media_rec_0084_002,,False
media_syn_media_rec_0084_003,,False
media_syn_media_rec_0084_004,,False
media_syn_media_rec_0085_000,,False
media_syn_media_rec_0085_001,,False
media_syn_media_rec_0085_002,,False
media_syn_media_rec_0085_003,,False
media_syn_media_rec_0085_004,,False
media_syn_media_rec_0085_005,,False
media_syn_media_rec_0086_000,,False
media_syn_media_rec_0086_001,,False
media_syn_media_rec_0086_002,,False
media_syn_media_rec_0086_003,,False
media_syn_media_rec_0086_004,,False
media_syn_media_rec_0086_005,,False
media_syn_media_rec_0086_006,,False
media_syn_media_rec_0086_007,,False
media_syn_media_rec_0086_008,,False
media_syn_media_rec_0087_000,,False
media_syn_media_rec_0087_001,,False
media_syn_media_rec_0087_002,,False
media_syn_media_rec_0087_003,,False
media_syn_media_rec_0087_004,,False
media_syn_media_rec_0087_005,,False
media_syn_media_rec_0087_006,,False
media_syn_media_rec_0087_007,,False
media_syn_media_rec_0087_008,,False
media_syn_media_rec_0088_000,,False
media_syn_media_rec_0088_001,,False
media_syn_media_rec_0088_002,,False
media_syn_media_rec_0088_003,,False
media_syn_media_rec_0088_004,,False
media_syn_media_rec_0088_005,,False
media_syn_media_rec_0088_006,,False
media_syn_media_rec_0089_000,,False
media_syn_media_rec_0089_001,,False
media_syn_media_rec_0089_002,,False
media_syn_media_rec_0089_003,,False
media_syn_media_rec_0089_004,,False
media_syn_media_rec_0089_005,,False
media_syn_media_rec_0089_006,,False
media_syn_media_rec_0089_007,,False
media_syn_media_rec_0090_000,,False
media_syn_media_rec_0090_001,,False
media_syn_media_rec_0090_002,,False
media_syn_media_rec_0090_003,,False
media_syn_media_rec_0090_004,,False
media_syn_media_rec_0090_005,,False
media_syn_media_rec_0091_000,,False
media_syn_media_rec_0091_001,,False
media_syn_media_rec_0091_002,,False
media_syn_media_rec_0091_003,,False
media_syn_media_rec_0091_004,,False
media_syn_media_rec_0091_005,,False
media_syn_media_rec_0092_000,,False
media_syn_media_rec_0092_001,,False
media_syn_media_rec_0092_002,,False
media_syn_media_rec_0092_003,,False
media_syn_media_rec_0092_004,,False
media_syn_media_rec_0093_000,,False
media_syn_media_rec_0093_001,,False
media_syn_media_rec_0093_002,,False
media_syn_media_rec_0093_003,,False
media_syn_media_rec_0093_004,,False
media_syn_media_rec_0094_000,,False
media_syn_media_rec_0094_001,,False
media_syn_media_rec_0094_002,,False
media_syn_media_rec_0094_003,,False
media_syn_media_rec_0094_004,,False
media_syn_media_rec_0094_005,,False
media_syn_media_rec_0095_000,,False
media_syn_media_rec_0095_001,,False
media_syn_media_rec_0095_002,,False
media_syn_media_rec_0095_003,,False
media_syn_media_rec_0095_004,,False
media_syn_media_rec_0095_005,,False
media_syn_media_rec_0095_006,,False
media_syn_media_rec_0095_007,,False
media_syn_media_rec_0095_008,,False
media_syn_media_rec_0096_000,,False
media_syn_media_rec_0096_001,,False
media_syn_media_rec_0096_002,,False
media_syn_media_rec_0096_003,,False
media_syn_media_rec_0096_004,,False
media_syn_media_rec_0096_005,,False
media_syn_media_rec_0096_006,,False
media_syn_media_rec_0096_007,,False
media_syn_media_rec_0097_000,,False
media_syn_media_rec_0097_001,,False
media_syn_media_rec_0097_002,,False
media_syn_media_rec_0097_003,,False
media_syn_media_rec_0097_004,,False
media_syn_media_rec_0097_005,,False
media_syn_media_rec_0098_000,,False
media_syn_media_rec_0098_001,,False
media_syn_media_rec_0098_002,,False
media_syn_media_rec_0098_003,,False
media_syn_media_rec_0098_004,,False
media_syn_media_rec_0098_005,,False
media_syn_media_rec_0098_006,,False
media_syn_media_rec_0099_000,,False
media_syn_media_rec_0099_001,,False
media_syn_media_rec_0099_002,,False
media_syn_media_rec_0099_003,,False
media_syn_media_rec_0099_004,,False
media_syn_media_rec_0099_005,,False
media_syn_media_rec_0100_000,,False
media_syn_media_rec_0100_001,,False
media_syn_media_rec_0100_002,,False
media_syn_media_rec_0100_003,,False
media_syn_media_rec_0100_004,,False
media_syn_media_rec_0101_000,,False
media_syn_media_rec_0101_001,,False
media_syn_media_rec_0101_002,,False
media_syn_media_rec_0101_003,,False
media_syn_media_rec_0101_004,,False
media_syn_media_rec_0101_005,,False
media_syn_media_rec_0101_006,,False
media_syn_media_rec_0101_007,,False
media_syn_media_rec_0101_008,,False
media_syn_media_rec_0102_000,,False
media_syn_media_rec_0102_001,,False
media_syn_media_rec_0102_002,,False
media_syn_media_rec_0102_003,,False
media_syn_media_rec_0102_004,,False
media_syn_media_rec_0102_005,,False
media_syn_media_rec_0103_000,,False
media_syn_media_rec_0103_001,,False
media_syn_media_rec_0103_002,,False
media_syn_media_rec_0103_003,,False
media_syn_media_rec_0103_004,,False
media_syn_media_rec_0103_005,,False
media_syn_media_rec_0103_006,,False
media_syn_media_rec_0103_007,,False
media_syn_media_rec_0103_008,,False
media_syn_media_rec_0104_000,,False
media_syn_media_rec_0104_001,,False
media_syn_media_rec_0104_002,,False
media_syn_media_rec_0104_003,,False
media_syn_media_rec_0104_004,,False
media_syn_media_rec_0104_005,,False
media_syn_media_rec_0104_006,,False
media_syn_media_rec_0104_007,,False
media_syn_media_rec_0105_000,,False
media_syn_media_rec_0105_001,,False
media_syn_media_rec_0105_002,,False
media_syn_media_rec_0105_003,,False
media_syn_media_rec_0105_004,,False
media_syn_media_rec_0105_005,,False
media_syn_media_rec_0105_006,,False
media_syn_media_rec_0105_007,,False
media_syn_media_rec_0105_008,,False
media_syn_media_rec_0106_000,,False
media_syn_media_rec_0106_001,,False
media_syn_media_rec_0106_002,,False
media_syn_media_rec_0106_003,,False
media_syn_media_rec_0106_004,,False
media_syn_media_rec_0107_000,,False
media_syn_media_rec_0107_001,,False
media_syn_media_rec_0107_002,,False
media_syn_media_rec_0107_003,,False
media_syn_media_rec_0107_004,,False
media_syn_media_rec_0107_005,,False
media_syn_media_rec_0107_006,,False
media_syn_media_rec_0107_007,,False
media_syn_media_rec_0108_000,,False
media_syn_media_rec_0108_001,,False
media_syn_media_rec_0108_002,,False
media_syn_media_rec_0108_003,,False
media_syn_media_rec_0108_004,,False
media_syn_media_rec_0108_005,,False
media_syn_media_rec_0108_006,,False
media_syn_media_rec_0108_007,,False
media_syn_media_rec_0108_008,,False
media_syn_media_rec_0109_000,,False
media_syn_media_rec_0109_001,,False
media_syn_media_rec_0109_002,,False
media_syn_media_rec_0109_003,,False
media_syn_media_rec_0109_004,,False
media_syn_media_rec_0109_005,,False
media_syn_media_rec_0109_006,,False
media_syn_media_rec_0110_000,,False
media_syn_media_rec_0110_001,,False
media_syn_media_rec_0110_002,,False
media_syn_media_rec_0110_003,,False
media_syn_media_rec_0110_004,,False
media_syn_media_rec_0110_005,,False
media_syn_media_rec_0111_000,,False
media_syn_media_rec_0111_001,,False
media_syn_media_rec_0111_002,,False
media_syn_media_rec_0111_003,,False
media_syn_media_rec_0111_004,,False
media_syn_media_rec_0111_005,,False
media_syn_media_rec_0111_006,,False
media_syn_media_rec_0112_000,,False
media_syn_media_rec_0112_001,,False
media_syn_media_rec_0112_002,,False
media_syn_media_rec_0112_003,,False
media_syn_media_rec_0112_004,,False
media_syn_media_rec_0112_005,,False
media_syn_media_rec_0112_006,,False
media_syn_media_rec_0113_000,,False
media_syn_media_rec_0113_001,,False
media_syn_media_rec_0113_002,,False
media_syn_media_rec_0113_003,,False
media_syn_media_rec_0113_004,,False
media_syn_media_rec_0113_005,,False
media_syn_media_rec_0113_006,,False
media_syn_media_rec_0113_007,,False
media_syn_media_rec_0113_008,,False
media_syn_media_rec_0114_000,,False
media_syn_media_rec_0114_001,,False
media_syn_media_rec_0114_002,,False
media_syn_media_rec_0114_003,,False
media_syn_media_rec_0114_004,,False
media_syn_media_rec_0114_005,,False
media_syn_media_rec_0115_000,,False
media_syn_media_rec_0115_001,,False
media_syn_media_rec_0115_002,,False
media_syn_media_rec_0115_003,,False
media_syn_media_rec_0115_004,,False
media_syn_media_rec_0115_005,,False
media_syn_media_rec_0116_000,,False
media_syn_media_rec_0116_001,,False
media_syn_media_rec_0116_002,,False
media_syn_media_rec_0116_003,,False
media_syn_media_rec_0116_004,,False
media_syn_media_rec_0117_000,,False
media_syn_media_rec_0117_001,,False
media_syn_media_rec_0117_002,,False
media_syn_media_rec_0117_003,,False
media_syn_media_rec_0117_004,,False
media_syn_media_rec_0117_005,,False
media_syn_media_rec_0117_006,,False
media_syn_media_rec_0117_007,,False
media_syn_media_rec_0118_000,,False
media_syn_media_rec_0118_001,,False
media_syn_media_rec_0118_002,,False
media_syn_media_rec_0118_003,,False
media_syn_media_rec_0118_004,,False
media_syn_media_rec_0118_005,,False
media_syn_media_rec_0118_006,,False
media_syn_media_rec_0118_007,,False
media_syn_media_rec_0119_000,,False
media_syn_media_rec_0119_001,,False
media_syn_media_rec_0119_002,,False
media_syn_media_rec_0119_003,,False
media_syn_media_rec_0119_004,,False
media_syn_media_rec_0119_005,,False
media_syn_media_rec_0119_006,,False
media_syn_media_rec_0119_007,,False
media_syn_media_rec_0120_000,,False
media_syn_media_rec_0120_001,,False
media_syn_media_rec_0120_002,,False
media_syn_media_rec_0120_003,,False
media_syn_media_rec_0120_004,,False
media_syn_media_rec_0120_005,,False
media_syn_media_rec_0120_006,,False
media_syn_media_rec_0121_000,,False
media_syn_media_rec_0121_001,,False
media_syn_media_rec_0121_002,,False
media_syn_media_rec_0121_003,,False
media_syn_media_rec_0121_004,,False
media_syn_media_rec_0121_005,,False
media_syn_media_rec_0121_006,,False
media_syn_media_rec_0121_007,,False
media_syn_media_rec_0122_000,,False
media_syn_media_rec_0122_001,,False
media_syn_media_rec_0122_002,,False
media_syn_media_rec_0122_003,,False
media_syn_media_rec_0122_004,,False
media_syn_media_rec_0122_005,,False
media_syn_media_rec_0122_006,,False
media_syn_media_rec_0122_007,,False
media_syn_media_rec_0123_000,,False
media_syn_media_rec_0123_001,,False
media_syn_media_rec_0123_002,,False
media_syn_media_rec_0123_003,,False
media_syn_media_rec_0123_004,,False
media_syn_media_rec_0123_005,,False
media_syn_media_rec_0123_006,,False
media_syn_media_rec_0123_007,,False
media_syn_media_rec_0123_008,,False
media_syn_media_rec_0124_000,,False
media_syn_media_rec_0124_001,,False
media_syn_media_rec_0124_002,,False
media_syn_media_rec_0124_003,,False
media_syn_media_rec_0124_004,,False
media_syn_media_rec_0124_005,,False
media_syn_media_rec_0124_006,,False
media_syn_media_rec_0124_007,,False
media_syn_media_rec_0124_008,,False
media_syn_media_rec_0125_000,,False
media_syn_media_rec_0125_001,,False
media_syn_media_rec_0125_002,,False
media_syn_media_rec_0125_003,,False
media_syn_media_rec_0125_004,,False
media_syn_media_rec_0125_005,,False
media_syn_media_rec_0126_000,,False
media_syn_media_rec_0126_001,,False
media_syn_media_rec_0126_002,,False
media_syn_media_rec_0126_003,,False
media_syn_media_rec_0126_004,,False
media_syn_media_rec_0126_005,,False
media_syn_media_rec_0126_006,,False
media_syn_media_rec_0126_007,,False
media_syn_media_rec_0126_008,,False
media_syn_media_rec_0127_000,,False
media_syn_media_rec_0127_001,,False
media_syn_media_rec_0127_002,,False
media_syn_media_rec_0127_003,,False
media_syn_media_rec_0127_004,,False
media_syn_media_rec_0127_005,,False
media_syn_media_rec_0127_006,,False
media_syn_media_rec_0128_000,,False
media_syn_media_rec_0128_001,,False
media_syn_media_rec_0128_002,,False
media_syn_media_rec_0128_003,,False
media_syn_media_rec_0128_004,,False
media_syn_media_rec_0128_005,,False
media_syn_media_rec_0128_006,,False
media_syn_media_rec_0128_007,,False
media_syn_media_rec_0128_008,,False
media_syn_media_rec_0129_000,,False
media_syn_media_rec_0129_001,,False
media_syn_media_rec_0129_002,,False
media_syn_media_rec_0129_003,,False
media_syn_media_rec_0129_004,,False
media_syn_media_rec_0130_000,,False
media_syn_media_rec_0130_001,,False
media_syn_media_rec_0130_002,,False
media_syn_media_rec_0130_003,,False
media_syn_media_rec_0130_004,,False
media_syn_media_rec_0130_005,,False
media_syn_media_rec_0130_006,,False
media_syn_media_rec_0130_007,,False
media_syn_media_rec_0131_000,,False
media_syn_media_rec_0131_001,,False
media_syn_media_rec_0131_002,,False
media_syn_media_rec_0131_003,,False
media_syn_media_rec_0131_004,,False
media_syn_media_rec_0131_005,,False
media_syn_media_rec_0131_006,,False
media_syn_media_rec_0131_007,,False
media_syn_media_rec_0132_000,,False
media_syn_media_rec_0132_001,,False
media_syn_media_rec_0132_002,,False
media_syn_media_rec_0132_003,,False
media_syn_media_rec_0132_004,,False
media_syn_media_rec_0132_005,,False
media_syn_media_rec_0132_006,,False
media_syn_media_rec_0133_000,,False
media_syn_media_rec_0133_001,,False
media_syn_media_rec_0133_002,,False
media_syn_media_rec_0133_003,,False
media_syn_media_rec_0133_004,,False
media_syn_media_rec_0134_000,,False
media_syn_media_rec_0134_001,,False
media_syn_media_rec_0134_002,,False
media_syn_media_rec_0134_003,,False
media_syn_media_rec_0134_004,,False
media_syn_media_rec_0134_005,,False
media_syn_media_rec_0134_006,,False
media_syn_media_rec_0134_007,,False
media_syn_media_rec_0134_008,,False
media_syn_media_rec_0135_000,,False
media_syn_media_rec_0135_001,,False
media_syn_media_rec_0135_002,,False
media_syn_media_rec_0135_003,,False
media_syn_media_rec_0135_004,,False
media_syn_media_rec_0135_005,,False
media_syn_media_rec_0135_006,,False
media_syn_media_rec_0135_007,,False
media_syn_media_rec_0136_000,,False
media_syn_media_rec_0136_001,,False
media_syn_media_rec_0136_002,,False
media_syn_media_rec_0136_003,,False
media_syn_media_rec_0136_004,,False
media_syn_media_rec_0136_005,,False
media_syn_media_rec_0136_006,,False
media_syn_media_rec_0136_007,,False
media_syn_media_rec_0137_000,,False
media_syn_media_rec_0137_001,,False
media_syn_media_rec_0137_002,,False
media_syn_media_rec_0137_003,,False
media_syn_media_rec_0137_004,,False
media_syn_media_rec_0140_000,,False
media_syn_media_rec_0140_001,,False
media_syn_media_rec_0140_002,,False
media_syn_media_rec_0140_003,,False
media_syn_media_rec_0140_004,,False
media_syn_media_rec_0142_000,,False
media_syn_media_rec_0142_001,,False
media_syn_media_rec_0142_002,,False
media_syn_media_rec_0142_003,,False
media_syn_media_rec_0142_004,,False
media_syn_media_rec_0142_005,,False
media_syn_media_rec_0142_006,,False
media_syn_media_rec_0142_007,,False
media_syn_media_rec_0142_008,,False
media_syn_media_rec_0143_000,,False
media_syn_media_rec_0143_001,,False
media_syn_media_rec_0143_002,,False
media_syn_media_rec_0143_003,,False
media_syn_media_rec_0143_004,,False
media_syn_media_rec_0143_005,,False
media_syn_media_rec_0143_006,,False
media_syn_media_rec_0143_007,,False
media_syn_media_rec_0144_000,,False
media_syn_media_rec_0144_001,,False
media_syn_media_rec_0144_002,,False
media_syn_media_rec_0144_003,,False
media_syn_media_rec_0144_004,,False
media_syn_media_rec_0144_005,,False
media_syn_media_rec_0144_006,,False
media_syn_media_rec_0145_000,,False
media_syn_media_rec_0145_001,,False
media_syn_media_rec_0145_002,,False
media_syn_media_rec_0145_003,,False
media_syn_media_rec_0145_004,,False
media_syn_media_rec_0145_005,,False
media_syn_media_rec_0146_000,,False
media_syn_media_rec_0146_001,,False
media_syn_media_rec_0146_002,,False
media_syn_media_rec_0146_003,,False
media_syn_media_rec_0146_004,,False
media_syn_media_rec_0146_005,,False
media_syn_media_rec_0146_006,,False
media_syn_media_rec_0146_007,,False
media_syn_media_rec_0146_008,,False
media_syn_media_rec_0147_000,,False
media_syn_media_rec_0147_001,,False
media_syn_media_rec_0147_002,,False
media_syn_media_rec_0147_003,,False
media_syn_media_rec_0147_004,,False
media_syn_media_rec_0148_000,,False
media_syn_media_rec_0148_001,,False
media_syn_media_rec_0148_002,,False
media_syn_media_rec_0148_003,,False
media_syn_media_rec_0148_004,,False
media_syn_media_rec_0148_005,,False
media_syn_media_rec_0149_000,,False
media_syn_media_rec_0149_001,,False
media_syn_media_rec_0149_002,,False
media_syn_media_rec_0149_003,,False
media_syn_media_rec_0149_004,,False
media_syn_media_rec_0150_000,,False
media_syn_media_rec_0150_001,,False
media_syn_media_rec_0150_002,,False
media_syn_media_rec_0150_003,,False
media_syn_media_rec_0150_004,,False
media_syn_media_rec_0150_005,,False
media_syn_media_rec_0150_006,,False
media_syn_media_rec_0150_007,,False
media_syn_media_rec_0150_008,,False
media_syn_media_rec_0151_000,,False
media_syn_media_rec_0151_001,,False
media_syn_media_rec_0151_002,,False
media_syn_media_rec_0151_003,,False
media_syn_media_rec_0151_004,,False
media_syn_media_rec_0151_005,,False
media_syn_media_rec_0151_006,,False
media_syn_media_rec_0152_000,,False
media_syn_media_rec_0152_001,,False
media_syn_media_rec_0152_002,,False
media_syn_media_rec_0152_003,,False
media_syn_media_rec_0152_004,,False
media_syn_media_rec_0153_000,,False
media_syn_media_rec_0153_001,,False
media_syn_media_rec_0153_002,,False
media_syn_media_rec_0153_003,,False
media_syn_media_rec_0153_004,,False
media_syn_media_rec_0153_005,,False
media_syn_media_rec_0154_000,,False
media_syn_media_rec_0154_001,,False
media_syn_media_rec_0154_002,,False
media_syn_media_rec_0154_003,,False
media_syn_media_rec_0154_004,,False
media_syn_media_rec_0154_005,,False
media_syn_media_rec_0154_006,,False
media_syn_media_rec_0154_007,,False
media_syn_media_rec_0155_000,,False
media_syn_media_rec_0155_001,,False
media_syn_media_rec_0155_002,,False
media_syn_media_rec_0155_003,,False
media_syn_media_rec_0155_004,,False
media_syn_media_rec_0155_005,,False
media_syn_media_rec_0156_000,,False
media_syn_media_rec_0156_001,,False
media_syn_media_rec_0156_002,,False
media_syn_media_rec_0156_003,,False
media_syn_media_rec_0156_004,,False
media_syn_media_rec_0156_005,,False
media_syn_media_rec_0157_000,,False
media_syn_media_rec_0157_001,,False
media_syn_media_rec_0157_002,,False
media_syn_media_rec_0157_003,,False
media_syn_media_rec_0157_004,,False
media_syn_media_rec_0157_005,,False
media_syn_media_rec_0157_006,,False
media_syn_media_rec_0158_000,,False
media_syn_media_rec_0158_001,,False
media_syn_media_rec_0158_002,,False
media_syn_media_rec_0158_003,,False
media_syn_media_rec_0158_004,,False
media_syn_media_rec_0158_005,,False
media_syn_media_rec_0158_006,,False
media_syn_media_rec_0159_000,,False
media_syn_media_rec_0159_001,,False
media_syn_media_rec_0159_002,,False
media_syn_media_rec_0159_003,,False
media_syn_media_rec_0159_004,,False
media_syn_media_rec_0159_005,,False
media_syn_media_rec_0159_006,,False
media_syn_media_rec_0159_007,,False
media_syn_media_rec_0160_000,,False
media_syn_media_rec_0160_001,,False
media_syn_media_rec_0160_002,,False
media_syn_media_rec_0160_003,,False
media_syn_media_rec_0160_004,,False
media_syn_media_rec_0161_000,,False
media_syn_media_rec_0161_001,,False
media_syn_media_rec_0161_002,,False
media_syn_media_rec_0161_003,,False
media_syn_media_rec_0161_004,,False
media_syn_media_rec_0161_005,,False
media_syn_media_rec_0161_006,,False
media_syn_media_rec_0161_007,,False
media_syn_media_rec_0162_000,,False
media_syn_media_rec_0162_001,,False
media_syn_media_rec_0162_002,,False
media_syn_media_rec_0162_003,,False
media_syn_media_rec_0162_004,,False
media_syn_media_rec_0162_005,,False
media_syn_media_rec_0163_000,,False
media_syn_media_rec_0163_001,,False
media_syn_media_rec_0163_002,,False
media_syn_media_rec_0163_003,,False
media_syn_media_rec_0163_004,,False
media_syn_media_rec_0163_005,,False
media_syn_media_rec_0163_006,,False
media_syn_media_rec_0163_007,,False
media_syn_media_rec_0163_008,,False
media_syn_media_rec_0164_000,,False
media_syn_media_rec_0164_001,,False
media_syn_media_rec_0164_002,,False
media_syn_media_rec_0164_003,,False
media_syn_media_rec_0164_004,,False
media_syn_media_rec_0165_000,,False
media_syn_media_rec_0165_001,,False
media_syn_media_rec_0165_002,,False
media_syn_media_rec_0165_003,,False
media_syn_media_rec_0165_004,,False
media_syn_media_rec_0165_005,,False
media_syn_media_rec_0166_000,,False
media_syn_media_rec_0166_001,,False
media_syn_media_rec_0166_002,,False
media_syn_media_rec_0166_003,,False
media_syn_media_rec_0166_004,,False
media_syn_media_rec_0166_005,,False
media_syn_media_rec_0166_006,,False
media_syn_media_rec_0166_007,,False
media_syn_media_rec_0166_008,,False
media_syn_media_rec_0167_000,,False
media_syn_media_rec_0167_001,,False
media_syn_media_rec_0167_002,,False
media_syn_media_rec_0167_003,,False
media_syn_media_rec_0167_004,,False
media_syn_media_rec_0167_005,,False
media_syn_media_rec_0167_006,,False
media_syn_media_rec_0167_007,,False
media_syn_media_rec_0168_000,,False
media_syn_media_rec_0168_001,,False
media_syn_media_rec_0168_002,,False
media_syn_media_rec_0168_003,,False
media_syn_media_rec_0168_004,,False
media_syn_media_rec_0168_005,,False
media_syn_media_rec_0168_006,,False
media_syn_media_rec_0168_007,,False
media_syn_media_rec_0168_008,,False
media_syn_media_rec_0169_000,,False
media_syn_media_rec_0169_001,,False
media_syn_media_rec_0169_002,,False
media_syn_media_rec_0169_003,,False
media_syn_media_rec_0169_004,,False
media_syn_media_rec_0169_005,,False
media_syn_media_rec_0170_000,,False
media_syn_media_rec_0170_001,,False
media_syn_media_rec_0170_002,,False
media_syn_media_rec_0170_003,,False
media_syn_media_rec_0170_004,,False
media_syn_media_rec_0170_005,,False
media_syn_media_rec_0170_006,,False
media_syn_media_rec_0170_007,,False
media_syn_media_rec_0171_000,,False
media_syn_media_rec_0171_001,,False
media_syn_media_rec_0171_002,,False
media_syn_media_rec_0171_003,,False
media_syn_media_rec_0171_004,,False
media_syn_media_rec_0171_005,,False
media_syn_media_rec_0171_006,,False
media_syn_media_rec_0171_007,,False
media_syn_media_rec_0172_000,,False
media_syn_media_rec_0172_001,,False
media_syn_media_rec_0172_002,,False
media_syn_media_rec_0172_003,,False
media_syn_media_rec_0172_004,,False
media_syn_media_rec_0172_005,,False
media_syn_media_rec_0172_006,,False
media_syn_media_rec_0173_000,,False
media_syn_media_rec_0173_001,,False
media_syn_media_rec_0173_002,,False
media_syn_media_rec_0173_003,,False
media_syn_media_rec_0173_004,,False
media_syn_media_rec_0173_005,,False
media_syn_media_rec_0173_006,,False
media_syn_media_rec_0173_007,,False
media_syn_media_rec_0174_000,,False
media_syn_media_rec_0174_001,,False
media_syn_media_rec_0174_002,,False
media_syn_media_rec_0174_003,,False
media_syn_media_rec_0174_004,,False
media_syn_media_rec_0174_005,,False
media_syn_media_rec_0174_006,,False
media_syn_media_rec_0174_007,,False
media_syn_media_rec_0175_000,,False
media_syn_media_rec_0175_001,,False
media_syn_media_rec_0175_002,,False
media_syn_media_rec_0175_003,,False
media_syn_media_rec_0175_004,,False
media_syn_media_rec_0175_005,,False
media_syn_media_rec_0175_006,,False
media_syn_media_rec_0175_007,,False
media_syn_media_rec_0175_008,,False
media_syn_media_rec_0176_000,,False
media_syn_media_rec_0176_001,,False
media_syn_media_rec_0176_002,,False
media_syn_media_rec_0176_003,,False
media_syn_media_rec_0176_004,,False
media_syn_media_rec_0176_005,,False
media_syn_media_rec_0176_006,,False
media_syn_media_rec_0177_000,,False
media_syn_media_rec_0177_001,,False
media_syn_media_rec_0177_002,,False
media_syn_media_rec_0177_003,,False
media_syn_media_rec_0177_004,,False
media_syn_media_rec_0177_005,,False
media_syn_media_rec_0178_000,,False
media_syn_media_rec_0178_001,,False
media_syn_media_rec_0178_002,,False
media_syn_media_rec_0178_003,,False
media_syn_media_rec_0178_004,,False
media_syn_media_rec_0178_005,,False
media_syn_media_rec_0178_006,,False
media_syn_media_rec_0179_000,,False
media_syn_media_rec_0179_001,,False
media_syn_media_rec_0179_002,,False
media_syn_media_rec_0179_003,,False
media_syn_media_rec_0179_004,,False
media_syn_media_rec_0179_005,,False
media_syn_media_rec_0179_006,,False
media_syn_media_rec_0179_007,,False
media_syn_media_rec_0179_008,,False
partial_00000,,False
partial_00001,,False
partial_00002,,False
partial_00003,,False
partial_00004,,False
partial_00005,,False
partial_00006,,False
partial_00007,,False
partial_00008,,False
partial_00009,,False
partial_00010,,False
partial_00011,,False
partial_00012,,False
partial_00013,,False
partial_00014,,False
partial_00015,,False
partial_00016,,False
partial_00017,,False
partial_00018,,False
partial_00019,,False
partial_00020,,False
partial_00021,,False
partial_00022,,False
partial_00023,,False
partial_00024,,False
partial_00025,,False
partial_00026,,False
partial_00027,,False
partial_00028,,False
partial_00029,,False
partial_00030,,False
partial_00031,,False
partial_00032,,False
partial_00033,,False
partial_00034,,False
partial_00035,,False
partial_00036,,False
partial_00037,,False
partial_00038,,False
partial_00039,,False
partial_00040,,False
partial_00041,,False
partial_00042,,False
partial_00043,,False
partial_00044,,False
partial_00045,,False
partial_00046,,False
partial_00047,,False
partial_00048,,False
partial_00049,,False
partial_00050,,False
partial_00051,,False
partial_00052,,False
partial_00053,,False
partial_00054,,False
partial_00055,,False
partial_00056,,False
partial_00057,,False
partial_00058,,False
partial_00059,,False
partial_00060,,False
partial_00061,,False
partial_00062,,False
partial_00063,,False
partial_00064,,False
partial_00065,,False
partial_00066,,False
partial_00067,,False
partial_00068,,False
partial_00069,,False
partial_00070,,False
partial_00071,,False
partial_00072,,False
partial_00073,,False
partial_00074,,False
partial_00075,,False
partial_00076,,False
partial_00077,,False
partial_00078,,False
partial_00079,,False
partial_00080,,False
partial_00081,,False
partial_00082,,False
partial_00083,,False
partial_00084,,False
partial_00085,,False
partial_00086,,False
partial_00087,,False
partial_00088,,False
partial_00089,,False
partial_00090,,False
partial_00091,,False
partial_00092,,False
partial_00093,,False
partial_00094,,False
partial_00095,,False
partial_00096,,False
partial_00097,,False
partial_00098,,False
partial_00099,,False
partial_00100,,False
partial_00101,,False
partial_00102,,False
partial_00103,,False
partial_00104,,False
partial_00105,,False
partial_00106,,False
partial_00107,,False
partial_00108,,False
partial_00109,,False
partial_00110,,False
partial_00111,,False
partial_00112,,False
partial_00113,,False
partial_00114,,False
partial_00115,,False
partial_00116,,False
partial_00117,,False
partial_00118,,False
partial_00119,,False
partial_00120,,False
partial_00121,,False
partial_00122,,False
partial_00123,,False
partial_00124,,False
partial_00125,,False
partial_00126,,False
partial_00127,,False
partial_00128,,False
partial_00129,,False
partial_00130,,False
partial_00131,,False
partial_00132,,False
partial_00133,,False
partial_00134,,False
partial_00135,,False
partial_00136,,False
partial_00137,,False
partial_00138,,False
partial_00139,,False
partial_00140,,False
partial_00141,,False
partial_00142,,False
partial_00143,,False
partial_00144,,False
partial_00145,,False
partial_00146,,False
partial_00147,,False
partial_00148,,False
partial_00149,,False
partial_00150,,False
partial_00151,,False
partial_00152,,False
partial_00153,,False
partial_00154,,False
partial_00155,,False
partial_00156,,False
partial_00157,,False
partial_00158,,False
partial_00159,,False
partial_00160,,False
partial_00161,,False
partial_00162,,False
partial_00163,,False
partial_00164,,False
partial_00165,,False
partial_00166,,False
partial_00167,,False
partial_00168,,False
partial_00169,,False
partial_00170,,False
partial_00171,,False
partial_00172,,False
partial_00173,,False
partial_00174,,False
partial_00175,,False
partial_00176,,False
partial_00177,,False
partial_00178,,False
partial_00179,,False
partial_00180,,False
partial_00181,,False
partial_00182,,False
partial_00183,,False
partial_00184,,False
partial_00185,,False
partial_00186,,False
partial_00187,,False
partial_00188,,False
partial_00189,,False
partial_00190,,False
partial_00191,,False
partial_00192,,False
partial_00193,,False
partial_00194,,False
partial_00195,,False
partial_00196,,False
partial_00197,,False
partial_00198,,False
partial_00199,,False
partial_00200,,False
partial_00201,,False
partial_00202,,False
partial_00203,,False
partial_00204,,False
partial_00205,,False
partial_00206,,False
partial_00207,,False
partial_00208,,False
partial_00209,,False
partial_00210,,False
partial_00211,,False
partial_00212,,False
partial_00213,,False
partial_00214,,False
partial_00215,,False
partial_00216,,False
partial_00217,,False
partial_00218,,False
partial_00219,,False
partial_00220,,False
partial_00221,,False
partial_00222,,False
partial_00223,,False
partial_00224,,False
partial_00225,,False
partial_00226,,False
partial_00227,,False
partial_00228,,False
partial_00229,,False
partial_00230,,False
partial_00231,,False
partial_00232,,False
partial_00233,,False
partial_00234,,False
partial_00235,,False
partial_00236,,False
partial_00237,,False
partial_00238,,False
partial_00239,,False
partial_00240,,False
partial_00241,,False
partial_00242,,False
partial_00243,,False
partial_00244,,False
partial_00245,,False
partial_00246,,False
partial_00247,,False
partial_00248,,False
partial_00249,,False
partial_00250,,False
partial_00251,,False
partial_00252,,False
partial_00253,,False
partial_00254,,False
partial_00255,,False
partial_00256,,False
partial_00257,,False
partial_00258,,False
partial_00259,,False
partial_00260,,False
partial_00261,,False
partial_00262,,False
partial_00263,,False
partial_00264,,False
partial_00265,,False
partial_00266,,False
partial_00267,,False
partial_00268,,False
partial_00269,,False
partial_00270,,False
partial_00271,,False
partial_00272,,False
partial_00273,,False
partial_00274,,False
partial_00275,,False
partial_00276,,False
partial_00277,,False
partial_00278,,False
partial_00279,,False
partial_00280,,False
partial_00281,,False
partial_00282,,False
partial_00283,,False
partial_00284,,False
partial_00285,,False
partial_00286,,False
partial_00287,,False
partial_00288,,False
partial_00289,,False
partial_00290,,False
partial_00291,,False
partial_00292,,False
partial_00293,,False
partial_00294,,False
partial_00295,,False
partial_00296,,False
partial_00297,,False
partial_00298,,False
partial_00299,,False
partial_00300,,False
partial_00301,,False
partial_00302,,False
partial_00303,,False
partial_00304,,False
partial_00305,,False
partial_00306,,False
partial_00307,,False
partial_00308,,False
partial_00309,,False
partial_00310,,False
partial_00311,,False
partial_00312,,False
partial_00313,,False
partial_00314,,False
partial_00315,,False
partial_00316,,False
partial_00317,,False
partial_00318,,False
partial_00319,,False
partial_00320,,False
partial_00321,,False
partial_00322,,False
partial_00323,,False
partial_00324,,False
partial_00325,,False
partial_00326,,False
partial_00327,,False
partial_00328,,False
partial_00329,,False
partial_00330,,False
partial_00331,,False
partial_00332,,False
partial_00333,,False
partial_00334,,False
partial_00335,,False
partial_00336,,False
partial_00337,,False
partial_00338,,False
partial_00339,,False
partial_00340,,False
partial_00341,,False
partial_00342,,False
partial_00343,,False
partial_00344,,False
partial_00345,,False
partial_00346,,False
partial_00347,,False
partial_00348,,False
partial_00349,,False
partial_00350,,False
partial_00351,,False
partial_00352,,False
partial_00353,,False
partial_00354,,False
partial_00355,,False
partial_00356,,False
partial_00357,,False
partial_00358,,False
partial_00359,,False
partial_00360,,False
partial_00361,,False
partial_00362,,False
partial_00363,,False
partial_00364,,False
partial_00365,,False
partial_00366,,False
partial_00367,,False
partial_00368,,False
partial_00369,,False
partial_00370,,False
partial_00371,,False
partial_00372,,False
partial_00373,,False
partial_00374,,False
partial_00375,,False
partial_00376,,False
partial_00377,,False
partial_00378,,False
partial_00379,,False
partial_00380,,False
partial_00381,,False
partial_00382,,False
partial_00383,,False
partial_00384,,False
partial_00385,,False
partial_00386,,False
partial_00387,,False
partial_00388,,False
partial_00389,,False
partial_00390,,False
partial_00391,,False
partial_00392,,False
partial_00393,,False
partial_00394,,False
partial_00395,,False
partial_00396,,False
partial_00397,,False
partial_00398,,False
partial_00399,,False
partial_00400,,False
partial_00401,,False
partial_00402,,False
partial_00403,,False
partial_00404,,False
partial_00405,,False
partial_00406,,False
partial_00407,,False
partial_00408,,False
partial_00409,,False
partial_00410,,False
partial_00411,,False
partial_00412,,False
partial_00413,,False
partial_00414,,False
partial_00415,,False
partial_00416,,False
partial_00417,,False
partial_00418,,False
partial_00419,,False
partial_00420,,False
partial_00421,,False
partial_00422,,False
partial_00423,,False
partial_00424,,False
partial_00425,,False
partial_00426,,False
partial_00427,,False
partial_00428,,False
partial_00429,,False
partial_00430,,False
partial_00431,,False
partial_00432,,False
partial_00433,,False
partial_00434,,False
partial_00435,,False
partial_00436,,False
partial_00437,,False
partial_00438,,False
partial_00439,,False
partial_00440,,False
partial_00441,,False
partial_00442,,False
partial_00443,,False
partial_00444,,False
partial_00445,,False
partial_00446,,False
partial_00447,,False
partial_00448,,False
partial_00449,,False
partial_00450,,False
partial_00451,,False
partial_00452,,False
partial_00453,,False
partial_00454,,False
partial_00455,,False
partial_00456,,False
partial_00457,,False
partial_00458,,False
partial_00459,,False
partial_00460,,False
partial_00461,,False
partial_00462,,False
partial_00463,,False
partial_00464,,False
partial_00465,,False
partial_00466,,False
partial_00467,,False
partial_00468,,False
partial_00469,,False
partial_00470,,False
partial_00471,,False
partial_00472,,False
partial_00473,,False
partial_00474,,False
partial_00475,,False
partial_00476,,False
partial_00477,,False
partial_00478,,False
partial_00479,,False
partial_00480,,False
partial_00481,,False
partial_00482,,False
partial_00483,,False
partial_00484,,False
partial_00485,,False
partial_00486,,False
partial_00487,,False
partial_00488,,False
partial_00489,,False
partial_00490,,False
partial_00491,,False
partial_00492,,False
partial_00493,,False
partial_00494,,False
partial_00495,,False
partial_00496,,False
partial_00497,,False
partial_00498,,False
partial_00499,,False
partial_00500,,False
partial_00501,,False
partial_00502,,False
partial_00503,,False
partial_00504,,False
partial_00505,,False
partial_00506,,False
partial_00507,,False
partial_00508,,False
partial_00509,,False
partial_00510,,False
partial_00511,,False
partial_00512,,False
partial_00513,,False
partial_00514,,False
partial_00515,,False
partial_00516,,False
partial_00517,,False
partial_00518,,False
partial_00519,,False
partial_00520,,False
partial_00521,,False
partial_00522,,False
partial_00523,,False
partial_00524,,False
partial_00525,,False
partial_00526,,False
partial_00527,,False
partial_00528,,False
partial_00529,,False
partial_00530,,False
partial_00531,,False
partial_00532,,False
partial_00533,,False
partial_00534,,False
partial_00535,,False
partial_00536,,False
partial_00537,,False
partial_00538,,False
partial_00539,,False
partial_00540,,False
partial_00541,,False
partial_00542,,False
partial_00543,,False
partial_00544,,False
partial_00545,,False
partial_00546,,False
partial_00547,,False
partial_00548,,False
partial_00549,,False
partial_00550,,False
partial_00551,,False
partial_00552,,False
partial_00553,,False
partial_00554,,False
partial_00555,,False
partial_00556,,False
partial_00557,,False
partial_00558,,False
partial_00559,,False
partial_00560,,False
partial_00561,,False
partial_00562,,False
partial_00563,,False
partial_00564,,False
partial_00565,,False
partial_00566,,False
partial_00567,,False
partial_00568,,False
partial_00569,,False
partial_00570,,False
partial_00571,,False
partial_00572,,False
partial_00573,,False
partial_00574,,False
partial_00575,,False
partial_00576,,False
partial_00577,,False
partial_00578,,False
partial_00579,,False
partial_00580,,False
partial_00581,,False
partial_00582,,False
partial_00583,,False
partial_00584,,False
partial_00585,,False
partial_00586,,False
partial_00587,,False
partial_00588,,False
partial_00589,,False
partial_00590,,False
partial_00591,,False
partial_00592,,False
partial_00593,,False
partial_00594,,False
partial_00595,,False
partial_00596,,False
partial_00597,,False
partial_00598,,False
partial_00599,,False
partial_00600,,False
partial_00601,,False
partial_00602,,False
partial_00603,,False
partial_00604,,False
partial_00605,,False
partial_00606,,False
partial_00607,,False
partial_00608,,False
partial_00609,,False
partial_00610,,False
partial_00611,,False
partial_00612,,False
partial_00613,,False
partial_00614,,False
partial_00615,,False
partial_00616,,False
partial_00617,,False
partial_00618,,False
partial_00619,,False
partial_00620,,False
partial_00621,,False
partial_00622,,False
partial_00623,,False
partial_00624,,False
partial_00625,,False
partial_00626,,False
partial_00627,,False
partial_00628,,False
partial_00629,,False
partial_00630,,False
partial_00631,,False
partial_00632,,False
partial_00633,,False
partial_00634,,False
partial_00635,,False
partial_00636,,False
partial_00637,,False
partial_00638,,False
partial_00639,,False
partial_00640,,False
partial_00641,,False
partial_00642,,False
partial_00643,,False
partial_00644,,False
partial_00645,,False
partial_00646,,False
partial_00647,,False
partial_00648,,False
partial_00649,,False
partial_00650,,False
partial_00651,,False
partial_00652,,False
partial_00653,,False
partial_00654,,False
partial_00655,,False
partial_00656,,False
partial_00657,,False
partial_00658,,False
partial_00659,,False
partial_00660,,False
partial_00661,,False
partial_00662,,False
partial_00663,,False
partial_00664,,False
partial_00665,,False
partial_00666,,False
partial_00667,,False
partial_00668,,False
partial_00669,,False
partial_00670,,False
partial_00671,,False
partial_00672,,False
partial_00673,,False
partial_00674,,False
partial_00675,,False
partial_00676,,False
partial_00677,,False
partial_00678,,False
partial_00679,,False
partial_00680,,False
partial_00681,,False
partial_00682,,False
partial_00683,,False
partial_00684,,False
partial_00685,,False
partial_00686,,False
partial_00687,,False
partial_00688,,False
partial_00689,,False
partial_00690,,False
partial_00691,,False
partial_00692,,False
partial_00693,,False
partial_00694,,False
partial_00695,,False
partial_00696,,False
partial_00697,,False
partial_00698,,False
partial_00699,,False
partial_00700,,False
partial_00701,,False
partial_00702,,False
partial_00703,,False
partial_00704,,False
partial_00705,,False
partial_00706,,False
partial_00707,,False
partial_00708,,False
partial_00709,,False
partial_00710,,False
partial_00711,,False
partial_00712,,False
partial_00713,,False
partial_00714,,False
partial_00715,,False
partial_00716,,False
partial_00717,,False
partial_00718,,False
partial_00719,,False
partial_00720,,False
partial_00721,,False
partial_00722,,False
partial_00723,,False
partial_00724,,False
partial_00725,,False
partial_00726,,False
partial_00727,,False
partial_00728,,False
partial_00729,,False
partial_00730,,False
partial_00731,,False
partial_00732,,False
partial_00733,,False
partial_00734,,False
partial_00735,,False
partial_00736,,False
partial_00737,,False
partial_00738,,False
partial_00739,,False
partial_00740,,False
partial_00741,,False
partial_00742,,False
partial_00743,,False
partial_00744,,False
partial_00745,,False
partial_00746,,False
partial_00747,,False
partial_00748,,False
partial_00749,,False
partial_00750,,False
partial_00751,,False
partial_00752,,False
partial_00753,,False
partial_00754,,False
partial_00755,,False
partial_00756,,False
partial_00757,,False
partial_00758,,False
partial_00759,,False
partial_00760,,False
partial_00761,,False
partial_00762,,False
partial_00763,,False
partial_00764,,False
partial_00765,,False
partial_00766,,False
partial_00767,,False
partial_00768,,False
partial_00769,,False
partial_00770,,False
partial_00771,,False
partial_00772,,False
partial_00773,,False
partial_00774,,False
partial_00775,,False
partial_00776,,False
partial_00777,,False
partial_00778,,False
partial_00779,,False
partial_00780,,False
partial_00781,,False
partial_00782,,False
partial_00783,,False
partial_00784,,False
partial_00785,,False
partial_00786,,False
partial_00787,,False
partial_00788,,False
partial_00789,,False
partial_00790,,False
partial_00791,,False
partial_00792,,False
partial_00793,,False
partial_00794,,False
partial_00795,,False
partial_00796,,False
partial_00797,,False
partial_00798,,False
partial_00799,,False
speech_syn_general_rec_0000_000,,False
speech_syn_general_rec_0000_001,,False
speech_syn_general_rec_0000_002,,False
speech_syn_general_rec_0000_003,,False
speech_syn_general_rec_0000_004,,False
speech_syn_general_rec_0000_005,,False
speech_syn_general_rec_0000_006,,False
speech_syn_general_rec_0000_007,,False
speech_syn_general_rec_0000_008,,False
speech_syn_general_rec_0000_009,,False
speech_syn_general_rec_0000_010,,False
speech_syn_general_rec_0000_011,,False
speech_syn_general_rec_0000_012,,False
speech_syn_general_rec_0000_013,,False
speech_syn_general_rec_0000_014,,False
speech_syn_general_rec_0000_015,,False
speech_syn_general_rec_0001_000,,False
speech_syn_general_rec_0001_001,,False
speech_syn_general_rec_0001_002,,False
speech_syn_general_rec_0001_003,,False
speech_syn_general_rec_0001_004,,False
speech_syn_general_rec_0001_005,,False
speech_syn_general_rec_0001_006,,False
speech_syn_general_rec_0001_007,,False
speech_syn_general_rec_0001_008,,False
speech_syn_general_rec_0001_009,,False
speech_syn_general_rec_0002_000,,False
speech_syn_general_rec_0002_001,,False
speech_syn_general_rec_0002_002,,False
speech_syn_general_rec_0002_003,,False
speech_syn_general_rec_0002_004,,False
speech_syn_general_rec_0002_005,,False
speech_syn_general_rec_0002_006,,False
speech_syn_general_rec_0002_007,,False
speech_syn_general_rec_0002_008,,False
speech_syn_general_rec_0002_009,,False
speech_syn_general_rec_0002_010,,False
speech_syn_general_rec_0002_011,,False
speech_syn_general_rec_0002_012,,False
speech_syn_general_rec_0002_013,,False
speech_syn_general_rec_0002_014,,False
speech_syn_general_rec_0002_015,,False
speech_syn_general_rec_0002_016,,False
speech_syn_general_rec_0002_017,,False
speech_syn_general_rec_0003_000,,False
speech_syn_general_rec_0003_001,,False
speech_syn_general_rec_0003_002,,False
speech_syn_general_rec_0003_003,,False
speech_syn_general_rec_0003_004,,False
speech_syn_general_rec_0003_005,,False
speech_syn_general_rec_0003_006,,False
speech_syn_general_rec_0003_007,,False
speech_syn_general_rec_0003_008,,False
speech_syn_general_rec_0003_009,,False
speech_syn_general_rec_0003_010,,False
speech_syn_general_rec_0003_011,,False
speech_syn_general_rec_0004_000,,False
speech_syn_general_rec_0004_001,,False
speech_syn_general_rec_0004_002,,False
speech_syn_general_rec_0004_003,,False
speech_syn_general_rec_0004_004,,False
speech_syn_general_rec_0004_005,,False
speech_syn_general_rec_0004_006,,False
speech_syn_general_rec_0004_007,,False
speech_syn_general_rec_0004_008,,False
speech_syn_general_rec_0004_009,,False
speech_syn_general_rec_0004_010,,False
speech_syn_general_rec_0004_011,,False
speech_syn_general_rec_0004_012,,False
speech_syn_general_rec_0005_000,,False
speech_syn_general_rec_0005_001,,False
speech_syn_general_rec_0005_002,,False
speech_syn_general_rec_0005_003,,False
speech_syn_general_rec_0005_004,,False
speech_syn_general_rec_0005_005,,False
speech_syn_general_rec_0005_006,,False
speech_syn_general_rec_0005_007,,False
speech_syn_general_rec_0005_008,,False
speech_syn_general_rec_0005_009,,False
speech_syn_general_rec_0005_010,,False
speech_syn_general_rec_0005_011,,False
speech_syn_general_rec_0005_012,,False
speech_syn_general_rec_0005_013,,False
speech_syn_general_rec_0005_014,,False
speech_syn_general_rec_0005_015,,False
speech_syn_general_rec_0005_016,,False
speech_syn_general_rec_0005_017,,False
speech_syn_general_rec_0006_000,,False
speech_syn_general_rec_0006_001,,False
speech_syn_general_rec_0006_002,,False
speech_syn_general_rec_0006_003,,False
speech_syn_general_rec_0006_004,,False
speech_syn_general_rec_0006_005,,False
speech_syn_general_rec_0006_006,,False
speech_syn_general_rec_0006_007,,False
speech_syn_general_rec_0006_008,,False
speech_syn_general_rec_0006_009,,False
speech_syn_general_rec_0006_010,,False
speech_syn_general_rec_0006_011,,False
speech_syn_general_rec_0006_012,,False
speech_syn_general_rec_0006_013,,False
speech_syn_general_rec_0006_014,,False
speech_syn_general_rec_0007_000,,False
speech_syn_general_rec_0007_001,,False
speech_syn_general_rec_0007_002,,False
speech_syn_general_rec_0007_003,,False
speech_syn_general_rec_0007_004,,False
speech_syn_general_rec_0007_005,,False
speech_syn_general_rec_0007_006,,False
speech_syn_general_rec_0008_000,,False
speech_syn_general_rec_0008_001,,False
speech_syn_general_rec_0008_002,,False
speech_syn_general_rec_0008_003,,False
speech_syn_general_rec_0008_004,,False
speech_syn_general_rec_0008_005,,False
speech_syn_general_rec_0008_006,,False
speech_syn_general_rec_0008_007,,False
speech_syn_general_rec_0008_008,,False
speech_syn_general_rec_0008_009,,False
speech_syn_general_rec_0008_010,,False
speech_syn_general_rec_0008_011,,False
speech_syn_general_rec_0008_012,,False
speech_syn_general_rec_0009_000,,False
speech_syn_general_rec_0009_001,,False
speech_syn_general_rec_0009_002,,False
speech_syn_general_rec_0009_003,,False
speech_syn_general_rec_0009_004,,False
speech_syn_general_rec_0009_005,,False
speech_syn_general_rec_0009_006,,False
speech_syn_general_rec_0009_007,,False
speech_syn_general_rec_0009_008,,False
speech_syn_general_rec_0009_009,,False
speech_syn_general_rec_0009_010,,False
speech_syn_general_rec_0009_011,,False
speech_syn_general_rec_0009_012,,False
speech_syn_general_rec_0009_013,,False
speech_syn_general_rec_0010_000,,False
speech_syn_general_rec_0010_001,,False
speech_syn_general_rec_0010_002,,False
speech_syn_general_rec_0010_003,,False
speech_syn_general_rec_0010_004,,False
speech_syn_general_rec_0010_005,,False
speech_syn_general_rec_0010_006,,False
speech_syn_general_rec_0010_007,,False
speech_syn_general_rec_0010_008,,False
speech_syn_general_rec_0010_009,,False
speech_syn_general_rec_0010_010,,False
speech_syn_general_rec_0010_011,,False
speech_syn_general_rec_0010_012,,False
speech_syn_general_rec_0010_013,,False
speech_syn_general_rec_0010_014,,False
speech_syn_general_rec_0010_015,,False
speech_syn_general_rec_0010_016,,False
speech_syn_general_rec_0011_000,,False
speech_syn_general_rec_0011_001,,False
speech_syn_general_rec_0011_002,,False
speech_syn_general_rec_0011_003,,False
speech_syn_general_rec_0011_004,,False
speech_syn_general_rec_0011_005,,False
speech_syn_general_rec_0011_006,,False
speech_syn_general_rec_0011_007,,False
speech_syn_general_rec_0011_008,,False
speech_syn_general_rec_0011_009,,False
speech_syn_general_rec_0011_010,,False
speech_syn_general_rec_0011_011,,False
speech_syn_general_rec_0011_012,,False
speech_syn_general_rec_0011_013,,False
speech_syn_general_rec_0011_014,,False
speech_syn_general_rec_0011_015,,False
speech_syn_general_rec_0011_016,,False
speech_syn_general_rec_0011_017,,False
speech_syn_general_rec_0012_000,,False
speech_syn_general_rec_0012_001,,False
speech_syn_general_rec_0012_002,,False
speech_syn_general_rec_0012_003,,False
speech_syn_general_rec_0012_004,,False
speech_syn_general_rec_0012_005,,False
speech_syn_general_rec_0012_006,,False
speech_syn_general_rec_0012_007,,False
speech_syn_general_rec_0012_008,,False
speech_syn_general_rec_0012_009,,False
speech_syn_general_rec_0012_010,,False
speech_syn_general_rec_0013_000,,False
speech_syn_general_rec_0013_001,,False
speech_syn_general_rec_0013_002,,False
speech_syn_general_rec_0013_003,,False
speech_syn_general_rec_0013_004,,False
speech_syn_general_rec_0013_005,,False
speech_syn_general_rec_0013_006,,False
speech_syn_general_rec_0013_007,,False
speech_syn_general_rec_0013_008,,False
speech_syn_general_rec_0013_009,,False
speech_syn_general_rec_0013_010,,False
speech_syn_general_rec_0013_011,,False
speech_syn_general_rec_0013_012,,False
speech_syn_general_rec_0014_000,,False
speech_syn_general_rec_0014_001,,False
speech_syn_general_rec_0014_002,,False
speech_syn_general_rec_0014_003,,False
speech_syn_general_rec_0014_004,,False
speech_syn_general_rec_0014_005,,False
speech_syn_general_rec_0014_006,,False
speech_syn_general_rec_0014_007,,False
speech_syn_general_rec_0014_008,,False
speech_syn_general_rec_0014_009,,False
speech_syn_general_rec_0014_010,,False
speech_syn_general_rec_0014_011,,False
speech_syn_general_rec_0014_012,,False
speech_syn_general_rec_0014_013,,False
speech_syn_general_rec_0014_014,,False
speech_syn_general_rec_0014_015,,False
speech_syn_general_rec_0014_016,,False
speech_syn_general_rec_0014_017,,False
speech_syn_general_rec_0015_000,,False
speech_syn_general_rec_0015_001,,False
speech_syn_general_rec_0015_002,,False
speech_syn_general_rec_0015_003,,False
speech_syn_general_rec_0015_004,,False
speech_syn_general_rec_0015_005,,False
speech_syn_general_rec_0015_006,,False
speech_syn_general_rec_0015_007,,False
speech_syn_general_rec_0015_008,,False
speech_syn_general_rec_0015_009,,False
speech_syn_general_rec_0015_010,,False
speech_syn_general_rec_0016_000,,False
speech_syn_general_rec_0016_001,,False
speech_syn_general_rec_0016_002,,False
speech_syn_general_rec_0016_003,,False
speech_syn_general_rec_0016_004,,False
speech_syn_general_rec_0016_005,,False
speech_syn_general_rec_0016_006,,False
speech_syn_general_rec_0016_007,,False
speech_syn_general_rec_0016_008,,False
speech_syn_general_rec_0016_009,,False
speech_syn_general_rec_0016_010,,False
speech_syn_general_rec_0016_011,,False
speech_syn_general_rec_0016_012,,False
speech_syn_general_rec_0016_013,,False
speech_syn_general_rec_0017_000,,False
speech_syn_general_rec_0017_001,,False
speech_syn_general_rec_0017_002,,False
speech_syn_general_rec_0017_003,,False
speech_syn_general_rec_0017_004,,False
speech_syn_general_rec_0017_005,,False
speech_syn_general_rec_0017_006,,False
speech_syn_general_rec_0017_007,,False
speech_syn_general_rec_0017_008,,False
speech_syn_general_rec_0017_009,,False
speech_syn_general_rec_0018_000,,False
speech_syn_general_rec_0018_001,,False
speech_syn_general_rec_0018_002,,False
speech_syn_general_rec_0018_003,,False
speech_syn_general_rec_0018_004,,False
speech_syn_general_rec_0018_005,,False
speech_syn_general_rec_0018_006,,False
speech_syn_general_rec_0018_007,,False
speech_syn_general_rec_0018_008,,False
speech_syn_general_rec_0018_009,,False
speech_syn_general_rec_0018_010,,False
speech_syn_general_rec_0018_011,,False
speech_syn_general_rec_0018_012,,False
speech_syn_general_rec_0019_000,,False
speech_syn_general_rec_0019_001,,False
speech_syn_general_rec_0019_002,,False
speech_syn_general_rec_0019_003,,False
speech_syn_general_rec_0019_004,,False
speech_syn_general_rec_0019_005,,False
speech_syn_general_rec_0019_006,,False
speech_syn_general_rec_0019_007,,False
speech_syn_general_rec_0019_008,,False
speech_syn_general_rec_0019_009,,False
speech_syn_general_rec_0019_010,,False
speech_syn_general_rec_0019_011,,False
speech_syn_general_rec_0019_012,,False
speech_syn_general_rec_0019_013,,False
speech_syn_general_rec_0019_014,,False
speech_syn_general_rec_0019_015,,False
speech_syn_general_rec_0019_016,,False
speech_syn_general_rec_0019_017,,False
speech_syn_general_rec_0020_000,,False
speech_syn_general_rec_0020_001,,False
speech_syn_general_rec_0020_002,,False
speech_syn_general_rec_0020_003,,False
speech_syn_general_rec_0020_004,,False
speech_syn_general_rec_0020_005,,False
speech_syn_general_rec_0020_006,,False
speech_syn_general_rec_0020_007,,False
speech_syn_general_rec_0020_008,,False
speech_syn_general_rec_0020_009,,False
speech_syn_general_rec_0020_010,,False
speech_syn_general_rec_0021_000,,False
speech_syn_general_rec_0021_001,,False
speech_syn_general_rec_0021_002,,False
speech_syn_general_rec_0021_003,,False
speech_syn_general_rec_0021_004,,False
speech_syn_general_rec_0021_005,,False
speech_syn_general_rec_0021_006,,False
speech_syn_general_rec_0022_000,,False
speech_syn_general_rec_0022_001,,False
speech_syn_general_rec_0022_002,,False
speech_syn_general_rec_0022_003,,False
speech_syn_general_rec_0022_004,,False
speech_syn_general_rec_0022_005,,False
speech_syn_general_rec_0022_006,,False
speech_syn_general_rec_0022_007,,False
speech_syn_general_rec_0022_008,,False
speech_syn_general_rec_0022_009,,False
speech_syn_general_rec_0023_000,,False
speech_syn_general_rec_0023_001,,False
speech_syn_general_rec_0023_002,,False
speech_syn_general_rec_0023_003,,False
speech_syn_general_rec_0023_004,,False
speech_syn_general_rec_0023_005,,False
speech_syn_general_rec_0023_006,,False
speech_syn_general_rec_0023_007,,False
speech_syn_general_rec_0023_008,,False
speech_syn_general_rec_0023_009,,False
speech_syn_general_rec_0024_000,,False
speech_syn_general_rec_0024_001,,False
speech_syn_general_rec_0024_002,,False
speech_syn_general_rec_0024_003,,False
speech_syn_general_rec_0024_004,,False
speech_syn_general_rec_0024_005,,False
speech_syn_general_rec_0024_006,,False
speech_syn_general_rec_0024_007,,False
speech_syn_general_rec_0025_000,,False
speech_syn_general_rec_0025_001,,False
speech_syn_general_rec_0025_002,,False
speech_syn_general_rec_0025_003,,False
speech_syn_general_rec_0025_004,,False
speech_syn_general_rec_0025_005,,False
speech_syn_general_rec_0025_006,,False
speech_syn_general_rec_0025_007,,False
speech_syn_general_rec_0025_008,,False
speech_syn_general_rec_0025_009,,False
speech_syn_general_rec_0025_010,,False
speech_syn_general_rec_0025_011,,False
speech_syn_general_rec_0026_000,,False
speech_syn_general_rec_0026_001,,False
speech_syn_general_rec_0026_002,,False
speech_syn_general_rec_0026_003,,False
speech_syn_general_rec_0026_004,,False
speech_syn_general_rec_0026_005,,False
speech_syn_general_rec_0026_006,,False
speech_syn_general_rec_0026_007,,False
speech_syn_general_rec_0026_008,,False
speech_syn_general_rec_0027_000,,False
speech_syn_general_rec_0027_001,,False
speech_syn_general_rec_0027_002,,False
speech_syn_general_rec_0027_003,,False
speech_syn_general_rec_0027_004,,False
speech_syn_general_rec_0027_005,,False
speech_syn_general_rec_0027_006,,False
speech_syn_general_rec_0027_007,,False
speech_syn_general_rec_0027_008,,False
speech_syn_general_rec_0027_009,,False
speech_syn_general_rec_0027_010,,False
speech_syn_general_rec_0028_000,,False
speech_syn_general_rec_0028_001,,False
speech_syn_general_rec_0028_002,,False
speech_syn_general_rec_0028_003,,False
speech_syn_general_rec_0028_004,,False
speech_syn_general_rec_0028_005,,False
speech_syn_general_rec_0028_006,,False
speech_syn_general_rec_0028_007,,False
speech_syn_general_rec_0028_008,,False
speech_syn_general_rec_0029_000,,False
speech_syn_general_rec_0029_001,,False
speech_syn_general_rec_0029_002,,False
speech_syn_general_rec_0029_003,,False
speech_syn_general_rec_0029_004,,False
speech_syn_general_rec_0029_005,,False
speech_syn_general_rec_0029_006,,False
speech_syn_general_rec_0029_007,,False
speech_syn_general_rec_0029_008,,False
speech_syn_general_rec_0029_009,,False
speech_syn_general_rec_0029_010,,False
speech_syn_general_rec_0029_011,,False
speech_syn_general_rec_0029_012,,False
speech_syn_general_rec_0029_013,,False
speech_syn_general_rec_0029_014,,False
speech_syn_general_rec_0029_015,,False
speech_syn_general_rec_0029_016,,False
speech_syn_general_rec_0029_017,,False
speech_syn_general_rec_0030_000,,False
speech_syn_general_rec_0030_001,,False
speech_syn_general_rec_0030_002,,False
speech_syn_general_rec_0030_003,,False
speech_syn_general_rec_0030_004,,False
speech_syn_general_rec_0030_005,,False
speech_syn_general_rec_0030_006,,False
speech_syn_general_rec_0030_007,,False
speech_syn_general_rec_0030_008,,False
speech_syn_general_rec_0030_009,,False
speech_syn_general_rec_0030_010,,False
speech_syn_general_rec_0030_011,,False
speech_syn_general_rec_0030_012,,False
speech_syn_general_rec_0030_013,,False
speech_syn_general_rec_0031_000,,False
speech_syn_general_rec_0031_001,,False
speech_syn_general_rec_0031_002,,False
speech_syn_general_rec_0031_003,,False
speech_syn_general_rec_0031_004,,False
speech_syn_general_rec_0031_005,,False
speech_syn_general_rec_0031_006,,False
speech_syn_general_rec_0031_007,,False
speech_syn_general_rec_0031_008,,False
speech_syn_general_rec_0031_009,,False
speech_syn_general_rec_0031_010,,False
speech_syn_general_rec_0031_011,,False
speech_syn_general_rec_0032_000,,False
speech_syn_general_rec_0032_001,,False
speech_syn_general_rec_0032_002,,False
speech_syn_general_rec_0032_003,,False
speech_syn_general_rec_0032_004,,False
speech_syn_general_rec_0032_005,,False
speech_syn_general_rec_0032_006,,False
speech_syn_general_rec_0032_007,,False
speech_syn_general_rec_0032_008,,False
speech_syn_general_rec_0032_009,,False
speech_syn_general_rec_0032_010,,False
speech_syn_general_rec_0032_011,,False
speech_syn_general_rec_0032_012,,False
speech_syn_general_rec_0032_013,,False
speech_syn_general_rec_0032_014,,False
speech_syn_general_rec_0032_015,,False
speech_syn_general_rec_0032_016,,False
speech_syn_general_rec_0032_017,,False
speech_syn_general_rec_0032_018,,False
speech_syn_general_rec_0033_000,,False
speech_syn_general_rec_0033_001,,False
speech_syn_general_rec_0033_002,,False
speech_syn_general_rec_0033_003,,False
speech_syn_general_rec_0033_004,,False
speech_syn_general_rec_0033_005,,False
speech_syn_general_rec_0033_006,,False
speech_syn_general_rec_0033_007,,False
speech_syn_general_rec_0033_008,,False
speech_syn_general_rec_0033_009,,False
speech_syn_general_rec_0033_010,,False
speech_syn_general_rec_0034_000,,False
speech_syn_general_rec_0034_001,,False
speech_syn_general_rec_0034_002,,False
speech_syn_general_rec_0034_003,,False
speech_syn_general_rec_0034_004,,False
speech_syn_general_rec_0034_005,,False
speech_syn_general_rec_0034_006,,False
speech_syn_general_rec_0034_007,,False
speech_syn_general_rec_0034_008,,False
speech_syn_general_rec_0034_009,,False
speech_syn_general_rec_0034_010,,False
speech_syn_general_rec_0035_000,,False
speech_syn_general_rec_0035_001,,False
speech_syn_general_rec_0035_002,,False
speech_syn_general_rec_0035_003,,False
speech_syn_general_rec_0035_004,,False
speech_syn_general_rec_0035_005,,False
speech_syn_general_rec_0035_006,,False
speech_syn_general_rec_0035_007,,False
speech_syn_general_rec_0035_008,,False
speech_syn_general_rec_0035_009,,False
speech_syn_general_rec_0035_010,,False
speech_syn_general_rec_0036_000,,False
speech_syn_general_rec_0036_001,,False
speech_syn_general_rec_0036_002,,False
speech_syn_general_rec_0036_003,,False
speech_syn_general_rec_0036_004,,False
speech_syn_general_rec_0036_005,,False
speech_syn_general_rec_0036_006,,False
speech_syn_general_rec_0036_007,,False
speech_syn_general_rec_0036_008,,False
speech_syn_general_rec_0036_009,,False
speech_syn_general_rec_0037_000,,False
speech_syn_general_rec_0037_001,,False
speech_syn_general_rec_0037_002,,False
speech_syn_general_rec_0037_003,,False
speech_syn_general_rec_0037_004,,False
speech_syn_general_rec_0037_005,,False
speech_syn_general_rec_0037_006,,False
speech_syn_general_rec_0037_007,,False
speech_syn_general_rec_0037_008,,False
speech_syn_general_rec_0037_009,,False
speech_syn_general_rec_0037_010,,False
speech_syn_general_rec_0037_011,,False
speech_syn_general_rec_0037_012,,False
speech_syn_general_rec_0037_013,,False
speech_syn_general_rec_0038_000,,False
speech_syn_general_rec_0038_001,,False
speech_syn_general_rec_0038_002,,False
speech_syn_general_rec_0038_003,,False
speech_syn_general_rec_0038_004,,False
speech_syn_general_rec_0038_005,,False
speech_syn_general_rec_0039_000,,False
speech_syn_general_rec_0039_001,,False
speech_syn_general_rec_0039_002,,False
speech_syn_general_rec_0039_003,,False
speech_syn_general_rec_0039_004,,False
speech_syn_general_rec_0039_005,,False
speech_syn_general_rec_0039_006,,False
speech_syn_general_rec_0039_007,,False
speech_syn_general_rec_0039_008,,False
speech_syn_general_rec_0039_009,,False
speech_syn_general_rec_0039_010,,False
speech_syn_general_rec_0039_011,,False
speech_syn_general_rec_0039_012,,False
speech_syn_general_rec_0039_013,,False
speech_syn_general_rec_0039_014,,False
speech_syn_general_rec_0039_015,,False
speech_syn_general_rec_0039_016,,False
speech_syn_general_rec_0039_017,,False
speech_syn_general_rec_0039_018,,False
speech_syn_general_rec_0040_000,,False
speech_syn_general_rec_0040_001,,False
speech_syn_general_rec_0040_002,,False
speech_syn_general_rec_0040_003,,False
speech_syn_general_rec_0040_004,,False
speech_syn_general_rec_0040_005,,False
speech_syn_general_rec_0040_006,,False
speech_syn_general_rec_0041_000,,False
speech_syn_general_rec_0041_001,,False
speech_syn_general_rec_0041_002,,False
speech_syn_general_rec_0041_003,,False
speech_syn_general_rec_0041_004,,False
speech_syn_general_rec_0041_005,,False
speech_syn_general_rec_0041_006,,False
speech_syn_general_rec_0041_007,,False
speech_syn_general_rec_0041_008,,False
speech_syn_general_rec_0041_009,,False
speech_syn_general_rec_0041_010,,False
speech_syn_general_rec_0041_011,,False
speech_syn_general_rec_0041_012,,False
speech_syn_general_rec_0042_000,,False
speech_syn_general_rec_0042_001,,False
speech_syn_general_rec_0042_002,,False
speech_syn_general_rec_0042_003,,False
speech_syn_general_rec_0042_004,,False
speech_syn_general_rec_0042_005,,False
speech_syn_general_rec_0042_006,,False
speech_syn_general_rec_0042_007,,False
speech_syn_general_rec_0042_008,,False
speech_syn_general_rec_0042_009,,False
speech_syn_general_rec_0042_010,,False
speech_syn_general_rec_0042_011,,False
speech_syn_general_rec_0042_012,,False
speech_syn_general_rec_0042_013,,False
speech_syn_general_rec_0042_014,,False
speech_syn_general_rec_0043_000,,False
speech_syn_general_rec_0043_001,,False
speech_syn_general_rec_0043_002,,False
speech_syn_general_rec_0043_003,,False
speech_syn_general_rec_0043_004,,False
speech_syn_general_rec_0043_005,,False
speech_syn_general_rec_0043_006,,False
speech_syn_general_rec_0043_007,,False
speech_syn_general_rec_0043_008,,False
speech_syn_general_rec_0043_009,,False
speech_syn_general_rec_0044_000,,False
speech_syn_general_rec_0044_001,,False
speech_syn_general_rec_0044_002,,False
speech_syn_general_rec_0044_003,,False
speech_syn_general_rec_0044_004,,False
speech_syn_general_rec_0044_005,,False
speech_syn_general_rec_0044_006,,False
speech_syn_general_rec_0044_007,,False
speech_syn_general_rec_0044_008,,False
speech_syn_general_rec_0044_009,,False
speech_syn_general_rec_0045_000,,False
speech_syn_general_rec_0045_001,,False
speech_syn_general_rec_0045_002,,False
speech_syn_general_rec_0045_003,,False
speech_syn_general_rec_0045_004,,False
speech_syn_general_rec_0045_005,,False
speech_syn_general_rec_0045_006,,False
speech_syn_general_rec_0045_007,,False
speech_syn_general_rec_0045_008,,False
speech_syn_general_rec_0046_000,,False
speech_syn_general_rec_0046_001,,False
speech_syn_general_rec_0046_002,,False
speech_syn_general_rec_0046_003,,False
speech_syn_general_rec_0046_004,,False
speech_syn_general_rec_0046_005,,False
speech_syn_general_rec_0046_006,,False
speech_syn_general_rec_0046_007,,False
speech_syn_general_rec_0047_000,,False
speech_syn_general_rec_0047_001,,False
speech_syn_general_rec_0047_002,,False
speech_syn_general_rec_0047_003,,False
speech_syn_general_rec_0047_004,,False
speech_syn_general_rec_0047_005,,False
speech_syn_general_rec_0047_006,,False
speech_syn_general_rec_0047_007,,False
speech_syn_general_rec_0047_008,,False
speech_syn_general_rec_0047_009,,False
speech_syn_general_rec_0047_010,,False
speech_syn_general_rec_0047_011,,False
speech_syn_general_rec_0047_012,,False
speech_syn_general_rec_0047_013,,False
speech_syn_general_rec_0047_014,,False
speech_syn_general_rec_0047_015,,False
speech_syn_general_rec_0047_016,,False
speech_syn_general_rec_0047_017,,False
speech_syn_general_rec_0048_000,,False
speech_syn_general_rec_0048_001,,False
speech_syn_general_rec_0048_002,,False
speech_syn_general_rec_0048_003,,False
speech_syn_general_rec_0048_004,,False
speech_syn_general_rec_0048_005,,False
speech_syn_general_rec_0048_006,,False
speech_syn_general_rec_0048_007,,False
speech_syn_general_rec_0048_008,,False
speech_syn_general_rec_0048_009,,False
speech_syn_general_rec_0048_010,,False
speech_syn_general_rec_0048_011,,False
speech_syn_general_rec_0049_000,,False
speech_syn_general_rec_0049_001,,False
speech_syn_general_rec_0049_002,,False
speech_syn_general_rec_0049_003,,False
speech_syn_general_rec_0049_004,,False
speech_syn_general_rec_0049_005,,False
speech_syn_general_rec_0049_006,,False
speech_syn_general_rec_0049_007,,False
speech_syn_general_rec_0049_008,,False
speech_syn_general_rec_0049_009,,False
speech_syn_general_rec_0049_010,,False
speech_syn_general_rec_0049_011,,False
speech_syn_general_rec_0049_012,,False
speech_syn_general_rec_0049_013,,False
speech_syn_general_rec_0049_014,,False
speech_syn_general_rec_0050_000,,False
speech_syn_general_rec_0050_001,,False
speech_syn_general_rec_0050_002,,False
speech_syn_general_rec_0050_003,,False
speech_syn_general_rec_0050_004,,False
speech_syn_general_rec_0050_005,,False
speech_syn_general_rec_0050_006,,False
speech_syn_general_rec_0050_007,,False
speech_syn_general_rec_0050_008,,False
speech_syn_general_rec_0050_009,,False
speech_syn_general_rec_0051_000,,False
speech_syn_general_rec_0051_001,,False
speech_syn_general_rec_0051_002,,False
speech_syn_general_rec_0051_003,,False
speech_syn_general_rec_0051_004,,False
speech_syn_general_rec_0051_005,,False
speech_syn_general_rec_0051_006,,False
speech_syn_general_rec_0051_007,,False
speech_syn_general_rec_0051_008,,False
speech_syn_general_rec_0051_009,,False
speech_syn_general_rec_0051_010,,False
speech_syn_general_rec_0051_011,,False
speech_syn_general_rec_0051_012,,False
speech_syn_general_rec_0051_013,,False
speech_syn_general_rec_0051_014,,False
speech_syn_general_rec_0052_000,,False
speech_syn_general_rec_0052_001,,False
speech_syn_general_rec_0052_002,,False
speech_syn_general_rec_0052_003,,False
speech_syn_general_rec_0052_004,,False
speech_syn_general_rec_0052_005,,False
speech_syn_general_rec_0052_006,,False
speech_syn_general_rec_0052_007,,False
speech_syn_general_rec_0052_008,,False
speech_syn_general_rec_0052_009,,False
speech_syn_general_rec_0052_010,,False
speech_syn_general_rec_0052_011,,False
speech_syn_general_rec_0052_012,,False
speech_syn_general_rec_0052_013,,False
speech_syn_general_rec_0053_000,,False
speech_syn_general_rec_0053_001,,False
speech_syn_general_rec_0053_002,,False
speech_syn_general_rec_0053_003,,False
speech_syn_general_rec_0053_004,,False
speech_syn_general_rec_0053_005,,False
speech_syn_general_rec_0053_006,,False
speech_syn_general_rec_0053_007,,False
speech_syn_general_rec_0053_008,,False
speech_syn_general_rec_0053_009,,False
speech_syn_general_rec_0053_010,,False
speech_syn_general_rec_0053_011,,False
speech_syn_general_rec_0053_012,,False
speech_syn_general_rec_0053_013,,False
speech_syn_general_rec_0053_014,,False
speech_syn_general_rec_0054_000,,False
speech_syn_general_rec_0054_001,,False
speech_syn_general_rec_0054_002,,False
speech_syn_general_rec_0054_003,,False
speech_syn_general_rec_0054_004,,False
speech_syn_general_rec_0054_005,,False
speech_syn_general_rec_0054_006,,False
speech_syn_general_rec_0054_007,,False
speech_syn_general_rec_0054_008,,False
speech_syn_general_rec_0054_009,,False
speech_syn_general_rec_0054_010,,False
speech_syn_general_rec_0054_011,,False
speech_syn_general_rec_0054_012,,False
speech_syn_general_rec_0054_013,,False
speech_syn_general_rec_0054_014,,False
speech_syn_general_rec_0054_015,,False
speech_syn_general_rec_0054_016,,False
speech_syn_general_rec_0055_000,,False
speech_syn_general_rec_0055_001,,False
speech_syn_general_rec_0055_002,,False
speech_syn_general_rec_0055_003,,False
speech_syn_general_rec_0055_004,,False
speech_syn_general_rec_0055_005,,False
speech_syn_general_rec_0055_006,,False
speech_syn_general_rec_0055_007,,False
speech_syn_general_rec_0055_008,,False
speech_syn_general_rec_0055_009,,False
speech_syn_general_rec_0055_010,,False
speech_syn_general_rec_0055_011,,False
speech_syn_general_rec_0055_012,,False
speech_syn_general_rec_0055_013,,False
speech_syn_general_rec_0055_014,,False
speech_syn_general_rec_0055_015,,False
speech_syn_general_rec_0055_016,,False
speech_syn_general_rec_0055_017,,False
speech_syn_general_rec_0055_018,,False
speech_syn_general_rec_0055_019,,False
speech_syn_general_rec_0055_020,,False
speech_syn_general_rec_0056_000,,False
speech_syn_general_rec_0056_001,,False
speech_syn_general_rec_0056_002,,False
speech_syn_general_rec_0056_003,,False
speech_syn_general_rec_0056_004,,False
speech_syn_general_rec_0056_005,,False
speech_syn_general_rec_0056_006,,False
speech_syn_general_rec_0056_007,,False
speech_syn_general_rec_0056_008,,False
speech_syn_general_rec_0056_009,,False
speech_syn_general_rec_0056_010,,False
speech_syn_general_rec_0056_011,,False
speech_syn_general_rec_0057_000,,False
speech_syn_general_rec_0057_001,,False
speech_syn_general_rec_0057_002,,False
speech_syn_general_rec_0057_003,,False
speech_syn_general_rec_0057_004,,False
speech_syn_general_rec_0057_005,,False
speech_syn_general_rec_0057_006,,False
speech_syn_general_rec_0057_007,,False
speech_syn_general_rec_0057_008,,False
speech_syn_general_rec_0057_009,,False
speech_syn_general_rec_0057_010,,False
speech_syn_general_rec_0057_011,,False
speech_syn_general_rec_0057_012,,False
speech_syn_general_rec_0057_013,,False
speech_syn_general_rec_0057_014,,False
speech_syn_general_rec_0057_015,,False
speech_syn_general_rec_0057_016,,False
speech_syn_general_rec_0057_017,,False
speech_syn_general_rec_0058_000,,False
speech_syn_general_rec_0058_001,,False
speech_syn_general_rec_0058_002,,False
speech_syn_general_rec_0058_003,,False
speech_syn_general_rec_0058_004,,False
speech_syn_general_rec_0058_005,,False
speech_syn_general_rec_0058_006,,False
speech_syn_general_rec_0058_007,,False
speech_syn_general_rec_0058_008,,False
speech_syn_general_rec_0058_009,,False
speech_syn_general_rec_0058_010,,False
speech_syn_general_rec_0058_011,,False
speech_syn_general_rec_0058_012,,False
speech_syn_general_rec_0058_013,,False
speech_syn_general_rec_0059_000,,False
speech_syn_general_rec_0059_001,,False
speech_syn_general_rec_0059_002,,False
speech_syn_general_rec_0059_003,,False
speech_syn_general_rec_0059_004,,False
speech_syn_general_rec_0059_005,,False
speech_syn_general_rec_0059_006,,False
speech_syn_general_rec_0059_007,,False
speech_syn_general_rec_0059_008,,False
speech_syn_general_rec_0059_009,,False
speech_syn_general_rec_0059_010,,False
speech_syn_general_rec_0059_011,,False
speech_syn_general_rec_0060_000,,False
speech_syn_general_rec_0060_001,,False
speech_syn_general_rec_0060_002,,False
speech_syn_general_rec_0060_003,,False
speech_syn_general_rec_0060_004,,False
speech_syn_general_rec_0060_005,,False
speech_syn_general_rec_0060_006,,False
speech_syn_general_rec_0060_007,,False
speech_syn_general_rec_0060_008,,False
speech_syn_general_rec_0060_009,,False
speech_syn_general_rec_0060_010,,False
speech_syn_general_rec_0060_011,,False
speech_syn_general_rec_0060_012,,False
speech_syn_general_rec_0060_013,,False
speech_syn_general_rec_0060_014,,False
speech_syn_general_rec_0060_015,,False
speech_syn_general_rec_0061_000,,False
speech_syn_general_rec_0061_001,,False
speech_syn_general_rec_0061_002,,False
speech_syn_general_rec_0061_003,,False
speech_syn_general_rec_0061_004,,False
speech_syn_general_rec_0061_005,,False
speech_syn_general_rec_0061_006,,False
speech_syn_general_rec_0061_007,,False
speech_syn_general_rec_0061_008,,False
speech_syn_general_rec_0061_009,,False
speech_syn_general_rec_0061_010,,False
speech_syn_general_rec_0061_011,,False
speech_syn_general_rec_0061_012,,False
speech_syn_general_rec_0061_013,,False
speech_syn_general_rec_0061_014,,False
speech_syn_general_rec_0062_000,,False
speech_syn_general_rec_0062_001,,False
speech_syn_general_rec_0062_002,,False
speech_syn_general_rec_0062_003,,False
speech_syn_general_rec_0062_004,,False
speech_syn_general_rec_0062_005,,False
speech_syn_general_rec_0062_006,,False
speech_syn_general_rec_0062_007,,False
speech_syn_general_rec_0062_008,,False
speech_syn_general_rec_0063_000,,False
speech_syn_general_rec_0063_001,,False
speech_syn_general_rec_0063_002,,False
speech_syn_general_rec_0063_003,,False
speech_syn_general_rec_0063_004,,False
speech_syn_general_rec_0063_005,,False
speech_syn_general_rec_0063_006,,False
speech_syn_general_rec_0063_007,,False
speech_syn_general_rec_0063_008,,False
speech_syn_general_rec_0063_009,,False
speech_syn_general_rec_0064_000,,False
speech_syn_general_rec_0064_001,,False
speech_syn_general_rec_0064_002,,False
speech_syn_general_rec_0064_003,,False
speech_syn_general_rec_0064_004,,False
speech_syn_general_rec_0064_005,,False
speech_syn_general_rec_0064_006,,False
speech_syn_general_rec_0064_007,,False
speech_syn_general_rec_0064_008,,False
speech_syn_general_rec_0064_009,,False
speech_syn_general_rec_0064_010,,False
speech_syn_general_rec_0064_011,,False
speech_syn_general_rec_0064_012,,False
speech_syn_general_rec_0064_013,,False
speech_syn_general_rec_0065_000,,False
speech_syn_general_rec_0065_001,,False
speech_syn_general_rec_0065_002,,False
speech_syn_general_rec_0065_003,,False
speech_syn_general_rec_0065_004,,False
speech_syn_general_rec_0065_005,,False
speech_syn_general_rec_0065_006,,False
speech_syn_general_rec_0065_007,,False
speech_syn_general_rec_0065_008,,False
speech_syn_general_rec_0065_009,,False
speech_syn_general_rec_0066_000,,False
speech_syn_general_rec_0066_001,,False
speech_syn_general_rec_0066_002,,False
speech_syn_general_rec_0066_003,,False
speech_syn_general_rec_0066_004,,False
speech_syn_general_rec_0066_005,,False
speech_syn_general_rec_0066_006,,False
speech_syn_general_rec_0066_007,,False
speech_syn_general_rec_0066_008,,False
speech_syn_general_rec_0066_009,,False
speech_syn_general_rec_0066_010,,False
speech_syn_general_rec_0066_011,,False
speech_syn_general_rec_0066_012,,False
speech_syn_general_rec_0066_013,,False
speech_syn_general_rec_0066_014,,False
speech_syn_general_rec_0067_000,,False
speech_syn_general_rec_0067_001,,False
speech_syn_general_rec_0067_002,,False
speech_syn_general_rec_0067_003,,False
speech_syn_general_rec_0067_004,,False
speech_syn_general_rec_0067_005,,False
speech_syn_general_rec_0067_006,,False
speech_syn_general_rec_0067_007,,False
speech_syn_general_rec_0067_008,,False
speech_syn_general_rec_0068_000,,False
speech_syn_general_rec_0068_001,,False
speech_syn_general_rec_0068_002,,False
speech_syn_general_rec_0068_003,,False
speech_syn_general_rec_0068_004,,False
speech_syn_general_rec_0068_005,,False
speech_syn_general_rec_0068_006,,False
speech_syn_general_rec_0068_007,,False
speech_syn_general_rec_0068_008,,False
speech_syn_general_rec_0068_009,,False
speech_syn_general_rec_0068_010,,False
speech_syn_general_rec_0068_011,,False
speech_syn_general_rec_0068_012,,False
speech_syn_general_rec_0068_013,,False
speech_syn_general_rec_0068_014,,False
speech_syn_general_rec_0069_000,,False
speech_syn_general_rec_0069_001,,False
speech_syn_general_rec_0069_002,,False
speech_syn_general_rec_0069_003,,False
speech_syn_general_rec_0069_004,,False
speech_syn_general_rec_0069_005,,False
speech_syn_general_rec_0069_006,,False
speech_syn_general_rec_0069_007,,False
speech_syn_general_rec_0069_008,,False
speech_syn_general_rec_0069_009,,False
speech_syn_general_rec_0069_010,,False
speech_syn_general_rec_0069_011,,False
speech_syn_general_rec_0069_012,,False
speech_syn_general_rec_0070_000,,False
speech_syn_general_rec_0070_001,,False
speech_syn_general_rec_0070_002,,False
speech_syn_general_rec_0070_003,,False
speech_syn_general_rec_0070_004,,False
speech_syn_general_rec_0070_005,,False
speech_syn_general_rec_0070_006,,False
speech_syn_general_rec_0070_007,,False
speech_syn_general_rec_0070_008,,False
speech_syn_general_rec_0071_000,,False
speech_syn_general_rec_0071_001,,False
speech_syn_general_rec_0071_002,,False
speech_syn_general_rec_0071_003,,False
speech_syn_general_rec_0071_004,,False
speech_syn_general_rec_0071_005,,False
speech_syn_general_rec_0071_006,,False
speech_syn_general_rec_0071_007,,False
speech_syn_general_rec_0071_008,,False
speech_syn_general_rec_0071_009,,False
speech_syn_general_rec_0071_010,,False
speech_syn_general_rec_0071_011,,False
speech_syn_general_rec_0071_012,,False
speech_syn_general_rec_0071_013,,False
speech_syn_general_rec_0072_000,,False
speech_syn_general_rec_0072_001,,False
speech_syn_general_rec_0072_002,,False
speech_syn_general_rec_0072_003,,False
speech_syn_general_rec_0072_004,,False
speech_syn_general_rec_0072_005,,False
speech_syn_general_rec_0072_006,,False
speech_syn_general_rec_0072_007,,False
speech_syn_general_rec_0072_008,,False
speech_syn_general_rec_0072_009,,False
speech_syn_general_rec_0072_010,,False
speech_syn_general_rec_0072_011,,False
speech_syn_general_rec_0072_012,,False
speech_syn_general_rec_0072_013,,False
speech_syn_general_rec_0073_000,,False
speech_syn_general_rec_0073_001,,False
speech_syn_general_rec_0073_002,,False
speech_syn_general_rec_0073_003,,False
speech_syn_general_rec_0073_004,,False
speech_syn_general_rec_0073_005,,False
speech_syn_general_rec_0073_006,,False
speech_syn_general_rec_0073_007,,False
speech_syn_general_rec_0073_008,,False
speech_syn_general_rec_0073_009,,False
speech_syn_general_rec_0073_010,,False
speech_syn_general_rec_0073_011,,False
speech_syn_general_rec_0073_012,,False
speech_syn_general_rec_0073_013,,False
speech_syn_general_rec_0073_014,,False
speech_syn_general_rec_0073_015,,False
speech_syn_general_rec_0073_016,,False
speech_syn_general_rec_0074_000,,False
speech_syn_general_rec_0074_001,,False
speech_syn_general_rec_0074_002,,False
speech_syn_general_rec_0074_003,,False
speech_syn_general_rec_0074_004,,False
speech_syn_general_rec_0074_005,,False
speech_syn_general_rec_0074_006,,False
speech_syn_general_rec_0074_007,,False
speech_syn_general_rec_0074_008,,False
speech_syn_general_rec_0074_009,,False
speech_syn_general_rec_0074_010,,False
speech_syn_general_rec_0074_011,,False
speech_syn_general_rec_0074_012,,False
speech_syn_general_rec_0074_013,,False
speech_syn_general_rec_0074_014,,False
speech_syn_general_rec_0075_000,,False
speech_syn_general_rec_0075_001,,False
speech_syn_general_rec_0075_002,,False
speech_syn_general_rec_0075_003,,False
speech_syn_general_rec_0075_004,,False
speech_syn_general_rec_0075_005,,False
speech_syn_general_rec_0075_006,,False
speech_syn_general_rec_0075_007,,False
speech_syn_general_rec_0076_000,,False
speech_syn_general_rec_0076_001,,False
speech_syn_general_rec_0076_002,,False
speech_syn_general_rec_0076_003,,False
speech_syn_general_rec_0076_004,,False
speech_syn_general_rec_0076_005,,False
speech_syn_general_rec_0076_006,,False
speech_syn_general_rec_0076_007,,False
speech_syn_general_rec_0076_008,,False
speech_syn_general_rec_0077_000,,False
speech_syn_general_rec_0077_001,,False
speech_syn_general_rec_0077_002,,False
speech_syn_general_rec_0077_003,,False
speech_syn_general_rec_0077_004,,False
speech_syn_general_rec_0077_005,,False
speech_syn_general_rec_0077_006,,False
speech_syn_general_rec_0077_007,,False
speech_syn_general_rec_0078_000,,False
speech_syn_general_rec_0078_001,,False
speech_syn_general_rec_0078_002,,False
speech_syn_general_rec_0078_003,,False
speech_syn_general_rec_0078_004,,False
speech_syn_general_rec_0078_005,,False
speech_syn_general_rec_0078_006,,False
speech_syn_general_rec_0078_007,,False
speech_syn_general_rec_0078_008,,False
speech_syn_general_rec_0078_009,,False
speech_syn_general_rec_0078_010,,False
speech_syn_general_rec_0078_011,,False
speech_syn_general_rec_0078_012,,False
speech_syn_general_rec_0078_013,,False
speech_syn_general_rec_0078_014,,False
speech_syn_general_rec_0078_015,,False
speech_syn_general_rec_0079_000,,False
speech_syn_general_rec_0079_001,,False
speech_syn_general_rec_0079_002,,False
speech_syn_general_rec_0079_003,,False
speech_syn_general_rec_0079_004,,False
speech_syn_general_rec_0079_005,,False
speech_syn_general_rec_0079_006,,False
speech_syn_general_rec_0079_007,,False
speech_syn_general_rec_0079_008,,False
speech_syn_general_rec_0079_009,,False
speech_syn_general_rec_0079_010,,False
speech_syn_general_rec_0079_011,,False
speech_syn_general_rec_0080_000,,False
speech_syn_general_rec_0080_001,,False
speech_syn_general_rec_0080_002,,False
speech_syn_general_rec_0080_003,,False
speech_syn_general_rec_0080_004,,False
speech_syn_general_rec_0080_005,,False
speech_syn_general_rec_0080_006,,False
speech_syn_general_rec_0080_007,,False
speech_syn_general_rec_0080_008,,False
speech_syn_general_rec_0080_009,,False
speech_syn_general_rec_0081_000,,False
speech_syn_general_rec_0081_001,,False
speech_syn_general_rec_0081_002,,False
speech_syn_general_rec_0081_003,,False
speech_syn_general_rec_0081_004,,False
speech_syn_general_rec_0081_005,,False
speech_syn_general_rec_0081_006,,False
speech_syn_general_rec_0081_007,,False
speech_syn_general_rec_0082_000,,False
speech_syn_general_rec_0082_001,,False
speech_syn_general_rec_0082_002,,False
speech_syn_general_rec_0082_003,,False
speech_syn_general_rec_0082_004,,False
speech_syn_general_rec_0082_005,,False
speech_syn_general_rec_0082_006,,False
speech_syn_general_rec_0082_007,,False
speech_syn_general_rec_0082_008,,False
speech_syn_general_rec_0082_009,,False
speech_syn_general_rec_0082_010,,False
speech_syn_general_rec_0082_011,,False
speech_syn_general_rec_0082_012,,False
speech_syn_general_rec_0082_013,,False
speech_syn_general_rec_0082_014,,False
speech_syn_general_rec_0082_015,,False
speech_syn_general_rec_0083_000,,False
speech_syn_general_rec_0083_001,,False
speech_syn_general_rec_0083_002,,False
speech_syn_general_rec_0083_003,,False
speech_syn_general_rec_0083_004,,False
speech_syn_general_rec_0083_005,,False
speech_syn_general_rec_0083_006,,False
speech_syn_general_rec_0083_007,,False
speech_syn_general_rec_0083_008,,False
speech_syn_general_rec_0083_009,,False
speech_syn_general_rec_0083_010,,False
speech_syn_general_rec_0083_011,,False
speech_syn_general_rec_0083_012,,False
speech_syn_general_rec_0083_013,,False
speech_syn_general_rec_0083_014,,False
speech_syn_general_rec_0083_015,,False
speech_syn_general_rec_0083_016,,False
speech_syn_general_rec_0083_017,,False
speech_syn_general_rec_0084_000,,False
speech_syn_general_rec_0084_001,,False
speech_syn_general_rec_0084_002,,False
speech_syn_general_rec_0084_003,,False
speech_syn_general_rec_0084_004,,False
speech_syn_general_rec_0084_005,,False
speech_syn_general_rec_0084_006,,False
speech_syn_general_rec_0084_007,,False
speech_syn_general_rec_0084_008,,False
speech_syn_general_rec_0084_009,,False
speech_syn_general_rec_0085_000,,False
speech_syn_general_rec_0085_001,,False
speech_syn_general_rec_0085_002,,False
speech_syn_general_rec_0085_003,,False
speech_syn_general_rec_0085_004,,False
speech_syn_general_rec_0085_005,,False
speech_syn_general_rec_0085_006,,False
speech_syn_general_rec_0086_000,,False
speech_syn_general_rec_0086_001,,False
speech_syn_general_rec_0086_002,,False
speech_syn_general_rec_0086_003,,False
speech_syn_general_rec_0086_004,,False
speech_syn_general_rec_0086_005,,False
speech_syn_general_rec_0086_006,,False
speech_syn_general_rec_0086_007,,False
speech_syn_general_rec_0086_008,,False
speech_syn_general_rec_0086_009,,False
speech_syn_general_rec_0086_010,,False
speech_syn_general_rec_0086_011,,False
speech_syn_general_rec_0086_012,,False
speech_syn_general_rec_0086_013,,False
speech_syn_general_rec_0086_014,,False
speech_syn_general_rec_0086_015,,False
speech_syn_general_rec_0086_016,,False
speech_syn_general_rec_0086_017,,False
speech_syn_general_rec_0086_018,,False
speech_syn_general_rec_0087_000,,False
speech_syn_general_rec_0087_001,,False
speech_syn_general_rec_0087_002,,False
speech_syn_general_rec_0087_003,,False
speech_syn_general_rec_0087_004,,False
speech_syn_general_rec_0087_005,,False
speech_syn_general_rec_0087_006,,False
speech_syn_general_rec_0088_000,,False
speech_syn_general_rec_0088_001,,False
speech_syn_general_rec_0088_002,,False
speech_syn_general_rec_0088_003,,False
speech_syn_general_rec_0088_004,,False
speech_syn_general_rec_0088_005,,False
speech_syn_general_rec_0088_006,,False
speech_syn_general_rec_0088_007,,False
speech_syn_general_rec_0088_008,,False
speech_syn_general_rec_0088_009,,False
speech_syn_general_rec_0089_000,,False
speech_syn_general_rec_0089_001,,False
speech_syn_general_rec_0089_002,,False
speech_syn_general_rec_0089_003,,False
speech_syn_general_rec_0089_004,,False
speech_syn_general_rec_0089_005,,False
speech_syn_general_rec_0089_006,,False
speech_syn_general_rec_0089_007,,False
speech_syn_general_rec_0089_008,,False
speech_syn_general_rec_0089_009,,False
speech_syn_general_rec_0089_010,,False
speech_syn_general_rec_0089_011,,False
speech_syn_general_rec_0089_012,,False
speech_syn_general_rec_0089_013,,False
speech_syn_general_rec_0089_014,,False
speech_syn_general_rec_0090_000,,False
speech_syn_general_rec_0090_001,,False
speech_syn_general_rec_0090_002,,False
speech_syn_general_rec_0090_003,,False
speech_syn_general_rec_0090_004,,False
speech_syn_general_rec_0090_005,,False
speech_syn_general_rec_0090_006,,False
speech_syn_general_rec_0090_007,,False
speech_syn_general_rec_0090_008,,False
speech_syn_general_rec_0090_009,,False
speech_syn_general_rec_0090_010,,False
speech_syn_general_rec_0090_011,,False
speech_syn_general_rec_0091_000,,False
speech_syn_general_rec_0091_001,,False
speech_syn_general_rec_0091_002,,False
speech_syn_general_rec_0091_003,,False
speech_syn_general_rec_0091_004,,False
speech_syn_general_rec_0091_005,,False
speech_syn_general_rec_0091_006,,False
speech_syn_general_rec_0092_000,,False
speech_syn_general_rec_0092_001,,False
speech_syn_general_rec_0092_002,,False
speech_syn_general_rec_0092_003,,False
speech_syn_general_rec_0092_004,,False
speech_syn_general_rec_0092_005,,False
speech_syn_general_rec_0092_006,,False
speech_syn_general_rec_0092_007,,False
speech_syn_general_rec_0093_000,,False
speech_syn_general_rec_0093_001,,False
speech_syn_general_rec_0093_002,,False
speech_syn_general_rec_0093_003,,False
speech_syn_general_rec_0093_004,,False
speech_syn_general_rec_0093_005,,False
speech_syn_general_rec_0093_006,,False
speech_syn_general_rec_0093_007,,False
speech_syn_general_rec_0093_008,,False
speech_syn_general_rec_0093_009,,False
speech_syn_general_rec_0093_010,,False
speech_syn_general_rec_0093_011,,False
speech_syn_general_rec_0093_012,,False
speech_syn_general_rec_0093_013,,False
speech_syn_general_rec_0093_014,,False
speech_syn_general_rec_0093_015,,False
speech_syn_general_rec_0093_016,,False
speech_syn_general_rec_0093_017,,False
speech_syn_general_rec_0093_018,,False
speech_syn_general_rec_0094_000,,False
speech_syn_general_rec_0094_001,,False
speech_syn_general_rec_0094_002,,False
speech_syn_general_rec_0094_003,,False
speech_syn_general_rec_0094_004,,False
speech_syn_general_rec_0094_005,,False
speech_syn_general_rec_0094_006,,False
speech_syn_general_rec_0094_007,,False
speech_syn_general_rec_0094_008,,False
speech_syn_general_rec_0094_009,,False
speech_syn_general_rec_0095_000,,False
speech_syn_general_rec_0095_001,,False
speech_syn_general_rec_0095_002,,False
speech_syn_general_rec_0095_003,,False
speech_syn_general_rec_0095_004,,False
speech_syn_general_rec_0095_005,,False
speech_syn_general_rec_0095_006,,False
speech_syn_general_rec_0095_007,,False
speech_syn_general_rec_0095_008,,False
speech_syn_general_rec_0095_009,,False
speech_syn_general_rec_0095_010,,False
speech_syn_general_rec_0095_011,,False
speech_syn_general_rec_0095_012,,False
speech_syn_general_rec_0095_013,,False
speech_syn_general_rec_0095_014,,False
speech_syn_general_rec_0095_015,,False
speech_syn_general_rec_0095_016,,False
speech_syn_general_rec_0095_017,,False
speech_syn_general_rec_0096_000,,False
speech_syn_general_rec_0096_001,,False
speech_syn_general_rec_0096_002,,False
speech_syn_general_rec_0096_003,,False
speech_syn_general_rec_0096_004,,False
speech_syn_general_rec_0096_005,,False
speech_syn_general_rec_0096_006,,False
speech_syn_general_rec_0096_007,,False
speech_syn_general_rec_0096_008,,False
speech_syn_general_rec_0096_009,,False
speech_syn_general_rec_0096_010,,False
speech_syn_general_rec_0096_011,,False
speech_syn_general_rec_0096_012,,False
speech_syn_general_rec_0096_013,,False
speech_syn_general_rec_0096_014,,False
speech_syn_general_rec_0096_015,,False
speech_syn_general_rec_0096_016,,False
speech_syn_general_rec_0096_017,,False
speech_syn_general_rec_0096_018,,False
speech_syn_general_rec_0097_000,,False
speech_syn_general_rec_0097_001,,False
speech_syn_general_rec_0097_002,,False
speech_syn_general_rec_0097_003,,False
speech_syn_general_rec_0097_004,,False
speech_syn_general_rec_0097_005,,False
speech_syn_general_rec_0097_006,,False
speech_syn_general_rec_0097_007,,False
speech_syn_general_rec_0097_008,,False
speech_syn_general_rec_0098_000,,False
speech_syn_general_rec_0098_001,,False
speech_syn_general_rec_0098_002,,False
speech_syn_general_rec_0098_003,,False
speech_syn_general_rec_0098_004,,False
speech_syn_general_rec_0098_005,,False
speech_syn_general_rec_0098_006,,False
speech_syn_general_rec_0098_007,,False
speech_syn_general_rec_0098_008,,False
speech_syn_general_rec_0098_009,,False
speech_syn_general_rec_0098_010,,False
speech_syn_general_rec_0098_011,,False
speech_syn_general_rec_0098_012,,False
speech_syn_general_rec_0098_013,,False
speech_syn_general_rec_0098_014,,False
speech_syn_general_rec_0098_015,,False
speech_syn_general_rec_0098_016,,False
speech_syn_general_rec_0098_017,,False
speech_syn_general_rec_0099_000,,False
speech_syn_general_rec_0099_001,,False
speech_syn_general_rec_0099_002,,False
speech_syn_general_rec_0099_003,,False
speech_syn_general_rec_0099_004,,False
speech_syn_general_rec_0099_005,,False
speech_syn_general_rec_0099_006,,False
speech_syn_general_rec_0099_007,,False
speech_syn_general_rec_0099_008,,False
speech_syn_general_rec_0099_009,,False
speech_syn_general_rec_0099_010,,False
speech_syn_general_rec_0100_000,,False
speech_syn_general_rec_0100_001,,False
speech_syn_general_rec_0100_002,,False
speech_syn_general_rec_0100_003,,False
speech_syn_general_rec_0100_004,,False
speech_syn_general_rec_0100_005,,False
speech_syn_general_rec_0100_006,,False
speech_syn_general_rec_0100_007,,False
speech_syn_general_rec_0100_008,,False
speech_syn_general_rec_0100_009,,False
speech_syn_general_rec_0100_010,,False
speech_syn_general_rec_0100_011,,False
speech_syn_general_rec_0100_012,,False
speech_syn_general_rec_0100_013,,False
speech_syn_general_rec_0101_000,,False
speech_syn_general_rec_0101_001,,False
speech_syn_general_rec_0101_002,,False
speech_syn_general_rec_0101_003,,False
speech_syn_general_rec_0101_004,,False
speech_syn_general_rec_0101_005,,False
speech_syn_general_rec_0101_006,,False
speech_syn_general_rec_0101_007,,False
speech_syn_general_rec_0101_008,,False
speech_syn_general_rec_0102_000,,False
speech_syn_general_rec_0102_001,,False
speech_syn_general_rec_0102_002,,False
speech_syn_general_rec_0102_003,,False
speech_syn_general_rec_0102_004,,False
speech_syn_general_rec_0102_005,,False
speech_syn_general_rec_0102_006,,False
speech_syn_general_rec_0102_007,,False
speech_syn_general_rec_0102_008,,False
speech_syn_general_rec_0102_009,,False
speech_syn_general_rec_0102_010,,False
speech_syn_general_rec_0103_000,,False
speech_syn_general_rec_0103_001,,False
speech_syn_general_rec_0103_002,,False
speech_syn_general_rec_0103_003,,False
speech_syn_general_rec_0103_004,,False
speech_syn_general_rec_0103_005,,False
speech_syn_general_rec_0103_006,,False
speech_syn_general_rec_0103_007,,False
speech_syn_general_rec_0103_008,,False
speech_syn_general_rec_0103_009,,False
speech_syn_general_rec_0103_010,,False
speech_syn_general_rec_0103_011,,False
speech_syn_general_rec_0103_012,,False
speech_syn_general_rec_0103_013,,False
speech_syn_general_rec_0103_014,,False
speech_syn_general_rec_0103_015,,False
speech_syn_general_rec_0103_016,,False
speech_syn_general_rec_0104_000,,False
speech_syn_general_rec_0104_001,,False
speech_syn_general_rec_0104_002,,False
speech_syn_general_rec_0104_003,,False
speech_syn_general_rec_0104_004,,False
speech_syn_general_rec_0104_005,,False
speech_syn_general_rec_0104_006,,False
speech_syn_general_rec_0104_007,,False
speech_syn_general_rec_0104_008,,False
speech_syn_general_rec_0104_009,,False
speech_syn_general_rec_0104_010,,False
speech_syn_general_rec_0105_000,,False
speech_syn_general_rec_0105_001,,False
speech_syn_general_rec_0105_002,,False
speech_syn_general_rec_0105_003,,False
speech_syn_general_rec_0105_004,,False
speech_syn_general_rec_0105_005,,False
speech_syn_general_rec_0105_006,,False
speech_syn_general_rec_0105_007,,False
speech_syn_general_rec_0105_008,,False
speech_syn_general_rec_0105_009,,False
speech_syn_general_rec_0105_010,,False
speech_syn_general_rec_0105_011,,False
speech_syn_general_rec_0105_012,,False
speech_syn_general_rec_0105_013,,False
speech_syn_general_rec_0106_000,,False
speech_syn_general_rec_0106_001,,False
speech_syn_general_rec_0106_002,,False
speech_syn_general_rec_0106_003,,False
speech_syn_general_rec_0106_004,,False
speech_syn_general_rec_0106_005,,False
speech_syn_general_rec_0107_000,,False
speech_syn_general_rec_0107_001,,False
speech_syn_general_rec_0107_002,,False
speech_syn_general_rec_0107_003,,False
speech_syn_general_rec_0107_004,,False
speech_syn_general_rec_0107_005,,False
speech_syn_general_rec_0107_006,,False
speech_syn_general_rec_0107_007,,False
speech_syn_general_rec_0107_008,,False
speech_syn_general_rec_0107_009,,False
speech_syn_general_rec_0107_010,,False
speech_syn_general_rec_0107_011,,False
speech_syn_general_rec_0107_012,,False
speech_syn_general_rec_0107_013,,False
speech_syn_general_rec_0108_000,,False
speech_syn_general_rec_0108_001,,False
speech_syn_general_rec_0108_002,,False
speech_syn_general_rec_0108_003,,False
speech_syn_general_rec_0108_004,,False
speech_syn_general_rec_0108_005,,False
speech_syn_general_rec_0108_006,,False
speech_syn_general_rec_0108_007,,False
speech_syn_general_rec_0108_008,,False
speech_syn_general_rec_0108_009,,False
speech_syn_general_rec_0108_010,,False
speech_syn_general_rec_0109_000,,False
speech_syn_general_rec_0109_001,,False
speech_syn_general_rec_0109_002,,False
speech_syn_general_rec_0109_003,,False
speech_syn_general_rec_0109_004,,False
speech_syn_general_rec_0109_005,,False
speech_syn_general_rec_0109_006,,False
speech_syn_general_rec_0109_007,,False
speech_syn_general_rec_0109_008,,False
speech_syn_general_rec_0109_009,,False
speech_syn_general_rec_0110_000,,False
speech_syn_general_rec_0110_001,,False
speech_syn_general_rec_0110_002,,False
speech_syn_general_rec_0110_003,,False
speech_syn_general_rec_0110_004,,False
speech_syn_general_rec_0110_005,,False
speech_syn_general_rec_0110_006,,False
speech_syn_general_rec_0110_007,,False
speech_syn_general_rec_0110_008,,False
speech_syn_general_rec_0110_009,,False
speech_syn_general_rec_0110_010,,False
speech_syn_general_rec_0110_011,,False
speech_syn_general_rec_0110_012,,False
speech_syn_general_rec_0110_013,,False
speech_syn_general_rec_0111_000,,False
speech_syn_general_rec_0111_001,,False
speech_syn_general_rec_0111_002,,False
speech_syn_general_rec_0111_003,,False
speech_syn_general_rec_0111_004,,False
speech_syn_general_rec_0111_005,,False
speech_syn_general_rec_0111_006,,False
speech_syn_general_rec_0111_007,,False
speech_syn_general_rec_0111_008,,False
speech_syn_general_rec_0111_009,,False
speech_syn_general_rec_0112_000,,False
speech_syn_general_rec_0112_001,,False
speech_syn_general_rec_0112_002,,False
speech_syn_general_rec_0112_003,,False
speech_syn_general_rec_0112_004,,False
speech_syn_general_rec_0112_005,,False
speech_syn_general_rec_0112_006,,False
speech_syn_general_rec_0112_007,,False
speech_syn_general_rec_0112_008,,False
speech_syn_general_rec_0113_000,,False
speech_syn_general_rec_0113_001,,False
speech_syn_general_rec_0113_002,,False
speech_syn_general_rec_0113_003,,False
speech_syn_general_rec_0113_004,,False
speech_syn_general_rec_0113_005,,False
speech_syn_general_rec_0113_006,,False
speech_syn_general_rec_0113_007,,False
speech_syn_general_rec_0113_008,,False
speech_syn_general_rec_0113_009,,False
speech_syn_general_rec_0113_010,,False
speech_syn_general_rec_0113_011,,False
speech_syn_general_rec_0113_012,,False
speech_syn_general_rec_0113_013,,False
speech_syn_general_rec_0114_000,,False
speech_syn_general_rec_0114_001,,False
speech_syn_general_rec_0114_002,,False
speech_syn_general_rec_0114_003,,False
speech_syn_general_rec_0114_004,,False
speech_syn_general_rec_0114_005,,False
speech_syn_general_rec_0114_006,,False
speech_syn_general_rec_0114_007,,False
speech_syn_general_rec_0114_008,,False
speech_syn_general_rec_0114_009,,False
speech_syn_general_rec_0115_000,,False
speech_syn_general_rec_0115_001,,False
speech_syn_general_rec_0115_002,,False
speech_syn_general_rec_0115_003,,False
speech_syn_general_rec_0115_004,,False
speech_syn_general_rec_0115_005,,False
speech_syn_general_rec_0115_006,,False
speech_syn_general_rec_0115_007,,False
speech_syn_general_rec_0115_008,,False
speech_syn_general_rec_0115_009,,False
speech_syn_general_rec_0115_010,,False
speech_syn_general_rec_0115_011,,False
speech_syn_general_rec_0115_012,,False
speech_syn_general_rec_0115_013,,False
speech_syn_general_rec_0116_000,,False
speech_syn_general_rec_0116_001,,False
speech_syn_general_rec_0116_002,,False
speech_syn_general_rec_0116_003,,False
speech_syn_general_rec_0116_004,,False
speech_syn_general_rec_0116_005,,False
speech_syn_general_rec_0116_006,,False
speech_syn_general_rec_0116_007,,False
speech_syn_general_rec_0116_008,,False
speech_syn_general_rec_0116_009,,False
speech_syn_general_rec_0116_010,,False
speech_syn_general_rec_0116_011,,False
speech_syn_general_rec_0116_012,,False
speech_syn_general_rec_0116_013,,False
speech_syn_general_rec_0117_000,,False
speech_syn_general_rec_0117_001,,False
speech_syn_general_rec_0117_002,,False
speech_syn_general_rec_0117_003,,False
speech_syn_general_rec_0117_004,,False
speech_syn_general_rec_0117_005,,False
speech_syn_general_rec_0118_000,,False
speech_syn_general_rec_0118_001,,False
speech_syn_general_rec_0118_002,,False
speech_syn_general_rec_0118_003,,False
speech_syn_general_rec_0118_004,,False
speech_syn_general_rec_0118_005,,False
speech_syn_general_rec_0118_006,,False
speech_syn_general_rec_0118_007,,False
speech_syn_general_rec_0118_008,,False
speech_syn_general_rec_0118_009,,False
speech_syn_general_rec_0118_010,,False
speech_syn_general_rec_0118_011,,False
speech_syn_general_rec_0118_012,,False
speech_syn_general_rec_0119_000,,False
speech_syn_general_rec_0119_001,,False
speech_syn_general_rec_0119_002,,False
speech_syn_general_rec_0119_003,,False
speech_syn_general_rec_0119_004,,False
speech_syn_general_rec_0119_005,,False
speech_syn_general_rec_0119_006,,False
speech_syn_general_rec_0119_007,,False
speech_syn_general_rec_0119_008,,False
speech_syn_general_rec_0119_009,,False
speech_syn_general_rec_0119_010,,False
speech_syn_general_rec_0119_011,,False
speech_syn_general_rec_0120_000,,False
speech_syn_general_rec_0120_001,,False
speech_syn_general_rec_0120_002,,False
speech_syn_general_rec_0120_003,,False
speech_syn_general_rec_0120_004,,False
speech_syn_general_rec_0120_005,,False
speech_syn_general_rec_0120_006,,False
speech_syn_general_rec_0120_007,,False
speech_syn_general_rec_0120_008,,False
speech_syn_general_rec_0120_009,,False
speech_syn_general_rec_0120_010,,False
speech_syn_general_rec_0120_011,,False
speech_syn_general_rec_0120_012,,False
speech_syn_general_rec_0120_013,,False
speech_syn_general_rec_0120_014,,False
speech_syn_general_rec_0120_015,,False
speech_syn_general_rec_0120_016,,False
speech_syn_general_rec_0120_017,,False
speech_syn_general_rec_0121_000,,False
speech_syn_general_rec_0121_001,,False
speech_syn_general_rec_0121_002,,False
speech_syn_general_rec_0121_003,,False
speech_syn_general_rec_0121_004,,False
speech_syn_general_rec_0121_005,,False
speech_syn_general_rec_0121_006,,False
speech_syn_general_rec_0121_007,,False
speech_syn_general_rec_0121_008,,False
speech_syn_general_rec_0121_009,,False
speech_syn_general_rec_0121_010,,False
speech_syn_general_rec_0122_000,,False
speech_syn_general_rec_0122_001,,False
speech_syn_general_rec_0122_002,,False
speech_syn_general_rec_0122_003,,False
speech_syn_general_rec_0122_004,,False
speech_syn_general_rec_0122_005,,False
speech_syn_general_rec_0122_006,,False
speech_syn_general_rec_0122_007,,False
speech_syn_general_rec_0122_008,,False
speech_syn_general_rec_0122_009,,False
speech_syn_general_rec_0122_010,,False
speech_syn_general_rec_0123_000,,False
speech_syn_general_rec_0123_001,,False
speech_syn_general_rec_0123_002,,False
speech_syn_general_rec_0123_003,,False
speech_syn_general_rec_0123_004,,False
speech_syn_general_rec_0123_005,,False
speech_syn_general_rec_0123_006,,False
speech_syn_general_rec_0124_000,,False
speech_syn_general_rec_0124_001,,False
speech_syn_general_rec_0124_002,,False
speech_syn_general_rec_0124_003,,False
speech_syn_general_rec_0124_004,,False
speech_syn_general_rec_0124_005,,False
speech_syn_general_rec_0124_006,,False
speech_syn_general_rec_0124_007,,False
speech_syn_general_rec_0124_008,,False
speech_syn_general_rec_0124_009,,False
speech_syn_general_rec_0124_010,,False
speech_syn_general_rec_0125_000,,False
speech_syn_general_rec_0125_001,,False
speech_syn_general_rec_0125_002,,False
speech_syn_general_rec_0125_003,,False
speech_syn_general_rec_0125_004,,False
speech_syn_general_rec_0125_005,,False
speech_syn_general_rec_0125_006,,False
speech_syn_general_rec_0125_007,,False
speech_syn_general_rec_0125_008,,False
speech_syn_general_rec_0125_009,,False
speech_syn_general_rec_0125_010,,False
speech_syn_general_rec_0125_011,,False
speech_syn_general_rec_0125_012,,False
speech_syn_general_rec_0125_013,,False
speech_syn_general_rec_0126_000,,False
speech_syn_general_rec_0126_001,,False
speech_syn_general_rec_0126_002,,False
speech_syn_general_rec_0126_003,,False
speech_syn_general_rec_0126_004,,False
speech_syn_general_rec_0126_005,,False
speech_syn_general_rec_0126_006,,False
speech_syn_general_rec_0126_007,,False
speech_syn_general_rec_0126_008,,False
speech_syn_general_rec_0126_009,,False
speech_syn_general_rec_0126_010,,False
speech_syn_general_rec_0126_011,,False
speech_syn_general_rec_0127_000,,False
speech_syn_general_rec_0127_001,,False
speech_syn_general_rec_0127_002,,False
speech_syn_general_rec_0127_003,,False
speech_syn_general_rec_0127_004,,False
speech_syn_general_rec_0127_005,,False
speech_syn_general_rec_0127_006,,False
speech_syn_general_rec_0127_007,,False
speech_syn_general_rec_0127_008,,False
speech_syn_general_rec_0127_009,,False
speech_syn_general_rec_0127_010,,False
speech_syn_general_rec_0127_011,,False
speech_syn_general_rec_0127_012,,False
speech_syn_general_rec_0127_013,,False
speech_syn_general_rec_0127_014,,False
speech_syn_general_rec_0127_015,,False
speech_syn_general_rec_0128_000,,False
speech_syn_general_rec_0128_001,,False
speech_syn_general_rec_0128_002,,False
speech_syn_general_rec_0128_003,,False
speech_syn_general_rec_0128_004,,False
speech_syn_general_rec_0128_005,,False
speech_syn_general_rec_0128_006,,False
speech_syn_general_rec_0128_007,,False
speech_syn_general_rec_0129_000,,False
speech_syn_general_rec_0129_001,,False
speech_syn_general_rec_0129_002,,False
speech_syn_general_rec_0129_003,,False
speech_syn_general_rec_0129_004,,False
speech_syn_general_rec_0129_005,,False
speech_syn_general_rec_0129_006,,False
speech_syn_general_rec_0129_007,,False
speech_syn_general_rec_0129_008,,False
speech_syn_general_rec_0129_009,,False
speech_syn_general_rec_0130_000,,False
speech_syn_general_rec_0130_001,,False
speech_syn_general_rec_0130_002,,False
speech_syn_general_rec_0130_003,,False
speech_syn_general_rec_0130_004,,False
speech_syn_general_rec_0130_005,,False
speech_syn_general_rec_0130_006,,False
speech_syn_general_rec_0130_007,,False
speech_syn_general_rec_0130_008,,False
speech_syn_general_rec_0130_009,,False
speech_syn_general_rec_0130_010,,False
speech_syn_general_rec_0130_011,,False
speech_syn_general_rec_0130_012,,False
speech_syn_general_rec_0131_000,,False
speech_syn_general_rec_0131_001,,False
speech_syn_general_rec_0131_002,,False
speech_syn_general_rec_0131_003,,False
speech_syn_general_rec_0131_004,,False
speech_syn_general_rec_0131_005,,False
speech_syn_general_rec_0131_006,,False
speech_syn_general_rec_0131_007,,False
speech_syn_general_rec_0131_008,,False
speech_syn_general_rec_0131_009,,False
speech_syn_general_rec_0131_010,,False
speech_syn_general_rec_0132_000,,False
speech_syn_general_rec_0132_001,,False
speech_syn_general_rec_0132_002,,False
speech_syn_general_rec_0132_003,,False
speech_syn_general_rec_0132_004,,False
speech_syn_general_rec_0132_005,,False
speech_syn_general_rec_0132_006,,False
speech_syn_general_rec_0132_007,,False
speech_syn_general_rec_0132_008,,False
speech_syn_general_rec_0132_009,,False
speech_syn_general_rec_0132_010,,False
speech_syn_general_rec_0132_011,,False
speech_syn_general_rec_0132_012,,False
speech_syn_general_rec_0132_013,,False
speech_syn_general_rec_0133_000,,False
speech_syn_general_rec_0133_001,,False
speech_syn_general_rec_0133_002,,False
speech_syn_general_rec_0133_003,,False
speech_syn_general_rec_0133_004,,False
speech_syn_general_rec_0133_005,,False
speech_syn_general_rec_0133_006,,False
speech_syn_general_rec_0133_007,,False
speech_syn_general_rec_0133_008,,False
speech_syn_general_rec_0133_009,,False
speech_syn_general_rec_0133_010,,False
speech_syn_general_rec_0134_000,,False
speech_syn_general_rec_0134_001,,False
speech_syn_general_rec_0134_002,,False
speech_syn_general_rec_0134_003,,False
speech_syn_general_rec_0134_004,,False
speech_syn_general_rec_0134_005,,False
speech_syn_general_rec_0134_006,,False
speech_syn_general_rec_0134_007,,False
speech_syn_general_rec_0134_008,,False
speech_syn_general_rec_0134_009,,False
speech_syn_general_rec_0134_010,,False
speech_syn_general_rec_0134_011,,False
speech_syn_general_rec_0134_012,,False
speech_syn_general_rec_0134_013,,False
speech_syn_general_rec_0135_000,,False
speech_syn_general_rec_0135_001,,False
speech_syn_general_rec_0135_002,,False
speech_syn_general_rec_0135_003,,False
speech_syn_general_rec_0135_004,,False
speech_syn_general_rec_0135_005,,False
speech_syn_general_rec_0135_006,,False
speech_syn_general_rec_0135_007,,False
speech_syn_general_rec_0135_008,,False
speech_syn_general_rec_0135_009,,False
speech_syn_general_rec_0135_010,,False
speech_syn_general_rec_0135_011,,False
speech_syn_general_rec_0135_012,,False
speech_syn_general_rec_0135_013,,False
speech_syn_general_rec_0136_000,,False
speech_syn_general_rec_0136_001,,False
speech_syn_general_rec_0136_002,,False
speech_syn_general_rec_0136_003,,False
speech_syn_general_rec_0136_004,,False
speech_syn_general_rec_0136_005,,False
speech_syn_general_rec_0136_006,,False
speech_syn_general_rec_0136_007,,False
speech_syn_general_rec_0136_008,,False
speech_syn_general_rec_0136_009,,False
speech_syn_general_rec_0136_010,,False
speech_syn_general_rec_0136_011,,False
speech_syn_general_rec_0136_012,,False
speech_syn_general_rec_0136_013,,False
speech_syn_general_rec_0136_014,,False
speech_syn_general_rec_0137_000,,False
speech_syn_general_rec_0137_001,,False
speech_syn_general_rec_0137_002,,False
speech_syn_general_rec_0137_003,,False
speech_syn_general_rec_0137_004,,False
speech_syn_general_rec_0137_005,,False
speech_syn_general_rec_0137_006,,False
speech_syn_general_rec_0137_007,,False
speech_syn_general_rec_0137_008,,False
speech_syn_general_rec_0137_009,,False
speech_syn_general_rec_0137_010,,False
speech_syn_general_rec_0137_011,,False
speech_syn_general_rec_0137_012,,False
speech_syn_general_rec_0138_000,,False
speech_syn_general_rec_0138_001,,False
speech_syn_general_rec_0138_002,,False
speech_syn_general_rec_0138_003,,False
speech_syn_general_rec_0138_004,,False
speech_syn_general_rec_0138_005,,False
speech_syn_general_rec_0138_006,,False
speech_syn_general_rec_0138_007,,False
speech_syn_general_rec_0138_008,,False
speech_syn_general_rec_0138_009,,False
speech_syn_general_rec_0139_000,,False
speech_syn_general_rec_0139_001,,False
speech_syn_general_rec_0139_002,,False
speech_syn_general_rec_0139_003,,False
speech_syn_general_rec_0139_004,,False
speech_syn_general_rec_0139_005,,False
speech_syn_general_rec_0139_006,,False
speech_syn_general_rec_0139_007,,False
speech_syn_general_rec_0139_008,,False
speech_syn_general_rec_0139_009,,False
speech_syn_general_rec_0139_010,,False
speech_syn_general_rec_0139_011,,False
speech_syn_general_rec_0140_000,,False
speech_syn_general_rec_0140_001,,False
speech_syn_general_rec_0140_002,,False
speech_syn_general_rec_0140_003,,False
speech_syn_general_rec_0140_004,,False
speech_syn_general_rec_0140_005,,False
speech_syn_general_rec_0140_006,,False
speech_syn_general_rec_0140_007,,False
speech_syn_general_rec_0140_008,,False
speech_syn_general_rec_0140_009,,False
speech_syn_general_rec_0140_010,,False
speech_syn_general_rec_0140_011,,False
speech_syn_general_rec_0141_000,,False
speech_syn_general_rec_0141_001,,False
speech_syn_general_rec_0141_002,,False
speech_syn_general_rec_0141_003,,False
speech_syn_general_rec_0141_004,,False
speech_syn_general_rec_0141_005,,False
speech_syn_general_rec_0141_006,,False
speech_syn_general_rec_0141_007,,False
speech_syn_general_rec_0141_008,,False
speech_syn_general_rec_0141_009,,False
speech_syn_general_rec_0141_010,,False
speech_syn_general_rec_0141_011,,False
speech_syn_general_rec_0142_000,,False
speech_syn_general_rec_0142_001,,False
speech_syn_general_rec_0142_002,,False
speech_syn_general_rec_0142_003,,False
speech_syn_general_rec_0142_004,,False
speech_syn_general_rec_0142_005,,False
speech_syn_general_rec_0142_006,,False
speech_syn_general_rec_0142_007,,False
speech_syn_general_rec_0142_008,,False
speech_syn_general_rec_0142_009,,False
speech_syn_general_rec_0142_010,,False
speech_syn_general_rec_0142_011,,False
speech_syn_general_rec_0142_012,,False
speech_syn_general_rec_0142_013,,False
speech_syn_general_rec_0142_014,,False
speech_syn_general_rec_0142_015,,False
speech_syn_general_rec_0142_016,,False
speech_syn_general_rec_0143_000,,False
speech_syn_general_rec_0143_001,,False
speech_syn_general_rec_0143_002,,False
speech_syn_general_rec_0143_003,,False
speech_syn_general_rec_0143_004,,False
speech_syn_general_rec_0143_005,,False
speech_syn_general_rec_0143_006,,False
speech_syn_general_rec_0143_007,,False
speech_syn_general_rec_0143_008,,False
speech_syn_general_rec_0144_000,,False
speech_syn_general_rec_0144_001,,False
speech_syn_general_rec_0144_002,,False
speech_syn_general_rec_0144_003,,False
speech_syn_general_rec_0144_004,,False
speech_syn_general_rec_0144_005,,False
speech_syn_general_rec_0144_006,,False
speech_syn_general_rec_0145_000,,False
speech_syn_general_rec_0145_001,,False
speech_syn_general_rec_0145_002,,False
speech_syn_general_rec_0145_003,,False
speech_syn_general_rec_0145_004,,False
speech_syn_general_rec_0145_005,,False
speech_syn_general_rec_0145_006,,False
speech_syn_general_rec_0145_007,,False
speech_syn_general_rec_0145_008,,False
speech_syn_general_rec_0145_009,,False
speech_syn_general_rec_0145_010,,False
speech_syn_general_rec_0146_000,,False
speech_syn_general_rec_0146_001,,False
speech_syn_general_rec_0146_002,,False
speech_syn_general_rec_0146_003,,False
speech_syn_general_rec_0146_004,,False
speech_syn_general_rec_0146_005,,False
speech_syn_general_rec_0146_006,,False
speech_syn_general_rec_0146_007,,False
speech_syn_general_rec_0146_008,,False
speech_syn_general_rec_0146_009,,False
speech_syn_general_rec_0146_010,,False
speech_syn_general_rec_0146_011,,False
speech_syn_general_rec_0147_000,,False
speech_syn_general_rec_0147_001,,False
speech_syn_general_rec_0147_002,,False
speech_syn_general_rec_0147_003,,False
speech_syn_general_rec_0147_004,,False
speech_syn_general_rec_0147_005,,False
speech_syn_general_rec_0147_006,,False
speech_syn_general_rec_0147_007,,False
speech_syn_general_rec_0147_008,,False
speech_syn_general_rec_0148_000,,False
speech_syn_general_rec_0148_001,,False
speech_syn_general_rec_0148_002,,False
speech_syn_general_rec_0148_003,,False
speech_syn_general_rec_0148_004,,False
speech_syn_general_rec_0148_005,,False
speech_syn_general_rec_0148_006,,False
speech_syn_general_rec_0148_007,,False
speech_syn_general_rec_0148_008,,False
speech_syn_general_rec_0148_009,,False
speech_syn_general_rec_0148_010,,False
speech_syn_general_rec_0149_000,,False
speech_syn_general_rec_0149_001,,False
speech_syn_general_rec_0149_002,,False
speech_syn_general_rec_0149_003,,False
speech_syn_general_rec_0149_004,,False
speech_syn_general_rec_0149_005,,False
speech_syn_general_rec_0149_006,,False
speech_syn_general_rec_0149_007,,False
speech_syn_general_rec_0149_008,,False
speech_syn_general_rec_0149_009,,False
speech_syn_general_rec_0149_010,,False
speech_syn_general_rec_0149_011,,False
speech_syn_general_rec_0149_012,,False
speech_syn_general_rec_0149_013,,False
speech_syn_general_rec_0150_000,,False
speech_syn_general_rec_0150_001,,False
speech_syn_general_rec_0150_002,,False
speech_syn_general_rec_0150_003,,False
speech_syn_general_rec_0150_004,,False
speech_syn_general_rec_0150_005,,False
speech_syn_general_rec_0150_006,,False
speech_syn_general_rec_0150_007,,False
speech_syn_general_rec_0150_008,,False
speech_syn_general_rec_0150_009,,False
speech_syn_general_rec_0150_010,,False
speech_syn_general_rec_0150_011,,False
speech_syn_general_rec_0150_012,,False
speech_syn_general_rec_0150_013,,False
speech_syn_general_rec_0150_014,,False
speech_syn_general_rec_0151_000,,False
speech_syn_general_rec_0151_001,,False
speech_syn_general_rec_0151_002,,False
speech_syn_general_rec_0151_003,,False
speech_syn_general_rec_0151_004,,False
speech_syn_general_rec_0151_005,,False
speech_syn_general_rec_0151_006,,False
speech_syn_general_rec_0151_007,,False
speech_syn_general_rec_0151_008,,False
speech_syn_general_rec_0151_009,,False
speech_syn_general_rec_0152_000,,False
speech_syn_general_rec_0152_001,,False
speech_syn_general_rec_0152_002,,False
speech_syn_general_rec_0152_003,,False
speech_syn_general_rec_0152_004,,False
speech_syn_general_rec_0152_005,,False
speech_syn_general_rec_0152_006,,False
speech_syn_general_rec_0152_007,,False
speech_syn_general_rec_0152_008,,False
speech_syn_general_rec_0152_009,,False
speech_syn_general_rec_0152_010,,False
speech_syn_general_rec_0152_011,,False
speech_syn_general_rec_0152_012,,False
speech_syn_general_rec_0152_013,,False
speech_syn_general_rec_0152_014,,False
speech_syn_general_rec_0152_015,,False
speech_syn_general_rec_0152_016,,False
speech_syn_general_rec_0152_017,,False
speech_syn_general_rec_0153_000,,False
speech_syn_general_rec_0153_001,,False
speech_syn_general_rec_0153_002,,False
speech_syn_general_rec_0153_003,,False
speech_syn_general_rec_0153_004,,False
speech_syn_general_rec_0153_005,,False
speech_syn_general_rec_0153_006,,False
speech_syn_general_rec_0153_007,,False
speech_syn_general_rec_0153_008,,False
speech_syn_general_rec_0153_009,,False
speech_syn_general_rec_0153_010,,False
speech_syn_general_rec_0153_011,,False
speech_syn_general_rec_0153_012,,False
speech_syn_general_rec_0154_000,,False
speech_syn_general_rec_0154_001,,False
speech_syn_general_rec_0154_002,,False
speech_syn_general_rec_0154_003,,False
speech_syn_general_rec_0154_004,,False
speech_syn_general_rec_0154_005,,False
speech_syn_general_rec_0154_006,,False
speech_syn_general_rec_0154_007,,False
speech_syn_general_rec_0154_008,,False
speech_syn_general_rec_0154_009,,False
speech_syn_general_rec_0154_010,,False
speech_syn_general_rec_0155_000,,False
speech_syn_general_rec_0155_001,,False
speech_syn_general_rec_0155_002,,False
speech_syn_general_rec_0155_003,,False
speech_syn_general_rec_0155_004,,False
speech_syn_general_rec_0155_005,,False
speech_syn_general_rec_0155_006,,False
speech_syn_general_rec_0155_007,,False
speech_syn_general_rec_0155_008,,False
speech_syn_general_rec_0155_009,,False
speech_syn_general_rec_0155_010,,False
speech_syn_general_rec_0155_011,,False
speech_syn_general_rec_0156_000,,False
speech_syn_general_rec_0156_001,,False
speech_syn_general_rec_0156_002,,False
speech_syn_general_rec_0156_003,,False
speech_syn_general_rec_0156_004,,False
speech_syn_general_rec_0156_005,,False
speech_syn_general_rec_0156_006,,False
speech_syn_general_rec_0156_007,,False
speech_syn_general_rec_0156_008,,False
speech_syn_general_rec_0156_009,,False
speech_syn_general_rec_0156_010,,False
speech_syn_general_rec_0156_011,,False
speech_syn_general_rec_0156_012,,False
speech_syn_general_rec_0156_013,,False
speech_syn_general_rec_0156_014,,False
speech_syn_general_rec_0156_015,,False
speech_syn_general_rec_0157_000,,False
speech_syn_general_rec_0157_001,,False
speech_syn_general_rec_0157_002,,False
speech_syn_general_rec_0157_003,,False
speech_syn_general_rec_0157_004,,False
speech_syn_general_rec_0157_005,,False
speech_syn_general_rec_0157_006,,False
speech_syn_general_rec_0157_007,,False
speech_syn_general_rec_0158_000,,False
speech_syn_general_rec_0158_001,,False
speech_syn_general_rec_0158_002,,False
speech_syn_general_rec_0158_003,,False
speech_syn_general_rec_0158_004,,False
speech_syn_general_rec_0158_005,,False
speech_syn_general_rec_0158_006,,False
speech_syn_general_rec_0158_007,,False
speech_syn_general_rec_0159_000,,False
speech_syn_general_rec_0159_001,,False
speech_syn_general_rec_0159_002,,False
speech_syn_general_rec_0159_003,,False
speech_syn_general_rec_0159_004,,False
speech_syn_general_rec_0159_005,,False
speech_syn_general_rec_0159_006,,False
speech_syn_general_rec_0159_007,,False
speech_syn_general_rec_0159_008,,False
speech_syn_general_rec_0160_000,,False
speech_syn_general_rec_0160_001,,False
speech_syn_general_rec_0160_002,,False
speech_syn_general_rec_0160_003,,False
speech_syn_general_rec_0160_004,,False
speech_syn_general_rec_0160_005,,False
speech_syn_general_rec_0160_006,,False
speech_syn_general_rec_0160_007,,False
speech_syn_general_rec_0160_008,,False
speech_syn_general_rec_0161_000,,False
speech_syn_general_rec_0161_001,,False
speech_syn_general_rec_0161_002,,False
speech_syn_general_rec_0161_003,,False
speech_syn_general_rec_0161_004,,False
speech_syn_general_rec_0161_005,,False
speech_syn_general_rec_0161_006,,False
speech_syn_general_rec_0161_007,,False
speech_syn_general_rec_0161_008,,False
speech_syn_general_rec_0161_009,,False
speech_syn_general_rec_0161_010,,False
speech_syn_general_rec_0161_011,,False
speech_syn_general_rec_0161_012,,False
speech_syn_general_rec_0162_000,,False
speech_syn_general_rec_0162_001,,False
speech_syn_general_rec_0162_002,,False
speech_syn_general_rec_0162_003,,False
speech_syn_general_rec_0162_004,,False
speech_syn_general_rec_0162_005,,False
speech_syn_general_rec_0162_006,,False
speech_syn_general_rec_0162_007,,False
speech_syn_general_rec_0162_008,,False
speech_syn_general_rec_0162_009,,False
speech_syn_general_rec_0162_010,,False
speech_syn_general_rec_0162_011,,False
speech_syn_general_rec_0162_012,,False
speech_syn_general_rec_0162_013,,False
speech_syn_general_rec_0163_000,,False
speech_syn_general_rec_0163_001,,False
speech_syn_general_rec_0163_002,,False
speech_syn_general_rec_0163_003,,False
speech_syn_general_rec_0163_004,,False
speech_syn_general_rec_0163_005,,False
speech_syn_general_rec_0163_006,,False
speech_syn_general_rec_0163_007,,False
speech_syn_general_rec_0163_008,,False
speech_syn_general_rec_0163_009,,False
speech_syn_general_rec_0163_010,,False
speech_syn_general_rec_0163_011,,False
speech_syn_general_rec_0163_012,,False
speech_syn_general_rec_0163_013,,False
speech_syn_general_rec_0164_000,,False
speech_syn_general_rec_0164_001,,False
speech_syn_general_rec_0164_002,,False
speech_syn_general_rec_0164_003,,False
speech_syn_general_rec_0164_004,,False
speech_syn_general_rec_0164_005,,False
speech_syn_general_rec_0164_006,,False
speech_syn_general_rec_0164_007,,False
speech_syn_general_rec_0165_000,,False
speech_syn_general_rec_0165_001,,False
speech_syn_general_rec_0165_002,,False
speech_syn_general_rec_0165_003,,False
speech_syn_general_rec_0165_004,,False
speech_syn_general_rec_0165_005,,False
speech_syn_general_rec_0165_006,,False
speech_syn_general_rec_0165_007,,False
speech_syn_general_rec_0165_008,,False
speech_syn_general_rec_0165_009,,False
speech_syn_general_rec_0165_010,,False
speech_syn_general_rec_0165_011,,False
speech_syn_general_rec_0165_012,,False
speech_syn_general_rec_0165_013,,False
speech_syn_general_rec_0166_000,,False
speech_syn_general_rec_0166_001,,False
speech_syn_general_rec_0166_002,,False
speech_syn_general_rec_0166_003,,False
speech_syn_general_rec_0166_004,,False
speech_syn_general_rec_0166_005,,False
speech_syn_general_rec_0166_006,,False
speech_syn_general_rec_0166_007,,False
speech_syn_general_rec_0166_008,,False
speech_syn_general_rec_0166_009,,False
speech_syn_general_rec_0166_010,,False
speech_syn_general_rec_0166_011,,False
speech_syn_general_rec_0166_012,,False
speech_syn_general_rec_0166_013,,False
speech_syn_general_rec_0167_000,,False
speech_syn_general_rec_0167_001,,False
speech_syn_general_rec_0167_002,,False
speech_syn_general_rec_0167_003,,False
speech_syn_general_rec_0167_004,,False
speech_syn_general_rec_0167_005,,False
speech_syn_general_rec_0167_006,,False
speech_syn_general_rec_0167_007,,False
speech_syn_general_rec_0167_008,,False
speech_syn_general_rec_0167_009,,False
speech_syn_general_rec_0167_010,,False
speech_syn_general_rec_0167_011,,False
speech_syn_general_rec_0167_012,,False
speech_syn_general_rec_0167_013,,False
speech_syn_general_rec_0167_014,,False
speech_syn_general_rec_0167_015,,False
speech_syn_general_rec_0167_016,,False
speech_syn_general_rec_0168_000,,False
speech_syn_general_rec_0168_001,,False
speech_syn_general_rec_0168_002,,False
speech_syn_general_rec_0168_003,,False
speech_syn_general_rec_0168_004,,False
speech_syn_general_rec_0168_005,,False
speech_syn_general_rec_0168_006,,False
speech_syn_general_rec_0168_007,,False
speech_syn_general_rec_0168_008,,False
speech_syn_general_rec_0168_009,,False
speech_syn_general_rec_0168_010,,False
speech_syn_general_rec_0168_011,,False
speech_syn_general_rec_0168_012,,False
speech_syn_general_rec_0168_013,,False
speech_syn_general_rec_0168_014,,False
speech_syn_general_rec_0169_000,,False
speech_syn_general_rec_0169_001,,False
speech_syn_general_rec_0169_002,,False
speech_syn_general_rec_0169_003,,False
speech_syn_general_rec_0169_004,,False
speech_syn_general_rec_0169_005,,False
speech_syn_general_rec_0169_006,,False
speech_syn_general_rec_0169_007,,False
speech_syn_general_rec_0169_008,,False
speech_syn_general_rec_0169_009,,False
speech_syn_general_rec_0169_010,,False
speech_syn_general_rec_0169_011,,False
speech_syn_general_rec_0170_000,,False
speech_syn_general_rec_0170_001,,False
speech_syn_general_rec_0170_002,,False
speech_syn_general_rec_0170_003,,False
speech_syn_general_rec_0170_004,,False
speech_syn_general_rec_0170_005,,False
speech_syn_general_rec_0170_006,,False
speech_syn_general_rec_0170_007,,False
speech_syn_general_rec_0170_008,,False
speech_syn_general_rec_0170_009,,False
speech_syn_general_rec_0170_010,,False
speech_syn_general_rec_0170_011,,False
speech_syn_general_rec_0170_012,,False
speech_syn_general_rec_0171_000,,False
speech_syn_general_rec_0171_001,,False
speech_syn_general_rec_0171_002,,False
speech_syn_general_rec_0171_003,,False
speech_syn_general_rec_0171_004,,False
speech_syn_general_rec_0171_005,,False
speech_syn_general_rec_0171_006,,False
speech_syn_general_rec_0171_007,,False
speech_syn_general_rec_0171_008,,False
speech_syn_general_rec_0171_009,,False
speech_syn_general_rec_0172_000,,False
speech_syn_general_rec_0172_001,,False
speech_syn_general_rec_0172_002,,False
speech_syn_general_rec_0172_003,,False
speech_syn_general_rec_0172_004,,False
speech_syn_general_rec_0172_005,,False
speech_syn_general_rec_0172_006,,False
speech_syn_general_rec_0172_007,,False
speech_syn_general_rec_0172_008,,False
speech_syn_general_rec_0172_009,,False
speech_syn_general_rec_0172_010,,False
speech_syn_general_rec_0172_011,,False
speech_syn_general_rec_0172_012,,False
speech_syn_general_rec_0172_013,,False
speech_syn_general_rec_0172_014,,False
speech_syn_general_rec_0172_015,,False
speech_syn_general_rec_0172_016,,False
speech_syn_general_rec_0173_000,,False
speech_syn_general_rec_0173_001,,False
speech_syn_general_rec_0173_002,,False
speech_syn_general_rec_0173_003,,False
speech_syn_general_rec_0173_004,,False
speech_syn_general_rec_0173_005,,False
speech_syn_general_rec_0173_006,,False
speech_syn_general_rec_0173_007,,False
speech_syn_general_rec_0173_008,,False
speech_syn_general_rec_0174_000,,False
speech_syn_general_rec_0174_001,,False
speech_syn_general_rec_0174_002,,False
speech_syn_general_rec_0174_003,,False
speech_syn_general_rec_0174_004,,False
speech_syn_general_rec_0174_005,,False
speech_syn_general_rec_0174_006,,False
speech_syn_general_rec_0174_007,,False
speech_syn_general_rec_0174_008,,False
speech_syn_general_rec_0174_009,,False
speech_syn_general_rec_0174_010,,False
speech_syn_general_rec_0174_011,,False
speech_syn_general_rec_0175_000,,False
speech_syn_general_rec_0175_001,,False
speech_syn_general_rec_0175_002,,False
speech_syn_general_rec_0175_003,,False
speech_syn_general_rec_0175_004,,False
speech_syn_general_rec_0175_005,,False
speech_syn_general_rec_0175_006,,False
speech_syn_general_rec_0175_007,,False
speech_syn_general_rec_0175_008,,False
speech_syn_general_rec_0175_009,,False
speech_syn_general_rec_0175_010,,False
speech_syn_general_rec_0175_011,,False
speech_syn_general_rec_0175_012,,False
speech_syn_general_rec_0175_013,,False
speech_syn_general_rec_0175_014,,False
speech_syn_general_rec_0175_015,,False
speech_syn_general_rec_0176_000,,False
speech_syn_general_rec_0176_001,,False
speech_syn_general_rec_0176_002,,False
speech_syn_general_rec_0176_003,,False
speech_syn_general_rec_0176_004,,False
speech_syn_general_rec_0176_005,,False
speech_syn_general_rec_0176_006,,False
speech_syn_general_rec_0176_007,,False
speech_syn_general_rec_0176_008,,False
speech_syn_general_rec_0176_009,,False
speech_syn_general_rec_0177_000,,False
speech_syn_general_rec_0177_001,,False
speech_syn_general_rec_0177_002,,False
speech_syn_general_rec_0177_003,,False
speech_syn_general_rec_0177_004,,False
speech_syn_general_rec_0177_005,,False
speech_syn_general_rec_0177_006,,False
speech_syn_general_rec_0177_007,,False
speech_syn_general_rec_0177_008,,False
speech_syn_general_rec_0177_009,,False
speech_syn_general_rec_0177_010,,False
speech_syn_general_rec_0178_000,,False
speech_syn_general_rec_0178_001,,False
speech_syn_general_rec_0178_002,,False
speech_syn_general_rec_0178_003,,False
speech_syn_general_rec_0178_004,,False
speech_syn_general_rec_0178_005,,False
speech_syn_general_rec_0178_006,,False
speech_syn_general_rec_0178_007,,False
speech_syn_general_rec_0178_008,,False
speech_syn_general_rec_0178_009,,False
speech_syn_general_rec_0178_010,,False
speech_syn_general_rec_0179_000,,False
speech_syn_general_rec_0179_001,,False
speech_syn_general_rec_0179_002,,False
speech_syn_general_rec_0179_003,,False
speech_syn_general_rec_0179_004,,False
speech_syn_general_rec_0179_005,,False
speech_syn_general_rec_0179_006,,False
speech_syn_general_rec_0179_007,,False
speech_syn_general_rec_0179_008,,False
speech_syn_general_rec_0179_009,,False
speech_syn_general_rec_0179_010,,False
speech_syn_general_rec_0179_011,,False
speech_syn_general_rec_0179_012,,False
speech_syn_general_rec_0179_013,,False
speech_syn_general_rec_0179_014,,False
speech_syn_general_rec_0180_000,,False
speech_syn_general_rec_0180_001,,False
speech_syn_general_rec_0180_002,,False
speech_syn_general_rec_0180_003,,False
speech_syn_general_rec_0180_004,,False
speech_syn_general_rec_0180_005,,False
speech_syn_general_rec_0180_006,,False
speech_syn_general_rec_0180_007,,False
speech_syn_general_rec_0180_008,,False
speech_syn_general_rec_0180_009,,False
speech_syn_general_rec_0180_010,,False
speech_syn_general_rec_0180_011,,False
speech_syn_general_rec_0180_012,,False
speech_syn_general_rec_0180_013,,False
speech_syn_general_rec_0181_000,,False
speech_syn_general_rec_0181_001,,False
speech_syn_general_rec_0181_002,,False
speech_syn_general_rec_0181_003,,False
speech_syn_general_rec_0181_004,,False
speech_syn_general_rec_0181_005,,False
speech_syn_general_rec_0181_006,,False
speech_syn_general_rec_0181_007,,False
speech_syn_general_rec_0181_008,,False
speech_syn_general_rec_0181_009,,False
speech_syn_general_rec_0182_000,,False
speech_syn_general_rec_0182_001,,False
speech_syn_general_rec_0182_002,,False
speech_syn_general_rec_0182_003,,False
speech_syn_general_rec_0182_004,,False
speech_syn_general_rec_0182_005,,False
speech_syn_general_rec_0182_006,,False
speech_syn_general_rec_0182_007,,False
speech_syn_general_rec_0182_008,,False
speech_syn_general_rec_0182_009,,False
speech_syn_general_rec_0183_000,,False
speech_syn_general_rec_0183_001,,False
speech_syn_general_rec_0183_002,,False
speech_syn_general_rec_0183_003,,False
speech_syn_general_rec_0183_004,,False
speech_syn_general_rec_0183_005,,False
speech_syn_general_rec_0183_006,,False
speech_syn_general_rec_0183_007,,False
speech_syn_general_rec_0183_008,,False
speech_syn_general_rec_0183_009,,False
speech_syn_general_rec_0183_010,,False
speech_syn_general_rec_0184_000,,False
speech_syn_general_rec_0184_001,,False
speech_syn_general_rec_0184_002,,False
speech_syn_general_rec_0184_003,,False
speech_syn_general_rec_0184_004,,False
speech_syn_general_rec_0184_005,,False
speech_syn_general_rec_0185_000,,False
speech_syn_general_rec_0185_001,,False
speech_syn_general_rec_0185_002,,False
speech_syn_general_rec_0185_003,,False
speech_syn_general_rec_0185_004,,False
speech_syn_general_rec_0185_005,,False
speech_syn_general_rec_0185_006,,False
speech_syn_general_rec_0185_007,,False
speech_syn_general_rec_0185_008,,False
speech_syn_general_rec_0185_009,,False
speech_syn_general_rec_0185_010,,False
speech_syn_general_rec_0185_011,,False
speech_syn_general_rec_0185_012,,False
speech_syn_general_rec_0185_013,,False
speech_syn_general_rec_0186_000,,False
speech_syn_general_rec_0186_001,,False
speech_syn_general_rec_0186_002,,False
speech_syn_general_rec_0186_003,,False
speech_syn_general_rec_0186_004,,False
speech_syn_general_rec_0186_005,,False
speech_syn_general_rec_0186_006,,False
speech_syn_general_rec_0186_007,,False
speech_syn_general_rec_0187_000,,False
speech_syn_general_rec_0187_001,,False
speech_syn_general_rec_0187_002,,False
speech_syn_general_rec_0187_003,,False
speech_syn_general_rec_0187_004,,False
speech_syn_general_rec_0187_005,,False
speech_syn_general_rec_0187_006,,False
speech_syn_general_rec_0187_007,,False
speech_syn_general_rec_0187_008,,False
speech_syn_general_rec_0187_009,,False
speech_syn_general_rec_0187_010,,False
speech_syn_general_rec_0187_011,,False
speech_syn_general_rec_0187_012,,False
speech_syn_general_rec_0187_013,,False
speech_syn_general_rec_0188_000,,False
speech_syn_general_rec_0188_001,,False
speech_syn_general_rec_0188_002,,False
speech_syn_general_rec_0188_003,,False
speech_syn_general_rec_0188_004,,False
speech_syn_general_rec_0188_005,,False
speech_syn_general_rec_0188_006,,False
speech_syn_general_rec_0188_007,,False
speech_syn_general_rec_0188_008,,False
speech_syn_general_rec_0188_009,,False
speech_syn_general_rec_0188_010,,False
speech_syn_general_rec_0188_011,,False
speech_syn_general_rec_0188_012,,False
speech_syn_general_rec_0188_013,,False
speech_syn_general_rec_0188_014,,False
speech_syn_general_rec_0189_000,,False
speech_syn_general_rec_0189_001,,False
speech_syn_general_rec_0189_002,,False
speech_syn_general_rec_0189_003,,False
speech_syn_general_rec_0189_004,,False
speech_syn_general_rec_0189_005,,False
speech_syn_general_rec_0189_006,,False
speech_syn_general_rec_0189_007,,False
speech_syn_general_rec_0189_008,,False
speech_syn_general_rec_0189_009,,False
speech_syn_general_rec_0189_010,,False
speech_syn_general_rec_0189_011,,False
speech_syn_general_rec_0189_012,,False
speech_syn_general_rec_0189_013,,False
speech_syn_general_rec_0189_014,,False
speech_syn_general_rec_0189_015,,False
speech_syn_general_rec_0190_000,,False
speech_syn_general_rec_0190_001,,False
speech_syn_general_rec_0190_002,,False
speech_syn_general_rec_0190_003,,False
speech_syn_general_rec_0190_004,,False
speech_syn_general_rec_0190_005,,False
speech_syn_general_rec_0190_006,,False
speech_syn_general_rec_0190_007,,False
speech_syn_general_rec_0190_008,,False
speech_syn_general_rec_0190_009,,False
speech_syn_general_rec_0190_010,,False
speech_syn_general_rec_0190_011,,False
speech_syn_general_rec_0190_012,,False
speech_syn_general_rec_0190_013,,False
speech_syn_general_rec_0190_014,,False
speech_syn_general_rec_0190_015,,False
speech_syn_general_rec_0191_000,,False
speech_syn_general_rec_0191_001,,False
speech_syn_general_rec_0191_002,,False
speech_syn_general_rec_0191_003,,False
speech_syn_general_rec_0191_004,,False
speech_syn_general_rec_0191_005,,False
speech_syn_general_rec_0191_006,,False
speech_syn_general_rec_0191_007,,False
speech_syn_general_rec_0191_008,,False
speech_syn_general_rec_0192_000,,False
speech_syn_general_rec_0192_001,,False
speech_syn_general_rec_0192_002,,False
speech_syn_general_rec_0192_003,,False
speech_syn_general_rec_0192_004,,False
speech_syn_general_rec_0192_005,,False
speech_syn_general_rec_0192_006,,False
speech_syn_general_rec_0192_007,,False
speech_syn_general_rec_0192_008,,False
speech_syn_general_rec_0192_009,,False
speech_syn_general_rec_0192_010,,False
speech_syn_general_rec_0192_011,,False
speech_syn_general_rec_0193_000,,False
speech_syn_general_rec_0193_001,,False
speech_syn_general_rec_0193_002,,False
speech_syn_general_rec_0193_003,,False
speech_syn_general_rec_0193_004,,False
speech_syn_general_rec_0193_005,,False
speech_syn_general_rec_0193_006,,False
speech_syn_general_rec_0193_007,,False
speech_syn_general_rec_0193_008,,False
speech_syn_general_rec_0193_009,,False
speech_syn_general_rec_0193_010,,False
speech_syn_general_rec_0193_011,,False
speech_syn_general_rec_0193_012,,False
speech_syn_general_rec_0193_013,,False
speech_syn_general_rec_0194_000,,False
speech_syn_general_rec_0194_001,,False
speech_syn_general_rec_0194_002,,False
speech_syn_general_rec_0194_003,,False
speech_syn_general_rec_0194_004,,False
speech_syn_general_rec_0194_005,,False
speech_syn_general_rec_0194_006,,False
speech_syn_general_rec_0194_007,,False
speech_syn_general_rec_0194_008,,False
speech_syn_general_rec_0194_009,,False
speech_syn_general_rec_0194_010,,False
speech_syn_general_rec_0194_011,,False
speech_syn_general_rec_0194_012,,False
speech_syn_general_rec_0194_013,,False
speech_syn_general_rec_0195_000,,False
speech_syn_general_rec_0195_001,,False
speech_syn_general_rec_0195_002,,False
speech_syn_general_rec_0195_003,,False
speech_syn_general_rec_0195_004,,False
speech_syn_general_rec_0195_005,,False
speech_syn_general_rec_0195_006,,False
speech_syn_general_rec_0195_007,,False
speech_syn_general_rec_0195_008,,False
speech_syn_general_rec_0195_009,,False
speech_syn_general_rec_0195_010,,False
speech_syn_general_rec_0196_000,,False
speech_syn_general_rec_0196_001,,False
speech_syn_general_rec_0196_002,,False
speech_syn_general_rec_0196_003,,False
speech_syn_general_rec_0196_004,,False
speech_syn_general_rec_0196_005,,False
speech_syn_general_rec_0196_006,,False
speech_syn_general_rec_0196_007,,False
speech_syn_general_rec_0196_008,,False
speech_syn_general_rec_0196_009,,False
speech_syn_general_rec_0197_000,,False
speech_syn_general_rec_0197_001,,False
speech_syn_general_rec_0197_002,,False
speech_syn_general_rec_0197_003,,False
speech_syn_general_rec_0197_004,,False
speech_syn_general_rec_0197_005,,False
speech_syn_general_rec_0197_006,,False
speech_syn_general_rec_0197_007,,False
speech_syn_general_rec_0197_008,,False
speech_syn_general_rec_0198_000,,False
speech_syn_general_rec_0198_001,,False
speech_syn_general_rec_0198_002,,False
speech_syn_general_rec_0198_003,,False
speech_syn_general_rec_0198_004,,False
speech_syn_general_rec_0198_005,,False
speech_syn_general_rec_0198_006,,False
speech_syn_general_rec_0198_007,,False
speech_syn_general_rec_0198_008,,False
speech_syn_general_rec_0198_009,,False
speech_syn_general_rec_0199_000,,False
speech_syn_general_rec_0199_001,,False
speech_syn_general_rec_0199_002,,False
speech_syn_general_rec_0199_003,,False
speech_syn_general_rec_0199_004,,False
speech_syn_general_rec_0199_005,,False
speech_syn_general_rec_0199_006,,False
speech_syn_general_rec_0199_007,,False
speech_syn_general_rec_0199_008,,False
speech_syn_general_rec_0199_009,,False
speech_syn_general_rec_0200_000,,False
speech_syn_general_rec_0200_001,,False
speech_syn_general_rec_0200_002,,False
speech_syn_general_rec_0200_003,,False
speech_syn_general_rec_0200_004,,False
speech_syn_general_rec_0200_005,,False
speech_syn_general_rec_0200_006,,False
speech_syn_general_rec_0200_007,,False
speech_syn_general_rec_0200_008,,False
speech_syn_general_rec_0201_000,,False
speech_syn_general_rec_0201_001,,False
speech_syn_general_rec_0201_002,,False
speech_syn_general_rec_0201_003,,False
speech_syn_general_rec_0201_004,,False
speech_syn_general_rec_0201_005,,False
speech_syn_general_rec_0201_006,,False
speech_syn_general_rec_0201_007,,False
speech_syn_general_rec_0201_008,,False
speech_syn_general_rec_0201_009,,False
speech_syn_general_rec_0201_010,,False
speech_syn_general_rec_0201_011,,False
speech_syn_general_rec_0201_012,,False
speech_syn_general_rec_0202_000,,False
speech_syn_general_rec_0202_001,,False
speech_syn_general_rec_0202_002,,False
speech_syn_general_rec_0202_003,,False
speech_syn_general_rec_0202_004,,False
speech_syn_general_rec_0202_005,,False
speech_syn_general_rec_0203_000,,False
speech_syn_general_rec_0203_001,,False
speech_syn_general_rec_0203_002,,False
speech_syn_general_rec_0203_003,,False
speech_syn_general_rec_0203_004,,False
speech_syn_general_rec_0203_005,,False
speech_syn_general_rec_0203_006,,False
speech_syn_general_rec_0203_007,,False
speech_syn_general_rec_0203_008,,False
speech_syn_general_rec_0203_009,,False
speech_syn_general_rec_0203_010,,False
speech_syn_general_rec_0203_011,,False
speech_syn_general_rec_0204_000,,False
speech_syn_general_rec_0204_001,,False
speech_syn_general_rec_0204_002,,False
speech_syn_general_rec_0204_003,,False
speech_syn_general_rec_0204_004,,False
speech_syn_general_rec_0204_005,,False
speech_syn_general_rec_0204_006,,False
speech_syn_general_rec_0204_007,,False
speech_syn_general_rec_0204_008,,False
speech_syn_general_rec_0204_009,,False
speech_syn_general_rec_0205_000,,False
speech_syn_general_rec_0205_001,,False
speech_syn_general_rec_0205_002,,False
speech_syn_general_rec_0205_003,,False
speech_syn_general_rec_0205_004,,False
speech_syn_general_rec_0205_005,,False
speech_syn_general_rec_0205_006,,False
speech_syn_general_rec_0205_007,,False
speech_syn_general_rec_0205_008,,False
speech_syn_general_rec_0205_009,,False
speech_syn_general_rec_0206_000,,False
speech_syn_general_rec_0206_001,,False
speech_syn_general_rec_0206_002,,False
speech_syn_general_rec_0206_003,,False
speech_syn_general_rec_0206_004,,False
speech_syn_general_rec_0206_005,,False
speech_syn_general_rec_0206_006,,False
speech_syn_general_rec_0207_000,,False
speech_syn_general_rec_0207_001,,False
speech_syn_general_rec_0207_002,,False
speech_syn_general_rec_0207_003,,False
speech_syn_general_rec_0207_004,,False
speech_syn_general_rec_0207_005,,False
speech_syn_general_rec_0207_006,,False
speech_syn_general_rec_0208_000,,False
speech_syn_general_rec_0208_001,,False
speech_syn_general_rec_0208_002,,False
speech_syn_general_rec_0208_003,,False
speech_syn_general_rec_0208_004,,False
speech_syn_general_rec_0208_005,,False
speech_syn_general_rec_0208_006,,False
speech_syn_general_rec_0208_007,,False
speech_syn_general_rec_0208_008,,False
speech_syn_general_rec_0208_009,,False
speech_syn_general_rec_0208_010,,False
speech_syn_general_rec_0209_000,,False
speech_syn_general_rec_0209_001,,False
speech_syn_general_rec_0209_002,,False
speech_syn_general_rec_0209_003,,False
speech_syn_general_rec_0209_004,,False
speech_syn_general_rec_0209_005,,False
speech_syn_general_rec_0209_006,,False
speech_syn_general_rec_0209_007,,False
speech_syn_general_rec_0209_008,,False
speech_syn_general_rec_0210_000,,False
speech_syn_general_rec_0210_001,,False
speech_syn_general_rec_0210_002,,False
speech_syn_general_rec_0210_003,,False
speech_syn_general_rec_0210_004,,False
speech_syn_general_rec_0210_005,,False
speech_syn_general_rec_0210_006,,False
speech_syn_general_rec_0210_007,,False
speech_syn_general_rec_0210_008,,False
speech_syn_general_rec_0210_009,,False
speech_syn_general_rec_0210_010,,False
speech_syn_general_rec_0211_000,,False
speech_syn_general_rec_0211_001,,False
speech_syn_general_rec_0211_002,,False
speech_syn_general_rec_0211_003,,False
speech_syn_general_rec_0211_004,,False
speech_syn_general_rec_0211_005,,False
speech_syn_general_rec_0211_006,,False
speech_syn_general_rec_0211_007,,False
speech_syn_general_rec_0211_008,,False
speech_syn_general_rec_0212_000,,False
speech_syn_general_rec_0212_001,,False
speech_syn_general_rec_0212_002,,False
speech_syn_general_rec_0212_003,,False
speech_syn_general_rec_0212_004,,False
speech_syn_general_rec_0212_005,,False
speech_syn_general_rec_0212_006,,False
speech_syn_general_rec_0212_007,,False
speech_syn_general_rec_0212_008,,False
speech_syn_general_rec_0212_009,,False
speech_syn_general_rec_0212_010,,False
speech_syn_general_rec_0212_011,,False
speech_syn_general_rec_0213_000,,False
speech_syn_general_rec_0213_001,,False
speech_syn_general_rec_0213_002,,False
speech_syn_general_rec_0213_003,,False
speech_syn_general_rec_0213_004,,False
speech_syn_general_rec_0213_005,,False
speech_syn_general_rec_0213_006,,False
speech_syn_general_rec_0213_007,,False
speech_syn_general_rec_0213_008,,False
speech_syn_general_rec_0213_009,,False
speech_syn_general_rec_0213_010,,False
speech_syn_general_rec_0214_000,,False
speech_syn_general_rec_0214_001,,False
speech_syn_general_rec_0214_002,,False
speech_syn_general_rec_0214_003,,False
speech_syn_general_rec_0214_004,,False
speech_syn_general_rec_0214_005,,False
speech_syn_general_rec_0214_006,,False
speech_syn_general_rec_0214_007,,False
speech_syn_general_rec_0215_000,,False
speech_syn_general_rec_0215_001,,False
speech_syn_general_rec_0215_002,,False
speech_syn_general_rec_0215_003,,False
speech_syn_general_rec_0215_004,,False
speech_syn_general_rec_0215_005,,False
speech_syn_general_rec_0215_006,,False
speech_syn_general_rec_0215_007,,False
speech_syn_general_rec_0215_008,,False
speech_syn_general_rec_0215_009,,False
speech_syn_general_rec_0215_010,,False
speech_syn_general_rec_0215_011,,False
speech_syn_general_rec_0215_012,,False
speech_syn_general_rec_0215_013,,False
speech_syn_general_rec_0215_014,,False
speech_syn_general_rec_0216_000,,False
speech_syn_general_rec_0216_001,,False
speech_syn_general_rec_0216_002,,False
speech_syn_general_rec_0216_003,,False
speech_syn_general_rec_0216_004,,False
speech_syn_general_rec_0216_005,,False
speech_syn_general_rec_0216_006,,False
speech_syn_general_rec_0216_007,,False
speech_syn_general_rec_0216_008,,False
speech_syn_general_rec_0216_009,,False
speech_syn_general_rec_0216_010,,False
speech_syn_general_rec_0216_011,,False
speech_syn_general_rec_0216_012,,False
speech_syn_general_rec_0217_000,,False
speech_syn_general_rec_0217_001,,False
speech_syn_general_rec_0217_002,,False
speech_syn_general_rec_0217_003,,False
speech_syn_general_rec_0217_004,,False
speech_syn_general_rec_0217_005,,False
speech_syn_general_rec_0217_006,,False
speech_syn_general_rec_0217_007,,False
speech_syn_general_rec_0217_008,,False
speech_syn_general_rec_0218_000,,False
speech_syn_general_rec_0218_001,,False
speech_syn_general_rec_0218_002,,False
speech_syn_general_rec_0218_003,,False
speech_syn_general_rec_0218_004,,False
speech_syn_general_rec_0218_005,,False
speech_syn_general_rec_0218_006,,False
speech_syn_general_rec_0218_007,,False
speech_syn_general_rec_0218_008,,False
speech_syn_general_rec_0218_009,,False
speech_syn_general_rec_0218_010,,False
speech_syn_general_rec_0218_011,,False
speech_syn_general_rec_0219_000,,False
speech_syn_general_rec_0219_001,,False
speech_syn_general_rec_0219_002,,False
speech_syn_general_rec_0219_003,,False
speech_syn_general_rec_0219_004,,False
speech_syn_general_rec_0219_005,,False
speech_syn_general_rec_0219_006,,False
speech_syn_general_rec_0219_007,,False
speech_syn_general_rec_0219_008,,False
speech_syn_general_rec_0219_009,,False
speech_syn_general_rec_0219_010,,False
syn_stream_0000,,False
syn_stream_0001,,False
syn_stream_0002,,False
syn_stream_0003,,False
syn_stream_0004,,False
syn_stream_0005,,False
syn_stream_0006,,False
syn_stream_0007,,False
syn_stream_0008,,False
syn_stream_0009,,False
syn_stream_0010,,False
syn_stream_0011,,False
syn_stream_0012,,False
syn_stream_0013,,False
syn_stream_0014,,False
syn_stream_0015,,False
syn_stream_0016,,False
syn_stream_0017,,False
syn_stream_0018,,False
syn_stream_0019,,False
syn_stream_0020,,False
syn_stream_0021,,False
syn_stream_0022,,False
syn_stream_0023,,False
syn_stream_0024,,False
syn_stream_0025,,False
syn_stream_0026,,False
syn_stream_0027,,False
syn_stream_0028,,False
syn_stream_0029,,False
syn_stream_0030,,False
syn_stream_0031,,False
syn_stream_0032,,False
syn_stream_0033,,False
syn_stream_0034,,False
syn_stream_0035,,False
syn_stream_0036,,False
syn_stream_0037,,False
syn_stream_0038,,False
syn_stream_0039,,False
syn_stream_0040,,False
syn_stream_0041,,False
syn_stream_0042,,False
syn_stream_0043,,False
syn_stream_0044,,False
syn_stream_0045,,False
syn_stream_0046,,False
syn_stream_0047,,False
syn_stream_0048,,False
syn_stream_0049,,False
syn_stream_0050,,False
syn_stream_0051,,False
syn_stream_0052,,False
syn_stream_0053,,False
syn_stream_0054,,False
syn_stream_0055,,False
syn_stream_0056,,False
syn_stream_0057,,False
syn_stream_0058,,False
syn_stream_0059,,False
syn_stream_0060,,False
syn_stream_0061,,False
syn_stream_0062,,False
syn_stream_0063,,False
syn_stream_0064,,False
syn_stream_0065,,False
syn_stream_0066,,False
syn_stream_0067,,False
syn_stream_0068,,False
syn_stream_0069,,False
syn_stream_0070,,False
syn_stream_0071,,False
syn_stream_0072,,False
syn_stream_0073,,False
syn_stream_0074,,False
syn_stream_0075,,False
syn_stream_0076,,False
syn_stream_0077,,False
syn_stream_0078,,False
syn_stream_0079,,False
syn_stream_0080,,False
syn_stream_0081,,False
syn_stream_0082,,False
syn_stream_0083,,False
syn_stream_0084,,False
syn_stream_0085,,False
syn_stream_0086,,False
syn_stream_0087,,False
syn_stream_0088,,False
syn_stream_0089,,False
syn_stream_0090,,False
syn_stream_0091,,False
syn_stream_0092,,False
syn_stream_0093,,False
syn_stream_0094,,False
syn_stream_0095,,False
syn_stream_0096,,False
syn_stream_0097,,False
syn_stream_0098,,False
syn_stream_0099,,False
syn_stream_0100,,False
syn_stream_0101,,False
syn_stream_0102,,False
syn_stream_0103,,False
syn_stream_0104,,False
syn_stream_0105,,False
syn_stream_0106,,False
syn_stream_0107,,False
syn_stream_0108,,False
syn_stream_0109,,False
syn_stream_0110,,False
syn_stream_0111,,False
syn_stream_0112,,False
syn_stream_0113,,False
syn_stream_0114,,False
syn_stream_0115,,False
syn_stream_0116,,False
syn_stream_0117,,False
syn_stream_0118,,False
syn_stream_0119,,False
synth_clicks_00004,,False
synth_clicks_00009,,False
synth_clicks_00014,,False
synth_clicks_00019,,False
synth_clicks_00024,,False
synth_clicks_00029,,False
synth_clicks_00034,,False
synth_clicks_00039,,False
synth_clicks_00044,,False
synth_clicks_00049,,False
synth_clicks_00054,,False
synth_clicks_00059,,False
synth_clicks_00064,,False
synth_clicks_00069,,False
synth_clicks_00074,,False
synth_clicks_00079,,False
synth_clicks_00084,,False
synth_clicks_00089,,False
synth_clicks_00094,,False
synth_clicks_00099,,False
synth_clicks_00104,,False
synth_clicks_00109,,False
synth_clicks_00114,,False
synth_clicks_00119,,False
synth_clicks_00124,,False
synth_clicks_00129,,False
synth_clicks_00134,,False
synth_clicks_00139,,False
synth_clicks_00144,,False
synth_clicks_00149,,False
synth_clicks_00154,,False
synth_clicks_00159,,False
synth_clicks_00164,,False
synth_clicks_00169,,False
synth_clicks_00174,,False
synth_clicks_00179,,False
synth_clicks_00184,,False
synth_clicks_00189,,False
synth_clicks_00194,,False
synth_clicks_00199,,False
synth_clicks_00204,,False
synth_clicks_00209,,False
synth_clicks_00214,,False
synth_clicks_00219,,False
synth_clicks_00224,,False
synth_clicks_00229,,False
synth_clicks_00234,,False
synth_clicks_00239,,False
synth_clicks_00244,,False
synth_clicks_00249,,False
synth_clicks_00254,,False
synth_clicks_00259,,False
synth_clicks_00264,,False
synth_clicks_00269,,False
synth_clicks_00274,,False
synth_clicks_00279,,False
synth_clicks_00284,,False
synth_clicks_00289,,False
synth_clicks_00294,,False
synth_clicks_00299,,False
synth_clicks_00304,,False
synth_clicks_00309,,False
synth_clicks_00314,,False
synth_clicks_00319,,False
synth_clicks_00324,,False
synth_clicks_00329,,False
synth_clicks_00334,,False
synth_clicks_00339,,False
synth_clicks_00344,,False
synth_clicks_00349,,False
synth_clicks_00354,,False
synth_clicks_00359,,False
synth_clicks_00364,,False
synth_clicks_00369,,False
synth_clicks_00374,,False
synth_clicks_00379,,False
synth_clicks_00384,,False
synth_clicks_00389,,False
synth_clicks_00394,,False
synth_clicks_00399,,False
synth_clicks_00404,,False
synth_clicks_00409,,False
synth_clicks_00414,,False
synth_clicks_00419,,False
synth_clicks_00424,,False
synth_clicks_00429,,False
synth_clicks_00434,,False
synth_clicks_00439,,False
synth_clicks_00444,,False
synth_clicks_00449,,False
synth_clicks_00454,,False
synth_clicks_00459,,False
synth_clicks_00464,,False
synth_clicks_00469,,False
synth_clicks_00474,,False
synth_clicks_00479,,False
synth_clicks_00484,,False
synth_clicks_00489,,False
synth_clicks_00494,,False
synth_clicks_00499,,False
synth_clicks_00504,,False
synth_clicks_00509,,False
synth_clicks_00514,,False
synth_clicks_00519,,False
synth_clicks_00524,,False
synth_clicks_00529,,False
synth_clicks_00534,,False
synth_clicks_00539,,False
synth_clicks_00544,,False
synth_clicks_00549,,False
synth_clicks_00554,,False
synth_clicks_00559,,False
synth_clicks_00564,,False
synth_clicks_00569,,False
synth_clicks_00574,,False
synth_clicks_00579,,False
synth_clicks_00584,,False
synth_clicks_00589,,False
synth_clicks_00594,,False
synth_clicks_00599,,False
synth_clicks_00604,,False
synth_clicks_00609,,False
synth_clicks_00614,,False
synth_clicks_00619,,False
synth_clicks_00624,,False
synth_clicks_00629,,False
synth_clicks_00634,,False
synth_clicks_00639,,False
synth_clicks_00644,,False
synth_clicks_00649,,False
synth_clicks_00654,,False
synth_clicks_00659,,False
synth_clicks_00664,,False
synth_clicks_00669,,False
synth_clicks_00674,,False
synth_clicks_00679,,False
synth_clicks_00684,,False
synth_clicks_00689,,False
synth_clicks_00694,,False
synth_clicks_00699,,False
synth_clicks_00704,,False
synth_clicks_00709,,False
synth_clicks_00714,,False
synth_clicks_00719,,False
synth_clicks_00724,,False
synth_clicks_00729,,False
synth_clicks_00734,,False
synth_clicks_00739,,False
synth_clicks_00744,,False
synth_clicks_00749,,False
synth_clicks_00754,,False
synth_clicks_00759,,False
synth_clicks_00764,,False
synth_clicks_00769,,False
synth_clicks_00774,,False
synth_clicks_00779,,False
synth_clicks_00784,,False
synth_clicks_00789,,False
synth_clicks_00794,,False
synth_clicks_00799,,False
synth_clicks_00804,,False
synth_clicks_00809,,False
synth_clicks_00814,,False
synth_clicks_00819,,False
synth_clicks_00824,,False
synth_clicks_00829,,False
synth_clicks_00834,,False
synth_clicks_00839,,False
synth_clicks_00844,,False
synth_clicks_00849,,False
synth_clicks_00854,,False
synth_clicks_00859,,False
synth_clicks_00864,,False
synth_clicks_00869,,False
synth_clicks_00874,,False
synth_clicks_00879,,False
synth_clicks_00884,,False
synth_clicks_00889,,False
synth_clicks_00894,,False
synth_clicks_00899,,False
synth_clicks_00904,,False
synth_clicks_00909,,False
synth_clicks_00914,,False
synth_clicks_00919,,False
synth_clicks_00924,,False
synth_clicks_00929,,False
synth_clicks_00934,,False
synth_clicks_00939,,False
synth_clicks_00944,,False
synth_clicks_00949,,False
synth_clicks_00954,,False
synth_clicks_00959,,False
synth_clicks_00964,,False
synth_clicks_00969,,False
synth_clicks_00974,,False
synth_clicks_00979,,False
synth_clicks_00984,,False
synth_clicks_00989,,False
synth_clicks_00994,,False
synth_clicks_00999,,False
synth_fan_00003,,False
synth_fan_00008,,False
synth_fan_00013,,False
synth_fan_00018,,False
synth_fan_00023,,False
synth_fan_00028,,False
synth_fan_00033,,False
synth_fan_00038,,False
synth_fan_00043,,False
synth_fan_00048,,False
synth_fan_00053,,False
synth_fan_00058,,False
synth_fan_00063,,False
synth_fan_00068,,False
synth_fan_00073,,False
synth_fan_00078,,False
synth_fan_00083,,False
synth_fan_00088,,False
synth_fan_00093,,False
synth_fan_00098,,False
synth_fan_00103,,False
synth_fan_00108,,False
synth_fan_00113,,False
synth_fan_00118,,False
synth_fan_00123,,False
synth_fan_00128,,False
synth_fan_00133,,False
synth_fan_00138,,False
synth_fan_00143,,False
synth_fan_00148,,False
synth_fan_00153,,False
synth_fan_00158,,False
synth_fan_00163,,False
synth_fan_00168,,False
synth_fan_00173,,False
synth_fan_00178,,False
synth_fan_00183,,False
synth_fan_00188,,False
synth_fan_00193,,False
synth_fan_00198,,False
synth_fan_00203,,False
synth_fan_00208,,False
synth_fan_00213,,False
synth_fan_00218,,False
synth_fan_00223,,False
synth_fan_00228,,False
synth_fan_00233,,False
synth_fan_00238,,False
synth_fan_00243,,False
synth_fan_00248,,False
synth_fan_00253,,False
synth_fan_00258,,False
synth_fan_00263,,False
synth_fan_00268,,False
synth_fan_00273,,False
synth_fan_00278,,False
synth_fan_00283,,False
synth_fan_00288,,False
synth_fan_00293,,False
synth_fan_00298,,False
synth_fan_00303,,False
synth_fan_00308,,False
synth_fan_00313,,False
synth_fan_00318,,False
synth_fan_00323,,False
synth_fan_00328,,False
synth_fan_00333,,False
synth_fan_00338,,False
synth_fan_00343,,False
synth_fan_00348,,False
synth_fan_00353,,False
synth_fan_00358,,False
synth_fan_00363,,False
synth_fan_00368,,False
synth_fan_00373,,False
synth_fan_00378,,False
synth_fan_00383,,False
synth_fan_00388,,False
synth_fan_00393,,False
synth_fan_00398,,False
synth_fan_00403,,False
synth_fan_00408,,False
synth_fan_00413,,False
synth_fan_00418,,False
synth_fan_00423,,False
synth_fan_00428,,False
synth_fan_00433,,False
synth_fan_00438,,False
synth_fan_00443,,False
synth_fan_00448,,False
synth_fan_00453,,False
synth_fan_00458,,False
synth_fan_00463,,False
synth_fan_00468,,False
synth_fan_00473,,False
synth_fan_00478,,False
synth_fan_00483,,False
synth_fan_00488,,False
synth_fan_00493,,False
synth_fan_00498,,False
synth_fan_00503,,False
synth_fan_00508,,False
synth_fan_00513,,False
synth_fan_00518,,False
synth_fan_00523,,False
synth_fan_00528,,False
synth_fan_00533,,False
synth_fan_00538,,False
synth_fan_00543,,False
synth_fan_00548,,False
synth_fan_00553,,False
synth_fan_00558,,False
synth_fan_00563,,False
synth_fan_00568,,False
synth_fan_00573,,False
synth_fan_00578,,False
synth_fan_00583,,False
synth_fan_00588,,False
synth_fan_00593,,False
synth_fan_00598,,False
synth_fan_00603,,False
synth_fan_00608,,False
synth_fan_00613,,False
synth_fan_00618,,False
synth_fan_00623,,False
synth_fan_00628,,False
synth_fan_00633,,False
synth_fan_00638,,False
synth_fan_00643,,False
synth_fan_00648,,False
synth_fan_00653,,False
synth_fan_00658,,False
synth_fan_00663,,False
synth_fan_00668,,False
synth_fan_00673,,False
synth_fan_00678,,False
synth_fan_00683,,False
synth_fan_00688,,False
synth_fan_00693,,False
synth_fan_00698,,False
synth_fan_00703,,False
synth_fan_00708,,False
synth_fan_00713,,False
synth_fan_00718,,False
synth_fan_00723,,False
synth_fan_00728,,False
synth_fan_00733,,False
synth_fan_00738,,False
synth_fan_00743,,False
synth_fan_00748,,False
synth_fan_00753,,False
synth_fan_00758,,False
synth_fan_00763,,False
synth_fan_00768,,False
synth_fan_00773,,False
synth_fan_00778,,False
synth_fan_00783,,False
synth_fan_00788,,False
synth_fan_00793,,False
synth_fan_00798,,False
synth_fan_00803,,False
synth_fan_00808,,False
synth_fan_00813,,False
synth_fan_00818,,False
synth_fan_00823,,False
synth_fan_00828,,False
synth_fan_00833,,False
synth_fan_00838,,False
synth_fan_00843,,False
synth_fan_00848,,False
synth_fan_00853,,False
synth_fan_00858,,False
synth_fan_00863,,False
synth_fan_00868,,False
synth_fan_00873,,False
synth_fan_00878,,False
synth_fan_00883,,False
synth_fan_00888,,False
synth_fan_00893,,False
synth_fan_00898,,False
synth_fan_00903,,False
synth_fan_00908,,False
synth_fan_00913,,False
synth_fan_00918,,False
synth_fan_00923,,False
synth_fan_00928,,False
synth_fan_00933,,False
synth_fan_00938,,False
synth_fan_00943,,False
synth_fan_00948,,False
synth_fan_00953,,False
synth_fan_00958,,False
synth_fan_00963,,False
synth_fan_00968,,False
synth_fan_00973,,False
synth_fan_00978,,False
synth_fan_00983,,False
synth_fan_00988,,False
synth_fan_00993,,False
synth_fan_00998,,False
synth_hum_00002,,False
synth_hum_00007,,False
synth_hum_00012,,False
synth_hum_00017,,False
synth_hum_00022,,False
synth_hum_00027,,False
synth_hum_00032,,False
synth_hum_00037,,False
synth_hum_00042,,False
synth_hum_00047,,False
synth_hum_00052,,False
synth_hum_00057,,False
synth_hum_00062,,False
synth_hum_00067,,False
synth_hum_00072,,False
synth_hum_00077,,False
synth_hum_00082,,False
synth_hum_00087,,False
synth_hum_00092,,False
synth_hum_00097,,False
synth_hum_00102,,False
synth_hum_00107,,False
synth_hum_00112,,False
synth_hum_00117,,False
synth_hum_00122,,False
synth_hum_00127,,False
synth_hum_00132,,False
synth_hum_00137,,False
synth_hum_00142,,False
synth_hum_00147,,False
synth_hum_00152,,False
synth_hum_00157,,False
synth_hum_00162,,False
synth_hum_00167,,False
synth_hum_00172,,False
synth_hum_00177,,False
synth_hum_00182,,False
synth_hum_00187,,False
synth_hum_00192,,False
synth_hum_00197,,False
synth_hum_00202,,False
synth_hum_00207,,False
synth_hum_00212,,False
synth_hum_00217,,False
synth_hum_00222,,False
synth_hum_00227,,False
synth_hum_00232,,False
synth_hum_00237,,False
synth_hum_00242,,False
synth_hum_00247,,False
synth_hum_00252,,False
synth_hum_00257,,False
synth_hum_00262,,False
synth_hum_00267,,False
synth_hum_00272,,False
synth_hum_00277,,False
synth_hum_00282,,False
synth_hum_00287,,False
synth_hum_00292,,False
synth_hum_00297,,False
synth_hum_00302,,False
synth_hum_00307,,False
synth_hum_00312,,False
synth_hum_00317,,False
synth_hum_00322,,False
synth_hum_00327,,False
synth_hum_00332,,False
synth_hum_00337,,False
synth_hum_00342,,False
synth_hum_00347,,False
synth_hum_00352,,False
synth_hum_00357,,False
synth_hum_00362,,False
synth_hum_00367,,False
synth_hum_00372,,False
synth_hum_00377,,False
synth_hum_00382,,False
synth_hum_00387,,False
synth_hum_00392,,False
synth_hum_00397,,False
synth_hum_00402,,False
synth_hum_00407,,False
synth_hum_00412,,False
synth_hum_00417,,False
synth_hum_00422,,False
synth_hum_00427,,False
synth_hum_00432,,False
synth_hum_00437,,False
synth_hum_00442,,False
synth_hum_00447,,False
synth_hum_00452,,False
synth_hum_00457,,False
synth_hum_00462,,False
synth_hum_00467,,False
synth_hum_00472,,False
synth_hum_00477,,False
synth_hum_00482,,False
synth_hum_00487,,False
synth_hum_00492,,False
synth_hum_00497,,False
synth_hum_00502,,False
synth_hum_00507,,False
synth_hum_00512,,False
synth_hum_00517,,False
synth_hum_00522,,False
synth_hum_00527,,False
synth_hum_00532,,False
synth_hum_00537,,False
synth_hum_00542,,False
synth_hum_00547,,False
synth_hum_00552,,False
synth_hum_00557,,False
synth_hum_00562,,False
synth_hum_00567,,False
synth_hum_00572,,False
synth_hum_00577,,False
synth_hum_00582,,False
synth_hum_00587,,False
synth_hum_00592,,False
synth_hum_00597,,False
synth_hum_00602,,False
synth_hum_00607,,False
synth_hum_00612,,False
synth_hum_00617,,False
synth_hum_00622,,False
synth_hum_00627,,False
synth_hum_00632,,False
synth_hum_00637,,False
synth_hum_00642,,False
synth_hum_00647,,False
synth_hum_00652,,False
synth_hum_00657,,False
synth_hum_00662,,False
synth_hum_00667,,False
synth_hum_00672,,False
synth_hum_00677,,False
synth_hum_00682,,False
synth_hum_00687,,False
synth_hum_00692,,False
synth_hum_00697,,False
synth_hum_00702,,False
synth_hum_00707,,False
synth_hum_00712,,False
synth_hum_00717,,False
synth_hum_00722,,False
synth_hum_00727,,False
synth_hum_00732,,False
synth_hum_00737,,False
synth_hum_00742,,False
synth_hum_00747,,False
synth_hum_00752,,False
synth_hum_00757,,False
synth_hum_00762,,False
synth_hum_00767,,False
synth_hum_00772,,False
synth_hum_00777,,False
synth_hum_00782,,False
synth_hum_00787,,False
synth_hum_00792,,False
synth_hum_00797,,False
synth_hum_00802,,False
synth_hum_00807,,False
synth_hum_00812,,False
synth_hum_00817,,False
synth_hum_00822,,False
synth_hum_00827,,False
synth_hum_00832,,False
synth_hum_00837,,False
synth_hum_00842,,False
synth_hum_00847,,False
synth_hum_00852,,False
synth_hum_00857,,False
synth_hum_00862,,False
synth_hum_00867,,False
synth_hum_00872,,False
synth_hum_00877,,False
synth_hum_00882,,False
synth_hum_00887,,False
synth_hum_00892,,False
synth_hum_00897,,False
synth_hum_00902,,False
synth_hum_00907,,False
synth_hum_00912,,False
synth_hum_00917,,False
synth_hum_00922,,False
synth_hum_00927,,False
synth_hum_00932,,False
synth_hum_00937,,False
synth_hum_00942,,False
synth_hum_00947,,False
synth_hum_00952,,False
synth_hum_00957,,False
synth_hum_00962,,False
synth_hum_00967,,False
synth_hum_00972,,False
synth_hum_00977,,False
synth_hum_00982,,False
synth_hum_00987,,False
synth_hum_00992,,False
synth_hum_00997,,False
synth_pink_00001,,False
synth_pink_00006,,False
synth_pink_00011,,False
synth_pink_00016,,False
synth_pink_00021,,False
synth_pink_00026,,False
synth_pink_00031,,False
synth_pink_00036,,False
synth_pink_00041,,False
synth_pink_00046,,False
synth_pink_00051,,False
synth_pink_00056,,False
synth_pink_00061,,False
synth_pink_00066,,False
synth_pink_00071,,False
synth_pink_00076,,False
synth_pink_00081,,False
synth_pink_00086,,False
synth_pink_00091,,False
synth_pink_00096,,False
synth_pink_00101,,False
synth_pink_00106,,False
synth_pink_00111,,False
synth_pink_00116,,False
synth_pink_00121,,False
synth_pink_00126,,False
synth_pink_00131,,False
synth_pink_00136,,False
synth_pink_00141,,False
synth_pink_00146,,False
synth_pink_00151,,False
synth_pink_00156,,False
synth_pink_00161,,False
synth_pink_00166,,False
synth_pink_00171,,False
synth_pink_00176,,False
synth_pink_00181,,False
synth_pink_00186,,False
synth_pink_00191,,False
synth_pink_00196,,False
synth_pink_00201,,False
synth_pink_00206,,False
synth_pink_00211,,False
synth_pink_00216,,False
synth_pink_00221,,False
synth_pink_00226,,False
synth_pink_00231,,False
synth_pink_00236,,False
synth_pink_00241,,False
synth_pink_00246,,False
synth_pink_00251,,False
synth_pink_00256,,False
synth_pink_00261,,False
synth_pink_00266,,False
synth_pink_00271,,False
synth_pink_00276,,False
synth_pink_00281,,False
synth_pink_00286,,False
synth_pink_00291,,False
synth_pink_00296,,False
synth_pink_00301,,False
synth_pink_00306,,False
synth_pink_00311,,False
synth_pink_00316,,False
synth_pink_00321,,False
synth_pink_00326,,False
synth_pink_00331,,False
synth_pink_00336,,False
synth_pink_00341,,False
synth_pink_00346,,False
synth_pink_00351,,False
synth_pink_00356,,False
synth_pink_00361,,False
synth_pink_00366,,False
synth_pink_00371,,False
synth_pink_00376,,False
synth_pink_00381,,False
synth_pink_00386,,False
synth_pink_00391,,False
synth_pink_00396,,False
synth_pink_00401,,False
synth_pink_00406,,False
synth_pink_00411,,False
synth_pink_00416,,False
synth_pink_00421,,False
synth_pink_00426,,False
synth_pink_00431,,False
synth_pink_00436,,False
synth_pink_00441,,False
synth_pink_00446,,False
synth_pink_00451,,False
synth_pink_00456,,False
synth_pink_00461,,False
synth_pink_00466,,False
synth_pink_00471,,False
synth_pink_00476,,False
synth_pink_00481,,False
synth_pink_00486,,False
synth_pink_00491,,False
synth_pink_00496,,False
synth_pink_00501,,False
synth_pink_00506,,False
synth_pink_00511,,False
synth_pink_00516,,False
synth_pink_00521,,False
synth_pink_00526,,False
synth_pink_00531,,False
synth_pink_00536,,False
synth_pink_00541,,False
synth_pink_00546,,False
synth_pink_00551,,False
synth_pink_00556,,False
synth_pink_00561,,False
synth_pink_00566,,False
synth_pink_00571,,False
synth_pink_00576,,False
synth_pink_00581,,False
synth_pink_00586,,False
synth_pink_00591,,False
synth_pink_00596,,False
synth_pink_00601,,False
synth_pink_00606,,False
synth_pink_00611,,False
synth_pink_00616,,False
synth_pink_00621,,False
synth_pink_00626,,False
synth_pink_00631,,False
synth_pink_00636,,False
synth_pink_00641,,False
synth_pink_00646,,False
synth_pink_00651,,False
synth_pink_00656,,False
synth_pink_00661,,False
synth_pink_00666,,False
synth_pink_00671,,False
synth_pink_00676,,False
synth_pink_00681,,False
synth_pink_00686,,False
synth_pink_00691,,False
synth_pink_00696,,False
synth_pink_00701,,False
synth_pink_00706,,False
synth_pink_00711,,False
synth_pink_00716,,False
synth_pink_00721,,False
synth_pink_00726,,False
synth_pink_00731,,False
synth_pink_00736,,False
synth_pink_00741,,False
synth_pink_00746,,False
synth_pink_00751,,False
synth_pink_00756,,False
synth_pink_00761,,False
synth_pink_00766,,False
synth_pink_00771,,False
synth_pink_00776,,False
synth_pink_00781,,False
synth_pink_00786,,False
synth_pink_00791,,False
synth_pink_00796,,False
synth_pink_00801,,False
synth_pink_00806,,False
synth_pink_00811,,False
synth_pink_00816,,False
synth_pink_00821,,False
synth_pink_00826,,False
synth_pink_00831,,False
synth_pink_00836,,False
synth_pink_00841,,False
synth_pink_00846,,False
synth_pink_00851,,False
synth_pink_00856,,False
synth_pink_00861,,False
synth_pink_00866,,False
synth_pink_00871,,False
synth_pink_00876,,False
synth_pink_00881,,False
synth_pink_00886,,False
synth_pink_00891,,False
synth_pink_00896,,False
synth_pink_00901,,False
synth_pink_00906,,False
synth_pink_00911,,False
synth_pink_00916,,False
synth_pink_00921,,False
synth_pink_00926,,False
synth_pink_00931,,False
synth_pink_00936,,False
synth_pink_00941,,False
synth_pink_00946,,False
synth_pink_00951,,False
synth_pink_00956,,False
synth_pink_00961,,False
synth_pink_00966,,False
synth_pink_00971,,False
synth_pink_00976,,False
synth_pink_00981,,False
synth_pink_00986,,False
synth_pink_00991,,False
synth_pink_00996,,False
synth_white_00000,,False
synth_white_00005,,False
synth_white_00010,,False
synth_white_00015,,False
synth_white_00020,,False
synth_white_00025,,False
synth_white_00030,,False
synth_white_00035,,False
synth_white_00040,,False
synth_white_00045,,False
synth_white_00050,,False
synth_white_00055,,False
synth_white_00060,,False
synth_white_00065,,False
synth_white_00070,,False
synth_white_00075,,False
synth_white_00080,,False
synth_white_00085,,False
synth_white_00090,,False
synth_white_00095,,False
synth_white_00100,,False
synth_white_00105,,False
synth_white_00110,,False
synth_white_00115,,False
synth_white_00120,,False
synth_white_00125,,False
synth_white_00130,,False
synth_white_00135,,False
synth_white_00140,,False
synth_white_00145,,False
synth_white_00150,,False
synth_white_00155,,False
synth_white_00160,,False
synth_white_00165,,False
synth_white_00170,,False
synth_white_00175,,False
synth_white_00180,,False
synth_white_00185,,False
synth_white_00190,,False
synth_white_00195,,False
synth_white_00200,,False
synth_white_00205,,False
synth_white_00210,,False
synth_white_00215,,False
synth_white_00220,,False
synth_white_00225,,False
synth_white_00230,,False
synth_white_00235,,False
synth_white_00240,,False
synth_white_00245,,False
synth_white_00250,,False
synth_white_00255,,False
synth_white_00260,,False
synth_white_00265,,False
synth_white_00270,,False
synth_white_00275,,False
synth_white_00280,,False
synth_white_00285,,False
synth_white_00290,,False
synth_white_00295,,False
synth_white_00300,,False
synth_white_00305,,False
synth_white_00310,,False
synth_white_00315,,False
synth_white_00320,,False
synth_white_00325,,False
synth_white_00330,,False
synth_white_00335,,False
synth_white_00340,,False
synth_white_00345,,False
synth_white_00350,,False
synth_white_00355,,False
synth_white_00360,,False
synth_white_00365,,False
synth_white_00370,,False
synth_white_00375,,False
synth_white_00380,,False
synth_white_00385,,False
synth_white_00390,,False
synth_white_00395,,False
synth_white_00400,,False
synth_white_00405,,False
synth_white_00410,,False
synth_white_00415,,False
synth_white_00420,,False
synth_white_00425,,False
synth_white_00430,,False
synth_white_00435,,False
synth_white_00440,,False
synth_white_00445,,False
synth_white_00450,,False
synth_white_00455,,False
synth_white_00460,,False
synth_white_00465,,False
synth_white_00470,,False
synth_white_00475,,False
synth_white_00480,,False
synth_white_00485,,False
synth_white_00490,,False
synth_white_00495,,False
synth_white_00500,,False
synth_white_00505,,False
synth_white_00510,,False
synth_white_00515,,False
synth_white_00520,,False
synth_white_00525,,False
synth_white_00530,,False
synth_white_00535,,False
synth_white_00540,,False
synth_white_00545,,False
synth_white_00550,,False
synth_white_00555,,False
synth_white_00560,,False
synth_white_00565,,False
synth_white_00570,,False
synth_white_00575,,False
synth_white_00580,,False
synth_white_00585,,False
synth_white_00590,,False
synth_white_00595,,False
synth_white_00600,,False
synth_white_00605,,False
synth_white_00610,,False
synth_white_00615,,False
synth_white_00620,,False
synth_white_00625,,False
synth_white_00630,,False
synth_white_00635,,False
synth_white_00640,,False
synth_white_00645,,False
synth_white_00650,,False
synth_white_00655,,False
synth_white_00660,,False
synth_white_00665,,False
synth_white_00670,,False
synth_white_00675,,False
synth_white_00680,,False
synth_white_00685,,False
synth_white_00690,,False
synth_white_00695,,False
synth_white_00700,,False
synth_white_00705,,False
synth_white_00710,,False
synth_white_00715,,False
synth_white_00720,,False
synth_white_00725,,False
synth_white_00730,,False
synth_white_00735,,False
synth_white_00740,,False
synth_white_00745,,False
synth_white_00750,,False
synth_white_00755,,False
synth_white_00760,,False
synth_white_00765,,False
synth_white_00770,,False
synth_white_00775,,False
synth_white_00780,,False
synth_white_00785,,False
synth_white_00790,,False
synth_white_00795,,False
synth_white_00800,,False
synth_white_00805,,False
synth_white_00810,,False
synth_white_00815,,False
synth_white_00820,,False
synth_white_00825,,False
synth_white_00830,,False
synth_white_00835,,False
synth_white_00840,,False
synth_white_00845,,False
synth_white_00850,,False
synth_white_00855,,False
synth_white_00860,,False
synth_white_00865,,False
synth_white_00870,,False
synth_white_00875,,False
synth_white_00880,,False
synth_white_00885,,False
synth_white_00890,,False
synth_white_00895,,False
synth_white_00900,,False
synth_white_00905,,False
synth_white_00910,,False
synth_white_00915,,False
synth_white_00920,,False
synth_white_00925,,False
synth_white_00930,,False
synth_white_00935,,False
synth_white_00940,,False
synth_white_00945,,False
synth_white_00950,,False
synth_white_00955,,False
synth_white_00960,,False
synth_white_00965,,False
synth_white_00970,,False
synth_white_00975,,False
synth_white_00980,,False
synth_white_00985,,False
synth_white_00990,,False
synth_white_00995,,False
tts2_en_GB-aru-medium_spk0_neg0,,False
tts2_en_GB-aru-medium_spk0_neg1,,False
tts2_en_GB-aru-medium_spk0_pos0,,False
tts2_en_GB-aru-medium_spk10_neg0,,False
tts2_en_GB-aru-medium_spk10_neg1,,False
tts2_en_GB-aru-medium_spk10_pos1,,False
tts2_en_GB-aru-medium_spk11_neg0,,False
tts2_en_GB-aru-medium_spk11_neg1,,False
tts2_en_GB-aru-medium_spk11_pos0,,False
tts2_en_GB-aru-medium_spk11_pos1,,False
tts2_en_GB-aru-medium_spk1_neg0,,False
tts2_en_GB-aru-medium_spk1_neg1,,False
tts2_en_GB-aru-medium_spk1_pos0,,False
tts2_en_GB-aru-medium_spk1_pos1,,False
tts2_en_GB-aru-medium_spk2_neg0,,False
tts2_en_GB-aru-medium_spk2_neg1,,False
tts2_en_GB-aru-medium_spk2_pos0,,False
tts2_en_GB-aru-medium_spk2_pos1,,False
tts2_en_GB-aru-medium_spk3_neg0,,False
tts2_en_GB-aru-medium_spk3_neg1,,False
tts2_en_GB-aru-medium_spk3_pos0,,False
tts2_en_GB-aru-medium_spk3_pos1,,False
tts2_en_GB-aru-medium_spk4_neg0,,False
tts2_en_GB-aru-medium_spk4_neg1,,False
tts2_en_GB-aru-medium_spk4_pos0,,False
tts2_en_GB-aru-medium_spk5_neg0,,False
tts2_en_GB-aru-medium_spk5_neg1,,False
tts2_en_GB-aru-medium_spk5_pos1,,False
tts2_en_GB-aru-medium_spk6_neg0,,False
tts2_en_GB-aru-medium_spk6_neg1,,False
tts2_en_GB-aru-medium_spk6_pos1,,False
tts2_en_GB-aru-medium_spk7_neg0,,False
tts2_en_GB-aru-medium_spk7_neg1,,False
tts2_en_GB-aru-medium_spk7_pos0,,False
tts2_en_GB-aru-medium_spk8_neg0,,False
tts2_en_GB-aru-medium_spk8_neg1,,False
tts2_en_GB-aru-medium_spk8_pos1,,False
tts2_en_GB-aru-medium_spk9_neg0,,False
tts2_en_GB-aru-medium_spk9_neg1,,False
tts2_en_GB-aru-medium_spk9_pos0,,False
tts2_en_GB-aru-medium_spk9_pos1,,False
tts2_en_GB-cori-medium_spk0_neg0,,False
tts2_en_GB-cori-medium_spk0_neg1,,False
tts2_en_GB-cori-medium_spk0_pos0,,False
tts2_en_GB-cori-medium_spk0_pos1,,False
tts2_en_GB-jenny_dioco-medium_spk0_neg0,,False
tts2_en_GB-jenny_dioco-medium_spk0_neg1,,False
tts2_en_GB-jenny_dioco-medium_spk0_pos0,,False
tts2_en_GB-jenny_dioco-medium_spk0_pos1,,False
tts2_en_GB-northern_english_male-medium_spk0_neg0,,False
tts2_en_GB-northern_english_male-medium_spk0_neg1,,False
tts2_en_GB-northern_english_male-medium_spk0_pos0,,False
tts2_en_GB-northern_english_male-medium_spk0_pos1,,False
tts2_en_GB-semaine-medium_spk0_neg0,,False
tts2_en_GB-semaine-medium_spk0_neg1,,False
tts2_en_GB-semaine-medium_spk1_neg0,,False
tts2_en_GB-semaine-medium_spk1_neg1,,False
tts2_en_GB-semaine-medium_spk1_pos0,,False
tts2_en_GB-semaine-medium_spk1_pos1,,False
tts2_en_GB-semaine-medium_spk2_neg0,,False
tts2_en_GB-semaine-medium_spk2_neg1,,False
tts2_en_GB-semaine-medium_spk2_pos0,,False
tts2_en_GB-semaine-medium_spk3_neg0,,False
tts2_en_GB-semaine-medium_spk3_neg1,,False
tts2_en_GB-semaine-medium_spk3_pos0,,False
tts2_en_GB-semaine-medium_spk3_pos1,,False
tts2_en_GB-southern_english_female-low_spk0_neg0,,False
tts2_en_GB-southern_english_female-low_spk0_neg1,,False
tts2_en_GB-southern_english_female-low_spk0_pos0,,False
tts2_en_GB-southern_english_female-low_spk0_pos1,,False
tts2_en_GB-vctk-medium_spk0_neg0,,False
tts2_en_GB-vctk-medium_spk0_neg1,,False
tts2_en_GB-vctk-medium_spk0_pos1,,False
tts2_en_GB-vctk-medium_spk100_neg0,,False
tts2_en_GB-vctk-medium_spk100_neg1,,False
tts2_en_GB-vctk-medium_spk101_neg0,,False
tts2_en_GB-vctk-medium_spk101_neg1,,False
tts2_en_GB-vctk-medium_spk101_pos0,,False
tts2_en_GB-vctk-medium_spk102_neg0,,False
tts2_en_GB-vctk-medium_spk102_neg1,,False
tts2_en_GB-vctk-medium_spk102_pos0,,False
tts2_en_GB-vctk-medium_spk102_pos1,,False
tts2_en_GB-vctk-medium_spk103_neg0,,False
tts2_en_GB-vctk-medium_spk103_neg1,,False
tts2_en_GB-vctk-medium_spk103_pos0,,False
tts2_en_GB-vctk-medium_spk103_pos1,,False
tts2_en_GB-vctk-medium_spk104_neg0,,False
tts2_en_GB-vctk-medium_spk104_neg1,,False
tts2_en_GB-vctk-medium_spk104_pos1,,False
tts2_en_GB-vctk-medium_spk105_neg0,,False
tts2_en_GB-vctk-medium_spk105_neg1,,False
tts2_en_GB-vctk-medium_spk105_pos0,,False
tts2_en_GB-vctk-medium_spk105_pos1,,False
tts2_en_GB-vctk-medium_spk106_neg0,,False
tts2_en_GB-vctk-medium_spk106_neg1,,False
tts2_en_GB-vctk-medium_spk106_pos0,,False
tts2_en_GB-vctk-medium_spk106_pos1,,False
tts2_en_GB-vctk-medium_spk107_neg0,,False
tts2_en_GB-vctk-medium_spk107_neg1,,False
tts2_en_GB-vctk-medium_spk107_pos0,,False
tts2_en_GB-vctk-medium_spk107_pos1,,False
tts2_en_GB-vctk-medium_spk108_neg0,,False
tts2_en_GB-vctk-medium_spk108_neg1,,False
tts2_en_GB-vctk-medium_spk108_pos1,,False
tts2_en_GB-vctk-medium_spk10_neg0,,False
tts2_en_GB-vctk-medium_spk10_neg1,,False
tts2_en_GB-vctk-medium_spk10_pos0,,False
tts2_en_GB-vctk-medium_spk10_pos1,,False
tts2_en_GB-vctk-medium_spk11_neg0,,False
tts2_en_GB-vctk-medium_spk11_neg1,,False
tts2_en_GB-vctk-medium_spk11_pos0,,False
tts2_en_GB-vctk-medium_spk11_pos1,,False
tts2_en_GB-vctk-medium_spk12_neg0,,False
tts2_en_GB-vctk-medium_spk12_neg1,,False
tts2_en_GB-vctk-medium_spk12_pos0,,False
tts2_en_GB-vctk-medium_spk12_pos1,,False
tts2_en_GB-vctk-medium_spk13_neg0,,False
tts2_en_GB-vctk-medium_spk13_neg1,,False
tts2_en_GB-vctk-medium_spk14_neg0,,False
tts2_en_GB-vctk-medium_spk14_neg1,,False
tts2_en_GB-vctk-medium_spk14_pos1,,False
tts2_en_GB-vctk-medium_spk15_neg0,,False
tts2_en_GB-vctk-medium_spk15_neg1,,False
tts2_en_GB-vctk-medium_spk15_pos1,,False
tts2_en_GB-vctk-medium_spk16_neg0,,False
tts2_en_GB-vctk-medium_spk16_neg1,,False
tts2_en_GB-vctk-medium_spk16_pos0,,False
tts2_en_GB-vctk-medium_spk16_pos1,,False
tts2_en_GB-vctk-medium_spk17_neg0,,False
tts2_en_GB-vctk-medium_spk17_neg1,,False
tts2_en_GB-vctk-medium_spk18_neg0,,False
tts2_en_GB-vctk-medium_spk18_neg1,,False
tts2_en_GB-vctk-medium_spk18_pos0,,False
tts2_en_GB-vctk-medium_spk19_neg0,,False
tts2_en_GB-vctk-medium_spk19_neg1,,False
tts2_en_GB-vctk-medium_spk19_pos0,,False
tts2_en_GB-vctk-medium_spk19_pos1,,False
tts2_en_GB-vctk-medium_spk1_neg0,,False
tts2_en_GB-vctk-medium_spk1_neg1,,False
tts2_en_GB-vctk-medium_spk1_pos0,,False
tts2_en_GB-vctk-medium_spk1_pos1,,False
tts2_en_GB-vctk-medium_spk20_neg0,,False
tts2_en_GB-vctk-medium_spk20_neg1,,False
tts2_en_GB-vctk-medium_spk20_pos0,,False
tts2_en_GB-vctk-medium_spk21_neg0,,False
tts2_en_GB-vctk-medium_spk21_neg1,,False
tts2_en_GB-vctk-medium_spk21_pos0,,False
tts2_en_GB-vctk-medium_spk22_neg0,,False
tts2_en_GB-vctk-medium_spk22_neg1,,False
tts2_en_GB-vctk-medium_spk22_pos0,,False
tts2_en_GB-vctk-medium_spk22_pos1,,False
tts2_en_GB-vctk-medium_spk23_neg0,,False
tts2_en_GB-vctk-medium_spk23_neg1,,False
tts2_en_GB-vctk-medium_spk23_pos0,,False
tts2_en_GB-vctk-medium_spk23_pos1,,False
tts2_en_GB-vctk-medium_spk24_neg0,,False
tts2_en_GB-vctk-medium_spk24_neg1,,False
tts2_en_GB-vctk-medium_spk24_pos0,,False
tts2_en_GB-vctk-medium_spk24_pos1,,False
tts2_en_GB-vctk-medium_spk25_neg0,,False
tts2_en_GB-vctk-medium_spk25_neg1,,False
tts2_en_GB-vctk-medium_spk25_pos0,,False
tts2_en_GB-vctk-medium_spk25_pos1,,False
tts2_en_GB-vctk-medium_spk26_neg0,,False
tts2_en_GB-vctk-medium_spk26_neg1,,False
tts2_en_GB-vctk-medium_spk26_pos0,,False
tts2_en_GB-vctk-medium_spk26_pos1,,False
tts2_en_GB-vctk-medium_spk27_neg0,,False
tts2_en_GB-vctk-medium_spk27_neg1,,False
tts2_en_GB-vctk-medium_spk27_pos0,,False
tts2_en_GB-vctk-medium_spk27_pos1,,False
tts2_en_GB-vctk-medium_spk28_neg0,,False
tts2_en_GB-vctk-medium_spk28_neg1,,False
tts2_en_GB-vctk-medium_spk28_pos0,,False
tts2_en_GB-vctk-medium_spk28_pos1,,False
tts2_en_GB-vctk-medium_spk29_neg0,,False
tts2_en_GB-vctk-medium_spk29_neg1,,False
tts2_en_GB-vctk-medium_spk29_pos0,,False
tts2_en_GB-vctk-medium_spk29_pos1,,False
tts2_en_GB-vctk-medium_spk2_neg0,,False
tts2_en_GB-vctk-medium_spk2_neg1,,False
tts2_en_GB-vctk-medium_spk30_neg0,,False
tts2_en_GB-vctk-medium_spk30_neg1,,False
tts2_en_GB-vctk-medium_spk30_pos0,,False
tts2_en_GB-vctk-medium_spk30_pos1,,False
tts2_en_GB-vctk-medium_spk31_neg0,,False
tts2_en_GB-vctk-medium_spk31_neg1,,False
tts2_en_GB-vctk-medium_spk31_pos1,,False
tts2_en_GB-vctk-medium_spk32_neg0,,False
tts2_en_GB-vctk-medium_spk32_neg1,,False
tts2_en_GB-vctk-medium_spk32_pos0,,False
tts2_en_GB-vctk-medium_spk32_pos1,,False
tts2_en_GB-vctk-medium_spk33_neg0,,False
tts2_en_GB-vctk-medium_spk33_neg1,,False
tts2_en_GB-vctk-medium_spk33_pos0,,False
tts2_en_GB-vctk-medium_spk34_neg0,,False
tts2_en_GB-vctk-medium_spk34_neg1,,False
tts2_en_GB-vctk-medium_spk35_neg0,,False
tts2_en_GB-vctk-medium_spk35_neg1,,False
tts2_en_GB-vctk-medium_spk35_pos0,,False
tts2_en_GB-vctk-medium_spk35_pos1,,False
tts2_en_GB-vctk-medium_spk36_neg0,,False
tts2_en_GB-vctk-medium_spk36_neg1,,False
tts2_en_GB-vctk-medium_spk36_pos0,,False
tts2_en_GB-vctk-medium_spk37_neg0,,False
tts2_en_GB-vctk-medium_spk37_neg1,,False
tts2_en_GB-vctk-medium_spk37_pos1,,False
tts2_en_GB-vctk-medium_spk38_neg0,,False
tts2_en_GB-vctk-medium_spk38_neg1,,False
tts2_en_GB-vctk-medium_spk38_pos0,,False
tts2_en_GB-vctk-medium_spk38_pos1,,False
tts2_en_GB-vctk-medium_spk39_neg0,,False
tts2_en_GB-vctk-medium_spk39_neg1,,False
tts2_en_GB-vctk-medium_spk3_neg0,,False
tts2_en_GB-vctk-medium_spk3_neg1,,False
tts2_en_GB-vctk-medium_spk40_neg0,,False
tts2_en_GB-vctk-medium_spk40_neg1,,False
tts2_en_GB-vctk-medium_spk40_pos1,,False
tts2_en_GB-vctk-medium_spk41_neg0,,False
tts2_en_GB-vctk-medium_spk41_neg1,,False
tts2_en_GB-vctk-medium_spk41_pos0,,False
tts2_en_GB-vctk-medium_spk42_neg0,,False
tts2_en_GB-vctk-medium_spk42_neg1,,False
tts2_en_GB-vctk-medium_spk42_pos1,,False
tts2_en_GB-vctk-medium_spk43_neg0,,False
tts2_en_GB-vctk-medium_spk43_neg1,,False
tts2_en_GB-vctk-medium_spk43_pos0,,False
tts2_en_GB-vctk-medium_spk44_neg0,,False
tts2_en_GB-vctk-medium_spk44_neg1,,False
tts2_en_GB-vctk-medium_spk44_pos0,,False
tts2_en_GB-vctk-medium_spk44_pos1,,False
tts2_en_GB-vctk-medium_spk45_neg0,,False
tts2_en_GB-vctk-medium_spk45_neg1,,False
tts2_en_GB-vctk-medium_spk45_pos0,,False
tts2_en_GB-vctk-medium_spk45_pos1,,False
tts2_en_GB-vctk-medium_spk46_neg0,,False
tts2_en_GB-vctk-medium_spk46_neg1,,False
tts2_en_GB-vctk-medium_spk47_neg0,,False
tts2_en_GB-vctk-medium_spk47_neg1,,False
tts2_en_GB-vctk-medium_spk47_pos0,,False
tts2_en_GB-vctk-medium_spk47_pos1,,False
tts2_en_GB-vctk-medium_spk48_neg0,,False
tts2_en_GB-vctk-medium_spk48_neg1,,False
tts2_en_GB-vctk-medium_spk48_pos0,,False
tts2_en_GB-vctk-medium_spk48_pos1,,False
tts2_en_GB-vctk-medium_spk49_neg0,,False
tts2_en_GB-vctk-medium_spk49_neg1,,False
tts2_en_GB-vctk-medium_spk49_pos1,,False
tts2_en_GB-vctk-medium_spk4_neg0,,False
tts2_en_GB-vctk-medium_spk4_neg1,,False
tts2_en_GB-vctk-medium_spk4_pos0,,False
tts2_en_GB-vctk-medium_spk4_pos1,,False
tts2_en_GB-vctk-medium_spk50_neg0,,False
tts2_en_GB-vctk-medium_spk50_neg1,,False
tts2_en_GB-vctk-medium_spk50_pos0,,False
tts2_en_GB-vctk-medium_spk50_pos1,,False
tts2_en_GB-vctk-medium_spk51_neg0,,False
tts2_en_GB-vctk-medium_spk51_neg1,,False
tts2_en_GB-vctk-medium_spk51_pos0,,False
tts2_en_GB-vctk-medium_spk51_pos1,,False
tts2_en_GB-vctk-medium_spk52_neg0,,False
tts2_en_GB-vctk-medium_spk52_neg1,,False
tts2_en_GB-vctk-medium_spk52_pos1,,False
tts2_en_GB-vctk-medium_spk53_neg0,,False
tts2_en_GB-vctk-medium_spk53_neg1,,False
tts2_en_GB-vctk-medium_spk54_neg0,,False
tts2_en_GB-vctk-medium_spk54_neg1,,False
tts2_en_GB-vctk-medium_spk54_pos0,,False
tts2_en_GB-vctk-medium_spk54_pos1,,False
tts2_en_GB-vctk-medium_spk55_neg0,,False
tts2_en_GB-vctk-medium_spk55_neg1,,False
tts2_en_GB-vctk-medium_spk56_neg0,,False
tts2_en_GB-vctk-medium_spk56_neg1,,False
tts2_en_GB-vctk-medium_spk56_pos0,,False
tts2_en_GB-vctk-medium_spk56_pos1,,False
tts2_en_GB-vctk-medium_spk57_neg0,,False
tts2_en_GB-vctk-medium_spk57_neg1,,False
tts2_en_GB-vctk-medium_spk57_pos0,,False
tts2_en_GB-vctk-medium_spk57_pos1,,False
tts2_en_GB-vctk-medium_spk58_neg0,,False
tts2_en_GB-vctk-medium_spk58_neg1,,False
tts2_en_GB-vctk-medium_spk58_pos0,,False
tts2_en_GB-vctk-medium_spk59_neg0,,False
tts2_en_GB-vctk-medium_spk59_neg1,,False
tts2_en_GB-vctk-medium_spk59_pos0,,False
tts2_en_GB-vctk-medium_spk5_neg0,,False
tts2_en_GB-vctk-medium_spk5_neg1,,False
tts2_en_GB-vctk-medium_spk5_pos0,,False
tts2_en_GB-vctk-medium_spk60_neg0,,False
tts2_en_GB-vctk-medium_spk60_neg1,,False
tts2_en_GB-vctk-medium_spk60_pos0,,False
tts2_en_GB-vctk-medium_spk61_neg0,,False
tts2_en_GB-vctk-medium_spk61_neg1,,False
tts2_en_GB-vctk-medium_spk61_pos0,,False
tts2_en_GB-vctk-medium_spk61_pos1,,False
tts2_en_GB-vctk-medium_spk62_neg0,,False
tts2_en_GB-vctk-medium_spk62_neg1,,False
tts2_en_GB-vctk-medium_spk62_pos1,,False
tts2_en_GB-vctk-medium_spk63_neg0,,False
tts2_en_GB-vctk-medium_spk63_neg1,,False
tts2_en_GB-vctk-medium_spk64_neg0,,False
tts2_en_GB-vctk-medium_spk64_neg1,,False
tts2_en_GB-vctk-medium_spk64_pos0,,False
tts2_en_GB-vctk-medium_spk64_pos1,,False
tts2_en_GB-vctk-medium_spk65_neg0,,False
tts2_en_GB-vctk-medium_spk65_neg1,,False
tts2_en_GB-vctk-medium_spk65_pos0,,False
tts2_en_GB-vctk-medium_spk66_neg0,,False
tts2_en_GB-vctk-medium_spk66_neg1,,False
tts2_en_GB-vctk-medium_spk66_pos0,,False
tts2_en_GB-vctk-medium_spk66_pos1,,False
tts2_en_GB-vctk-medium_spk67_neg0,,False
tts2_en_GB-vctk-medium_spk67_neg1,,False
tts2_en_GB-vctk-medium_spk68_neg0,,False
tts2_en_GB-vctk-medium_spk68_neg1,,False
tts2_en_GB-vctk-medium_spk68_pos1,,False
tts2_en_GB-vctk-medium_spk69_neg0,,False
tts2_en_GB-vctk-medium_spk69_neg1,,False
tts2_en_GB-vctk-medium_spk69_pos0,,False
tts2_en_GB-vctk-medium_spk69_pos1,,False
tts2_en_GB-vctk-medium_spk6_neg0,,False
tts2_en_GB-vctk-medium_spk6_neg1,,False
tts2_en_GB-vctk-medium_spk6_pos1,,False
tts2_en_GB-vctk-medium_spk70_neg0,,False
tts2_en_GB-vctk-medium_spk70_neg1,,False
tts2_en_GB-vctk-medium_spk70_pos0,,False
tts2_en_GB-vctk-medium_spk71_neg0,,False
tts2_en_GB-vctk-medium_spk71_neg1,,False
tts2_en_GB-vctk-medium_spk71_pos0,,False
tts2_en_GB-vctk-medium_spk71_pos1,,False
tts2_en_GB-vctk-medium_spk72_neg0,,False
tts2_en_GB-vctk-medium_spk72_neg1,,False
tts2_en_GB-vctk-medium_spk72_pos0,,False
tts2_en_GB-vctk-medium_spk72_pos1,,False
tts2_en_GB-vctk-medium_spk73_neg0,,False
tts2_en_GB-vctk-medium_spk73_neg1,,False
tts2_en_GB-vctk-medium_spk73_pos0,,False
tts2_en_GB-vctk-medium_spk73_pos1,,False
tts2_en_GB-vctk-medium_spk74_neg0,,False
tts2_en_GB-vctk-medium_spk74_neg1,,False
tts2_en_GB-vctk-medium_spk74_pos0,,False
tts2_en_GB-vctk-medium_spk74_pos1,,False
tts2_en_GB-vctk-medium_spk75_neg0,,False
tts2_en_GB-vctk-medium_spk75_neg1,,False
tts2_en_GB-vctk-medium_spk75_pos0,,False
tts2_en_GB-vctk-medium_spk75_pos1,,False
tts2_en_GB-vctk-medium_spk76_neg0,,False
tts2_en_GB-vctk-medium_spk76_neg1,,False
tts2_en_GB-vctk-medium_spk76_pos0,,False
tts2_en_GB-vctk-medium_spk76_pos1,,False
tts2_en_GB-vctk-medium_spk77_neg0,,False
tts2_en_GB-vctk-medium_spk77_neg1,,False
tts2_en_GB-vctk-medium_spk77_pos0,,False
tts2_en_GB-vctk-medium_spk77_pos1,,False
tts2_en_GB-vctk-medium_spk78_neg0,,False
tts2_en_GB-vctk-medium_spk78_neg1,,False
tts2_en_GB-vctk-medium_spk78_pos1,,False
tts2_en_GB-vctk-medium_spk79_neg0,,False
tts2_en_GB-vctk-medium_spk79_neg1,,False
tts2_en_GB-vctk-medium_spk79_pos0,,False
tts2_en_GB-vctk-medium_spk79_pos1,,False
tts2_en_GB-vctk-medium_spk7_neg0,,False
tts2_en_GB-vctk-medium_spk7_neg1,,False
tts2_en_GB-vctk-medium_spk7_pos1,,False
tts2_en_GB-vctk-medium_spk80_neg0,,False
tts2_en_GB-vctk-medium_spk80_neg1,,False
tts2_en_GB-vctk-medium_spk80_pos0,,False
tts2_en_GB-vctk-medium_spk80_pos1,,False
tts2_en_GB-vctk-medium_spk81_neg0,,False
tts2_en_GB-vctk-medium_spk81_neg1,,False
tts2_en_GB-vctk-medium_spk81_pos0,,False
tts2_en_GB-vctk-medium_spk81_pos1,,False
tts2_en_GB-vctk-medium_spk82_neg0,,False
tts2_en_GB-vctk-medium_spk82_neg1,,False
tts2_en_GB-vctk-medium_spk82_pos1,,False
tts2_en_GB-vctk-medium_spk83_neg0,,False
tts2_en_GB-vctk-medium_spk83_neg1,,False
tts2_en_GB-vctk-medium_spk83_pos0,,False
tts2_en_GB-vctk-medium_spk83_pos1,,False
tts2_en_GB-vctk-medium_spk84_neg0,,False
tts2_en_GB-vctk-medium_spk84_neg1,,False
tts2_en_GB-vctk-medium_spk84_pos0,,False
tts2_en_GB-vctk-medium_spk85_neg0,,False
tts2_en_GB-vctk-medium_spk85_neg1,,False
tts2_en_GB-vctk-medium_spk85_pos0,,False
tts2_en_GB-vctk-medium_spk85_pos1,,False
tts2_en_GB-vctk-medium_spk86_neg0,,False
tts2_en_GB-vctk-medium_spk86_neg1,,False
tts2_en_GB-vctk-medium_spk87_neg0,,False
tts2_en_GB-vctk-medium_spk87_neg1,,False
tts2_en_GB-vctk-medium_spk87_pos0,,False
tts2_en_GB-vctk-medium_spk88_neg0,,False
tts2_en_GB-vctk-medium_spk88_neg1,,False
tts2_en_GB-vctk-medium_spk88_pos0,,False
tts2_en_GB-vctk-medium_spk88_pos1,,False
tts2_en_GB-vctk-medium_spk89_neg0,,False
tts2_en_GB-vctk-medium_spk89_neg1,,False
tts2_en_GB-vctk-medium_spk89_pos0,,False
tts2_en_GB-vctk-medium_spk89_pos1,,False
tts2_en_GB-vctk-medium_spk8_neg0,,False
tts2_en_GB-vctk-medium_spk8_neg1,,False
tts2_en_GB-vctk-medium_spk90_neg0,,False
tts2_en_GB-vctk-medium_spk90_neg1,,False
tts2_en_GB-vctk-medium_spk90_pos0,,False
tts2_en_GB-vctk-medium_spk90_pos1,,False
tts2_en_GB-vctk-medium_spk91_neg0,,False
tts2_en_GB-vctk-medium_spk91_neg1,,False
tts2_en_GB-vctk-medium_spk91_pos0,,False
tts2_en_GB-vctk-medium_spk92_neg0,,False
tts2_en_GB-vctk-medium_spk92_neg1,,False
tts2_en_GB-vctk-medium_spk92_pos1,,False
tts2_en_GB-vctk-medium_spk93_neg0,,False
tts2_en_GB-vctk-medium_spk93_neg1,,False
tts2_en_GB-vctk-medium_spk93_pos0,,False
tts2_en_GB-vctk-medium_spk94_neg0,,False
tts2_en_GB-vctk-medium_spk94_neg1,,False
tts2_en_GB-vctk-medium_spk94_pos1,,False
tts2_en_GB-vctk-medium_spk95_neg0,,False
tts2_en_GB-vctk-medium_spk95_neg1,,False
tts2_en_GB-vctk-medium_spk95_pos0,,False
tts2_en_GB-vctk-medium_spk95_pos1,,False
tts2_en_GB-vctk-medium_spk96_neg0,,False
tts2_en_GB-vctk-medium_spk96_neg1,,False
tts2_en_GB-vctk-medium_spk96_pos1,,False
tts2_en_GB-vctk-medium_spk97_neg0,,False
tts2_en_GB-vctk-medium_spk97_neg1,,False
tts2_en_GB-vctk-medium_spk97_pos0,,False
tts2_en_GB-vctk-medium_spk97_pos1,,False
tts2_en_GB-vctk-medium_spk98_neg0,,False
tts2_en_GB-vctk-medium_spk98_neg1,,False
tts2_en_GB-vctk-medium_spk98_pos0,,False
tts2_en_GB-vctk-medium_spk99_neg0,,False
tts2_en_GB-vctk-medium_spk99_neg1,,False
tts2_en_GB-vctk-medium_spk9_neg0,,False
tts2_en_GB-vctk-medium_spk9_neg1,,False
tts2_en_GB-vctk-medium_spk9_pos0,,False
tts2_en_GB-vctk-medium_spk9_pos1,,False
tts2_en_US-arctic-medium_spk0_neg0,,False
tts2_en_US-arctic-medium_spk0_neg1,,False
tts2_en_US-arctic-medium_spk10_neg0,,False
tts2_en_US-arctic-medium_spk10_neg1,,False
tts2_en_US-arctic-medium_spk10_pos0,,False
tts2_en_US-arctic-medium_spk10_pos1,,False
tts2_en_US-arctic-medium_spk11_neg0,,False
tts2_en_US-arctic-medium_spk11_neg1,,False
tts2_en_US-arctic-medium_spk11_pos0,,False
tts2_en_US-arctic-medium_spk11_pos1,,False
tts2_en_US-arctic-medium_spk12_neg0,,False
tts2_en_US-arctic-medium_spk12_neg1,,False
tts2_en_US-arctic-medium_spk12_pos1,,False
tts2_en_US-arctic-medium_spk13_neg0,,False
tts2_en_US-arctic-medium_spk13_neg1,,False
tts2_en_US-arctic-medium_spk13_pos0,,False
tts2_en_US-arctic-medium_spk13_pos1,,False
tts2_en_US-arctic-medium_spk14_neg0,,False
tts2_en_US-arctic-medium_spk14_neg1,,False
tts2_en_US-arctic-medium_spk14_pos0,,False
tts2_en_US-arctic-medium_spk14_pos1,,False
tts2_en_US-arctic-medium_spk15_neg0,,False
tts2_en_US-arctic-medium_spk15_neg1,,False
tts2_en_US-arctic-medium_spk15_pos1,,False
tts2_en_US-arctic-medium_spk16_neg0,,False
tts2_en_US-arctic-medium_spk16_neg1,,False
tts2_en_US-arctic-medium_spk16_pos0,,False
tts2_en_US-arctic-medium_spk16_pos1,,False
tts2_en_US-arctic-medium_spk17_neg0,,False
tts2_en_US-arctic-medium_spk17_neg1,,False
tts2_en_US-arctic-medium_spk17_pos0,,False
tts2_en_US-arctic-medium_spk17_pos1,,False
tts2_en_US-arctic-medium_spk1_neg0,,False
tts2_en_US-arctic-medium_spk1_neg1,,False
tts2_en_US-arctic-medium_spk1_pos0,,False
tts2_en_US-arctic-medium_spk1_pos1,,False
tts2_en_US-arctic-medium_spk2_neg0,,False
tts2_en_US-arctic-medium_spk2_neg1,,False
tts2_en_US-arctic-medium_spk2_pos0,,False
tts2_en_US-arctic-medium_spk2_pos1,,False
tts2_en_US-arctic-medium_spk3_neg0,,False
tts2_en_US-arctic-medium_spk3_neg1,,False
tts2_en_US-arctic-medium_spk3_pos0,,False
tts2_en_US-arctic-medium_spk3_pos1,,False
tts2_en_US-arctic-medium_spk4_neg0,,False
tts2_en_US-arctic-medium_spk4_neg1,,False
tts2_en_US-arctic-medium_spk4_pos0,,False
tts2_en_US-arctic-medium_spk4_pos1,,False
tts2_en_US-arctic-medium_spk5_neg0,,False
tts2_en_US-arctic-medium_spk5_neg1,,False
tts2_en_US-arctic-medium_spk5_pos0,,False
tts2_en_US-arctic-medium_spk5_pos1,,False
tts2_en_US-arctic-medium_spk6_neg0,,False
tts2_en_US-arctic-medium_spk6_neg1,,False
tts2_en_US-arctic-medium_spk6_pos0,,False
tts2_en_US-arctic-medium_spk6_pos1,,False
tts2_en_US-arctic-medium_spk7_neg0,,False
tts2_en_US-arctic-medium_spk7_neg1,,False
tts2_en_US-arctic-medium_spk7_pos0,,False
tts2_en_US-arctic-medium_spk8_neg0,,False
tts2_en_US-arctic-medium_spk8_neg1,,False
tts2_en_US-arctic-medium_spk8_pos0,,False
tts2_en_US-arctic-medium_spk8_pos1,,False
tts2_en_US-arctic-medium_spk9_neg0,,False
tts2_en_US-arctic-medium_spk9_neg1,,False
tts2_en_US-arctic-medium_spk9_pos0,,False
tts2_en_US-arctic-medium_spk9_pos1,,False
tts2_en_US-bryce-medium_spk0_neg0,,False
tts2_en_US-bryce-medium_spk0_neg1,,False
tts2_en_US-bryce-medium_spk0_pos0,,False
tts2_en_US-bryce-medium_spk0_pos1,,False
tts2_en_US-danny-low_spk0_neg0,,False
tts2_en_US-danny-low_spk0_neg1,,False
tts2_en_US-danny-low_spk0_pos0,,False
tts2_en_US-danny-low_spk0_pos1,,False
tts2_en_US-hfc_female-medium_spk0_neg0,,False
tts2_en_US-hfc_female-medium_spk0_neg1,,False
tts2_en_US-hfc_female-medium_spk0_pos0,,False
tts2_en_US-hfc_female-medium_spk0_pos1,,False
tts2_en_US-hfc_male-medium_spk0_neg0,,False
tts2_en_US-hfc_male-medium_spk0_neg1,,False
tts2_en_US-hfc_male-medium_spk0_pos0,,False
tts2_en_US-hfc_male-medium_spk0_pos1,,False
tts2_en_US-joe-medium_spk0_neg0,,False
tts2_en_US-joe-medium_spk0_neg1,,False
tts2_en_US-joe-medium_spk0_pos0,,False
tts2_en_US-joe-medium_spk0_pos1,,False
tts2_en_US-john-medium_spk0_neg0,,False
tts2_en_US-john-medium_spk0_neg1,,False
tts2_en_US-john-medium_spk0_pos0,,False
tts2_en_US-john-medium_spk0_pos1,,False
tts2_en_US-kathleen-low_spk0_neg0,,False
tts2_en_US-kathleen-low_spk0_neg1,,False
tts2_en_US-kathleen-low_spk0_pos0,,False
tts2_en_US-kathleen-low_spk0_pos1,,False
tts2_en_US-kristin-medium_spk0_neg0,,False
tts2_en_US-kristin-medium_spk0_neg1,,False
tts2_en_US-kristin-medium_spk0_pos0,,False
tts2_en_US-kristin-medium_spk0_pos1,,False
tts2_en_US-kusal-medium_spk0_neg0,,False
tts2_en_US-kusal-medium_spk0_neg1,,False
tts2_en_US-kusal-medium_spk0_pos0,,False
tts2_en_US-kusal-medium_spk0_pos1,,False
tts2_en_US-l2arctic-medium_spk0_neg0,,False
tts2_en_US-l2arctic-medium_spk0_neg1,,False
tts2_en_US-l2arctic-medium_spk0_pos0,,False
tts2_en_US-l2arctic-medium_spk10_neg0,,False
tts2_en_US-l2arctic-medium_spk10_neg1,,False
tts2_en_US-l2arctic-medium_spk11_neg0,,False
tts2_en_US-l2arctic-medium_spk11_neg1,,False
tts2_en_US-l2arctic-medium_spk11_pos0,,False
tts2_en_US-l2arctic-medium_spk12_neg0,,False
tts2_en_US-l2arctic-medium_spk12_neg1,,False
tts2_en_US-l2arctic-medium_spk12_pos1,,False
tts2_en_US-l2arctic-medium_spk13_neg0,,False
tts2_en_US-l2arctic-medium_spk13_neg1,,False
tts2_en_US-l2arctic-medium_spk13_pos0,,False
tts2_en_US-l2arctic-medium_spk14_neg0,,False
tts2_en_US-l2arctic-medium_spk14_neg1,,False
tts2_en_US-l2arctic-medium_spk14_pos0,,False
tts2_en_US-l2arctic-medium_spk15_neg0,,False
tts2_en_US-l2arctic-medium_spk15_neg1,,False
tts2_en_US-l2arctic-medium_spk16_neg0,,False
tts2_en_US-l2arctic-medium_spk16_neg1,,False
tts2_en_US-l2arctic-medium_spk17_neg0,,False
tts2_en_US-l2arctic-medium_spk17_neg1,,False
tts2_en_US-l2arctic-medium_spk18_neg0,,False
tts2_en_US-l2arctic-medium_spk18_neg1,,False
tts2_en_US-l2arctic-medium_spk18_pos1,,False
tts2_en_US-l2arctic-medium_spk19_neg0,,False
tts2_en_US-l2arctic-medium_spk19_neg1,,False
tts2_en_US-l2arctic-medium_spk19_pos1,,False
tts2_en_US-l2arctic-medium_spk1_neg0,,False
tts2_en_US-l2arctic-medium_spk1_neg1,,False
tts2_en_US-l2arctic-medium_spk20_neg0,,False
tts2_en_US-l2arctic-medium_spk20_neg1,,False
tts2_en_US-l2arctic-medium_spk20_pos0,,False
tts2_en_US-l2arctic-medium_spk21_neg0,,False
tts2_en_US-l2arctic-medium_spk21_neg1,,False
tts2_en_US-l2arctic-medium_spk22_neg0,,False
tts2_en_US-l2arctic-medium_spk22_neg1,,False
tts2_en_US-l2arctic-medium_spk22_pos0,,False
tts2_en_US-l2arctic-medium_spk23_neg0,,False
tts2_en_US-l2arctic-medium_spk23_neg1,,False
tts2_en_US-l2arctic-medium_spk2_neg0,,False
tts2_en_US-l2arctic-medium_spk2_neg1,,False
tts2_en_US-l2arctic-medium_spk3_neg0,,False
tts2_en_US-l2arctic-medium_spk3_neg1,,False
tts2_en_US-l2arctic-medium_spk3_pos1,,False
tts2_en_US-l2arctic-medium_spk4_neg0,,False
tts2_en_US-l2arctic-medium_spk4_neg1,,False
tts2_en_US-l2arctic-medium_spk5_neg0,,False
tts2_en_US-l2arctic-medium_spk5_neg1,,False
tts2_en_US-l2arctic-medium_spk5_pos1,,False
tts2_en_US-l2arctic-medium_spk6_neg0,,False
tts2_en_US-l2arctic-medium_spk6_neg1,,False
tts2_en_US-l2arctic-medium_spk7_neg0,,False
tts2_en_US-l2arctic-medium_spk7_neg1,,False
tts2_en_US-l2arctic-medium_spk8_neg0,,False
tts2_en_US-l2arctic-medium_spk8_neg1,,False
tts2_en_US-l2arctic-medium_spk8_pos1,,False
tts2_en_US-l2arctic-medium_spk9_neg0,,False
tts2_en_US-l2arctic-medium_spk9_neg1,,False
tts2_en_US-libritts_r-medium_spk0_neg0,,False
tts2_en_US-libritts_r-medium_spk0_neg1,,False
tts2_en_US-libritts_r-medium_spk0_pos0,,False
tts2_en_US-libritts_r-medium_spk0_pos1,,False
tts2_en_US-libritts_r-medium_spk103_neg0,,False
tts2_en_US-libritts_r-medium_spk103_neg1,,False
tts2_en_US-libritts_r-medium_spk103_pos0,,False
tts2_en_US-libritts_r-medium_spk103_pos1,,False
tts2_en_US-libritts_r-medium_spk107_neg0,,False
tts2_en_US-libritts_r-medium_spk107_neg1,,False
tts2_en_US-libritts_r-medium_spk107_pos0,,False
tts2_en_US-libritts_r-medium_spk107_pos1,,False
tts2_en_US-libritts_r-medium_spk108_neg0,,False
tts2_en_US-libritts_r-medium_spk108_neg1,,False
tts2_en_US-libritts_r-medium_spk108_pos0,,False
tts2_en_US-libritts_r-medium_spk113_neg0,,False
tts2_en_US-libritts_r-medium_spk113_neg1,,False
tts2_en_US-libritts_r-medium_spk113_pos0,,False
tts2_en_US-libritts_r-medium_spk113_pos1,,False
tts2_en_US-libritts_r-medium_spk122_neg0,,False
tts2_en_US-libritts_r-medium_spk122_neg1,,False
tts2_en_US-libritts_r-medium_spk122_pos0,,False
tts2_en_US-libritts_r-medium_spk127_neg0,,False
tts2_en_US-libritts_r-medium_spk127_neg1,,False
tts2_en_US-libritts_r-medium_spk127_pos1,,False
tts2_en_US-libritts_r-medium_spk131_neg0,,False
tts2_en_US-libritts_r-medium_spk131_neg1,,False
tts2_en_US-libritts_r-medium_spk131_pos0,,False
tts2_en_US-libritts_r-medium_spk131_pos1,,False
tts2_en_US-libritts_r-medium_spk134_neg0,,False
tts2_en_US-libritts_r-medium_spk134_neg1,,False
tts2_en_US-libritts_r-medium_spk134_pos0,,False
tts2_en_US-libritts_r-medium_spk134_pos1,,False
tts2_en_US-libritts_r-medium_spk136_neg0,,False
tts2_en_US-libritts_r-medium_spk136_neg1,,False
tts2_en_US-libritts_r-medium_spk136_pos0,,False
tts2_en_US-libritts_r-medium_spk136_pos1,,False
tts2_en_US-libritts_r-medium_spk139_neg0,,False
tts2_en_US-libritts_r-medium_spk139_neg1,,False
tts2_en_US-libritts_r-medium_spk139_pos0,,False
tts2_en_US-libritts_r-medium_spk139_pos1,,False
tts2_en_US-libritts_r-medium_spk146_neg0,,False
tts2_en_US-libritts_r-medium_spk146_neg1,,False
tts2_en_US-libritts_r-medium_spk146_pos0,,False
tts2_en_US-libritts_r-medium_spk14_neg0,,False
tts2_en_US-libritts_r-medium_spk14_neg1,,False
tts2_en_US-libritts_r-medium_spk14_pos0,,False
tts2_en_US-libritts_r-medium_spk14_pos1,,False
tts2_en_US-libritts_r-medium_spk150_neg0,,False
tts2_en_US-libritts_r-medium_spk150_neg1,,False
tts2_en_US-libritts_r-medium_spk150_pos0,,False
tts2_en_US-libritts_r-medium_spk150_pos1,,False
tts2_en_US-libritts_r-medium_spk154_neg0,,False
tts2_en_US-libritts_r-medium_spk154_neg1,,False
tts2_en_US-libritts_r-medium_spk154_pos0,,False
tts2_en_US-libritts_r-medium_spk154_pos1,,False
tts2_en_US-libritts_r-medium_spk159_neg0,,False
tts2_en_US-libritts_r-medium_spk159_neg1,,False
tts2_en_US-libritts_r-medium_spk159_pos0,,False
tts2_en_US-libritts_r-medium_spk159_pos1,,False
tts2_en_US-libritts_r-medium_spk165_neg0,,False
tts2_en_US-libritts_r-medium_spk165_neg1,,False
tts2_en_US-libritts_r-medium_spk165_pos0,,False
tts2_en_US-libritts_r-medium_spk175_neg0,,False
tts2_en_US-libritts_r-medium_spk175_neg1,,False
tts2_en_US-libritts_r-medium_spk175_pos0,,False
tts2_en_US-libritts_r-medium_spk175_pos1,,False
tts2_en_US-libritts_r-medium_spk17_neg0,,False
tts2_en_US-libritts_r-medium_spk17_neg1,,False
tts2_en_US-libritts_r-medium_spk17_pos0,,False
tts2_en_US-libritts_r-medium_spk17_pos1,,False
tts2_en_US-libritts_r-medium_spk180_neg0,,False
tts2_en_US-libritts_r-medium_spk180_neg1,,False
tts2_en_US-libritts_r-medium_spk180_pos0,,False
tts2_en_US-libritts_r-medium_spk181_neg0,,False
tts2_en_US-libritts_r-medium_spk181_neg1,,False
tts2_en_US-libritts_r-medium_spk181_pos0,,False
tts2_en_US-libritts_r-medium_spk181_pos1,,False
tts2_en_US-libritts_r-medium_spk184_neg0,,False
tts2_en_US-libritts_r-medium_spk184_neg1,,False
tts2_en_US-libritts_r-medium_spk184_pos1,,False
tts2_en_US-libritts_r-medium_spk191_neg0,,False
tts2_en_US-libritts_r-medium_spk191_neg1,,False
tts2_en_US-libritts_r-medium_spk191_pos0,,False
tts2_en_US-libritts_r-medium_spk192_neg0,,False
tts2_en_US-libritts_r-medium_spk192_neg1,,False
tts2_en_US-libritts_r-medium_spk192_pos0,,False
tts2_en_US-libritts_r-medium_spk193_neg0,,False
tts2_en_US-libritts_r-medium_spk193_neg1,,False
tts2_en_US-libritts_r-medium_spk193_pos0,,False
tts2_en_US-libritts_r-medium_spk193_pos1,,False
tts2_en_US-libritts_r-medium_spk194_neg0,,False
tts2_en_US-libritts_r-medium_spk194_neg1,,False
tts2_en_US-libritts_r-medium_spk194_pos0,,False
tts2_en_US-libritts_r-medium_spk194_pos1,,False
tts2_en_US-libritts_r-medium_spk195_neg0,,False
tts2_en_US-libritts_r-medium_spk195_neg1,,False
tts2_en_US-libritts_r-medium_spk195_pos0,,False
tts2_en_US-libritts_r-medium_spk195_pos1,,False
tts2_en_US-libritts_r-medium_spk199_neg0,,False
tts2_en_US-libritts_r-medium_spk199_neg1,,False
tts2_en_US-libritts_r-medium_spk199_pos0,,False
tts2_en_US-libritts_r-medium_spk199_pos1,,False
tts2_en_US-libritts_r-medium_spk1_neg0,,False
tts2_en_US-libritts_r-medium_spk1_neg1,,False
tts2_en_US-libritts_r-medium_spk1_pos0,,False
tts2_en_US-libritts_r-medium_spk1_pos1,,False
tts2_en_US-libritts_r-medium_spk201_neg0,,False
tts2_en_US-libritts_r-medium_spk201_neg1,,False
tts2_en_US-libritts_r-medium_spk201_pos0,,False
tts2_en_US-libritts_r-medium_spk201_pos1,,False
tts2_en_US-libritts_r-medium_spk202_neg0,,False
tts2_en_US-libritts_r-medium_spk202_neg1,,False
tts2_en_US-libritts_r-medium_spk202_pos0,,False
tts2_en_US-libritts_r-medium_spk202_pos1,,False
tts2_en_US-libritts_r-medium_spk205_neg0,,False
tts2_en_US-libritts_r-medium_spk205_neg1,,False
tts2_en_US-libritts_r-medium_spk205_pos0,,False
tts2_en_US-libritts_r-medium_spk205_pos1,,False
tts2_en_US-libritts_r-medium_spk20_neg0,,False
tts2_en_US-libritts_r-medium_spk20_neg1,,False
tts2_en_US-libritts_r-medium_spk20_pos0,,False
tts2_en_US-libritts_r-medium_spk20_pos1,,False
tts2_en_US-libritts_r-medium_spk211_neg0,,False
tts2_en_US-libritts_r-medium_spk211_neg1,,False
tts2_en_US-libritts_r-medium_spk211_pos1,,False
tts2_en_US-libritts_r-medium_spk212_neg0,,False
tts2_en_US-libritts_r-medium_spk212_neg1,,False
tts2_en_US-libritts_r-medium_spk212_pos0,,False
tts2_en_US-libritts_r-medium_spk212_pos1,,False
tts2_en_US-libritts_r-medium_spk220_neg0,,False
tts2_en_US-libritts_r-medium_spk220_neg1,,False
tts2_en_US-libritts_r-medium_spk220_pos0,,False
tts2_en_US-libritts_r-medium_spk220_pos1,,False
tts2_en_US-libritts_r-medium_spk221_neg0,,False
tts2_en_US-libritts_r-medium_spk221_neg1,,False
tts2_en_US-libritts_r-medium_spk221_pos0,,False
tts2_en_US-libritts_r-medium_spk221_pos1,,False
tts2_en_US-libritts_r-medium_spk223_neg0,,False
tts2_en_US-libritts_r-medium_spk223_neg1,,False
tts2_en_US-libritts_r-medium_spk223_pos0,,False
tts2_en_US-libritts_r-medium_spk223_pos1,,False
tts2_en_US-libritts_r-medium_spk225_neg0,,False
tts2_en_US-libritts_r-medium_spk225_neg1,,False
tts2_en_US-libritts_r-medium_spk225_pos0,,False
tts2_en_US-libritts_r-medium_spk225_pos1,,False
tts2_en_US-libritts_r-medium_spk226_neg0,,False
tts2_en_US-libritts_r-medium_spk226_neg1,,False
tts2_en_US-libritts_r-medium_spk226_pos0,,False
tts2_en_US-libritts_r-medium_spk226_pos1,,False
tts2_en_US-libritts_r-medium_spk229_neg0,,False
tts2_en_US-libritts_r-medium_spk229_neg1,,False
tts2_en_US-libritts_r-medium_spk229_pos0,,False
tts2_en_US-libritts_r-medium_spk229_pos1,,False
tts2_en_US-libritts_r-medium_spk233_neg0,,False
tts2_en_US-libritts_r-medium_spk233_neg1,,False
tts2_en_US-libritts_r-medium_spk233_pos1,,False
tts2_en_US-libritts_r-medium_spk235_neg0,,False
tts2_en_US-libritts_r-medium_spk235_neg1,,False
tts2_en_US-libritts_r-medium_spk235_pos0,,False
tts2_en_US-libritts_r-medium_spk235_pos1,,False
tts2_en_US-libritts_r-medium_spk236_neg0,,False
tts2_en_US-libritts_r-medium_spk236_neg1,,False
tts2_en_US-libritts_r-medium_spk236_pos1,,False
tts2_en_US-libritts_r-medium_spk23_neg0,,False
tts2_en_US-libritts_r-medium_spk23_neg1,,False
tts2_en_US-libritts_r-medium_spk240_neg0,,False
tts2_en_US-libritts_r-medium_spk240_neg1,,False
tts2_en_US-libritts_r-medium_spk240_pos0,,False
tts2_en_US-libritts_r-medium_spk240_pos1,,False
tts2_en_US-libritts_r-medium_spk242_neg0,,False
tts2_en_US-libritts_r-medium_spk242_neg1,,False
tts2_en_US-libritts_r-medium_spk242_pos1,,False
tts2_en_US-libritts_r-medium_spk244_neg0,,False
tts2_en_US-libritts_r-medium_spk244_neg1,,False
tts2_en_US-libritts_r-medium_spk244_pos0,,False
tts2_en_US-libritts_r-medium_spk248_neg0,,False
tts2_en_US-libritts_r-medium_spk248_neg1,,False
tts2_en_US-libritts_r-medium_spk248_pos0,,False
tts2_en_US-libritts_r-medium_spk248_pos1,,False
tts2_en_US-libritts_r-medium_spk250_neg0,,False
tts2_en_US-libritts_r-medium_spk250_neg1,,False
tts2_en_US-libritts_r-medium_spk250_pos0,,False
tts2_en_US-libritts_r-medium_spk250_pos1,,False
tts2_en_US-libritts_r-medium_spk253_neg0,,False
tts2_en_US-libritts_r-medium_spk253_neg1,,False
tts2_en_US-libritts_r-medium_spk253_pos0,,False
tts2_en_US-libritts_r-medium_spk253_pos1,,False
tts2_en_US-libritts_r-medium_spk261_neg0,,False
tts2_en_US-libritts_r-medium_spk261_neg1,,False
tts2_en_US-libritts_r-medium_spk261_pos0,,False
tts2_en_US-libritts_r-medium_spk261_pos1,,False
tts2_en_US-libritts_r-medium_spk266_neg0,,False
tts2_en_US-libritts_r-medium_spk266_neg1,,False
tts2_en_US-libritts_r-medium_spk266_pos1,,False
tts2_en_US-libritts_r-medium_spk267_neg0,,False
tts2_en_US-libritts_r-medium_spk267_neg1,,False
tts2_en_US-libritts_r-medium_spk267_pos0,,False
tts2_en_US-libritts_r-medium_spk267_pos1,,False
tts2_en_US-libritts_r-medium_spk273_neg0,,False
tts2_en_US-libritts_r-medium_spk273_neg1,,False
tts2_en_US-libritts_r-medium_spk273_pos1,,False
tts2_en_US-libritts_r-medium_spk279_neg0,,False
tts2_en_US-libritts_r-medium_spk279_neg1,,False
tts2_en_US-libritts_r-medium_spk279_pos0,,False
tts2_en_US-libritts_r-medium_spk279_pos1,,False
tts2_en_US-libritts_r-medium_spk285_neg0,,False
tts2_en_US-libritts_r-medium_spk285_neg1,,False
tts2_en_US-libritts_r-medium_spk285_pos0,,False
tts2_en_US-libritts_r-medium_spk286_neg0,,False
tts2_en_US-libritts_r-medium_spk286_neg1,,False
tts2_en_US-libritts_r-medium_spk286_pos0,,False
tts2_en_US-libritts_r-medium_spk28_neg0,,False
tts2_en_US-libritts_r-medium_spk28_neg1,,False
tts2_en_US-libritts_r-medium_spk28_pos0,,False
tts2_en_US-libritts_r-medium_spk28_pos1,,False
tts2_en_US-libritts_r-medium_spk290_neg0,,False
tts2_en_US-libritts_r-medium_spk290_neg1,,False
tts2_en_US-libritts_r-medium_spk290_pos0,,False
tts2_en_US-libritts_r-medium_spk290_pos1,,False
tts2_en_US-libritts_r-medium_spk293_neg0,,False
tts2_en_US-libritts_r-medium_spk293_neg1,,False
tts2_en_US-libritts_r-medium_spk293_pos0,,False
tts2_en_US-libritts_r-medium_spk293_pos1,,False
tts2_en_US-libritts_r-medium_spk29_neg0,,False
tts2_en_US-libritts_r-medium_spk29_neg1,,False
tts2_en_US-libritts_r-medium_spk29_pos0,,False
tts2_en_US-libritts_r-medium_spk29_pos1,,False
tts2_en_US-libritts_r-medium_spk302_neg0,,False
tts2_en_US-libritts_r-medium_spk302_neg1,,False
tts2_en_US-libritts_r-medium_spk302_pos0,,False
tts2_en_US-libritts_r-medium_spk302_pos1,,False
tts2_en_US-libritts_r-medium_spk30_neg0,,False
tts2_en_US-libritts_r-medium_spk30_neg1,,False
tts2_en_US-libritts_r-medium_spk30_pos0,,False
tts2_en_US-libritts_r-medium_spk30_pos1,,False
tts2_en_US-libritts_r-medium_spk314_neg0,,False
tts2_en_US-libritts_r-medium_spk314_neg1,,False
tts2_en_US-libritts_r-medium_spk314_pos0,,False
tts2_en_US-libritts_r-medium_spk314_pos1,,False
tts2_en_US-libritts_r-medium_spk319_neg0,,False
tts2_en_US-libritts_r-medium_spk319_neg1,,False
tts2_en_US-libritts_r-medium_spk319_pos0,,False
tts2_en_US-libritts_r-medium_spk321_neg0,,False
tts2_en_US-libritts_r-medium_spk321_neg1,,False
tts2_en_US-libritts_r-medium_spk321_pos0,,False
tts2_en_US-libritts_r-medium_spk321_pos1,,False
tts2_en_US-libritts_r-medium_spk322_neg0,,False
tts2_en_US-libritts_r-medium_spk322_neg1,,False
tts2_en_US-libritts_r-medium_spk322_pos0,,False
tts2_en_US-libritts_r-medium_spk323_neg0,,False
tts2_en_US-libritts_r-medium_spk323_neg1,,False
tts2_en_US-libritts_r-medium_spk323_pos0,,False
tts2_en_US-libritts_r-medium_spk323_pos1,,False
tts2_en_US-libritts_r-medium_spk324_neg0,,False
tts2_en_US-libritts_r-medium_spk324_neg1,,False
tts2_en_US-libritts_r-medium_spk324_pos0,,False
tts2_en_US-libritts_r-medium_spk324_pos1,,False
tts2_en_US-libritts_r-medium_spk334_neg0,,False
tts2_en_US-libritts_r-medium_spk334_neg1,,False
tts2_en_US-libritts_r-medium_spk334_pos0,,False
tts2_en_US-libritts_r-medium_spk334_pos1,,False
tts2_en_US-libritts_r-medium_spk336_neg0,,False
tts2_en_US-libritts_r-medium_spk336_neg1,,False
tts2_en_US-libritts_r-medium_spk336_pos0,,False
tts2_en_US-libritts_r-medium_spk336_pos1,,False
tts2_en_US-libritts_r-medium_spk337_neg0,,False
tts2_en_US-libritts_r-medium_spk337_neg1,,False
tts2_en_US-libritts_r-medium_spk337_pos1,,False
tts2_en_US-libritts_r-medium_spk344_neg0,,False
tts2_en_US-libritts_r-medium_spk344_neg1,,False
tts2_en_US-libritts_r-medium_spk344_pos0,,False
tts2_en_US-libritts_r-medium_spk344_pos1,,False
tts2_en_US-libritts_r-medium_spk348_neg0,,False
tts2_en_US-libritts_r-medium_spk348_neg1,,False
tts2_en_US-libritts_r-medium_spk348_pos0,,False
tts2_en_US-libritts_r-medium_spk348_pos1,,False
tts2_en_US-libritts_r-medium_spk34_neg0,,False
tts2_en_US-libritts_r-medium_spk34_neg1,,False
tts2_en_US-libritts_r-medium_spk34_pos0,,False
tts2_en_US-libritts_r-medium_spk34_pos1,,False
tts2_en_US-libritts_r-medium_spk354_neg0,,False
tts2_en_US-libritts_r-medium_spk354_neg1,,False
tts2_en_US-libritts_r-medium_spk354_pos0,,False
tts2_en_US-libritts_r-medium_spk354_pos1,,False
tts2_en_US-libritts_r-medium_spk355_neg0,,False
tts2_en_US-libritts_r-medium_spk355_neg1,,False
tts2_en_US-libritts_r-medium_spk355_pos0,,False
tts2_en_US-libritts_r-medium_spk355_pos1,,False
tts2_en_US-libritts_r-medium_spk357_neg0,,False
tts2_en_US-libritts_r-medium_spk357_neg1,,False
tts2_en_US-libritts_r-medium_spk357_pos0,,False
tts2_en_US-libritts_r-medium_spk357_pos1,,False
tts2_en_US-libritts_r-medium_spk361_neg0,,False
tts2_en_US-libritts_r-medium_spk361_neg1,,False
tts2_en_US-libritts_r-medium_spk361_pos1,,False
tts2_en_US-libritts_r-medium_spk364_neg0,,False
tts2_en_US-libritts_r-medium_spk364_neg1,,False
tts2_en_US-libritts_r-medium_spk364_pos0,,False
tts2_en_US-libritts_r-medium_spk373_neg0,,False
tts2_en_US-libritts_r-medium_spk373_neg1,,False
tts2_en_US-libritts_r-medium_spk373_pos0,,False
tts2_en_US-libritts_r-medium_spk373_pos1,,False
tts2_en_US-libritts_r-medium_spk375_neg0,,False
tts2_en_US-libritts_r-medium_spk375_neg1,,False
tts2_en_US-libritts_r-medium_spk375_pos0,,False
tts2_en_US-libritts_r-medium_spk375_pos1,,False
tts2_en_US-libritts_r-medium_spk377_neg0,,False
tts2_en_US-libritts_r-medium_spk377_neg1,,False
tts2_en_US-libritts_r-medium_spk377_pos1,,False
tts2_en_US-libritts_r-medium_spk390_neg0,,False
tts2_en_US-libritts_r-medium_spk390_neg1,,False
tts2_en_US-libritts_r-medium_spk390_pos0,,False
tts2_en_US-libritts_r-medium_spk390_pos1,,False
tts2_en_US-libritts_r-medium_spk391_neg0,,False
tts2_en_US-libritts_r-medium_spk391_neg1,,False
tts2_en_US-libritts_r-medium_spk391_pos0,,False
tts2_en_US-libritts_r-medium_spk391_pos1,,False
tts2_en_US-libritts_r-medium_spk401_neg0,,False
tts2_en_US-libritts_r-medium_spk401_neg1,,False
tts2_en_US-libritts_r-medium_spk401_pos0,,False
tts2_en_US-libritts_r-medium_spk401_pos1,,False
tts2_en_US-libritts_r-medium_spk405_neg0,,False
tts2_en_US-libritts_r-medium_spk405_neg1,,False
tts2_en_US-libritts_r-medium_spk405_pos0,,False
tts2_en_US-libritts_r-medium_spk405_pos1,,False
tts2_en_US-libritts_r-medium_spk406_neg0,,False
tts2_en_US-libritts_r-medium_spk406_neg1,,False
tts2_en_US-libritts_r-medium_spk406_pos0,,False
tts2_en_US-libritts_r-medium_spk406_pos1,,False
tts2_en_US-libritts_r-medium_spk409_neg0,,False
tts2_en_US-libritts_r-medium_spk409_neg1,,False
tts2_en_US-libritts_r-medium_spk409_pos0,,False
tts2_en_US-libritts_r-medium_spk409_pos1,,False
tts2_en_US-libritts_r-medium_spk413_neg0,,False
tts2_en_US-libritts_r-medium_spk413_neg1,,False
tts2_en_US-libritts_r-medium_spk413_pos0,,False
tts2_en_US-libritts_r-medium_spk413_pos1,,False
tts2_en_US-libritts_r-medium_spk416_neg0,,False
tts2_en_US-libritts_r-medium_spk416_neg1,,False
tts2_en_US-libritts_r-medium_spk416_pos0,,False
tts2_en_US-libritts_r-medium_spk416_pos1,,False
tts2_en_US-libritts_r-medium_spk421_neg0,,False
tts2_en_US-libritts_r-medium_spk421_neg1,,False
tts2_en_US-libritts_r-medium_spk421_pos0,,False
tts2_en_US-libritts_r-medium_spk428_neg0,,False
tts2_en_US-libritts_r-medium_spk428_neg1,,False
tts2_en_US-libritts_r-medium_spk428_pos0,,False
tts2_en_US-libritts_r-medium_spk428_pos1,,False
tts2_en_US-libritts_r-medium_spk443_neg0,,False
tts2_en_US-libritts_r-medium_spk443_neg1,,False
tts2_en_US-libritts_r-medium_spk443_pos0,,False
tts2_en_US-libritts_r-medium_spk443_pos1,,False
tts2_en_US-libritts_r-medium_spk444_neg0,,False
tts2_en_US-libritts_r-medium_spk444_neg1,,False
tts2_en_US-libritts_r-medium_spk444_pos1,,False
tts2_en_US-libritts_r-medium_spk448_neg0,,False
tts2_en_US-libritts_r-medium_spk448_neg1,,False
tts2_en_US-libritts_r-medium_spk448_pos0,,False
tts2_en_US-libritts_r-medium_spk448_pos1,,False
tts2_en_US-libritts_r-medium_spk459_neg0,,False
tts2_en_US-libritts_r-medium_spk459_neg1,,False
tts2_en_US-libritts_r-medium_spk459_pos0,,False
tts2_en_US-libritts_r-medium_spk459_pos1,,False
tts2_en_US-libritts_r-medium_spk460_neg0,,False
tts2_en_US-libritts_r-medium_spk460_neg1,,False
tts2_en_US-libritts_r-medium_spk460_pos0,,False
tts2_en_US-libritts_r-medium_spk460_pos1,,False
tts2_en_US-libritts_r-medium_spk462_neg0,,False
tts2_en_US-libritts_r-medium_spk462_neg1,,False
tts2_en_US-libritts_r-medium_spk462_pos0,,False
tts2_en_US-libritts_r-medium_spk462_pos1,,False
tts2_en_US-libritts_r-medium_spk476_neg0,,False
tts2_en_US-libritts_r-medium_spk476_neg1,,False
tts2_en_US-libritts_r-medium_spk476_pos0,,False
tts2_en_US-libritts_r-medium_spk476_pos1,,False
tts2_en_US-libritts_r-medium_spk481_neg0,,False
tts2_en_US-libritts_r-medium_spk481_neg1,,False
tts2_en_US-libritts_r-medium_spk481_pos0,,False
tts2_en_US-libritts_r-medium_spk481_pos1,,False
tts2_en_US-libritts_r-medium_spk484_neg0,,False
tts2_en_US-libritts_r-medium_spk484_neg1,,False
tts2_en_US-libritts_r-medium_spk484_pos0,,False
tts2_en_US-libritts_r-medium_spk484_pos1,,False
tts2_en_US-libritts_r-medium_spk487_neg0,,False
tts2_en_US-libritts_r-medium_spk487_neg1,,False
tts2_en_US-libritts_r-medium_spk48_neg0,,False
tts2_en_US-libritts_r-medium_spk48_neg1,,False
tts2_en_US-libritts_r-medium_spk48_pos0,,False
tts2_en_US-libritts_r-medium_spk48_pos1,,False
tts2_en_US-libritts_r-medium_spk490_neg0,,False
tts2_en_US-libritts_r-medium_spk490_neg1,,False
tts2_en_US-libritts_r-medium_spk490_pos0,,False
tts2_en_US-libritts_r-medium_spk490_pos1,,False
tts2_en_US-libritts_r-medium_spk492_neg0,,False
tts2_en_US-libritts_r-medium_spk492_neg1,,False
tts2_en_US-libritts_r-medium_spk492_pos0,,False
tts2_en_US-libritts_r-medium_spk492_pos1,,False
tts2_en_US-libritts_r-medium_spk49_neg0,,False
tts2_en_US-libritts_r-medium_spk49_neg1,,False
tts2_en_US-libritts_r-medium_spk49_pos0,,False
tts2_en_US-libritts_r-medium_spk49_pos1,,False
tts2_en_US-libritts_r-medium_spk501_neg0,,False
tts2_en_US-libritts_r-medium_spk501_neg1,,False
tts2_en_US-libritts_r-medium_spk501_pos0,,False
tts2_en_US-libritts_r-medium_spk501_pos1,,False
tts2_en_US-libritts_r-medium_spk506_neg0,,False
tts2_en_US-libritts_r-medium_spk506_neg1,,False
tts2_en_US-libritts_r-medium_spk506_pos1,,False
tts2_en_US-libritts_r-medium_spk508_neg0,,False
tts2_en_US-libritts_r-medium_spk508_neg1,,False
tts2_en_US-libritts_r-medium_spk508_pos0,,False
tts2_en_US-libritts_r-medium_spk508_pos1,,False
tts2_en_US-libritts_r-medium_spk510_neg0,,False
tts2_en_US-libritts_r-medium_spk510_neg1,,False
tts2_en_US-libritts_r-medium_spk510_pos0,,False
tts2_en_US-libritts_r-medium_spk510_pos1,,False
tts2_en_US-libritts_r-medium_spk514_neg0,,False
tts2_en_US-libritts_r-medium_spk514_neg1,,False
tts2_en_US-libritts_r-medium_spk514_pos0,,False
tts2_en_US-libritts_r-medium_spk514_pos1,,False
tts2_en_US-libritts_r-medium_spk516_neg0,,False
tts2_en_US-libritts_r-medium_spk516_neg1,,False
tts2_en_US-libritts_r-medium_spk516_pos0,,False
tts2_en_US-libritts_r-medium_spk51_neg0,,False
tts2_en_US-libritts_r-medium_spk51_neg1,,False
tts2_en_US-libritts_r-medium_spk51_pos0,,False
tts2_en_US-libritts_r-medium_spk51_pos1,,False
tts2_en_US-libritts_r-medium_spk525_neg0,,False
tts2_en_US-libritts_r-medium_spk525_neg1,,False
tts2_en_US-libritts_r-medium_spk525_pos0,,False
tts2_en_US-libritts_r-medium_spk525_pos1,,False
tts2_en_US-libritts_r-medium_spk52_neg0,,False
tts2_en_US-libritts_r-medium_spk52_neg1,,False
tts2_en_US-libritts_r-medium_spk52_pos0,,False
tts2_en_US-libritts_r-medium_spk52_pos1,,False
tts2_en_US-libritts_r-medium_spk530_neg0,,False
tts2_en_US-libritts_r-medium_spk530_neg1,,False
tts2_en_US-libritts_r-medium_spk530_pos0,,False
tts2_en_US-libritts_r-medium_spk530_pos1,,False
tts2_en_US-libritts_r-medium_spk539_neg0,,False
tts2_en_US-libritts_r-medium_spk539_neg1,,False
tts2_en_US-libritts_r-medium_spk540_neg0,,False
tts2_en_US-libritts_r-medium_spk540_neg1,,False
tts2_en_US-libritts_r-medium_spk540_pos0,,False
tts2_en_US-libritts_r-medium_spk540_pos1,,False
tts2_en_US-libritts_r-medium_spk541_neg0,,False
tts2_en_US-libritts_r-medium_spk541_neg1,,False
tts2_en_US-libritts_r-medium_spk541_pos1,,False
tts2_en_US-libritts_r-medium_spk546_neg0,,False
tts2_en_US-libritts_r-medium_spk546_neg1,,False
tts2_en_US-libritts_r-medium_spk546_pos0,,False
tts2_en_US-libritts_r-medium_spk546_pos1,,False
tts2_en_US-libritts_r-medium_spk548_neg0,,False
tts2_en_US-libritts_r-medium_spk548_neg1,,False
tts2_en_US-libritts_r-medium_spk548_pos0,,False
tts2_en_US-libritts_r-medium_spk548_pos1,,False
tts2_en_US-libritts_r-medium_spk552_neg0,,False
tts2_en_US-libritts_r-medium_spk552_neg1,,False
tts2_en_US-libritts_r-medium_spk552_pos1,,False
tts2_en_US-libritts_r-medium_spk554_neg0,,False
tts2_en_US-libritts_r-medium_spk554_neg1,,False
tts2_en_US-libritts_r-medium_spk554_pos0,,False
tts2_en_US-libritts_r-medium_spk554_pos1,,False
tts2_en_US-libritts_r-medium_spk556_neg0,,False
tts2_en_US-libritts_r-medium_spk556_neg1,,False
tts2_en_US-libritts_r-medium_spk556_pos0,,False
tts2_en_US-libritts_r-medium_spk556_pos1,,False
tts2_en_US-libritts_r-medium_spk557_neg0,,False
tts2_en_US-libritts_r-medium_spk557_neg1,,False
tts2_en_US-libritts_r-medium_spk557_pos0,,False
tts2_en_US-libritts_r-medium_spk557_pos1,,False
tts2_en_US-libritts_r-medium_spk558_neg0,,False
tts2_en_US-libritts_r-medium_spk558_neg1,,False
tts2_en_US-libritts_r-medium_spk558_pos0,,False
tts2_en_US-libritts_r-medium_spk559_neg0,,False
tts2_en_US-libritts_r-medium_spk559_neg1,,False
tts2_en_US-libritts_r-medium_spk559_pos0,,False
tts2_en_US-libritts_r-medium_spk559_pos1,,False
tts2_en_US-libritts_r-medium_spk55_neg0,,False
tts2_en_US-libritts_r-medium_spk55_neg1,,False
tts2_en_US-libritts_r-medium_spk55_pos0,,False
tts2_en_US-libritts_r-medium_spk55_pos1,,False
tts2_en_US-libritts_r-medium_spk565_neg0,,False
tts2_en_US-libritts_r-medium_spk565_neg1,,False
tts2_en_US-libritts_r-medium_spk565_pos0,,False
tts2_en_US-libritts_r-medium_spk565_pos1,,False
tts2_en_US-libritts_r-medium_spk572_neg0,,False
tts2_en_US-libritts_r-medium_spk572_neg1,,False
tts2_en_US-libritts_r-medium_spk572_pos0,,False
tts2_en_US-libritts_r-medium_spk572_pos1,,False
tts2_en_US-libritts_r-medium_spk573_neg0,,False
tts2_en_US-libritts_r-medium_spk573_neg1,,False
tts2_en_US-libritts_r-medium_spk578_neg0,,False
tts2_en_US-libritts_r-medium_spk578_neg1,,False
tts2_en_US-libritts_r-medium_spk578_pos0,,False
tts2_en_US-libritts_r-medium_spk578_pos1,,False
tts2_en_US-libritts_r-medium_spk57_neg0,,False
tts2_en_US-libritts_r-medium_spk57_neg1,,False
tts2_en_US-libritts_r-medium_spk57_pos1,,False
tts2_en_US-libritts_r-medium_spk581_neg0,,False
tts2_en_US-libritts_r-medium_spk581_neg1,,False
tts2_en_US-libritts_r-medium_spk581_pos0,,False
tts2_en_US-libritts_r-medium_spk581_pos1,,False
tts2_en_US-libritts_r-medium_spk598_neg0,,False
tts2_en_US-libritts_r-medium_spk598_neg1,,False
tts2_en_US-libritts_r-medium_spk598_pos0,,False
tts2_en_US-libritts_r-medium_spk598_pos1,,False
tts2_en_US-libritts_r-medium_spk599_neg0,,False
tts2_en_US-libritts_r-medium_spk599_neg1,,False
tts2_en_US-libritts_r-medium_spk599_pos1,,False
tts2_en_US-libritts_r-medium_spk5_neg0,,False
tts2_en_US-libritts_r-medium_spk5_neg1,,False
tts2_en_US-libritts_r-medium_spk5_pos0,,False
tts2_en_US-libritts_r-medium_spk5_pos1,,False
tts2_en_US-libritts_r-medium_spk601_neg0,,False
tts2_en_US-libritts_r-medium_spk601_neg1,,False
tts2_en_US-libritts_r-medium_spk601_pos0,,False
tts2_en_US-libritts_r-medium_spk601_pos1,,False
tts2_en_US-libritts_r-medium_spk605_neg0,,False
tts2_en_US-libritts_r-medium_spk605_neg1,,False
tts2_en_US-libritts_r-medium_spk605_pos0,,False
tts2_en_US-libritts_r-medium_spk605_pos1,,False
tts2_en_US-libritts_r-medium_spk606_neg0,,False
tts2_en_US-libritts_r-medium_spk606_neg1,,False
tts2_en_US-libritts_r-medium_spk606_pos0,,False
tts2_en_US-libritts_r-medium_spk606_pos1,,False
tts2_en_US-libritts_r-medium_spk607_neg0,,False
tts2_en_US-libritts_r-medium_spk607_neg1,,False
tts2_en_US-libritts_r-medium_spk607_pos0,,False
tts2_en_US-libritts_r-medium_spk607_pos1,,False
tts2_en_US-libritts_r-medium_spk612_neg0,,False
tts2_en_US-libritts_r-medium_spk612_neg1,,False
tts2_en_US-libritts_r-medium_spk612_pos0,,False
tts2_en_US-libritts_r-medium_spk612_pos1,,False
tts2_en_US-libritts_r-medium_spk619_neg0,,False
tts2_en_US-libritts_r-medium_spk619_neg1,,False
tts2_en_US-libritts_r-medium_spk619_pos0,,False
tts2_en_US-libritts_r-medium_spk619_pos1,,False
tts2_en_US-libritts_r-medium_spk624_neg0,,False
tts2_en_US-libritts_r-medium_spk624_neg1,,False
tts2_en_US-libritts_r-medium_spk624_pos0,,False
tts2_en_US-libritts_r-medium_spk624_pos1,,False
tts2_en_US-libritts_r-medium_spk62_neg0,,False
tts2_en_US-libritts_r-medium_spk62_neg1,,False
tts2_en_US-libritts_r-medium_spk62_pos0,,False
tts2_en_US-libritts_r-medium_spk636_neg0,,False
tts2_en_US-libritts_r-medium_spk636_neg1,,False
tts2_en_US-libritts_r-medium_spk636_pos0,,False
tts2_en_US-libritts_r-medium_spk636_pos1,,False
tts2_en_US-libritts_r-medium_spk639_neg0,,False
tts2_en_US-libritts_r-medium_spk639_neg1,,False
tts2_en_US-libritts_r-medium_spk639_pos0,,False
tts2_en_US-libritts_r-medium_spk63_neg0,,False
tts2_en_US-libritts_r-medium_spk63_neg1,,False
tts2_en_US-libritts_r-medium_spk63_pos0,,False
tts2_en_US-libritts_r-medium_spk63_pos1,,False
tts2_en_US-libritts_r-medium_spk642_neg0,,False
tts2_en_US-libritts_r-medium_spk642_neg1,,False
tts2_en_US-libritts_r-medium_spk642_pos0,,False
tts2_en_US-libritts_r-medium_spk642_pos1,,False
tts2_en_US-libritts_r-medium_spk648_neg0,,False
tts2_en_US-libritts_r-medium_spk648_neg1,,False
tts2_en_US-libritts_r-medium_spk648_pos0,,False
tts2_en_US-libritts_r-medium_spk64_neg0,,False
tts2_en_US-libritts_r-medium_spk64_neg1,,False
tts2_en_US-libritts_r-medium_spk64_pos1,,False
tts2_en_US-libritts_r-medium_spk656_neg0,,False
tts2_en_US-libritts_r-medium_spk656_neg1,,False
tts2_en_US-libritts_r-medium_spk656_pos0,,False
tts2_en_US-libritts_r-medium_spk656_pos1,,False
tts2_en_US-libritts_r-medium_spk658_neg1,,False
tts2_en_US-libritts_r-medium_spk658_pos0,,False
tts2_en_US-libritts_r-medium_spk658_pos1,,False
tts2_en_US-libritts_r-medium_spk666_neg0,,False
tts2_en_US-libritts_r-medium_spk666_neg1,,False
tts2_en_US-libritts_r-medium_spk666_pos0,,False
tts2_en_US-libritts_r-medium_spk666_pos1,,False
tts2_en_US-libritts_r-medium_spk672_neg0,,False
tts2_en_US-libritts_r-medium_spk672_neg1,,False
tts2_en_US-libritts_r-medium_spk672_pos0,,False
tts2_en_US-libritts_r-medium_spk672_pos1,,False
tts2_en_US-libritts_r-medium_spk675_neg0,,False
tts2_en_US-libritts_r-medium_spk675_neg1,,False
tts2_en_US-libritts_r-medium_spk675_pos0,,False
tts2_en_US-libritts_r-medium_spk675_pos1,,False
tts2_en_US-libritts_r-medium_spk677_neg0,,False
tts2_en_US-libritts_r-medium_spk677_neg1,,False
tts2_en_US-libritts_r-medium_spk677_pos0,,False
tts2_en_US-libritts_r-medium_spk677_pos1,,False
tts2_en_US-libritts_r-medium_spk678_neg0,,False
tts2_en_US-libritts_r-medium_spk678_neg1,,False
tts2_en_US-libritts_r-medium_spk678_pos0,,False
tts2_en_US-libritts_r-medium_spk678_pos1,,False
tts2_en_US-libritts_r-medium_spk681_neg0,,False
tts2_en_US-libritts_r-medium_spk681_neg1,,False
tts2_en_US-libritts_r-medium_spk681_pos0,,False
tts2_en_US-libritts_r-medium_spk681_pos1,,False
tts2_en_US-libritts_r-medium_spk685_neg0,,False
tts2_en_US-libritts_r-medium_spk685_neg1,,False
tts2_en_US-libritts_r-medium_spk685_pos0,,False
tts2_en_US-libritts_r-medium_spk685_pos1,,False
tts2_en_US-libritts_r-medium_spk686_neg0,,False
tts2_en_US-libritts_r-medium_spk686_neg1,,False
tts2_en_US-libritts_r-medium_spk686_pos0,,False
tts2_en_US-libritts_r-medium_spk686_pos1,,False
tts2_en_US-libritts_r-medium_spk694_neg0,,False
tts2_en_US-libritts_r-medium_spk694_neg1,,False
tts2_en_US-libritts_r-medium_spk694_pos0,,False
tts2_en_US-libritts_r-medium_spk69_neg0,,False
tts2_en_US-libritts_r-medium_spk69_neg1,,False
tts2_en_US-libritts_r-medium_spk69_pos1,,False
tts2_en_US-libritts_r-medium_spk704_neg0,,False
tts2_en_US-libritts_r-medium_spk704_neg1,,False
tts2_en_US-libritts_r-medium_spk704_pos1,,False
tts2_en_US-libritts_r-medium_spk707_neg0,,False
tts2_en_US-libritts_r-medium_spk707_neg1,,False
tts2_en_US-libritts_r-medium_spk707_pos0,,False
tts2_en_US-libritts_r-medium_spk707_pos1,,False
tts2_en_US-libritts_r-medium_spk708_neg0,,False
tts2_en_US-libritts_r-medium_spk708_neg1,,False
tts2_en_US-libritts_r-medium_spk708_pos0,,False
tts2_en_US-libritts_r-medium_spk708_pos1,,False
tts2_en_US-libritts_r-medium_spk716_neg0,,False
tts2_en_US-libritts_r-medium_spk716_neg1,,False
tts2_en_US-libritts_r-medium_spk716_pos0,,False
tts2_en_US-libritts_r-medium_spk719_neg0,,False
tts2_en_US-libritts_r-medium_spk719_neg1,,False
tts2_en_US-libritts_r-medium_spk719_pos0,,False
tts2_en_US-libritts_r-medium_spk720_neg0,,False
tts2_en_US-libritts_r-medium_spk720_neg1,,False
tts2_en_US-libritts_r-medium_spk720_pos0,,False
tts2_en_US-libritts_r-medium_spk720_pos1,,False
tts2_en_US-libritts_r-medium_spk723_neg0,,False
tts2_en_US-libritts_r-medium_spk723_neg1,,False
tts2_en_US-libritts_r-medium_spk723_pos0,,False
tts2_en_US-libritts_r-medium_spk723_pos1,,False
tts2_en_US-libritts_r-medium_spk724_neg0,,False
tts2_en_US-libritts_r-medium_spk724_neg1,,False
tts2_en_US-libritts_r-medium_spk724_pos0,,False
tts2_en_US-libritts_r-medium_spk724_pos1,,False
tts2_en_US-libritts_r-medium_spk726_neg0,,False
tts2_en_US-libritts_r-medium_spk726_neg1,,False
tts2_en_US-libritts_r-medium_spk726_pos0,,False
tts2_en_US-libritts_r-medium_spk726_pos1,,False
tts2_en_US-libritts_r-medium_spk727_neg0,,False
tts2_en_US-libritts_r-medium_spk727_neg1,,False
tts2_en_US-libritts_r-medium_spk727_pos0,,False
tts2_en_US-libritts_r-medium_spk727_pos1,,False
tts2_en_US-libritts_r-medium_spk729_neg0,,False
tts2_en_US-libritts_r-medium_spk729_neg1,,False
tts2_en_US-libritts_r-medium_spk729_pos0,,False
tts2_en_US-libritts_r-medium_spk729_pos1,,False
tts2_en_US-libritts_r-medium_spk72_neg0,,False
tts2_en_US-libritts_r-medium_spk72_neg1,,False
tts2_en_US-libritts_r-medium_spk72_pos0,,False
tts2_en_US-libritts_r-medium_spk72_pos1,,False
tts2_en_US-libritts_r-medium_spk731_neg0,,False
tts2_en_US-libritts_r-medium_spk731_neg1,,False
tts2_en_US-libritts_r-medium_spk731_pos0,,False
tts2_en_US-libritts_r-medium_spk731_pos1,,False
tts2_en_US-libritts_r-medium_spk744_neg0,,False
tts2_en_US-libritts_r-medium_spk744_neg1,,False
tts2_en_US-libritts_r-medium_spk744_pos0,,False
tts2_en_US-libritts_r-medium_spk744_pos1,,False
tts2_en_US-libritts_r-medium_spk756_neg0,,False
tts2_en_US-libritts_r-medium_spk756_neg1,,False
tts2_en_US-libritts_r-medium_spk756_pos0,,False
tts2_en_US-libritts_r-medium_spk756_pos1,,False
tts2_en_US-libritts_r-medium_spk75_neg0,,False
tts2_en_US-libritts_r-medium_spk75_neg1,,False
tts2_en_US-libritts_r-medium_spk75_pos0,,False
tts2_en_US-libritts_r-medium_spk75_pos1,,False
tts2_en_US-libritts_r-medium_spk761_neg0,,False
tts2_en_US-libritts_r-medium_spk761_neg1,,False
tts2_en_US-libritts_r-medium_spk761_pos1,,False
tts2_en_US-libritts_r-medium_spk764_neg0,,False
tts2_en_US-libritts_r-medium_spk764_neg1,,False
tts2_en_US-libritts_r-medium_spk764_pos0,,False
tts2_en_US-libritts_r-medium_spk771_neg0,,False
tts2_en_US-libritts_r-medium_spk771_neg1,,False
tts2_en_US-libritts_r-medium_spk771_pos1,,False
tts2_en_US-libritts_r-medium_spk790_neg0,,False
tts2_en_US-libritts_r-medium_spk790_neg1,,False
tts2_en_US-libritts_r-medium_spk790_pos0,,False
tts2_en_US-libritts_r-medium_spk790_pos1,,False
tts2_en_US-libritts_r-medium_spk791_neg0,,False
tts2_en_US-libritts_r-medium_spk791_neg1,,False
tts2_en_US-libritts_r-medium_spk791_pos0,,False
tts2_en_US-libritts_r-medium_spk794_neg0,,False
tts2_en_US-libritts_r-medium_spk794_neg1,,False
tts2_en_US-libritts_r-medium_spk794_pos1,,False
tts2_en_US-libritts_r-medium_spk796_neg0,,False
tts2_en_US-libritts_r-medium_spk796_neg1,,False
tts2_en_US-libritts_r-medium_spk796_pos0,,False
tts2_en_US-libritts_r-medium_spk796_pos1,,False
tts2_en_US-libritts_r-medium_spk801_neg0,,False
tts2_en_US-libritts_r-medium_spk801_neg1,,False
tts2_en_US-libritts_r-medium_spk801_pos0,,False
tts2_en_US-libritts_r-medium_spk801_pos1,,False
tts2_en_US-libritts_r-medium_spk806_neg0,,False
tts2_en_US-libritts_r-medium_spk806_neg1,,False
tts2_en_US-libritts_r-medium_spk806_pos0,,False
tts2_en_US-libritts_r-medium_spk806_pos1,,False
tts2_en_US-libritts_r-medium_spk811_neg0,,False
tts2_en_US-libritts_r-medium_spk811_neg1,,False
tts2_en_US-libritts_r-medium_spk811_pos0,,False
tts2_en_US-libritts_r-medium_spk811_pos1,,False
tts2_en_US-libritts_r-medium_spk813_neg0,,False
tts2_en_US-libritts_r-medium_spk813_neg1,,False
tts2_en_US-libritts_r-medium_spk813_pos0,,False
tts2_en_US-libritts_r-medium_spk813_pos1,,False
tts2_en_US-libritts_r-medium_spk814_neg0,,False
tts2_en_US-libritts_r-medium_spk814_neg1,,False
tts2_en_US-libritts_r-medium_spk814_pos0,,False
tts2_en_US-libritts_r-medium_spk814_pos1,,False
tts2_en_US-libritts_r-medium_spk815_neg0,,False
tts2_en_US-libritts_r-medium_spk815_neg1,,False
tts2_en_US-libritts_r-medium_spk815_pos0,,False
tts2_en_US-libritts_r-medium_spk815_pos1,,False
tts2_en_US-libritts_r-medium_spk820_neg0,,False
tts2_en_US-libritts_r-medium_spk820_neg1,,False
tts2_en_US-libritts_r-medium_spk820_pos0,,False
tts2_en_US-libritts_r-medium_spk820_pos1,,False
tts2_en_US-libritts_r-medium_spk825_neg0,,False
tts2_en_US-libritts_r-medium_spk825_neg1,,False
tts2_en_US-libritts_r-medium_spk825_pos0,,False
tts2_en_US-libritts_r-medium_spk825_pos1,,False
tts2_en_US-libritts_r-medium_spk837_neg0,,False
tts2_en_US-libritts_r-medium_spk837_neg1,,False
tts2_en_US-libritts_r-medium_spk837_pos0,,False
tts2_en_US-libritts_r-medium_spk837_pos1,,False
tts2_en_US-libritts_r-medium_spk838_neg0,,False
tts2_en_US-libritts_r-medium_spk838_neg1,,False
tts2_en_US-libritts_r-medium_spk838_pos0,,False
tts2_en_US-libritts_r-medium_spk838_pos1,,False
tts2_en_US-libritts_r-medium_spk83_neg0,,False
tts2_en_US-libritts_r-medium_spk83_neg1,,False
tts2_en_US-libritts_r-medium_spk83_pos1,,False
tts2_en_US-libritts_r-medium_spk842_neg0,,False
tts2_en_US-libritts_r-medium_spk842_neg1,,False
tts2_en_US-libritts_r-medium_spk842_pos0,,False
tts2_en_US-libritts_r-medium_spk842_pos1,,False
tts2_en_US-libritts_r-medium_spk846_neg0,,False
tts2_en_US-libritts_r-medium_spk846_neg1,,False
tts2_en_US-libritts_r-medium_spk846_pos0,,False
tts2_en_US-libritts_r-medium_spk846_pos1,,False
tts2_en_US-libritts_r-medium_spk848_neg0,,False
tts2_en_US-libritts_r-medium_spk848_neg1,,False
tts2_en_US-libritts_r-medium_spk848_pos0,,False
tts2_en_US-libritts_r-medium_spk848_pos1,,False
tts2_en_US-libritts_r-medium_spk849_neg0,,False
tts2_en_US-libritts_r-medium_spk849_neg1,,False
tts2_en_US-libritts_r-medium_spk849_pos0,,False
tts2_en_US-libritts_r-medium_spk849_pos1,,False
tts2_en_US-libritts_r-medium_spk850_neg0,,False
tts2_en_US-libritts_r-medium_spk850_neg1,,False
tts2_en_US-libritts_r-medium_spk850_pos1,,False
tts2_en_US-libritts_r-medium_spk857_neg0,,False
tts2_en_US-libritts_r-medium_spk857_neg1,,False
tts2_en_US-libritts_r-medium_spk857_pos0,,False
tts2_en_US-libritts_r-medium_spk857_pos1,,False
tts2_en_US-libritts_r-medium_spk858_neg0,,False
tts2_en_US-libritts_r-medium_spk858_neg1,,False
tts2_en_US-libritts_r-medium_spk858_pos0,,False
tts2_en_US-libritts_r-medium_spk858_pos1,,False
tts2_en_US-libritts_r-medium_spk860_neg0,,False
tts2_en_US-libritts_r-medium_spk860_neg1,,False
tts2_en_US-libritts_r-medium_spk864_neg0,,False
tts2_en_US-libritts_r-medium_spk864_neg1,,False
tts2_en_US-libritts_r-medium_spk864_pos0,,False
tts2_en_US-libritts_r-medium_spk864_pos1,,False
tts2_en_US-libritts_r-medium_spk871_neg0,,False
tts2_en_US-libritts_r-medium_spk871_neg1,,False
tts2_en_US-libritts_r-medium_spk871_pos1,,False
tts2_en_US-libritts_r-medium_spk873_neg0,,False
tts2_en_US-libritts_r-medium_spk873_neg1,,False
tts2_en_US-libritts_r-medium_spk873_pos0,,False
tts2_en_US-libritts_r-medium_spk873_pos1,,False
tts2_en_US-libritts_r-medium_spk876_neg0,,False
tts2_en_US-libritts_r-medium_spk876_neg1,,False
tts2_en_US-libritts_r-medium_spk876_pos0,,False
tts2_en_US-libritts_r-medium_spk876_pos1,,False
tts2_en_US-libritts_r-medium_spk879_neg0,,False
tts2_en_US-libritts_r-medium_spk879_neg1,,False
tts2_en_US-libritts_r-medium_spk879_pos1,,False
tts2_en_US-libritts_r-medium_spk886_neg0,,False
tts2_en_US-libritts_r-medium_spk886_neg1,,False
tts2_en_US-libritts_r-medium_spk886_pos0,,False
tts2_en_US-libritts_r-medium_spk886_pos1,,False
tts2_en_US-libritts_r-medium_spk887_neg0,,False
tts2_en_US-libritts_r-medium_spk887_neg1,,False
tts2_en_US-libritts_r-medium_spk887_pos0,,False
tts2_en_US-libritts_r-medium_spk887_pos1,,False
tts2_en_US-libritts_r-medium_spk88_neg0,,False
tts2_en_US-libritts_r-medium_spk88_neg1,,False
tts2_en_US-libritts_r-medium_spk88_pos0,,False
tts2_en_US-libritts_r-medium_spk88_pos1,,False
tts2_en_US-libritts_r-medium_spk892_neg0,,False
tts2_en_US-libritts_r-medium_spk892_neg1,,False
tts2_en_US-libritts_r-medium_spk892_pos0,,False
tts2_en_US-libritts_r-medium_spk892_pos1,,False
tts2_en_US-libritts_r-medium_spk898_neg0,,False
tts2_en_US-libritts_r-medium_spk898_neg1,,False
tts2_en_US-libritts_r-medium_spk898_pos0,,False
tts2_en_US-libritts_r-medium_spk898_pos1,,False
tts2_en_US-libritts_r-medium_spk900_neg0,,False
tts2_en_US-libritts_r-medium_spk900_neg1,,False
tts2_en_US-libritts_r-medium_spk900_pos0,,False
tts2_en_US-libritts_r-medium_spk900_pos1,,False
tts2_en_US-libritts_r-medium_spk94_neg0,,False
tts2_en_US-libritts_r-medium_spk94_neg1,,False
tts2_en_US-libritts_r-medium_spk94_pos0,,False
tts2_en_US-libritts_r-medium_spk94_pos1,,False
tts2_en_US-libritts_r-medium_spk9_neg0,,False
tts2_en_US-libritts_r-medium_spk9_neg1,,False
tts2_en_US-libritts_r-medium_spk9_pos0,,False
tts2_en_US-libritts_r-medium_spk9_pos1,,False
tts2_en_US-ljspeech-medium_spk0_neg0,,False
tts2_en_US-ljspeech-medium_spk0_neg1,,False
tts2_en_US-ljspeech-medium_spk0_pos0,,False
tts2_en_US-ljspeech-medium_spk0_pos1,,False
tts2_en_US-mike-medium_spk0_neg0,,False
tts2_en_US-mike-medium_spk0_neg1,,False
tts2_en_US-mike-medium_spk0_pos0,,False
tts2_en_US-mike-medium_spk0_pos1,,False
tts2_en_US-norman-medium_spk0_neg0,,False
tts2_en_US-norman-medium_spk0_neg1,,False
tts2_en_US-reza_ibrahim-medium_spk0_neg0,,False
tts2_en_US-reza_ibrahim-medium_spk0_neg1,,False
tts2_en_US-sam-medium_spk0_neg0,,False
tts2_en_US-sam-medium_spk0_neg1,,False
tts2_en_US-sam-medium_spk0_pos0,,False
tts2_en_US-sam-medium_spk0_pos1,,False
