file_id,annotation_id,reason,detail,window_start_sec
Manual-Fil-Macmic1,Manual-Fil-Macmic1#asr006,insufficient_pre_context,post_roll=0.25,16.5
Manual-Fil-Macmic1,Manual-Fil-Macmic1#asr006,insufficient_pre_context,post_roll=0.4,16.65
Manual-Fil-Macmic1,Manual-Fil-Macmic1#asr009,insufficient_pre_context,post_roll=0.25,25.21
Manual-Fil-Macmic1,Manual-Fil-Macmic1#asr009,insufficient_pre_context,post_roll=0.4,25.36
Manual-Fil-Macmic1,,negative_region_shorter_than_window,"[0.000,0.320]",
Manual-Fil-Macmic1,,negative_region_shorter_than_window,"[2.288,2.410]",
Manual-Fil-Macmic1,,negative_region_shorter_than_window,"[4.336,5.640]",
Manual-Fil-Macmic1,,negative_region_shorter_than_window,"[7.696,8.220]",
Manual-Fil-Macmic1,,negative_region_shorter_than_window,"[10.160,10.790]",
Manual-Fil-Macmic1,,negative_region_shorter_than_window,"[12.752,13.270]",
Manual-Fil-Macmic1,,negative_region_shorter_than_window,"[15.216,15.970]",
Manual-Fil-Macmic1,,negative_region_shorter_than_window,"[18.250,19.050]",
Manual-Fil-Macmic1,,negative_region_shorter_than_window,"[20.950,22.040]",
Manual-Fil-Macmic1,,negative_region_shorter_than_window,"[23.984,24.750]",
Manual-Fil-Macmic1,,negative_region_shorter_than_window,"[26.960,27.770]",
Manual-Fil-Macmic1,,negative_region_shorter_than_window,"[29.904,30.421]",
Manual-Fil-Macmic2,Manual-Fil-Macmic2#asr000,occurrence_too_long_for_window,span+tol=1.510s,
Manual-Fil-Macmic2,Manual-Fil-Macmic2#asr001,insufficient_pre_context,post_roll=0.4,4.58
Manual-Fil-Macmic2,Manual-Fil-Macmic2#asr003,overlaps_other_wakeword_like_annotation,post_roll=0.1,9.12
Manual-Fil-Macmic2,Manual-Fil-Macmic2#asr005,insufficient_pre_context,post_roll=0.4,13.91
Manual-Fil-Macmic2,Manual-Fil-Macmic2#asr006,insufficient_pre_context,post_roll=0.25,16.46
Manual-Fil-Macmic2,Manual-Fil-Macmic2#asr006,insufficient_pre_context,post_roll=0.4,16.61
Manual-Fil-Macmic2,Manual-Fil-Macmic2#asr007,insufficient_pre_context,post_roll=0.4,19.38
Manual-Fil-Macmic2,Manual-Fil-Macmic2#asr008,occurrence_too_long_for_window,span+tol=1.590s,
Manual-Fil-Macmic2,Manual-Fil-Macmic2#asr009,insufficient_pre_context,post_roll=0.4,25.46
Manual-Fil-Macmic2,Manual-Fil-Macmic2#asr010,occurrence_too_long_for_window,span+tol=1.640s,
Manual-Fil-Macmic2,Manual-Fil-Macmic2#asr011,insufficient_pre_context,post_roll=0.4,31.36
Manual-Fil-Macmic2,Manual-Fil-Macmic2#asr012,insufficient_pre_context,post_roll=0.25,33.48
Manual-Fil-Macmic2,Manual-Fil-Macmic2#asr012,insufficient_pre_context,post_roll=0.4,33.63
Manual-Fil-Macmic2,Manual-Fil-Macmic2#asr013,occurrence_too_long_for_window,span+tol=2.082s,
Manual-Fil-Macmic2,,negative_region_shorter_than_window,"[0.000,0.460]",
Manual-Fil-Macmic2,,negative_region_shorter_than_window,"[2.970,4.070]",
Manual-Fil-Macmic2,,negative_region_shorter_than_window,"[6.576,7.610]",
Manual-Fil-Macmic2,,negative_region_shorter_than_window,"[12.592,13.440]",
Manual-Fil-Macmic2,,negative_region_shorter_than_window,"[15.952,15.960]",
Manual-Fil-Macmic2,,negative_region_shorter_than_window,"[18.576,18.810]",
Manual-Fil-Macmic2,,negative_region_shorter_than_window,"[21.328,22.270]",
Manual-Fil-Macmic2,,negative_region_shorter_than_window,"[24.860,24.950]",
Manual-Fil-Macmic2,,negative_region_shorter_than_window,"[27.280,27.900]",
Manual-Fil-Macmic2,,negative_region_shorter_than_window,"[30.540,30.760]",
Manual-Fil-Macmic2,,negative_region_shorter_than_window,"[32.960,33.000]",
Manual-Fil-Macmic2,,negative_region_shorter_than_window,"[35.230,35.292]",
Manual-Fil-Phonemic1,Manual-Fil-Phonemic1#humanhuman-0135,insufficient_pre_context,post_roll=0.4,3.0
Manual-Fil-Phonemic2,Manual-Fil-Phonemic2#humanhuman-0136,insufficient_pre_context,post_roll=0.1,0.7
Manual-Fil-Phonemic2,Manual-Fil-Phonemic2#humanhuman-0136,insufficient_pre_context,post_roll=0.25,0.85
Manual-Fil-Phonemic2,Manual-Fil-Phonemic2#humanhuman-0136,insufficient_pre_context,post_roll=0.4,1.0
Manual-Fil-Phonemic3,Manual-Fil-Phonemic3#asr002,overlaps_other_wakeword_like_annotation,post_roll=0.1,3.76
Manual-Fil-Phonemic3,Manual-Fil-Phonemic3#asr002,overlaps_other_wakeword_like_annotation,post_roll=0.25,3.91
Manual-Fil-Phonemic3,Manual-Fil-Phonemic3#asr002,overlaps_other_wakeword_like_annotation,post_roll=0.4,4.06
Manual-Fil-Phonemic3,Manual-Fil-Phonemic3#asr002,centered_fallback_failed,,3.94
Manual-Fil-Phonemic3,Manual-Fil-Phonemic3#asr003,occurrence_too_long_for_window,span+tol=3.640s,
Manual-Fil-Phonemic3,Manual-Fil-Phonemic3#asr004,overlaps_other_wakeword_like_annotation,post_roll=0.1,8.04
Manual-Fil-Phonemic3,Manual-Fil-Phonemic3#asr008,occurrence_too_long_for_window,span+tol=1.480s,
Manual-Fil-Phonemic3,Manual-Fil-Phonemic3#asr009,insufficient_pre_context,post_roll=0.25,19.97
Manual-Fil-Phonemic3,Manual-Fil-Phonemic3#asr009,insufficient_pre_context,post_roll=0.4,20.12
Manual-Fil-Phonemic3,,negative_region_shorter_than_window,"[0.000,0.180]",
Manual-Fil-Phonemic3,,negative_region_shorter_than_window,"[11.984,12.010]",
Manual-Fil-Phonemic3,,negative_region_shorter_than_window,"[14.128,14.560]",
Manual-Fil-Phonemic3,,negative_region_shorter_than_window,"[16.496,17.230]",
Manual-Fil-RPI10,Manual-Fil-RPI10#humanhuman-0000,partial_tail:padding_exceeds_max_pad_fraction,,1.0759
Manual-Fil-RPI11,Manual-Fil-RPI11#humanhuman-0001,partial_tail:padding_exceeds_max_pad_fraction,,1.0693
Manual-Fil-RPI14,Manual-Fil-RPI14#asr000,insufficient_pre_context,post_roll=0.1,-0.12
Manual-Fil-RPI14,Manual-Fil-RPI14#asr000,insufficient_pre_context,post_roll=0.25,0.03
Manual-Fil-RPI14,Manual-Fil-RPI14#asr000,insufficient_pre_context,post_roll=0.4,0.18
Manual-Fil-RPI15,Manual-Fil-RPI15#asr000,insufficient_pre_context,post_roll=0.25,-0.09
Manual-Fil-RPI15,Manual-Fil-RPI15#asr000,insufficient_pre_context,post_roll=0.4,0.06
Manual-Fil-RPI17,Manual-Fil-RPI17#humanhuman-0003,insufficient_pre_context,post_roll=0.4,0.591
Manual-Fil-RPI17,Manual-Fil-RPI17#humanhuman-0003,partial_tail:padding_exceeds_max_pad_fraction,,1.3092
Manual-Fil-RPI18,Manual-Fil-RPI18#humanhuman-0004,partial_tail:padding_exceeds_max_pad_fraction,,1.3825
Manual-Fil-RPI19,Manual-Fil-RPI19#humanowner-0053,insufficient_pre_context,post_roll=0.4,0.0947
Manual-Fil-RPI2,Manual-Fil-RPI2#asr000,occurrence_too_long_for_window,span+tol=1.630s,
Manual-Fil-RPI20,Manual-Fil-RPI20#humanowner-0057,insufficient_pre_context,post_roll=0.4,0.0307
Manual-Fil-RPI21,Manual-Fil-RPI21#humanowner-0060,insufficient_pre_context,post_roll=0.25,0.062
Manual-Fil-RPI21,Manual-Fil-RPI21#humanowner-0060,insufficient_pre_context,post_roll=0.4,0.212
Manual-Fil-RPI22,Manual-Fil-RPI22#humanowner-0063,insufficient_pre_context,post_roll=0.25,0.0727
Manual-Fil-RPI22,Manual-Fil-RPI22#humanowner-0063,insufficient_pre_context,post_roll=0.4,0.2227
Manual-Fil-RPI23,Manual-Fil-RPI23#humanhuman-0031,overlaps_other_wakeword_like_annotation,post_roll=0.25,0.009
Manual-Fil-RPI23,Manual-Fil-RPI23#humanhuman-0031,overlaps_other_wakeword_like_annotation,post_roll=0.4,0.159
Manual-Fil-RPI23,Manual-Fil-RPI23#humanhuman-0031,partial_tail:overlaps_other_wakeword_like_annotation,,0.9933
Manual-Fil-RPI23,Manual-Fil-RPI23#humanhuman-0032,insufficient_pre_context,post_roll=0.25,1.5
Manual-Fil-RPI23,Manual-Fil-RPI23#humanhuman-0032,insufficient_pre_context,post_roll=0.4,1.65
Manual-Fil-RPI23,Manual-Fil-RPI23#humanhuman-0032,partial_head:overlaps_other_wakeword_like_annotation,,0.4375
Manual-Fil-RPI23,Manual-Fil-RPI23#humanhuman-0032,partial_tail:overlaps_other_wakeword_like_annotation,,2.3125
Manual-Fil-RPI23,Manual-Fil-RPI23#humanhuman-0033,overlaps_other_wakeword_like_annotation,post_roll=0.1,2.5
Manual-Fil-RPI23,Manual-Fil-RPI23#humanhuman-0033,overlaps_other_wakeword_like_annotation,post_roll=0.25,2.65
Manual-Fil-RPI23,Manual-Fil-RPI23#humanhuman-0033,partial_head:overlaps_other_wakeword_like_annotation,,1.815
Manual-Fil-RPI23,Manual-Fil-RPI23#humanhuman-0033,partial_tail:overlaps_other_wakeword_like_annotation,,3.585
Manual-Fil-RPI23,Manual-Fil-RPI23#humanhuman-0034,partial_head:overlaps_other_wakeword_like_annotation,,3.28
Manual-Fil-RPI23,Manual-Fil-RPI23#humanhuman-0034,partial_tail:overlaps_other_wakeword_like_annotation,,5.02
Manual-Fil-RPI23,Manual-Fil-RPI23#humanhuman-0035,insufficient_pre_context,post_roll=0.4,6.0
Manual-Fil-RPI23,Manual-Fil-RPI23#humanhuman-0035,partial_head:overlaps_other_wakeword_like_annotation,,4.885
Manual-Fil-RPI23,Manual-Fil-RPI23#humanhuman-0035,partial_tail:overlaps_other_wakeword_like_annotation,,6.715
Manual-Fil-RPI23,Manual-Fil-RPI23#humanhuman-0036,partial_head:overlaps_other_wakeword_like_annotation,,6.58
Manual-Fil-RPI23,Manual-Fil-RPI23#humanhuman-0036,partial_tail:overlaps_other_wakeword_like_annotation,,8.32
Manual-Fil-RPI23,Manual-Fil-RPI23#humanhuman-0037,insufficient_pre_context,post_roll=0.4,9.4
Manual-Fil-RPI23,Manual-Fil-RPI23#humanhuman-0037,partial_head:overlaps_other_wakeword_like_annotation,,8.22
Manual-Fil-RPI23,Manual-Fil-RPI23#humanhuman-0037,partial_tail:overlaps_other_wakeword_like_annotation,,10.08
Manual-Fil-RPI23,Manual-Fil-RPI23#humanhuman-0038,partial_head:overlaps_other_wakeword_like_annotation,,9.75
Manual-Fil-RPI23,Manual-Fil-RPI23#humanhuman-0038,partial_tail:overlaps_other_wakeword_like_annotation,,11.55
Manual-Fil-RPI23,Manual-Fil-RPI23#humanhuman-0039,partial_head:overlaps_other_wakeword_like_annotation,,11.28
Manual-Fil-RPI23,Manual-Fil-RPI23#humanhuman-0039,partial_tail:padding_exceeds_max_pad_fraction,,13.02
Manual-Fil-RPI27,Manual-Fil-RPI27#asr000,insufficient_pre_context,post_roll=0.25,1.54
Manual-Fil-RPI27,Manual-Fil-RPI27#asr000,insufficient_pre_context,post_roll=0.4,1.69
Manual-Fil-RPI28,Manual-Fil-RPI28#asr000,occurrence_too_long_for_window,span+tol=1.630s,
Manual-Fil-RPI29,Manual-Fil-RPI29#humanhuman-0005,insufficient_pre_context,post_roll=0.25,0.344
Manual-Fil-RPI29,Manual-Fil-RPI29#humanhuman-0005,insufficient_pre_context,post_roll=0.4,0.494
Manual-Fil-RPI29,Manual-Fil-RPI29#humanhuman-0005,partial_tail:padding_exceeds_max_pad_fraction,,1.1586
Manual-Fil-RPI30,Manual-Fil-RPI30#humanhuman-0006,insufficient_pre_context,post_roll=0.4,0.393
Manual-Fil-RPI31,Manual-Fil-RPI31#humanhuman-0007,insufficient_pre_context,post_roll=0.25,0.425
Manual-Fil-RPI31,Manual-Fil-RPI31#humanhuman-0007,insufficient_pre_context,post_roll=0.4,0.575
Manual-Fil-RPI32,Manual-Fil-RPI32#humanhuman-0008,insufficient_pre_context,post_roll=0.4,0.66
Manual-Fil-RPI33,Manual-Fil-RPI33#humanhuman-0009,partial_tail:padding_exceeds_max_pad_fraction,,1.1078
Manual-Fil-RPI34,Manual-Fil-RPI34#humanhuman-0010,insufficient_pre_context,post_roll=0.4,0.543
Manual-Fil-RPI34,Manual-Fil-RPI34#humanhuman-0010,partial_tail:padding_exceeds_max_pad_fraction,,1.264
Manual-Fil-RPI35,Manual-Fil-RPI35#humanhuman-0011,insufficient_pre_context,post_roll=0.4,0.43
Manual-Fil-RPI38,Manual-Fil-RPI38#asr000,occurrence_too_long_for_window,span+tol=1.650s,
Manual-Fil-RPI39,Manual-Fil-RPI39#asr000,occurrence_too_long_for_window,span+tol=1.880s,
Manual-Fil-RPI4,Manual-Fil-RPI4#humanowner-0094,insufficient_pre_context,post_roll=0.25,0.0727
Manual-Fil-RPI4,Manual-Fil-RPI4#humanowner-0094,insufficient_pre_context,post_roll=0.4,0.2227
Manual-Fil-RPI41,Manual-Fil-RPI41#humanhuman-0029,insufficient_pre_context,post_roll=0.4,1.457
Manual-Fil-RPI41,Manual-Fil-RPI41#humanhuman-0029,partial_tail:padding_exceeds_max_pad_fraction,,2.1521
Manual-Fil-RPI42,Manual-Fil-RPI42#humanhuman-0012,partial_tail:padding_exceeds_max_pad_fraction,,1.2065
Manual-Fil-RPI43,Manual-Fil-RPI43#humanhuman-0013,insufficient_pre_context,post_roll=0.4,0.425
Manual-Fil-RPI43,Manual-Fil-RPI43#humanhuman-0013,partial_tail:padding_exceeds_max_pad_fraction,,1.1312
Manual-Fil-RPI44,Manual-Fil-RPI44#asr000,occurrence_too_long_for_window,span+tol=1.800s,
Manual-Fil-RPI45,Manual-Fil-RPI45#humanhuman-0014,partial_tail:padding_exceeds_max_pad_fraction,,0.9856
Manual-Fil-RPI46,Manual-Fil-RPI46#asr000,occurrence_too_long_for_window,span+tol=1.660s,
Manual-Fil-RPI47,Manual-Fil-RPI47#humanhuman-0015,insufficient_pre_context,post_roll=0.4,0.447
Manual-Fil-RPI48,Manual-Fil-RPI48#humanhuman-0016,insufficient_pre_context,post_roll=0.4,0.447
Manual-Fil-RPI49,Manual-Fil-RPI49#humanhuman-0030,partial_tail:padding_exceeds_max_pad_fraction,,1.558
Manual-Fil-RPI5,Manual-Fil-RPI5#asr000,occurrence_too_long_for_window,span+tol=1.500s,
Manual-Fil-RPI50,Manual-Fil-RPI50#humanhuman-0017,insufficient_pre_context,post_roll=0.4,1.0
Manual-Fil-RPI50,Manual-Fil-RPI50#humanhuman-0017,partial_tail:padding_exceeds_max_pad_fraction,,1.701
Manual-Fil-RPI51,Manual-Fil-RPI51#humanhuman-0018,insufficient_pre_context,post_roll=0.4,0.511
Manual-Fil-RPI52,Manual-Fil-RPI52#humanhuman-0019,insufficient_pre_context,post_roll=0.4,0.607
Manual-Fil-RPI52,Manual-Fil-RPI52#humanhuman-0019,partial_tail:padding_exceeds_max_pad_fraction,,1.3196
Manual-Fil-RPI53,Manual-Fil-RPI53#humanhuman-0020,partial_tail:padding_exceeds_max_pad_fraction,,1.3026
Manual-Fil-RPI54,Manual-Fil-RPI54#humanhuman-0021,insufficient_pre_context,post_roll=0.4,0.559
Manual-Fil-RPI55,Manual-Fil-RPI55#humanhuman-0022,partial_tail:padding_exceeds_max_pad_fraction,,1.2639
Manual-Fil-RPI56,Manual-Fil-RPI56#humanhuman-0023,partial_tail:padding_exceeds_max_pad_fraction,,1.1104
Manual-Fil-RPI57,Manual-Fil-RPI57#humanhuman-0024,insufficient_pre_context,post_roll=0.4,0.441
Manual-Fil-RPI58,Manual-Fil-RPI58#humanhuman-0025,partial_tail:padding_exceeds_max_pad_fraction,,1.3058
Manual-Fil-RPI59,Manual-Fil-RPI59#humanhuman-0026,partial_tail:padding_exceeds_max_pad_fraction,,1.452
Manual-Fil-RPI6,Manual-Fil-RPI6#humanowner-0134,insufficient_pre_context,post_roll=0.1,-0.0133
Manual-Fil-RPI6,Manual-Fil-RPI6#humanowner-0134,insufficient_pre_context,post_roll=0.25,0.1367
Manual-Fil-RPI6,Manual-Fil-RPI6#humanowner-0134,insufficient_pre_context,post_roll=0.4,0.2867
Manual-Fil-RPI60,Manual-Fil-RPI60#humanhuman-0027,partial_tail:padding_exceeds_max_pad_fraction,,1.178
Manual-Fil-RPI61,Manual-Fil-RPI61#humanhuman-0028,insufficient_pre_context,post_roll=0.4,0.532
Manual-Fil-RPI62,Manual-Fil-RPI62#asr000,insufficient_pre_context,post_roll=0.4,-0.05
Manual-Fil-RPI63,Manual-Fil-RPI63#asr000,insufficient_pre_context,post_roll=0.1,-0.11
Manual-Fil-RPI63,Manual-Fil-RPI63#asr000,insufficient_pre_context,post_roll=0.25,0.04
Manual-Fil-RPI63,Manual-Fil-RPI63#asr000,insufficient_pre_context,post_roll=0.4,0.19
Manual-Fil-RPI64,Manual-Fil-RPI64#asr000,occurrence_too_long_for_window,span+tol=1.490s,
Manual-Fil-RPI65,Manual-Fil-RPI65#humanhuman-0040,insufficient_pre_context,post_roll=0.4,0.7
Manual-Fil-RPI65,Manual-Fil-RPI65#humanhuman-0042,insufficient_pre_context,post_roll=0.4,6.3
Manual-Fil-RPI65,Manual-Fil-RPI65#humanhuman-0044,insufficient_pre_context,post_roll=0.4,15.85
Manual-Fil-RPI65,Manual-Fil-RPI65#humanhuman-0044,partial_tail:overlaps_other_wakeword_like_annotation,,16.5475
Manual-Fil-RPI65,Manual-Fil-RPI65#humanhuman-0045,insufficient_pre_context,post_roll=0.4,17.6
Manual-Fil-RPI65,Manual-Fil-RPI65#humanhuman-0045,partial_head:overlaps_other_wakeword_like_annotation,,16.42
Manual-Fil-RPI65,Manual-Fil-RPI65#humanhuman-0046,insufficient_pre_context,post_roll=0.4,20.44
Manual-Fil-RPI65,Manual-Fil-RPI65#humanhuman-0047,insufficient_pre_context,post_roll=0.4,24.45
Manual-Fil-RPI65,,negative_region_shorter_than_window,"[23.088,23.216]",
Manual-Fil-RPI66,Manual-Fil-RPI66#humanhuman-0048,insufficient_pre_context,post_roll=0.4,0.63
Manual-Fil-RPI66,Manual-Fil-RPI66#humanhuman-0049,insufficient_pre_context,post_roll=0.25,3.51
Manual-Fil-RPI66,Manual-Fil-RPI66#humanhuman-0049,insufficient_pre_context,post_roll=0.4,3.66
Manual-Fil-RPI66,Manual-Fil-RPI66#humanhuman-0049,partial_tail:overlaps_other_wakeword_like_annotation,,4.319
Manual-Fil-RPI66,Manual-Fil-RPI66#humanhuman-0050,partial_head:overlaps_other_wakeword_like_annotation,,4.545
Manual-Fil-RPI66,Manual-Fil-RPI66#humanhuman-0050,partial_tail:overlaps_other_wakeword_like_annotation,,6.255
Manual-Fil-RPI66,Manual-Fil-RPI66#humanhuman-0051,partial_head:overlaps_other_wakeword_like_annotation,,6.3775
Manual-Fil-RPI66,Manual-Fil-RPI66#humanhuman-0052,insufficient_pre_context,post_roll=0.25,11.39
Manual-Fil-RPI66,Manual-Fil-RPI66#humanhuman-0052,insufficient_pre_context,post_roll=0.4,11.54
Manual-Fil-RPI66,Manual-Fil-RPI66#humanhuman-0052,partial_tail:overlaps_other_wakeword_like_annotation,,12.206
Manual-Fil-RPI66,Manual-Fil-RPI66#humanhuman-0053,insufficient_pre_context,post_roll=0.4,13.3
Manual-Fil-RPI66,Manual-Fil-RPI66#humanhuman-0053,partial_head:overlaps_other_wakeword_like_annotation,,12.185
Manual-Fil-RPI66,Manual-Fil-RPI66#humanhuman-0054,insufficient_pre_context,post_roll=0.4,15.87
Manual-Fil-RPI66,,negative_region_shorter_than_window,"[0.000,0.100]",
Manual-Fil-RPI66,,negative_region_shorter_than_window,"[2.230,3.000]",
Manual-Fil-RPI66,,negative_region_shorter_than_window,"[5.260,5.296]",
Manual-Fil-RPI66,,negative_region_shorter_than_window,"[9.072,9.104]",
Manual-Fil-RPI66,,negative_region_shorter_than_window,"[10.128,10.900]",
Manual-Fil-RPI66,,negative_region_shorter_than_window,"[14.900,15.400]",
Manual-Fil-RPI67,Manual-Fil-RPI67#humanhuman-0055,insufficient_pre_context,post_roll=0.4,0.46
Manual-Fil-RPI67,Manual-Fil-RPI67#humanhuman-0056,insufficient_pre_context,post_roll=0.25,3.64
Manual-Fil-RPI67,Manual-Fil-RPI67#humanhuman-0056,insufficient_pre_context,post_roll=0.4,3.79
Manual-Fil-RPI67,Manual-Fil-RPI67#humanhuman-0057,insufficient_pre_context,post_roll=0.25,6.88
Manual-Fil-RPI67,Manual-Fil-RPI67#humanhuman-0057,insufficient_pre_context,post_roll=0.4,7.03
Manual-Fil-RPI67,Manual-Fil-RPI67#humanhuman-0058,partial_tail:overlaps_other_wakeword_like_annotation,,10.72
Manual-Fil-RPI67,Manual-Fil-RPI67#humanhuman-0059,partial_head:overlaps_other_wakeword_like_annotation,,10.7675
Manual-Fil-RPI67,Manual-Fil-RPI67#humanhuman-0059,partial_tail:overlaps_other_wakeword_like_annotation,,12.5825
Manual-Fil-RPI67,Manual-Fil-RPI67#humanhuman-0060,partial_head:overlaps_other_wakeword_like_annotation,,12.6365
Manual-Fil-RPI67,Manual-Fil-RPI67#humanhuman-0060,partial_tail:overlaps_other_wakeword_like_annotation,,14.4335
Manual-Fil-RPI67,Manual-Fil-RPI67#humanhuman-0061,insufficient_pre_context,post_roll=0.4,15.3
Manual-Fil-RPI67,Manual-Fil-RPI67#humanhuman-0061,partial_head:overlaps_other_wakeword_like_annotation,,14.12
Manual-Fil-RPI67,Manual-Fil-RPI67#humanhuman-0062,insufficient_pre_context,post_roll=0.4,19.2
Manual-Fil-RPI67,Manual-Fil-RPI67#humanhuman-0062,partial_tail:overlaps_other_wakeword_like_annotation,,19.915
Manual-Fil-RPI67,Manual-Fil-RPI67#humanhuman-0063,insufficient_pre_context,post_roll=0.25,21.0
Manual-Fil-RPI67,Manual-Fil-RPI67#humanhuman-0063,insufficient_pre_context,post_roll=0.4,21.15
Manual-Fil-RPI67,Manual-Fil-RPI67#humanhuman-0063,partial_head:overlaps_other_wakeword_like_annotation,,19.9375
Manual-Fil-RPI67,Manual-Fil-RPI67#humanhuman-0063,partial_tail:overlaps_other_wakeword_like_annotation,,21.8125
Manual-Fil-RPI67,Manual-Fil-RPI67#humanhuman-0064,insufficient_pre_context,post_roll=0.4,23.08
Manual-Fil-RPI67,Manual-Fil-RPI67#humanhuman-0064,partial_head:overlaps_other_wakeword_like_annotation,,21.913
Manual-Fil-RPI67,Manual-Fil-RPI67#humanhuman-0064,partial_tail:overlaps_other_wakeword_like_annotation,,23.767
Manual-Fil-RPI67,Manual-Fil-RPI67#humanhuman-0065,insufficient_pre_context,post_roll=0.4,25.25
Manual-Fil-RPI67,Manual-Fil-RPI67#humanhuman-0065,partial_head:overlaps_other_wakeword_like_annotation,,24.1025
Manual-Fil-RPI67,Manual-Fil-RPI67#humanhuman-0066,insufficient_pre_context,post_roll=0.25,28.03
Manual-Fil-RPI67,Manual-Fil-RPI67#humanhuman-0066,insufficient_pre_context,post_roll=0.4,28.18
Manual-Fil-RPI67,Manual-Fil-RPI67#humanhuman-0067,insufficient_pre_context,post_roll=0.4,31.48
Manual-Fil-RPI67,,negative_region_shorter_than_window,"[2.064,3.100]",
Manual-Fil-RPI67,,negative_region_shorter_than_window,"[8.816,9.700]",
Manual-Fil-RPI67,,negative_region_shorter_than_window,"[26.850,27.500]",
Manual-Fil-RPI67,,negative_region_shorter_than_window,"[29.780,30.900]",
Manual-Fil-RPI68,Manual-Fil-RPI68#humanhuman-0068,insufficient_pre_context,post_roll=0.4,0.26
Manual-Fil-RPI68,Manual-Fil-RPI68#humanhuman-0069,insufficient_pre_context,post_roll=0.4,3.28
Manual-Fil-RPI68,Manual-Fil-RPI68#humanhuman-0069,partial_tail:overlaps_other_wakeword_like_annotation,,4.002
Manual-Fil-RPI68,Manual-Fil-RPI68#humanhuman-0070,insufficient_pre_context,post_roll=0.25,5.4
Manual-Fil-RPI68,Manual-Fil-RPI68#humanhuman-0070,insufficient_pre_context,post_roll=0.4,5.55
Manual-Fil-RPI68,Manual-Fil-RPI68#humanhuman-0070,partial_head:overlaps_other_wakeword_like_annotation,,4.3375
Manual-Fil-RPI68,Manual-Fil-RPI68#humanhuman-0070,partial_tail:overlaps_other_wakeword_like_annotation,,6.2125
Manual-Fil-RPI68,Manual-Fil-RPI68#humanhuman-0071,insufficient_pre_context,post_roll=0.4,7.22
Manual-Fil-RPI68,Manual-Fil-RPI68#humanhuman-0071,partial_head:overlaps_other_wakeword_like_annotation,,6.092
Manual-Fil-RPI68,Manual-Fil-RPI68#humanhuman-0072,insufficient_pre_context,post_roll=0.25,13.35
Manual-Fil-RPI68,Manual-Fil-RPI68#humanhuman-0072,insufficient_pre_context,post_roll=0.4,13.5
Manual-Fil-RPI68,Manual-Fil-RPI68#humanhuman-0073,insufficient_pre_context,post_roll=0.4,16.9
Manual-Fil-RPI68,Manual-Fil-RPI68#humanhuman-0074,insufficient_pre_context,post_roll=0.4,23.4
Manual-Fil-RPI68,,negative_region_shorter_than_window,"[1.860,2.800]",
Manual-Fil-RPI68,,negative_region_shorter_than_window,"[4.880,4.900]",
Manual-Fil-RPI68,,negative_region_shorter_than_window,"[8.820,9.360]",
Manual-Fil-RPI68,,negative_region_shorter_than_window,"[15.100,16.300]",
Manual-Fil-RPI68,,negative_region_shorter_than_window,"[25.000,25.099]",
Manual-Fil-RPI7,Manual-Fil-RPI7#humanowner-0184,insufficient_pre_context,post_roll=0.25,-0.034
Manual-Fil-RPI7,Manual-Fil-RPI7#humanowner-0184,insufficient_pre_context,post_roll=0.4,0.116
Manual-Fil-RPI70,Manual-Fil-RPI70#humanhuman-0075,insufficient_pre_context,post_roll=0.1,0.96
Manual-Fil-RPI70,Manual-Fil-RPI70#humanhuman-0075,insufficient_pre_context,post_roll=0.25,1.11
Manual-Fil-RPI70,Manual-Fil-RPI70#humanhuman-0075,insufficient_pre_context,post_roll=0.4,1.26
Manual-Fil-RPI70,Manual-Fil-RPI70#humanhuman-0076,insufficient_pre_context,post_roll=0.1,3.8
Manual-Fil-RPI70,Manual-Fil-RPI70#humanhuman-0076,insufficient_pre_context,post_roll=0.25,3.95
Manual-Fil-RPI70,Manual-Fil-RPI70#humanhuman-0076,insufficient_pre_context,post_roll=0.4,4.1
Manual-Fil-RPI70,Manual-Fil-RPI70#humanhuman-0077,insufficient_pre_context,post_roll=0.1,6.93
Manual-Fil-RPI70,Manual-Fil-RPI70#humanhuman-0077,insufficient_pre_context,post_roll=0.25,7.08
Manual-Fil-RPI70,Manual-Fil-RPI70#humanhuman-0077,insufficient_pre_context,post_roll=0.4,7.23
Manual-Fil-RPI70,Manual-Fil-RPI70#humanhuman-0078,insufficient_pre_context,post_roll=0.25,10.53
Manual-Fil-RPI70,Manual-Fil-RPI70#humanhuman-0078,insufficient_pre_context,post_roll=0.4,10.68
Manual-Fil-RPI70,Manual-Fil-RPI70#humanhuman-0079,insufficient_pre_context,post_roll=0.25,20.32
Manual-Fil-RPI70,Manual-Fil-RPI70#humanhuman-0079,insufficient_pre_context,post_roll=0.4,20.47
Manual-Fil-RPI70,Manual-Fil-RPI70#humanhuman-0080,insufficient_pre_context,post_roll=0.1,23.78
Manual-Fil-RPI70,Manual-Fil-RPI70#humanhuman-0080,insufficient_pre_context,post_roll=0.25,23.93
Manual-Fil-RPI70,Manual-Fil-RPI70#humanhuman-0080,insufficient_pre_context,post_roll=0.4,24.08
Manual-Fil-RPI70,Manual-Fil-RPI70#humanhuman-0081,partial_head:overlaps_other_wakeword_like_annotation,,25.147
Manual-Fil-RPI70,Manual-Fil-RPI70#humanhuman-0081,partial_tail:overlaps_other_wakeword_like_annotation,,26.953
Manual-Fil-RPI70,Manual-Fil-RPI70#humanhuman-0082,insufficient_pre_context,post_roll=0.4,28.28
Manual-Fil-RPI70,Manual-Fil-RPI70#humanhuman-0082,partial_head:overlaps_other_wakeword_like_annotation,,27.113
Manual-Fil-RPI70,,negative_region_shorter_than_window,"[0.000,0.500]",
Manual-Fil-RPI70,,negative_region_shorter_than_window,"[2.860,3.300]",
Manual-Fil-RPI70,,negative_region_shorter_than_window,"[5.700,6.450]",
Manual-Fil-RPI70,,negative_region_shorter_than_window,"[8.830,10.060]",
Manual-Fil-RPI70,,negative_region_shorter_than_window,"[22.070,23.300]",
Manual-Fil-RPI70,,negative_region_shorter_than_window,"[25.680,25.790]",
Manual-Fil-RPI71,Manual-Fil-RPI71#humanhuman-0083,insufficient_pre_context,post_roll=0.25,7.42
Manual-Fil-RPI71,Manual-Fil-RPI71#humanhuman-0083,insufficient_pre_context,post_roll=0.4,7.57
Manual-Fil-RPI71,Manual-Fil-RPI71#humanhuman-0088,insufficient_pre_context,post_roll=0.4,26.4
Manual-Fil-RPI71,,negative_region_shorter_than_window,"[18.680,19.100]",
Manual-Fil-RPI71,,negative_region_shorter_than_window,"[28.080,28.990]",
Manual-Fil-RPI71,,negative_region_shorter_than_window,"[30.880,31.800]",
Manual-Fil-RPI73,Manual-Fil-RPI73#humanhuman-0091,insufficient_pre_context,post_roll=0.25,0.65
Manual-Fil-RPI73,Manual-Fil-RPI73#humanhuman-0091,insufficient_pre_context,post_roll=0.4,0.8
Manual-Fil-RPI73,Manual-Fil-RPI73#humanhuman-0091,partial_tail:overlaps_other_wakeword_like_annotation,,1.445
Manual-Fil-RPI73,Manual-Fil-RPI73#humanhuman-0092,insufficient_pre_context,post_roll=0.4,2.9
Manual-Fil-RPI73,Manual-Fil-RPI73#humanhuman-0092,partial_head:overlaps_other_wakeword_like_annotation,,1.72
Manual-Fil-RPI73,Manual-Fil-RPI73#humanhuman-0093,insufficient_pre_context,post_roll=0.1,5.49
Manual-Fil-RPI73,Manual-Fil-RPI73#humanhuman-0093,insufficient_pre_context,post_roll=0.25,5.64
Manual-Fil-RPI73,Manual-Fil-RPI73#humanhuman-0093,insufficient_pre_context,post_roll=0.4,5.79
Manual-Fil-RPI73,Manual-Fil-RPI73#humanhuman-0094,insufficient_pre_context,post_roll=0.4,8.01
Manual-Fil-RPI73,Manual-Fil-RPI73#humanhuman-0094,partial_head:overlaps_other_wakeword_like_annotation,,6.856
Manual-Fil-RPI73,Manual-Fil-RPI73#humanhuman-0094,partial_tail:overlaps_other_wakeword_like_annotation,,8.704
Manual-Fil-RPI73,Manual-Fil-RPI73#humanhuman-0095,overlaps_other_wakeword_like_annotation,post_roll=0.1,9.03
Manual-Fil-RPI73,Manual-Fil-RPI73#humanhuman-0095,partial_head:overlaps_other_wakeword_like_annotation,,8.2995
Manual-Fil-RPI73,Manual-Fil-RPI73#humanhuman-0095,partial_tail:overlaps_other_wakeword_like_annotation,,10.0905
Manual-Fil-RPI73,Manual-Fil-RPI73#humanhuman-0096,partial_head:overlaps_other_wakeword_like_annotation,,9.8335
Manual-Fil-RPI73,Manual-Fil-RPI73#humanhuman-0096,partial_tail:overlaps_other_wakeword_like_annotation,,11.6365
Manual-Fil-RPI73,Manual-Fil-RPI73#humanhuman-0097,insufficient_pre_context,post_roll=0.4,12.63
Manual-Fil-RPI73,Manual-Fil-RPI73#humanhuman-0097,partial_head:overlaps_other_wakeword_like_annotation,,11.4955
Manual-Fil-RPI73,Manual-Fil-RPI73#humanhuman-0098,insufficient_pre_context,post_roll=0.4,15.43
Manual-Fil-RPI73,Manual-Fil-RPI73#humanhuman-0098,partial_tail:overlaps_other_wakeword_like_annotation,,16.124
Manual-Fil-RPI73,Manual-Fil-RPI73#humanhuman-0099,insufficient_pre_context,post_roll=0.4,16.9
Manual-Fil-RPI73,Manual-Fil-RPI73#humanhuman-0099,partial_head:overlaps_other_wakeword_like_annotation,,15.72
Manual-Fil-RPI73,Manual-Fil-RPI73#humanhuman-0100,insufficient_pre_context,post_roll=0.25,21.54
Manual-Fil-RPI73,Manual-Fil-RPI73#humanhuman-0100,insufficient_pre_context,post_roll=0.4,21.69
Manual-Fil-RPI73,Manual-Fil-RPI73#humanhuman-0101,insufficient_pre_context,post_roll=0.4,24.0
Manual-Fil-RPI73,,negative_region_shorter_than_window,"[0.000,0.100]",
Manual-Fil-RPI73,,negative_region_shorter_than_window,"[4.500,5.000]",
Manual-Fil-RPI73,,negative_region_shorter_than_window,"[7.390,7.450]",
Manual-Fil-RPI73,,negative_region_shorter_than_window,"[14.230,14.870]",
Manual-Fil-RPI73,,negative_region_shorter_than_window,"[23.290,23.500]",
Manual-Fil-RPI73,,negative_region_shorter_than_window,"[25.600,26.816]",
Manual-Fil-RPI74,Manual-Fil-RPI74#humanhuman-0102,insufficient_pre_context,post_roll=0.25,0.87
Manual-Fil-RPI74,Manual-Fil-RPI74#humanhuman-0102,insufficient_pre_context,post_roll=0.4,1.02
Manual-Fil-RPI74,Manual-Fil-RPI74#humanhuman-0103,insufficient_pre_context,post_roll=0.4,3.17
Manual-Fil-RPI74,Manual-Fil-RPI74#humanhuman-0103,partial_head:overlaps_other_wakeword_like_annotation,,2.0485
Manual-Fil-RPI75,Manual-Fil-RPI75#humanhuman-0104,insufficient_pre_context,post_roll=0.25,1.1
Manual-Fil-RPI75,Manual-Fil-RPI75#humanhuman-0104,insufficient_pre_context,post_roll=0.4,1.25
Manual-Fil-RPI75,Manual-Fil-RPI75#humanhuman-0105,insufficient_pre_context,post_roll=0.25,5.09
Manual-Fil-RPI75,Manual-Fil-RPI75#humanhuman-0105,insufficient_pre_context,post_roll=0.4,5.24
Manual-Fil-RPI75,Manual-Fil-RPI75#humanhuman-0106,insufficient_pre_context,post_roll=0.25,7.9
Manual-Fil-RPI75,Manual-Fil-RPI75#humanhuman-0106,insufficient_pre_context,post_roll=0.4,8.05
Manual-Fil-RPI75,,negative_region_shorter_than_window,"[0.000,0.500]",
Manual-Fil-RPI75,,negative_region_shorter_than_window,"[6.840,7.400]",
Manual-Fil-RPI75,,negative_region_shorter_than_window,"[9.650,9.675]",
Manual-Fil-RPI76,Manual-Fil-RPI76#humanhuman-0107,insufficient_pre_context,post_roll=0.25,0.64
Manual-Fil-RPI76,Manual-Fil-RPI76#humanhuman-0107,insufficient_pre_context,post_roll=0.4,0.79
Manual-Fil-RPI76,Manual-Fil-RPI76#humanhuman-0109,insufficient_pre_context,post_roll=0.4,9.17
Manual-Fil-RPI76,Manual-Fil-RPI76#humanhuman-0110,insufficient_pre_context,post_roll=0.4,12.88
Manual-Fil-RPI76,Manual-Fil-RPI76#humanhuman-0111,insufficient_pre_context,post_roll=0.4,17.18
Manual-Fil-RPI76,Manual-Fil-RPI76#humanhuman-0112,insufficient_pre_context,post_roll=0.4,20.29
Manual-Fil-RPI76,,negative_region_shorter_than_window,"[0.000,0.100]",
Manual-Fil-RPI76,,negative_region_shorter_than_window,"[18.780,19.700]",
Manual-Fil-RPI77,Manual-Fil-RPI77#humanhuman-0113,insufficient_pre_context,post_roll=0.25,6.45
Manual-Fil-RPI77,Manual-Fil-RPI77#humanhuman-0113,insufficient_pre_context,post_roll=0.4,6.6
Manual-Fil-RPI78,Manual-Fil-RPI78#humanhuman-0115,insufficient_pre_context,post_roll=0.25,0.73
Manual-Fil-RPI78,Manual-Fil-RPI78#humanhuman-0115,insufficient_pre_context,post_roll=0.4,0.88
Manual-Fil-RPI78,Manual-Fil-RPI78#humanhuman-0116,insufficient_pre_context,post_roll=0.25,4.17
Manual-Fil-RPI78,Manual-Fil-RPI78#humanhuman-0116,insufficient_pre_context,post_roll=0.4,4.32
Manual-Fil-RPI78,Manual-Fil-RPI78#humanhuman-0118,insufficient_pre_context,post_roll=0.4,9.78
Manual-Fil-RPI78,,negative_region_shorter_than_window,"[0.000,0.200]",
Manual-Fil-RPI78,,negative_region_shorter_than_window,"[2.480,3.600]",
Manual-Fil-RPI78,,negative_region_shorter_than_window,"[6.000,6.150]",
Manual-Fil-RPI78,,negative_region_shorter_than_window,"[8.400,9.300]",
Manual-Fil-RPI79,Manual-Fil-RPI79#humanhuman-0119,insufficient_pre_context,post_roll=0.1,0.76
Manual-Fil-RPI79,Manual-Fil-RPI79#humanhuman-0119,insufficient_pre_context,post_roll=0.25,0.91
Manual-Fil-RPI79,Manual-Fil-RPI79#humanhuman-0119,insufficient_pre_context,post_roll=0.4,1.06
Manual-Fil-RPI79,Manual-Fil-RPI79#humanhuman-0120,insufficient_pre_context,post_roll=0.4,7.0
Manual-Fil-RPI79,,negative_region_shorter_than_window,"[0.000,0.300]",
Manual-Fil-RPI79,,negative_region_shorter_than_window,"[8.600,8.747]",
Manual-Fil-RPI8,Manual-Fil-RPI8#humanowner-0222,insufficient_pre_context,post_roll=0.1,-0.0133
Manual-Fil-RPI8,Manual-Fil-RPI8#humanowner-0222,insufficient_pre_context,post_roll=0.25,0.1367
Manual-Fil-RPI8,Manual-Fil-RPI8#humanowner-0222,insufficient_pre_context,post_roll=0.4,0.2867
Manual-Fil-RPI80,Manual-Fil-RPI80#humanhuman-0121,insufficient_pre_context,post_roll=0.1,0.78
Manual-Fil-RPI80,Manual-Fil-RPI80#humanhuman-0121,insufficient_pre_context,post_roll=0.25,0.93
Manual-Fil-RPI80,Manual-Fil-RPI80#humanhuman-0121,insufficient_pre_context,post_roll=0.4,1.08
Manual-Fil-RPI80,Manual-Fil-RPI80#humanhuman-0123,insufficient_pre_context,post_roll=0.4,7.4
Manual-Fil-RPI80,Manual-Fil-RPI80#humanhuman-0123,partial_tail:overlaps_other_wakeword_like_annotation,,8.115
Manual-Fil-RPI80,Manual-Fil-RPI80#humanhuman-0124,insufficient_pre_context,post_roll=0.25,9.45
Manual-Fil-RPI80,Manual-Fil-RPI80#humanhuman-0124,insufficient_pre_context,post_roll=0.4,9.6
Manual-Fil-RPI80,Manual-Fil-RPI80#humanhuman-0124,partial_head:overlaps_other_wakeword_like_annotation,,8.355
Manual-Fil-RPI80,Manual-Fil-RPI80#humanhuman-0125,insufficient_pre_context,post_roll=0.1,12.1
Manual-Fil-RPI80,Manual-Fil-RPI80#humanhuman-0125,insufficient_pre_context,post_roll=0.25,12.25
Manual-Fil-RPI80,Manual-Fil-RPI80#humanhuman-0125,insufficient_pre_context,post_roll=0.4,12.4
Manual-Fil-RPI80,Manual-Fil-RPI80#humanhuman-0126,insufficient_pre_context,post_roll=0.1,17.1
Manual-Fil-RPI80,Manual-Fil-RPI80#humanhuman-0126,insufficient_pre_context,post_roll=0.25,17.25
Manual-Fil-RPI80,Manual-Fil-RPI80#humanhuman-0126,insufficient_pre_context,post_roll=0.4,17.4
Manual-Fil-RPI80,Manual-Fil-RPI80#humanhuman-0127,insufficient_pre_context,post_roll=0.4,20.58
Manual-Fil-RPI80,Manual-Fil-RPI80#humanhuman-0128,insufficient_pre_context,post_roll=0.4,23.39
Manual-Fil-RPI80,Manual-Fil-RPI80#humanhuman-0129,insufficient_pre_context,post_roll=0.25,26.36
Manual-Fil-RPI80,Manual-Fil-RPI80#humanhuman-0129,insufficient_pre_context,post_roll=0.4,26.51
Manual-Fil-RPI80,,negative_region_shorter_than_window,"[0.000,0.300]",
Manual-Fil-RPI80,,negative_region_shorter_than_window,"[2.680,3.680]",
Manual-Fil-RPI80,,negative_region_shorter_than_window,"[5.660,6.900]",
Manual-Fil-RPI80,,negative_region_shorter_than_window,"[11.200,11.600]",
Manual-Fil-RPI80,,negative_region_shorter_than_window,"[19.000,19.980]",
Manual-Fil-RPI80,,negative_region_shorter_than_window,"[22.180,22.800]",
Manual-Fil-RPI80,,negative_region_shorter_than_window,"[28.110,29.237]",
Manual-Fil-RPI81,Manual-Fil-RPI81#humanhuman-0130,insufficient_pre_context,post_roll=0.25,0.85
Manual-Fil-RPI81,Manual-Fil-RPI81#humanhuman-0130,insufficient_pre_context,post_roll=0.4,1.0
Manual-Fil-RPI81,Manual-Fil-RPI81#humanhuman-0130,partial_tail:overlaps_other_wakeword_like_annotation,,1.6765
Manual-Fil-RPI81,Manual-Fil-RPI81#humanhuman-0131,insufficient_pre_context,post_roll=0.25,2.91
Manual-Fil-RPI81,Manual-Fil-RPI81#humanhuman-0131,insufficient_pre_context,post_roll=0.4,3.06
Manual-Fil-RPI81,Manual-Fil-RPI81#humanhuman-0131,partial_head:overlaps_other_wakeword_like_annotation,,1.841
Manual-Fil-RPI82,Manual-Fil-RPI82#humanhuman-0132,insufficient_pre_context,post_roll=0.4,1.0
Manual-Fil-RPI82,Manual-Fil-RPI82#humanhuman-0132,partial_tail:overlaps_other_wakeword_like_annotation,,1.68
Manual-Fil-RPI82,Manual-Fil-RPI82#humanhuman-0133,insufficient_pre_context,post_roll=0.25,2.71
Manual-Fil-RPI82,Manual-Fil-RPI82#humanhuman-0133,insufficient_pre_context,post_roll=0.4,2.86
Manual-Fil-RPI82,Manual-Fil-RPI82#humanhuman-0133,partial_head:overlaps_other_wakeword_like_annotation,,1.641
Manual-Fil-RPI82,Manual-Fil-RPI82#humanhuman-0134,insufficient_pre_context,post_roll=0.25,5.38
Manual-Fil-RPI82,Manual-Fil-RPI82#humanhuman-0134,insufficient_pre_context,post_roll=0.4,5.53
Manual-Fil-RPI9,Manual-Fil-RPI9#asr000,insufficient_pre_context,post_roll=0.1,-0.11
Manual-Fil-RPI9,Manual-Fil-RPI9#asr000,insufficient_pre_context,post_roll=0.25,0.04
Manual-Fil-RPI9,Manual-Fil-RPI9#asr000,insufficient_pre_context,post_roll=0.4,0.19
en_GB-alan-medium_spd0.85_pit-2,en_GB-alan-medium_spd0.85_pit-2#gt000,partial_head:padding_exceeds_max_pad_fraction,,-1.1323
en_GB-alan-medium_spd0.85_pit-2,en_GB-alan-medium_spd0.85_pit-2#gt000,partial_tail:padding_exceeds_max_pad_fraction,,0.64
en_GB-alan-medium_spd0.85_pit0,en_GB-alan-medium_spd0.85_pit0#gt000,partial_head:padding_exceeds_max_pad_fraction,,-1.1334
en_GB-alan-medium_spd0.85_pit0,en_GB-alan-medium_spd0.85_pit0#gt000,partial_tail:padding_exceeds_max_pad_fraction,,0.6211
en_GB-alan-medium_spd0.85_pit2,en_GB-alan-medium_spd0.85_pit2#gt000,partial_head:padding_exceeds_max_pad_fraction,,-1.1418
en_GB-alan-medium_spd0.85_pit2,en_GB-alan-medium_spd0.85_pit2#gt000,partial_tail:padding_exceeds_max_pad_fraction,,0.6395
en_GB-alan-medium_spd1.0_pit-2,en_GB-alan-medium_spd1.0_pit-2#gt000,partial_head:padding_exceeds_max_pad_fraction,,-1.1877
en_GB-alan-medium_spd1.0_pit-2,en_GB-alan-medium_spd1.0_pit-2#gt000,partial_tail:padding_exceeds_max_pad_fraction,,0.5457
en_GB-alan-medium_spd1.0_pit0,en_GB-alan-medium_spd1.0_pit0#gt000,partial_head:padding_exceeds_max_pad_fraction,,-1.1707
en_GB-alan-medium_spd1.0_pit0,en_GB-alan-medium_spd1.0_pit0#gt000,partial_tail:padding_exceeds_max_pad_fraction,,0.5687
en_GB-alan-medium_spd1.0_pit2,en_GB-alan-medium_spd1.0_pit2#gt000,partial_head:padding_exceeds_max_pad_fraction,,-1.1797
en_GB-alan-medium_spd1.0_pit2,en_GB-alan-medium_spd1.0_pit2#gt000,partial_tail:padding_exceeds_max_pad_fraction,,0.5777
en_GB-alan-medium_spd1.15_pit-2,en_GB-alan-medium_spd1.15_pit-2#gt000,partial_head:padding_exceeds_max_pad_fraction,,-1.2017
en_GB-alan-medium_spd1.15_pit-2,en_GB-alan-medium_spd1.15_pit-2#gt000,partial_tail:padding_exceeds_max_pad_fraction,,0.5198
en_GB-alan-medium_spd1.15_pit0,en_GB-alan-medium_spd1.15_pit0#gt000,partial_head:padding_exceeds_max_pad_fraction,,-1.2157
en_GB-alan-medium_spd1.15_pit0,en_GB-alan-medium_spd1.15_pit0#gt000,partial_tail:padding_exceeds_max_pad_fraction,,0.4939
en_GB-alan-medium_spd1.15_pit2,en_GB-alan-medium_spd1.15_pit2#gt000,partial_head:padding_exceeds_max_pad_fraction,,-1.2146
en_GB-alan-medium_spd1.15_pit2,en_GB-alan-medium_spd1.15_pit2#gt000,partial_tail:padding_exceeds_max_pad_fraction,,0.5128
en_US-amy-medium_spd0.85_pit-2,en_US-amy-medium_spd0.85_pit-2#gt000,partial_head:padding_exceeds_max_pad_fraction,,-1.1703
en_US-amy-medium_spd0.85_pit-2,en_US-amy-medium_spd0.85_pit-2#gt000,partial_tail:padding_exceeds_max_pad_fraction,,0.5782
en_US-amy-medium_spd0.85_pit0,en_US-amy-medium_spd0.85_pit0#gt000,partial_head:padding_exceeds_max_pad_fraction,,-1.1164
en_US-amy-medium_spd0.85_pit0,en_US-amy-medium_spd0.85_pit0#gt000,partial_tail:padding_exceeds_max_pad_fraction,,0.644
en_US-amy-medium_spd0.85_pit2,en_US-amy-medium_spd0.85_pit2#gt000,partial_head:padding_exceeds_max_pad_fraction,,-1.1932
en_US-amy-medium_spd0.85_pit2,en_US-amy-medium_spd0.85_pit2#gt000,partial_tail:padding_exceeds_max_pad_fraction,,0.5612
en_US-amy-medium_spd1.0_pit-2,en_US-amy-medium_spd1.0_pit-2#gt000,partial_head:padding_exceeds_max_pad_fraction,,-1.1548
en_US-amy-medium_spd1.0_pit-2,en_US-amy-medium_spd1.0_pit-2#gt000,partial_tail:padding_exceeds_max_pad_fraction,,0.5727
en_US-amy-medium_spd1.0_pit0,en_US-amy-medium_spd1.0_pit0#gt000,partial_head:padding_exceeds_max_pad_fraction,,-1.1513
en_US-amy-medium_spd1.0_pit0,en_US-amy-medium_spd1.0_pit0#gt000,partial_tail:padding_exceeds_max_pad_fraction,,0.5792
en_US-amy-medium_spd1.0_pit2,en_US-amy-medium_spd1.0_pit2#gt000,partial_head:padding_exceeds_max_pad_fraction,,-1.2276
en_US-amy-medium_spd1.0_pit2,en_US-amy-medium_spd1.0_pit2#gt000,partial_tail:padding_exceeds_max_pad_fraction,,0.5058
en_US-amy-medium_spd1.15_pit-2,en_US-amy-medium_spd1.15_pit-2#gt000,partial_head:padding_exceeds_max_pad_fraction,,-1.2057
en_US-amy-medium_spd1.15_pit-2,en_US-amy-medium_spd1.15_pit-2#gt000,partial_tail:padding_exceeds_max_pad_fraction,,0.5039
en_US-amy-medium_spd1.15_pit0,en_US-amy-medium_spd1.15_pit0#gt000,partial_head:padding_exceeds_max_pad_fraction,,-1.2127
en_US-amy-medium_spd1.15_pit0,en_US-amy-medium_spd1.15_pit0#gt000,partial_tail:padding_exceeds_max_pad_fraction,,0.4909
en_US-amy-medium_spd1.15_pit2,en_US-amy-medium_spd1.15_pit2#gt000,partial_head:padding_exceeds_max_pad_fraction,,-1.2187
en_US-amy-medium_spd1.15_pit2,en_US-amy-medium_spd1.15_pit2#gt000,partial_tail:padding_exceeds_max_pad_fraction,,0.4969
en_US-lessac-medium_spd0.85_pit-2,en_US-lessac-medium_spd0.85_pit-2#gt000,partial_head:padding_exceeds_max_pad_fraction,,-1.2131
en_US-lessac-medium_spd0.85_pit-2,en_US-lessac-medium_spd0.85_pit-2#gt000,partial_tail:padding_exceeds_max_pad_fraction,,0.4814
en_US-lessac-medium_spd0.85_pit0,en_US-lessac-medium_spd0.85_pit0#gt000,partial_head:padding_exceeds_max_pad_fraction,,-1.2082
en_US-lessac-medium_spd0.85_pit0,en_US-lessac-medium_spd0.85_pit0#gt000,partial_tail:padding_exceeds_max_pad_fraction,,0.5163
en_US-lessac-medium_spd1.0_pit0,en_US-lessac-medium_spd1.0_pit0#gt000,partial_head:padding_exceeds_max_pad_fraction,,-1.2441
en_US-lessac-medium_spd1.0_pit0,en_US-lessac-medium_spd1.0_pit0#gt000,partial_tail:padding_exceeds_max_pad_fraction,,0.4325
en_US-lessac-medium_spd1.15_pit-2,en_US-lessac-medium_spd1.15_pit-2#gt000,partial_head:padding_exceeds_max_pad_fraction,,-1.2676
en_US-lessac-medium_spd1.15_pit-2,en_US-lessac-medium_spd1.15_pit-2#gt000,partial_tail:padding_exceeds_max_pad_fraction,,0.4061
en_US-lessac-medium_spd1.15_pit0,en_US-lessac-medium_spd1.15_pit0#gt000,partial_head:padding_exceeds_max_pad_fraction,,-1.2416
en_US-lessac-medium_spd1.15_pit0,en_US-lessac-medium_spd1.15_pit0#gt000,partial_tail:padding_exceeds_max_pad_fraction,,0.42
en_US-lessac-medium_spd1.15_pit2,en_US-lessac-medium_spd1.15_pit2#gt000,partial_head:padding_exceeds_max_pad_fraction,,-1.2536
en_US-lessac-medium_spd1.15_pit2,en_US-lessac-medium_spd1.15_pit2#gt000,partial_tail:padding_exceeds_max_pad_fraction,,0.432
en_US-ryan-medium_spd0.85_pit-2,en_US-ryan-medium_spd0.85_pit-2#gt000,partial_head:padding_exceeds_max_pad_fraction,,-1.273
en_US-ryan-medium_spd0.85_pit-2,en_US-ryan-medium_spd0.85_pit-2#gt000,partial_tail:padding_exceeds_max_pad_fraction,,0.4215
en_US-ryan-medium_spd0.85_pit0,en_US-ryan-medium_spd0.85_pit0#gt000,partial_head:padding_exceeds_max_pad_fraction,,-1.266
en_US-ryan-medium_spd0.85_pit0,en_US-ryan-medium_spd0.85_pit0#gt000,partial_tail:padding_exceeds_max_pad_fraction,,0.4345
en_US-ryan-medium_spd0.85_pit2,en_US-ryan-medium_spd0.85_pit2#gt000,partial_head:padding_exceeds_max_pad_fraction,,-1.2835
en_US-ryan-medium_spd0.85_pit2,en_US-ryan-medium_spd0.85_pit2#gt000,partial_tail:padding_exceeds_max_pad_fraction,,0.4021
en_US-ryan-medium_spd1.0_pit0,en_US-ryan-medium_spd1.0_pit0#gt000,partial_head:padding_exceeds_max_pad_fraction,,-1.287
en_US-ryan-medium_spd1.0_pit0,en_US-ryan-medium_spd1.0_pit0#gt000,partial_tail:padding_exceeds_max_pad_fraction,,0.3956
en_US-ryan-medium_spd1.0_pit2,en_US-ryan-medium_spd1.0_pit2#gt000,partial_head:padding_exceeds_max_pad_fraction,,-1.273
en_US-ryan-medium_spd1.0_pit2,en_US-ryan-medium_spd1.0_pit2#gt000,partial_tail:padding_exceeds_max_pad_fraction,,0.4215
en_US-ryan-medium_spd1.15_pit0,en_US-ryan-medium_spd1.15_pit0#gt000,partial_head:padding_exceeds_max_pad_fraction,,-1.2905
en_US-ryan-medium_spd1.15_pit0,en_US-ryan-medium_spd1.15_pit0#gt000,partial_tail:padding_exceeds_max_pad_fraction,,0.3891
en_US-ryan-medium_spd1.15_pit2,en_US-ryan-medium_spd1.15_pit2#gt000,partial_head:padding_exceeds_max_pad_fraction,,-1.2765
en_US-ryan-medium_spd1.15_pit2,en_US-ryan-medium_spd1.15_pit2#gt000,partial_tail:padding_exceeds_max_pad_fraction,,0.415
fil-PH-AngeloNeural_spd0.85_pit-2,fil-PH-AngeloNeural_spd0.85_pit-2#gt000,partial_head:padding_exceeds_max_pad_fraction,,-1.0145
fil-PH-AngeloNeural_spd0.85_pit0,fil-PH-AngeloNeural_spd0.85_pit0#gt000,partial_head:padding_exceeds_max_pad_fraction,,-1.0045
fil-PH-AngeloNeural_spd0.85_pit2,fil-PH-AngeloNeural_spd0.85_pit2#gt000,partial_head:padding_exceeds_max_pad_fraction,,-1.011
fil-PH-AngeloNeural_spd1.0_pit-2,fil-PH-AngeloNeural_spd1.0_pit-2#gt000,partial_head:padding_exceeds_max_pad_fraction,,-1.073
fil-PH-AngeloNeural_spd1.0_pit0,fil-PH-AngeloNeural_spd1.0_pit0#gt000,partial_head:padding_exceeds_max_pad_fraction,,-1.0795
fil-PH-AngeloNeural_spd1.0_pit2,fil-PH-AngeloNeural_spd1.0_pit2#gt000,partial_head:padding_exceeds_max_pad_fraction,,-1.076
fil-PH-AngeloNeural_spd1.15_pit0,fil-PH-AngeloNeural_spd1.15_pit0#gt000,partial_head:padding_exceeds_max_pad_fraction,,-1.1275
fil-PH-AngeloNeural_spd1.15_pit2,fil-PH-AngeloNeural_spd1.15_pit2#gt000,partial_head:padding_exceeds_max_pad_fraction,,-1.124
fil-PH-BlessicaNeural_spd0.85_pit-2,fil-PH-BlessicaNeural_spd0.85_pit-2#gt000,partial_head:padding_exceeds_max_pad_fraction,,-0.9435
fil-PH-BlessicaNeural_spd0.85_pit0,fil-PH-BlessicaNeural_spd0.85_pit0#gt000,partial_head:padding_exceeds_max_pad_fraction,,-0.93
fil-PH-BlessicaNeural_spd0.85_pit2,fil-PH-BlessicaNeural_spd0.85_pit2#gt000,partial_head:padding_exceeds_max_pad_fraction,,-0.9335
fil-PH-BlessicaNeural_spd1.0_pit-2,fil-PH-BlessicaNeural_spd1.0_pit-2#gt000,partial_head:padding_exceeds_max_pad_fraction,,-1.0155
fil-PH-BlessicaNeural_spd1.0_pit0,fil-PH-BlessicaNeural_spd1.0_pit0#gt000,partial_head:padding_exceeds_max_pad_fraction,,-1.012
fil-PH-BlessicaNeural_spd1.0_pit2,fil-PH-BlessicaNeural_spd1.0_pit2#gt000,partial_head:padding_exceeds_max_pad_fraction,,-1.012
fil-PH-BlessicaNeural_spd1.15_pit-2,fil-PH-BlessicaNeural_spd1.15_pit-2#gt000,partial_head:padding_exceeds_max_pad_fraction,,-1.07
fil-PH-BlessicaNeural_spd1.15_pit0,fil-PH-BlessicaNeural_spd1.15_pit0#gt000,partial_head:padding_exceeds_max_pad_fraction,,-1.07
fil-PH-BlessicaNeural_spd1.15_pit2,fil-PH-BlessicaNeural_spd1.15_pit2#gt000,partial_head:padding_exceeds_max_pad_fraction,,-1.0635
id_ID-news_tts-medium_spd0.85_pit0,id_ID-news_tts-medium_spd0.85_pit0#gt000,partial_head:padding_exceeds_max_pad_fraction,,-1.0724
id_ID-news_tts-medium_spd0.85_pit0,id_ID-news_tts-medium_spd0.85_pit0#gt000,partial_tail:padding_exceeds_max_pad_fraction,,0.6999
id_ID-news_tts-medium_spd1.15_pit0,id_ID-news_tts-medium_spd1.15_pit0#gt000,partial_head:padding_exceeds_max_pad_fraction,,-1.1972
id_ID-news_tts-medium_spd1.15_pit0,id_ID-news_tts-medium_spd1.15_pit0#gt000,partial_tail:padding_exceeds_max_pad_fraction,,0.5453
syn_stream_0005,syn_stream_0005#gt001,occurrence_too_long_for_window,span+tol=1.872s,
syn_stream_0006,syn_stream_0006#gt000,overlaps_other_wakeword_like_annotation,post_roll=0.25,13.0664
syn_stream_0006,syn_stream_0006#gt000,overlaps_other_wakeword_like_annotation,post_roll=0.4,13.2164
syn_stream_0006,syn_stream_0006#gt000,partial_tail:overlaps_other_wakeword_like_annotation,,14.0441
syn_stream_0006,syn_stream_0006#gt001,overlaps_other_wakeword_like_annotation,post_roll=0.1,13.8066
syn_stream_0006,syn_stream_0006#gt001,overlaps_other_wakeword_like_annotation,post_roll=0.25,13.9566
syn_stream_0006,syn_stream_0006#gt001,overlaps_other_wakeword_like_annotation,post_roll=0.4,14.1066
syn_stream_0006,syn_stream_0006#gt001,centered_fallback_failed,,14.1083
syn_stream_0006,syn_stream_0006#gt001,partial_head:overlaps_other_wakeword_like_annotation,,13.2539
syn_stream_0007,syn_stream_0007#gt000,occurrence_too_long_for_window,span+tol=1.872s,
syn_stream_0008,syn_stream_0008#gt000,occurrence_too_long_for_window,span+tol=1.872s,
syn_stream_0010,syn_stream_0010#gt000,occurrence_too_long_for_window,span+tol=1.872s,
syn_stream_0016,syn_stream_0016#gt000,overlaps_other_wakeword_like_annotation,post_roll=0.4,15.0865
syn_stream_0016,syn_stream_0016#gt000,partial_tail:overlaps_other_wakeword_like_annotation,,15.8696
syn_stream_0016,syn_stream_0016#gt001,occurrence_too_long_for_window,span+tol=1.872s,
syn_stream_0016,syn_stream_0016#gt001,partial_head:overlaps_other_wakeword_like_annotation,,15.6632
syn_stream_0017,syn_stream_0017#gt000,occurrence_too_long_for_window,span+tol=1.872s,
syn_stream_0024,syn_stream_0024#gt000,overlaps_other_wakeword_like_annotation,post_roll=0.1,11.9789
syn_stream_0024,syn_stream_0024#gt000,overlaps_other_wakeword_like_annotation,post_roll=0.25,12.1289
syn_stream_0024,syn_stream_0024#gt000,overlaps_other_wakeword_like_annotation,post_roll=0.4,12.2789
syn_stream_0024,syn_stream_0024#gt000,centered_fallback_failed,,12.1489
syn_stream_0024,syn_stream_0024#gt000,partial_head:overlaps_other_wakeword_like_annotation,,11.2549
syn_stream_0024,syn_stream_0024#gt000,partial_tail:overlaps_other_wakeword_like_annotation,,13.0429
syn_stream_0024,syn_stream_0024#gt001,overlaps_other_wakeword_like_annotation,post_roll=0.1,12.1003
syn_stream_0024,syn_stream_0024#gt001,overlaps_other_wakeword_like_annotation,post_roll=0.25,12.2503
syn_stream_0024,syn_stream_0024#gt001,overlaps_other_wakeword_like_annotation,post_roll=0.4,12.4003
syn_stream_0024,syn_stream_0024#gt001,centered_fallback_failed,,12.3614
syn_stream_0024,syn_stream_0024#gt001,partial_head:overlaps_other_wakeword_like_annotation,,11.4947
syn_stream_0024,syn_stream_0024#gt001,partial_tail:overlaps_other_wakeword_like_annotation,,13.2281
syn_stream_0026,syn_stream_0026#gt000,occurrence_too_long_for_window,span+tol=1.872s,
syn_stream_0026,syn_stream_0026#gt000,partial_tail:overlaps_other_wakeword_like_annotation,,10.2597
syn_stream_0026,syn_stream_0026#gt001,overlaps_other_wakeword_like_annotation,post_roll=0.1,10.513
syn_stream_0026,syn_stream_0026#gt001,overlaps_other_wakeword_like_annotation,post_roll=0.25,10.663
syn_stream_0026,syn_stream_0026#gt001,overlaps_other_wakeword_like_annotation,post_roll=0.4,10.813
syn_stream_0026,syn_stream_0026#gt001,centered_fallback_failed,,10.7335
syn_stream_0026,syn_stream_0026#gt001,partial_head:overlaps_other_wakeword_like_annotation,,9.8546
syn_stream_0032,syn_stream_0032#gt000,partial_tail:overlaps_other_wakeword_like_annotation,,14.6507
syn_stream_0032,syn_stream_0032#gt001,partial_head:overlaps_other_wakeword_like_annotation,,14.4187
syn_stream_0034,syn_stream_0034#gt000,occurrence_too_long_for_window,span+tol=1.872s,
syn_stream_0036,syn_stream_0036#gt000,occurrence_too_long_for_window,span+tol=1.872s,
syn_stream_0037,syn_stream_0037#gt001,insufficient_pre_context,post_roll=0.4,20.0305
syn_stream_0038,syn_stream_0038#gt000,occurrence_too_long_for_window,span+tol=1.872s,
syn_stream_0040,syn_stream_0040#gt000,occurrence_too_long_for_window,span+tol=1.872s,
syn_stream_0041,syn_stream_0041#gt001,occurrence_too_long_for_window,span+tol=1.872s,
syn_stream_0045,syn_stream_0045#gt000,occurrence_too_long_for_window,span+tol=1.872s,
syn_stream_0047,syn_stream_0047#gt000,insufficient_pre_context,post_roll=0.4,8.8832
syn_stream_0051,,negative_region_shorter_than_window,"[10.598,11.169]",
syn_stream_0057,syn_stream_0057#gt000,partial_tail:overlaps_other_wakeword_like_annotation,,12.725
syn_stream_0057,syn_stream_0057#gt001,partial_head:overlaps_other_wakeword_like_annotation,,12.4059
syn_stream_0058,syn_stream_0058#gt001,occurrence_too_long_for_window,span+tol=1.872s,
syn_stream_0059,syn_stream_0059#gt001,occurrence_too_long_for_window,span+tol=1.872s,
syn_stream_0060,,negative_region_shorter_than_window,"[18.414,19.090]",
syn_stream_0066,,negative_region_shorter_than_window,"[14.287,15.632]",
syn_stream_0067,syn_stream_0067#gt000,occurrence_too_long_for_window,span+tol=1.872s,
syn_stream_0075,syn_stream_0075#gt000,insufficient_pre_context,post_roll=0.4,8.3552
syn_stream_0077,,negative_region_shorter_than_window,"[16.750,18.197]",
syn_stream_0080,syn_stream_0080#gt001,occurrence_too_long_for_window,span+tol=1.872s,
syn_stream_0081,syn_stream_0081#gt000,insufficient_pre_context,post_roll=0.4,6.9528
syn_stream_0086,syn_stream_0086#gt001,occurrence_too_long_for_window,span+tol=1.872s,
syn_stream_0090,syn_stream_0090#gt001,occurrence_too_long_for_window,span+tol=1.872s,
syn_stream_0093,syn_stream_0093#gt000,occurrence_too_long_for_window,span+tol=1.872s,
syn_stream_0095,syn_stream_0095#gt000,occurrence_too_long_for_window,span+tol=1.872s,
syn_stream_0095,syn_stream_0095#gt000,partial_tail:overlaps_other_wakeword_like_annotation,,15.0526
syn_stream_0095,syn_stream_0095#gt001,overlaps_other_wakeword_like_annotation,post_roll=0.1,15.4577
syn_stream_0095,syn_stream_0095#gt001,overlaps_other_wakeword_like_annotation,post_roll=0.25,15.6077
syn_stream_0095,syn_stream_0095#gt001,partial_head:overlaps_other_wakeword_like_annotation,,14.7233
syn_stream_0097,syn_stream_0097#gt000,occurrence_too_long_for_window,span+tol=1.872s,
syn_stream_0103,,negative_region_shorter_than_window,"[11.724,11.958]",
syn_stream_0108,syn_stream_0108#gt000,occurrence_too_long_for_window,span+tol=1.872s,
syn_stream_0108,syn_stream_0108#gt000,partial_tail:overlaps_other_wakeword_like_annotation,,21.0056
syn_stream_0108,syn_stream_0108#gt001,partial_head:overlaps_other_wakeword_like_annotation,,21.0634
syn_stream_0110,syn_stream_0110#gt001,occurrence_too_long_for_window,span+tol=1.872s,
syn_stream_0114,syn_stream_0114#gt000,partial_tail:overlaps_other_wakeword_like_annotation,,17.2581
syn_stream_0114,syn_stream_0114#gt001,partial_head:overlaps_other_wakeword_like_annotation,,17.3513
syn_stream_0114,,negative_region_shorter_than_window,"[17.986,18.047]",
syn_stream_0118,syn_stream_0118#gt001,occurrence_too_long_for_window,span+tol=1.872s,
syn_stream_0118,,negative_region_shorter_than_window,"[16.407,16.722]",
tts2_en_GB-aru-medium_spk0_pos0,tts2_en_GB-aru-medium_spk0_pos0#gt000,partial_head:padding_exceeds_max_pad_fraction,,-1.1373
tts2_en_GB-aru-medium_spk0_pos0,tts2_en_GB-aru-medium_spk0_pos0#gt000,partial_tail:padding_exceeds_max_pad_fraction,,0.665
tts2_en_GB-aru-medium_spk10_pos1,tts2_en_GB-aru-medium_spk10_pos1#gt000,partial_head:padding_exceeds_max_pad_fraction,,-1.2231
tts2_en_GB-aru-medium_spk10_pos1,tts2_en_GB-aru-medium_spk10_pos1#gt000,partial_tail:padding_exceeds_max_pad_fraction,,0.4714
tts2_en_GB-aru-medium_spk11_pos0,tts2_en_GB-aru-medium_spk11_pos0#gt000,partial_head:padding_exceeds_max_pad_fraction,,-1.3079
tts2_en_GB-aru-medium_spk11_pos0,tts2_en_GB-aru-medium_spk11_pos0#gt000,partial_tail:padding_exceeds_max_pad_fraction,,0.3567
tts2_en_GB-aru-medium_spk11_pos1,tts2_en_GB-aru-medium_spk11_pos1#gt000,partial_head:padding_exceeds_max_pad_fraction,,-1.274
tts2_en_GB-aru-medium_spk11_pos1,tts2_en_GB-aru-medium_spk11_pos1#gt000,partial_tail:padding_exceeds_max_pad_fraction,,0.4026
tts2_en_GB-aru-medium_spk1_pos0,tts2_en_GB-aru-medium_spk1_pos0#gt000,partial_head:padding_exceeds_max_pad_fraction,,-1.1962
tts2_en_GB-aru-medium_spk1_pos0,tts2_en_GB-aru-medium_spk1_pos0#gt000,partial_tail:padding_exceeds_max_pad_fraction,,0.5642
tts2_en_GB-aru-medium_spk1_pos1,tts2_en_GB-aru-medium_spk1_pos1#gt000,partial_head:padding_exceeds_max_pad_fraction,,-1.1518
tts2_en_GB-aru-medium_spk1_pos1,tts2_en_GB-aru-medium_spk1_pos1#gt000,partial_tail:padding_exceeds_max_pad_fraction,,0.5697
tts2_en_GB-aru-medium_spk2_pos0,tts2_en_GB-aru-medium_spk2_pos0#gt000,partial_head:padding_exceeds_max_pad_fraction,,-1.2381
tts2_en_GB-aru-medium_spk2_pos0,tts2_en_GB-aru-medium_spk2_pos0#gt000,partial_tail:padding_exceeds_max_pad_fraction,,0.4864
tts2_en_GB-aru-medium_spk2_pos1,tts2_en_GB-aru-medium_spk2_pos1#gt000,partial_head:padding_exceeds_max_pad_fraction,,-1.2476
tts2_en_GB-aru-medium_spk2_pos1,tts2_en_GB-aru-medium_spk2_pos1#gt000,partial_tail:padding_exceeds_max_pad_fraction,,0.4261
tts2_en_GB-aru-medium_spk3_pos0,tts2_en_GB-aru-medium_spk3_pos0#gt000,insufficient_pre_context,post_roll=0.4,0.0773
tts2_en_GB-aru-medium_spk3_pos0,tts2_en_GB-aru-medium_spk3_pos0#gt000,partial_head:padding_exceeds_max_pad_fraction,,-1.0101
tts2_en_GB-aru-medium_spk3_pos0,tts2_en_GB-aru-medium_spk3_pos0#gt000,partial_tail:padding_exceeds_max_pad_fraction,,0.8071
tts2_en_GB-aru-medium_spk3_pos1,tts2_en_GB-aru-medium_spk3_pos1#gt000,partial_tail:padding_exceeds_max_pad_fraction,,1.1898
tts2_en_GB-aru-medium_spk4_pos0,tts2_en_GB-aru-medium_spk4_pos0#gt000,partial_head:padding_exceeds_max_pad_fraction,,-1.2276
tts2_en_GB-aru-medium_spk4_pos0,tts2_en_GB-aru-medium_spk4_pos0#gt000,partial_tail:padding_exceeds_max_pad_fraction,,0.5058
tts2_en_GB-aru-medium_spk5_pos1,tts2_en_GB-aru-medium_spk5_pos1#gt000,partial_head:padding_exceeds_max_pad_fraction,,-1.2157
tts2_en_GB-aru-medium_spk5_pos1,tts2_en_GB-aru-medium_spk5_pos1#gt000,partial_tail:padding_exceeds_max_pad_fraction,,0.4939
tts2_en_GB-aru-medium_spk6_pos1,tts2_en_GB-aru-medium_spk6_pos1#gt000,partial_head:padding_exceeds_max_pad_fraction,,-1.1568
tts2_en_GB-aru-medium_spk6_pos1,tts2_en_GB-aru-medium_spk6_pos1#gt000,partial_tail:padding_exceeds_max_pad_fraction,,0.5947
tts2_en_GB-aru-medium_spk7_pos0,tts2_en_GB-aru-medium_spk7_pos0#gt000,partial_head:padding_exceeds_max_pad_fraction,,-1.2765
tts2_en_GB-aru-medium_spk7_pos0,tts2_en_GB-aru-medium_spk7_pos0#gt000,partial_tail:padding_exceeds_max_pad_fraction,,0.415
tts2_en_GB-aru-medium_spk8_pos1,tts2_en_GB-aru-medium_spk8_pos1#gt000,partial_head:padding_exceeds_max_pad_fraction,,-1.2611
tts2_en_GB-aru-medium_spk8_pos1,tts2_en_GB-aru-medium_spk8_pos1#gt000,partial_tail:padding_exceeds_max_pad_fraction,,0.4096
tts2_en_GB-aru-medium_spk9_pos0,tts2_en_GB-aru-medium_spk9_pos0#gt000,insufficient_pre_context,post_roll=0.25,0.1368
tts2_en_GB-aru-medium_spk9_pos0,tts2_en_GB-aru-medium_spk9_pos0#gt000,insufficient_pre_context,post_roll=0.4,0.2868
tts2_en_GB-aru-medium_spk9_pos0,tts2_en_GB-aru-medium_spk9_pos0#gt000,partial_head:padding_exceeds_max_pad_fraction,,-0.9887
tts2_en_GB-aru-medium_spk9_pos0,tts2_en_GB-aru-medium_spk9_pos0#gt000,partial_tail:padding_exceeds_max_pad_fraction,,0.9154
tts2_en_GB-aru-medium_spk9_pos1,tts2_en_GB-aru-medium_spk9_pos1#gt000,insufficient_pre_context,post_roll=0.25,0.1468
tts2_en_GB-aru-medium_spk9_pos1,tts2_en_GB-aru-medium_spk9_pos1#gt000,insufficient_pre_context,post_roll=0.4,0.2968
tts2_en_GB-aru-medium_spk9_pos1,tts2_en_GB-aru-medium_spk9_pos1#gt000,partial_head:padding_exceeds_max_pad_fraction,,-0.9722
tts2_en_GB-aru-medium_spk9_pos1,tts2_en_GB-aru-medium_spk9_pos1#gt000,partial_tail:padding_exceeds_max_pad_fraction,,0.9289
tts2_en_GB-cori-medium_spk0_pos0,tts2_en_GB-cori-medium_spk0_pos0#gt000,partial_head:padding_exceeds_max_pad_fraction,,-1.2326
tts2_en_GB-cori-medium_spk0_pos0,tts2_en_GB-cori-medium_spk0_pos0#gt000,partial_tail:padding_exceeds_max_pad_fraction,,0.4709
tts2_en_GB-cori-medium_spk0_pos1,tts2_en_GB-cori-medium_spk0_pos1#gt000,partial_head:padding_exceeds_max_pad_fraction,,-1.2106
tts2_en_GB-cori-medium_spk0_pos1,tts2_en_GB-cori-medium_spk0_pos1#gt000,partial_tail:padding_exceeds_max_pad_fraction,,0.5288
tts2_en_GB-jenny_dioco-medium_spk0_pos0,tts2_en_GB-jenny_dioco-medium_spk0_pos0#gt000,partial_head:padding_exceeds_max_pad_fraction,,-1.2695
tts2_en_GB-jenny_dioco-medium_spk0_pos0,tts2_en_GB-jenny_dioco-medium_spk0_pos0#gt000,partial_tail:padding_exceeds_max_pad_fraction,,0.428
tts2_en_GB-jenny_dioco-medium_spk0_pos1,tts2_en_GB-jenny_dioco-medium_spk0_pos1#gt000,partial_head:padding_exceeds_max_pad_fraction,,-1.1273
tts2_en_GB-jenny_dioco-medium_spk0_pos1,tts2_en_GB-jenny_dioco-medium_spk0_pos1#gt000,partial_tail:padding_exceeds_max_pad_fraction,,0.675
tts2_en_GB-northern_english_male-medium_spk0_pos0,tts2_en_GB-northern_english_male-medium_spk0_pos0#gt000,partial_head:padding_exceeds_max_pad_fraction,,-1.2391
tts2_en_GB-northern_english_male-medium_spk0_pos0,tts2_en_GB-northern_english_male-medium_spk0_pos0#gt000,partial_tail:padding_exceeds_max_pad_fraction,,0.4675
tts2_en_GB-northern_english_male-medium_spk0_pos1,tts2_en_GB-northern_english_male-medium_spk0_pos1#gt000,partial_head:padding_exceeds_max_pad_fraction,,-1.2711
tts2_en_GB-northern_english_male-medium_spk0_pos1,tts2_en_GB-northern_english_male-medium_spk0_pos1#gt000,partial_tail:padding_exceeds_max_pad_fraction,,0.3996
tts2_en_GB-semaine-medium_spk1_pos0,tts2_en_GB-semaine-medium_spk1_pos0#gt000,partial_head:padding_exceeds_max_pad_fraction,,-1.1648
tts2_en_GB-semaine-medium_spk1_pos0,tts2_en_GB-semaine-medium_spk1_pos0#gt000,partial_tail:padding_exceeds_max_pad_fraction,,0.6226
tts2_en_GB-semaine-medium_spk1_pos1,tts2_en_GB-semaine-medium_spk1_pos1#gt000,partial_head:padding_exceeds_max_pad_fraction,,-1.1553
tts2_en_GB-semaine-medium_spk1_pos1,tts2_en_GB-semaine-medium_spk1_pos1#gt000,partial_tail:padding_exceeds_max_pad_fraction,,0.6231
tts2_en_GB-semaine-medium_spk2_pos0,tts2_en_GB-semaine-medium_spk2_pos0#gt000,insufficient_pre_context,post_roll=0.1,-0.0132
tts2_en_GB-semaine-medium_spk2_pos0,tts2_en_GB-semaine-medium_spk2_pos0#gt000,insufficient_pre_context,post_roll=0.25,0.1368
tts2_en_GB-semaine-medium_spk2_pos0,tts2_en_GB-semaine-medium_spk2_pos0#gt000,insufficient_pre_context,post_roll=0.4,0.2868
tts2_en_GB-semaine-medium_spk2_pos0,tts2_en_GB-semaine-medium_spk2_pos0#gt000,partial_head:padding_exceeds_max_pad_fraction,,-1.0146
tts2_en_GB-semaine-medium_spk2_pos0,tts2_en_GB-semaine-medium_spk2_pos0#gt000,partial_tail:padding_exceeds_max_pad_fraction,,0.9014
tts2_en_GB-semaine-medium_spk3_pos0,tts2_en_GB-semaine-medium_spk3_pos0#gt000,partial_tail:padding_exceeds_max_pad_fraction,,0.9099
tts2_en_GB-semaine-medium_spk3_pos1,tts2_en_GB-semaine-medium_spk3_pos1#gt000,partial_head:padding_exceeds_max_pad_fraction,,-1.0695
tts2_en_GB-semaine-medium_spk3_pos1,tts2_en_GB-semaine-medium_spk3_pos1#gt000,partial_tail:padding_exceeds_max_pad_fraction,,0.6969
tts2_en_GB-southern_english_female-low_spk0_pos0,tts2_en_GB-southern_english_female-low_spk0_pos0#gt000,partial_head:padding_exceeds_max_pad_fraction,,-1.241
tts2_en_GB-southern_english_female-low_spk0_pos1,tts2_en_GB-southern_english_female-low_spk0_pos1#gt000,partial_head:padding_exceeds_max_pad_fraction,,-1.269
tts2_en_GB-southern_english_female-low_spk0_pos1,tts2_en_GB-southern_english_female-low_spk0_pos1#gt000,partial_tail:padding_exceeds_max_pad_fraction,,0.429
tts2_en_GB-vctk-medium_spk0_pos1,tts2_en_GB-vctk-medium_spk0_pos1#gt000,partial_head:padding_exceeds_max_pad_fraction,,-1.2206
tts2_en_GB-vctk-medium_spk0_pos1,tts2_en_GB-vctk-medium_spk0_pos1#gt000,partial_tail:padding_exceeds_max_pad_fraction,,0.5188
tts2_en_GB-vctk-medium_spk101_pos0,tts2_en_GB-vctk-medium_spk101_pos0#gt000,partial_head:padding_exceeds_max_pad_fraction,,-1.1683
tts2_en_GB-vctk-medium_spk101_pos0,tts2_en_GB-vctk-medium_spk101_pos0#gt000,partial_tail:padding_exceeds_max_pad_fraction,,0.6161
tts2_en_GB-vctk-medium_spk102_pos0,tts2_en_GB-vctk-medium_spk102_pos0#gt000,partial_head:padding_exceeds_max_pad_fraction,,-1.1578
tts2_en_GB-vctk-medium_spk102_pos0,tts2_en_GB-vctk-medium_spk102_pos0#gt000,partial_tail:padding_exceeds_max_pad_fraction,,0.6356
tts2_en_GB-vctk-medium_spk102_pos1,tts2_en_GB-vctk-medium_spk102_pos1#gt000,partial_head:padding_exceeds_max_pad_fraction,,-1.2206
tts2_en_GB-vctk-medium_spk102_pos1,tts2_en_GB-vctk-medium_spk102_pos1#gt000,partial_tail:padding_exceeds_max_pad_fraction,,0.5188
tts2_en_GB-vctk-medium_spk103_pos0,tts2_en_GB-vctk-medium_spk103_pos0#gt000,partial_head:padding_exceeds_max_pad_fraction,,-1.1683
tts2_en_GB-vctk-medium_spk103_pos0,tts2_en_GB-vctk-medium_spk103_pos0#gt000,partial_tail:padding_exceeds_max_pad_fraction,,0.6161
tts2_en_GB-vctk-medium_spk103_pos1,tts2_en_GB-vctk-medium_spk103_pos1#gt000,partial_head:padding_exceeds_max_pad_fraction,,-1.1683
tts2_en_GB-vctk-medium_spk103_pos1,tts2_en_GB-vctk-medium_spk103_pos1#gt000,partial_tail:padding_exceeds_max_pad_fraction,,0.6161
tts2_en_GB-vctk-medium_spk104_pos1,tts2_en_GB-vctk-medium_spk104_pos1#gt000,partial_head:padding_exceeds_max_pad_fraction,,-1.2591
tts2_en_GB-vctk-medium_spk104_pos1,tts2_en_GB-vctk-medium_spk104_pos1#gt000,partial_tail:padding_exceeds_max_pad_fraction,,0.4475
tts2_en_GB-vctk-medium_spk105_pos0,tts2_en_GB-vctk-medium_spk105_pos0#gt000,partial_head:padding_exceeds_max_pad_fraction,,-1.2416
tts2_en_GB-vctk-medium_spk105_pos0,tts2_en_GB-vctk-medium_spk105_pos0#gt000,partial_tail:padding_exceeds_max_pad_fraction,,0.4799
tts2_en_GB-vctk-medium_spk105_pos1,tts2_en_GB-vctk-medium_spk105_pos1#gt000,partial_head:padding_exceeds_max_pad_fraction,,-1.2171
tts2_en_GB-vctk-medium_spk105_pos1,tts2_en_GB-vctk-medium_spk105_pos1#gt000,partial_tail:padding_exceeds_max_pad_fraction,,0.5253
tts2_en_GB-vctk-medium_spk106_pos0,tts2_en_GB-vctk-medium_spk106_pos0#gt000,partial_head:padding_exceeds_max_pad_fraction,,-1.1717
tts2_en_GB-vctk-medium_spk106_pos0,tts2_en_GB-vctk-medium_spk106_pos0#gt000,partial_tail:padding_exceeds_max_pad_fraction,,0.6096
tts2_en_GB-vctk-medium_spk106_pos1,tts2_en_GB-vctk-medium_spk106_pos1#gt000,partial_head:padding_exceeds_max_pad_fraction,,-1.1927
tts2_en_GB-vctk-medium_spk106_pos1,tts2_en_GB-vctk-medium_spk106_pos1#gt000,partial_tail:padding_exceeds_max_pad_fraction,,0.5707
tts2_en_GB-vctk-medium_spk107_pos0,tts2_en_GB-vctk-medium_spk107_pos0#gt000,partial_head:padding_exceeds_max_pad_fraction,,-1.2346
tts2_en_GB-vctk-medium_spk107_pos0,tts2_en_GB-vctk-medium_spk107_pos0#gt000,partial_tail:padding_exceeds_max_pad_fraction,,0.4929
tts2_en_GB-vctk-medium_spk107_pos1,tts2_en_GB-vctk-medium_spk107_pos1#gt000,partial_head:padding_exceeds_max_pad_fraction,,-1.2556
tts2_en_GB-vctk-medium_spk107_pos1,tts2_en_GB-vctk-medium_spk107_pos1#gt000,partial_tail:padding_exceeds_max_pad_fraction,,0.454
tts2_en_GB-vctk-medium_spk108_pos1,tts2_en_GB-vctk-medium_spk108_pos1#gt000,partial_head:padding_exceeds_max_pad_fraction,,-1.2695
tts2_en_GB-vctk-medium_spk108_pos1,tts2_en_GB-vctk-medium_spk108_pos1#gt000,partial_tail:padding_exceeds_max_pad_fraction,,0.428
tts2_en_GB-vctk-medium_spk10_pos0,tts2_en_GB-vctk-medium_spk10_pos0#gt000,partial_head:padding_exceeds_max_pad_fraction,,-1.2171
tts2_en_GB-vctk-medium_spk10_pos0,tts2_en_GB-vctk-medium_spk10_pos0#gt000,partial_tail:padding_exceeds_max_pad_fraction,,0.5253
tts2_en_GB-vctk-medium_spk10_pos1,tts2_en_GB-vctk-medium_spk10_pos1#gt000,partial_head:padding_exceeds_max_pad_fraction,,-1.2281
tts2_en_GB-vctk-medium_spk10_pos1,tts2_en_GB-vctk-medium_spk10_pos1#gt000,partial_tail:padding_exceeds_max_pad_fraction,,0.4964
tts2_en_GB-vctk-medium_spk11_pos0,tts2_en_GB-vctk-medium_spk11_pos0#gt000,partial_head:padding_exceeds_max_pad_fraction,,-1.1962
tts2_en_GB-vctk-medium_spk11_pos0,tts2_en_GB-vctk-medium_spk11_pos0#gt000,partial_tail:padding_exceeds_max_pad_fraction,,0.5642
tts2_en_GB-vctk-medium_spk11_pos1,tts2_en_GB-vctk-medium_spk11_pos1#gt000,partial_head:padding_exceeds_max_pad_fraction,,-1.1473
tts2_en_GB-vctk-medium_spk11_pos1,tts2_en_GB-vctk-medium_spk11_pos1#gt000,partial_tail:padding_exceeds_max_pad_fraction,,0.655
tts2_en_GB-vctk-medium_spk12_pos0,tts2_en_GB-vctk-medium_spk12_pos0#gt000,partial_head:padding_exceeds_max_pad_fraction,,-1.1473
tts2_en_GB-vctk-medium_spk12_pos0,tts2_en_GB-vctk-medium_spk12_pos0#gt000,partial_tail:padding_exceeds_max_pad_fraction,,0.655
tts2_en_GB-vctk-medium_spk12_pos1,tts2_en_GB-vctk-medium_spk12_pos1#gt000,partial_head:padding_exceeds_max_pad_fraction,,-1.2346
tts2_en_GB-vctk-medium_spk12_pos1,tts2_en_GB-vctk-medium_spk12_pos1#gt000,partial_tail:padding_exceeds_max_pad_fraction,,0.4929
tts2_en_GB-vctk-medium_spk14_pos1,tts2_en_GB-vctk-medium_spk14_pos1#gt000,partial_head:padding_exceeds_max_pad_fraction,,-1.1368
tts2_en_GB-vctk-medium_spk14_pos1,tts2_en_GB-vctk-medium_spk14_pos1#gt000,partial_tail:padding_exceeds_max_pad_fraction,,0.6744
tts2_en_GB-vctk-medium_spk15_pos1,tts2_en_GB-vctk-medium_spk15_pos1#gt000,partial_head:padding_exceeds_max_pad_fraction,,-1.2486
tts2_en_GB-vctk-medium_spk15_pos1,tts2_en_GB-vctk-medium_spk15_pos1#gt000,partial_tail:padding_exceeds_max_pad_fraction,,0.467
tts2_en_GB-vctk-medium_spk16_pos0,tts2_en_GB-vctk-medium_spk16_pos0#gt000,partial_head:padding_exceeds_max_pad_fraction,,-1.1238
tts2_en_GB-vctk-medium_spk16_pos0,tts2_en_GB-vctk-medium_spk16_pos0#gt000,partial_tail:padding_exceeds_max_pad_fraction,,0.6814
tts2_en_GB-vctk-medium_spk16_pos1,tts2_en_GB-vctk-medium_spk16_pos1#gt000,partial_head:padding_exceeds_max_pad_fraction,,-1.2141
tts2_en_GB-vctk-medium_spk16_pos1,tts2_en_GB-vctk-medium_spk16_pos1#gt000,partial_tail:padding_exceeds_max_pad_fraction,,0.5223
tts2_en_GB-vctk-medium_spk18_pos0,tts2_en_GB-vctk-medium_spk18_pos0#gt000,partial_head:padding_exceeds_max_pad_fraction,,-1.2486
tts2_en_GB-vctk-medium_spk18_pos0,tts2_en_GB-vctk-medium_spk18_pos0#gt000,partial_tail:padding_exceeds_max_pad_fraction,,0.467
tts2_en_GB-vctk-medium_spk19_pos0,tts2_en_GB-vctk-medium_spk19_pos0#gt000,partial_head:padding_exceeds_max_pad_fraction,,-1.1857
tts2_en_GB-vctk-medium_spk19_pos0,tts2_en_GB-vctk-medium_spk19_pos0#gt000,partial_tail:padding_exceeds_max_pad_fraction,,0.5837
tts2_en_GB-vctk-medium_spk19_pos1,tts2_en_GB-vctk-medium_spk19_pos1#gt000,partial_head:padding_exceeds_max_pad_fraction,,-1.1927
tts2_en_GB-vctk-medium_spk19_pos1,tts2_en_GB-vctk-medium_spk19_pos1#gt000,partial_tail:padding_exceeds_max_pad_fraction,,0.5707
tts2_en_GB-vctk-medium_spk1_pos0,tts2_en_GB-vctk-medium_spk1_pos0#gt000,partial_head:padding_exceeds_max_pad_fraction,,-1.1822
tts2_en_GB-vctk-medium_spk1_pos0,tts2_en_GB-vctk-medium_spk1_pos0#gt000,partial_tail:padding_exceeds_max_pad_fraction,,0.5901
tts2_en_GB-vctk-medium_spk1_pos1,tts2_en_GB-vctk-medium_spk1_pos1#gt000,partial_head:padding_exceeds_max_pad_fraction,,-1.2486
tts2_en_GB-vctk-medium_spk1_pos1,tts2_en_GB-vctk-medium_spk1_pos1#gt000,partial_tail:padding_exceeds_max_pad_fraction,,0.467
tts2_en_GB-vctk-medium_spk20_pos0,tts2_en_GB-vctk-medium_spk20_pos0#gt000,partial_head:padding_exceeds_max_pad_fraction,,-1.1937
tts2_en_GB-vctk-medium_spk20_pos0,tts2_en_GB-vctk-medium_spk20_pos0#gt000,partial_tail:padding_exceeds_max_pad_fraction,,0.5518
tts2_en_GB-vctk-medium_spk21_pos0,tts2_en_GB-vctk-medium_spk21_pos0#gt000,insufficient_pre_context,post_roll=0.4,0.0474
tts2_en_GB-vctk-medium_spk21_pos0,tts2_en_GB-vctk-medium_spk21_pos0#gt000,partial_head:padding_exceeds_max_pad_fraction,,-1.0984
tts2_en_GB-vctk-medium_spk21_pos0,tts2_en_GB-vctk-medium_spk21_pos0#gt000,partial_tail:padding_exceeds_max_pad_fraction,,0.7458
tts2_en_GB-vctk-medium_spk22_pos0,tts2_en_GB-vctk-medium_spk22_pos0#gt000,partial_head:padding_exceeds_max_pad_fraction,,-1.266
tts2_en_GB-vctk-medium_spk22_pos0,tts2_en_GB-vctk-medium_spk22_pos0#gt000,partial_tail:padding_exceeds_max_pad_fraction,,0.4345
tts2_en_GB-vctk-medium_spk22_pos1,tts2_en_GB-vctk-medium_spk22_pos1#gt000,partial_head:padding_exceeds_max_pad_fraction,,-1.2067
tts2_en_GB-vctk-medium_spk22_pos1,tts2_en_GB-vctk-medium_spk22_pos1#gt000,partial_tail:padding_exceeds_max_pad_fraction,,0.5448
tts2_en_GB-vctk-medium_spk23_pos0,tts2_en_GB-vctk-medium_spk23_pos0#gt000,partial_head:padding_exceeds_max_pad_fraction,,-1.2241
tts2_en_GB-vctk-medium_spk23_pos0,tts2_en_GB-vctk-medium_spk23_pos0#gt000,partial_tail:padding_exceeds_max_pad_fraction,,0.5123
tts2_en_GB-vctk-medium_spk23_pos1,tts2_en_GB-vctk-medium_spk23_pos1#gt000,partial_head:padding_exceeds_max_pad_fraction,,-1.2102
tts2_en_GB-vctk-medium_spk23_pos1,tts2_en_GB-vctk-medium_spk23_pos1#gt000,partial_tail:padding_exceeds_max_pad_fraction,,0.5383
tts2_en_GB-vctk-medium_spk24_pos0,tts2_en_GB-vctk-medium_spk24_pos0#gt000,partial_head:padding_exceeds_max_pad_fraction,,-1.2137
tts2_en_GB-vctk-medium_spk24_pos0,tts2_en_GB-vctk-medium_spk24_pos0#gt000,partial_tail:padding_exceeds_max_pad_fraction,,0.5318
tts2_en_GB-vctk-medium_spk24_pos1,tts2_en_GB-vctk-medium_spk24_pos1#gt000,partial_head:padding_exceeds_max_pad_fraction,,-1.2416
tts2_en_GB-vctk-medium_spk24_pos1,tts2_en_GB-vctk-medium_spk24_pos1#gt000,partial_tail:padding_exceeds_max_pad_fraction,,0.4799
tts2_en_GB-vctk-medium_spk25_pos0,tts2_en_GB-vctk-medium_spk25_pos0#gt000,partial_head:padding_exceeds_max_pad_fraction,,-1.2591
tts2_en_GB-vctk-medium_spk25_pos0,tts2_en_GB-vctk-medium_spk25_pos0#gt000,partial_tail:padding_exceeds_max_pad_fraction,,0.4475
tts2_en_GB-vctk-medium_spk25_pos1,tts2_en_GB-vctk-medium_spk25_pos1#gt000,partial_head:padding_exceeds_max_pad_fraction,,-1.1857
tts2_en_GB-vctk-medium_spk25_pos1,tts2_en_GB-vctk-medium_spk25_pos1#gt000,partial_tail:padding_exceeds_max_pad_fraction,,0.5837
tts2_en_GB-vctk-medium_spk26_pos0,tts2_en_GB-vctk-medium_spk26_pos0#gt000,partial_head:padding_exceeds_max_pad_fraction,,-1.2381
tts2_en_GB-vctk-medium_spk26_pos0,tts2_en_GB-vctk-medium_spk26_pos0#gt000,partial_tail:padding_exceeds_max_pad_fraction,,0.4864
tts2_en_GB-vctk-medium_spk26_pos1,tts2_en_GB-vctk-medium_spk26_pos1#gt000,partial_head:padding_exceeds_max_pad_fraction,,-1.2206
tts2_en_GB-vctk-medium_spk26_pos1,tts2_en_GB-vctk-medium_spk26_pos1#gt000,partial_tail:padding_exceeds_max_pad_fraction,,0.5188
tts2_en_GB-vctk-medium_spk27_pos0,tts2_en_GB-vctk-medium_spk27_pos0#gt000,partial_head:padding_exceeds_max_pad_fraction,,-1.2102
tts2_en_GB-vctk-medium_spk27_pos0,tts2_en_GB-vctk-medium_spk27_pos0#gt000,partial_tail:padding_exceeds_max_pad_fraction,,0.5383
tts2_en_GB-vctk-medium_spk27_pos1,tts2_en_GB-vctk-medium_spk27_pos1#gt000,partial_head:padding_exceeds_max_pad_fraction,,-1.2451
tts2_en_GB-vctk-medium_spk27_pos1,tts2_en_GB-vctk-medium_spk27_pos1#gt000,partial_tail:padding_exceeds_max_pad_fraction,,0.4734
tts2_en_GB-vctk-medium_spk28_pos0,tts2_en_GB-vctk-medium_spk28_pos0#gt000,partial_head:padding_exceeds_max_pad_fraction,,-1.1962
tts2_en_GB-vctk-medium_spk28_pos0,tts2_en_GB-vctk-medium_spk28_pos0#gt000,partial_tail:padding_exceeds_max_pad_fraction,,0.5642
tts2_en_GB-vctk-medium_spk28_pos1,tts2_en_GB-vctk-medium_spk28_pos1#gt000,partial_head:padding_exceeds_max_pad_fraction,,-1.2835
tts2_en_GB-vctk-medium_spk28_pos1,tts2_en_GB-vctk-medium_spk28_pos1#gt000,partial_tail:padding_exceeds_max_pad_fraction,,0.4021
tts2_en_GB-vctk-medium_spk29_pos0,tts2_en_GB-vctk-medium_spk29_pos0#gt000,partial_head:padding_exceeds_max_pad_fraction,,-1.2486
tts2_en_GB-vctk-medium_spk29_pos0,tts2_en_GB-vctk-medium_spk29_pos0#gt000,partial_tail:padding_exceeds_max_pad_fraction,,0.467
tts2_en_GB-vctk-medium_spk29_pos1,tts2_en_GB-vctk-medium_spk29_pos1#gt000,partial_head:padding_exceeds_max_pad_fraction,,-1.2695
tts2_en_GB-vctk-medium_spk29_pos1,tts2_en_GB-vctk-medium_spk29_pos1#gt000,partial_tail:padding_exceeds_max_pad_fraction,,0.428
tts2_en_GB-vctk-medium_spk30_pos0,tts2_en_GB-vctk-medium_spk30_pos0#gt000,partial_head:padding_exceeds_max_pad_fraction,,-1.1368
tts2_en_GB-vctk-medium_spk30_pos0,tts2_en_GB-vctk-medium_spk30_pos0#gt000,partial_tail:padding_exceeds_max_pad_fraction,,0.6744
tts2_en_GB-vctk-medium_spk30_pos1,tts2_en_GB-vctk-medium_spk30_pos1#gt000,partial_head:padding_exceeds_max_pad_fraction,,-1.2381
tts2_en_GB-vctk-medium_spk30_pos1,tts2_en_GB-vctk-medium_spk30_pos1#gt000,partial_tail:padding_exceeds_max_pad_fraction,,0.4864
tts2_en_GB-vctk-medium_spk31_pos1,tts2_en_GB-vctk-medium_spk31_pos1#gt000,partial_head:padding_exceeds_max_pad_fraction,,-1.1683
tts2_en_GB-vctk-medium_spk31_pos1,tts2_en_GB-vctk-medium_spk31_pos1#gt000,partial_tail:padding_exceeds_max_pad_fraction,,0.6161
tts2_en_GB-vctk-medium_spk32_pos0,tts2_en_GB-vctk-medium_spk32_pos0#gt000,partial_head:padding_exceeds_max_pad_fraction,,-1.266
tts2_en_GB-vctk-medium_spk32_pos0,tts2_en_GB-vctk-medium_spk32_pos0#gt000,partial_tail:padding_exceeds_max_pad_fraction,,0.4345
tts2_en_GB-vctk-medium_spk32_pos1,tts2_en_GB-vctk-medium_spk32_pos1#gt000,partial_head:padding_exceeds_max_pad_fraction,,-1.2556
tts2_en_GB-vctk-medium_spk32_pos1,tts2_en_GB-vctk-medium_spk32_pos1#gt000,partial_tail:padding_exceeds_max_pad_fraction,,0.454
tts2_en_GB-vctk-medium_spk33_pos0,tts2_en_GB-vctk-medium_spk33_pos0#gt000,partial_head:padding_exceeds_max_pad_fraction,,-1.1962
tts2_en_GB-vctk-medium_spk33_pos0,tts2_en_GB-vctk-medium_spk33_pos0#gt000,partial_tail:padding_exceeds_max_pad_fraction,,0.5642
tts2_en_GB-vctk-medium_spk35_pos0,tts2_en_GB-vctk-medium_spk35_pos0#gt000,partial_head:padding_exceeds_max_pad_fraction,,-1.2241
tts2_en_GB-vctk-medium_spk35_pos0,tts2_en_GB-vctk-medium_spk35_pos0#gt000,partial_tail:padding_exceeds_max_pad_fraction,,0.5123
tts2_en_GB-vctk-medium_spk35_pos1,tts2_en_GB-vctk-medium_spk35_pos1#gt000,partial_head:padding_exceeds_max_pad_fraction,,-1.1268
tts2_en_GB-vctk-medium_spk35_pos1,tts2_en_GB-vctk-medium_spk35_pos1#gt000,partial_tail:padding_exceeds_max_pad_fraction,,0.6844
tts2_en_GB-vctk-medium_spk36_pos0,tts2_en_GB-vctk-medium_spk36_pos0#gt000,insufficient_pre_context,post_roll=0.4,0.0175
tts2_en_GB-vctk-medium_spk36_pos0,tts2_en_GB-vctk-medium_spk36_pos0#gt000,partial_head:padding_exceeds_max_pad_fraction,,-1.1089
tts2_en_GB-vctk-medium_spk36_pos0,tts2_en_GB-vctk-medium_spk36_pos0#gt000,partial_tail:padding_exceeds_max_pad_fraction,,0.7264
tts2_en_GB-vctk-medium_spk37_pos1,tts2_en_GB-vctk-medium_spk37_pos1#gt000,partial_head:padding_exceeds_max_pad_fraction,,-1.1648
tts2_en_GB-vctk-medium_spk37_pos1,tts2_en_GB-vctk-medium_spk37_pos1#gt000,partial_tail:padding_exceeds_max_pad_fraction,,0.6226
tts2_en_GB-vctk-medium_spk38_pos0,tts2_en_GB-vctk-medium_spk38_pos0#gt000,partial_head:padding_exceeds_max_pad_fraction,,-1.2171
tts2_en_GB-vctk-medium_spk38_pos0,tts2_en_GB-vctk-medium_spk38_pos0#gt000,partial_tail:padding_exceeds_max_pad_fraction,,0.5253
tts2_en_GB-vctk-medium_spk38_pos1,tts2_en_GB-vctk-medium_spk38_pos1#gt000,partial_head:padding_exceeds_max_pad_fraction,,-1.2137
tts2_en_GB-vctk-medium_spk38_pos1,tts2_en_GB-vctk-medium_spk38_pos1#gt000,partial_tail:padding_exceeds_max_pad_fraction,,0.5318
tts2_en_GB-vctk-medium_spk40_pos1,tts2_en_GB-vctk-medium_spk40_pos1#gt000,occurrence_too_long_for_window,span+tol=1.576s,
tts2_en_GB-vctk-medium_spk40_pos1,tts2_en_GB-vctk-medium_spk40_pos1#gt000,partial_head:padding_exceeds_max_pad_fraction,,-0.9483
tts2_en_GB-vctk-medium_spk40_pos1,tts2_en_GB-vctk-medium_spk40_pos1#gt000,partial_tail:padding_exceeds_max_pad_fraction,,1.0247
tts2_en_GB-vctk-medium_spk41_pos0,tts2_en_GB-vctk-medium_spk41_pos0#gt000,partial_head:padding_exceeds_max_pad_fraction,,-1.2206
tts2_en_GB-vctk-medium_spk41_pos0,tts2_en_GB-vctk-medium_spk41_pos0#gt000,partial_tail:padding_exceeds_max_pad_fraction,,0.5188
tts2_en_GB-vctk-medium_spk42_pos1,tts2_en_GB-vctk-medium_spk42_pos1#gt000,partial_head:padding_exceeds_max_pad_fraction,,-1.2037
tts2_en_GB-vctk-medium_spk42_pos1,tts2_en_GB-vctk-medium_spk42_pos1#gt000,partial_tail:padding_exceeds_max_pad_fraction,,0.5418
tts2_en_GB-vctk-medium_spk43_pos0,tts2_en_GB-vctk-medium_spk43_pos0#gt000,partial_head:padding_exceeds_max_pad_fraction,,-1.2137
tts2_en_GB-vctk-medium_spk43_pos0,tts2_en_GB-vctk-medium_spk43_pos0#gt000,partial_tail:padding_exceeds_max_pad_fraction,,0.5318
tts2_en_GB-vctk-medium_spk44_pos0,tts2_en_GB-vctk-medium_spk44_pos0#gt000,partial_head:padding_exceeds_max_pad_fraction,,-1.1892
tts2_en_GB-vctk-medium_spk44_pos0,tts2_en_GB-vctk-medium_spk44_pos0#gt000,partial_tail:padding_exceeds_max_pad_fraction,,0.5772
tts2_en_GB-vctk-medium_spk44_pos1,tts2_en_GB-vctk-medium_spk44_pos1#gt000,partial_head:padding_exceeds_max_pad_fraction,,-1.1997
tts2_en_GB-vctk-medium_spk44_pos1,tts2_en_GB-vctk-medium_spk44_pos1#gt000,partial_tail:padding_exceeds_max_pad_fraction,,0.5577
tts2_en_GB-vctk-medium_spk45_pos0,tts2_en_GB-vctk-medium_spk45_pos0#gt000,partial_head:padding_exceeds_max_pad_fraction,,-1.1403
tts2_en_GB-vctk-medium_spk45_pos0,tts2_en_GB-vctk-medium_spk45_pos0#gt000,partial_tail:padding_exceeds_max_pad_fraction,,0.668
tts2_en_GB-vctk-medium_spk45_pos1,tts2_en_GB-vctk-medium_spk45_pos1#gt000,partial_head:padding_exceeds_max_pad_fraction,,-1.2381
tts2_en_GB-vctk-medium_spk45_pos1,tts2_en_GB-vctk-medium_spk45_pos1#gt000,partial_tail:padding_exceeds_max_pad_fraction,,0.4864
tts2_en_GB-vctk-medium_spk47_pos0,tts2_en_GB-vctk-medium_spk47_pos0#gt000,partial_head:padding_exceeds_max_pad_fraction,,-1.2102
tts2_en_GB-vctk-medium_spk47_pos0,tts2_en_GB-vctk-medium_spk47_pos0#gt000,partial_tail:padding_exceeds_max_pad_fraction,,0.5383
tts2_en_GB-vctk-medium_spk47_pos1,tts2_en_GB-vctk-medium_spk47_pos1#gt000,partial_head:padding_exceeds_max_pad_fraction,,-1.2311
tts2_en_GB-vctk-medium_spk47_pos1,tts2_en_GB-vctk-medium_spk47_pos1#gt000,partial_tail:padding_exceeds_max_pad_fraction,,0.4994
tts2_en_GB-vctk-medium_spk48_pos0,tts2_en_GB-vctk-medium_spk48_pos0#gt000,partial_head:padding_exceeds_max_pad_fraction,,-1.1752
tts2_en_GB-vctk-medium_spk48_pos0,tts2_en_GB-vctk-medium_spk48_pos0#gt000,partial_tail:padding_exceeds_max_pad_fraction,,0.6031
tts2_en_GB-vctk-medium_spk48_pos1,tts2_en_GB-vctk-medium_spk48_pos1#gt000,partial_head:padding_exceeds_max_pad_fraction,,-1.1613
tts2_en_GB-vctk-medium_spk48_pos1,tts2_en_GB-vctk-medium_spk48_pos1#gt000,partial_tail:padding_exceeds_max_pad_fraction,,0.6291
tts2_en_GB-vctk-medium_spk49_pos1,tts2_en_GB-vctk-medium_spk49_pos1#gt000,partial_head:padding_exceeds_max_pad_fraction,,-1.1822
tts2_en_GB-vctk-medium_spk49_pos1,tts2_en_GB-vctk-medium_spk49_pos1#gt000,partial_tail:padding_exceeds_max_pad_fraction,,0.5901
tts2_en_GB-vctk-medium_spk4_pos0,tts2_en_GB-vctk-medium_spk4_pos0#gt000,partial_head:padding_exceeds_max_pad_fraction,,-1.2137
tts2_en_GB-vctk-medium_spk4_pos0,tts2_en_GB-vctk-medium_spk4_pos0#gt000,partial_tail:padding_exceeds_max_pad_fraction,,0.5318
tts2_en_GB-vctk-medium_spk4_pos1,tts2_en_GB-vctk-medium_spk4_pos1#gt000,partial_head:padding_exceeds_max_pad_fraction,,-1.1962
tts2_en_GB-vctk-medium_spk4_pos1,tts2_en_GB-vctk-medium_spk4_pos1#gt000,partial_tail:padding_exceeds_max_pad_fraction,,0.5642
tts2_en_GB-vctk-medium_spk50_pos0,tts2_en_GB-vctk-medium_spk50_pos0#gt000,padding_exceeds_max_pad_fraction,post_roll=0.1,-0.8313
tts2_en_GB-vctk-medium_spk50_pos0,tts2_en_GB-vctk-medium_spk50_pos0#gt000,padding_exceeds_max_pad_fraction,post_roll=0.25,-0.6813
tts2_en_GB-vctk-medium_spk50_pos0,tts2_en_GB-vctk-medium_spk50_pos0#gt000,padding_exceeds_max_pad_fraction,post_roll=0.4,-0.5313
tts2_en_GB-vctk-medium_spk50_pos0,tts2_en_GB-vctk-medium_spk50_pos0#gt000,centered_fallback_failed,,-0.4657
tts2_en_GB-vctk-medium_spk50_pos0,tts2_en_GB-vctk-medium_spk50_pos0#gt000,partial_head:padding_exceeds_max_pad_fraction,,-1.301
tts2_en_GB-vctk-medium_spk50_pos0,tts2_en_GB-vctk-medium_spk50_pos0#gt000,partial_tail:padding_exceeds_max_pad_fraction,,0.3697
tts2_en_GB-vctk-medium_spk50_pos1,tts2_en_GB-vctk-medium_spk50_pos1#gt000,partial_head:padding_exceeds_max_pad_fraction,,-1.2765
tts2_en_GB-vctk-medium_spk50_pos1,tts2_en_GB-vctk-medium_spk50_pos1#gt000,partial_tail:padding_exceeds_max_pad_fraction,,0.415
tts2_en_GB-vctk-medium_spk51_pos0,tts2_en_GB-vctk-medium_spk51_pos0#gt000,partial_head:padding_exceeds_max_pad_fraction,,-1.2137
tts2_en_GB-vctk-medium_spk51_pos0,tts2_en_GB-vctk-medium_spk51_pos0#gt000,partial_tail:padding_exceeds_max_pad_fraction,,0.5318
tts2_en_GB-vctk-medium_spk51_pos1,tts2_en_GB-vctk-medium_spk51_pos1#gt000,partial_head:padding_exceeds_max_pad_fraction,,-1.2067
tts2_en_GB-vctk-medium_spk51_pos1,tts2_en_GB-vctk-medium_spk51_pos1#gt000,partial_tail:padding_exceeds_max_pad_fraction,,0.5448
tts2_en_GB-vctk-medium_spk52_pos1,tts2_en_GB-vctk-medium_spk52_pos1#gt000,partial_head:padding_exceeds_max_pad_fraction,,-1.2416
tts2_en_GB-vctk-medium_spk52_pos1,tts2_en_GB-vctk-medium_spk52_pos1#gt000,partial_tail:padding_exceeds_max_pad_fraction,,0.4799
tts2_en_GB-vctk-medium_spk54_pos0,tts2_en_GB-vctk-medium_spk54_pos0#gt000,partial_head:padding_exceeds_max_pad_fraction,,-1.2241
tts2_en_GB-vctk-medium_spk54_pos0,tts2_en_GB-vctk-medium_spk54_pos0#gt000,partial_tail:padding_exceeds_max_pad_fraction,,0.5123
tts2_en_GB-vctk-medium_spk54_pos1,tts2_en_GB-vctk-medium_spk54_pos1#gt000,partial_head:padding_exceeds_max_pad_fraction,,-1.1438
tts2_en_GB-vctk-medium_spk54_pos1,tts2_en_GB-vctk-medium_spk54_pos1#gt000,partial_tail:padding_exceeds_max_pad_fraction,,0.6615
tts2_en_GB-vctk-medium_spk56_pos0,tts2_en_GB-vctk-medium_spk56_pos0#gt000,partial_head:padding_exceeds_max_pad_fraction,,-1.1752
tts2_en_GB-vctk-medium_spk56_pos0,tts2_en_GB-vctk-medium_spk56_pos0#gt000,partial_tail:padding_exceeds_max_pad_fraction,,0.6031
tts2_en_GB-vctk-medium_spk56_pos1,tts2_en_GB-vctk-medium_spk56_pos1#gt000,partial_head:padding_exceeds_max_pad_fraction,,-1.1927
tts2_en_GB-vctk-medium_spk56_pos1,tts2_en_GB-vctk-medium_spk56_pos1#gt000,partial_tail:padding_exceeds_max_pad_fraction,,0.5707
tts2_en_GB-vctk-medium_spk57_pos0,tts2_en_GB-vctk-medium_spk57_pos0#gt000,partial_head:padding_exceeds_max_pad_fraction,,-1.27
tts2_en_GB-vctk-medium_spk57_pos0,tts2_en_GB-vctk-medium_spk57_pos0#gt000,partial_tail:padding_exceeds_max_pad_fraction,,0.4185
tts2_en_GB-vctk-medium_spk57_pos1,tts2_en_GB-vctk-medium_spk57_pos1#gt000,partial_head:padding_exceeds_max_pad_fraction,,-1.2416
tts2_en_GB-vctk-medium_spk57_pos1,tts2_en_GB-vctk-medium_spk57_pos1#gt000,partial_tail:padding_exceeds_max_pad_fraction,,0.4799
tts2_en_GB-vctk-medium_spk58_pos0,tts2_en_GB-vctk-medium_spk58_pos0#gt000,partial_head:padding_exceeds_max_pad_fraction,,-1.1473
tts2_en_GB-vctk-medium_spk58_pos0,tts2_en_GB-vctk-medium_spk58_pos0#gt000,partial_tail:padding_exceeds_max_pad_fraction,,0.655
tts2_en_GB-vctk-medium_spk59_pos0,tts2_en_GB-vctk-medium_spk59_pos0#gt000,partial_head:padding_exceeds_max_pad_fraction,,-1.2451
tts2_en_GB-vctk-medium_spk59_pos0,tts2_en_GB-vctk-medium_spk59_pos0#gt000,partial_tail:padding_exceeds_max_pad_fraction,,0.4734
tts2_en_GB-vctk-medium_spk5_pos0,tts2_en_GB-vctk-medium_spk5_pos0#gt000,partial_head:padding_exceeds_max_pad_fraction,,-1.2241
tts2_en_GB-vctk-medium_spk5_pos0,tts2_en_GB-vctk-medium_spk5_pos0#gt000,partial_tail:padding_exceeds_max_pad_fraction,,0.5123
tts2_en_GB-vctk-medium_spk60_pos0,tts2_en_GB-vctk-medium_spk60_pos0#gt000,partial_head:padding_exceeds_max_pad_fraction,,-1.2416
tts2_en_GB-vctk-medium_spk60_pos0,tts2_en_GB-vctk-medium_spk60_pos0#gt000,partial_tail:padding_exceeds_max_pad_fraction,,0.4799
tts2_en_GB-vctk-medium_spk61_pos0,tts2_en_GB-vctk-medium_spk61_pos0#gt000,partial_head:padding_exceeds_max_pad_fraction,,-1.1892
tts2_en_GB-vctk-medium_spk61_pos0,tts2_en_GB-vctk-medium_spk61_pos0#gt000,partial_tail:padding_exceeds_max_pad_fraction,,0.5772
tts2_en_GB-vctk-medium_spk61_pos1,tts2_en_GB-vctk-medium_spk61_pos1#gt000,partial_head:padding_exceeds_max_pad_fraction,,-1.1857
tts2_en_GB-vctk-medium_spk61_pos1,tts2_en_GB-vctk-medium_spk61_pos1#gt000,partial_tail:padding_exceeds_max_pad_fraction,,0.5837
tts2_en_GB-vctk-medium_spk62_pos1,tts2_en_GB-vctk-medium_spk62_pos1#gt000,partial_head:padding_exceeds_max_pad_fraction,,-1.1892
tts2_en_GB-vctk-medium_spk62_pos1,tts2_en_GB-vctk-medium_spk62_pos1#gt000,partial_tail:padding_exceeds_max_pad_fraction,,0.5772
tts2_en_GB-vctk-medium_spk64_pos0,tts2_en_GB-vctk-medium_spk64_pos0#gt000,partial_head:padding_exceeds_max_pad_fraction,,-1.1997
tts2_en_GB-vctk-medium_spk64_pos0,tts2_en_GB-vctk-medium_spk64_pos0#gt000,partial_tail:padding_exceeds_max_pad_fraction,,0.5577
tts2_en_GB-vctk-medium_spk64_pos1,tts2_en_GB-vctk-medium_spk64_pos1#gt000,partial_head:padding_exceeds_max_pad_fraction,,-1.273
tts2_en_GB-vctk-medium_spk64_pos1,tts2_en_GB-vctk-medium_spk64_pos1#gt000,partial_tail:padding_exceeds_max_pad_fraction,,0.4215
tts2_en_GB-vctk-medium_spk65_pos0,tts2_en_GB-vctk-medium_spk65_pos0#gt000,partial_head:padding_exceeds_max_pad_fraction,,-1.1857
tts2_en_GB-vctk-medium_spk65_pos0,tts2_en_GB-vctk-medium_spk65_pos0#gt000,partial_tail:padding_exceeds_max_pad_fraction,,0.5837
tts2_en_GB-vctk-medium_spk66_pos0,tts2_en_GB-vctk-medium_spk66_pos0#gt000,partial_head:padding_exceeds_max_pad_fraction,,-1.1962
tts2_en_GB-vctk-medium_spk66_pos0,tts2_en_GB-vctk-medium_spk66_pos0#gt000,partial_tail:padding_exceeds_max_pad_fraction,,0.5642
tts2_en_GB-vctk-medium_spk66_pos1,tts2_en_GB-vctk-medium_spk66_pos1#gt000,partial_head:padding_exceeds_max_pad_fraction,,-1.1273
tts2_en_GB-vctk-medium_spk66_pos1,tts2_en_GB-vctk-medium_spk66_pos1#gt000,partial_tail:padding_exceeds_max_pad_fraction,,0.675
tts2_en_GB-vctk-medium_spk68_pos1,tts2_en_GB-vctk-medium_spk68_pos1#gt000,partial_head:padding_exceeds_max_pad_fraction,,-1.2835
tts2_en_GB-vctk-medium_spk68_pos1,tts2_en_GB-vctk-medium_spk68_pos1#gt000,partial_tail:padding_exceeds_max_pad_fraction,,0.4021
tts2_en_GB-vctk-medium_spk69_pos0,tts2_en_GB-vctk-medium_spk69_pos0#gt000,partial_head:padding_exceeds_max_pad_fraction,,-1.1947
tts2_en_GB-vctk-medium_spk69_pos0,tts2_en_GB-vctk-medium_spk69_pos0#gt000,partial_tail:padding_exceeds_max_pad_fraction,,0.5328
tts2_en_GB-vctk-medium_spk69_pos1,tts2_en_GB-vctk-medium_spk69_pos1#gt000,partial_head:padding_exceeds_max_pad_fraction,,-1.1902
tts2_en_GB-vctk-medium_spk69_pos1,tts2_en_GB-vctk-medium_spk69_pos1#gt000,partial_tail:padding_exceeds_max_pad_fraction,,0.5583
tts2_en_GB-vctk-medium_spk6_pos1,tts2_en_GB-vctk-medium_spk6_pos1#gt000,partial_head:padding_exceeds_max_pad_fraction,,-1.2346
tts2_en_GB-vctk-medium_spk6_pos1,tts2_en_GB-vctk-medium_spk6_pos1#gt000,partial_tail:padding_exceeds_max_pad_fraction,,0.4929
tts2_en_GB-vctk-medium_spk70_pos0,tts2_en_GB-vctk-medium_spk70_pos0#gt000,partial_head:padding_exceeds_max_pad_fraction,,-1.2241
tts2_en_GB-vctk-medium_spk70_pos0,tts2_en_GB-vctk-medium_spk70_pos0#gt000,partial_tail:padding_exceeds_max_pad_fraction,,0.5123
tts2_en_GB-vctk-medium_spk71_pos0,tts2_en_GB-vctk-medium_spk71_pos0#gt000,partial_head:padding_exceeds_max_pad_fraction,,-1.1822
tts2_en_GB-vctk-medium_spk71_pos0,tts2_en_GB-vctk-medium_spk71_pos0#gt000,partial_tail:padding_exceeds_max_pad_fraction,,0.5901
tts2_en_GB-vctk-medium_spk71_pos1,tts2_en_GB-vctk-medium_spk71_pos1#gt000,partial_head:padding_exceeds_max_pad_fraction,,-1.2591
tts2_en_GB-vctk-medium_spk71_pos1,tts2_en_GB-vctk-medium_spk71_pos1#gt000,partial_tail:padding_exceeds_max_pad_fraction,,0.4475
tts2_en_GB-vctk-medium_spk72_pos0,tts2_en_GB-vctk-medium_spk72_pos0#gt000,partial_head:padding_exceeds_max_pad_fraction,,-1.1962
tts2_en_GB-vctk-medium_spk72_pos0,tts2_en_GB-vctk-medium_spk72_pos0#gt000,partial_tail:padding_exceeds_max_pad_fraction,,0.5642
tts2_en_GB-vctk-medium_spk72_pos1,tts2_en_GB-vctk-medium_spk72_pos1#gt000,partial_head:padding_exceeds_max_pad_fraction,,-1.1927
tts2_en_GB-vctk-medium_spk72_pos1,tts2_en_GB-vctk-medium_spk72_pos1#gt000,partial_tail:padding_exceeds_max_pad_fraction,,0.5707
tts2_en_GB-vctk-medium_spk73_pos0,tts2_en_GB-vctk-medium_spk73_pos0#gt000,partial_head:padding_exceeds_max_pad_fraction,,-1.2905
tts2_en_GB-vctk-medium_spk73_pos0,tts2_en_GB-vctk-medium_spk73_pos0#gt000,partial_tail:padding_exceeds_max_pad_fraction,,0.3891
tts2_en_GB-vctk-medium_spk73_pos1,tts2_en_GB-vctk-medium_spk73_pos1#gt000,partial_head:padding_exceeds_max_pad_fraction,,-1.1438
tts2_en_GB-vctk-medium_spk73_pos1,tts2_en_GB-vctk-medium_spk73_pos1#gt000,partial_tail:padding_exceeds_max_pad_fraction,,0.6615
tts2_en_GB-vctk-medium_spk74_pos0,tts2_en_GB-vctk-medium_spk74_pos0#gt000,partial_head:padding_exceeds_max_pad_fraction,,-1.1578
tts2_en_GB-vctk-medium_spk74_pos0,tts2_en_GB-vctk-medium_spk74_pos0#gt000,partial_tail:padding_exceeds_max_pad_fraction,,0.6356
tts2_en_GB-vctk-medium_spk74_pos1,tts2_en_GB-vctk-medium_spk74_pos1#gt000,partial_head:padding_exceeds_max_pad_fraction,,-1.1613
tts2_en_GB-vctk-medium_spk74_pos1,tts2_en_GB-vctk-medium_spk74_pos1#gt000,partial_tail:padding_exceeds_max_pad_fraction,,0.6291
tts2_en_GB-vctk-medium_spk75_pos0,tts2_en_GB-vctk-medium_spk75_pos0#gt000,partial_head:padding_exceeds_max_pad_fraction,,-1.2241
tts2_en_GB-vctk-medium_spk75_pos0,tts2_en_GB-vctk-medium_spk75_pos0#gt000,partial_tail:padding_exceeds_max_pad_fraction,,0.5123
tts2_en_GB-vctk-medium_spk75_pos1,tts2_en_GB-vctk-medium_spk75_pos1#gt000,partial_head:padding_exceeds_max_pad_fraction,,-1.2311
tts2_en_GB-vctk-medium_spk75_pos1,tts2_en_GB-vctk-medium_spk75_pos1#gt000,partial_tail:padding_exceeds_max_pad_fraction,,0.4994
tts2_en_GB-vctk-medium_spk76_pos0,tts2_en_GB-vctk-medium_spk76_pos0#gt000,partial_head:padding_exceeds_max_pad_fraction,,-1.287
tts2_en_GB-vctk-medium_spk76_pos0,tts2_en_GB-vctk-medium_spk76_pos0#gt000,partial_tail:padding_exceeds_max_pad_fraction,,0.3956
tts2_en_GB-vctk-medium_spk76_pos1,tts2_en_GB-vctk-medium_spk76_pos1#gt000,occurrence_too_long_for_window,span+tol=1.427s,
tts2_en_GB-vctk-medium_spk76_pos1,tts2_en_GB-vctk-medium_spk76_pos1#gt000,partial_head:padding_exceeds_max_pad_fraction,,-1.0006
tts2_en_GB-vctk-medium_spk76_pos1,tts2_en_GB-vctk-medium_spk76_pos1#gt000,partial_tail:padding_exceeds_max_pad_fraction,,0.9274
tts2_en_GB-vctk-medium_spk77_pos0,tts2_en_GB-vctk-medium_spk77_pos0#gt000,partial_head:padding_exceeds_max_pad_fraction,,-1.1927
tts2_en_GB-vctk-medium_spk77_pos0,tts2_en_GB-vctk-medium_spk77_pos0#gt000,partial_tail:padding_exceeds_max_pad_fraction,,0.5707
tts2_en_GB-vctk-medium_spk77_pos1,tts2_en_GB-vctk-medium_spk77_pos1#gt000,partial_head:padding_exceeds_max_pad_fraction,,-1.1892
tts2_en_GB-vctk-medium_spk77_pos1,tts2_en_GB-vctk-medium_spk77_pos1#gt000,partial_tail:padding_exceeds_max_pad_fraction,,0.5772
tts2_en_GB-vctk-medium_spk78_pos1,tts2_en_GB-vctk-medium_spk78_pos1#gt000,partial_head:padding_exceeds_max_pad_fraction,,-1.2067
tts2_en_GB-vctk-medium_spk78_pos1,tts2_en_GB-vctk-medium_spk78_pos1#gt000,partial_tail:padding_exceeds_max_pad_fraction,,0.5448
tts2_en_GB-vctk-medium_spk79_pos0,tts2_en_GB-vctk-medium_spk79_pos0#gt000,partial_head:padding_exceeds_max_pad_fraction,,-1.1797
tts2_en_GB-vctk-medium_spk79_pos0,tts2_en_GB-vctk-medium_spk79_pos0#gt000,partial_tail:padding_exceeds_max_pad_fraction,,0.5777
tts2_en_GB-vctk-medium_spk79_pos1,tts2_en_GB-vctk-medium_spk79_pos1#gt000,partial_head:padding_exceeds_max_pad_fraction,,-1.2381
tts2_en_GB-vctk-medium_spk79_pos1,tts2_en_GB-vctk-medium_spk79_pos1#gt000,partial_tail:padding_exceeds_max_pad_fraction,,0.4864
tts2_en_GB-vctk-medium_spk7_pos1,tts2_en_GB-vctk-medium_spk7_pos1#gt000,partial_head:padding_exceeds_max_pad_fraction,,-1.2556
tts2_en_GB-vctk-medium_spk7_pos1,tts2_en_GB-vctk-medium_spk7_pos1#gt000,partial_tail:padding_exceeds_max_pad_fraction,,0.454
tts2_en_GB-vctk-medium_spk80_pos0,tts2_en_GB-vctk-medium_spk80_pos0#gt000,partial_head:padding_exceeds_max_pad_fraction,,-1.2171
tts2_en_GB-vctk-medium_spk80_pos0,tts2_en_GB-vctk-medium_spk80_pos0#gt000,partial_tail:padding_exceeds_max_pad_fraction,,0.5253
tts2_en_GB-vctk-medium_spk80_pos1,tts2_en_GB-vctk-medium_spk80_pos1#gt000,partial_head:padding_exceeds_max_pad_fraction,,-1.2556
tts2_en_GB-vctk-medium_spk80_pos1,tts2_en_GB-vctk-medium_spk80_pos1#gt000,partial_tail:padding_exceeds_max_pad_fraction,,0.454
tts2_en_GB-vctk-medium_spk81_pos0,tts2_en_GB-vctk-medium_spk81_pos0#gt000,partial_head:padding_exceeds_max_pad_fraction,,-1.2381
tts2_en_GB-vctk-medium_spk81_pos0,tts2_en_GB-vctk-medium_spk81_pos0#gt000,partial_tail:padding_exceeds_max_pad_fraction,,0.4864
tts2_en_GB-vctk-medium_spk81_pos1,tts2_en_GB-vctk-medium_spk81_pos1#gt000,partial_head:padding_exceeds_max_pad_fraction,,-1.1618
tts2_en_GB-vctk-medium_spk81_pos1,tts2_en_GB-vctk-medium_spk81_pos1#gt000,partial_tail:padding_exceeds_max_pad_fraction,,0.6196
tts2_en_GB-vctk-medium_spk82_pos1,tts2_en_GB-vctk-medium_spk82_pos1#gt000,partial_head:padding_exceeds_max_pad_fraction,,-1.2141
tts2_en_GB-vctk-medium_spk82_pos1,tts2_en_GB-vctk-medium_spk82_pos1#gt000,partial_tail:padding_exceeds_max_pad_fraction,,0.5223
tts2_en_GB-vctk-medium_spk83_pos0,tts2_en_GB-vctk-medium_spk83_pos0#gt000,partial_head:padding_exceeds_max_pad_fraction,,-1.1927
tts2_en_GB-vctk-medium_spk83_pos0,tts2_en_GB-vctk-medium_spk83_pos0#gt000,partial_tail:padding_exceeds_max_pad_fraction,,0.5707
tts2_en_GB-vctk-medium_spk83_pos1,tts2_en_GB-vctk-medium_spk83_pos1#gt000,insufficient_pre_context,post_roll=0.25,-0.0328
tts2_en_GB-vctk-medium_spk83_pos1,tts2_en_GB-vctk-medium_spk83_pos1#gt000,insufficient_pre_context,post_roll=0.4,0.1172
tts2_en_GB-vctk-medium_spk83_pos1,tts2_en_GB-vctk-medium_spk83_pos1#gt000,partial_head:padding_exceeds_max_pad_fraction,,-1.074
tts2_en_GB-vctk-medium_spk83_pos1,tts2_en_GB-vctk-medium_spk83_pos1#gt000,partial_tail:padding_exceeds_max_pad_fraction,,0.7912
tts2_en_GB-vctk-medium_spk84_pos0,tts2_en_GB-vctk-medium_spk84_pos0#gt000,partial_head:padding_exceeds_max_pad_fraction,,-1.2241
tts2_en_GB-vctk-medium_spk84_pos0,tts2_en_GB-vctk-medium_spk84_pos0#gt000,partial_tail:padding_exceeds_max_pad_fraction,,0.5123
tts2_en_GB-vctk-medium_spk85_pos0,tts2_en_GB-vctk-medium_spk85_pos0#gt000,partial_head:padding_exceeds_max_pad_fraction,,-1.2346
tts2_en_GB-vctk-medium_spk85_pos0,tts2_en_GB-vctk-medium_spk85_pos0#gt000,partial_tail:padding_exceeds_max_pad_fraction,,0.4929
tts2_en_GB-vctk-medium_spk85_pos1,tts2_en_GB-vctk-medium_spk85_pos1#gt000,partial_head:padding_exceeds_max_pad_fraction,,-1.2241
tts2_en_GB-vctk-medium_spk85_pos1,tts2_en_GB-vctk-medium_spk85_pos1#gt000,partial_tail:padding_exceeds_max_pad_fraction,,0.5123
tts2_en_GB-vctk-medium_spk87_pos0,tts2_en_GB-vctk-medium_spk87_pos0#gt000,partial_head:padding_exceeds_max_pad_fraction,,-1.2171
tts2_en_GB-vctk-medium_spk87_pos0,tts2_en_GB-vctk-medium_spk87_pos0#gt000,partial_tail:padding_exceeds_max_pad_fraction,,0.5253
tts2_en_GB-vctk-medium_spk88_pos0,tts2_en_GB-vctk-medium_spk88_pos0#gt000,occurrence_too_long_for_window,span+tol=2.105s,
tts2_en_GB-vctk-medium_spk88_pos1,tts2_en_GB-vctk-medium_spk88_pos1#gt000,occurrence_too_long_for_window,span+tol=1.566s,
tts2_en_GB-vctk-medium_spk88_pos1,tts2_en_GB-vctk-medium_spk88_pos1#gt000,partial_head:padding_exceeds_max_pad_fraction,,-0.9518
tts2_en_GB-vctk-medium_spk88_pos1,tts2_en_GB-vctk-medium_spk88_pos1#gt000,partial_tail:padding_exceeds_max_pad_fraction,,1.0182
tts2_en_GB-vctk-medium_spk89_pos0,tts2_en_GB-vctk-medium_spk89_pos0#gt000,partial_head:padding_exceeds_max_pad_fraction,,-1.2346
tts2_en_GB-vctk-medium_spk89_pos0,tts2_en_GB-vctk-medium_spk89_pos0#gt000,partial_tail:padding_exceeds_max_pad_fraction,,0.4929
tts2_en_GB-vctk-medium_spk89_pos1,tts2_en_GB-vctk-medium_spk89_pos1#gt000,partial_head:padding_exceeds_max_pad_fraction,,-1.2241
tts2_en_GB-vctk-medium_spk89_pos1,tts2_en_GB-vctk-medium_spk89_pos1#gt000,partial_tail:padding_exceeds_max_pad_fraction,,0.5123
tts2_en_GB-vctk-medium_spk90_pos0,tts2_en_GB-vctk-medium_spk90_pos0#gt000,partial_head:padding_exceeds_max_pad_fraction,,-1.1962
tts2_en_GB-vctk-medium_spk90_pos0,tts2_en_GB-vctk-medium_spk90_pos0#gt000,partial_tail:padding_exceeds_max_pad_fraction,,0.5642
tts2_en_GB-vctk-medium_spk90_pos1,tts2_en_GB-vctk-medium_spk90_pos1#gt000,partial_head:padding_exceeds_max_pad_fraction,,-1.1822
tts2_en_GB-vctk-medium_spk90_pos1,tts2_en_GB-vctk-medium_spk90_pos1#gt000,partial_tail:padding_exceeds_max_pad_fraction,,0.5901
tts2_en_GB-vctk-medium_spk91_pos0,tts2_en_GB-vctk-medium_spk91_pos0#gt000,partial_head:padding_exceeds_max_pad_fraction,,-1.2451
tts2_en_GB-vctk-medium_spk91_pos0,tts2_en_GB-vctk-medium_spk91_pos0#gt000,partial_tail:padding_exceeds_max_pad_fraction,,0.4734
tts2_en_GB-vctk-medium_spk92_pos1,tts2_en_GB-vctk-medium_spk92_pos1#gt000,partial_head:padding_exceeds_max_pad_fraction,,-1.2241
tts2_en_GB-vctk-medium_spk92_pos1,tts2_en_GB-vctk-medium_spk92_pos1#gt000,partial_tail:padding_exceeds_max_pad_fraction,,0.5123
tts2_en_GB-vctk-medium_spk93_pos0,tts2_en_GB-vctk-medium_spk93_pos0#gt000,partial_head:padding_exceeds_max_pad_fraction,,-1.2067
tts2_en_GB-vctk-medium_spk93_pos0,tts2_en_GB-vctk-medium_spk93_pos0#gt000,partial_tail:padding_exceeds_max_pad_fraction,,0.5448
tts2_en_GB-vctk-medium_spk94_pos1,tts2_en_GB-vctk-medium_spk94_pos1#gt000,partial_head:padding_exceeds_max_pad_fraction,,-1.2171
tts2_en_GB-vctk-medium_spk94_pos1,tts2_en_GB-vctk-medium_spk94_pos1#gt000,partial_tail:padding_exceeds_max_pad_fraction,,0.5253
tts2_en_GB-vctk-medium_spk95_pos0,tts2_en_GB-vctk-medium_spk95_pos0#gt000,partial_head:padding_exceeds_max_pad_fraction,,-1.2421
tts2_en_GB-vctk-medium_spk95_pos0,tts2_en_GB-vctk-medium_spk95_pos0#gt000,partial_tail:padding_exceeds_max_pad_fraction,,0.4705
tts2_en_GB-vctk-medium_spk95_pos1,tts2_en_GB-vctk-medium_spk95_pos1#gt000,partial_head:padding_exceeds_max_pad_fraction,,-1.1648
tts2_en_GB-vctk-medium_spk95_pos1,tts2_en_GB-vctk-medium_spk95_pos1#gt000,partial_tail:padding_exceeds_max_pad_fraction,,0.6226
tts2_en_GB-vctk-medium_spk96_pos1,tts2_en_GB-vctk-medium_spk96_pos1#gt000,partial_head:padding_exceeds_max_pad_fraction,,-1.253
tts2_en_GB-vctk-medium_spk96_pos1,tts2_en_GB-vctk-medium_spk96_pos1#gt000,partial_tail:padding_exceeds_max_pad_fraction,,0.4415
tts2_en_GB-vctk-medium_spk97_pos0,tts2_en_GB-vctk-medium_spk97_pos0#gt000,partial_head:padding_exceeds_max_pad_fraction,,-1.2206
tts2_en_GB-vctk-medium_spk97_pos0,tts2_en_GB-vctk-medium_spk97_pos0#gt000,partial_tail:padding_exceeds_max_pad_fraction,,0.5188
tts2_en_GB-vctk-medium_spk97_pos1,tts2_en_GB-vctk-medium_spk97_pos1#gt000,partial_head:padding_exceeds_max_pad_fraction,,-1.1583
tts2_en_GB-vctk-medium_spk97_pos1,tts2_en_GB-vctk-medium_spk97_pos1#gt000,partial_tail:padding_exceeds_max_pad_fraction,,0.6261
tts2_en_GB-vctk-medium_spk98_pos0,tts2_en_GB-vctk-medium_spk98_pos0#gt000,insufficient_pre_context,post_roll=0.4,0.0673
tts2_en_GB-vctk-medium_spk98_pos0,tts2_en_GB-vctk-medium_spk98_pos0#gt000,partial_head:padding_exceeds_max_pad_fraction,,-1.0914
tts2_en_GB-vctk-medium_spk98_pos0,tts2_en_GB-vctk-medium_spk98_pos0#gt000,partial_tail:padding_exceeds_max_pad_fraction,,0.7587
tts2_en_GB-vctk-medium_spk9_pos0,tts2_en_GB-vctk-medium_spk9_pos0#gt000,partial_head:padding_exceeds_max_pad_fraction,,-1.1857
tts2_en_GB-vctk-medium_spk9_pos0,tts2_en_GB-vctk-medium_spk9_pos0#gt000,partial_tail:padding_exceeds_max_pad_fraction,,0.5837
tts2_en_GB-vctk-medium_spk9_pos1,tts2_en_GB-vctk-medium_spk9_pos1#gt000,partial_head:padding_exceeds_max_pad_fraction,,-1.2111
tts2_en_GB-vctk-medium_spk9_pos1,tts2_en_GB-vctk-medium_spk9_pos1#gt000,partial_tail:padding_exceeds_max_pad_fraction,,0.5193
tts2_en_US-arctic-medium_spk10_pos0,tts2_en_US-arctic-medium_spk10_pos0#gt000,partial_head:padding_exceeds_max_pad_fraction,,-1.064
tts2_en_US-arctic-medium_spk10_pos0,tts2_en_US-arctic-medium_spk10_pos0#gt000,partial_tail:padding_exceeds_max_pad_fraction,,0.7413
tts2_en_US-arctic-medium_spk10_pos1,tts2_en_US-arctic-medium_spk10_pos1#gt000,partial_head:padding_exceeds_max_pad_fraction,,-0.9921
tts2_en_US-arctic-medium_spk10_pos1,tts2_en_US-arctic-medium_spk10_pos1#gt000,partial_tail:padding_exceeds_max_pad_fraction,,0.7892
tts2_en_US-arctic-medium_spk11_pos0,tts2_en_US-arctic-medium_spk11_pos0#gt000,partial_head:padding_exceeds_max_pad_fraction,,-1.1797
tts2_en_US-arctic-medium_spk11_pos0,tts2_en_US-arctic-medium_spk11_pos0#gt000,partial_tail:padding_exceeds_max_pad_fraction,,0.5178
tts2_en_US-arctic-medium_spk11_pos1,tts2_en_US-arctic-medium_spk11_pos1#gt000,partial_head:padding_exceeds_max_pad_fraction,,-1.1423
tts2_en_US-arctic-medium_spk11_pos1,tts2_en_US-arctic-medium_spk11_pos1#gt000,partial_tail:padding_exceeds_max_pad_fraction,,0.63
tts2_en_US-arctic-medium_spk12_pos1,tts2_en_US-arctic-medium_spk12_pos1#gt000,partial_head:padding_exceeds_max_pad_fraction,,-1.1687
tts2_en_US-arctic-medium_spk12_pos1,tts2_en_US-arctic-medium_spk12_pos1#gt000,partial_tail:padding_exceeds_max_pad_fraction,,0.6066
tts2_en_US-arctic-medium_spk13_pos0,tts2_en_US-arctic-medium_spk13_pos0#gt000,partial_head:padding_exceeds_max_pad_fraction,,-1.2451
tts2_en_US-arctic-medium_spk13_pos0,tts2_en_US-arctic-medium_spk13_pos0#gt000,partial_tail:padding_exceeds_max_pad_fraction,,0.4734
tts2_en_US-arctic-medium_spk13_pos1,tts2_en_US-arctic-medium_spk13_pos1#gt000,partial_head:padding_exceeds_max_pad_fraction,,-1.2241
tts2_en_US-arctic-medium_spk13_pos1,tts2_en_US-arctic-medium_spk13_pos1#gt000,partial_tail:padding_exceeds_max_pad_fraction,,0.5123
tts2_en_US-arctic-medium_spk14_pos0,tts2_en_US-arctic-medium_spk14_pos0#gt000,partial_head:padding_exceeds_max_pad_fraction,,-1.1807
tts2_en_US-arctic-medium_spk14_pos0,tts2_en_US-arctic-medium_spk14_pos0#gt000,partial_tail:padding_exceeds_max_pad_fraction,,0.5587
tts2_en_US-arctic-medium_spk14_pos1,tts2_en_US-arctic-medium_spk14_pos1#gt000,partial_head:padding_exceeds_max_pad_fraction,,-1.1867
tts2_en_US-arctic-medium_spk14_pos1,tts2_en_US-arctic-medium_spk14_pos1#gt000,partial_tail:padding_exceeds_max_pad_fraction,,0.5647
tts2_en_US-arctic-medium_spk15_pos1,tts2_en_US-arctic-medium_spk15_pos1#gt000,insufficient_pre_context,post_roll=0.4,0.217
tts2_en_US-arctic-medium_spk15_pos1,tts2_en_US-arctic-medium_spk15_pos1#gt000,partial_head:padding_exceeds_max_pad_fraction,,-0.9482
tts2_en_US-arctic-medium_spk15_pos1,tts2_en_US-arctic-medium_spk15_pos1#gt000,partial_tail:padding_exceeds_max_pad_fraction,,0.9049
tts2_en_US-arctic-medium_spk16_pos0,tts2_en_US-arctic-medium_spk16_pos0#gt000,partial_head:padding_exceeds_max_pad_fraction,,-1.1473
tts2_en_US-arctic-medium_spk16_pos0,tts2_en_US-arctic-medium_spk16_pos0#gt000,partial_tail:padding_exceeds_max_pad_fraction,,0.655
tts2_en_US-arctic-medium_spk16_pos1,tts2_en_US-arctic-medium_spk16_pos1#gt000,partial_head:padding_exceeds_max_pad_fraction,,-1.1568
tts2_en_US-arctic-medium_spk16_pos1,tts2_en_US-arctic-medium_spk16_pos1#gt000,partial_tail:padding_exceeds_max_pad_fraction,,0.5947
tts2_en_US-arctic-medium_spk17_pos0,tts2_en_US-arctic-medium_spk17_pos0#gt000,partial_head:padding_exceeds_max_pad_fraction,,-0.9453
tts2_en_US-arctic-medium_spk17_pos0,tts2_en_US-arctic-medium_spk17_pos0#gt000,partial_tail:padding_exceeds_max_pad_fraction,,0.8421
tts2_en_US-arctic-medium_spk17_pos1,tts2_en_US-arctic-medium_spk17_pos1#gt000,partial_head:padding_exceeds_max_pad_fraction,,-1.1887
tts2_en_US-arctic-medium_spk17_pos1,tts2_en_US-arctic-medium_spk17_pos1#gt000,partial_tail:padding_exceeds_max_pad_fraction,,0.5268
tts2_en_US-arctic-medium_spk1_pos0,tts2_en_US-arctic-medium_spk1_pos0#gt000,partial_head:padding_exceeds_max_pad_fraction,,-1.1473
tts2_en_US-arctic-medium_spk1_pos0,tts2_en_US-arctic-medium_spk1_pos0#gt000,partial_tail:padding_exceeds_max_pad_fraction,,0.5951
tts2_en_US-arctic-medium_spk1_pos1,tts2_en_US-arctic-medium_spk1_pos1#gt000,partial_head:padding_exceeds_max_pad_fraction,,-1.2157
tts2_en_US-arctic-medium_spk1_pos1,tts2_en_US-arctic-medium_spk1_pos1#gt000,partial_tail:padding_exceeds_max_pad_fraction,,0.4939
tts2_en_US-arctic-medium_spk2_pos0,tts2_en_US-arctic-medium_spk2_pos0#gt000,partial_head:padding_exceeds_max_pad_fraction,,-1.2321
tts2_en_US-arctic-medium_spk2_pos0,tts2_en_US-arctic-medium_spk2_pos0#gt000,partial_tail:padding_exceeds_max_pad_fraction,,0.4804
tts2_en_US-arctic-medium_spk2_pos1,tts2_en_US-arctic-medium_spk2_pos1#gt000,occurrence_too_long_for_window,span+tol=1.427s,
tts2_en_US-arctic-medium_spk2_pos1,tts2_en_US-arctic-medium_spk2_pos1#gt000,partial_head:padding_exceeds_max_pad_fraction,,-1.0006
tts2_en_US-arctic-medium_spk2_pos1,tts2_en_US-arctic-medium_spk2_pos1#gt000,partial_tail:padding_exceeds_max_pad_fraction,,0.9274
tts2_en_US-arctic-medium_spk3_pos0,tts2_en_US-arctic-medium_spk3_pos0#gt000,partial_head:padding_exceeds_max_pad_fraction,,-1.1204
tts2_en_US-arctic-medium_spk3_pos0,tts2_en_US-arctic-medium_spk3_pos0#gt000,partial_tail:padding_exceeds_max_pad_fraction,,0.6281
tts2_en_US-arctic-medium_spk3_pos1,tts2_en_US-arctic-medium_spk3_pos1#gt000,insufficient_pre_context,post_roll=0.4,0.0673
tts2_en_US-arctic-medium_spk3_pos1,tts2_en_US-arctic-medium_spk3_pos1#gt000,partial_head:padding_exceeds_max_pad_fraction,,-1.0266
tts2_en_US-arctic-medium_spk3_pos1,tts2_en_US-arctic-medium_spk3_pos1#gt000,partial_tail:padding_exceeds_max_pad_fraction,,0.7937
tts2_en_US-arctic-medium_spk4_pos0,tts2_en_US-arctic-medium_spk4_pos0#gt000,partial_head:padding_exceeds_max_pad_fraction,,-1.1333
tts2_en_US-arctic-medium_spk4_pos0,tts2_en_US-arctic-medium_spk4_pos0#gt000,partial_tail:padding_exceeds_max_pad_fraction,,0.6809
tts2_en_US-arctic-medium_spk4_pos1,tts2_en_US-arctic-medium_spk4_pos1#gt000,partial_head:padding_exceeds_max_pad_fraction,,-1.2381
tts2_en_US-arctic-medium_spk4_pos1,tts2_en_US-arctic-medium_spk4_pos1#gt000,partial_tail:padding_exceeds_max_pad_fraction,,0.4864
tts2_en_US-arctic-medium_spk5_pos0,tts2_en_US-arctic-medium_spk5_pos0#gt000,partial_head:padding_exceeds_max_pad_fraction,,-1.1698
tts2_en_US-arctic-medium_spk5_pos0,tts2_en_US-arctic-medium_spk5_pos0#gt000,partial_tail:padding_exceeds_max_pad_fraction,,0.5877
tts2_en_US-arctic-medium_spk5_pos1,tts2_en_US-arctic-medium_spk5_pos1#gt000,partial_head:padding_exceeds_max_pad_fraction,,-1.1622
tts2_en_US-arctic-medium_spk5_pos1,tts2_en_US-arctic-medium_spk5_pos1#gt000,partial_tail:padding_exceeds_max_pad_fraction,,0.6101
tts2_en_US-arctic-medium_spk6_pos0,tts2_en_US-arctic-medium_spk6_pos0#gt000,partial_head:padding_exceeds_max_pad_fraction,,-1.1787
tts2_en_US-arctic-medium_spk6_pos0,tts2_en_US-arctic-medium_spk6_pos0#gt000,partial_tail:padding_exceeds_max_pad_fraction,,0.5966
tts2_en_US-arctic-medium_spk6_pos1,tts2_en_US-arctic-medium_spk6_pos1#gt000,partial_head:padding_exceeds_max_pad_fraction,,-1.1877
tts2_en_US-arctic-medium_spk6_pos1,tts2_en_US-arctic-medium_spk6_pos1#gt000,partial_tail:padding_exceeds_max_pad_fraction,,0.5457
tts2_en_US-arctic-medium_spk7_pos0,tts2_en_US-arctic-medium_spk7_pos0#gt000,partial_head:padding_exceeds_max_pad_fraction,,-1.1164
tts2_en_US-arctic-medium_spk7_pos0,tts2_en_US-arctic-medium_spk7_pos0#gt000,partial_tail:padding_exceeds_max_pad_fraction,,0.644
tts2_en_US-arctic-medium_spk8_pos0,tts2_en_US-arctic-medium_spk8_pos0#gt000,partial_head:padding_exceeds_max_pad_fraction,,-1.266
tts2_en_US-arctic-medium_spk8_pos0,tts2_en_US-arctic-medium_spk8_pos0#gt000,partial_tail:padding_exceeds_max_pad_fraction,,0.4345
tts2_en_US-arctic-medium_spk8_pos1,tts2_en_US-arctic-medium_spk8_pos1#gt000,partial_head:padding_exceeds_max_pad_fraction,,-1.2301
tts2_en_US-arctic-medium_spk8_pos1,tts2_en_US-arctic-medium_spk8_pos1#gt000,partial_tail:padding_exceeds_max_pad_fraction,,0.4585
tts2_en_US-arctic-medium_spk9_pos0,tts2_en_US-arctic-medium_spk9_pos0#gt000,partial_head:padding_exceeds_max_pad_fraction,,-1.1518
tts2_en_US-arctic-medium_spk9_pos0,tts2_en_US-arctic-medium_spk9_pos0#gt000,partial_tail:padding_exceeds_max_pad_fraction,,0.6296
tts2_en_US-arctic-medium_spk9_pos1,tts2_en_US-arctic-medium_spk9_pos1#gt000,partial_head:padding_exceeds_max_pad_fraction,,-1.1937
tts2_en_US-arctic-medium_spk9_pos1,tts2_en_US-arctic-medium_spk9_pos1#gt000,partial_tail:padding_exceeds_max_pad_fraction,,0.5518
tts2_en_US-bryce-medium_spk0_pos0,tts2_en_US-bryce-medium_spk0_pos0#gt000,partial_head:padding_exceeds_max_pad_fraction,,-1.0385
tts2_en_US-bryce-medium_spk0_pos0,tts2_en_US-bryce-medium_spk0_pos0#gt000,partial_tail:padding_exceeds_max_pad_fraction,,0.7458
tts2_en_US-bryce-medium_spk0_pos1,tts2_en_US-bryce-medium_spk0_pos1#gt000,partial_head:padding_exceeds_max_pad_fraction,,-1.1104
tts2_en_US-bryce-medium_spk0_pos1,tts2_en_US-bryce-medium_spk0_pos1#gt000,partial_tail:padding_exceeds_max_pad_fraction,,0.6381
tts2_en_US-danny-low_spk0_pos0,tts2_en_US-danny-low_spk0_pos0#gt000,insufficient_pre_context,post_roll=0.25,0.0
tts2_en_US-danny-low_spk0_pos0,tts2_en_US-danny-low_spk0_pos0#gt000,insufficient_pre_context,post_roll=0.4,0.15
tts2_en_US-danny-low_spk0_pos0,tts2_en_US-danny-low_spk0_pos0#gt000,partial_head:padding_exceeds_max_pad_fraction,,-1.0495
tts2_en_US-danny-low_spk0_pos1,tts2_en_US-danny-low_spk0_pos1#gt000,partial_head:padding_exceeds_max_pad_fraction,,-1.1935
tts2_en_US-danny-low_spk0_pos1,tts2_en_US-danny-low_spk0_pos1#gt000,partial_tail:padding_exceeds_max_pad_fraction,,0.5435
tts2_en_US-hfc_female-medium_spk0_pos0,tts2_en_US-hfc_female-medium_spk0_pos0#gt000,partial_head:padding_exceeds_max_pad_fraction,,-1.2241
tts2_en_US-hfc_female-medium_spk0_pos0,tts2_en_US-hfc_female-medium_spk0_pos0#gt000,partial_tail:padding_exceeds_max_pad_fraction,,0.5123
tts2_en_US-hfc_female-medium_spk0_pos1,tts2_en_US-hfc_female-medium_spk0_pos1#gt000,partial_head:padding_exceeds_max_pad_fraction,,-1.1967
tts2_en_US-hfc_female-medium_spk0_pos1,tts2_en_US-hfc_female-medium_spk0_pos1#gt000,partial_tail:padding_exceeds_max_pad_fraction,,0.5548
tts2_en_US-hfc_male-medium_spk0_pos0,tts2_en_US-hfc_male-medium_spk0_pos0#gt000,partial_head:padding_exceeds_max_pad_fraction,,-1.1698
tts2_en_US-hfc_male-medium_spk0_pos0,tts2_en_US-hfc_male-medium_spk0_pos0#gt000,partial_tail:padding_exceeds_max_pad_fraction,,0.5877
tts2_en_US-hfc_male-medium_spk0_pos1,tts2_en_US-hfc_male-medium_spk0_pos1#gt000,partial_head:padding_exceeds_max_pad_fraction,,-1.1738
tts2_en_US-hfc_male-medium_spk0_pos1,tts2_en_US-hfc_male-medium_spk0_pos1#gt000,partial_tail:padding_exceeds_max_pad_fraction,,0.5717
tts2_en_US-joe-medium_spk0_pos0,tts2_en_US-joe-medium_spk0_pos0#gt000,partial_head:padding_exceeds_max_pad_fraction,,-1.2611
tts2_en_US-joe-medium_spk0_pos0,tts2_en_US-joe-medium_spk0_pos0#gt000,partial_tail:padding_exceeds_max_pad_fraction,,0.4096
tts2_en_US-joe-medium_spk0_pos1,tts2_en_US-joe-medium_spk0_pos1#gt000,partial_head:padding_exceeds_max_pad_fraction,,-1.1742
tts2_en_US-joe-medium_spk0_pos1,tts2_en_US-joe-medium_spk0_pos1#gt000,partial_tail:padding_exceeds_max_pad_fraction,,0.5622
tts2_en_US-john-medium_spk0_pos0,tts2_en_US-john-medium_spk0_pos0#gt000,insufficient_pre_context,post_roll=0.4,0.0075
tts2_en_US-john-medium_spk0_pos0,tts2_en_US-john-medium_spk0_pos0#gt000,partial_head:padding_exceeds_max_pad_fraction,,-1.0929
tts2_en_US-john-medium_spk0_pos0,tts2_en_US-john-medium_spk0_pos0#gt000,partial_tail:padding_exceeds_max_pad_fraction,,0.7303
tts2_en_US-john-medium_spk0_pos1,tts2_en_US-john-medium_spk0_pos1#gt000,partial_head:padding_exceeds_max_pad_fraction,,-1.1338
tts2_en_US-john-medium_spk0_pos1,tts2_en_US-john-medium_spk0_pos1#gt000,partial_tail:padding_exceeds_max_pad_fraction,,0.6715
tts2_en_US-kathleen-low_spk0_pos0,tts2_en_US-kathleen-low_spk0_pos0#gt000,partial_head:padding_exceeds_max_pad_fraction,,-1.22
tts2_en_US-kathleen-low_spk0_pos0,tts2_en_US-kathleen-low_spk0_pos0#gt000,partial_tail:padding_exceeds_max_pad_fraction,,0.52
tts2_en_US-kathleen-low_spk0_pos1,tts2_en_US-kathleen-low_spk0_pos1#gt000,partial_head:padding_exceeds_max_pad_fraction,,-1.248
tts2_en_US-kathleen-low_spk0_pos1,tts2_en_US-kathleen-low_spk0_pos1#gt000,partial_tail:padding_exceeds_max_pad_fraction,,0.468
tts2_en_US-kristin-medium_spk0_pos0,tts2_en_US-kristin-medium_spk0_pos0#gt000,partial_head:padding_exceeds_max_pad_fraction,,-1.1812
tts2_en_US-kristin-medium_spk0_pos0,tts2_en_US-kristin-medium_spk0_pos0#gt000,partial_tail:padding_exceeds_max_pad_fraction,,0.5492
tts2_en_US-kristin-medium_spk0_pos1,tts2_en_US-kristin-medium_spk0_pos1#gt000,partial_head:padding_exceeds_max_pad_fraction,,-1.2296
tts2_en_US-kristin-medium_spk0_pos1,tts2_en_US-kristin-medium_spk0_pos1#gt000,partial_tail:padding_exceeds_max_pad_fraction,,0.4679
tts2_en_US-kusal-medium_spk0_pos0,tts2_en_US-kusal-medium_spk0_pos0#gt000,partial_head:padding_exceeds_max_pad_fraction,,-1.2705
tts2_en_US-kusal-medium_spk0_pos0,tts2_en_US-kusal-medium_spk0_pos0#gt000,partial_tail:padding_exceeds_max_pad_fraction,,0.4091
tts2_en_US-kusal-medium_spk0_pos1,tts2_en_US-kusal-medium_spk0_pos1#gt000,partial_head:padding_exceeds_max_pad_fraction,,-1.2516
tts2_en_US-kusal-medium_spk0_pos1,tts2_en_US-kusal-medium_spk0_pos1#gt000,partial_tail:padding_exceeds_max_pad_fraction,,0.4101
tts2_en_US-l2arctic-medium_spk0_pos0,tts2_en_US-l2arctic-medium_spk0_pos0#gt000,partial_head:padding_exceeds_max_pad_fraction,,-1.2102
tts2_en_US-l2arctic-medium_spk0_pos0,tts2_en_US-l2arctic-medium_spk0_pos0#gt000,partial_tail:padding_exceeds_max_pad_fraction,,0.5383
tts2_en_US-l2arctic-medium_spk11_pos0,tts2_en_US-l2arctic-medium_spk11_pos0#gt000,padding_exceeds_max_pad_fraction,post_roll=0.1,-0.8213
tts2_en_US-l2arctic-medium_spk11_pos0,tts2_en_US-l2arctic-medium_spk11_pos0#gt000,padding_exceeds_max_pad_fraction,post_roll=0.25,-0.6713
tts2_en_US-l2arctic-medium_spk11_pos0,tts2_en_US-l2arctic-medium_spk11_pos0#gt000,padding_exceeds_max_pad_fraction,post_roll=0.4,-0.5213
tts2_en_US-l2arctic-medium_spk11_pos0,tts2_en_US-l2arctic-medium_spk11_pos0#gt000,centered_fallback_failed,,-0.4607
tts2_en_US-l2arctic-medium_spk11_pos0,tts2_en_US-l2arctic-medium_spk11_pos0#gt000,partial_head:padding_exceeds_max_pad_fraction,,-1.2975
tts2_en_US-l2arctic-medium_spk11_pos0,tts2_en_US-l2arctic-medium_spk11_pos0#gt000,partial_tail:padding_exceeds_max_pad_fraction,,0.3762
tts2_en_US-l2arctic-medium_spk12_pos1,tts2_en_US-l2arctic-medium_spk12_pos1#gt000,insufficient_pre_context,post_roll=0.4,0.0474
tts2_en_US-l2arctic-medium_spk12_pos1,tts2_en_US-l2arctic-medium_spk12_pos1#gt000,partial_head:padding_exceeds_max_pad_fraction,,-1.0984
tts2_en_US-l2arctic-medium_spk12_pos1,tts2_en_US-l2arctic-medium_spk12_pos1#gt000,partial_tail:padding_exceeds_max_pad_fraction,,0.7458
tts2_en_US-l2arctic-medium_spk13_pos0,tts2_en_US-l2arctic-medium_spk13_pos0#gt000,insufficient_pre_context,post_roll=0.25,0.077
tts2_en_US-l2arctic-medium_spk13_pos0,tts2_en_US-l2arctic-medium_spk13_pos0#gt000,insufficient_pre_context,post_roll=0.4,0.227
tts2_en_US-l2arctic-medium_spk13_pos0,tts2_en_US-l2arctic-medium_spk13_pos0#gt000,partial_head:padding_exceeds_max_pad_fraction,,-1.0355
tts2_en_US-l2arctic-medium_spk13_pos0,tts2_en_US-l2arctic-medium_spk13_pos0#gt000,partial_tail:padding_exceeds_max_pad_fraction,,0.8625
tts2_en_US-l2arctic-medium_spk14_pos0,tts2_en_US-l2arctic-medium_spk14_pos0#gt000,partial_head:padding_exceeds_max_pad_fraction,,-1.2102
tts2_en_US-l2arctic-medium_spk14_pos0,tts2_en_US-l2arctic-medium_spk14_pos0#gt000,partial_tail:padding_exceeds_max_pad_fraction,,0.5383
tts2_en_US-l2arctic-medium_spk18_pos1,tts2_en_US-l2arctic-medium_spk18_pos1#gt000,partial_head:padding_exceeds_max_pad_fraction,,-1.2067
tts2_en_US-l2arctic-medium_spk18_pos1,tts2_en_US-l2arctic-medium_spk18_pos1#gt000,partial_tail:padding_exceeds_max_pad_fraction,,0.5448
tts2_en_US-l2arctic-medium_spk19_pos1,tts2_en_US-l2arctic-medium_spk19_pos1#gt000,partial_head:padding_exceeds_max_pad_fraction,,-1.287
tts2_en_US-l2arctic-medium_spk19_pos1,tts2_en_US-l2arctic-medium_spk19_pos1#gt000,partial_tail:padding_exceeds_max_pad_fraction,,0.3956
tts2_en_US-l2arctic-medium_spk20_pos0,tts2_en_US-l2arctic-medium_spk20_pos0#gt000,partial_head:padding_exceeds_max_pad_fraction,,-1.1857
tts2_en_US-l2arctic-medium_spk20_pos0,tts2_en_US-l2arctic-medium_spk20_pos0#gt000,partial_tail:padding_exceeds_max_pad_fraction,,0.5837
tts2_en_US-l2arctic-medium_spk22_pos0,tts2_en_US-l2arctic-medium_spk22_pos0#gt000,partial_head:padding_exceeds_max_pad_fraction,,-1.2067
tts2_en_US-l2arctic-medium_spk22_pos0,tts2_en_US-l2arctic-medium_spk22_pos0#gt000,partial_tail:padding_exceeds_max_pad_fraction,,0.5448
tts2_en_US-l2arctic-medium_spk3_pos1,tts2_en_US-l2arctic-medium_spk3_pos1#gt000,insufficient_pre_context,post_roll=0.4,-0.0224
tts2_en_US-l2arctic-medium_spk3_pos1,tts2_en_US-l2arctic-medium_spk3_pos1#gt000,partial_head:padding_exceeds_max_pad_fraction,,-1.1228
tts2_en_US-l2arctic-medium_spk3_pos1,tts2_en_US-l2arctic-medium_spk3_pos1#gt000,partial_tail:padding_exceeds_max_pad_fraction,,0.7004
tts2_en_US-l2arctic-medium_spk5_pos1,tts2_en_US-l2arctic-medium_spk5_pos1#gt000,partial_head:padding_exceeds_max_pad_fraction,,-1.1822
tts2_en_US-l2arctic-medium_spk5_pos1,tts2_en_US-l2arctic-medium_spk5_pos1#gt000,partial_tail:padding_exceeds_max_pad_fraction,,0.5901
tts2_en_US-l2arctic-medium_spk8_pos1,tts2_en_US-l2arctic-medium_spk8_pos1#gt000,partial_head:padding_exceeds_max_pad_fraction,,-1.266
tts2_en_US-l2arctic-medium_spk8_pos1,tts2_en_US-l2arctic-medium_spk8_pos1#gt000,partial_tail:padding_exceeds_max_pad_fraction,,0.4345
tts2_en_US-libritts_r-medium_spk0_pos0,tts2_en_US-libritts_r-medium_spk0_pos0#gt000,partial_head:padding_exceeds_max_pad_fraction,,-1.2346
tts2_en_US-libritts_r-medium_spk0_pos0,tts2_en_US-libritts_r-medium_spk0_pos0#gt000,partial_tail:padding_exceeds_max_pad_fraction,,0.4929
tts2_en_US-libritts_r-medium_spk0_pos1,tts2_en_US-libritts_r-medium_spk0_pos1#gt000,partial_head:padding_exceeds_max_pad_fraction,,-1.2316
tts2_en_US-libritts_r-medium_spk0_pos1,tts2_en_US-libritts_r-medium_spk0_pos1#gt000,partial_tail:padding_exceeds_max_pad_fraction,,0.4899
tts2_en_US-libritts_r-medium_spk103_pos0,tts2_en_US-libritts_r-medium_spk103_pos0#gt000,partial_head:padding_exceeds_max_pad_fraction,,-1.2106
tts2_en_US-libritts_r-medium_spk103_pos0,tts2_en_US-libritts_r-medium_spk103_pos0#gt000,partial_tail:padding_exceeds_max_pad_fraction,,0.5288
tts2_en_US-libritts_r-medium_spk103_pos1,tts2_en_US-libritts_r-medium_spk103_pos1#gt000,partial_head:padding_exceeds_max_pad_fraction,,-1.2072
tts2_en_US-libritts_r-medium_spk103_pos1,tts2_en_US-libritts_r-medium_spk103_pos1#gt000,partial_tail:padding_exceeds_max_pad_fraction,,0.5353
tts2_en_US-libritts_r-medium_spk107_pos0,tts2_en_US-libritts_r-medium_spk107_pos0#gt000,partial_head:padding_exceeds_max_pad_fraction,,-1.2211
tts2_en_US-libritts_r-medium_spk107_pos0,tts2_en_US-libritts_r-medium_spk107_pos0#gt000,partial_tail:padding_exceeds_max_pad_fraction,,0.5093
tts2_en_US-libritts_r-medium_spk107_pos1,tts2_en_US-libritts_r-medium_spk107_pos1#gt000,partial_head:padding_exceeds_max_pad_fraction,,-1.2456
tts2_en_US-libritts_r-medium_spk107_pos1,tts2_en_US-libritts_r-medium_spk107_pos1#gt000,partial_tail:padding_exceeds_max_pad_fraction,,0.464
tts2_en_US-libritts_r-medium_spk108_pos0,tts2_en_US-libritts_r-medium_spk108_pos0#gt000,partial_head:padding_exceeds_max_pad_fraction,,-1.2625
tts2_en_US-libritts_r-medium_spk108_pos0,tts2_en_US-libritts_r-medium_spk108_pos0#gt000,partial_tail:padding_exceeds_max_pad_fraction,,0.441
tts2_en_US-libritts_r-medium_spk113_pos0,tts2_en_US-libritts_r-medium_spk113_pos0#gt000,partial_head:padding_exceeds_max_pad_fraction,,-1.263
tts2_en_US-libritts_r-medium_spk113_pos0,tts2_en_US-libritts_r-medium_spk113_pos0#gt000,partial_tail:padding_exceeds_max_pad_fraction,,0.4315
tts2_en_US-libritts_r-medium_spk113_pos1,tts2_en_US-libritts_r-medium_spk113_pos1#gt000,partial_head:padding_exceeds_max_pad_fraction,,-1.2176
tts2_en_US-libritts_r-medium_spk113_pos1,tts2_en_US-libritts_r-medium_spk113_pos1#gt000,partial_tail:padding_exceeds_max_pad_fraction,,0.5158
tts2_en_US-libritts_r-medium_spk122_pos0,tts2_en_US-libritts_r-medium_spk122_pos0#gt000,insufficient_pre_context,post_roll=0.25,0.1069
tts2_en_US-libritts_r-medium_spk122_pos0,tts2_en_US-libritts_r-medium_spk122_pos0#gt000,insufficient_pre_context,post_roll=0.4,0.2569
tts2_en_US-libritts_r-medium_spk122_pos0,tts2_en_US-libritts_r-medium_spk122_pos0#gt000,partial_head:padding_exceeds_max_pad_fraction,,-1.0186
tts2_en_US-libritts_r-medium_spk122_pos0,tts2_en_US-libritts_r-medium_spk122_pos0#gt000,partial_tail:padding_exceeds_max_pad_fraction,,0.8855
tts2_en_US-libritts_r-medium_spk127_pos1,tts2_en_US-libritts_r-medium_spk127_pos1#gt000,partial_head:padding_exceeds_max_pad_fraction,,-1.2141
tts2_en_US-libritts_r-medium_spk127_pos1,tts2_en_US-libritts_r-medium_spk127_pos1#gt000,partial_tail:padding_exceeds_max_pad_fraction,,0.5223
tts2_en_US-libritts_r-medium_spk131_pos0,tts2_en_US-libritts_r-medium_spk131_pos0#gt000,partial_head:padding_exceeds_max_pad_fraction,,-1.263
tts2_en_US-libritts_r-medium_spk131_pos0,tts2_en_US-libritts_r-medium_spk131_pos0#gt000,partial_tail:padding_exceeds_max_pad_fraction,,0.4315
tts2_en_US-libritts_r-medium_spk131_pos1,tts2_en_US-libritts_r-medium_spk131_pos1#gt000,insufficient_pre_context,post_roll=0.4,0.0673
tts2_en_US-libritts_r-medium_spk131_pos1,tts2_en_US-libritts_r-medium_spk131_pos1#gt000,partial_head:padding_exceeds_max_pad_fraction,,-1.0849
tts2_en_US-libritts_r-medium_spk131_pos1,tts2_en_US-libritts_r-medium_spk131_pos1#gt000,partial_tail:padding_exceeds_max_pad_fraction,,0.7622
tts2_en_US-libritts_r-medium_spk134_pos0,tts2_en_US-libritts_r-medium_spk134_pos0#gt000,partial_head:padding_exceeds_max_pad_fraction,,-1.27
tts2_en_US-libritts_r-medium_spk134_pos0,tts2_en_US-libritts_r-medium_spk134_pos0#gt000,partial_tail:padding_exceeds_max_pad_fraction,,0.4185
tts2_en_US-libritts_r-medium_spk134_pos1,tts2_en_US-libritts_r-medium_spk134_pos1#gt000,partial_head:padding_exceeds_max_pad_fraction,,-1.2037
tts2_en_US-libritts_r-medium_spk134_pos1,tts2_en_US-libritts_r-medium_spk134_pos1#gt000,partial_tail:padding_exceeds_max_pad_fraction,,0.5418
tts2_en_US-libritts_r-medium_spk136_pos0,tts2_en_US-libritts_r-medium_spk136_pos0#gt000,partial_head:padding_exceeds_max_pad_fraction,,-1.1932
tts2_en_US-libritts_r-medium_spk136_pos0,tts2_en_US-libritts_r-medium_spk136_pos0#gt000,partial_tail:padding_exceeds_max_pad_fraction,,0.5612
tts2_en_US-libritts_r-medium_spk136_pos1,tts2_en_US-libritts_r-medium_spk136_pos1#gt000,partial_head:padding_exceeds_max_pad_fraction,,-1.2072
tts2_en_US-libritts_r-medium_spk136_pos1,tts2_en_US-libritts_r-medium_spk136_pos1#gt000,partial_tail:padding_exceeds_max_pad_fraction,,0.5353
tts2_en_US-libritts_r-medium_spk139_pos0,tts2_en_US-libritts_r-medium_spk139_pos0#gt000,partial_head:padding_exceeds_max_pad_fraction,,-1.2037
tts2_en_US-libritts_r-medium_spk139_pos0,tts2_en_US-libritts_r-medium_spk139_pos0#gt000,partial_tail:padding_exceeds_max_pad_fraction,,0.5418
tts2_en_US-libritts_r-medium_spk139_pos1,tts2_en_US-libritts_r-medium_spk139_pos1#gt000,partial_head:padding_exceeds_max_pad_fraction,,-1.2526
tts2_en_US-libritts_r-medium_spk139_pos1,tts2_en_US-libritts_r-medium_spk139_pos1#gt000,partial_tail:padding_exceeds_max_pad_fraction,,0.451
tts2_en_US-libritts_r-medium_spk146_pos0,tts2_en_US-libritts_r-medium_spk146_pos0#gt000,partial_head:padding_exceeds_max_pad_fraction,,-1.284
tts2_en_US-libritts_r-medium_spk146_pos0,tts2_en_US-libritts_r-medium_spk146_pos0#gt000,partial_tail:padding_exceeds_max_pad_fraction,,0.3926
tts2_en_US-libritts_r-medium_spk14_pos0,tts2_en_US-libritts_r-medium_spk14_pos0#gt000,partial_head:padding_exceeds_max_pad_fraction,,-1.1513
tts2_en_US-libritts_r-medium_spk14_pos0,tts2_en_US-libritts_r-medium_spk14_pos0#gt000,partial_tail:padding_exceeds_max_pad_fraction,,0.6391
tts2_en_US-libritts_r-medium_spk14_pos1,tts2_en_US-libritts_r-medium_spk14_pos1#gt000,partial_head:padding_exceeds_max_pad_fraction,,-1.2595
tts2_en_US-libritts_r-medium_spk14_pos1,tts2_en_US-libritts_r-medium_spk14_pos1#gt000,partial_tail:padding_exceeds_max_pad_fraction,,0.438
tts2_en_US-libritts_r-medium_spk150_pos0,tts2_en_US-libritts_r-medium_spk150_pos0#gt000,insufficient_pre_context,post_roll=0.25,-0.0128
tts2_en_US-libritts_r-medium_spk150_pos0,tts2_en_US-libritts_r-medium_spk150_pos0#gt000,insufficient_pre_context,post_roll=0.4,0.1372
tts2_en_US-libritts_r-medium_spk150_pos0,tts2_en_US-libritts_r-medium_spk150_pos0#gt000,partial_head:padding_exceeds_max_pad_fraction,,-1.0605
tts2_en_US-libritts_r-medium_spk150_pos0,tts2_en_US-libritts_r-medium_spk150_pos0#gt000,partial_tail:padding_exceeds_max_pad_fraction,,0.8077
tts2_en_US-libritts_r-medium_spk150_pos1,tts2_en_US-libritts_r-medium_spk150_pos1#gt000,partial_head:padding_exceeds_max_pad_fraction,,-1.2037
tts2_en_US-libritts_r-medium_spk150_pos1,tts2_en_US-libritts_r-medium_spk150_pos1#gt000,partial_tail:padding_exceeds_max_pad_fraction,,0.5418
tts2_en_US-libritts_r-medium_spk154_pos0,tts2_en_US-libritts_r-medium_spk154_pos0#gt000,partial_head:padding_exceeds_max_pad_fraction,,-1.2106
tts2_en_US-libritts_r-medium_spk154_pos0,tts2_en_US-libritts_r-medium_spk154_pos0#gt000,partial_tail:padding_exceeds_max_pad_fraction,,0.5288
tts2_en_US-libritts_r-medium_spk154_pos1,tts2_en_US-libritts_r-medium_spk154_pos1#gt000,partial_head:padding_exceeds_max_pad_fraction,,-1.256
tts2_en_US-libritts_r-medium_spk154_pos1,tts2_en_US-libritts_r-medium_spk154_pos1#gt000,partial_tail:padding_exceeds_max_pad_fraction,,0.4445
tts2_en_US-libritts_r-medium_spk159_pos0,tts2_en_US-libritts_r-medium_spk159_pos0#gt000,padding_exceeds_max_pad_fraction,post_roll=0.1,-0.8313
tts2_en_US-libritts_r-medium_spk159_pos0,tts2_en_US-libritts_r-medium_spk159_pos0#gt000,padding_exceeds_max_pad_fraction,post_roll=0.25,-0.6813
tts2_en_US-libritts_r-medium_spk159_pos0,tts2_en_US-libritts_r-medium_spk159_pos0#gt000,padding_exceeds_max_pad_fraction,post_roll=0.4,-0.5313
tts2_en_US-libritts_r-medium_spk159_pos0,tts2_en_US-libritts_r-medium_spk159_pos0#gt000,centered_fallback_failed,,-0.4607
tts2_en_US-libritts_r-medium_spk159_pos0,tts2_en_US-libritts_r-medium_spk159_pos0#gt000,partial_head:padding_exceeds_max_pad_fraction,,-1.2945
tts2_en_US-libritts_r-medium_spk159_pos0,tts2_en_US-libritts_r-medium_spk159_pos0#gt000,partial_tail:padding_exceeds_max_pad_fraction,,0.3732
tts2_en_US-libritts_r-medium_spk159_pos1,tts2_en_US-libritts_r-medium_spk159_pos1#gt000,partial_head:padding_exceeds_max_pad_fraction,,-1.2805
tts2_en_US-libritts_r-medium_spk159_pos1,tts2_en_US-libritts_r-medium_spk159_pos1#gt000,partial_tail:padding_exceeds_max_pad_fraction,,0.3991
tts2_en_US-libritts_r-medium_spk165_pos0,tts2_en_US-libritts_r-medium_spk165_pos0#gt000,partial_head:padding_exceeds_max_pad_fraction,,-1.1962
tts2_en_US-libritts_r-medium_spk165_pos0,tts2_en_US-libritts_r-medium_spk165_pos0#gt000,partial_tail:padding_exceeds_max_pad_fraction,,0.5642
tts2_en_US-libritts_r-medium_spk175_pos0,tts2_en_US-libritts_r-medium_spk175_pos0#gt000,partial_head:padding_exceeds_max_pad_fraction,,-1.2037
tts2_en_US-libritts_r-medium_spk175_pos0,tts2_en_US-libritts_r-medium_spk175_pos0#gt000,partial_tail:padding_exceeds_max_pad_fraction,,0.5418
tts2_en_US-libritts_r-medium_spk175_pos1,tts2_en_US-libritts_r-medium_spk175_pos1#gt000,partial_head:padding_exceeds_max_pad_fraction,,-1.1687
tts2_en_US-libritts_r-medium_spk175_pos1,tts2_en_US-libritts_r-medium_spk175_pos1#gt000,partial_tail:padding_exceeds_max_pad_fraction,,0.6066
tts2_en_US-libritts_r-medium_spk17_pos0,tts2_en_US-libritts_r-medium_spk17_pos0#gt000,partial_head:padding_exceeds_max_pad_fraction,,-1.1408
tts2_en_US-libritts_r-medium_spk17_pos0,tts2_en_US-libritts_r-medium_spk17_pos0#gt000,partial_tail:padding_exceeds_max_pad_fraction,,0.6585
tts2_en_US-libritts_r-medium_spk17_pos1,tts2_en_US-libritts_r-medium_spk17_pos1#gt000,partial_head:padding_exceeds_max_pad_fraction,,-1.2002
tts2_en_US-libritts_r-medium_spk17_pos1,tts2_en_US-libritts_r-medium_spk17_pos1#gt000,partial_tail:padding_exceeds_max_pad_fraction,,0.5483
tts2_en_US-libritts_r-medium_spk180_pos0,tts2_en_US-libritts_r-medium_spk180_pos0#gt000,partial_head:padding_exceeds_max_pad_fraction,,-1.2386
tts2_en_US-libritts_r-medium_spk180_pos0,tts2_en_US-libritts_r-medium_spk180_pos0#gt000,partial_tail:padding_exceeds_max_pad_fraction,,0.4769
tts2_en_US-libritts_r-medium_spk181_pos0,tts2_en_US-libritts_r-medium_spk181_pos0#gt000,partial_head:padding_exceeds_max_pad_fraction,,-1.2665
tts2_en_US-libritts_r-medium_spk181_pos0,tts2_en_US-libritts_r-medium_spk181_pos0#gt000,partial_tail:padding_exceeds_max_pad_fraction,,0.425
tts2_en_US-libritts_r-medium_spk181_pos1,tts2_en_US-libritts_r-medium_spk181_pos1#gt000,partial_head:padding_exceeds_max_pad_fraction,,-1.1408
tts2_en_US-libritts_r-medium_spk181_pos1,tts2_en_US-libritts_r-medium_spk181_pos1#gt000,partial_tail:padding_exceeds_max_pad_fraction,,0.6585
tts2_en_US-libritts_r-medium_spk184_pos1,tts2_en_US-libritts_r-medium_spk184_pos1#gt000,partial_head:padding_exceeds_max_pad_fraction,,-1.1862
tts2_en_US-libritts_r-medium_spk184_pos1,tts2_en_US-libritts_r-medium_spk184_pos1#gt000,partial_tail:padding_exceeds_max_pad_fraction,,0.5742
tts2_en_US-libritts_r-medium_spk191_pos0,tts2_en_US-libritts_r-medium_spk191_pos0#gt000,partial_head:padding_exceeds_max_pad_fraction,,-1.287
tts2_en_US-libritts_r-medium_spk191_pos0,tts2_en_US-libritts_r-medium_spk191_pos0#gt000,partial_tail:padding_exceeds_max_pad_fraction,,0.3956
tts2_en_US-libritts_r-medium_spk192_pos0,tts2_en_US-libritts_r-medium_spk192_pos0#gt000,partial_head:padding_exceeds_max_pad_fraction,,-1.1827
tts2_en_US-libritts_r-medium_spk192_pos0,tts2_en_US-libritts_r-medium_spk192_pos0#gt000,partial_tail:padding_exceeds_max_pad_fraction,,0.5807
tts2_en_US-libritts_r-medium_spk193_pos0,tts2_en_US-libritts_r-medium_spk193_pos0#gt000,partial_head:padding_exceeds_max_pad_fraction,,-1.2072
tts2_en_US-libritts_r-medium_spk193_pos0,tts2_en_US-libritts_r-medium_spk193_pos0#gt000,partial_tail:padding_exceeds_max_pad_fraction,,0.5353
tts2_en_US-libritts_r-medium_spk193_pos1,tts2_en_US-libritts_r-medium_spk193_pos1#gt000,partial_head:padding_exceeds_max_pad_fraction,,-1.1932
tts2_en_US-libritts_r-medium_spk193_pos1,tts2_en_US-libritts_r-medium_spk193_pos1#gt000,partial_tail:padding_exceeds_max_pad_fraction,,0.5612
tts2_en_US-libritts_r-medium_spk194_pos0,tts2_en_US-libritts_r-medium_spk194_pos0#gt000,partial_head:padding_exceeds_max_pad_fraction,,-1.2595
tts2_en_US-libritts_r-medium_spk194_pos0,tts2_en_US-libritts_r-medium_spk194_pos0#gt000,partial_tail:padding_exceeds_max_pad_fraction,,0.438
tts2_en_US-libritts_r-medium_spk194_pos1,tts2_en_US-libritts_r-medium_spk194_pos1#gt000,partial_head:padding_exceeds_max_pad_fraction,,-1.2421
tts2_en_US-libritts_r-medium_spk194_pos1,tts2_en_US-libritts_r-medium_spk194_pos1#gt000,partial_tail:padding_exceeds_max_pad_fraction,,0.4705
tts2_en_US-libritts_r-medium_spk195_pos0,tts2_en_US-libritts_r-medium_spk195_pos0#gt000,partial_head:padding_exceeds_max_pad_fraction,,-1.2072
tts2_en_US-libritts_r-medium_spk195_pos0,tts2_en_US-libritts_r-medium_spk195_pos0#gt000,partial_tail:padding_exceeds_max_pad_fraction,,0.5353
tts2_en_US-libritts_r-medium_spk195_pos1,tts2_en_US-libritts_r-medium_spk195_pos1#gt000,partial_head:padding_exceeds_max_pad_fraction,,-1.2176
tts2_en_US-libritts_r-medium_spk195_pos1,tts2_en_US-libritts_r-medium_spk195_pos1#gt000,partial_tail:padding_exceeds_max_pad_fraction,,0.5158
tts2_en_US-libritts_r-medium_spk199_pos0,tts2_en_US-libritts_r-medium_spk199_pos0#gt000,partial_head:padding_exceeds_max_pad_fraction,,-1.2665
tts2_en_US-libritts_r-medium_spk199_pos0,tts2_en_US-libritts_r-medium_spk199_pos0#gt000,partial_tail:padding_exceeds_max_pad_fraction,,0.425
tts2_en_US-libritts_r-medium_spk199_pos1,tts2_en_US-libritts_r-medium_spk199_pos1#gt000,partial_head:padding_exceeds_max_pad_fraction,,-1.2805
tts2_en_US-libritts_r-medium_spk199_pos1,tts2_en_US-libritts_r-medium_spk199_pos1#gt000,partial_tail:padding_exceeds_max_pad_fraction,,0.3991
tts2_en_US-libritts_r-medium_spk1_pos0,tts2_en_US-libritts_r-medium_spk1_pos0#gt000,partial_head:padding_exceeds_max_pad_fraction,,-1.2037
tts2_en_US-libritts_r-medium_spk1_pos0,tts2_en_US-libritts_r-medium_spk1_pos0#gt000,partial_tail:padding_exceeds_max_pad_fraction,,0.5418
tts2_en_US-libritts_r-medium_spk1_pos1,tts2_en_US-libritts_r-medium_spk1_pos1#gt000,partial_head:padding_exceeds_max_pad_fraction,,-1.256
tts2_en_US-libritts_r-medium_spk1_pos1,tts2_en_US-libritts_r-medium_spk1_pos1#gt000,partial_tail:padding_exceeds_max_pad_fraction,,0.4445
tts2_en_US-libritts_r-medium_spk201_pos0,tts2_en_US-libritts_r-medium_spk201_pos0#gt000,partial_head:padding_exceeds_max_pad_fraction,,-1.2176
tts2_en_US-libritts_r-medium_spk201_pos0,tts2_en_US-libritts_r-medium_spk201_pos0#gt000,partial_tail:padding_exceeds_max_pad_fraction,,0.5158
tts2_en_US-libritts_r-medium_spk201_pos1,tts2_en_US-libritts_r-medium_spk201_pos1#gt000,partial_head:padding_exceeds_max_pad_fraction,,-1.2595
tts2_en_US-libritts_r-medium_spk201_pos1,tts2_en_US-libritts_r-medium_spk201_pos1#gt000,partial_tail:padding_exceeds_max_pad_fraction,,0.438
tts2_en_US-libritts_r-medium_spk202_pos0,tts2_en_US-libritts_r-medium_spk202_pos0#gt000,partial_head:padding_exceeds_max_pad_fraction,,-1.1518
tts2_en_US-libritts_r-medium_spk202_pos0,tts2_en_US-libritts_r-medium_spk202_pos0#gt000,partial_tail:padding_exceeds_max_pad_fraction,,0.6296
tts2_en_US-libritts_r-medium_spk202_pos1,tts2_en_US-libritts_r-medium_spk202_pos1#gt000,partial_head:padding_exceeds_max_pad_fraction,,-1.1862
tts2_en_US-libritts_r-medium_spk202_pos1,tts2_en_US-libritts_r-medium_spk202_pos1#gt000,partial_tail:padding_exceeds_max_pad_fraction,,0.5742
tts2_en_US-libritts_r-medium_spk205_pos0,tts2_en_US-libritts_r-medium_spk205_pos0#gt000,partial_head:padding_exceeds_max_pad_fraction,,-1.2176
tts2_en_US-libritts_r-medium_spk205_pos0,tts2_en_US-libritts_r-medium_spk205_pos0#gt000,partial_tail:padding_exceeds_max_pad_fraction,,0.5158
tts2_en_US-libritts_r-medium_spk205_pos1,tts2_en_US-libritts_r-medium_spk205_pos1#gt000,occurrence_too_long_for_window,span+tol=1.487s,
tts2_en_US-libritts_r-medium_spk205_pos1,tts2_en_US-libritts_r-medium_spk205_pos1#gt000,partial_head:padding_exceeds_max_pad_fraction,,-0.9697
tts2_en_US-libritts_r-medium_spk205_pos1,tts2_en_US-libritts_r-medium_spk205_pos1#gt000,partial_tail:padding_exceeds_max_pad_fraction,,0.9763
tts2_en_US-libritts_r-medium_spk20_pos0,tts2_en_US-libritts_r-medium_spk20_pos0#gt000,insufficient_pre_context,post_roll=0.4,-0.0224
tts2_en_US-libritts_r-medium_spk20_pos0,tts2_en_US-libritts_r-medium_spk20_pos0#gt000,partial_head:padding_exceeds_max_pad_fraction,,-1.1163
tts2_en_US-libritts_r-medium_spk20_pos0,tts2_en_US-libritts_r-medium_spk20_pos0#gt000,partial_tail:padding_exceeds_max_pad_fraction,,0.7039
tts2_en_US-libritts_r-medium_spk20_pos1,tts2_en_US-libritts_r-medium_spk20_pos1#gt000,partial_head:padding_exceeds_max_pad_fraction,,-1.1513
tts2_en_US-libritts_r-medium_spk20_pos1,tts2_en_US-libritts_r-medium_spk20_pos1#gt000,partial_tail:padding_exceeds_max_pad_fraction,,0.6391
tts2_en_US-libritts_r-medium_spk211_pos1,tts2_en_US-libritts_r-medium_spk211_pos1#gt000,partial_head:padding_exceeds_max_pad_fraction,,-1.2037
tts2_en_US-libritts_r-medium_spk211_pos1,tts2_en_US-libritts_r-medium_spk211_pos1#gt000,partial_tail:padding_exceeds_max_pad_fraction,,0.5418
tts2_en_US-libritts_r-medium_spk212_pos0,tts2_en_US-libritts_r-medium_spk212_pos0#gt000,partial_head:padding_exceeds_max_pad_fraction,,-1.1792
tts2_en_US-libritts_r-medium_spk212_pos0,tts2_en_US-libritts_r-medium_spk212_pos0#gt000,partial_tail:padding_exceeds_max_pad_fraction,,0.5872
tts2_en_US-libritts_r-medium_spk212_pos1,tts2_en_US-libritts_r-medium_spk212_pos1#gt000,partial_head:padding_exceeds_max_pad_fraction,,-1.1618
tts2_en_US-libritts_r-medium_spk212_pos1,tts2_en_US-libritts_r-medium_spk212_pos1#gt000,partial_tail:padding_exceeds_max_pad_fraction,,0.6196
tts2_en_US-libritts_r-medium_spk220_pos0,tts2_en_US-libritts_r-medium_spk220_pos0#gt000,partial_head:padding_exceeds_max_pad_fraction,,-1.2072
tts2_en_US-libritts_r-medium_spk220_pos0,tts2_en_US-libritts_r-medium_spk220_pos0#gt000,partial_tail:padding_exceeds_max_pad_fraction,,0.5353
tts2_en_US-libritts_r-medium_spk220_pos1,tts2_en_US-libritts_r-medium_spk220_pos1#gt000,partial_head:padding_exceeds_max_pad_fraction,,-1.2072
tts2_en_US-libritts_r-medium_spk220_pos1,tts2_en_US-libritts_r-medium_spk220_pos1#gt000,partial_tail:padding_exceeds_max_pad_fraction,,0.5353
tts2_en_US-libritts_r-medium_spk221_pos0,tts2_en_US-libritts_r-medium_spk221_pos0#gt000,partial_head:padding_exceeds_max_pad_fraction,,-1.2106
tts2_en_US-libritts_r-medium_spk221_pos0,tts2_en_US-libritts_r-medium_spk221_pos0#gt000,partial_tail:padding_exceeds_max_pad_fraction,,0.5288
tts2_en_US-libritts_r-medium_spk221_pos1,tts2_en_US-libritts_r-medium_spk221_pos1#gt000,partial_head:padding_exceeds_max_pad_fraction,,-1.1967
tts2_en_US-libritts_r-medium_spk221_pos1,tts2_en_US-libritts_r-medium_spk221_pos1#gt000,partial_tail:padding_exceeds_max_pad_fraction,,0.5548
tts2_en_US-libritts_r-medium_spk223_pos0,tts2_en_US-libritts_r-medium_spk223_pos0#gt000,insufficient_pre_context,post_roll=0.25,0.0371
tts2_en_US-libritts_r-medium_spk223_pos0,tts2_en_US-libritts_r-medium_spk223_pos0#gt000,insufficient_pre_context,post_roll=0.4,0.1871
tts2_en_US-libritts_r-medium_spk223_pos0,tts2_en_US-libritts_r-medium_spk223_pos0#gt000,partial_head:padding_exceeds_max_pad_fraction,,-1.043
tts2_en_US-libritts_r-medium_spk223_pos0,tts2_en_US-libritts_r-medium_spk223_pos0#gt000,partial_tail:padding_exceeds_max_pad_fraction,,0.8401
tts2_en_US-libritts_r-medium_spk223_pos1,tts2_en_US-libritts_r-medium_spk223_pos1#gt000,partial_head:padding_exceeds_max_pad_fraction,,-1.1338
tts2_en_US-libritts_r-medium_spk223_pos1,tts2_en_US-libritts_r-medium_spk223_pos1#gt000,partial_tail:padding_exceeds_max_pad_fraction,,0.6715
tts2_en_US-libritts_r-medium_spk225_pos0,tts2_en_US-libritts_r-medium_spk225_pos0#gt000,partial_head:padding_exceeds_max_pad_fraction,,-1.277
tts2_en_US-libritts_r-medium_spk225_pos0,tts2_en_US-libritts_r-medium_spk225_pos0#gt000,partial_tail:padding_exceeds_max_pad_fraction,,0.4056
tts2_en_US-libritts_r-medium_spk225_pos1,tts2_en_US-libritts_r-medium_spk225_pos1#gt000,partial_head:padding_exceeds_max_pad_fraction,,-1.2316
tts2_en_US-libritts_r-medium_spk225_pos1,tts2_en_US-libritts_r-medium_spk225_pos1#gt000,partial_tail:padding_exceeds_max_pad_fraction,,0.4899
tts2_en_US-libritts_r-medium_spk226_pos0,tts2_en_US-libritts_r-medium_spk226_pos0#gt000,partial_head:padding_exceeds_max_pad_fraction,,-1.2491
tts2_en_US-libritts_r-medium_spk226_pos0,tts2_en_US-libritts_r-medium_spk226_pos0#gt000,partial_tail:padding_exceeds_max_pad_fraction,,0.4575
tts2_en_US-libritts_r-medium_spk226_pos1,tts2_en_US-libritts_r-medium_spk226_pos1#gt000,partial_head:padding_exceeds_max_pad_fraction,,-1.2141
tts2_en_US-libritts_r-medium_spk226_pos1,tts2_en_US-libritts_r-medium_spk226_pos1#gt000,partial_tail:padding_exceeds_max_pad_fraction,,0.5223
tts2_en_US-libritts_r-medium_spk229_pos0,tts2_en_US-libritts_r-medium_spk229_pos0#gt000,occurrence_too_long_for_window,span+tol=1.407s,
tts2_en_US-libritts_r-medium_spk229_pos0,tts2_en_US-libritts_r-medium_spk229_pos0#gt000,partial_head:padding_exceeds_max_pad_fraction,,-0.9976
tts2_en_US-libritts_r-medium_spk229_pos0,tts2_en_US-libritts_r-medium_spk229_pos0#gt000,partial_tail:padding_exceeds_max_pad_fraction,,0.9244
tts2_en_US-libritts_r-medium_spk229_pos1,tts2_en_US-libritts_r-medium_spk229_pos1#gt000,partial_head:padding_exceeds_max_pad_fraction,,-1.2281
tts2_en_US-libritts_r-medium_spk229_pos1,tts2_en_US-libritts_r-medium_spk229_pos1#gt000,partial_tail:padding_exceeds_max_pad_fraction,,0.4964
tts2_en_US-libritts_r-medium_spk233_pos1,tts2_en_US-libritts_r-medium_spk233_pos1#gt000,partial_head:padding_exceeds_max_pad_fraction,,-1.2421
tts2_en_US-libritts_r-medium_spk233_pos1,tts2_en_US-libritts_r-medium_spk233_pos1#gt000,partial_tail:padding_exceeds_max_pad_fraction,,0.4705
tts2_en_US-libritts_r-medium_spk235_pos0,tts2_en_US-libritts_r-medium_spk235_pos0#gt000,partial_head:padding_exceeds_max_pad_fraction,,-1.2246
tts2_en_US-libritts_r-medium_spk235_pos0,tts2_en_US-libritts_r-medium_spk235_pos0#gt000,partial_tail:padding_exceeds_max_pad_fraction,,0.5029
tts2_en_US-libritts_r-medium_spk235_pos1,tts2_en_US-libritts_r-medium_spk235_pos1#gt000,partial_head:padding_exceeds_max_pad_fraction,,-1.2072
tts2_en_US-libritts_r-medium_spk235_pos1,tts2_en_US-libritts_r-medium_spk235_pos1#gt000,partial_tail:padding_exceeds_max_pad_fraction,,0.5353
tts2_en_US-libritts_r-medium_spk236_pos1,tts2_en_US-libritts_r-medium_spk236_pos1#gt000,partial_head:padding_exceeds_max_pad_fraction,,-1.2072
tts2_en_US-libritts_r-medium_spk236_pos1,tts2_en_US-libritts_r-medium_spk236_pos1#gt000,partial_tail:padding_exceeds_max_pad_fraction,,0.5353
tts2_en_US-libritts_r-medium_spk240_pos0,tts2_en_US-libritts_r-medium_spk240_pos0#gt000,partial_head:padding_exceeds_max_pad_fraction,,-1.1373
tts2_en_US-libritts_r-medium_spk240_pos0,tts2_en_US-libritts_r-medium_spk240_pos0#gt000,partial_tail:padding_exceeds_max_pad_fraction,,0.665
tts2_en_US-libritts_r-medium_spk240_pos1,tts2_en_US-libritts_r-medium_spk240_pos1#gt000,partial_head:padding_exceeds_max_pad_fraction,,-1.256
tts2_en_US-libritts_r-medium_spk240_pos1,tts2_en_US-libritts_r-medium_spk240_pos1#gt000,partial_tail:padding_exceeds_max_pad_fraction,,0.4445
tts2_en_US-libritts_r-medium_spk242_pos1,tts2_en_US-libritts_r-medium_spk242_pos1#gt000,partial_head:padding_exceeds_max_pad_fraction,,-1.2211
tts2_en_US-libritts_r-medium_spk242_pos1,tts2_en_US-libritts_r-medium_spk242_pos1#gt000,partial_tail:padding_exceeds_max_pad_fraction,,0.5093
tts2_en_US-libritts_r-medium_spk244_pos0,tts2_en_US-libritts_r-medium_spk244_pos0#gt000,partial_head:padding_exceeds_max_pad_fraction,,-1.2141
tts2_en_US-libritts_r-medium_spk244_pos0,tts2_en_US-libritts_r-medium_spk244_pos0#gt000,partial_tail:padding_exceeds_max_pad_fraction,,0.5223
tts2_en_US-libritts_r-medium_spk248_pos0,tts2_en_US-libritts_r-medium_spk248_pos0#gt000,partial_head:padding_exceeds_max_pad_fraction,,-1.1513
tts2_en_US-libritts_r-medium_spk248_pos0,tts2_en_US-libritts_r-medium_spk248_pos0#gt000,partial_tail:padding_exceeds_max_pad_fraction,,0.6391
tts2_en_US-libritts_r-medium_spk248_pos1,tts2_en_US-libritts_r-medium_spk248_pos1#gt000,partial_head:padding_exceeds_max_pad_fraction,,-1.2595
tts2_en_US-libritts_r-medium_spk248_pos1,tts2_en_US-libritts_r-medium_spk248_pos1#gt000,partial_tail:padding_exceeds_max_pad_fraction,,0.438
tts2_en_US-libritts_r-medium_spk250_pos0,tts2_en_US-libritts_r-medium_spk250_pos0#gt000,partial_head:padding_exceeds_max_pad_fraction,,-1.2246
tts2_en_US-libritts_r-medium_spk250_pos0,tts2_en_US-libritts_r-medium_spk250_pos0#gt000,partial_tail:padding_exceeds_max_pad_fraction,,0.5029
tts2_en_US-libritts_r-medium_spk250_pos1,tts2_en_US-libritts_r-medium_spk250_pos1#gt000,partial_head:padding_exceeds_max_pad_fraction,,-1.1897
tts2_en_US-libritts_r-medium_spk250_pos1,tts2_en_US-libritts_r-medium_spk250_pos1#gt000,partial_tail:padding_exceeds_max_pad_fraction,,0.5677
tts2_en_US-libritts_r-medium_spk253_pos0,tts2_en_US-libritts_r-medium_spk253_pos0#gt000,partial_head:padding_exceeds_max_pad_fraction,,-1.1548
tts2_en_US-libritts_r-medium_spk253_pos0,tts2_en_US-libritts_r-medium_spk253_pos0#gt000,partial_tail:padding_exceeds_max_pad_fraction,,0.6326
tts2_en_US-libritts_r-medium_spk253_pos1,tts2_en_US-libritts_r-medium_spk253_pos1#gt000,partial_head:padding_exceeds_max_pad_fraction,,-1.2246
tts2_en_US-libritts_r-medium_spk253_pos1,tts2_en_US-libritts_r-medium_spk253_pos1#gt000,partial_tail:padding_exceeds_max_pad_fraction,,0.5029
tts2_en_US-libritts_r-medium_spk261_pos0,tts2_en_US-libritts_r-medium_spk261_pos0#gt000,partial_head:padding_exceeds_max_pad_fraction,,-1.2386
tts2_en_US-libritts_r-medium_spk261_pos0,tts2_en_US-libritts_r-medium_spk261_pos0#gt000,partial_tail:padding_exceeds_max_pad_fraction,,0.4769
tts2_en_US-libritts_r-medium_spk261_pos1,tts2_en_US-libritts_r-medium_spk261_pos1#gt000,partial_head:padding_exceeds_max_pad_fraction,,-1.2141
tts2_en_US-libritts_r-medium_spk261_pos1,tts2_en_US-libritts_r-medium_spk261_pos1#gt000,partial_tail:padding_exceeds_max_pad_fraction,,0.5223
tts2_en_US-libritts_r-medium_spk266_pos1,tts2_en_US-libritts_r-medium_spk266_pos1#gt000,partial_head:padding_exceeds_max_pad_fraction,,-1.1433
tts2_en_US-libritts_r-medium_spk266_pos1,tts2_en_US-libritts_r-medium_spk266_pos1#gt000,partial_tail:padding_exceeds_max_pad_fraction,,0.6111
tts2_en_US-libritts_r-medium_spk267_pos0,tts2_en_US-libritts_r-medium_spk267_pos0#gt000,partial_head:padding_exceeds_max_pad_fraction,,-1.2316
tts2_en_US-libritts_r-medium_spk267_pos0,tts2_en_US-libritts_r-medium_spk267_pos0#gt000,partial_tail:padding_exceeds_max_pad_fraction,,0.4899
tts2_en_US-libritts_r-medium_spk267_pos1,tts2_en_US-libritts_r-medium_spk267_pos1#gt000,partial_head:padding_exceeds_max_pad_fraction,,-1.1762
tts2_en_US-libritts_r-medium_spk267_pos1,tts2_en_US-libritts_r-medium_spk267_pos1#gt000,partial_tail:padding_exceeds_max_pad_fraction,,0.5842
tts2_en_US-libritts_r-medium_spk273_pos1,tts2_en_US-libritts_r-medium_spk273_pos1#gt000,partial_head:padding_exceeds_max_pad_fraction,,-1.2456
tts2_en_US-libritts_r-medium_spk273_pos1,tts2_en_US-libritts_r-medium_spk273_pos1#gt000,partial_tail:padding_exceeds_max_pad_fraction,,0.464
tts2_en_US-libritts_r-medium_spk279_pos0,tts2_en_US-libritts_r-medium_spk279_pos0#gt000,partial_head:padding_exceeds_max_pad_fraction,,-1.2037
tts2_en_US-libritts_r-medium_spk279_pos0,tts2_en_US-libritts_r-medium_spk279_pos0#gt000,partial_tail:padding_exceeds_max_pad_fraction,,0.5418
tts2_en_US-libritts_r-medium_spk279_pos1,tts2_en_US-libritts_r-medium_spk279_pos1#gt000,partial_head:padding_exceeds_max_pad_fraction,,-1.2805
tts2_en_US-libritts_r-medium_spk279_pos1,tts2_en_US-libritts_r-medium_spk279_pos1#gt000,partial_tail:padding_exceeds_max_pad_fraction,,0.3991
tts2_en_US-libritts_r-medium_spk285_pos0,tts2_en_US-libritts_r-medium_spk285_pos0#gt000,partial_head:padding_exceeds_max_pad_fraction,,-1.2246
tts2_en_US-libritts_r-medium_spk285_pos0,tts2_en_US-libritts_r-medium_spk285_pos0#gt000,partial_tail:padding_exceeds_max_pad_fraction,,0.5029
tts2_en_US-libritts_r-medium_spk286_pos0,tts2_en_US-libritts_r-medium_spk286_pos0#gt000,partial_head:padding_exceeds_max_pad_fraction,,-1.1303
tts2_en_US-libritts_r-medium_spk286_pos0,tts2_en_US-libritts_r-medium_spk286_pos0#gt000,partial_tail:padding_exceeds_max_pad_fraction,,0.6779
tts2_en_US-libritts_r-medium_spk28_pos0,tts2_en_US-libritts_r-medium_spk28_pos0#gt000,padding_exceeds_max_pad_fraction,post_roll=0.1,-0.8612
tts2_en_US-libritts_r-medium_spk28_pos0,tts2_en_US-libritts_r-medium_spk28_pos0#gt000,padding_exceeds_max_pad_fraction,post_roll=0.25,-0.7112
tts2_en_US-libritts_r-medium_spk28_pos0,tts2_en_US-libritts_r-medium_spk28_pos0#gt000,padding_exceeds_max_pad_fraction,post_roll=0.4,-0.5612
tts2_en_US-libritts_r-medium_spk28_pos0,tts2_en_US-libritts_r-medium_spk28_pos0#gt000,centered_fallback_failed,,-0.4756
tts2_en_US-libritts_r-medium_spk28_pos0,tts2_en_US-libritts_r-medium_spk28_pos0#gt000,partial_head:padding_exceeds_max_pad_fraction,,-1.3049
tts2_en_US-libritts_r-medium_spk28_pos0,tts2_en_US-libritts_r-medium_spk28_pos0#gt000,partial_tail:padding_exceeds_max_pad_fraction,,0.3537
tts2_en_US-libritts_r-medium_spk28_pos1,tts2_en_US-libritts_r-medium_spk28_pos1#gt000,padding_exceeds_max_pad_fraction,post_roll=0.1,-0.8113
tts2_en_US-libritts_r-medium_spk28_pos1,tts2_en_US-libritts_r-medium_spk28_pos1#gt000,padding_exceeds_max_pad_fraction,post_roll=0.25,-0.6613
tts2_en_US-libritts_r-medium_spk28_pos1,tts2_en_US-libritts_r-medium_spk28_pos1#gt000,padding_exceeds_max_pad_fraction,post_roll=0.4,-0.5113
tts2_en_US-libritts_r-medium_spk28_pos1,tts2_en_US-libritts_r-medium_spk28_pos1#gt000,centered_fallback_failed,,-0.4506
tts2_en_US-libritts_r-medium_spk28_pos1,tts2_en_US-libritts_r-medium_spk28_pos1#gt000,partial_head:padding_exceeds_max_pad_fraction,,-1.2875
tts2_en_US-libritts_r-medium_spk28_pos1,tts2_en_US-libritts_r-medium_spk28_pos1#gt000,partial_tail:padding_exceeds_max_pad_fraction,,0.3862
tts2_en_US-libritts_r-medium_spk290_pos0,tts2_en_US-libritts_r-medium_spk290_pos0#gt000,partial_head:padding_exceeds_max_pad_fraction,,-1.1473
tts2_en_US-libritts_r-medium_spk290_pos0,tts2_en_US-libritts_r-medium_spk290_pos0#gt000,partial_tail:padding_exceeds_max_pad_fraction,,0.655
tts2_en_US-libritts_r-medium_spk290_pos1,tts2_en_US-libritts_r-medium_spk290_pos1#gt000,partial_head:padding_exceeds_max_pad_fraction,,-1.2526
tts2_en_US-libritts_r-medium_spk290_pos1,tts2_en_US-libritts_r-medium_spk290_pos1#gt000,partial_tail:padding_exceeds_max_pad_fraction,,0.451
tts2_en_US-libritts_r-medium_spk293_pos0,tts2_en_US-libritts_r-medium_spk293_pos0#gt000,partial_head:padding_exceeds_max_pad_fraction,,-1.2072
tts2_en_US-libritts_r-medium_spk293_pos0,tts2_en_US-libritts_r-medium_spk293_pos0#gt000,partial_tail:padding_exceeds_max_pad_fraction,,0.5353
tts2_en_US-libritts_r-medium_spk293_pos1,tts2_en_US-libritts_r-medium_spk293_pos1#gt000,partial_head:padding_exceeds_max_pad_fraction,,-1.2351
tts2_en_US-libritts_r-medium_spk293_pos1,tts2_en_US-libritts_r-medium_spk293_pos1#gt000,partial_tail:padding_exceeds_max_pad_fraction,,0.4834
tts2_en_US-libritts_r-medium_spk29_pos0,tts2_en_US-libritts_r-medium_spk29_pos0#gt000,partial_head:padding_exceeds_max_pad_fraction,,-1.256
tts2_en_US-libritts_r-medium_spk29_pos0,tts2_en_US-libritts_r-medium_spk29_pos0#gt000,partial_tail:padding_exceeds_max_pad_fraction,,0.4445
tts2_en_US-libritts_r-medium_spk29_pos1,tts2_en_US-libritts_r-medium_spk29_pos1#gt000,partial_head:padding_exceeds_max_pad_fraction,,-1.256
tts2_en_US-libritts_r-medium_spk29_pos1,tts2_en_US-libritts_r-medium_spk29_pos1#gt000,partial_tail:padding_exceeds_max_pad_fraction,,0.4445
tts2_en_US-libritts_r-medium_spk302_pos0,tts2_en_US-libritts_r-medium_spk302_pos0#gt000,partial_head:padding_exceeds_max_pad_fraction,,-1.2491
tts2_en_US-libritts_r-medium_spk302_pos0,tts2_en_US-libritts_r-medium_spk302_pos0#gt000,partial_tail:padding_exceeds_max_pad_fraction,,0.4575
tts2_en_US-libritts_r-medium_spk302_pos1,tts2_en_US-libritts_r-medium_spk302_pos1#gt000,padding_exceeds_max_pad_fraction,post_roll=0.1,-0.8313
tts2_en_US-libritts_r-medium_spk302_pos1,tts2_en_US-libritts_r-medium_spk302_pos1#gt000,padding_exceeds_max_pad_fraction,post_roll=0.25,-0.6813
tts2_en_US-libritts_r-medium_spk302_pos1,tts2_en_US-libritts_r-medium_spk302_pos1#gt000,padding_exceeds_max_pad_fraction,post_roll=0.4,-0.5313
tts2_en_US-libritts_r-medium_spk302_pos1,tts2_en_US-libritts_r-medium_spk302_pos1#gt000,centered_fallback_failed,,-0.4607
tts2_en_US-libritts_r-medium_spk302_pos1,tts2_en_US-libritts_r-medium_spk302_pos1#gt000,partial_head:padding_exceeds_max_pad_fraction,,-1.2945
tts2_en_US-libritts_r-medium_spk302_pos1,tts2_en_US-libritts_r-medium_spk302_pos1#gt000,partial_tail:padding_exceeds_max_pad_fraction,,0.3732
tts2_en_US-libritts_r-medium_spk30_pos0,tts2_en_US-libritts_r-medium_spk30_pos0#gt000,partial_head:padding_exceeds_max_pad_fraction,,-1.2351
tts2_en_US-libritts_r-medium_spk30_pos0,tts2_en_US-libritts_r-medium_spk30_pos0#gt000,partial_tail:padding_exceeds_max_pad_fraction,,0.4834
tts2_en_US-libritts_r-medium_spk30_pos1,tts2_en_US-libritts_r-medium_spk30_pos1#gt000,partial_head:padding_exceeds_max_pad_fraction,,-1.2421
tts2_en_US-libritts_r-medium_spk30_pos1,tts2_en_US-libritts_r-medium_spk30_pos1#gt000,partial_tail:padding_exceeds_max_pad_fraction,,0.4705
tts2_en_US-libritts_r-medium_spk314_pos0,tts2_en_US-libritts_r-medium_spk314_pos0#gt000,partial_head:padding_exceeds_max_pad_fraction,,-1.1987
tts2_en_US-libritts_r-medium_spk314_pos0,tts2_en_US-libritts_r-medium_spk314_pos0#gt000,partial_tail:padding_exceeds_max_pad_fraction,,0.5169
tts2_en_US-libritts_r-medium_spk314_pos1,tts2_en_US-libritts_r-medium_spk314_pos1#gt000,partial_head:padding_exceeds_max_pad_fraction,,-1.1668
tts2_en_US-libritts_r-medium_spk314_pos1,tts2_en_US-libritts_r-medium_spk314_pos1#gt000,partial_tail:padding_exceeds_max_pad_fraction,,0.5847
tts2_en_US-libritts_r-medium_spk319_pos0,tts2_en_US-libritts_r-medium_spk319_pos0#gt000,insufficient_pre_context,post_roll=0.4,-0.0224
tts2_en_US-libritts_r-medium_spk319_pos0,tts2_en_US-libritts_r-medium_spk319_pos0#gt000,partial_head:padding_exceeds_max_pad_fraction,,-1.1163
tts2_en_US-libritts_r-medium_spk319_pos0,tts2_en_US-libritts_r-medium_spk319_pos0#gt000,partial_tail:padding_exceeds_max_pad_fraction,,0.7039
tts2_en_US-libritts_r-medium_spk321_pos0,tts2_en_US-libritts_r-medium_spk321_pos0#gt000,insufficient_pre_context,post_roll=0.4,-0.0324
tts2_en_US-libritts_r-medium_spk321_pos0,tts2_en_US-libritts_r-medium_spk321_pos0#gt000,partial_head:padding_exceeds_max_pad_fraction,,-1.1198
tts2_en_US-libritts_r-medium_spk321_pos0,tts2_en_US-libritts_r-medium_spk321_pos0#gt000,partial_tail:padding_exceeds_max_pad_fraction,,0.6974
tts2_en_US-libritts_r-medium_spk321_pos1,tts2_en_US-libritts_r-medium_spk321_pos1#gt000,partial_head:padding_exceeds_max_pad_fraction,,-1.2176
tts2_en_US-libritts_r-medium_spk321_pos1,tts2_en_US-libritts_r-medium_spk321_pos1#gt000,partial_tail:padding_exceeds_max_pad_fraction,,0.5158
tts2_en_US-libritts_r-medium_spk322_pos0,tts2_en_US-libritts_r-medium_spk322_pos0#gt000,partial_head:padding_exceeds_max_pad_fraction,,-1.2665
tts2_en_US-libritts_r-medium_spk322_pos0,tts2_en_US-libritts_r-medium_spk322_pos0#gt000,partial_tail:padding_exceeds_max_pad_fraction,,0.425
tts2_en_US-libritts_r-medium_spk323_pos0,tts2_en_US-libritts_r-medium_spk323_pos0#gt000,partial_head:padding_exceeds_max_pad_fraction,,-1.2665
tts2_en_US-libritts_r-medium_spk323_pos0,tts2_en_US-libritts_r-medium_spk323_pos0#gt000,partial_tail:padding_exceeds_max_pad_fraction,,0.425
tts2_en_US-libritts_r-medium_spk323_pos1,tts2_en_US-libritts_r-medium_spk323_pos1#gt000,partial_head:padding_exceeds_max_pad_fraction,,-1.1862
tts2_en_US-libritts_r-medium_spk323_pos1,tts2_en_US-libritts_r-medium_spk323_pos1#gt000,partial_tail:padding_exceeds_max_pad_fraction,,0.5742
tts2_en_US-libritts_r-medium_spk324_pos0,tts2_en_US-libritts_r-medium_spk324_pos0#gt000,partial_head:padding_exceeds_max_pad_fraction,,-1.2805
tts2_en_US-libritts_r-medium_spk324_pos0,tts2_en_US-libritts_r-medium_spk324_pos0#gt000,partial_tail:padding_exceeds_max_pad_fraction,,0.3991
tts2_en_US-libritts_r-medium_spk324_pos1,tts2_en_US-libritts_r-medium_spk324_pos1#gt000,partial_head:padding_exceeds_max_pad_fraction,,-1.2595
tts2_en_US-libritts_r-medium_spk324_pos1,tts2_en_US-libritts_r-medium_spk324_pos1#gt000,partial_tail:padding_exceeds_max_pad_fraction,,0.438
tts2_en_US-libritts_r-medium_spk334_pos0,tts2_en_US-libritts_r-medium_spk334_pos0#gt000,occurrence_too_long_for_window,span+tol=1.746s,
tts2_en_US-libritts_r-medium_spk334_pos1,tts2_en_US-libritts_r-medium_spk334_pos1#gt000,partial_head:padding_exceeds_max_pad_fraction,,-1.256
tts2_en_US-libritts_r-medium_spk334_pos1,tts2_en_US-libritts_r-medium_spk334_pos1#gt000,partial_tail:padding_exceeds_max_pad_fraction,,0.4445
tts2_en_US-libritts_r-medium_spk336_pos0,tts2_en_US-libritts_r-medium_spk336_pos0#gt000,partial_head:padding_exceeds_max_pad_fraction,,-1.2002
tts2_en_US-libritts_r-medium_spk336_pos0,tts2_en_US-libritts_r-medium_spk336_pos0#gt000,partial_tail:padding_exceeds_max_pad_fraction,,0.5483
tts2_en_US-libritts_r-medium_spk336_pos1,tts2_en_US-libritts_r-medium_spk336_pos1#gt000,partial_head:padding_exceeds_max_pad_fraction,,-1.1687
tts2_en_US-libritts_r-medium_spk336_pos1,tts2_en_US-libritts_r-medium_spk336_pos1#gt000,partial_tail:padding_exceeds_max_pad_fraction,,0.6066
tts2_en_US-libritts_r-medium_spk337_pos1,tts2_en_US-libritts_r-medium_spk337_pos1#gt000,partial_head:padding_exceeds_max_pad_fraction,,-1.2141
tts2_en_US-libritts_r-medium_spk337_pos1,tts2_en_US-libritts_r-medium_spk337_pos1#gt000,partial_tail:padding_exceeds_max_pad_fraction,,0.5223
tts2_en_US-libritts_r-medium_spk344_pos0,tts2_en_US-libritts_r-medium_spk344_pos0#gt000,partial_head:padding_exceeds_max_pad_fraction,,-1.1932
tts2_en_US-libritts_r-medium_spk344_pos0,tts2_en_US-libritts_r-medium_spk344_pos0#gt000,partial_tail:padding_exceeds_max_pad_fraction,,0.5612
tts2_en_US-libritts_r-medium_spk344_pos1,tts2_en_US-libritts_r-medium_spk344_pos1#gt000,partial_head:padding_exceeds_max_pad_fraction,,-1.2002
tts2_en_US-libritts_r-medium_spk344_pos1,tts2_en_US-libritts_r-medium_spk344_pos1#gt000,partial_tail:padding_exceeds_max_pad_fraction,,0.5483
tts2_en_US-libritts_r-medium_spk348_pos0,tts2_en_US-libritts_r-medium_spk348_pos0#gt000,partial_head:padding_exceeds_max_pad_fraction,,-1.2037
tts2_en_US-libritts_r-medium_spk348_pos0,tts2_en_US-libritts_r-medium_spk348_pos0#gt000,partial_tail:padding_exceeds_max_pad_fraction,,0.5418
tts2_en_US-libritts_r-medium_spk348_pos1,tts2_en_US-libritts_r-medium_spk348_pos1#gt000,partial_head:padding_exceeds_max_pad_fraction,,-1.2386
tts2_en_US-libritts_r-medium_spk348_pos1,tts2_en_US-libritts_r-medium_spk348_pos1#gt000,partial_tail:padding_exceeds_max_pad_fraction,,0.4769
tts2_en_US-libritts_r-medium_spk34_pos0,tts2_en_US-libritts_r-medium_spk34_pos0#gt000,partial_head:padding_exceeds_max_pad_fraction,,-1.2491
tts2_en_US-libritts_r-medium_spk34_pos0,tts2_en_US-libritts_r-medium_spk34_pos0#gt000,partial_tail:padding_exceeds_max_pad_fraction,,0.4575
tts2_en_US-libritts_r-medium_spk34_pos1,tts2_en_US-libritts_r-medium_spk34_pos1#gt000,partial_head:padding_exceeds_max_pad_fraction,,-1.2735
tts2_en_US-libritts_r-medium_spk34_pos1,tts2_en_US-libritts_r-medium_spk34_pos1#gt000,partial_tail:padding_exceeds_max_pad_fraction,,0.4121
tts2_en_US-libritts_r-medium_spk354_pos0,tts2_en_US-libritts_r-medium_spk354_pos0#gt000,partial_head:padding_exceeds_max_pad_fraction,,-1.1827
tts2_en_US-libritts_r-medium_spk354_pos0,tts2_en_US-libritts_r-medium_spk354_pos0#gt000,partial_tail:padding_exceeds_max_pad_fraction,,0.5807
tts2_en_US-libritts_r-medium_spk354_pos1,tts2_en_US-libritts_r-medium_spk354_pos1#gt000,partial_head:padding_exceeds_max_pad_fraction,,-1.1722
tts2_en_US-libritts_r-medium_spk354_pos1,tts2_en_US-libritts_r-medium_spk354_pos1#gt000,partial_tail:padding_exceeds_max_pad_fraction,,0.6001
tts2_en_US-libritts_r-medium_spk355_pos0,tts2_en_US-libritts_r-medium_spk355_pos0#gt000,partial_head:padding_exceeds_max_pad_fraction,,-1.2351
tts2_en_US-libritts_r-medium_spk355_pos0,tts2_en_US-libritts_r-medium_spk355_pos0#gt000,partial_tail:padding_exceeds_max_pad_fraction,,0.4834
tts2_en_US-libritts_r-medium_spk355_pos1,tts2_en_US-libritts_r-medium_spk355_pos1#gt000,partial_head:padding_exceeds_max_pad_fraction,,-1.27
tts2_en_US-libritts_r-medium_spk355_pos1,tts2_en_US-libritts_r-medium_spk355_pos1#gt000,partial_tail:padding_exceeds_max_pad_fraction,,0.4185
tts2_en_US-libritts_r-medium_spk357_pos0,tts2_en_US-libritts_r-medium_spk357_pos0#gt000,insufficient_pre_context,post_roll=0.1,0.0068
tts2_en_US-libritts_r-medium_spk357_pos0,tts2_en_US-libritts_r-medium_spk357_pos0#gt000,insufficient_pre_context,post_roll=0.25,0.1568
tts2_en_US-libritts_r-medium_spk357_pos0,tts2_en_US-libritts_r-medium_spk357_pos0#gt000,insufficient_pre_context,post_roll=0.4,0.3068
tts2_en_US-libritts_r-medium_spk357_pos0,tts2_en_US-libritts_r-medium_spk357_pos0#gt000,partial_head:padding_exceeds_max_pad_fraction,,-1.0011
tts2_en_US-libritts_r-medium_spk357_pos0,tts2_en_US-libritts_r-medium_spk357_pos0#gt000,partial_tail:padding_exceeds_max_pad_fraction,,0.9179
tts2_en_US-libritts_r-medium_spk357_pos1,tts2_en_US-libritts_r-medium_spk357_pos1#gt000,partial_head:padding_exceeds_max_pad_fraction,,-1.27
tts2_en_US-libritts_r-medium_spk357_pos1,tts2_en_US-libritts_r-medium_spk357_pos1#gt000,partial_tail:padding_exceeds_max_pad_fraction,,0.4185
tts2_en_US-libritts_r-medium_spk361_pos1,tts2_en_US-libritts_r-medium_spk361_pos1#gt000,partial_head:padding_exceeds_max_pad_fraction,,-1.277
tts2_en_US-libritts_r-medium_spk361_pos1,tts2_en_US-libritts_r-medium_spk361_pos1#gt000,partial_tail:padding_exceeds_max_pad_fraction,,0.4056
tts2_en_US-libritts_r-medium_spk364_pos0,tts2_en_US-libritts_r-medium_spk364_pos0#gt000,partial_head:padding_exceeds_max_pad_fraction,,-1.2421
tts2_en_US-libritts_r-medium_spk364_pos0,tts2_en_US-libritts_r-medium_spk364_pos0#gt000,partial_tail:padding_exceeds_max_pad_fraction,,0.4705
tts2_en_US-libritts_r-medium_spk373_pos0,tts2_en_US-libritts_r-medium_spk373_pos0#gt000,partial_head:padding_exceeds_max_pad_fraction,,-1.1932
tts2_en_US-libritts_r-medium_spk373_pos0,tts2_en_US-libritts_r-medium_spk373_pos0#gt000,partial_tail:padding_exceeds_max_pad_fraction,,0.5612
tts2_en_US-libritts_r-medium_spk373_pos1,tts2_en_US-libritts_r-medium_spk373_pos1#gt000,partial_head:padding_exceeds_max_pad_fraction,,-1.2072
tts2_en_US-libritts_r-medium_spk373_pos1,tts2_en_US-libritts_r-medium_spk373_pos1#gt000,partial_tail:padding_exceeds_max_pad_fraction,,0.5353
tts2_en_US-libritts_r-medium_spk375_pos0,tts2_en_US-libritts_r-medium_spk375_pos0#gt000,partial_head:padding_exceeds_max_pad_fraction,,-1.1932
tts2_en_US-libritts_r-medium_spk375_pos0,tts2_en_US-libritts_r-medium_spk375_pos0#gt000,partial_tail:padding_exceeds_max_pad_fraction,,0.5612
tts2_en_US-libritts_r-medium_spk375_pos1,tts2_en_US-libritts_r-medium_spk375_pos1#gt000,partial_head:padding_exceeds_max_pad_fraction,,-1.2002
tts2_en_US-libritts_r-medium_spk375_pos1,tts2_en_US-libritts_r-medium_spk375_pos1#gt000,partial_tail:padding_exceeds_max_pad_fraction,,0.5483
tts2_en_US-libritts_r-medium_spk377_pos1,tts2_en_US-libritts_r-medium_spk377_pos1#gt000,insufficient_pre_context,post_roll=0.4,-0.0324
tts2_en_US-libritts_r-medium_spk377_pos1,tts2_en_US-libritts_r-medium_spk377_pos1#gt000,partial_head:padding_exceeds_max_pad_fraction,,-1.1198
tts2_en_US-libritts_r-medium_spk377_pos1,tts2_en_US-libritts_r-medium_spk377_pos1#gt000,partial_tail:padding_exceeds_max_pad_fraction,,0.6974
tts2_en_US-libritts_r-medium_spk390_pos0,tts2_en_US-libritts_r-medium_spk390_pos0#gt000,partial_head:padding_exceeds_max_pad_fraction,,-1.1548
tts2_en_US-libritts_r-medium_spk390_pos0,tts2_en_US-libritts_r-medium_spk390_pos0#gt000,partial_tail:padding_exceeds_max_pad_fraction,,0.6326
tts2_en_US-libritts_r-medium_spk390_pos1,tts2_en_US-libritts_r-medium_spk390_pos1#gt000,partial_head:padding_exceeds_max_pad_fraction,,-1.2002
tts2_en_US-libritts_r-medium_spk390_pos1,tts2_en_US-libritts_r-medium_spk390_pos1#gt000,partial_tail:padding_exceeds_max_pad_fraction,,0.5483
tts2_en_US-libritts_r-medium_spk391_pos0,tts2_en_US-libritts_r-medium_spk391_pos0#gt000,partial_head:padding_exceeds_max_pad_fraction,,-1.2526
tts2_en_US-libritts_r-medium_spk391_pos0,tts2_en_US-libritts_r-medium_spk391_pos0#gt000,partial_tail:padding_exceeds_max_pad_fraction,,0.451
tts2_en_US-libritts_r-medium_spk391_pos1,tts2_en_US-libritts_r-medium_spk391_pos1#gt000,partial_head:padding_exceeds_max_pad_fraction,,-1.284
tts2_en_US-libritts_r-medium_spk391_pos1,tts2_en_US-libritts_r-medium_spk391_pos1#gt000,partial_tail:padding_exceeds_max_pad_fraction,,0.3926
tts2_en_US-libritts_r-medium_spk401_pos0,tts2_en_US-libritts_r-medium_spk401_pos0#gt000,partial_head:padding_exceeds_max_pad_fraction,,-1.1268
tts2_en_US-libritts_r-medium_spk401_pos0,tts2_en_US-libritts_r-medium_spk401_pos0#gt000,partial_tail:padding_exceeds_max_pad_fraction,,0.6844
tts2_en_US-libritts_r-medium_spk401_pos1,tts2_en_US-libritts_r-medium_spk401_pos1#gt000,partial_head:padding_exceeds_max_pad_fraction,,-1.2002
tts2_en_US-libritts_r-medium_spk401_pos1,tts2_en_US-libritts_r-medium_spk401_pos1#gt000,partial_tail:padding_exceeds_max_pad_fraction,,0.5483
tts2_en_US-libritts_r-medium_spk405_pos0,tts2_en_US-libritts_r-medium_spk405_pos0#gt000,partial_head:padding_exceeds_max_pad_fraction,,-1.1618
tts2_en_US-libritts_r-medium_spk405_pos0,tts2_en_US-libritts_r-medium_spk405_pos0#gt000,partial_tail:padding_exceeds_max_pad_fraction,,0.6196
tts2_en_US-libritts_r-medium_spk405_pos1,tts2_en_US-libritts_r-medium_spk405_pos1#gt000,padding_exceeds_max_pad_fraction,post_roll=0.1,-0.8213
tts2_en_US-libritts_r-medium_spk405_pos1,tts2_en_US-libritts_r-medium_spk405_pos1#gt000,padding_exceeds_max_pad_fraction,post_roll=0.25,-0.6713
tts2_en_US-libritts_r-medium_spk405_pos1,tts2_en_US-libritts_r-medium_spk405_pos1#gt000,padding_exceeds_max_pad_fraction,post_roll=0.4,-0.5213
tts2_en_US-libritts_r-medium_spk405_pos1,tts2_en_US-libritts_r-medium_spk405_pos1#gt000,centered_fallback_failed,,-0.4556
tts2_en_US-libritts_r-medium_spk405_pos1,tts2_en_US-libritts_r-medium_spk405_pos1#gt000,partial_head:padding_exceeds_max_pad_fraction,,-1.291
tts2_en_US-libritts_r-medium_spk405_pos1,tts2_en_US-libritts_r-medium_spk405_pos1#gt000,partial_tail:padding_exceeds_max_pad_fraction,,0.3797
tts2_en_US-libritts_r-medium_spk406_pos0,tts2_en_US-libritts_r-medium_spk406_pos0#gt000,partial_head:padding_exceeds_max_pad_fraction,,-1.2595
tts2_en_US-libritts_r-medium_spk406_pos0,tts2_en_US-libritts_r-medium_spk406_pos0#gt000,partial_tail:padding_exceeds_max_pad_fraction,,0.438
tts2_en_US-libritts_r-medium_spk406_pos1,tts2_en_US-libritts_r-medium_spk406_pos1#gt000,partial_head:padding_exceeds_max_pad_fraction,,-1.2456
tts2_en_US-libritts_r-medium_spk406_pos1,tts2_en_US-libritts_r-medium_spk406_pos1#gt000,partial_tail:padding_exceeds_max_pad_fraction,,0.464
tts2_en_US-libritts_r-medium_spk409_pos0,tts2_en_US-libritts_r-medium_spk409_pos0#gt000,partial_head:padding_exceeds_max_pad_fraction,,-1.2416
tts2_en_US-libritts_r-medium_spk409_pos0,tts2_en_US-libritts_r-medium_spk409_pos0#gt000,partial_tail:padding_exceeds_max_pad_fraction,,0.4799
tts2_en_US-libritts_r-medium_spk409_pos1,tts2_en_US-libritts_r-medium_spk409_pos1#gt000,partial_head:padding_exceeds_max_pad_fraction,,-1.2351
tts2_en_US-libritts_r-medium_spk409_pos1,tts2_en_US-libritts_r-medium_spk409_pos1#gt000,partial_tail:padding_exceeds_max_pad_fraction,,0.4834
tts2_en_US-libritts_r-medium_spk413_pos0,tts2_en_US-libritts_r-medium_spk413_pos0#gt000,partial_head:padding_exceeds_max_pad_fraction,,-1.1827
tts2_en_US-libritts_r-medium_spk413_pos0,tts2_en_US-libritts_r-medium_spk413_pos0#gt000,partial_tail:padding_exceeds_max_pad_fraction,,0.5807
tts2_en_US-libritts_r-medium_spk413_pos1,tts2_en_US-libritts_r-medium_spk413_pos1#gt000,partial_head:padding_exceeds_max_pad_fraction,,-1.1792
tts2_en_US-libritts_r-medium_spk413_pos1,tts2_en_US-libritts_r-medium_spk413_pos1#gt000,partial_tail:padding_exceeds_max_pad_fraction,,0.5872
tts2_en_US-libritts_r-medium_spk416_pos0,tts2_en_US-libritts_r-medium_spk416_pos0#gt000,partial_head:padding_exceeds_max_pad_fraction,,-1.2491
tts2_en_US-libritts_r-medium_spk416_pos0,tts2_en_US-libritts_r-medium_spk416_pos0#gt000,partial_tail:padding_exceeds_max_pad_fraction,,0.4575
tts2_en_US-libritts_r-medium_spk416_pos1,tts2_en_US-libritts_r-medium_spk416_pos1#gt000,partial_head:padding_exceeds_max_pad_fraction,,-1.2176
tts2_en_US-libritts_r-medium_spk416_pos1,tts2_en_US-libritts_r-medium_spk416_pos1#gt000,partial_tail:padding_exceeds_max_pad_fraction,,0.5158
tts2_en_US-libritts_r-medium_spk421_pos0,tts2_en_US-libritts_r-medium_spk421_pos0#gt000,partial_head:padding_exceeds_max_pad_fraction,,-1.2002
tts2_en_US-libritts_r-medium_spk421_pos0,tts2_en_US-libritts_r-medium_spk421_pos0#gt000,partial_tail:padding_exceeds_max_pad_fraction,,0.5483
tts2_en_US-libritts_r-medium_spk428_pos0,tts2_en_US-libritts_r-medium_spk428_pos0#gt000,partial_head:padding_exceeds_max_pad_fraction,,-1.2565
tts2_en_US-libritts_r-medium_spk428_pos0,tts2_en_US-libritts_r-medium_spk428_pos0#gt000,partial_tail:padding_exceeds_max_pad_fraction,,0.435
tts2_en_US-libritts_r-medium_spk428_pos1,tts2_en_US-libritts_r-medium_spk428_pos1#gt000,partial_head:padding_exceeds_max_pad_fraction,,-1.2665
tts2_en_US-libritts_r-medium_spk428_pos1,tts2_en_US-libritts_r-medium_spk428_pos1#gt000,partial_tail:padding_exceeds_max_pad_fraction,,0.425
tts2_en_US-libritts_r-medium_spk443_pos0,tts2_en_US-libritts_r-medium_spk443_pos0#gt000,partial_head:padding_exceeds_max_pad_fraction,,-1.2037
tts2_en_US-libritts_r-medium_spk443_pos0,tts2_en_US-libritts_r-medium_spk443_pos0#gt000,partial_tail:padding_exceeds_max_pad_fraction,,0.5418
tts2_en_US-libritts_r-medium_spk443_pos1,tts2_en_US-libritts_r-medium_spk443_pos1#gt000,partial_head:padding_exceeds_max_pad_fraction,,-1.2072
tts2_en_US-libritts_r-medium_spk443_pos1,tts2_en_US-libritts_r-medium_spk443_pos1#gt000,partial_tail:padding_exceeds_max_pad_fraction,,0.5353
tts2_en_US-libritts_r-medium_spk444_pos1,tts2_en_US-libritts_r-medium_spk444_pos1#gt000,insufficient_pre_context,post_roll=0.25,-0.0128
tts2_en_US-libritts_r-medium_spk444_pos1,tts2_en_US-libritts_r-medium_spk444_pos1#gt000,insufficient_pre_context,post_roll=0.4,0.1372
tts2_en_US-libritts_r-medium_spk444_pos1,tts2_en_US-libritts_r-medium_spk444_pos1#gt000,partial_head:padding_exceeds_max_pad_fraction,,-1.0605
tts2_en_US-libritts_r-medium_spk444_pos1,tts2_en_US-libritts_r-medium_spk444_pos1#gt000,partial_tail:padding_exceeds_max_pad_fraction,,0.8077
tts2_en_US-libritts_r-medium_spk448_pos0,tts2_en_US-libritts_r-medium_spk448_pos0#gt000,partial_head:padding_exceeds_max_pad_fraction,,-1.2072
tts2_en_US-libritts_r-medium_spk448_pos0,tts2_en_US-libritts_r-medium_spk448_pos0#gt000,partial_tail:padding_exceeds_max_pad_fraction,,0.5353
tts2_en_US-libritts_r-medium_spk448_pos1,tts2_en_US-libritts_r-medium_spk448_pos1#gt000,partial_head:padding_exceeds_max_pad_fraction,,-1.2805
tts2_en_US-libritts_r-medium_spk448_pos1,tts2_en_US-libritts_r-medium_spk448_pos1#gt000,partial_tail:padding_exceeds_max_pad_fraction,,0.3991
tts2_en_US-libritts_r-medium_spk459_pos0,tts2_en_US-libritts_r-medium_spk459_pos0#gt000,partial_head:padding_exceeds_max_pad_fraction,,-1.2296
tts2_en_US-libritts_r-medium_spk459_pos0,tts2_en_US-libritts_r-medium_spk459_pos0#gt000,partial_tail:padding_exceeds_max_pad_fraction,,0.4679
tts2_en_US-libritts_r-medium_spk459_pos1,tts2_en_US-libritts_r-medium_spk459_pos1#gt000,partial_head:padding_exceeds_max_pad_fraction,,-1.2421
tts2_en_US-libritts_r-medium_spk459_pos1,tts2_en_US-libritts_r-medium_spk459_pos1#gt000,partial_tail:padding_exceeds_max_pad_fraction,,0.4705
tts2_en_US-libritts_r-medium_spk460_pos0,tts2_en_US-libritts_r-medium_spk460_pos0#gt000,partial_head:padding_exceeds_max_pad_fraction,,-1.2595
tts2_en_US-libritts_r-medium_spk460_pos0,tts2_en_US-libritts_r-medium_spk460_pos0#gt000,partial_tail:padding_exceeds_max_pad_fraction,,0.438
tts2_en_US-libritts_r-medium_spk460_pos1,tts2_en_US-libritts_r-medium_spk460_pos1#gt000,partial_head:padding_exceeds_max_pad_fraction,,-1.263
tts2_en_US-libritts_r-medium_spk460_pos1,tts2_en_US-libritts_r-medium_spk460_pos1#gt000,partial_tail:padding_exceeds_max_pad_fraction,,0.4315
tts2_en_US-libritts_r-medium_spk462_pos0,tts2_en_US-libritts_r-medium_spk462_pos0#gt000,partial_head:padding_exceeds_max_pad_fraction,,-1.2281
tts2_en_US-libritts_r-medium_spk462_pos0,tts2_en_US-libritts_r-medium_spk462_pos0#gt000,partial_tail:padding_exceeds_max_pad_fraction,,0.4964
tts2_en_US-libritts_r-medium_spk462_pos1,tts2_en_US-libritts_r-medium_spk462_pos1#gt000,partial_head:padding_exceeds_max_pad_fraction,,-1.1268
tts2_en_US-libritts_r-medium_spk462_pos1,tts2_en_US-libritts_r-medium_spk462_pos1#gt000,partial_tail:padding_exceeds_max_pad_fraction,,0.6844
tts2_en_US-libritts_r-medium_spk476_pos0,tts2_en_US-libritts_r-medium_spk476_pos0#gt000,partial_head:padding_exceeds_max_pad_fraction,,-1.2351
tts2_en_US-libritts_r-medium_spk476_pos0,tts2_en_US-libritts_r-medium_spk476_pos0#gt000,partial_tail:padding_exceeds_max_pad_fraction,,0.4834
tts2_en_US-libritts_r-medium_spk476_pos1,tts2_en_US-libritts_r-medium_spk476_pos1#gt000,partial_head:padding_exceeds_max_pad_fraction,,-1.2002
tts2_en_US-libritts_r-medium_spk476_pos1,tts2_en_US-libritts_r-medium_spk476_pos1#gt000,partial_tail:padding_exceeds_max_pad_fraction,,0.5483
tts2_en_US-libritts_r-medium_spk481_pos0,tts2_en_US-libritts_r-medium_spk481_pos0#gt000,insufficient_pre_context,post_roll=0.25,-0.0228
tts2_en_US-libritts_r-medium_spk481_pos0,tts2_en_US-libritts_r-medium_spk481_pos0#gt000,insufficient_pre_context,post_roll=0.4,0.1272
tts2_en_US-libritts_r-medium_spk481_pos0,tts2_en_US-libritts_r-medium_spk481_pos0#gt000,partial_head:padding_exceeds_max_pad_fraction,,-1.064
tts2_en_US-libritts_r-medium_spk481_pos0,tts2_en_US-libritts_r-medium_spk481_pos0#gt000,partial_tail:padding_exceeds_max_pad_fraction,,0.8012
tts2_en_US-libritts_r-medium_spk481_pos1,tts2_en_US-libritts_r-medium_spk481_pos1#gt000,partial_head:padding_exceeds_max_pad_fraction,,-1.1897
tts2_en_US-libritts_r-medium_spk481_pos1,tts2_en_US-libritts_r-medium_spk481_pos1#gt000,partial_tail:padding_exceeds_max_pad_fraction,,0.5677
tts2_en_US-libritts_r-medium_spk484_pos0,tts2_en_US-libritts_r-medium_spk484_pos0#gt000,partial_head:padding_exceeds_max_pad_fraction,,-1.2695
tts2_en_US-libritts_r-medium_spk484_pos0,tts2_en_US-libritts_r-medium_spk484_pos0#gt000,partial_tail:padding_exceeds_max_pad_fraction,,0.428
tts2_en_US-libritts_r-medium_spk484_pos1,tts2_en_US-libritts_r-medium_spk484_pos1#gt000,partial_head:padding_exceeds_max_pad_fraction,,-1.2835
tts2_en_US-libritts_r-medium_spk484_pos1,tts2_en_US-libritts_r-medium_spk484_pos1#gt000,partial_tail:padding_exceeds_max_pad_fraction,,0.4021
tts2_en_US-libritts_r-medium_spk48_pos0,tts2_en_US-libritts_r-medium_spk48_pos0#gt000,partial_head:padding_exceeds_max_pad_fraction,,-1.2002
tts2_en_US-libritts_r-medium_spk48_pos0,tts2_en_US-libritts_r-medium_spk48_pos0#gt000,partial_tail:padding_exceeds_max_pad_fraction,,0.5483
tts2_en_US-libritts_r-medium_spk48_pos1,tts2_en_US-libritts_r-medium_spk48_pos1#gt000,partial_head:padding_exceeds_max_pad_fraction,,-1.2421
tts2_en_US-libritts_r-medium_spk48_pos1,tts2_en_US-libritts_r-medium_spk48_pos1#gt000,partial_tail:padding_exceeds_max_pad_fraction,,0.4705
tts2_en_US-libritts_r-medium_spk490_pos0,tts2_en_US-libritts_r-medium_spk490_pos0#gt000,partial_head:padding_exceeds_max_pad_fraction,,-1.2386
tts2_en_US-libritts_r-medium_spk490_pos0,tts2_en_US-libritts_r-medium_spk490_pos0#gt000,partial_tail:padding_exceeds_max_pad_fraction,,0.4769
tts2_en_US-libritts_r-medium_spk490_pos1,tts2_en_US-libritts_r-medium_spk490_pos1#gt000,partial_head:padding_exceeds_max_pad_fraction,,-1.2246
tts2_en_US-libritts_r-medium_spk490_pos1,tts2_en_US-libritts_r-medium_spk490_pos1#gt000,partial_tail:padding_exceeds_max_pad_fraction,,0.5029
tts2_en_US-libritts_r-medium_spk492_pos0,tts2_en_US-libritts_r-medium_spk492_pos0#gt000,partial_head:padding_exceeds_max_pad_fraction,,-1.277
tts2_en_US-libritts_r-medium_spk492_pos0,tts2_en_US-libritts_r-medium_spk492_pos0#gt000,partial_tail:padding_exceeds_max_pad_fraction,,0.4056
tts2_en_US-libritts_r-medium_spk492_pos1,tts2_en_US-libritts_r-medium_spk492_pos1#gt000,partial_head:padding_exceeds_max_pad_fraction,,-1.284
tts2_en_US-libritts_r-medium_spk492_pos1,tts2_en_US-libritts_r-medium_spk492_pos1#gt000,partial_tail:padding_exceeds_max_pad_fraction,,0.3926
tts2_en_US-libritts_r-medium_spk49_pos0,tts2_en_US-libritts_r-medium_spk49_pos0#gt000,partial_head:padding_exceeds_max_pad_fraction,,-1.2141
tts2_en_US-libritts_r-medium_spk49_pos0,tts2_en_US-libritts_r-medium_spk49_pos0#gt000,partial_tail:padding_exceeds_max_pad_fraction,,0.5223
tts2_en_US-libritts_r-medium_spk49_pos1,tts2_en_US-libritts_r-medium_spk49_pos1#gt000,partial_head:padding_exceeds_max_pad_fraction,,-1.1513
tts2_en_US-libritts_r-medium_spk49_pos1,tts2_en_US-libritts_r-medium_spk49_pos1#gt000,partial_tail:padding_exceeds_max_pad_fraction,,0.6391
tts2_en_US-libritts_r-medium_spk501_pos0,tts2_en_US-libritts_r-medium_spk501_pos0#gt000,partial_head:padding_exceeds_max_pad_fraction,,-1.2595
tts2_en_US-libritts_r-medium_spk501_pos0,tts2_en_US-libritts_r-medium_spk501_pos0#gt000,partial_tail:padding_exceeds_max_pad_fraction,,0.438
tts2_en_US-libritts_r-medium_spk501_pos1,tts2_en_US-libritts_r-medium_spk501_pos1#gt000,partial_head:padding_exceeds_max_pad_fraction,,-1.2106
tts2_en_US-libritts_r-medium_spk501_pos1,tts2_en_US-libritts_r-medium_spk501_pos1#gt000,partial_tail:padding_exceeds_max_pad_fraction,,0.5288
tts2_en_US-libritts_r-medium_spk506_pos1,tts2_en_US-libritts_r-medium_spk506_pos1#gt000,partial_head:padding_exceeds_max_pad_fraction,,-1.2246
tts2_en_US-libritts_r-medium_spk506_pos1,tts2_en_US-libritts_r-medium_spk506_pos1#gt000,partial_tail:padding_exceeds_max_pad_fraction,,0.5029
tts2_en_US-libritts_r-medium_spk508_pos0,tts2_en_US-libritts_r-medium_spk508_pos0#gt000,partial_head:padding_exceeds_max_pad_fraction,,-1.2421
tts2_en_US-libritts_r-medium_spk508_pos0,tts2_en_US-libritts_r-medium_spk508_pos0#gt000,partial_tail:padding_exceeds_max_pad_fraction,,0.4705
tts2_en_US-libritts_r-medium_spk508_pos1,tts2_en_US-libritts_r-medium_spk508_pos1#gt000,partial_head:padding_exceeds_max_pad_fraction,,-1.2211
tts2_en_US-libritts_r-medium_spk508_pos1,tts2_en_US-libritts_r-medium_spk508_pos1#gt000,partial_tail:padding_exceeds_max_pad_fraction,,0.5093
tts2_en_US-libritts_r-medium_spk510_pos0,tts2_en_US-libritts_r-medium_spk510_pos0#gt000,insufficient_pre_context,post_roll=0.4,-0.0324
tts2_en_US-libritts_r-medium_spk510_pos0,tts2_en_US-libritts_r-medium_spk510_pos0#gt000,partial_head:padding_exceeds_max_pad_fraction,,-1.1198
tts2_en_US-libritts_r-medium_spk510_pos0,tts2_en_US-libritts_r-medium_spk510_pos0#gt000,partial_tail:padding_exceeds_max_pad_fraction,,0.6974
tts2_en_US-libritts_r-medium_spk510_pos1,tts2_en_US-libritts_r-medium_spk510_pos1#gt000,partial_head:padding_exceeds_max_pad_fraction,,-1.2106
tts2_en_US-libritts_r-medium_spk510_pos1,tts2_en_US-libritts_r-medium_spk510_pos1#gt000,partial_tail:padding_exceeds_max_pad_fraction,,0.5288
tts2_en_US-libritts_r-medium_spk514_pos0,tts2_en_US-libritts_r-medium_spk514_pos0#gt000,partial_head:padding_exceeds_max_pad_fraction,,-1.2665
tts2_en_US-libritts_r-medium_spk514_pos0,tts2_en_US-libritts_r-medium_spk514_pos0#gt000,partial_tail:padding_exceeds_max_pad_fraction,,0.425
tts2_en_US-libritts_r-medium_spk514_pos1,tts2_en_US-libritts_r-medium_spk514_pos1#gt000,partial_head:padding_exceeds_max_pad_fraction,,-1.256
tts2_en_US-libritts_r-medium_spk514_pos1,tts2_en_US-libritts_r-medium_spk514_pos1#gt000,partial_tail:padding_exceeds_max_pad_fraction,,0.4445
tts2_en_US-libritts_r-medium_spk516_pos0,tts2_en_US-libritts_r-medium_spk516_pos0#gt000,partial_head:padding_exceeds_max_pad_fraction,,-1.1408
tts2_en_US-libritts_r-medium_spk516_pos0,tts2_en_US-libritts_r-medium_spk516_pos0#gt000,partial_tail:padding_exceeds_max_pad_fraction,,0.6585
tts2_en_US-libritts_r-medium_spk51_pos0,tts2_en_US-libritts_r-medium_spk51_pos0#gt000,padding_exceeds_max_pad_fraction,post_roll=0.1,-0.8113
tts2_en_US-libritts_r-medium_spk51_pos0,tts2_en_US-libritts_r-medium_spk51_pos0#gt000,padding_exceeds_max_pad_fraction,post_roll=0.25,-0.6613
tts2_en_US-libritts_r-medium_spk51_pos0,tts2_en_US-libritts_r-medium_spk51_pos0#gt000,padding_exceeds_max_pad_fraction,post_roll=0.4,-0.5113
tts2_en_US-libritts_r-medium_spk51_pos0,tts2_en_US-libritts_r-medium_spk51_pos0#gt000,centered_fallback_failed,,-0.4506
tts2_en_US-libritts_r-medium_spk51_pos0,tts2_en_US-libritts_r-medium_spk51_pos0#gt000,partial_head:padding_exceeds_max_pad_fraction,,-1.2875
tts2_en_US-libritts_r-medium_spk51_pos0,tts2_en_US-libritts_r-medium_spk51_pos0#gt000,partial_tail:padding_exceeds_max_pad_fraction,,0.3862
tts2_en_US-libritts_r-medium_spk51_pos1,tts2_en_US-libritts_r-medium_spk51_pos1#gt000,partial_head:padding_exceeds_max_pad_fraction,,-1.263
tts2_en_US-libritts_r-medium_spk51_pos1,tts2_en_US-libritts_r-medium_spk51_pos1#gt000,partial_tail:padding_exceeds_max_pad_fraction,,0.4315
tts2_en_US-libritts_r-medium_spk525_pos0,tts2_en_US-libritts_r-medium_spk525_pos0#gt000,partial_head:padding_exceeds_max_pad_fraction,,-1.263
tts2_en_US-libritts_r-medium_spk525_pos0,tts2_en_US-libritts_r-medium_spk525_pos0#gt000,partial_tail:padding_exceeds_max_pad_fraction,,0.4315
tts2_en_US-libritts_r-medium_spk525_pos1,tts2_en_US-libritts_r-medium_spk525_pos1#gt000,partial_head:padding_exceeds_max_pad_fraction,,-1.2386
tts2_en_US-libritts_r-medium_spk525_pos1,tts2_en_US-libritts_r-medium_spk525_pos1#gt000,partial_tail:padding_exceeds_max_pad_fraction,,0.4769
tts2_en_US-libritts_r-medium_spk52_pos0,tts2_en_US-libritts_r-medium_spk52_pos0#gt000,partial_head:padding_exceeds_max_pad_fraction,,-1.2625
tts2_en_US-libritts_r-medium_spk52_pos0,tts2_en_US-libritts_r-medium_spk52_pos0#gt000,partial_tail:padding_exceeds_max_pad_fraction,,0.441
tts2_en_US-libritts_r-medium_spk52_pos1,tts2_en_US-libritts_r-medium_spk52_pos1#gt000,partial_head:padding_exceeds_max_pad_fraction,,-1.2556
tts2_en_US-libritts_r-medium_spk52_pos1,tts2_en_US-libritts_r-medium_spk52_pos1#gt000,partial_tail:padding_exceeds_max_pad_fraction,,0.454
tts2_en_US-libritts_r-medium_spk530_pos0,tts2_en_US-libritts_r-medium_spk530_pos0#gt000,partial_head:padding_exceeds_max_pad_fraction,,-1.1383
tts2_en_US-libritts_r-medium_spk530_pos0,tts2_en_US-libritts_r-medium_spk530_pos0#gt000,partial_tail:padding_exceeds_max_pad_fraction,,0.646
tts2_en_US-libritts_r-medium_spk530_pos1,tts2_en_US-libritts_r-medium_spk530_pos1#gt000,insufficient_pre_context,post_roll=0.4,0.0374
tts2_en_US-libritts_r-medium_spk530_pos1,tts2_en_US-libritts_r-medium_spk530_pos1#gt000,partial_head:padding_exceeds_max_pad_fraction,,-1.0954
tts2_en_US-libritts_r-medium_spk530_pos1,tts2_en_US-libritts_r-medium_spk530_pos1#gt000,partial_tail:padding_exceeds_max_pad_fraction,,0.7428
tts2_en_US-libritts_r-medium_spk540_pos0,tts2_en_US-libritts_r-medium_spk540_pos0#gt000,partial_head:padding_exceeds_max_pad_fraction,,-1.1652
tts2_en_US-libritts_r-medium_spk540_pos0,tts2_en_US-libritts_r-medium_spk540_pos0#gt000,partial_tail:padding_exceeds_max_pad_fraction,,0.6131
tts2_en_US-libritts_r-medium_spk540_pos1,tts2_en_US-libritts_r-medium_spk540_pos1#gt000,partial_head:padding_exceeds_max_pad_fraction,,-1.2072
tts2_en_US-libritts_r-medium_spk540_pos1,tts2_en_US-libritts_r-medium_spk540_pos1#gt000,partial_tail:padding_exceeds_max_pad_fraction,,0.5353
tts2_en_US-libritts_r-medium_spk541_pos1,tts2_en_US-libritts_r-medium_spk541_pos1#gt000,partial_head:padding_exceeds_max_pad_fraction,,-1.2805
tts2_en_US-libritts_r-medium_spk541_pos1,tts2_en_US-libritts_r-medium_spk541_pos1#gt000,partial_tail:padding_exceeds_max_pad_fraction,,0.3991
tts2_en_US-libritts_r-medium_spk546_pos0,tts2_en_US-libritts_r-medium_spk546_pos0#gt000,partial_head:padding_exceeds_max_pad_fraction,,-1.26
tts2_en_US-libritts_r-medium_spk546_pos0,tts2_en_US-libritts_r-medium_spk546_pos0#gt000,partial_tail:padding_exceeds_max_pad_fraction,,0.4285
tts2_en_US-libritts_r-medium_spk546_pos1,tts2_en_US-libritts_r-medium_spk546_pos1#gt000,partial_head:padding_exceeds_max_pad_fraction,,-1.2491
tts2_en_US-libritts_r-medium_spk546_pos1,tts2_en_US-libritts_r-medium_spk546_pos1#gt000,partial_tail:padding_exceeds_max_pad_fraction,,0.4575
tts2_en_US-libritts_r-medium_spk548_pos0,tts2_en_US-libritts_r-medium_spk548_pos0#gt000,partial_head:padding_exceeds_max_pad_fraction,,-1.2176
tts2_en_US-libritts_r-medium_spk548_pos0,tts2_en_US-libritts_r-medium_spk548_pos0#gt000,partial_tail:padding_exceeds_max_pad_fraction,,0.5158
tts2_en_US-libritts_r-medium_spk548_pos1,tts2_en_US-libritts_r-medium_spk548_pos1#gt000,partial_head:padding_exceeds_max_pad_fraction,,-1.1443
tts2_en_US-libritts_r-medium_spk548_pos1,tts2_en_US-libritts_r-medium_spk548_pos1#gt000,partial_tail:padding_exceeds_max_pad_fraction,,0.652
tts2_en_US-libritts_r-medium_spk552_pos1,tts2_en_US-libritts_r-medium_spk552_pos1#gt000,partial_head:padding_exceeds_max_pad_fraction,,-1.277
tts2_en_US-libritts_r-medium_spk552_pos1,tts2_en_US-libritts_r-medium_spk552_pos1#gt000,partial_tail:padding_exceeds_max_pad_fraction,,0.4056
tts2_en_US-libritts_r-medium_spk554_pos0,tts2_en_US-libritts_r-medium_spk554_pos0#gt000,partial_head:padding_exceeds_max_pad_fraction,,-1.2595
tts2_en_US-libritts_r-medium_spk554_pos0,tts2_en_US-libritts_r-medium_spk554_pos0#gt000,partial_tail:padding_exceeds_max_pad_fraction,,0.438
tts2_en_US-libritts_r-medium_spk554_pos1,tts2_en_US-libritts_r-medium_spk554_pos1#gt000,partial_head:padding_exceeds_max_pad_fraction,,-1.2386
tts2_en_US-libritts_r-medium_spk554_pos1,tts2_en_US-libritts_r-medium_spk554_pos1#gt000,partial_tail:padding_exceeds_max_pad_fraction,,0.4769
tts2_en_US-libritts_r-medium_spk556_pos0,tts2_en_US-libritts_r-medium_spk556_pos0#gt000,partial_head:padding_exceeds_max_pad_fraction,,-1.2316
tts2_en_US-libritts_r-medium_spk556_pos0,tts2_en_US-libritts_r-medium_spk556_pos0#gt000,partial_tail:padding_exceeds_max_pad_fraction,,0.4899
tts2_en_US-libritts_r-medium_spk556_pos1,tts2_en_US-libritts_r-medium_spk556_pos1#gt000,partial_head:padding_exceeds_max_pad_fraction,,-1.2141
tts2_en_US-libritts_r-medium_spk556_pos1,tts2_en_US-libritts_r-medium_spk556_pos1#gt000,partial_tail:padding_exceeds_max_pad_fraction,,0.5223
tts2_en_US-libritts_r-medium_spk557_pos0,tts2_en_US-libritts_r-medium_spk557_pos0#gt000,partial_head:padding_exceeds_max_pad_fraction,,-1.2526
tts2_en_US-libritts_r-medium_spk557_pos0,tts2_en_US-libritts_r-medium_spk557_pos0#gt000,partial_tail:padding_exceeds_max_pad_fraction,,0.451
tts2_en_US-libritts_r-medium_spk557_pos1,tts2_en_US-libritts_r-medium_spk557_pos1#gt000,partial_head:padding_exceeds_max_pad_fraction,,-1.2805
tts2_en_US-libritts_r-medium_spk557_pos1,tts2_en_US-libritts_r-medium_spk557_pos1#gt000,partial_tail:padding_exceeds_max_pad_fraction,,0.3991
tts2_en_US-libritts_r-medium_spk558_pos0,tts2_en_US-libritts_r-medium_spk558_pos0#gt000,partial_head:padding_exceeds_max_pad_fraction,,-1.1408
tts2_en_US-libritts_r-medium_spk558_pos0,tts2_en_US-libritts_r-medium_spk558_pos0#gt000,partial_tail:padding_exceeds_max_pad_fraction,,0.6585
tts2_en_US-libritts_r-medium_spk559_pos0,tts2_en_US-libritts_r-medium_spk559_pos0#gt000,padding_exceeds_max_pad_fraction,post_roll=0.1,-0.8213
tts2_en_US-libritts_r-medium_spk559_pos0,tts2_en_US-libritts_r-medium_spk559_pos0#gt000,padding_exceeds_max_pad_fraction,post_roll=0.25,-0.6713
tts2_en_US-libritts_r-medium_spk559_pos0,tts2_en_US-libritts_r-medium_spk559_pos0#gt000,padding_exceeds_max_pad_fraction,post_roll=0.4,-0.5213
tts2_en_US-libritts_r-medium_spk559_pos0,tts2_en_US-libritts_r-medium_spk559_pos0#gt000,centered_fallback_failed,,-0.4556
tts2_en_US-libritts_r-medium_spk559_pos0,tts2_en_US-libritts_r-medium_spk559_pos0#gt000,partial_head:padding_exceeds_max_pad_fraction,,-1.291
tts2_en_US-libritts_r-medium_spk559_pos0,tts2_en_US-libritts_r-medium_spk559_pos0#gt000,partial_tail:padding_exceeds_max_pad_fraction,,0.3797
tts2_en_US-libritts_r-medium_spk559_pos1,tts2_en_US-libritts_r-medium_spk559_pos1#gt000,partial_head:padding_exceeds_max_pad_fraction,,-1.2002
tts2_en_US-libritts_r-medium_spk559_pos1,tts2_en_US-libritts_r-medium_spk559_pos1#gt000,partial_tail:padding_exceeds_max_pad_fraction,,0.5483
tts2_en_US-libritts_r-medium_spk55_pos0,tts2_en_US-libritts_r-medium_spk55_pos0#gt000,partial_head:padding_exceeds_max_pad_fraction,,-1.2491
tts2_en_US-libritts_r-medium_spk55_pos0,tts2_en_US-libritts_r-medium_spk55_pos0#gt000,partial_tail:padding_exceeds_max_pad_fraction,,0.4575
tts2_en_US-libritts_r-medium_spk55_pos1,tts2_en_US-libritts_r-medium_spk55_pos1#gt000,partial_head:padding_exceeds_max_pad_fraction,,-1.2002
tts2_en_US-libritts_r-medium_spk55_pos1,tts2_en_US-libritts_r-medium_spk55_pos1#gt000,partial_tail:padding_exceeds_max_pad_fraction,,0.5483
tts2_en_US-libritts_r-medium_spk565_pos0,tts2_en_US-libritts_r-medium_spk565_pos0#gt000,partial_head:padding_exceeds_max_pad_fraction,,-1.2356
tts2_en_US-libritts_r-medium_spk565_pos0,tts2_en_US-libritts_r-medium_spk565_pos0#gt000,partial_tail:padding_exceeds_max_pad_fraction,,0.474
tts2_en_US-libritts_r-medium_spk565_pos1,tts2_en_US-libritts_r-medium_spk565_pos1#gt000,partial_head:padding_exceeds_max_pad_fraction,,-1.2181
tts2_en_US-libritts_r-medium_spk565_pos1,tts2_en_US-libritts_r-medium_spk565_pos1#gt000,partial_tail:padding_exceeds_max_pad_fraction,,0.5064
tts2_en_US-libritts_r-medium_spk572_pos0,tts2_en_US-libritts_r-medium_spk572_pos0#gt000,partial_head:padding_exceeds_max_pad_fraction,,-1.263
tts2_en_US-libritts_r-medium_spk572_pos0,tts2_en_US-libritts_r-medium_spk572_pos0#gt000,partial_tail:padding_exceeds_max_pad_fraction,,0.4315
tts2_en_US-libritts_r-medium_spk572_pos1,tts2_en_US-libritts_r-medium_spk572_pos1#gt000,partial_head:padding_exceeds_max_pad_fraction,,-1.1962
tts2_en_US-libritts_r-medium_spk572_pos1,tts2_en_US-libritts_r-medium_spk572_pos1#gt000,partial_tail:padding_exceeds_max_pad_fraction,,0.5642
tts2_en_US-libritts_r-medium_spk578_pos0,tts2_en_US-libritts_r-medium_spk578_pos0#gt000,partial_head:padding_exceeds_max_pad_fraction,,-1.1757
tts2_en_US-libritts_r-medium_spk578_pos0,tts2_en_US-libritts_r-medium_spk578_pos0#gt000,partial_tail:padding_exceeds_max_pad_fraction,,0.5936
tts2_en_US-libritts_r-medium_spk578_pos1,tts2_en_US-libritts_r-medium_spk578_pos1#gt000,partial_head:padding_exceeds_max_pad_fraction,,-1.2665
tts2_en_US-libritts_r-medium_spk578_pos1,tts2_en_US-libritts_r-medium_spk578_pos1#gt000,partial_tail:padding_exceeds_max_pad_fraction,,0.425
tts2_en_US-libritts_r-medium_spk57_pos1,tts2_en_US-libritts_r-medium_spk57_pos1#gt000,insufficient_pre_context,post_roll=0.4,0.1073
tts2_en_US-libritts_r-medium_spk57_pos1,tts2_en_US-libritts_r-medium_spk57_pos1#gt000,partial_head:padding_exceeds_max_pad_fraction,,-1.0709
tts2_en_US-libritts_r-medium_spk57_pos1,tts2_en_US-libritts_r-medium_spk57_pos1#gt000,partial_tail:padding_exceeds_max_pad_fraction,,0.7882
tts2_en_US-libritts_r-medium_spk581_pos0,tts2_en_US-libritts_r-medium_spk581_pos0#gt000,partial_head:padding_exceeds_max_pad_fraction,,-1.1652
tts2_en_US-libritts_r-medium_spk581_pos0,tts2_en_US-libritts_r-medium_spk581_pos0#gt000,partial_tail:padding_exceeds_max_pad_fraction,,0.6131
tts2_en_US-libritts_r-medium_spk581_pos1,tts2_en_US-libritts_r-medium_spk581_pos1#gt000,partial_head:padding_exceeds_max_pad_fraction,,-1.2106
tts2_en_US-libritts_r-medium_spk581_pos1,tts2_en_US-libritts_r-medium_spk581_pos1#gt000,partial_tail:padding_exceeds_max_pad_fraction,,0.5288
tts2_en_US-libritts_r-medium_spk598_pos0,tts2_en_US-libritts_r-medium_spk598_pos0#gt000,partial_head:padding_exceeds_max_pad_fraction,,-1.2176
tts2_en_US-libritts_r-medium_spk598_pos0,tts2_en_US-libritts_r-medium_spk598_pos0#gt000,partial_tail:padding_exceeds_max_pad_fraction,,0.5158
tts2_en_US-libritts_r-medium_spk598_pos1,tts2_en_US-libritts_r-medium_spk598_pos1#gt000,partial_head:padding_exceeds_max_pad_fraction,,-1.1683
tts2_en_US-libritts_r-medium_spk598_pos1,tts2_en_US-libritts_r-medium_spk598_pos1#gt000,partial_tail:padding_exceeds_max_pad_fraction,,0.6161
tts2_en_US-libritts_r-medium_spk599_pos1,tts2_en_US-libritts_r-medium_spk599_pos1#gt000,partial_head:padding_exceeds_max_pad_fraction,,-1.2141
tts2_en_US-libritts_r-medium_spk599_pos1,tts2_en_US-libritts_r-medium_spk599_pos1#gt000,partial_tail:padding_exceeds_max_pad_fraction,,0.5223
tts2_en_US-libritts_r-medium_spk5_pos0,tts2_en_US-libritts_r-medium_spk5_pos0#gt000,partial_head:padding_exceeds_max_pad_fraction,,-1.2106
tts2_en_US-libritts_r-medium_spk5_pos0,tts2_en_US-libritts_r-medium_spk5_pos0#gt000,partial_tail:padding_exceeds_max_pad_fraction,,0.5288
tts2_en_US-libritts_r-medium_spk5_pos1,tts2_en_US-libritts_r-medium_spk5_pos1#gt000,partial_head:padding_exceeds_max_pad_fraction,,-1.2351
tts2_en_US-libritts_r-medium_spk5_pos1,tts2_en_US-libritts_r-medium_spk5_pos1#gt000,partial_tail:padding_exceeds_max_pad_fraction,,0.4834
tts2_en_US-libritts_r-medium_spk601_pos0,tts2_en_US-libritts_r-medium_spk601_pos0#gt000,partial_head:padding_exceeds_max_pad_fraction,,-1.2072
tts2_en_US-libritts_r-medium_spk601_pos0,tts2_en_US-libritts_r-medium_spk601_pos0#gt000,partial_tail:padding_exceeds_max_pad_fraction,,0.5353
tts2_en_US-libritts_r-medium_spk601_pos1,tts2_en_US-libritts_r-medium_spk601_pos1#gt000,partial_head:padding_exceeds_max_pad_fraction,,-1.1862
tts2_en_US-libritts_r-medium_spk601_pos1,tts2_en_US-libritts_r-medium_spk601_pos1#gt000,partial_tail:padding_exceeds_max_pad_fraction,,0.5742
tts2_en_US-libritts_r-medium_spk605_pos0,tts2_en_US-libritts_r-medium_spk605_pos0#gt000,partial_head:padding_exceeds_max_pad_fraction,,-1.2037
tts2_en_US-libritts_r-medium_spk605_pos0,tts2_en_US-libritts_r-medium_spk605_pos0#gt000,partial_tail:padding_exceeds_max_pad_fraction,,0.5418
tts2_en_US-libritts_r-medium_spk605_pos1,tts2_en_US-libritts_r-medium_spk605_pos1#gt000,partial_head:padding_exceeds_max_pad_fraction,,-1.2246
tts2_en_US-libritts_r-medium_spk605_pos1,tts2_en_US-libritts_r-medium_spk605_pos1#gt000,partial_tail:padding_exceeds_max_pad_fraction,,0.5029
tts2_en_US-libritts_r-medium_spk606_pos0,tts2_en_US-libritts_r-medium_spk606_pos0#gt000,partial_head:padding_exceeds_max_pad_fraction,,-1.2141
tts2_en_US-libritts_r-medium_spk606_pos0,tts2_en_US-libritts_r-medium_spk606_pos0#gt000,partial_tail:padding_exceeds_max_pad_fraction,,0.5223
tts2_en_US-libritts_r-medium_spk606_pos1,tts2_en_US-libritts_r-medium_spk606_pos1#gt000,partial_head:padding_exceeds_max_pad_fraction,,-1.1897
tts2_en_US-libritts_r-medium_spk606_pos1,tts2_en_US-libritts_r-medium_spk606_pos1#gt000,partial_tail:padding_exceeds_max_pad_fraction,,0.5677
tts2_en_US-libritts_r-medium_spk607_pos0,tts2_en_US-libritts_r-medium_spk607_pos0#gt000,partial_head:padding_exceeds_max_pad_fraction,,-1.2176
tts2_en_US-libritts_r-medium_spk607_pos0,tts2_en_US-libritts_r-medium_spk607_pos0#gt000,partial_tail:padding_exceeds_max_pad_fraction,,0.5158
tts2_en_US-libritts_r-medium_spk607_pos1,tts2_en_US-libritts_r-medium_spk607_pos1#gt000,partial_head:padding_exceeds_max_pad_fraction,,-1.2386
tts2_en_US-libritts_r-medium_spk607_pos1,tts2_en_US-libritts_r-medium_spk607_pos1#gt000,partial_tail:padding_exceeds_max_pad_fraction,,0.4769
tts2_en_US-libritts_r-medium_spk612_pos0,tts2_en_US-libritts_r-medium_spk612_pos0#gt000,partial_head:padding_exceeds_max_pad_fraction,,-1.2386
tts2_en_US-libritts_r-medium_spk612_pos0,tts2_en_US-libritts_r-medium_spk612_pos0#gt000,partial_tail:padding_exceeds_max_pad_fraction,,0.4769
tts2_en_US-libritts_r-medium_spk612_pos1,tts2_en_US-libritts_r-medium_spk612_pos1#gt000,partial_head:padding_exceeds_max_pad_fraction,,-1.273
tts2_en_US-libritts_r-medium_spk612_pos1,tts2_en_US-libritts_r-medium_spk612_pos1#gt000,partial_tail:padding_exceeds_max_pad_fraction,,0.4215
tts2_en_US-libritts_r-medium_spk619_pos0,tts2_en_US-libritts_r-medium_spk619_pos0#gt000,partial_head:padding_exceeds_max_pad_fraction,,-1.2072
tts2_en_US-libritts_r-medium_spk619_pos0,tts2_en_US-libritts_r-medium_spk619_pos0#gt000,partial_tail:padding_exceeds_max_pad_fraction,,0.5353
tts2_en_US-libritts_r-medium_spk619_pos1,tts2_en_US-libritts_r-medium_spk619_pos1#gt000,partial_head:padding_exceeds_max_pad_fraction,,-1.2316
tts2_en_US-libritts_r-medium_spk619_pos1,tts2_en_US-libritts_r-medium_spk619_pos1#gt000,partial_tail:padding_exceeds_max_pad_fraction,,0.4899
tts2_en_US-libritts_r-medium_spk624_pos0,tts2_en_US-libritts_r-medium_spk624_pos0#gt000,partial_head:padding_exceeds_max_pad_fraction,,-1.2351
tts2_en_US-libritts_r-medium_spk624_pos0,tts2_en_US-libritts_r-medium_spk624_pos0#gt000,partial_tail:padding_exceeds_max_pad_fraction,,0.4834
tts2_en_US-libritts_r-medium_spk624_pos1,tts2_en_US-libritts_r-medium_spk624_pos1#gt000,partial_head:padding_exceeds_max_pad_fraction,,-1.2176
tts2_en_US-libritts_r-medium_spk624_pos1,tts2_en_US-libritts_r-medium_spk624_pos1#gt000,partial_tail:padding_exceeds_max_pad_fraction,,0.5158
tts2_en_US-libritts_r-medium_spk62_pos0,tts2_en_US-libritts_r-medium_spk62_pos0#gt000,partial_head:padding_exceeds_max_pad_fraction,,-1.2386
tts2_en_US-libritts_r-medium_spk62_pos0,tts2_en_US-libritts_r-medium_spk62_pos0#gt000,partial_tail:padding_exceeds_max_pad_fraction,,0.4769
tts2_en_US-libritts_r-medium_spk636_pos0,tts2_en_US-libritts_r-medium_spk636_pos0#gt000,padding_exceeds_max_pad_fraction,post_roll=0.1,-0.8612
tts2_en_US-libritts_r-medium_spk636_pos0,tts2_en_US-libritts_r-medium_spk636_pos0#gt000,padding_exceeds_max_pad_fraction,post_roll=0.25,-0.7112
tts2_en_US-libritts_r-medium_spk636_pos0,tts2_en_US-libritts_r-medium_spk636_pos0#gt000,padding_exceeds_max_pad_fraction,post_roll=0.4,-0.5612
tts2_en_US-libritts_r-medium_spk636_pos0,tts2_en_US-libritts_r-medium_spk636_pos0#gt000,centered_fallback_failed,,-0.4756
tts2_en_US-libritts_r-medium_spk636_pos0,tts2_en_US-libritts_r-medium_spk636_pos0#gt000,partial_head:padding_exceeds_max_pad_fraction,,-1.3049
tts2_en_US-libritts_r-medium_spk636_pos0,tts2_en_US-libritts_r-medium_spk636_pos0#gt000,partial_tail:padding_exceeds_max_pad_fraction,,0.3537
tts2_en_US-libritts_r-medium_spk636_pos1,tts2_en_US-libritts_r-medium_spk636_pos1#gt000,partial_head:padding_exceeds_max_pad_fraction,,-1.2102
tts2_en_US-libritts_r-medium_spk636_pos1,tts2_en_US-libritts_r-medium_spk636_pos1#gt000,partial_tail:padding_exceeds_max_pad_fraction,,0.5383
tts2_en_US-libritts_r-medium_spk639_pos0,tts2_en_US-libritts_r-medium_spk639_pos0#gt000,partial_head:padding_exceeds_max_pad_fraction,,-1.1832
tts2_en_US-libritts_r-medium_spk639_pos0,tts2_en_US-libritts_r-medium_spk639_pos0#gt000,partial_tail:padding_exceeds_max_pad_fraction,,0.5712
tts2_en_US-libritts_r-medium_spk63_pos0,tts2_en_US-libritts_r-medium_spk63_pos0#gt000,partial_head:padding_exceeds_max_pad_fraction,,-1.2176
tts2_en_US-libritts_r-medium_spk63_pos0,tts2_en_US-libritts_r-medium_spk63_pos0#gt000,partial_tail:padding_exceeds_max_pad_fraction,,0.5158
tts2_en_US-libritts_r-medium_spk63_pos1,tts2_en_US-libritts_r-medium_spk63_pos1#gt000,partial_head:padding_exceeds_max_pad_fraction,,-1.1897
tts2_en_US-libritts_r-medium_spk63_pos1,tts2_en_US-libritts_r-medium_spk63_pos1#gt000,partial_tail:padding_exceeds_max_pad_fraction,,0.5677
tts2_en_US-libritts_r-medium_spk642_pos0,tts2_en_US-libritts_r-medium_spk642_pos0#gt000,partial_head:padding_exceeds_max_pad_fraction,,-1.2625
tts2_en_US-libritts_r-medium_spk642_pos0,tts2_en_US-libritts_r-medium_spk642_pos0#gt000,partial_tail:padding_exceeds_max_pad_fraction,,0.441
tts2_en_US-libritts_r-medium_spk642_pos1,tts2_en_US-libritts_r-medium_spk642_pos1#gt000,partial_head:padding_exceeds_max_pad_fraction,,-1.2141
tts2_en_US-libritts_r-medium_spk642_pos1,tts2_en_US-libritts_r-medium_spk642_pos1#gt000,partial_tail:padding_exceeds_max_pad_fraction,,0.5223
tts2_en_US-libritts_r-medium_spk648_pos0,tts2_en_US-libritts_r-medium_spk648_pos0#gt000,occurrence_too_long_for_window,span+tol=1.447s,
tts2_en_US-libritts_r-medium_spk648_pos0,tts2_en_US-libritts_r-medium_spk648_pos0#gt000,partial_head:padding_exceeds_max_pad_fraction,,-0.9837
tts2_en_US-libritts_r-medium_spk648_pos0,tts2_en_US-libritts_r-medium_spk648_pos0#gt000,partial_tail:padding_exceeds_max_pad_fraction,,0.9504
tts2_en_US-libritts_r-medium_spk64_pos1,tts2_en_US-libritts_r-medium_spk64_pos1#gt000,partial_head:padding_exceeds_max_pad_fraction,,-1.263
tts2_en_US-libritts_r-medium_spk64_pos1,tts2_en_US-libritts_r-medium_spk64_pos1#gt000,partial_tail:padding_exceeds_max_pad_fraction,,0.4315
tts2_en_US-libritts_r-medium_spk656_pos0,tts2_en_US-libritts_r-medium_spk656_pos0#gt000,partial_head:padding_exceeds_max_pad_fraction,,-1.1757
tts2_en_US-libritts_r-medium_spk656_pos0,tts2_en_US-libritts_r-medium_spk656_pos0#gt000,partial_tail:padding_exceeds_max_pad_fraction,,0.5936
tts2_en_US-libritts_r-medium_spk656_pos1,tts2_en_US-libritts_r-medium_spk656_pos1#gt000,partial_head:padding_exceeds_max_pad_fraction,,-1.2595
tts2_en_US-libritts_r-medium_spk656_pos1,tts2_en_US-libritts_r-medium_spk656_pos1#gt000,partial_tail:padding_exceeds_max_pad_fraction,,0.438
tts2_en_US-libritts_r-medium_spk658_pos0,tts2_en_US-libritts_r-medium_spk658_pos0#gt000,partial_head:padding_exceeds_max_pad_fraction,,-1.2311
tts2_en_US-libritts_r-medium_spk658_pos0,tts2_en_US-libritts_r-medium_spk658_pos0#gt000,partial_tail:padding_exceeds_max_pad_fraction,,0.4994
tts2_en_US-libritts_r-medium_spk658_pos1,tts2_en_US-libritts_r-medium_spk658_pos1#gt000,partial_head:padding_exceeds_max_pad_fraction,,-1.2381
tts2_en_US-libritts_r-medium_spk658_pos1,tts2_en_US-libritts_r-medium_spk658_pos1#gt000,partial_tail:padding_exceeds_max_pad_fraction,,0.4864
tts2_en_US-libritts_r-medium_spk666_pos0,tts2_en_US-libritts_r-medium_spk666_pos0#gt000,partial_head:padding_exceeds_max_pad_fraction,,-1.2416
tts2_en_US-libritts_r-medium_spk666_pos0,tts2_en_US-libritts_r-medium_spk666_pos0#gt000,partial_tail:padding_exceeds_max_pad_fraction,,0.4799
tts2_en_US-libritts_r-medium_spk666_pos1,tts2_en_US-libritts_r-medium_spk666_pos1#gt000,partial_head:padding_exceeds_max_pad_fraction,,-1.2176
tts2_en_US-libritts_r-medium_spk666_pos1,tts2_en_US-libritts_r-medium_spk666_pos1#gt000,partial_tail:padding_exceeds_max_pad_fraction,,0.5158
tts2_en_US-libritts_r-medium_spk672_pos0,tts2_en_US-libritts_r-medium_spk672_pos0#gt000,partial_head:padding_exceeds_max_pad_fraction,,-1.263
tts2_en_US-libritts_r-medium_spk672_pos0,tts2_en_US-libritts_r-medium_spk672_pos0#gt000,partial_tail:padding_exceeds_max_pad_fraction,,0.4315
tts2_en_US-libritts_r-medium_spk672_pos1,tts2_en_US-libritts_r-medium_spk672_pos1#gt000,partial_head:padding_exceeds_max_pad_fraction,,-1.1932
tts2_en_US-libritts_r-medium_spk672_pos1,tts2_en_US-libritts_r-medium_spk672_pos1#gt000,partial_tail:padding_exceeds_max_pad_fraction,,0.5612
tts2_en_US-libritts_r-medium_spk675_pos0,tts2_en_US-libritts_r-medium_spk675_pos0#gt000,partial_head:padding_exceeds_max_pad_fraction,,-1.2396
tts2_en_US-libritts_r-medium_spk675_pos0,tts2_en_US-libritts_r-medium_spk675_pos0#gt000,partial_tail:padding_exceeds_max_pad_fraction,,0.4579
tts2_en_US-libritts_r-medium_spk675_pos1,tts2_en_US-libritts_r-medium_spk675_pos1#gt000,partial_head:padding_exceeds_max_pad_fraction,,-1.2421
tts2_en_US-libritts_r-medium_spk675_pos1,tts2_en_US-libritts_r-medium_spk675_pos1#gt000,partial_tail:padding_exceeds_max_pad_fraction,,0.4705
tts2_en_US-libritts_r-medium_spk677_pos0,tts2_en_US-libritts_r-medium_spk677_pos0#gt000,insufficient_pre_context,post_roll=0.1,-0.0032
tts2_en_US-libritts_r-medium_spk677_pos0,tts2_en_US-libritts_r-medium_spk677_pos0#gt000,insufficient_pre_context,post_roll=0.25,0.1468
tts2_en_US-libritts_r-medium_spk677_pos0,tts2_en_US-libritts_r-medium_spk677_pos0#gt000,insufficient_pre_context,post_roll=0.4,0.2968
tts2_en_US-libritts_r-medium_spk677_pos0,tts2_en_US-libritts_r-medium_spk677_pos0#gt000,partial_head:padding_exceeds_max_pad_fraction,,-1.0046
tts2_en_US-libritts_r-medium_spk677_pos0,tts2_en_US-libritts_r-medium_spk677_pos0#gt000,partial_tail:padding_exceeds_max_pad_fraction,,0.9114
tts2_en_US-libritts_r-medium_spk677_pos1,tts2_en_US-libritts_r-medium_spk677_pos1#gt000,padding_exceeds_max_pad_fraction,post_roll=0.1,-0.8313
tts2_en_US-libritts_r-medium_spk677_pos1,tts2_en_US-libritts_r-medium_spk677_pos1#gt000,padding_exceeds_max_pad_fraction,post_roll=0.25,-0.6813
tts2_en_US-libritts_r-medium_spk677_pos1,tts2_en_US-libritts_r-medium_spk677_pos1#gt000,padding_exceeds_max_pad_fraction,post_roll=0.4,-0.5313
tts2_en_US-libritts_r-medium_spk677_pos1,tts2_en_US-libritts_r-medium_spk677_pos1#gt000,centered_fallback_failed,,-0.4607
tts2_en_US-libritts_r-medium_spk677_pos1,tts2_en_US-libritts_r-medium_spk677_pos1#gt000,partial_head:padding_exceeds_max_pad_fraction,,-1.2945
tts2_en_US-libritts_r-medium_spk677_pos1,tts2_en_US-libritts_r-medium_spk677_pos1#gt000,partial_tail:padding_exceeds_max_pad_fraction,,0.3732
tts2_en_US-libritts_r-medium_spk678_pos0,tts2_en_US-libritts_r-medium_spk678_pos0#gt000,partial_head:padding_exceeds_max_pad_fraction,,-1.1792
tts2_en_US-libritts_r-medium_spk678_pos0,tts2_en_US-libritts_r-medium_spk678_pos0#gt000,partial_tail:padding_exceeds_max_pad_fraction,,0.5872
tts2_en_US-libritts_r-medium_spk678_pos1,tts2_en_US-libritts_r-medium_spk678_pos1#gt000,partial_head:padding_exceeds_max_pad_fraction,,-1.1907
tts2_en_US-libritts_r-medium_spk678_pos1,tts2_en_US-libritts_r-medium_spk678_pos1#gt000,partial_tail:padding_exceeds_max_pad_fraction,,0.5487
tts2_en_US-libritts_r-medium_spk681_pos0,tts2_en_US-libritts_r-medium_spk681_pos0#gt000,partial_head:padding_exceeds_max_pad_fraction,,-1.1408
tts2_en_US-libritts_r-medium_spk681_pos0,tts2_en_US-libritts_r-medium_spk681_pos0#gt000,partial_tail:padding_exceeds_max_pad_fraction,,0.6585
tts2_en_US-libritts_r-medium_spk681_pos1,tts2_en_US-libritts_r-medium_spk681_pos1#gt000,partial_head:padding_exceeds_max_pad_fraction,,-1.1962
tts2_en_US-libritts_r-medium_spk681_pos1,tts2_en_US-libritts_r-medium_spk681_pos1#gt000,partial_tail:padding_exceeds_max_pad_fraction,,0.5642
tts2_en_US-libritts_r-medium_spk685_pos0,tts2_en_US-libritts_r-medium_spk685_pos0#gt000,partial_head:padding_exceeds_max_pad_fraction,,-1.2002
tts2_en_US-libritts_r-medium_spk685_pos0,tts2_en_US-libritts_r-medium_spk685_pos0#gt000,partial_tail:padding_exceeds_max_pad_fraction,,0.5483
tts2_en_US-libritts_r-medium_spk685_pos1,tts2_en_US-libritts_r-medium_spk685_pos1#gt000,insufficient_pre_context,post_roll=0.4,-0.0125
tts2_en_US-libritts_r-medium_spk685_pos1,tts2_en_US-libritts_r-medium_spk685_pos1#gt000,partial_head:padding_exceeds_max_pad_fraction,,-1.1129
tts2_en_US-libritts_r-medium_spk685_pos1,tts2_en_US-libritts_r-medium_spk685_pos1#gt000,partial_tail:padding_exceeds_max_pad_fraction,,0.7104
tts2_en_US-libritts_r-medium_spk686_pos0,tts2_en_US-libritts_r-medium_spk686_pos0#gt000,partial_head:padding_exceeds_max_pad_fraction,,-1.2316
tts2_en_US-libritts_r-medium_spk686_pos0,tts2_en_US-libritts_r-medium_spk686_pos0#gt000,partial_tail:padding_exceeds_max_pad_fraction,,0.4899
tts2_en_US-libritts_r-medium_spk686_pos1,tts2_en_US-libritts_r-medium_spk686_pos1#gt000,partial_head:padding_exceeds_max_pad_fraction,,-1.2805
tts2_en_US-libritts_r-medium_spk686_pos1,tts2_en_US-libritts_r-medium_spk686_pos1#gt000,partial_tail:padding_exceeds_max_pad_fraction,,0.3991
tts2_en_US-libritts_r-medium_spk694_pos0,tts2_en_US-libritts_r-medium_spk694_pos0#gt000,partial_head:padding_exceeds_max_pad_fraction,,-1.1652
tts2_en_US-libritts_r-medium_spk694_pos0,tts2_en_US-libritts_r-medium_spk694_pos0#gt000,partial_tail:padding_exceeds_max_pad_fraction,,0.6131
tts2_en_US-libritts_r-medium_spk69_pos1,tts2_en_US-libritts_r-medium_spk69_pos1#gt000,insufficient_pre_context,post_roll=0.4,0.0474
tts2_en_US-libritts_r-medium_spk69_pos1,tts2_en_US-libritts_r-medium_spk69_pos1#gt000,partial_head:padding_exceeds_max_pad_fraction,,-1.0919
tts2_en_US-libritts_r-medium_spk69_pos1,tts2_en_US-libritts_r-medium_spk69_pos1#gt000,partial_tail:padding_exceeds_max_pad_fraction,,0.7493
tts2_en_US-libritts_r-medium_spk704_pos1,tts2_en_US-libritts_r-medium_spk704_pos1#gt000,partial_head:padding_exceeds_max_pad_fraction,,-1.1687
tts2_en_US-libritts_r-medium_spk704_pos1,tts2_en_US-libritts_r-medium_spk704_pos1#gt000,partial_tail:padding_exceeds_max_pad_fraction,,0.6066
tts2_en_US-libritts_r-medium_spk707_pos0,tts2_en_US-libritts_r-medium_spk707_pos0#gt000,partial_head:padding_exceeds_max_pad_fraction,,-1.2491
tts2_en_US-libritts_r-medium_spk707_pos0,tts2_en_US-libritts_r-medium_spk707_pos0#gt000,partial_tail:padding_exceeds_max_pad_fraction,,0.4575
tts2_en_US-libritts_r-medium_spk707_pos1,tts2_en_US-libritts_r-medium_spk707_pos1#gt000,insufficient_pre_context,post_roll=0.4,0.0374
tts2_en_US-libritts_r-medium_spk707_pos1,tts2_en_US-libritts_r-medium_spk707_pos1#gt000,partial_head:padding_exceeds_max_pad_fraction,,-1.0954
tts2_en_US-libritts_r-medium_spk707_pos1,tts2_en_US-libritts_r-medium_spk707_pos1#gt000,partial_tail:padding_exceeds_max_pad_fraction,,0.7428
tts2_en_US-libritts_r-medium_spk708_pos0,tts2_en_US-libritts_r-medium_spk708_pos0#gt000,partial_head:padding_exceeds_max_pad_fraction,,-1.1862
tts2_en_US-libritts_r-medium_spk708_pos0,tts2_en_US-libritts_r-medium_spk708_pos0#gt000,partial_tail:padding_exceeds_max_pad_fraction,,0.5742
tts2_en_US-libritts_r-medium_spk708_pos1,tts2_en_US-libritts_r-medium_spk708_pos1#gt000,partial_head:padding_exceeds_max_pad_fraction,,-1.1862
tts2_en_US-libritts_r-medium_spk708_pos1,tts2_en_US-libritts_r-medium_spk708_pos1#gt000,partial_tail:padding_exceeds_max_pad_fraction,,0.5742
tts2_en_US-libritts_r-medium_spk716_pos0,tts2_en_US-libritts_r-medium_spk716_pos0#gt000,partial_head:padding_exceeds_max_pad_fraction,,-1.2281
tts2_en_US-libritts_r-medium_spk716_pos0,tts2_en_US-libritts_r-medium_spk716_pos0#gt000,partial_tail:padding_exceeds_max_pad_fraction,,0.4964
tts2_en_US-libritts_r-medium_spk719_pos0,tts2_en_US-libritts_r-medium_spk719_pos0#gt000,partial_head:padding_exceeds_max_pad_fraction,,-1.2665
tts2_en_US-libritts_r-medium_spk719_pos0,tts2_en_US-libritts_r-medium_spk719_pos0#gt000,partial_tail:padding_exceeds_max_pad_fraction,,0.425
tts2_en_US-libritts_r-medium_spk720_pos0,tts2_en_US-libritts_r-medium_spk720_pos0#gt000,partial_head:padding_exceeds_max_pad_fraction,,-1.1303
tts2_en_US-libritts_r-medium_spk720_pos0,tts2_en_US-libritts_r-medium_spk720_pos0#gt000,partial_tail:padding_exceeds_max_pad_fraction,,0.6779
tts2_en_US-libritts_r-medium_spk720_pos1,tts2_en_US-libritts_r-medium_spk720_pos1#gt000,partial_head:padding_exceeds_max_pad_fraction,,-1.2246
tts2_en_US-libritts_r-medium_spk720_pos1,tts2_en_US-libritts_r-medium_spk720_pos1#gt000,partial_tail:padding_exceeds_max_pad_fraction,,0.5029
tts2_en_US-libritts_r-medium_spk723_pos0,tts2_en_US-libritts_r-medium_spk723_pos0#gt000,partial_head:padding_exceeds_max_pad_fraction,,-1.1652
tts2_en_US-libritts_r-medium_spk723_pos0,tts2_en_US-libritts_r-medium_spk723_pos0#gt000,partial_tail:padding_exceeds_max_pad_fraction,,0.6131
tts2_en_US-libritts_r-medium_spk723_pos1,tts2_en_US-libritts_r-medium_spk723_pos1#gt000,partial_head:padding_exceeds_max_pad_fraction,,-1.256
tts2_en_US-libritts_r-medium_spk723_pos1,tts2_en_US-libritts_r-medium_spk723_pos1#gt000,partial_tail:padding_exceeds_max_pad_fraction,,0.4445
tts2_en_US-libritts_r-medium_spk724_pos0,tts2_en_US-libritts_r-medium_spk724_pos0#gt000,partial_head:padding_exceeds_max_pad_fraction,,-1.277
tts2_en_US-libritts_r-medium_spk724_pos0,tts2_en_US-libritts_r-medium_spk724_pos0#gt000,partial_tail:padding_exceeds_max_pad_fraction,,0.4056
tts2_en_US-libritts_r-medium_spk724_pos1,tts2_en_US-libritts_r-medium_spk724_pos1#gt000,partial_head:padding_exceeds_max_pad_fraction,,-1.2805
tts2_en_US-libritts_r-medium_spk724_pos1,tts2_en_US-libritts_r-medium_spk724_pos1#gt000,partial_tail:padding_exceeds_max_pad_fraction,,0.3991
tts2_en_US-libritts_r-medium_spk726_pos0,tts2_en_US-libritts_r-medium_spk726_pos0#gt000,partial_head:padding_exceeds_max_pad_fraction,,-1.2037
tts2_en_US-libritts_r-medium_spk726_pos0,tts2_en_US-libritts_r-medium_spk726_pos0#gt000,partial_tail:padding_exceeds_max_pad_fraction,,0.5418
tts2_en_US-libritts_r-medium_spk726_pos1,tts2_en_US-libritts_r-medium_spk726_pos1#gt000,insufficient_pre_context,post_roll=0.1,-0.0231
tts2_en_US-libritts_r-medium_spk726_pos1,tts2_en_US-libritts_r-medium_spk726_pos1#gt000,insufficient_pre_context,post_roll=0.25,0.1269
tts2_en_US-libritts_r-medium_spk726_pos1,tts2_en_US-libritts_r-medium_spk726_pos1#gt000,insufficient_pre_context,post_roll=0.4,0.2769
tts2_en_US-libritts_r-medium_spk726_pos1,tts2_en_US-libritts_r-medium_spk726_pos1#gt000,partial_head:padding_exceeds_max_pad_fraction,,-1.0116
tts2_en_US-libritts_r-medium_spk726_pos1,tts2_en_US-libritts_r-medium_spk726_pos1#gt000,partial_tail:padding_exceeds_max_pad_fraction,,0.8985
tts2_en_US-libritts_r-medium_spk727_pos0,tts2_en_US-libritts_r-medium_spk727_pos0#gt000,partial_head:padding_exceeds_max_pad_fraction,,-1.1583
tts2_en_US-libritts_r-medium_spk727_pos0,tts2_en_US-libritts_r-medium_spk727_pos0#gt000,partial_tail:padding_exceeds_max_pad_fraction,,0.6261
tts2_en_US-libritts_r-medium_spk727_pos1,tts2_en_US-libritts_r-medium_spk727_pos1#gt000,partial_head:padding_exceeds_max_pad_fraction,,-1.1373
tts2_en_US-libritts_r-medium_spk727_pos1,tts2_en_US-libritts_r-medium_spk727_pos1#gt000,partial_tail:padding_exceeds_max_pad_fraction,,0.665
tts2_en_US-libritts_r-medium_spk729_pos0,tts2_en_US-libritts_r-medium_spk729_pos0#gt000,partial_head:padding_exceeds_max_pad_fraction,,-1.2211
tts2_en_US-libritts_r-medium_spk729_pos0,tts2_en_US-libritts_r-medium_spk729_pos0#gt000,partial_tail:padding_exceeds_max_pad_fraction,,0.5093
tts2_en_US-libritts_r-medium_spk729_pos1,tts2_en_US-libritts_r-medium_spk729_pos1#gt000,partial_head:padding_exceeds_max_pad_fraction,,-1.27
tts2_en_US-libritts_r-medium_spk729_pos1,tts2_en_US-libritts_r-medium_spk729_pos1#gt000,partial_tail:padding_exceeds_max_pad_fraction,,0.4185
tts2_en_US-libritts_r-medium_spk72_pos0,tts2_en_US-libritts_r-medium_spk72_pos0#gt000,partial_head:padding_exceeds_max_pad_fraction,,-1.263
tts2_en_US-libritts_r-medium_spk72_pos0,tts2_en_US-libritts_r-medium_spk72_pos0#gt000,partial_tail:padding_exceeds_max_pad_fraction,,0.4315
tts2_en_US-libritts_r-medium_spk72_pos1,tts2_en_US-libritts_r-medium_spk72_pos1#gt000,partial_head:padding_exceeds_max_pad_fraction,,-1.2805
tts2_en_US-libritts_r-medium_spk72_pos1,tts2_en_US-libritts_r-medium_spk72_pos1#gt000,partial_tail:padding_exceeds_max_pad_fraction,,0.3991
tts2_en_US-libritts_r-medium_spk731_pos0,tts2_en_US-libritts_r-medium_spk731_pos0#gt000,partial_head:padding_exceeds_max_pad_fraction,,-1.2526
tts2_en_US-libritts_r-medium_spk731_pos0,tts2_en_US-libritts_r-medium_spk731_pos0#gt000,partial_tail:padding_exceeds_max_pad_fraction,,0.451
tts2_en_US-libritts_r-medium_spk731_pos1,tts2_en_US-libritts_r-medium_spk731_pos1#gt000,partial_head:padding_exceeds_max_pad_fraction,,-1.2072
tts2_en_US-libritts_r-medium_spk731_pos1,tts2_en_US-libritts_r-medium_spk731_pos1#gt000,partial_tail:padding_exceeds_max_pad_fraction,,0.5353
tts2_en_US-libritts_r-medium_spk744_pos0,tts2_en_US-libritts_r-medium_spk744_pos0#gt000,partial_head:padding_exceeds_max_pad_fraction,,-1.1687
tts2_en_US-libritts_r-medium_spk744_pos0,tts2_en_US-libritts_r-medium_spk744_pos0#gt000,partial_tail:padding_exceeds_max_pad_fraction,,0.6066
tts2_en_US-libritts_r-medium_spk744_pos1,tts2_en_US-libritts_r-medium_spk744_pos1#gt000,partial_head:padding_exceeds_max_pad_fraction,,-1.2665
tts2_en_US-libritts_r-medium_spk744_pos1,tts2_en_US-libritts_r-medium_spk744_pos1#gt000,partial_tail:padding_exceeds_max_pad_fraction,,0.425
tts2_en_US-libritts_r-medium_spk756_pos0,tts2_en_US-libritts_r-medium_spk756_pos0#gt000,partial_head:padding_exceeds_max_pad_fraction,,-1.2351
tts2_en_US-libritts_r-medium_spk756_pos0,tts2_en_US-libritts_r-medium_spk756_pos0#gt000,partial_tail:padding_exceeds_max_pad_fraction,,0.4834
tts2_en_US-libritts_r-medium_spk756_pos1,tts2_en_US-libritts_r-medium_spk756_pos1#gt000,partial_head:padding_exceeds_max_pad_fraction,,-1.2281
tts2_en_US-libritts_r-medium_spk756_pos1,tts2_en_US-libritts_r-medium_spk756_pos1#gt000,partial_tail:padding_exceeds_max_pad_fraction,,0.4964
tts2_en_US-libritts_r-medium_spk75_pos0,tts2_en_US-libritts_r-medium_spk75_pos0#gt000,partial_head:padding_exceeds_max_pad_fraction,,-1.2246
tts2_en_US-libritts_r-medium_spk75_pos0,tts2_en_US-libritts_r-medium_spk75_pos0#gt000,partial_tail:padding_exceeds_max_pad_fraction,,0.5029
tts2_en_US-libritts_r-medium_spk75_pos1,tts2_en_US-libritts_r-medium_spk75_pos1#gt000,partial_head:padding_exceeds_max_pad_fraction,,-1.2281
tts2_en_US-libritts_r-medium_spk75_pos1,tts2_en_US-libritts_r-medium_spk75_pos1#gt000,partial_tail:padding_exceeds_max_pad_fraction,,0.4964
tts2_en_US-libritts_r-medium_spk761_pos1,tts2_en_US-libritts_r-medium_spk761_pos1#gt000,partial_head:padding_exceeds_max_pad_fraction,,-1.256
tts2_en_US-libritts_r-medium_spk761_pos1,tts2_en_US-libritts_r-medium_spk761_pos1#gt000,partial_tail:padding_exceeds_max_pad_fraction,,0.4445
tts2_en_US-libritts_r-medium_spk764_pos0,tts2_en_US-libritts_r-medium_spk764_pos0#gt000,occurrence_too_long_for_window,span+tol=1.656s,
tts2_en_US-libritts_r-medium_spk764_pos0,tts2_en_US-libritts_r-medium_spk764_pos0#gt000,partial_head:padding_exceeds_max_pad_fraction,,-0.9103
tts2_en_US-libritts_r-medium_spk764_pos0,tts2_en_US-libritts_r-medium_spk764_pos0#gt000,partial_tail:padding_exceeds_max_pad_fraction,,1.0865
tts2_en_US-libritts_r-medium_spk771_pos1,tts2_en_US-libritts_r-medium_spk771_pos1#gt000,partial_head:padding_exceeds_max_pad_fraction,,-1.256
tts2_en_US-libritts_r-medium_spk771_pos1,tts2_en_US-libritts_r-medium_spk771_pos1#gt000,partial_tail:padding_exceeds_max_pad_fraction,,0.4445
tts2_en_US-libritts_r-medium_spk790_pos0,tts2_en_US-libritts_r-medium_spk790_pos0#gt000,partial_head:padding_exceeds_max_pad_fraction,,-1.1932
tts2_en_US-libritts_r-medium_spk790_pos0,tts2_en_US-libritts_r-medium_spk790_pos0#gt000,partial_tail:padding_exceeds_max_pad_fraction,,0.5612
tts2_en_US-libritts_r-medium_spk790_pos1,tts2_en_US-libritts_r-medium_spk790_pos1#gt000,partial_head:padding_exceeds_max_pad_fraction,,-1.2421
tts2_en_US-libritts_r-medium_spk790_pos1,tts2_en_US-libritts_r-medium_spk790_pos1#gt000,partial_tail:padding_exceeds_max_pad_fraction,,0.4705
tts2_en_US-libritts_r-medium_spk791_pos0,tts2_en_US-libritts_r-medium_spk791_pos0#gt000,partial_head:padding_exceeds_max_pad_fraction,,-1.2351
tts2_en_US-libritts_r-medium_spk791_pos0,tts2_en_US-libritts_r-medium_spk791_pos0#gt000,partial_tail:padding_exceeds_max_pad_fraction,,0.4834
tts2_en_US-libritts_r-medium_spk794_pos1,tts2_en_US-libritts_r-medium_spk794_pos1#gt000,partial_head:padding_exceeds_max_pad_fraction,,-1.1687
tts2_en_US-libritts_r-medium_spk794_pos1,tts2_en_US-libritts_r-medium_spk794_pos1#gt000,partial_tail:padding_exceeds_max_pad_fraction,,0.6066
tts2_en_US-libritts_r-medium_spk796_pos0,tts2_en_US-libritts_r-medium_spk796_pos0#gt000,partial_head:padding_exceeds_max_pad_fraction,,-1.2067
tts2_en_US-libritts_r-medium_spk796_pos0,tts2_en_US-libritts_r-medium_spk796_pos0#gt000,partial_tail:padding_exceeds_max_pad_fraction,,0.5448
tts2_en_US-libritts_r-medium_spk796_pos1,tts2_en_US-libritts_r-medium_spk796_pos1#gt000,partial_head:padding_exceeds_max_pad_fraction,,-1.1618
tts2_en_US-libritts_r-medium_spk796_pos1,tts2_en_US-libritts_r-medium_spk796_pos1#gt000,partial_tail:padding_exceeds_max_pad_fraction,,0.6196
tts2_en_US-libritts_r-medium_spk801_pos0,tts2_en_US-libritts_r-medium_spk801_pos0#gt000,partial_head:padding_exceeds_max_pad_fraction,,-1.1862
tts2_en_US-libritts_r-medium_spk801_pos0,tts2_en_US-libritts_r-medium_spk801_pos0#gt000,partial_tail:padding_exceeds_max_pad_fraction,,0.5742
tts2_en_US-libritts_r-medium_spk801_pos1,tts2_en_US-libritts_r-medium_spk801_pos1#gt000,partial_head:padding_exceeds_max_pad_fraction,,-1.2665
tts2_en_US-libritts_r-medium_spk801_pos1,tts2_en_US-libritts_r-medium_spk801_pos1#gt000,partial_tail:padding_exceeds_max_pad_fraction,,0.425
tts2_en_US-libritts_r-medium_spk806_pos0,tts2_en_US-libritts_r-medium_spk806_pos0#gt000,partial_head:padding_exceeds_max_pad_fraction,,-1.2316
tts2_en_US-libritts_r-medium_spk806_pos0,tts2_en_US-libritts_r-medium_spk806_pos0#gt000,partial_tail:padding_exceeds_max_pad_fraction,,0.4899
tts2_en_US-libritts_r-medium_spk806_pos1,tts2_en_US-libritts_r-medium_spk806_pos1#gt000,partial_head:padding_exceeds_max_pad_fraction,,-1.2176
tts2_en_US-libritts_r-medium_spk806_pos1,tts2_en_US-libritts_r-medium_spk806_pos1#gt000,partial_tail:padding_exceeds_max_pad_fraction,,0.5158
tts2_en_US-libritts_r-medium_spk811_pos0,tts2_en_US-libritts_r-medium_spk811_pos0#gt000,occurrence_too_long_for_window,span+tol=1.786s,
tts2_en_US-libritts_r-medium_spk811_pos1,tts2_en_US-libritts_r-medium_spk811_pos1#gt000,insufficient_pre_context,post_roll=0.25,0.067
tts2_en_US-libritts_r-medium_spk811_pos1,tts2_en_US-libritts_r-medium_spk811_pos1#gt000,insufficient_pre_context,post_roll=0.4,0.217
tts2_en_US-libritts_r-medium_spk811_pos1,tts2_en_US-libritts_r-medium_spk811_pos1#gt000,partial_head:padding_exceeds_max_pad_fraction,,-1.0326
tts2_en_US-libritts_r-medium_spk811_pos1,tts2_en_US-libritts_r-medium_spk811_pos1#gt000,partial_tail:padding_exceeds_max_pad_fraction,,0.8596
tts2_en_US-libritts_r-medium_spk813_pos0,tts2_en_US-libritts_r-medium_spk813_pos0#gt000,partial_head:padding_exceeds_max_pad_fraction,,-1.2316
tts2_en_US-libritts_r-medium_spk813_pos0,tts2_en_US-libritts_r-medium_spk813_pos0#gt000,partial_tail:padding_exceeds_max_pad_fraction,,0.4899
tts2_en_US-libritts_r-medium_spk813_pos1,tts2_en_US-libritts_r-medium_spk813_pos1#gt000,partial_head:padding_exceeds_max_pad_fraction,,-1.2665
tts2_en_US-libritts_r-medium_spk813_pos1,tts2_en_US-libritts_r-medium_spk813_pos1#gt000,partial_tail:padding_exceeds_max_pad_fraction,,0.425
tts2_en_US-libritts_r-medium_spk814_pos0,tts2_en_US-libritts_r-medium_spk814_pos0#gt000,partial_head:padding_exceeds_max_pad_fraction,,-1.1932
tts2_en_US-libritts_r-medium_spk814_pos0,tts2_en_US-libritts_r-medium_spk814_pos0#gt000,partial_tail:padding_exceeds_max_pad_fraction,,0.5612
tts2_en_US-libritts_r-medium_spk814_pos1,tts2_en_US-libritts_r-medium_spk814_pos1#gt000,partial_head:padding_exceeds_max_pad_fraction,,-1.2141
tts2_en_US-libritts_r-medium_spk814_pos1,tts2_en_US-libritts_r-medium_spk814_pos1#gt000,partial_tail:padding_exceeds_max_pad_fraction,,0.5223
tts2_en_US-libritts_r-medium_spk815_pos0,tts2_en_US-libritts_r-medium_spk815_pos0#gt000,partial_head:padding_exceeds_max_pad_fraction,,-1.1373
tts2_en_US-libritts_r-medium_spk815_pos0,tts2_en_US-libritts_r-medium_spk815_pos0#gt000,partial_tail:padding_exceeds_max_pad_fraction,,0.665
tts2_en_US-libritts_r-medium_spk815_pos1,tts2_en_US-libritts_r-medium_spk815_pos1#gt000,partial_head:padding_exceeds_max_pad_fraction,,-1.1338
tts2_en_US-libritts_r-medium_spk815_pos1,tts2_en_US-libritts_r-medium_spk815_pos1#gt000,partial_tail:padding_exceeds_max_pad_fraction,,0.6715
tts2_en_US-libritts_r-medium_spk820_pos0,tts2_en_US-libritts_r-medium_spk820_pos0#gt000,partial_head:padding_exceeds_max_pad_fraction,,-1.2316
tts2_en_US-libritts_r-medium_spk820_pos0,tts2_en_US-libritts_r-medium_spk820_pos0#gt000,partial_tail:padding_exceeds_max_pad_fraction,,0.4899
tts2_en_US-libritts_r-medium_spk820_pos1,tts2_en_US-libritts_r-medium_spk820_pos1#gt000,partial_head:padding_exceeds_max_pad_fraction,,-1.1757
tts2_en_US-libritts_r-medium_spk820_pos1,tts2_en_US-libritts_r-medium_spk820_pos1#gt000,partial_tail:padding_exceeds_max_pad_fraction,,0.5936
tts2_en_US-libritts_r-medium_spk825_pos0,tts2_en_US-libritts_r-medium_spk825_pos0#gt000,partial_head:padding_exceeds_max_pad_fraction,,-1.256
tts2_en_US-libritts_r-medium_spk825_pos0,tts2_en_US-libritts_r-medium_spk825_pos0#gt000,partial_tail:padding_exceeds_max_pad_fraction,,0.4445
tts2_en_US-libritts_r-medium_spk825_pos1,tts2_en_US-libritts_r-medium_spk825_pos1#gt000,partial_head:padding_exceeds_max_pad_fraction,,-1.1757
tts2_en_US-libritts_r-medium_spk825_pos1,tts2_en_US-libritts_r-medium_spk825_pos1#gt000,partial_tail:padding_exceeds_max_pad_fraction,,0.5936
tts2_en_US-libritts_r-medium_spk837_pos0,tts2_en_US-libritts_r-medium_spk837_pos0#gt000,partial_head:padding_exceeds_max_pad_fraction,,-1.1652
tts2_en_US-libritts_r-medium_spk837_pos0,tts2_en_US-libritts_r-medium_spk837_pos0#gt000,partial_tail:padding_exceeds_max_pad_fraction,,0.6131
tts2_en_US-libritts_r-medium_spk837_pos1,tts2_en_US-libritts_r-medium_spk837_pos1#gt000,partial_head:padding_exceeds_max_pad_fraction,,-1.1827
tts2_en_US-libritts_r-medium_spk837_pos1,tts2_en_US-libritts_r-medium_spk837_pos1#gt000,partial_tail:padding_exceeds_max_pad_fraction,,0.5807
tts2_en_US-libritts_r-medium_spk838_pos0,tts2_en_US-libritts_r-medium_spk838_pos0#gt000,partial_head:padding_exceeds_max_pad_fraction,,-1.277
tts2_en_US-libritts_r-medium_spk838_pos0,tts2_en_US-libritts_r-medium_spk838_pos0#gt000,partial_tail:padding_exceeds_max_pad_fraction,,0.4056
tts2_en_US-libritts_r-medium_spk838_pos1,tts2_en_US-libritts_r-medium_spk838_pos1#gt000,partial_head:padding_exceeds_max_pad_fraction,,-1.2206
tts2_en_US-libritts_r-medium_spk838_pos1,tts2_en_US-libritts_r-medium_spk838_pos1#gt000,partial_tail:padding_exceeds_max_pad_fraction,,0.5188
tts2_en_US-libritts_r-medium_spk83_pos1,tts2_en_US-libritts_r-medium_spk83_pos1#gt000,partial_head:padding_exceeds_max_pad_fraction,,-1.284
tts2_en_US-libritts_r-medium_spk83_pos1,tts2_en_US-libritts_r-medium_spk83_pos1#gt000,partial_tail:padding_exceeds_max_pad_fraction,,0.3926
tts2_en_US-libritts_r-medium_spk842_pos0,tts2_en_US-libritts_r-medium_spk842_pos0#gt000,partial_head:padding_exceeds_max_pad_fraction,,-1.1997
tts2_en_US-libritts_r-medium_spk842_pos0,tts2_en_US-libritts_r-medium_spk842_pos0#gt000,partial_tail:padding_exceeds_max_pad_fraction,,0.5577
tts2_en_US-libritts_r-medium_spk842_pos1,tts2_en_US-libritts_r-medium_spk842_pos1#gt000,partial_head:padding_exceeds_max_pad_fraction,,-1.2695
tts2_en_US-libritts_r-medium_spk842_pos1,tts2_en_US-libritts_r-medium_spk842_pos1#gt000,partial_tail:padding_exceeds_max_pad_fraction,,0.428
tts2_en_US-libritts_r-medium_spk846_pos0,tts2_en_US-libritts_r-medium_spk846_pos0#gt000,partial_head:padding_exceeds_max_pad_fraction,,-1.277
tts2_en_US-libritts_r-medium_spk846_pos0,tts2_en_US-libritts_r-medium_spk846_pos0#gt000,partial_tail:padding_exceeds_max_pad_fraction,,0.4056
tts2_en_US-libritts_r-medium_spk846_pos1,tts2_en_US-libritts_r-medium_spk846_pos1#gt000,padding_exceeds_max_pad_fraction,post_roll=0.1,-0.8912
tts2_en_US-libritts_r-medium_spk846_pos1,tts2_en_US-libritts_r-medium_spk846_pos1#gt000,padding_exceeds_max_pad_fraction,post_roll=0.25,-0.7412
tts2_en_US-libritts_r-medium_spk846_pos1,tts2_en_US-libritts_r-medium_spk846_pos1#gt000,padding_exceeds_max_pad_fraction,post_roll=0.4,-0.5912
tts2_en_US-libritts_r-medium_spk846_pos1,tts2_en_US-libritts_r-medium_spk846_pos1#gt000,centered_fallback_failed,,-0.4906
tts2_en_US-libritts_r-medium_spk846_pos1,tts2_en_US-libritts_r-medium_spk846_pos1#gt000,partial_head:padding_exceeds_max_pad_fraction,,-1.3154
tts2_en_US-libritts_r-medium_spk846_pos1,tts2_en_US-libritts_r-medium_spk846_pos1#gt000,partial_tail:padding_exceeds_max_pad_fraction,,0.3342
tts2_en_US-libritts_r-medium_spk848_pos0,tts2_en_US-libritts_r-medium_spk848_pos0#gt000,partial_head:padding_exceeds_max_pad_fraction,,-1.263
tts2_en_US-libritts_r-medium_spk848_pos0,tts2_en_US-libritts_r-medium_spk848_pos0#gt000,partial_tail:padding_exceeds_max_pad_fraction,,0.4315
tts2_en_US-libritts_r-medium_spk848_pos1,tts2_en_US-libritts_r-medium_spk848_pos1#gt000,partial_head:padding_exceeds_max_pad_fraction,,-1.2805
tts2_en_US-libritts_r-medium_spk848_pos1,tts2_en_US-libritts_r-medium_spk848_pos1#gt000,partial_tail:padding_exceeds_max_pad_fraction,,0.3991
tts2_en_US-libritts_r-medium_spk849_pos0,tts2_en_US-libritts_r-medium_spk849_pos0#gt000,partial_head:padding_exceeds_max_pad_fraction,,-1.2141
tts2_en_US-libritts_r-medium_spk849_pos0,tts2_en_US-libritts_r-medium_spk849_pos0#gt000,partial_tail:padding_exceeds_max_pad_fraction,,0.5223
tts2_en_US-libritts_r-medium_spk849_pos1,tts2_en_US-libritts_r-medium_spk849_pos1#gt000,partial_head:padding_exceeds_max_pad_fraction,,-1.2805
tts2_en_US-libritts_r-medium_spk849_pos1,tts2_en_US-libritts_r-medium_spk849_pos1#gt000,partial_tail:padding_exceeds_max_pad_fraction,,0.3991
tts2_en_US-libritts_r-medium_spk850_pos1,tts2_en_US-libritts_r-medium_spk850_pos1#gt000,partial_head:padding_exceeds_max_pad_fraction,,-1.2311
tts2_en_US-libritts_r-medium_spk850_pos1,tts2_en_US-libritts_r-medium_spk850_pos1#gt000,partial_tail:padding_exceeds_max_pad_fraction,,0.4994
tts2_en_US-libritts_r-medium_spk857_pos0,tts2_en_US-libritts_r-medium_spk857_pos0#gt000,partial_head:padding_exceeds_max_pad_fraction,,-1.1792
tts2_en_US-libritts_r-medium_spk857_pos0,tts2_en_US-libritts_r-medium_spk857_pos0#gt000,partial_tail:padding_exceeds_max_pad_fraction,,0.5872
tts2_en_US-libritts_r-medium_spk857_pos1,tts2_en_US-libritts_r-medium_spk857_pos1#gt000,insufficient_pre_context,post_roll=0.4,0.0075
tts2_en_US-libritts_r-medium_spk857_pos1,tts2_en_US-libritts_r-medium_spk857_pos1#gt000,partial_head:padding_exceeds_max_pad_fraction,,-1.1059
tts2_en_US-libritts_r-medium_spk857_pos1,tts2_en_US-libritts_r-medium_spk857_pos1#gt000,partial_tail:padding_exceeds_max_pad_fraction,,0.7234
tts2_en_US-libritts_r-medium_spk858_pos0,tts2_en_US-libritts_r-medium_spk858_pos0#gt000,partial_head:padding_exceeds_max_pad_fraction,,-1.1408
tts2_en_US-libritts_r-medium_spk858_pos0,tts2_en_US-libritts_r-medium_spk858_pos0#gt000,partial_tail:padding_exceeds_max_pad_fraction,,0.6585
tts2_en_US-libritts_r-medium_spk858_pos1,tts2_en_US-libritts_r-medium_spk858_pos1#gt000,partial_head:padding_exceeds_max_pad_fraction,,-1.2386
tts2_en_US-libritts_r-medium_spk858_pos1,tts2_en_US-libritts_r-medium_spk858_pos1#gt000,partial_tail:padding_exceeds_max_pad_fraction,,0.4769
tts2_en_US-libritts_r-medium_spk864_pos0,tts2_en_US-libritts_r-medium_spk864_pos0#gt000,partial_head:padding_exceeds_max_pad_fraction,,-1.2595
tts2_en_US-libritts_r-medium_spk864_pos0,tts2_en_US-libritts_r-medium_spk864_pos0#gt000,partial_tail:padding_exceeds_max_pad_fraction,,0.438
tts2_en_US-libritts_r-medium_spk864_pos1,tts2_en_US-libritts_r-medium_spk864_pos1#gt000,partial_head:padding_exceeds_max_pad_fraction,,-1.1408
tts2_en_US-libritts_r-medium_spk864_pos1,tts2_en_US-libritts_r-medium_spk864_pos1#gt000,partial_tail:padding_exceeds_max_pad_fraction,,0.6585
tts2_en_US-libritts_r-medium_spk871_pos1,tts2_en_US-libritts_r-medium_spk871_pos1#gt000,partial_head:padding_exceeds_max_pad_fraction,,-1.2281
tts2_en_US-libritts_r-medium_spk871_pos1,tts2_en_US-libritts_r-medium_spk871_pos1#gt000,partial_tail:padding_exceeds_max_pad_fraction,,0.4964
tts2_en_US-libritts_r-medium_spk873_pos0,tts2_en_US-libritts_r-medium_spk873_pos0#gt000,partial_head:padding_exceeds_max_pad_fraction,,-1.2176
tts2_en_US-libritts_r-medium_spk873_pos0,tts2_en_US-libritts_r-medium_spk873_pos0#gt000,partial_tail:padding_exceeds_max_pad_fraction,,0.5158
tts2_en_US-libritts_r-medium_spk873_pos1,tts2_en_US-libritts_r-medium_spk873_pos1#gt000,partial_head:padding_exceeds_max_pad_fraction,,-1.2486
tts2_en_US-libritts_r-medium_spk873_pos1,tts2_en_US-libritts_r-medium_spk873_pos1#gt000,partial_tail:padding_exceeds_max_pad_fraction,,0.467
tts2_en_US-libritts_r-medium_spk876_pos0,tts2_en_US-libritts_r-medium_spk876_pos0#gt000,partial_head:padding_exceeds_max_pad_fraction,,-1.2421
tts2_en_US-libritts_r-medium_spk876_pos0,tts2_en_US-libritts_r-medium_spk876_pos0#gt000,partial_tail:padding_exceeds_max_pad_fraction,,0.4705
tts2_en_US-libritts_r-medium_spk876_pos1,tts2_en_US-libritts_r-medium_spk876_pos1#gt000,partial_head:padding_exceeds_max_pad_fraction,,-1.1333
tts2_en_US-libritts_r-medium_spk876_pos1,tts2_en_US-libritts_r-medium_spk876_pos1#gt000,partial_tail:padding_exceeds_max_pad_fraction,,0.6809
tts2_en_US-libritts_r-medium_spk879_pos1,tts2_en_US-libritts_r-medium_spk879_pos1#gt000,partial_head:padding_exceeds_max_pad_fraction,,-1.2491
tts2_en_US-libritts_r-medium_spk879_pos1,tts2_en_US-libritts_r-medium_spk879_pos1#gt000,partial_tail:padding_exceeds_max_pad_fraction,,0.4575
tts2_en_US-libritts_r-medium_spk886_pos0,tts2_en_US-libritts_r-medium_spk886_pos0#gt000,partial_head:padding_exceeds_max_pad_fraction,,-1.2037
tts2_en_US-libritts_r-medium_spk886_pos0,tts2_en_US-libritts_r-medium_spk886_pos0#gt000,partial_tail:padding_exceeds_max_pad_fraction,,0.5418
tts2_en_US-libritts_r-medium_spk886_pos1,tts2_en_US-libritts_r-medium_spk886_pos1#gt000,insufficient_pre_context,post_roll=0.4,0.0474
tts2_en_US-libritts_r-medium_spk886_pos1,tts2_en_US-libritts_r-medium_spk886_pos1#gt000,partial_head:padding_exceeds_max_pad_fraction,,-1.0919
tts2_en_US-libritts_r-medium_spk886_pos1,tts2_en_US-libritts_r-medium_spk886_pos1#gt000,partial_tail:padding_exceeds_max_pad_fraction,,0.7493
tts2_en_US-libritts_r-medium_spk887_pos0,tts2_en_US-libritts_r-medium_spk887_pos0#gt000,partial_head:padding_exceeds_max_pad_fraction,,-1.2002
tts2_en_US-libritts_r-medium_spk887_pos0,tts2_en_US-libritts_r-medium_spk887_pos0#gt000,partial_tail:padding_exceeds_max_pad_fraction,,0.5483
tts2_en_US-libritts_r-medium_spk887_pos1,tts2_en_US-libritts_r-medium_spk887_pos1#gt000,partial_head:padding_exceeds_max_pad_fraction,,-1.1513
tts2_en_US-libritts_r-medium_spk887_pos1,tts2_en_US-libritts_r-medium_spk887_pos1#gt000,partial_tail:padding_exceeds_max_pad_fraction,,0.6391
tts2_en_US-libritts_r-medium_spk88_pos0,tts2_en_US-libritts_r-medium_spk88_pos0#gt000,partial_head:padding_exceeds_max_pad_fraction,,-1.27
tts2_en_US-libritts_r-medium_spk88_pos0,tts2_en_US-libritts_r-medium_spk88_pos0#gt000,partial_tail:padding_exceeds_max_pad_fraction,,0.4185
tts2_en_US-libritts_r-medium_spk88_pos1,tts2_en_US-libritts_r-medium_spk88_pos1#gt000,partial_head:padding_exceeds_max_pad_fraction,,-1.2246
tts2_en_US-libritts_r-medium_spk88_pos1,tts2_en_US-libritts_r-medium_spk88_pos1#gt000,partial_tail:padding_exceeds_max_pad_fraction,,0.5029
tts2_en_US-libritts_r-medium_spk892_pos0,tts2_en_US-libritts_r-medium_spk892_pos0#gt000,partial_head:padding_exceeds_max_pad_fraction,,-1.2316
tts2_en_US-libritts_r-medium_spk892_pos0,tts2_en_US-libritts_r-medium_spk892_pos0#gt000,partial_tail:padding_exceeds_max_pad_fraction,,0.4899
tts2_en_US-libritts_r-medium_spk892_pos1,tts2_en_US-libritts_r-medium_spk892_pos1#gt000,partial_head:padding_exceeds_max_pad_fraction,,-1.256
tts2_en_US-libritts_r-medium_spk892_pos1,tts2_en_US-libritts_r-medium_spk892_pos1#gt000,partial_tail:padding_exceeds_max_pad_fraction,,0.4445
tts2_en_US-libritts_r-medium_spk898_pos0,tts2_en_US-libritts_r-medium_spk898_pos0#gt000,partial_head:padding_exceeds_max_pad_fraction,,-1.263
tts2_en_US-libritts_r-medium_spk898_pos0,tts2_en_US-libritts_r-medium_spk898_pos0#gt000,partial_tail:padding_exceeds_max_pad_fraction,,0.4315
tts2_en_US-libritts_r-medium_spk898_pos1,tts2_en_US-libritts_r-medium_spk898_pos1#gt000,insufficient_pre_context,post_roll=0.4,0.0574
tts2_en_US-libritts_r-medium_spk898_pos1,tts2_en_US-libritts_r-medium_spk898_pos1#gt000,partial_head:padding_exceeds_max_pad_fraction,,-1.0884
tts2_en_US-libritts_r-medium_spk898_pos1,tts2_en_US-libritts_r-medium_spk898_pos1#gt000,partial_tail:padding_exceeds_max_pad_fraction,,0.7558
tts2_en_US-libritts_r-medium_spk900_pos0,tts2_en_US-libritts_r-medium_spk900_pos0#gt000,partial_head:padding_exceeds_max_pad_fraction,,-1.2257
tts2_en_US-libritts_r-medium_spk900_pos0,tts2_en_US-libritts_r-medium_spk900_pos0#gt000,partial_tail:padding_exceeds_max_pad_fraction,,0.4839
tts2_en_US-libritts_r-medium_spk900_pos1,tts2_en_US-libritts_r-medium_spk900_pos1#gt000,partial_head:padding_exceeds_max_pad_fraction,,-1.2037
tts2_en_US-libritts_r-medium_spk900_pos1,tts2_en_US-libritts_r-medium_spk900_pos1#gt000,partial_tail:padding_exceeds_max_pad_fraction,,0.5418
tts2_en_US-libritts_r-medium_spk94_pos0,tts2_en_US-libritts_r-medium_spk94_pos0#gt000,insufficient_pre_context,post_roll=0.4,0.0973
tts2_en_US-libritts_r-medium_spk94_pos0,tts2_en_US-libritts_r-medium_spk94_pos0#gt000,partial_head:padding_exceeds_max_pad_fraction,,-1.0744
tts2_en_US-libritts_r-medium_spk94_pos0,tts2_en_US-libritts_r-medium_spk94_pos0#gt000,partial_tail:padding_exceeds_max_pad_fraction,,0.7817
tts2_en_US-libritts_r-medium_spk94_pos1,tts2_en_US-libritts_r-medium_spk94_pos1#gt000,insufficient_pre_context,post_roll=0.4,-0.0224
tts2_en_US-libritts_r-medium_spk94_pos1,tts2_en_US-libritts_r-medium_spk94_pos1#gt000,partial_head:padding_exceeds_max_pad_fraction,,-1.1163
tts2_en_US-libritts_r-medium_spk94_pos1,tts2_en_US-libritts_r-medium_spk94_pos1#gt000,partial_tail:padding_exceeds_max_pad_fraction,,0.7039
tts2_en_US-libritts_r-medium_spk9_pos0,tts2_en_US-libritts_r-medium_spk9_pos0#gt000,occurrence_too_long_for_window,span+tol=1.526s,
tts2_en_US-libritts_r-medium_spk9_pos0,tts2_en_US-libritts_r-medium_spk9_pos0#gt000,partial_head:padding_exceeds_max_pad_fraction,,-0.9557
tts2_en_US-libritts_r-medium_spk9_pos0,tts2_en_US-libritts_r-medium_spk9_pos0#gt000,partial_tail:padding_exceeds_max_pad_fraction,,1.0022
tts2_en_US-libritts_r-medium_spk9_pos1,tts2_en_US-libritts_r-medium_spk9_pos1#gt000,partial_head:padding_exceeds_max_pad_fraction,,-1.263
tts2_en_US-libritts_r-medium_spk9_pos1,tts2_en_US-libritts_r-medium_spk9_pos1#gt000,partial_tail:padding_exceeds_max_pad_fraction,,0.4315
tts2_en_US-ljspeech-medium_spk0_pos0,tts2_en_US-ljspeech-medium_spk0_pos0#gt000,partial_head:padding_exceeds_max_pad_fraction,,-1.2102
tts2_en_US-ljspeech-medium_spk0_pos0,tts2_en_US-ljspeech-medium_spk0_pos0#gt000,partial_tail:padding_exceeds_max_pad_fraction,,0.5383
tts2_en_US-ljspeech-medium_spk0_pos1,tts2_en_US-ljspeech-medium_spk0_pos1#gt000,partial_head:padding_exceeds_max_pad_fraction,,-1.2102
tts2_en_US-ljspeech-medium_spk0_pos1,tts2_en_US-ljspeech-medium_spk0_pos1#gt000,partial_tail:padding_exceeds_max_pad_fraction,,0.5383
tts2_en_US-mike-medium_spk0_pos0,tts2_en_US-mike-medium_spk0_pos0#gt000,partial_head:padding_exceeds_max_pad_fraction,,-1.2107
tts2_en_US-mike-medium_spk0_pos0,tts2_en_US-mike-medium_spk0_pos0#gt000,partial_tail:padding_exceeds_max_pad_fraction,,0.469
tts2_en_US-mike-medium_spk0_pos1,tts2_en_US-mike-medium_spk0_pos1#gt000,partial_head:padding_exceeds_max_pad_fraction,,-1.2371
tts2_en_US-mike-medium_spk0_pos1,tts2_en_US-mike-medium_spk0_pos1#gt000,partial_tail:padding_exceeds_max_pad_fraction,,0.4455
tts2_en_US-sam-medium_spk0_pos0,tts2_en_US-sam-medium_spk0_pos0#gt000,partial_head:padding_exceeds_max_pad_fraction,,-1.1154
tts2_en_US-sam-medium_spk0_pos0,tts2_en_US-sam-medium_spk0_pos0#gt000,partial_tail:padding_exceeds_max_pad_fraction,,0.6031
tts2_en_US-sam-medium_spk0_pos1,tts2_en_US-sam-medium_spk0_pos1#gt000,partial_head:padding_exceeds_max_pad_fraction,,-1.1568
tts2_en_US-sam-medium_spk0_pos1,tts2_en_US-sam-medium_spk0_pos1#gt000,partial_tail:padding_exceeds_max_pad_fraction,,0.5348
