annotation_id,file_id,filepath,recording_id,source_id,source_group,split,origin,gt_source,match_type,status,review_reasons,start_sec,end_sec,raw_start_sec,raw_end_sec,boundary_method,vad_chunk_start_sec,vad_chunk_end_sec,asr_chunk_text,asr_words,asr_min_word_prob,edit_ratio,reviewer,reviewed_at,review_note,review_action,bounds_verified,label_source,positive_eligible,tol_pre_sec,tol_post_sec
Manual-BG-Macmic2#asr000,Manual-BG-Macmic2,data/negatives_general/Manual-BG-Macmic2.wav,Manual-BG-Macmic2,,Manual-BG-Macmic2,train,asr_candidate,,non_wakeword,reviewed,isolated_second_token,49.596,50.196,49.596,50.196,asr_raw,48.916,50.924,more synthetic data,"[{""word"": ""data"", ""start"": 49.596, ""end"": 50.196, ""probability"": 0.9468}]",0.9468,0.4,recording_owner,2026-09-25T00:00:00Z,owner: background recordings contain no wakeword,mark_not_wakeword,False,asr_candidate_reviewed,False,0.1,0.55
Manual-BG-Macmic2#asr001,Manual-BG-Macmic2,data/negatives_general/Manual-BG-Macmic2.wav,Manual-BG-Macmic2,,Manual-BG-Macmic2,train,asr_candidate,,non_wakeword,reviewed,isolated_first_token,72.13,72.53,71.828,72.208,asr_energy_refined,71.828,73.484,Hey Martha!,"[{""word"": ""Hey"", ""start"": 71.828, ""end"": 72.208, ""probability"": 0.7881}]",0.7881,0.0,recording_owner,2026-09-25T00:00:00Z,owner: background recordings contain no wakeword,mark_not_wakeword,False,asr_candidate_reviewed,False,0.09,0.4
Manual-BG-Macmic2#asr002,Manual-BG-Macmic2,data/negatives_general/Manual-BG-Macmic2.wav,Manual-BG-Macmic2,,Manual-BG-Macmic2,train,asr_candidate,,non_wakeword,reviewed,fuzzy_text_match,76.44,77.21,76.116,76.956,asr_energy_refined,76.116,77.708,Hey Delia!,"[{""word"": ""Hey"", ""start"": 76.116, ""end"": 76.496, ""probability"": 0.7822}, {""word"": ""Delia!"", ""start"": 76.496, ""end"": 76.956, ""probability"": 0.9021}]",0.7822,0.1111,recording_owner,2026-09-25T00:00:00Z,owner: background recordings contain no wakeword,mark_not_wakeword,False,asr_candidate_reviewed,False,0.09,0.4
Manual-BG-Macmic2#asr003,Manual-BG-Macmic2,data/negatives_general/Manual-BG-Macmic2.wav,Manual-BG-Macmic2,,Manual-BG-Macmic2,train,asr_candidate,,non_wakeword,reviewed,isolated_first_token,78.81,79.56,78.484,78.864,asr_energy_refined,78.484,80.108,"Hey, Michelle.","[{""word"": ""Hey,"", ""start"": 78.484, ""end"": 78.864, ""probability"": 0.8081}]",0.8081,0.0,recording_owner,2026-09-25T00:00:00Z,owner: background recordings contain no wakeword,mark_not_wakeword,False,asr_candidate_reviewed,False,0.09,0.4
Manual-BG-Macmic2#asr004,Manual-BG-Macmic2,data/negatives_general/Manual-BG-Macmic2.wav,Manual-BG-Macmic2,,Manual-BG-Macmic2,train,asr_candidate,,non_wakeword,reviewed,isolated_first_token,80.95,81.39,80.628,81.008,asr_energy_refined,80.628,82.252,Hey Martha.,"[{""word"": ""Hey"", ""start"": 80.628, ""end"": 81.008, ""probability"": 0.8135}]",0.8135,0.0,recording_owner,2026-09-25T00:00:00Z,owner: background recordings contain no wakeword,mark_not_wakeword,False,asr_candidate_reviewed,False,0.09,0.4
Manual-BG-Macmic2#asr005,Manual-BG-Macmic2,data/negatives_general/Manual-BG-Macmic2.wav,Manual-BG-Macmic2,,Manual-BG-Macmic2,train,asr_candidate,,non_wakeword,reviewed,isolated_first_token,85.46,85.57,85.14,85.56,asr_energy_refined,85.14,86.444,"Hey, Poopie.","[{""word"": ""Hey,"", ""start"": 85.14, ""end"": 85.56, ""probability"": 0.5728}]",0.5728,0.0,recording_owner,2026-09-25T00:00:00Z,owner: background recordings contain no wakeword,mark_not_wakeword,False,asr_candidate_reviewed,False,0.09,0.4
Manual-BG-Macmic2#asr006,Manual-BG-Macmic2,data/negatives_general/Manual-BG-Macmic2.wav,Manual-BG-Macmic2,,Manual-BG-Macmic2,train,asr_candidate,,non_wakeword,reviewed,fuzzy_text_match,94.45,95.0,94.132,94.892,asr_energy_refined,94.132,95.532,Hey Delia!,"[{""word"": ""Hey"", ""start"": 94.132, ""end"": 94.492, ""probability"": 0.8403}, {""word"": ""Delia!"", ""start"": 94.492, ""end"": 94.892, ""probability"": 0.8513}]",0.8403,0.1111,recording_owner,2026-09-25T00:00:00Z,owner: background recordings contain no wakeword,mark_not_wakeword,False,asr_candidate_reviewed,False,0.09,0.4
Manual-BG-Macmic2#asr007,Manual-BG-Macmic2,data/negatives_general/Manual-BG-Macmic2.wav,Manual-BG-Macmic2,,Manual-BG-Macmic2,train,asr_candidate,,non_wakeword,reviewed,fuzzy_text_match,97.21,97.77,96.884,97.744,asr_energy_refined,96.884,99.724,"Hey Delia Skin music, Delia","[{""word"": ""Hey"", ""start"": 96.884, ""end"": 97.244, ""probability"": 0.4941}, {""word"": ""Delia"", ""start"": 97.244, ""end"": 97.744, ""probability"": 0.8181}]",0.4941,0.1111,recording_owner,2026-09-25T00:00:00Z,owner: background recordings contain no wakeword,mark_not_wakeword,False,asr_candidate_reviewed,False,0.09,0.4
Manual-BG-Macmic2#asr008,Manual-BG-Macmic2,data/negatives_general/Manual-BG-Macmic2.wav,Manual-BG-Macmic2,,Manual-BG-Macmic2,train,asr_candidate,,non_wakeword,reviewed,isolated_second_token,98.84,98.94,98.704,99.064,asr_energy_refined,96.884,99.724,"Hey Delia Skin music, Delia","[{""word"": ""Delia"", ""start"": 98.704, ""end"": 99.064, ""probability"": 0.9299}]",0.9299,0.2,recording_owner,2026-09-25T00:00:00Z,owner: background recordings contain no wakeword,mark_not_wakeword,False,asr_candidate_reviewed,False,0.09,0.4
Manual-BG-Macmic2#asr009,Manual-BG-Macmic2,data/negatives_general/Manual-BG-Macmic2.wav,Manual-BG-Macmic2,,Manual-BG-Macmic2,train,asr_candidate,,non_wakeword,reviewed,fuzzy_text_match,103.54,103.96,103.22,103.94,asr_energy_refined,103.22,104.684,"Hey, Denta.","[{""word"": ""Hey,"", ""start"": 103.22, ""end"": 103.6, ""probability"": 0.7275}, {""word"": ""Denta."", ""start"": 103.6, ""end"": 103.94, ""probability"": 0.3925}]",0.3925,0.1111,recording_owner,2026-09-25T00:00:00Z,owner: background recordings contain no wakeword,mark_not_wakeword,False,asr_candidate_reviewed,False,0.09,0.4
Manual-BG-Macmic2#asr010,Manual-BG-Macmic2,data/negatives_general/Manual-BG-Macmic2.wav,Manual-BG-Macmic2,,Manual-BG-Macmic2,train,asr_candidate,,non_wakeword,reviewed,fuzzy_text_match,105.7,105.79,105.308,106.108,asr_energy_refined,104.788,107.66,"Huh? Hey, Kenta. Come in.","[{""word"": ""Hey,"", ""start"": 105.308, ""end"": 105.748, ""probability"": 0.708}, {""word"": ""Kenta."", ""start"": 105.768, ""end"": 106.108, ""probability"": 0.8865}]",0.708,0.2222,recording_owner,2026-09-25T00:00:00Z,owner: background recordings contain no wakeword,mark_not_wakeword,False,asr_candidate_reviewed,False,0.09,0.4
Manual-BG-Macmic2#asr011,Manual-BG-Macmic2,data/negatives_general/Manual-BG-Macmic2.wav,Manual-BG-Macmic2,,Manual-BG-Macmic2,train,asr_candidate,,non_wakeword,reviewed,isolated_second_token,111.56,112.17,111.56,112.14,asr_energy_refined,110.74,112.812,"My bestie, Kenta.","[{""word"": ""Kenta."", ""start"": 111.56, ""end"": 112.14, ""probability"": 0.5084}]",0.5084,0.4,recording_owner,2026-09-25T00:00:00Z,owner: background recordings contain no wakeword,mark_not_wakeword,False,asr_candidate_reviewed,False,0.09,0.4
Manual-BG-Macmic2#asr012,Manual-BG-Macmic2,data/negatives_general/Manual-BG-Macmic2.wav,Manual-BG-Macmic2,,Manual-BG-Macmic2,train,asr_candidate,,non_wakeword,reviewed,isolated_first_token,113.81,114.98,113.864,114.904,asr_energy_refined,113.204,116.076,"Okay, hey tattoo","[{""word"": ""hey"", ""start"": 113.864, ""end"": 114.904, ""probability"": 0.6719}]",0.6719,0.0,recording_owner,2026-09-25T00:00:00Z,owner: background recordings contain no wakeword,mark_not_wakeword,False,asr_candidate_reviewed,False,0.09,0.4
Manual-BG-Phonemic1#asr000,Manual-BG-Phonemic1,data/negatives_general/Manual-BG-Phonemic1.wav,Manual-BG-Phonemic1,,Manual-BG-Phonemic1,train,asr_candidate,,non_wakeword,reviewed,fuzzy_text_match,15.31,16.11,15.06,15.84,asr_energy_refined,15.06,16.556,Hey Delia!,"[{""word"": ""Hey"", ""start"": 15.06, ""end"": 15.36, ""probability"": 0.8203}, {""word"": ""Delia!"", ""start"": 15.36, ""end"": 15.84, ""probability"": 0.8694}]",0.8203,0.1111,recording_owner,2026-09-25T00:00:00Z,owner: background recordings contain no wakeword,mark_not_wakeword,False,asr_candidate_reviewed,False,0.09,0.4
Manual-BG-Phonemic1#asr001,Manual-BG-Phonemic1,data/negatives_general/Manual-BG-Phonemic1.wav,Manual-BG-Phonemic1,,Manual-BG-Phonemic1,train,asr_candidate,,non_wakeword,reviewed,isolated_first_token,18.75,19.47,18.452,18.772,asr_energy_refined,18.452,20.012,Hey Michelle!,"[{""word"": ""Hey"", ""start"": 18.452, ""end"": 18.772, ""probability"": 0.7578}]",0.7578,0.0,recording_owner,2026-09-25T00:00:00Z,owner: background recordings contain no wakeword,mark_not_wakeword,False,asr_candidate_reviewed,False,0.09,0.4
Manual-BG-Phonemic1#asr002,Manual-BG-Phonemic1,data/negatives_general/Manual-BG-Phonemic1.wav,Manual-BG-Phonemic1,,Manual-BG-Phonemic1,train,asr_candidate,,non_wakeword,reviewed,isolated_first_token,21.97,22.43,21.652,22.032,asr_energy_refined,21.652,23.308,Hey Martha.,"[{""word"": ""Hey"", ""start"": 21.652, ""end"": 22.032, ""probability"": 0.814}]",0.814,0.0,recording_owner,2026-09-25T00:00:00Z,owner: background recordings contain no wakeword,mark_not_wakeword,False,asr_candidate_reviewed,False,0.09,0.4
Manual-BG-Phonemic1#asr003,Manual-BG-Phonemic1,data/negatives_general/Manual-BG-Phonemic1.wav,Manual-BG-Phonemic1,,Manual-BG-Phonemic1,train,asr_candidate,,non_wakeword,reviewed,fuzzy_text_match,25.46,26.35,25.172,26.012,asr_energy_refined,25.172,26.764,Hey Delia!,"[{""word"": ""Hey"", ""start"": 25.172, ""end"": 25.512, ""probability"": 0.8291}, {""word"": ""Delia!"", ""start"": 25.512, ""end"": 26.012, ""probability"": 0.8452}]",0.8291,0.1111,recording_owner,2026-09-25T00:00:00Z,owner: background recordings contain no wakeword,mark_not_wakeword,False,asr_candidate_reviewed,False,0.09,0.4
Manual-BG-Phonemic1#asr004,Manual-BG-Phonemic1,data/negatives_general/Manual-BG-Phonemic1.wav,Manual-BG-Phonemic1,,Manual-BG-Phonemic1,train,asr_candidate,,non_wakeword,reviewed,isolated_first_token,27.38,28.1,27.06,27.42,asr_energy_refined,27.06,28.62,Hey Michelle!,"[{""word"": ""Hey"", ""start"": 27.06, ""end"": 27.42, ""probability"": 0.8022}]",0.8022,0.0,recording_owner,2026-09-25T00:00:00Z,owner: background recordings contain no wakeword,mark_not_wakeword,False,asr_candidate_reviewed,False,0.09,0.4
Manual-BG-Phonemic1#asr005,Manual-BG-Phonemic1,data/negatives_general/Manual-BG-Phonemic1.wav,Manual-BG-Phonemic1,,Manual-BG-Phonemic1,train,asr_candidate,,non_wakeword,reviewed,isolated_first_token,29.26,30.04,28.948,29.348,asr_energy_refined,28.948,30.892,"Hey, Marian.","[{""word"": ""Hey,"", ""start"": 28.948, ""end"": 29.348, ""probability"": 0.7036}]",0.7036,0.0,recording_owner,2026-09-25T00:00:00Z,owner: background recordings contain no wakeword,mark_not_wakeword,False,asr_candidate_reviewed,False,0.09,0.4
Manual-BG-RPI16#asr000,Manual-BG-RPI16,data/negatives_general/Manual-BG-RPI16.wav,Manual-BG-RPI16,,Manual-BG-RPI16,validation,asr_candidate,,non_wakeword,reviewed,isolated_first_token,26.69,26.91,26.356,26.796,asr_energy_refined,26.356,27.436,Hey!,"[{""word"": ""Hey!"", ""start"": 26.356, ""end"": 26.796, ""probability"": 0.4919}]",0.4919,0.0,recording_owner,2026-09-25T00:00:00Z,owner: background recordings contain no wakeword,mark_not_wakeword,False,asr_candidate_reviewed,False,0.09,0.4
Manual-BG-RPI16#asr001,Manual-BG-RPI16,data/negatives_general/Manual-BG-RPI16.wav,Manual-BG-RPI16,,Manual-BG-RPI16,validation,asr_candidate,,non_wakeword,reviewed,isolated_first_token,46.29,46.55,46.004,46.324,asr_energy_refined,46.004,47.564,Hey Michelle!,"[{""word"": ""Hey"", ""start"": 46.004, ""end"": 46.324, ""probability"": 0.8276}]",0.8276,0.0,recording_owner,2026-09-25T00:00:00Z,owner: background recordings contain no wakeword,mark_not_wakeword,False,asr_candidate_reviewed,False,0.09,0.4
Manual-BG-RPI16#asr002,Manual-BG-RPI16,data/negatives_general/Manual-BG-RPI16.wav,Manual-BG-RPI16,,Manual-BG-RPI16,validation,asr_candidate,,non_wakeword,reviewed,isolated_first_token,48.62,48.95,48.308,48.668,asr_energy_refined,48.308,50.284,Hey mishmash,"[{""word"": ""Hey"", ""start"": 48.308, ""end"": 48.668, ""probability"": 0.4429}]",0.4429,0.0,recording_owner,2026-09-25T00:00:00Z,owner: background recordings contain no wakeword,mark_not_wakeword,False,asr_candidate_reviewed,False,0.09,0.4
Manual-BG-RPI16#asr003,Manual-BG-RPI16,data/negatives_general/Manual-BG-RPI16.wav,Manual-BG-RPI16,,Manual-BG-RPI16,validation,asr_candidate,,non_wakeword,reviewed,isolated_first_token,51.83,51.93,51.604,51.884,asr_energy_refined,51.604,53.292,Hey Martha!,"[{""word"": ""Hey"", ""start"": 51.604, ""end"": 51.884, ""probability"": 0.6284}]",0.6284,0.0,recording_owner,2026-09-25T00:00:00Z,owner: background recordings contain no wakeword,mark_not_wakeword,False,asr_candidate_reviewed,False,0.09,0.4
Manual-BG-RPI16#asr004,Manual-BG-RPI16,data/negatives_general/Manual-BG-RPI16.wav,Manual-BG-RPI16,,Manual-BG-RPI16,validation,asr_candidate,,non_wakeword,reviewed,fuzzy_text_match,57.25,57.82,57.108,57.648,asr_energy_refined,57.108,58.252,"Hey, Marta!","[{""word"": ""Hey,"", ""start"": 57.108, ""end"": 57.348, ""probability"": 0.5347}, {""word"": ""Marta!"", ""start"": 57.348, ""end"": 57.648, ""probability"": 0.5419}]",0.5347,0.3333,recording_owner,2026-09-25T00:00:00Z,owner: background recordings contain no wakeword,mark_not_wakeword,False,asr_candidate_reviewed,False,0.09,0.4
Manual-BG-RPI20#asr000,Manual-BG-RPI20,data/negatives_general/Manual-BG-RPI20.wav,Manual-BG-RPI20,,Manual-BG-RPI20,train,asr_candidate,,non_wakeword,reviewed,isolated_first_token,210.132,210.36,210.132,210.232,asr_energy_refined,210.132,211.212,"Hey, Michelle.","[{""word"": ""Hey,"", ""start"": 210.132, ""end"": 210.232, ""probability"": 0.3105}]",0.3105,0.0,recording_owner,2026-09-25T00:00:00Z,owner: background recordings contain no wakeword,mark_not_wakeword,False,asr_candidate_reviewed,False,0.09,0.4
Manual-BG-RPI20#asr001,Manual-BG-RPI20,data/negatives_general/Manual-BG-RPI20.wav,Manual-BG-RPI20,,Manual-BG-RPI20,train,asr_candidate,,non_wakeword,reviewed,isolated_first_token,211.83,212.16,211.54,211.92,asr_energy_refined,211.54,212.684,"Hey, Bobby.","[{""word"": ""Hey,"", ""start"": 211.54, ""end"": 211.92, ""probability"": 0.7349}]",0.7349,0.0,recording_owner,2026-09-25T00:00:00Z,owner: background recordings contain no wakeword,mark_not_wakeword,False,asr_candidate_reviewed,False,0.09,0.4
Manual-BG-RPI20#asr002,Manual-BG-RPI20,data/negatives_general/Manual-BG-RPI20.wav,Manual-BG-RPI20,,Manual-BG-RPI20,train,asr_candidate,,non_wakeword,reviewed,isolated_first_token,214.98,215.38,214.708,215.028,asr_energy_refined,214.708,216.076,Hey Martha.,"[{""word"": ""Hey"", ""start"": 214.708, ""end"": 215.028, ""probability"": 0.7378}]",0.7378,0.0,recording_owner,2026-09-25T00:00:00Z,owner: background recordings contain no wakeword,mark_not_wakeword,False,asr_candidate_reviewed,False,0.09,0.4
Manual-BG-RPI20#asr003,Manual-BG-RPI20,data/negatives_general/Manual-BG-RPI20.wav,Manual-BG-RPI20,,Manual-BG-RPI20,train,asr_candidate,,non_wakeword,reviewed,fuzzy_text_match,226.13,226.57,225.94,226.58,asr_energy_refined,225.94,227.084,Hey Marta.,"[{""word"": ""Hey"", ""start"": 225.94, ""end"": 226.14, ""probability"": 0.7305}, {""word"": ""Marta."", ""start"": 226.14, ""end"": 226.58, ""probability"": 0.6744}]",0.6744,0.3333,recording_owner,2026-09-25T00:00:00Z,owner: background recordings contain no wakeword,mark_not_wakeword,False,asr_candidate_reviewed,False,0.09,0.4
Manual-BG-RPI20#asr004,Manual-BG-RPI20,data/negatives_general/Manual-BG-RPI20.wav,Manual-BG-RPI20,,Manual-BG-RPI20,train,asr_candidate,,non_wakeword,reviewed,fuzzy_text_match,229.0,229.55,228.692,229.512,asr_energy_refined,228.692,230.06,Hey Marta.,"[{""word"": ""Hey"", ""start"": 228.692, ""end"": 229.052, ""probability"": 0.6362}, {""word"": ""Marta."", ""start"": 229.052, ""end"": 229.512, ""probability"": 0.6517}]",0.6362,0.3333,recording_owner,2026-09-25T00:00:00Z,owner: background recordings contain no wakeword,mark_not_wakeword,False,asr_candidate_reviewed,False,0.09,0.4
Manual-BG-RPI24#asr000,Manual-BG-RPI24,data/negatives_general/Manual-BG-RPI24.wav,Manual-BG-RPI24,,Manual-BG-RPI24,train,asr_candidate,,non_wakeword,reviewed,isolated_first_token,293.51,294.13,293.268,293.548,asr_energy_refined,293.268,294.604,Hey Michelle!,"[{""word"": ""Hey"", ""start"": 293.268, ""end"": 293.548, ""probability"": 0.8291}]",0.8291,0.0,recording_owner,2026-09-25T00:00:00Z,owner: background recordings contain no wakeword,mark_not_wakeword,False,asr_candidate_reviewed,False,0.09,0.4
Manual-BG-RPI24#asr001,Manual-BG-RPI24,data/negatives_general/Manual-BG-RPI24.wav,Manual-BG-RPI24,,Manual-BG-RPI24,train,asr_candidate,,non_wakeword,reviewed,isolated_first_token,295.65,296.34,295.348,295.748,asr_energy_refined,295.348,296.78,"Hey, Martha.","[{""word"": ""Hey,"", ""start"": 295.348, ""end"": 295.748, ""probability"": 0.8286}]",0.8286,0.0,recording_owner,2026-09-25T00:00:00Z,owner: background recordings contain no wakeword,mark_not_wakeword,False,asr_candidate_reviewed,False,0.09,0.4
Manual-BG-RPI24#asr002,Manual-BG-RPI24,data/negatives_general/Manual-BG-RPI24.wav,Manual-BG-RPI24,,Manual-BG-RPI24,train,asr_candidate,,non_wakeword,reviewed,fuzzy_text_match,300.46,301.18,300.18,301.0,asr_energy_refined,300.18,301.612,Hey Marta.,"[{""word"": ""Hey"", ""start"": 300.18, ""end"": 300.5, ""probability"": 0.7441}, {""word"": ""Marta."", ""start"": 300.5, ""end"": 301.0, ""probability"": 0.6368}]",0.6368,0.3333,recording_owner,2026-09-25T00:00:00Z,owner: background recordings contain no wakeword,mark_not_wakeword,False,asr_candidate_reviewed,False,0.09,0.4
Manual-BG-RPI24#asr003,Manual-BG-RPI24,data/negatives_general/Manual-BG-RPI24.wav,Manual-BG-RPI24,,Manual-BG-RPI24,train,asr_candidate,,non_wakeword,reviewed,fuzzy_text_match,302.29,303.07,302.004,302.864,asr_energy_refined,302.004,303.436,Hey Marta.,"[{""word"": ""Hey"", ""start"": 302.004, ""end"": 302.344, ""probability"": 0.8501}, {""word"": ""Marta."", ""start"": 302.344, ""end"": 302.864, ""probability"": 0.7284}]",0.7284,0.3333,recording_owner,2026-09-25T00:00:00Z,owner: background recordings contain no wakeword,mark_not_wakeword,False,asr_candidate_reviewed,False,0.09,0.4
Manual-BG-RPI24#asr004,Manual-BG-RPI24,data/negatives_general/Manual-BG-RPI24.wav,Manual-BG-RPI24,,Manual-BG-RPI24,train,asr_candidate,,non_wakeword,reviewed,isolated_first_token,304.3,304.67,303.988,304.368,asr_energy_refined,303.988,305.932,"Hey, Martha. Hello.","[{""word"": ""Hey,"", ""start"": 303.988, ""end"": 304.368, ""probability"": 0.7324}]",0.7324,0.0,recording_owner,2026-09-25T00:00:00Z,owner: background recordings contain no wakeword,mark_not_wakeword,False,asr_candidate_reviewed,False,0.09,0.4
Manual-BG-RPI32#asr000,Manual-BG-RPI32,data/negatives_general/Manual-BG-RPI32.wav,Manual-BG-RPI32,,Manual-BG-RPI32,validation,asr_candidate,,non_wakeword,reviewed,isolated_first_token,18.31,18.77,18.004,18.384,asr_energy_refined,18.004,19.564,Hey Martha!,"[{""word"": ""Hey"", ""start"": 18.004, ""end"": 18.384, ""probability"": 0.7891}]",0.7891,0.0,recording_owner,2026-09-25T00:00:00Z,owner: background recordings contain no wakeword,mark_not_wakeword,False,asr_candidate_reviewed,False,0.09,0.4
Manual-BG-RPI8#asr000,Manual-BG-RPI8,data/negatives_general/Manual-BG-RPI8.wav,Manual-BG-RPI8,,Manual-BG-RPI8,validation,asr_candidate,,non_wakeword,reviewed,isolated_first_token,0.0,0.38,0.0,0.38,asr_energy_refined,0.0,1.461,"Hey, Michelle.","[{""word"": ""Hey,"", ""start"": 0.0, ""end"": 0.38, ""probability"": 0.5171}]",0.5171,0.0,recording_owner,2026-09-25T00:00:00Z,owner: background recordings contain no wakeword,mark_not_wakeword,False,asr_candidate_reviewed,False,0.09,0.4
Manual-Fil-Macmic1#asr000,Manual-Fil-Macmic1,data/positives/Manual-Fil-Macmic1.wav,Manual-Fil-Macmic1,,Manual-Fil-Macmic1,train,asr_candidate,,complete,reviewed,,0.91,1.32,0.596,1.256,asr_energy_refined,0.596,2.188,Hey Delta!,"[{""word"": ""Hey"", ""start"": 0.596, ""end"": 0.976, ""probability"": 0.8198}, {""word"": ""Delta!"", ""start"": 0.976, ""end"": 1.256, ""probability"": 0.7495}]",0.7495,0.0,recording_owner,2026-09-25T00:00:00Z,owner: every utterance is Hey Delta,confirm_complete,False,asr_candidate_reviewed,True,0.09,0.4
Manual-Fil-Macmic1#asr001,Manual-Fil-Macmic1,data/positives/Manual-Fil-Macmic1.wav,Manual-Fil-Macmic1,,Manual-Fil-Macmic1,train,asr_candidate,,complete,reviewed,,3.0,3.43,2.676,3.316,asr_energy_refined,2.676,4.236,Hey Delta!,"[{""word"": ""Hey"", ""start"": 2.676, ""end"": 3.056, ""probability"": 0.7764}, {""word"": ""Delta!"", ""start"": 3.056, ""end"": 3.316, ""probability"": 0.8193}]",0.7764,0.0,recording_owner,2026-09-25T00:00:00Z,owner: every utterance is Hey Delta,confirm_complete,False,asr_candidate_reviewed,True,0.09,0.4
Manual-Fil-Macmic1#asr002,Manual-Fil-Macmic1,data/positives/Manual-Fil-Macmic1.wav,Manual-Fil-Macmic1,,Manual-Fil-Macmic1,train,asr_candidate,,complete,reviewed,,6.23,6.65,5.94,6.56,asr_energy_refined,5.94,7.596,Hey Delta!,"[{""word"": ""Hey"", ""start"": 5.94, ""end"": 6.3, ""probability"": 0.7866}, {""word"": ""Delta!"", ""start"": 6.3, ""end"": 6.56, ""probability"": 0.7588}]",0.7588,0.0,recording_owner,2026-09-25T00:00:00Z,owner: every utterance is Hey Delta,confirm_complete,False,asr_candidate_reviewed,True,0.09,0.4
Manual-Fil-Macmic1#asr003,Manual-Fil-Macmic1,data/positives/Manual-Fil-Macmic1.wav,Manual-Fil-Macmic1,,Manual-Fil-Macmic1,train,asr_candidate,,complete,reviewed,,8.81,9.18,8.5,9.1,asr_energy_refined,8.5,10.06,Hey Delta!,"[{""word"": ""Hey"", ""start"": 8.5, ""end"": 8.84, ""probability"": 0.7563}, {""word"": ""Delta!"", ""start"": 8.84, ""end"": 9.1, ""probability"": 0.8384}]",0.7563,0.0,recording_owner,2026-09-25T00:00:00Z,owner: every utterance is Hey Delta,confirm_complete,False,asr_candidate_reviewed,True,0.09,0.4
Manual-Fil-Macmic1#asr004,Manual-Fil-Macmic1,data/positives/Manual-Fil-Macmic1.wav,Manual-Fil-Macmic1,,Manual-Fil-Macmic1,train,asr_candidate,,complete,reviewed,,11.38,11.81,11.092,11.672,asr_energy_refined,11.092,12.652,Hey Delta!,"[{""word"": ""Hey"", ""start"": 11.092, ""end"": 11.412, ""probability"": 0.6543}, {""word"": ""Delta!"", ""start"": 11.412, ""end"": 11.672, ""probability"": 0.8018}]",0.6543,0.0,recording_owner,2026-09-25T00:00:00Z,owner: every utterance is Hey Delta,confirm_complete,False,asr_candidate_reviewed,True,0.09,0.4
Manual-Fil-Macmic1#asr005,Manual-Fil-Macmic1,data/positives/Manual-Fil-Macmic1.wav,Manual-Fil-Macmic1,,Manual-Fil-Macmic1,train,asr_candidate,,complete,reviewed,,13.86,14.29,13.556,14.156,asr_energy_refined,13.556,15.116,Hey Delta!,"[{""word"": ""Hey"", ""start"": 13.556, ""end"": 13.916, ""probability"": 0.7422}, {""word"": ""Delta!"", ""start"": 13.916, ""end"": 14.156, ""probability"": 0.8105}]",0.7422,0.0,recording_owner,2026-09-25T00:00:00Z,owner: every utterance is Hey Delta,confirm_complete,False,asr_candidate_reviewed,True,0.09,0.4
Manual-Fil-Macmic1#asr006,Manual-Fil-Macmic1,data/positives/Manual-Fil-Macmic1.wav,Manual-Fil-Macmic1,,Manual-Fil-Macmic1,train,asr_candidate,,complete,reviewed,,16.56,17.35,16.276,16.876,asr_energy_refined,16.276,17.772,Hey Delta!,"[{""word"": ""Hey"", ""start"": 16.276, ""end"": 16.636, ""probability"": 0.833}, {""word"": ""Delta!"", ""start"": 16.636, ""end"": 16.876, ""probability"": 0.8057}]",0.8057,0.0,recording_owner,2026-09-25T00:00:00Z,owner: every utterance is Hey Delta,confirm_complete,False,asr_candidate_reviewed,True,0.09,0.4
Manual-Fil-Macmic1#asr007,Manual-Fil-Macmic1,data/positives/Manual-Fil-Macmic1.wav,Manual-Fil-Macmic1,,Manual-Fil-Macmic1,train,asr_candidate,,complete,reviewed,,19.64,20.05,19.348,19.968,asr_energy_refined,19.348,20.844,Hey Delta.,"[{""word"": ""Hey"", ""start"": 19.348, ""end"": 19.688, ""probability"": 0.7852}, {""word"": ""Delta."", ""start"": 19.688, ""end"": 19.968, ""probability"": 0.8237}]",0.7852,0.0,recording_owner,2026-09-25T00:00:00Z,owner: every utterance is Hey Delta,confirm_complete,False,asr_candidate_reviewed,True,0.09,0.4
Manual-Fil-Macmic1#asr008,Manual-Fil-Macmic1,data/positives/Manual-Fil-Macmic1.wav,Manual-Fil-Macmic1,,Manual-Fil-Macmic1,train,asr_candidate,,complete,reviewed,,22.63,23.03,22.324,22.964,asr_energy_refined,22.324,23.884,Hey Delta!,"[{""word"": ""Hey"", ""start"": 22.324, ""end"": 22.684, ""probability"": 0.8008}, {""word"": ""Delta!"", ""start"": 22.684, ""end"": 22.964, ""probability"": 0.7959}]",0.7959,0.0,recording_owner,2026-09-25T00:00:00Z,owner: every utterance is Hey Delta,confirm_complete,False,asr_candidate_reviewed,True,0.09,0.4
Manual-Fil-Macmic1#asr009,Manual-Fil-Macmic1,data/positives/Manual-Fil-Macmic1.wav,Manual-Fil-Macmic1,,Manual-Fil-Macmic1,train,asr_candidate,,complete,reviewed,,25.34,26.06,25.044,25.644,asr_energy_refined,25.044,26.508,Hey Delta!,"[{""word"": ""Hey"", ""start"": 25.044, ""end"": 25.384, ""probability"": 0.7788}, {""word"": ""Delta!"", ""start"": 25.384, ""end"": 25.644, ""probability"": 0.8296}]",0.7788,0.0,recording_owner,2026-09-25T00:00:00Z,owner: every utterance is Hey Delta,confirm_complete,False,asr_candidate_reviewed,True,0.09,0.4
Manual-Fil-Macmic1#asr010,Manual-Fil-Macmic1,data/positives/Manual-Fil-Macmic1.wav,Manual-Fil-Macmic1,,Manual-Fil-Macmic1,train,asr_candidate,,complete,reviewed,,28.36,28.81,28.052,28.692,asr_energy_refined,28.052,29.804,Hey Delta.,"[{""word"": ""Hey"", ""start"": 28.052, ""end"": 28.412, ""probability"": 0.8076}, {""word"": ""Delta."", ""start"": 28.412, ""end"": 28.692, ""probability"": 0.8374}]",0.8076,0.0,recording_owner,2026-09-25T00:00:00Z,owner: every utterance is Hey Delta,confirm_complete,False,asr_candidate_reviewed,True,0.09,0.4
Manual-Fil-Macmic2#asr000,Manual-Fil-Macmic2,data/positives/Manual-Fil-Macmic2.wav,Manual-Fil-Macmic2,,Manual-Fil-Macmic2,train,asr_candidate,,complete,reviewed,,1.05,2.07,0.724,1.384,asr_energy_refined,0.724,2.54,Hey Delta!,"[{""word"": ""Hey"", ""start"": 0.724, ""end"": 1.104, ""probability"": 0.7827}, {""word"": ""Delta!"", ""start"": 1.104, ""end"": 1.384, ""probability"": 0.8579}]",0.7827,0.0,recording_owner,2026-09-25T00:00:00Z,owner: every utterance is Hey Delta,confirm_complete,False,asr_candidate_reviewed,True,0.09,0.4
Manual-Fil-Macmic2#asr001,Manual-Fil-Macmic2,data/positives/Manual-Fil-Macmic2.wav,Manual-Fil-Macmic2,,Manual-Fil-Macmic2,train,asr_candidate,,complete,reviewed,,4.66,5.28,4.34,5.2,asr_energy_refined,4.34,6.476,Hey Delta!,"[{""word"": ""Hey"", ""start"": 4.34, ""end"": 4.74, ""probability"": 0.7754}, {""word"": ""Delta!"", ""start"": 4.74, ""end"": 5.2, ""probability"": 0.8433}]",0.7754,0.0,recording_owner,2026-09-25T00:00:00Z,owner: every utterance is Hey Delta,confirm_complete,False,asr_candidate_reviewed,True,0.09,0.4
Manual-Fil-Macmic2#asr002,Manual-Fil-Macmic2,data/positives/Manual-Fil-Macmic2.wav,Manual-Fil-Macmic2,,Manual-Fil-Macmic2,train,asr_candidate,,complete,reviewed,,8.2,8.74,7.892,8.452,asr_energy_refined,7.892,9.196,Hey Delta!,"[{""word"": ""Hey"", ""start"": 7.892, ""end"": 8.252, ""probability"": 0.6553}, {""word"": ""Delta!"", ""start"": 8.252, ""end"": 8.452, ""probability"": 0.9053}]",0.6553,0.0,recording_owner,2026-09-25T00:00:00Z,owner: every utterance is Hey Delta,confirm_complete,False,asr_candidate_reviewed,True,0.09,0.4
Manual-Fil-Macmic2#asr003,Manual-Fil-Macmic2,data/positives/Manual-Fil-Macmic2.wav,Manual-Fil-Macmic2,,Manual-Fil-Macmic2,train,asr_candidate,,complete,reviewed,,9.79,10.12,9.46,10.06,asr_energy_refined,9.46,10.956,Hey Delta!,"[{""word"": ""Hey"", ""start"": 9.46, ""end"": 9.84, ""probability"": 0.856}, {""word"": ""Delta!"", ""start"": 9.84, ""end"": 10.06, ""probability"": 0.8027}]",0.8027,0.0,recording_owner,2026-09-25T00:00:00Z,owner: every utterance is Hey Delta,confirm_complete,False,asr_candidate_reviewed,True,0.09,0.4
Manual-Fil-Macmic2#asr004,Manual-Fil-Macmic2,data/positives/Manual-Fil-Macmic2.wav,Manual-Fil-Macmic2,,Manual-Fil-Macmic2,train,asr_candidate,,complete,reviewed,fuzzy_text_match,11.32,11.65,10.996,11.576,asr_energy_refined,10.996,12.492,Bye Delta!,"[{""word"": ""Bye"", ""start"": 10.996, ""end"": 11.356, ""probability"": 0.5024}, {""word"": ""Delta!"", ""start"": 11.356, ""end"": 11.576, ""probability"": 0.4731}]",0.4731,0.3333,recording_owner,2026-09-25T00:00:00Z,owner: every utterance is Hey Delta,confirm_complete,False,asr_candidate_reviewed,True,0.09,0.4
Manual-Fil-Macmic2#asr005,Manual-Fil-Macmic2,data/positives/Manual-Fil-Macmic2.wav,Manual-Fil-Macmic2,,Manual-Fil-Macmic2,train,asr_candidate,,complete,reviewed,,14.03,14.61,13.716,14.476,asr_energy_refined,13.716,15.852,Hey Delta!,"[{""word"": ""Hey"", ""start"": 13.716, ""end"": 14.116, ""probability"": 0.8022}, {""word"": ""Delta!"", ""start"": 14.116, ""end"": 14.476, ""probability"": 0.834}]",0.8022,0.0,recording_owner,2026-09-25T00:00:00Z,owner: every utterance is Hey Delta,confirm_complete,False,asr_candidate_reviewed,True,0.09,0.4
Manual-Fil-Macmic2#asr006,Manual-Fil-Macmic2,data/positives/Manual-Fil-Macmic2.wav,Manual-Fil-Macmic2,,Manual-Fil-Macmic2,train,asr_candidate,,complete,reviewed,,16.55,17.31,16.244,17.044,asr_energy_refined,16.244,18.476,Hey Delta!,"[{""word"": ""Hey"", ""start"": 16.244, ""end"": 16.664, ""probability"": 0.769}, {""word"": ""Delta!"", ""start"": 16.664, ""end"": 17.044, ""probability"": 0.8403}]",0.769,0.0,recording_owner,2026-09-25T00:00:00Z,owner: every utterance is Hey Delta,confirm_complete,False,asr_candidate_reviewed,True,0.09,0.4
Manual-Fil-Macmic2#asr007,Manual-Fil-Macmic2,data/positives/Manual-Fil-Macmic2.wav,Manual-Fil-Macmic2,,Manual-Fil-Macmic2,train,asr_candidate,,complete,reviewed,,19.4,20.08,19.092,20.012,asr_energy_refined,19.092,21.228,Hey Delta!,"[{""word"": ""Hey"", ""start"": 19.092, ""end"": 19.512, ""probability"": 0.7778}, {""word"": ""Delta!"", ""start"": 19.512, ""end"": 20.012, ""probability"": 0.8525}]",0.7778,0.0,recording_owner,2026-09-25T00:00:00Z,owner: every utterance is Hey Delta,confirm_complete,False,asr_candidate_reviewed,True,0.09,0.4
Manual-Fil-Macmic2#asr008,Manual-Fil-Macmic2,data/positives/Manual-Fil-Macmic2.wav,Manual-Fil-Macmic2,,Manual-Fil-Macmic2,train,asr_candidate,,complete,reviewed,,22.86,23.96,22.58,23.26,asr_energy_refined,22.58,24.524,Hey Delta!,"[{""word"": ""Hey"", ""start"": 22.58, ""end"": 22.94, ""probability"": 0.8296}, {""word"": ""Delta!"", ""start"": 22.94, ""end"": 23.26, ""probability"": 0.8276}]",0.8276,0.0,recording_owner,2026-09-25T00:00:00Z,owner: every utterance is Hey Delta,confirm_complete,False,asr_candidate_reviewed,True,0.09,0.4
Manual-Fil-Macmic2#asr009,Manual-Fil-Macmic2,data/positives/Manual-Fil-Macmic2.wav,Manual-Fil-Macmic2,,Manual-Fil-Macmic2,train,asr_candidate,,complete,reviewed,,25.54,26.16,25.236,25.956,asr_energy_refined,25.236,27.18,Hey Delta!,"[{""word"": ""Hey"", ""start"": 25.236, ""end"": 25.616, ""probability"": 0.8091}, {""word"": ""Delta!"", ""start"": 25.616, ""end"": 25.956, ""probability"": 0.8486}]",0.8091,0.0,recording_owner,2026-09-25T00:00:00Z,owner: every utterance is Hey Delta,confirm_complete,False,asr_candidate_reviewed,True,0.09,0.4
Manual-Fil-Macmic2#asr010,Manual-Fil-Macmic2,data/positives/Manual-Fil-Macmic2.wav,Manual-Fil-Macmic2,,Manual-Fil-Macmic2,train,asr_candidate,,complete,reviewed,,28.49,29.64,28.18,28.94,asr_energy_refined,28.18,30.252,Hey Delta!,"[{""word"": ""Hey"", ""start"": 28.18, ""end"": 28.56, ""probability"": 0.7642}, {""word"": ""Delta!"", ""start"": 28.56, ""end"": 28.94, ""probability"": 0.8452}]",0.7642,0.0,recording_owner,2026-09-25T00:00:00Z,owner: every utterance is Hey Delta,confirm_complete,False,asr_candidate_reviewed,True,0.09,0.4
Manual-Fil-Macmic2#asr011,Manual-Fil-Macmic2,data/positives/Manual-Fil-Macmic2.wav,Manual-Fil-Macmic2,,Manual-Fil-Macmic2,train,asr_candidate,,complete,reviewed,,31.35,32.06,31.06,31.66,asr_energy_refined,31.06,32.46,"Hey, Delta.","[{""word"": ""Hey,"", ""start"": 31.06, ""end"": 31.4, ""probability"": 0.8223}, {""word"": ""Delta."", ""start"": 31.46, ""end"": 31.66, ""probability"": 0.855}]",0.8223,0.0,recording_owner,2026-09-25T00:00:00Z,owner: every utterance is Hey Delta,confirm_complete,False,asr_candidate_reviewed,True,0.09,0.4
Manual-Fil-Macmic2#asr012,Manual-Fil-Macmic2,data/positives/Manual-Fil-Macmic2.wav,Manual-Fil-Macmic2,,Manual-Fil-Macmic2,train,asr_candidate,,complete,reviewed,,33.59,34.33,33.3,33.88,asr_energy_refined,33.3,34.7,Hey Delta!,"[{""word"": ""Hey"", ""start"": 33.3, ""end"": 33.66, ""probability"": 0.7207}, {""word"": ""Delta!"", ""start"": 33.66, ""end"": 33.88, ""probability"": 0.7432}]",0.7207,0.0,recording_owner,2026-09-25T00:00:00Z,owner: every utterance is Hey Delta,confirm_complete,False,asr_candidate_reviewed,True,0.09,0.4
Manual-Fil-Macmic2#asr013,Manual-Fil-Macmic2,data/positives/Manual-Fil-Macmic2.wav,Manual-Fil-Macmic2,,Manual-Fil-Macmic2,train,asr_candidate,,complete,reviewed,no_wakeword_text_in_positive_recording_speech,35.892,37.324,35.892,37.324,vad_chunk,35.892,37.324,Bye!,"[{""word"": ""Bye!"", ""start"": 35.892, ""end"": 36.212, ""probability"": 0.2227}]",0.2227,0.7778,recording_owner,2026-09-25T00:00:00Z,owner: every utterance is Hey Delta,confirm_complete,False,asr_candidate_reviewed,True,0.1,0.55
Manual-Fil-Phonemic1#asr000,Manual-Fil-Phonemic1,data/positives/Manual-Fil-Phonemic1.wav,Manual-Fil-Phonemic1,,Manual-Fil-Phonemic1,test,asr_candidate,,complete,removed,,2.8,3.92,2.58,3.46,asr_energy_refined,0.0,4.587,Hey Delta!,"[{""word"": ""Hey"", ""start"": 2.58, ""end"": 3.22, ""probability"": 0.8223}, {""word"": ""Delta!"", ""start"": 3.22, ""end"": 3.46, ""probability"": 0.8452}]",0.8223,0.0,recording_owner,2026-09-25T00:00:00Z,superseded by human-marked bounds,remove,False,asr_candidate_reviewed,False,0.09,0.4
Manual-Fil-Phonemic2#asr000,Manual-Fil-Phonemic2,data/positives/Manual-Fil-Phonemic2.wav,Manual-Fil-Phonemic2,,Manual-Fil-Phonemic2,validation,asr_candidate,,complete,removed,,0.0,1.85,0.0,1.16,asr_energy_refined,0.0,2.56,Hey Delta!,"[{""word"": ""Hey"", ""start"": 0.0, ""end"": 0.88, ""probability"": 0.8315}, {""word"": ""Delta!"", ""start"": 0.88, ""end"": 1.16, ""probability"": 0.8896}]",0.8315,0.0,recording_owner,2026-09-25T00:00:00Z,superseded by human-marked bounds,remove,False,asr_candidate_reviewed,False,0.09,0.4
Manual-Fil-Phonemic3#asr000,Manual-Fil-Phonemic3,data/positives/Manual-Fil-Phonemic3.wav,Manual-Fil-Phonemic3,,Manual-Fil-Phonemic3,train,asr_candidate,,complete,reviewed,,0.77,1.25,0.468,1.128,asr_energy_refined,0.468,2.124,Hey Delta!,"[{""word"": ""Hey"", ""start"": 0.468, ""end"": 0.848, ""probability"": 0.7949}, {""word"": ""Delta!"", ""start"": 0.848, ""end"": 1.128, ""probability"": 0.7549}]",0.7549,0.0,recording_owner,2026-09-25T00:00:00Z,owner: every utterance is Hey Delta,confirm_complete,False,asr_candidate_reviewed,True,0.09,0.4
Manual-Fil-Phonemic3#asr001,Manual-Fil-Phonemic3,data/positives/Manual-Fil-Phonemic3.wav,Manual-Fil-Phonemic3,,Manual-Fil-Phonemic3,train,asr_candidate,,complete,reviewed,,2.45,2.9,2.132,2.812,asr_energy_refined,2.132,3.916,"Hey, Delta.","[{""word"": ""Hey,"", ""start"": 2.132, ""end"": 2.552, ""probability"": 0.6953}, {""word"": ""Delta."", ""start"": 2.552, ""end"": 2.812, ""probability"": 0.5557}]",0.5557,0.0,recording_owner,2026-09-25T00:00:00Z,owner: every utterance is Hey Delta,confirm_complete,False,asr_candidate_reviewed,True,0.09,0.4
Manual-Fil-Phonemic3#asr002,Manual-Fil-Phonemic3,data/positives/Manual-Fil-Phonemic3.wav,Manual-Fil-Phonemic3,,Manual-Fil-Phonemic3,train,asr_candidate,,complete,reviewed,,4.31,4.76,3.988,4.648,asr_energy_refined,3.988,8.012,Hey Delta Hey Delta,"[{""word"": ""Hey"", ""start"": 3.988, ""end"": 4.388, ""probability"": 0.7964}, {""word"": ""Delta"", ""start"": 4.388, ""end"": 4.648, ""probability"": 0.751}]",0.751,0.0,recording_owner,2026-09-25T00:00:00Z,owner: every utterance is Hey Delta,confirm_complete,False,asr_candidate_reviewed,True,0.09,0.4
Manual-Fil-Phonemic3#asr003,Manual-Fil-Phonemic3,data/positives/Manual-Fil-Phonemic3.wav,Manual-Fil-Phonemic3,,Manual-Fil-Phonemic3,train,asr_candidate,,complete,reviewed,implausible_duration,4.59,7.74,4.648,7.048,asr_energy_refined,3.988,8.012,Hey Delta Hey Delta,"[{""word"": ""Hey"", ""start"": 4.648, ""end"": 5.868, ""probability"": 0.387}, {""word"": ""Delta"", ""start"": 5.868, ""end"": 7.048, ""probability"": 0.9839}]",0.387,0.0,recording_owner,2026-09-25T00:00:00Z,owner: every utterance is Hey Delta,confirm_complete,False,asr_candidate_reviewed,True,0.09,0.4
Manual-Fil-Phonemic3#asr004,Manual-Fil-Phonemic3,data/positives/Manual-Fil-Phonemic3.wav,Manual-Fil-Phonemic3,,Manual-Fil-Phonemic3,train,asr_candidate,,complete,reviewed,,8.61,9.04,8.308,8.928,asr_energy_refined,8.308,9.9,Hey Delta!,"[{""word"": ""Hey"", ""start"": 8.308, ""end"": 8.668, ""probability"": 0.7129}, {""word"": ""Delta!"", ""start"": 8.668, ""end"": 8.928, ""probability"": 0.7676}]",0.7129,0.0,recording_owner,2026-09-25T00:00:00Z,owner: every utterance is Hey Delta,confirm_complete,False,asr_candidate_reviewed,True,0.09,0.4
Manual-Fil-Phonemic3#asr005,Manual-Fil-Phonemic3,data/positives/Manual-Fil-Phonemic3.wav,Manual-Fil-Phonemic3,,Manual-Fil-Phonemic3,train,asr_candidate,,complete,reviewed,,10.56,11.06,10.26,10.94,asr_energy_refined,10.26,11.884,"Hey, Delta.","[{""word"": ""Hey,"", ""start"": 10.26, ""end"": 10.64, ""probability"": 0.8105}, {""word"": ""Delta."", ""start"": 10.64, ""end"": 10.94, ""probability"": 0.9434}]",0.8105,0.0,recording_owner,2026-09-25T00:00:00Z,owner: every utterance is Hey Delta,confirm_complete,False,asr_candidate_reviewed,True,0.09,0.4
Manual-Fil-Phonemic3#asr006,Manual-Fil-Phonemic3,data/positives/Manual-Fil-Phonemic3.wav,Manual-Fil-Phonemic3,,Manual-Fil-Phonemic3,train,asr_candidate,,complete,reviewed,,12.6,13.13,12.372,13.012,asr_energy_refined,12.372,14.028,Hey Delta!,"[{""word"": ""Hey"", ""start"": 12.372, ""end"": 12.712, ""probability"": 0.6113}, {""word"": ""Delta!"", ""start"": 12.712, ""end"": 13.012, ""probability"": 0.6587}]",0.6113,0.0,recording_owner,2026-09-25T00:00:00Z,owner: every utterance is Hey Delta,confirm_complete,False,asr_candidate_reviewed,True,0.09,0.4
Manual-Fil-Phonemic3#asr007,Manual-Fil-Phonemic3,data/positives/Manual-Fil-Phonemic3.wav,Manual-Fil-Phonemic3,,Manual-Fil-Phonemic3,train,asr_candidate,,complete,reviewed,,15.15,15.54,14.836,15.456,asr_energy_refined,14.836,16.396,Hey Delta!,"[{""word"": ""Hey"", ""start"": 14.836, ""end"": 15.236, ""probability"": 0.7515}, {""word"": ""Delta!"", ""start"": 15.236, ""end"": 15.456, ""probability"": 0.8564}]",0.7515,0.0,recording_owner,2026-09-25T00:00:00Z,owner: every utterance is Hey Delta,confirm_complete,False,asr_candidate_reviewed,True,0.09,0.4
Manual-Fil-Phonemic3#asr008,Manual-Fil-Phonemic3,data/positives/Manual-Fil-Phonemic3.wav,Manual-Fil-Phonemic3,,Manual-Fil-Phonemic3,train,asr_candidate,,complete,reviewed,low_word_probability,17.82,18.81,17.556,18.116,asr_energy_refined,17.556,18.828,"Hey, Delta.","[{""word"": ""Hey,"", ""start"": 17.556, ""end"": 17.956, ""probability"": 0.1801}, {""word"": ""Delta."", ""start"": 17.956, ""end"": 18.116, ""probability"": 0.6914}]",0.1801,0.0,recording_owner,2026-09-25T00:00:00Z,owner: every utterance is Hey Delta,confirm_complete,False,asr_candidate_reviewed,True,0.09,0.4
Manual-Fil-Phonemic3#asr009,Manual-Fil-Phonemic3,data/positives/Manual-Fil-Phonemic3.wav,Manual-Fil-Phonemic3,,Manual-Fil-Phonemic3,train,asr_candidate,,complete,reviewed,,20.03,20.82,20.084,20.664,asr_energy_refined,20.084,21.58,Hey Delta!,"[{""word"": ""Hey"", ""start"": 20.084, ""end"": 20.444, ""probability"": 0.5132}, {""word"": ""Delta!"", ""start"": 20.444, ""end"": 20.664, ""probability"": 0.855}]",0.5132,0.0,recording_owner,2026-09-25T00:00:00Z,owner: every utterance is Hey Delta,confirm_complete,False,asr_candidate_reviewed,True,0.09,0.4
Manual-Fil-RPI1#asr000,Manual-Fil-RPI1,data/positives/Manual-Fil-RPI1.wav,Manual-Fil-RPI1,,Manual-Fil-RPI1,train,asr_candidate,,complete,reviewed,,0.47,1.03,0.0,0.92,asr_energy_refined,0.0,1.792,Hey Delta!,"[{""word"": ""Hey"", ""start"": 0.0, ""end"": 0.58, ""probability"": 0.8833}, {""word"": ""Delta!"", ""start"": 0.58, ""end"": 0.92, ""probability"": 0.8716}]",0.8716,0.0,recording_owner,2026-09-25T00:00:00Z,owner: one complete Hey Delta per clip,confirm_complete,False,asr_candidate_reviewed,True,0.09,0.4
Manual-Fil-RPI10#asr000,Manual-Fil-RPI10,data/positives/Manual-Fil-RPI10.wav,Manual-Fil-RPI10,,Manual-Fil-RPI10,train,asr_candidate,,unmatched_speech,removed,no_wakeword_text_in_positive_recording_speech,0.0,1.579,0.0,1.579,vad_chunk,0.0,1.579,Let's take that back.,"[{""word"": ""Let's"", ""start"": 0.0, ""end"": 0.44, ""probability"": 0.4934}, {""word"": ""take"", ""start"": 0.44, ""end"": 0.6, ""probability"": 0.6484}, {""word"": ""that"", ""start"": 0.6, ""end"": 0.82, ""probability"": 0.4399}, {""word"": ""back."", ""start"": 0.82, ""end"": 1.1, ""probability"": 0.2976}]",0.2976,0.7368,recording_owner,2026-09-25T00:00:00Z,superseded by human-marked bounds,remove,False,asr_candidate_reviewed,False,0.1,0.55
Manual-Fil-RPI11#asr000,Manual-Fil-RPI11,data/positives/Manual-Fil-RPI11.wav,Manual-Fil-RPI11,,Manual-Fil-RPI11,validation,asr_candidate,,unmatched_speech,removed,no_wakeword_text_in_positive_recording_speech,0.0,1.493,0.0,1.493,vad_chunk,0.0,1.493,Thank you.,"[{""word"": ""Thank"", ""start"": 0.4, ""end"": 0.68, ""probability"": 0.1251}, {""word"": ""you."", ""start"": 0.68, ""end"": 0.82, ""probability"": 0.9883}]",0.1251,1.0,recording_owner,2026-09-25T00:00:00Z,superseded by human-marked bounds,remove,False,asr_candidate_reviewed,False,0.1,0.55
Manual-Fil-RPI12#asr000,Manual-Fil-RPI12,data/positives/Manual-Fil-RPI12.wav,Manual-Fil-RPI12,,Manual-Fil-RPI12,train,asr_candidate,,complete,reviewed,,0.55,0.94,0.0,0.86,asr_energy_refined,0.0,1.483,Hey Delta!,"[{""word"": ""Hey"", ""start"": 0.0, ""end"": 0.6, ""probability"": 0.8081}, {""word"": ""Delta!"", ""start"": 0.6, ""end"": 0.86, ""probability"": 0.792}]",0.792,0.0,recording_owner,2026-09-25T00:00:00Z,owner: one complete Hey Delta per clip,confirm_complete,False,asr_candidate_reviewed,True,0.09,0.4
Manual-Fil-RPI14#asr000,Manual-Fil-RPI14,data/positives/Manual-Fil-RPI14.wav,Manual-Fil-RPI14,,Manual-Fil-RPI14,validation,asr_candidate,,complete,reviewed,,0.0,0.88,0.0,0.88,asr_energy_refined,0.0,1.429,"Hey, Delta.","[{""word"": ""Hey,"", ""start"": 0.0, ""end"": 0.68, ""probability"": 0.4343}, {""word"": ""Delta."", ""start"": 0.68, ""end"": 0.88, ""probability"": 0.3132}]",0.3132,0.0,recording_owner,2026-09-25T00:00:00Z,owner: one complete Hey Delta per clip,confirm_complete,False,asr_candidate_reviewed,True,0.09,0.4
Manual-Fil-RPI15#asr000,Manual-Fil-RPI15,data/positives/Manual-Fil-RPI15.wav,Manual-Fil-RPI15,,Manual-Fil-RPI15,validation,asr_candidate,,complete,reviewed,fuzzy_text_match,0.0,0.76,0.0,0.8,asr_energy_refined,0.0,1.472,3 Delta,"[{""word"": ""3"", ""start"": 0.0, ""end"": 0.46, ""probability"": 0.1458}, {""word"": ""Delta"", ""start"": 0.46, ""end"": 0.8, ""probability"": 0.7173}]",0.1458,0.3333,recording_owner,2026-09-25T00:00:00Z,owner: one complete Hey Delta per clip,confirm_complete,False,asr_candidate_reviewed,True,0.09,0.4
Manual-Fil-RPI16#asr000,Manual-Fil-RPI16,data/positives/Manual-Fil-RPI16.wav,Manual-Fil-RPI16,,Manual-Fil-RPI16,train,asr_candidate,,unmatched_speech,removed,no_wakeword_text_in_positive_recording_speech,0.0,1.696,0.0,1.696,vad_chunk,0.0,1.696,Thank you.,"[{""word"": ""Thank"", ""start"": 0.0, ""end"": 0.64, ""probability"": 0.1222}, {""word"": ""you."", ""start"": 0.64, ""end"": 0.84, ""probability"": 0.959}]",0.1222,1.0,recording_owner,2026-09-25T00:00:00Z,superseded by human-marked bounds,remove,False,asr_candidate_reviewed,False,0.1,0.55
Manual-Fil-RPI17#asr000,Manual-Fil-RPI17,data/positives/Manual-Fil-RPI17.wav,Manual-Fil-RPI17,,Manual-Fil-RPI17,train,asr_candidate,,unmatched_speech,removed,no_wakeword_text_in_positive_recording_speech,0.0,1.899,0.0,1.899,vad_chunk,0.0,1.899,Thank you.,"[{""word"": ""Thank"", ""start"": 0.0, ""end"": 0.88, ""probability"": 0.0676}, {""word"": ""you."", ""start"": 0.88, ""end"": 0.9, ""probability"": 0.9878}]",0.0676,1.0,recording_owner,2026-09-25T00:00:00Z,superseded by human-marked bounds,remove,False,asr_candidate_reviewed,False,0.1,0.55
Manual-Fil-RPI18#asr000,Manual-Fil-RPI18,data/positives/Manual-Fil-RPI18.wav,Manual-Fil-RPI18,,Manual-Fil-RPI18,train,asr_candidate,,unmatched_speech,removed,no_wakeword_text_in_positive_recording_speech,0.0,1.909,0.0,1.909,vad_chunk,0.0,1.909,Thank you.,"[{""word"": ""Thank"", ""start"": 0.0, ""end"": 0.92, ""probability"": 0.0729}, {""word"": ""you."", ""start"": 0.92, ""end"": 0.92, ""probability"": 0.9888}]",0.0729,1.0,recording_owner,2026-09-25T00:00:00Z,superseded by human-marked bounds,remove,False,asr_candidate_reviewed,False,0.1,0.55
Manual-Fil-RPI19#asr000,Manual-Fil-RPI19,data/positives/Manual-Fil-RPI19.wav,Manual-Fil-RPI19,,Manual-Fil-RPI19,validation,asr_candidate,,unmatched_speech,removed,no_wakeword_text_in_positive_recording_speech,0.0,1.195,0.0,1.195,vad_chunk,0.0,1.195,Thank you.,"[{""word"": ""Thank"", ""start"": 0.0, ""end"": 0.4, ""probability"": 0.084}, {""word"": ""you."", ""start"": 0.4, ""end"": 0.48, ""probability"": 0.9868}]",0.084,1.0,recording_owner,2026-09-25T00:00:00Z,superseded by owner clip-level label,remove,False,asr_candidate_reviewed,False,0.1,0.55
Manual-Fil-RPI2#asr000,Manual-Fil-RPI2,data/positives/Manual-Fil-RPI2.wav,Manual-Fil-RPI2,,Manual-Fil-RPI2,train,asr_candidate,,complete,reviewed,,0.0,1.14,0.0,1.02,asr_energy_refined,0.0,1.941,Hey Delta!,"[{""word"": ""Hey"", ""start"": 0.0, ""end"": 0.64, ""probability"": 0.7764}, {""word"": ""Delta!"", ""start"": 0.64, ""end"": 1.02, ""probability"": 0.7778}]",0.7764,0.0,recording_owner,2026-09-25T00:00:00Z,owner: one complete Hey Delta per clip,confirm_complete,False,asr_candidate_reviewed,True,0.09,0.4
Manual-Fil-RPI20#asr000,Manual-Fil-RPI20,data/positives/Manual-Fil-RPI20.wav,Manual-Fil-RPI20,,Manual-Fil-RPI20,test,asr_candidate,,unmatched_speech,removed,no_wakeword_text_in_positive_recording_speech,0.0,1.131,0.0,1.131,vad_chunk,0.0,1.131,Thank you.,"[{""word"": ""Thank"", ""start"": 0.26, ""end"": 0.46, ""probability"": 0.175}, {""word"": ""you."", ""start"": 0.46, ""end"": 0.56, ""probability"": 0.9473}]",0.175,1.0,recording_owner,2026-09-25T00:00:00Z,superseded by owner clip-level label,remove,False,asr_candidate_reviewed,False,0.1,0.55
Manual-Fil-RPI21#asr000,Manual-Fil-RPI21,data/positives/Manual-Fil-RPI21.wav,Manual-Fil-RPI21,,Manual-Fil-RPI21,test,asr_candidate,,unmatched_speech,removed,no_wakeword_text_in_positive_recording_speech,0.0,1.312,0.0,1.312,vad_chunk,0.0,1.312,Ignore the house.,"[{""word"": ""Ignore"", ""start"": 0.46, ""end"": 0.84, ""probability"": 0.5173}, {""word"": ""the"", ""start"": 0.84, ""end"": 0.86, ""probability"": 0.8071}, {""word"": ""house."", ""start"": 0.86, ""end"": 1.16, ""probability"": 0.1594}]",0.1594,0.875,recording_owner,2026-09-25T00:00:00Z,superseded by owner clip-level label,remove,False,asr_candidate_reviewed,False,0.1,0.55
Manual-Fil-RPI22#asr000,Manual-Fil-RPI22,data/positives/Manual-Fil-RPI22.wav,Manual-Fil-RPI22,,Manual-Fil-RPI22,test,asr_candidate,,complete,removed,,0.44,0.87,0.0,0.74,asr_energy_refined,0.0,1.323,Hey Delta,"[{""word"": ""Hey"", ""start"": 0.0, ""end"": 0.5, ""probability"": 0.8198}, {""word"": ""Delta"", ""start"": 0.5, ""end"": 0.74, ""probability"": 0.6201}]",0.6201,0.0,recording_owner,2026-09-25T00:00:00Z,superseded by owner clip-level label,remove,False,asr_candidate_reviewed,False,0.09,0.4
Manual-Fil-RPI23#asr000,Manual-Fil-RPI23,data/positives/Manual-Fil-RPI23.wav,Manual-Fil-RPI23,,Manual-Fil-RPI23,train,asr_candidate,,fuzzy_complete,removed,fuzzy_text_match,2.0,2.46,1.524,2.224,asr_energy_refined,1.524,8.14,"Hey, Darla. Hey, Darla. Hey, Darla.","[{""word"": ""Hey,"", ""start"": 1.524, ""end"": 1.864, ""probability"": 0.396}, {""word"": ""Darla."", ""start"": 1.864, ""end"": 2.224, ""probability"": 0.2507}]",0.2507,0.3333,recording_owner,2026-09-25T00:00:00Z,superseded by human-marked bounds,remove,False,asr_candidate_reviewed,False,0.09,0.4
Manual-Fil-RPI23#asr001,Manual-Fil-RPI23,data/positives/Manual-Fil-RPI23.wav,Manual-Fil-RPI23,,Manual-Fil-RPI23,train,asr_candidate,,fuzzy_complete,removed,fuzzy_text_match,2.27,3.25,2.324,3.544,asr_energy_refined,1.524,8.14,"Hey, Darla. Hey, Darla. Hey, Darla.","[{""word"": ""Hey,"", ""start"": 2.324, ""end"": 3.024, ""probability"": 0.9438}, {""word"": ""Darla."", ""start"": 3.144, ""end"": 3.544, ""probability"": 0.9485}]",0.9438,0.3333,recording_owner,2026-09-25T00:00:00Z,superseded by human-marked bounds,remove,False,asr_candidate_reviewed,False,0.09,0.4
Manual-Fil-RPI23#asr002,Manual-Fil-RPI23,data/positives/Manual-Fil-RPI23.wav,Manual-Fil-RPI23,,Manual-Fil-RPI23,train,asr_candidate,,fuzzy_complete,removed,fuzzy_text_match,3.884,5.224,3.884,5.224,asr_raw,1.524,8.14,"Hey, Darla. Hey, Darla. Hey, Darla.","[{""word"": ""Hey,"", ""start"": 3.884, ""end"": 4.584, ""probability"": 0.9868}, {""word"": ""Darla."", ""start"": 4.604, ""end"": 5.224, ""probability"": 0.9971}]",0.9868,0.3333,recording_owner,2026-09-25T00:00:00Z,superseded by human-marked bounds,remove,False,asr_candidate_reviewed,False,0.1,0.55
Manual-Fil-RPI23#asr003,Manual-Fil-RPI23,data/positives/Manual-Fil-RPI23.wav,Manual-Fil-RPI23,,Manual-Fil-RPI23,train,asr_candidate,,unmatched_speech,removed,no_wakeword_text_in_positive_recording_speech,10.932,13.536,10.932,13.536,vad_chunk,10.932,13.536,King Dog House. King Dog House.,"[{""word"": ""King"", ""start"": 10.932, ""end"": 11.192, ""probability"": 0.0216}, {""word"": ""Dog"", ""start"": 11.192, ""end"": 11.272, ""probability"": 0.5947}, {""word"": ""House."", ""start"": 11.272, ""end"": 11.652, ""probability"": 0.2378}, {""word"": ""King"", ""start"": 12.032, ""end"": 12.572, ""probability"": 0.9731}, {""word"": ""Dog"", ""start"": 12.572, ""end"": 12.852, ""probability"": 0.9883}, {""word"": ""House."", ""start"": 12.852, ""end"": 13.192, ""probability"": 0.6807}]",0.0216,0.8621,recording_owner,2026-09-25T00:00:00Z,superseded by human-marked bounds,remove,False,asr_candidate_reviewed,False,0.1,0.55
Manual-Fil-RPI24#asr000,Manual-Fil-RPI24,data/positives/Manual-Fil-RPI24.wav,Manual-Fil-RPI24,,Manual-Fil-RPI24,test,asr_candidate,,complete,reviewed,,0.58,0.98,0.0,0.9,asr_energy_refined,0.0,1.461,Hey Delta!,"[{""word"": ""Hey"", ""start"": 0.0, ""end"": 0.62, ""probability"": 0.7632}, {""word"": ""Delta!"", ""start"": 0.62, ""end"": 0.9, ""probability"": 0.811}]",0.7632,0.0,recording_owner,2026-09-25T00:00:00Z,owner: one complete Hey Delta per clip,confirm_complete,False,asr_candidate_reviewed,True,0.09,0.4
Manual-Fil-RPI25#asr000,Manual-Fil-RPI25,data/positives/Manual-Fil-RPI25.wav,Manual-Fil-RPI25,,Manual-Fil-RPI25,train,asr_candidate,,complete,reviewed,,2.98,3.31,2.54,3.26,asr_energy_refined,0.0,3.691,Hey Delta!,"[{""word"": ""Hey"", ""start"": 2.54, ""end"": 3.02, ""probability"": 0.7256}, {""word"": ""Delta!"", ""start"": 3.02, ""end"": 3.26, ""probability"": 0.8091}]",0.7256,0.0,recording_owner,2026-09-25T00:00:00Z,owner: one complete Hey Delta per clip,confirm_complete,False,asr_candidate_reviewed,True,0.09,0.4
Manual-Fil-RPI26#asr000,Manual-Fil-RPI26,data/positives/Manual-Fil-RPI26.wav,Manual-Fil-RPI26,,Manual-Fil-RPI26,train,asr_candidate,,complete,reviewed,,0.49,0.82,0.0,0.8,asr_energy_refined,0.0,1.803,"Hey, Delta.","[{""word"": ""Hey,"", ""start"": 0.0, ""end"": 0.58, ""probability"": 0.7524}, {""word"": ""Delta."", ""start"": 0.58, ""end"": 0.8, ""probability"": 0.8208}]",0.7524,0.0,recording_owner,2026-09-25T00:00:00Z,owner: one complete Hey Delta per clip,confirm_complete,False,asr_candidate_reviewed,True,0.09,0.4
Manual-Fil-RPI27#asr000,Manual-Fil-RPI27,data/positives/Manual-Fil-RPI27.wav,Manual-Fil-RPI27,,Manual-Fil-RPI27,train,asr_candidate,,complete,reviewed,,1.62,2.39,1.62,2.34,asr_energy_refined,0.0,2.731,Hey Delta!,"[{""word"": ""Hey"", ""start"": 1.62, ""end"": 2.1, ""probability"": 0.6753}, {""word"": ""Delta!"", ""start"": 2.1, ""end"": 2.34, ""probability"": 0.7603}]",0.6753,0.0,recording_owner,2026-09-25T00:00:00Z,owner: one complete Hey Delta per clip,confirm_complete,False,asr_candidate_reviewed,True,0.09,0.4
Manual-Fil-RPI28#asr000,Manual-Fil-RPI28,data/positives/Manual-Fil-RPI28.wav,Manual-Fil-RPI28,,Manual-Fil-RPI28,train,asr_candidate,,complete,reviewed,,0.0,1.14,0.0,1.1,asr_energy_refined,0.0,2.965,Hey Delta!,"[{""word"": ""Hey"", ""start"": 0.0, ""end"": 0.86, ""probability"": 0.79}, {""word"": ""Delta!"", ""start"": 0.86, ""end"": 1.1, ""probability"": 0.7095}]",0.7095,0.0,recording_owner,2026-09-25T00:00:00Z,owner: one complete Hey Delta per clip,confirm_complete,False,asr_candidate_reviewed,True,0.09,0.4
Manual-Fil-RPI29#asr000,Manual-Fil-RPI29,data/positives/Manual-Fil-RPI29.wav,Manual-Fil-RPI29,,Manual-Fil-RPI29,validation,asr_candidate,,unmatched_speech,removed,no_wakeword_text_in_positive_recording_speech,0.0,1.653,0.0,1.653,vad_chunk,0.0,1.653,"See you, boy.","[{""word"": ""See"", ""start"": 0.0, ""end"": 0.54, ""probability"": 0.0602}, {""word"": ""you,"", ""start"": 0.54, ""end"": 0.58, ""probability"": 0.7539}, {""word"": ""boy."", ""start"": 0.74, ""end"": 0.88, ""probability"": 0.5698}]",0.0602,0.8182,recording_owner,2026-09-25T00:00:00Z,superseded by human-marked bounds,remove,False,asr_candidate_reviewed,False,0.1,0.55
Manual-Fil-RPI3#asr000,Manual-Fil-RPI3,data/positives/Manual-Fil-RPI3.wav,Manual-Fil-RPI3,,Manual-Fil-RPI3,validation,asr_candidate,,complete,reviewed,,0.49,0.93,0.0,0.82,asr_energy_refined,0.0,1.568,Hey Delta!,"[{""word"": ""Hey"", ""start"": 0.0, ""end"": 0.54, ""probability"": 0.7778}, {""word"": ""Delta!"", ""start"": 0.54, ""end"": 0.82, ""probability"": 0.8223}]",0.7778,0.0,recording_owner,2026-09-25T00:00:00Z,owner: one complete Hey Delta per clip,confirm_complete,False,asr_candidate_reviewed,True,0.09,0.4
Manual-Fil-RPI30#asr000,Manual-Fil-RPI30,data/positives/Manual-Fil-RPI30.wav,Manual-Fil-RPI30,,Manual-Fil-RPI30,train,asr_candidate,,unmatched_speech,removed,no_wakeword_text_in_positive_recording_speech,0.0,1.696,0.0,1.696,vad_chunk,0.0,1.696,,[],,1.0,recording_owner,2026-09-25T00:00:00Z,superseded by human-marked bounds,remove,False,asr_candidate_reviewed,False,0.1,0.55
Manual-Fil-RPI31#asr000,Manual-Fil-RPI31,data/positives/Manual-Fil-RPI31.wav,Manual-Fil-RPI31,,Manual-Fil-RPI31,train,asr_candidate,,unmatched_speech,removed,no_wakeword_text_in_positive_recording_speech,0.0,2.112,0.0,2.112,vad_chunk,0.0,2.112,Thank you.,"[{""word"": ""Thank"", ""start"": 0.0, ""end"": 0.66, ""probability"": 0.065}, {""word"": ""you."", ""start"": 0.66, ""end"": 0.88, ""probability"": 0.9795}]",0.065,1.0,recording_owner,2026-09-25T00:00:00Z,superseded by human-marked bounds,remove,False,asr_candidate_reviewed,False,0.1,0.55
Manual-Fil-RPI32#asr000,Manual-Fil-RPI32,data/positives/Manual-Fil-RPI32.wav,Manual-Fil-RPI32,,Manual-Fil-RPI32,train,asr_candidate,,unmatched_speech,removed,no_wakeword_text_in_positive_recording_speech,0.0,2.155,0.0,2.155,vad_chunk,0.0,2.155,Thank you.,"[{""word"": ""Thank"", ""start"": 0.0, ""end"": 0.5, ""probability"": 0.0757}, {""word"": ""you."", ""start"": 0.5, ""end"": 0.88, ""probability"": 0.9658}]",0.0757,1.0,recording_owner,2026-09-25T00:00:00Z,superseded by human-marked bounds,remove,False,asr_candidate_reviewed,False,0.1,0.55
Manual-Fil-RPI33#asr000,Manual-Fil-RPI33,data/positives/Manual-Fil-RPI33.wav,Manual-Fil-RPI33,,Manual-Fil-RPI33,test,asr_candidate,,unmatched_speech,removed,no_wakeword_text_in_positive_recording_speech,0.0,1.589,0.0,1.589,vad_chunk,0.0,1.589,Thank you for watching.,"[{""word"": ""Thank"", ""start"": 0.0, ""end"": 0.64, ""probability"": 0.0718}, {""word"": ""you"", ""start"": 0.64, ""end"": 0.66, ""probability"": 0.98}, {""word"": ""for"", ""start"": 0.66, ""end"": 0.88, ""probability"": 0.0607}, {""word"": ""watching."", ""start"": 0.88, ""end"": 1.1, ""probability"": 0.874}]",0.0607,0.8182,recording_owner,2026-09-25T00:00:00Z,superseded by human-marked bounds,remove,False,asr_candidate_reviewed,False,0.1,0.55
Manual-Fil-RPI34#asr000,Manual-Fil-RPI34,data/positives/Manual-Fil-RPI34.wav,Manual-Fil-RPI34,,Manual-Fil-RPI34,train,asr_candidate,,unmatched_speech,removed,no_wakeword_text_in_positive_recording_speech,0.0,1.771,0.0,1.771,vad_chunk,0.0,1.771,"Thank you, Opa.","[{""word"": ""Thank"", ""start"": 0.0, ""end"": 0.74, ""probability"": 0.4258}, {""word"": ""you,"", ""start"": 0.74, ""end"": 0.98, ""probability"": 0.9507}, {""word"": ""Opa."", ""start"": 0.98, ""end"": 1.28, ""probability"": 0.491}]",0.4258,0.7692,recording_owner,2026-09-25T00:00:00Z,superseded by human-marked bounds,remove,False,asr_candidate_reviewed,False,0.1,0.55
Manual-Fil-RPI35#asr000,Manual-Fil-RPI35,data/positives/Manual-Fil-RPI35.wav,Manual-Fil-RPI35,,Manual-Fil-RPI35,train,asr_candidate,,unmatched_speech,removed,no_wakeword_text_in_positive_recording_speech,0.0,1.877,0.0,1.877,vad_chunk,0.0,1.877,Thank you.,"[{""word"": ""Thank"", ""start"": 0.4, ""end"": 0.6, ""probability"": 0.1053}, {""word"": ""you."", ""start"": 0.6, ""end"": 0.7, ""probability"": 0.9873}]",0.1053,1.0,recording_owner,2026-09-25T00:00:00Z,superseded by human-marked bounds,remove,False,asr_candidate_reviewed,False,0.1,0.55
Manual-Fil-RPI36#asr000,Manual-Fil-RPI36,data/positives/Manual-Fil-RPI36.wav,Manual-Fil-RPI36,,Manual-Fil-RPI36,train,asr_candidate,,complete,reviewed,,0.59,1.04,0.0,1.02,asr_energy_refined,0.0,1.664,Hey Delta!,"[{""word"": ""Hey"", ""start"": 0.0, ""end"": 0.64, ""probability"": 0.6899}, {""word"": ""Delta!"", ""start"": 0.64, ""end"": 1.02, ""probability"": 0.8013}]",0.6899,0.0,recording_owner,2026-09-25T00:00:00Z,owner: one complete Hey Delta per clip,confirm_complete,False,asr_candidate_reviewed,True,0.09,0.4
Manual-Fil-RPI37#asr000,Manual-Fil-RPI37,data/positives/Manual-Fil-RPI37.wav,Manual-Fil-RPI37,,Manual-Fil-RPI37,train,asr_candidate,,complete,reviewed,,0.41,0.89,0.0,0.8,asr_energy_refined,0.0,1.685,Hey Delta,"[{""word"": ""Hey"", ""start"": 0.0, ""end"": 0.48, ""probability"": 0.8257}, {""word"": ""Delta"", ""start"": 0.48, ""end"": 0.8, ""probability"": 0.4001}]",0.4001,0.0,recording_owner,2026-09-25T00:00:00Z,owner: one complete Hey Delta per clip,confirm_complete,False,asr_candidate_reviewed,True,0.09,0.4
Manual-Fil-RPI38#asr000,Manual-Fil-RPI38,data/positives/Manual-Fil-RPI38.wav,Manual-Fil-RPI38,,Manual-Fil-RPI38,train,asr_candidate,,complete,reviewed,,0.0,1.16,0.0,1.12,asr_energy_refined,0.0,2.048,Hey Delta!,"[{""word"": ""Hey"", ""start"": 0.0, ""end"": 0.84, ""probability"": 0.7388}, {""word"": ""Delta!"", ""start"": 0.84, ""end"": 1.12, ""probability"": 0.7407}]",0.7388,0.0,recording_owner,2026-09-25T00:00:00Z,owner: one complete Hey Delta per clip,confirm_complete,False,asr_candidate_reviewed,True,0.09,0.4
Manual-Fil-RPI39#asr000,Manual-Fil-RPI39,data/positives/Manual-Fil-RPI39.wav,Manual-Fil-RPI39,,Manual-Fil-RPI39,train,asr_candidate,,complete,reviewed,low_word_probability,0.0,1.39,0.0,1.3,asr_energy_refined,0.0,2.261,Hey Delta!,"[{""word"": ""Hey"", ""start"": 0.0, ""end"": 1.04, ""probability"": 0.2683}, {""word"": ""Delta!"", ""start"": 1.04, ""end"": 1.3, ""probability"": 0.7251}]",0.2683,0.0,recording_owner,2026-09-25T00:00:00Z,owner: one complete Hey Delta per clip,confirm_complete,False,asr_candidate_reviewed,True,0.09,0.4
Manual-Fil-RPI4#asr000,Manual-Fil-RPI4,data/positives/Manual-Fil-RPI4.wav,Manual-Fil-RPI4,,Manual-Fil-RPI4,train,asr_candidate,,complete,removed,,0.37,0.79,0.0,0.68,asr_energy_refined,0.0,1.323,Hey Delta!,"[{""word"": ""Hey"", ""start"": 0.0, ""end"": 0.42, ""probability"": 0.8516}, {""word"": ""Delta!"", ""start"": 0.42, ""end"": 0.68, ""probability"": 0.7603}]",0.7603,0.0,recording_owner,2026-09-25T00:00:00Z,superseded by owner clip-level label,remove,False,asr_candidate_reviewed,False,0.09,0.4
Manual-Fil-RPI41#asr000,Manual-Fil-RPI41,data/positives/Manual-Fil-RPI41.wav,Manual-Fil-RPI41,,Manual-Fil-RPI41,train,asr_candidate,,unmatched_speech,removed,no_wakeword_text_in_positive_recording_speech,0.0,2.677,0.0,2.677,vad_chunk,0.0,2.677,,[],,1.0,recording_owner,2026-09-25T00:00:00Z,superseded by human-marked bounds,remove,False,asr_candidate_reviewed,False,0.1,0.55
Manual-Fil-RPI42#asr000,Manual-Fil-RPI42,data/positives/Manual-Fil-RPI42.wav,Manual-Fil-RPI42,,Manual-Fil-RPI42,train,asr_candidate,,unmatched_speech,removed,no_wakeword_text_in_positive_recording_speech,0.0,1.675,0.0,1.675,vad_chunk,0.0,1.675,Thank you.,"[{""word"": ""Thank"", ""start"": 0.44, ""end"": 0.72, ""probability"": 0.1326}, {""word"": ""you."", ""start"": 0.72, ""end"": 0.86, ""probability"": 0.9844}]",0.1326,1.0,recording_owner,2026-09-25T00:00:00Z,superseded by human-marked bounds,remove,False,asr_candidate_reviewed,False,0.1,0.55
Manual-Fil-RPI43#asr000,Manual-Fil-RPI43,data/positives/Manual-Fil-RPI43.wav,Manual-Fil-RPI43,,Manual-Fil-RPI43,train,asr_candidate,,unmatched_speech,removed,no_wakeword_text_in_positive_recording_speech,0.0,1.685,0.0,1.685,vad_chunk,0.0,1.685,Thank you.,"[{""word"": ""Thank"", ""start"": 0.44, ""end"": 0.72, ""probability"": 0.1318}, {""word"": ""you."", ""start"": 0.72, ""end"": 0.8, ""probability"": 0.9478}]",0.1318,1.0,recording_owner,2026-09-25T00:00:00Z,superseded by human-marked bounds,remove,False,asr_candidate_reviewed,False,0.1,0.55
Manual-Fil-RPI44#asr000,Manual-Fil-RPI44,data/positives/Manual-Fil-RPI44.wav,Manual-Fil-RPI44,,Manual-Fil-RPI44,train,asr_candidate,,complete,reviewed,,0.0,1.31,0.0,1.28,asr_energy_refined,0.0,2.347,Hey Delta!,"[{""word"": ""Hey"", ""start"": 0.0, ""end"": 1.04, ""probability"": 0.5605}, {""word"": ""Delta!"", ""start"": 1.04, ""end"": 1.28, ""probability"": 0.8369}]",0.5605,0.0,recording_owner,2026-09-25T00:00:00Z,owner: one complete Hey Delta per clip,confirm_complete,False,asr_candidate_reviewed,True,0.09,0.4
Manual-Fil-RPI45#asr000,Manual-Fil-RPI45,data/positives/Manual-Fil-RPI45.wav,Manual-Fil-RPI45,,Manual-Fil-RPI45,test,asr_candidate,,unmatched_speech,removed,no_wakeword_text_in_positive_recording_speech,0.0,1.557,0.0,1.557,vad_chunk,0.0,1.557,Thank you.,"[{""word"": ""Thank"", ""start"": 0.0, ""end"": 0.52, ""probability"": 0.0787}, {""word"": ""you."", ""start"": 0.52, ""end"": 0.52, ""probability"": 0.9849}]",0.0787,1.0,recording_owner,2026-09-25T00:00:00Z,superseded by human-marked bounds,remove,False,asr_candidate_reviewed,False,0.1,0.55
Manual-Fil-RPI46#asr000,Manual-Fil-RPI46,data/positives/Manual-Fil-RPI46.wav,Manual-Fil-RPI46,,Manual-Fil-RPI46,train,asr_candidate,,complete,reviewed,,0.0,1.17,0.0,1.08,asr_energy_refined,0.0,2.496,Hey Delta!,"[{""word"": ""Hey"", ""start"": 0.0, ""end"": 0.78, ""probability"": 0.7031}, {""word"": ""Delta!"", ""start"": 0.78, ""end"": 1.08, ""probability"": 0.792}]",0.7031,0.0,recording_owner,2026-09-25T00:00:00Z,owner: one complete Hey Delta per clip,confirm_complete,False,asr_candidate_reviewed,True,0.09,0.4
Manual-Fil-RPI47#asr000,Manual-Fil-RPI47,data/positives/Manual-Fil-RPI47.wav,Manual-Fil-RPI47,,Manual-Fil-RPI47,train,asr_candidate,,unmatched_speech,removed,no_wakeword_text_in_positive_recording_speech,0.0,2.091,0.0,2.091,vad_chunk,0.0,2.091,Thank you.,"[{""word"": ""Thank"", ""start"": 0.0, ""end"": 0.66, ""probability"": 0.0791}, {""word"": ""you."", ""start"": 0.66, ""end"": 0.86, ""probability"": 0.9795}]",0.0791,1.0,recording_owner,2026-09-25T00:00:00Z,superseded by human-marked bounds,remove,False,asr_candidate_reviewed,False,0.1,0.55
Manual-Fil-RPI48#asr000,Manual-Fil-RPI48,data/positives/Manual-Fil-RPI48.wav,Manual-Fil-RPI48,,Manual-Fil-RPI48,train,asr_candidate,,unmatched_speech,removed,no_wakeword_text_in_positive_recording_speech,0.0,2.08,0.0,2.08,vad_chunk,0.0,2.08,Thank you.,"[{""word"": ""Thank"", ""start"": 0.0, ""end"": 0.62, ""probability"": 0.0888}, {""word"": ""you."", ""start"": 0.62, ""end"": 0.82, ""probability"": 0.979}]",0.0888,1.0,recording_owner,2026-09-25T00:00:00Z,superseded by human-marked bounds,remove,False,asr_candidate_reviewed,False,0.1,0.55
Manual-Fil-RPI49#asr000,Manual-Fil-RPI49,data/positives/Manual-Fil-RPI49.wav,Manual-Fil-RPI49,,Manual-Fil-RPI49,train,asr_candidate,,unmatched_speech,removed,no_wakeword_text_in_positive_recording_speech,0.0,1.963,0.0,1.963,vad_chunk,0.0,1.963,Thank you.,"[{""word"": ""Thank"", ""start"": 0.0, ""end"": 0.34, ""probability"": 0.0748}, {""word"": ""you."", ""start"": 0.34, ""end"": 0.34, ""probability"": 0.9888}]",0.0748,1.0,recording_owner,2026-09-25T00:00:00Z,superseded by human-marked bounds,remove,False,asr_candidate_reviewed,False,0.1,0.55
Manual-Fil-RPI5#asr000,Manual-Fil-RPI5,data/positives/Manual-Fil-RPI5.wav,Manual-Fil-RPI5,,Manual-Fil-RPI5,test,asr_candidate,,complete,reviewed,,0.0,1.01,0.0,0.92,asr_energy_refined,0.0,1.621,Hey Delta!,"[{""word"": ""Hey"", ""start"": 0.0, ""end"": 0.6, ""probability"": 0.7598}, {""word"": ""Delta!"", ""start"": 0.6, ""end"": 0.92, ""probability"": 0.8208}]",0.7598,0.0,recording_owner,2026-09-25T00:00:00Z,owner: one complete Hey Delta per clip,confirm_complete,False,asr_candidate_reviewed,True,0.09,0.4
Manual-Fil-RPI50#asr000,Manual-Fil-RPI50,data/positives/Manual-Fil-RPI50.wav,Manual-Fil-RPI50,,Manual-Fil-RPI50,train,asr_candidate,,partial_fragment,removed,isolated_first_token,0.0,1.14,0.0,1.14,asr_raw,0.0,2.155,Hey doctor!,"[{""word"": ""Hey"", ""start"": 0.0, ""end"": 1.14, ""probability"": 0.4827}]",0.4827,0.0,recording_owner,2026-09-25T00:00:00Z,superseded by human-marked bounds,remove,False,asr_candidate_reviewed,False,0.1,0.55
Manual-Fil-RPI50#asr001,Manual-Fil-RPI50,data/positives/Manual-Fil-RPI50.wav,Manual-Fil-RPI50,,Manual-Fil-RPI50,train,asr_candidate,,unmatched_speech,removed,no_wakeword_text_in_positive_recording_speech,0.0,2.155,0.0,2.155,vad_chunk,0.0,2.155,Hey doctor!,"[{""word"": ""Hey"", ""start"": 0.0, ""end"": 1.14, ""probability"": 0.4827}, {""word"": ""doctor!"", ""start"": 1.14, ""end"": 1.38, ""probability"": 0.7637}]",0.4827,0.4,recording_owner,2026-09-25T00:00:00Z,superseded by human-marked bounds,remove,False,asr_candidate_reviewed,False,0.1,0.55
Manual-Fil-RPI51#asr000,Manual-Fil-RPI51,data/positives/Manual-Fil-RPI51.wav,Manual-Fil-RPI51,,Manual-Fil-RPI51,train,asr_candidate,,unmatched_speech,removed,no_wakeword_text_in_positive_recording_speech,0.0,1.856,0.0,1.856,vad_chunk,0.0,1.856,Thank you.,"[{""word"": ""Thank"", ""start"": 0.0, ""end"": 0.68, ""probability"": 0.1298}, {""word"": ""you."", ""start"": 0.68, ""end"": 0.68, ""probability"": 0.9897}]",0.1298,1.0,recording_owner,2026-09-25T00:00:00Z,superseded by human-marked bounds,remove,False,asr_candidate_reviewed,False,0.1,0.55
Manual-Fil-RPI52#asr000,Manual-Fil-RPI52,data/positives/Manual-Fil-RPI52.wav,Manual-Fil-RPI52,,Manual-Fil-RPI52,train,asr_candidate,,unmatched_speech,removed,no_wakeword_text_in_positive_recording_speech,0.0,1.792,0.0,1.792,vad_chunk,0.0,1.792,Thank you.,"[{""word"": ""Thank"", ""start"": 0.0, ""end"": 0.76, ""probability"": 0.0813}, {""word"": ""you."", ""start"": 0.76, ""end"": 0.76, ""probability"": 0.9917}]",0.0813,1.0,recording_owner,2026-09-25T00:00:00Z,superseded by human-marked bounds,remove,False,asr_candidate_reviewed,False,0.1,0.55
Manual-Fil-RPI53#asr000,Manual-Fil-RPI53,data/positives/Manual-Fil-RPI53.wav,Manual-Fil-RPI53,,Manual-Fil-RPI53,train,asr_candidate,,unmatched_speech,removed,no_wakeword_text_in_positive_recording_speech,0.0,1.856,0.0,1.856,vad_chunk,0.0,1.856,Thank you.,"[{""word"": ""Thank"", ""start"": 0.46, ""end"": 0.86, ""probability"": 0.0675}, {""word"": ""you."", ""start"": 0.86, ""end"": 1.06, ""probability"": 0.9912}]",0.0675,1.0,recording_owner,2026-09-25T00:00:00Z,superseded by human-marked bounds,remove,False,asr_candidate_reviewed,False,0.1,0.55
Manual-Fil-RPI54#asr000,Manual-Fil-RPI54,data/positives/Manual-Fil-RPI54.wav,Manual-Fil-RPI54,,Manual-Fil-RPI54,train,asr_candidate,,unmatched_speech,removed,no_wakeword_text_in_positive_recording_speech,0.0,2.101,0.0,2.101,vad_chunk,0.0,2.101,Thank you.,"[{""word"": ""Thank"", ""start"": 0.0, ""end"": 1.08, ""probability"": 0.0873}, {""word"": ""you."", ""start"": 1.08, ""end"": 1.62, ""probability"": 0.9907}]",0.0873,1.0,recording_owner,2026-09-25T00:00:00Z,superseded by human-marked bounds,remove,False,asr_candidate_reviewed,False,0.1,0.55
Manual-Fil-RPI55#asr000,Manual-Fil-RPI55,data/positives/Manual-Fil-RPI55.wav,Manual-Fil-RPI55,,Manual-Fil-RPI55,train,asr_candidate,,unmatched_speech,removed,no_wakeword_text_in_positive_recording_speech,0.0,1.803,0.0,1.803,vad_chunk,0.0,1.803,Thank you.,"[{""word"": ""Thank"", ""start"": 0.0, ""end"": 0.62, ""probability"": 0.0517}, {""word"": ""you."", ""start"": 0.62, ""end"": 0.72, ""probability"": 0.9883}]",0.0517,1.0,recording_owner,2026-09-25T00:00:00Z,superseded by human-marked bounds,remove,False,asr_candidate_reviewed,False,0.1,0.55
Manual-Fil-RPI56#asr000,Manual-Fil-RPI56,data/positives/Manual-Fil-RPI56.wav,Manual-Fil-RPI56,,Manual-Fil-RPI56,train,asr_candidate,,unmatched_speech,removed,no_wakeword_text_in_positive_recording_speech,0.0,1.557,0.0,1.557,vad_chunk,0.0,1.557,,[],,1.0,recording_owner,2026-09-25T00:00:00Z,superseded by human-marked bounds,remove,False,asr_candidate_reviewed,False,0.1,0.55
Manual-Fil-RPI57#asr000,Manual-Fil-RPI57,data/positives/Manual-Fil-RPI57.wav,Manual-Fil-RPI57,,Manual-Fil-RPI57,train,asr_candidate,,unmatched_speech,removed,no_wakeword_text_in_positive_recording_speech,0.0,1.973,0.0,1.973,vad_chunk,0.0,1.973,Thank you.,"[{""word"": ""Thank"", ""start"": 0.0, ""end"": 0.62, ""probability"": 0.1288}, {""word"": ""you."", ""start"": 0.62, ""end"": 0.84, ""probability"": 0.9878}]",0.1288,1.0,recording_owner,2026-09-25T00:00:00Z,superseded by human-marked bounds,remove,False,asr_candidate_reviewed,False,0.1,0.55
Manual-Fil-RPI58#asr000,Manual-Fil-RPI58,data/positives/Manual-Fil-RPI58.wav,Manual-Fil-RPI58,,Manual-Fil-RPI58,train,asr_candidate,,unmatched_speech,removed,no_wakeword_text_in_positive_recording_speech,0.0,1.664,0.0,1.664,vad_chunk,0.0,1.664,Thank you.,"[{""word"": ""Thank"", ""start"": 0.0, ""end"": 0.64, ""probability"": 0.1882}, {""word"": ""you."", ""start"": 0.64, ""end"": 0.92, ""probability"": 0.9927}]",0.1882,1.0,recording_owner,2026-09-25T00:00:00Z,superseded by human-marked bounds,remove,False,asr_candidate_reviewed,False,0.1,0.55
Manual-Fil-RPI59#asr000,Manual-Fil-RPI59,data/positives/Manual-Fil-RPI59.wav,Manual-Fil-RPI59,,Manual-Fil-RPI59,train,asr_candidate,,unmatched_speech,removed,no_wakeword_text_in_positive_recording_speech,0.0,1.92,0.0,1.92,vad_chunk,0.0,1.92,Thank you.,"[{""word"": ""Thank"", ""start"": 0.0, ""end"": 0.14, ""probability"": 0.0775}, {""word"": ""you."", ""start"": 0.14, ""end"": 0.14, ""probability"": 0.9912}]",0.0775,1.0,recording_owner,2026-09-25T00:00:00Z,superseded by human-marked bounds,remove,False,asr_candidate_reviewed,False,0.1,0.55
Manual-Fil-RPI6#asr000,Manual-Fil-RPI6,data/positives/Manual-Fil-RPI6.wav,Manual-Fil-RPI6,,Manual-Fil-RPI6,validation,asr_candidate,,complete,removed,,0.4,0.84,0.0,0.7,asr_energy_refined,0.0,1.387,Hey Delta!,"[{""word"": ""Hey"", ""start"": 0.0, ""end"": 0.46, ""probability"": 0.8076}, {""word"": ""Delta!"", ""start"": 0.46, ""end"": 0.7, ""probability"": 0.7915}]",0.7915,0.0,recording_owner,2026-09-25T00:00:00Z,superseded by owner clip-level label,remove,False,asr_candidate_reviewed,False,0.09,0.4
Manual-Fil-RPI60#asr000,Manual-Fil-RPI60,data/positives/Manual-Fil-RPI60.wav,Manual-Fil-RPI60,,Manual-Fil-RPI60,validation,asr_candidate,,unmatched_speech,removed,no_wakeword_text_in_positive_recording_speech,0.0,1.579,0.0,1.579,vad_chunk,0.0,1.579,Thank you.,"[{""word"": ""Thank"", ""start"": 0.0, ""end"": 0.54, ""probability"": 0.0809}, {""word"": ""you."", ""start"": 0.54, ""end"": 0.74, ""probability"": 0.9707}]",0.0809,1.0,recording_owner,2026-09-25T00:00:00Z,superseded by human-marked bounds,remove,False,asr_candidate_reviewed,False,0.1,0.55
Manual-Fil-RPI61#asr000,Manual-Fil-RPI61,data/positives/Manual-Fil-RPI61.wav,Manual-Fil-RPI61,,Manual-Fil-RPI61,train,asr_candidate,,unmatched_speech,removed,no_wakeword_text_in_positive_recording_speech,0.0,1.899,0.0,1.899,vad_chunk,0.0,1.899,Thank you.,"[{""word"": ""Thank"", ""start"": 0.0, ""end"": 0.32, ""probability"": 0.0969}, {""word"": ""you."", ""start"": 0.32, ""end"": 0.34, ""probability"": 0.9912}]",0.0969,1.0,recording_owner,2026-09-25T00:00:00Z,superseded by human-marked bounds,remove,False,asr_candidate_reviewed,False,0.1,0.55
Manual-Fil-RPI62#asr000,Manual-Fil-RPI62,data/positives/Manual-Fil-RPI62.wav,Manual-Fil-RPI62,,Manual-Fil-RPI62,train,asr_candidate,,complete,reviewed,,0.0,0.65,0.0,0.86,asr_energy_refined,0.0,1.44,Hey Delta,"[{""word"": ""Hey"", ""start"": 0.0, ""end"": 0.6, ""probability"": 0.6157}, {""word"": ""Delta"", ""start"": 0.6, ""end"": 0.86, ""probability"": 0.8223}]",0.6157,0.0,recording_owner,2026-09-25T00:00:00Z,owner: one complete Hey Delta per clip,confirm_complete,False,asr_candidate_reviewed,True,0.09,0.4
Manual-Fil-RPI63#asr000,Manual-Fil-RPI63,data/positives/Manual-Fil-RPI63.wav,Manual-Fil-RPI63,,Manual-Fil-RPI63,train,asr_candidate,,complete,reviewed,,0.0,0.89,0.0,0.8,asr_energy_refined,0.0,1.589,Hey Delta,"[{""word"": ""Hey"", ""start"": 0.0, ""end"": 0.52, ""probability"": 0.7935}, {""word"": ""Delta"", ""start"": 0.52, ""end"": 0.8, ""probability"": 0.6836}]",0.6836,0.0,recording_owner,2026-09-25T00:00:00Z,owner: one complete Hey Delta per clip,confirm_complete,False,asr_candidate_reviewed,True,0.09,0.4
Manual-Fil-RPI64#asr000,Manual-Fil-RPI64,data/positives/Manual-Fil-RPI64.wav,Manual-Fil-RPI64,,Manual-Fil-RPI64,test,asr_candidate,,complete,reviewed,,0.0,0.84,0.0,0.84,asr_raw,0.0,1.429,Hey Delta,"[{""word"": ""Hey"", ""start"": 0.0, ""end"": 0.62, ""probability"": 0.4729}, {""word"": ""Delta"", ""start"": 0.62, ""end"": 0.84, ""probability"": 0.9258}]",0.4729,0.0,recording_owner,2026-09-25T00:00:00Z,owner: one complete Hey Delta per clip,confirm_complete,False,asr_candidate_reviewed,True,0.1,0.55
Manual-Fil-RPI65#asr000,Manual-Fil-RPI65,data/positives/Manual-Fil-RPI65.wav,Manual-Fil-RPI65,,Manual-Fil-RPI65,train,asr_candidate,,complete,removed,,0.084,1.19,0.084,1.084,asr_energy_refined,0.084,5.836,"Hey, Delta. Hey, Delta.","[{""word"": ""Hey,"", ""start"": 0.084, ""end"": 0.724, ""probability"": 0.5259}, {""word"": ""Delta."", ""start"": 0.824, ""end"": 1.084, ""probability"": 0.8896}]",0.5259,0.0,recording_owner,2026-09-25T00:00:00Z,superseded by human-marked bounds,remove,False,asr_candidate_reviewed,False,0.09,0.4
Manual-Fil-RPI65#asr001,Manual-Fil-RPI65,data/positives/Manual-Fil-RPI65.wav,Manual-Fil-RPI65,,Manual-Fil-RPI65,train,asr_candidate,,complete,removed,large_inter_word_gap;implausible_duration,1.524,4.34,1.524,4.304,asr_energy_refined,0.084,5.836,"Hey, Delta. Hey, Delta.","[{""word"": ""Hey,"", ""start"": 1.524, ""end"": 2.464, ""probability"": 0.9692}, {""word"": ""Delta."", ""start"": 3.424, ""end"": 4.304, ""probability"": 0.9961}]",0.9692,0.0,recording_owner,2026-09-25T00:00:00Z,superseded by human-marked bounds,remove,False,asr_candidate_reviewed,False,0.09,0.4
Manual-Fil-RPI65#asr002,Manual-Fil-RPI65,data/positives/Manual-Fil-RPI65.wav,Manual-Fil-RPI65,,Manual-Fil-RPI65,train,asr_candidate,,complete,removed,low_word_probability,5.876,6.9,5.876,6.876,asr_energy_refined,5.876,11.532,Hey Delta In your words Hey Delta,"[{""word"": ""Hey"", ""start"": 5.876, ""end"": 6.756, ""probability"": 0.2722}, {""word"": ""Delta"", ""start"": 6.756, ""end"": 6.876, ""probability"": 0.7686}]",0.2722,0.0,recording_owner,2026-09-25T00:00:00Z,superseded by human-marked bounds,remove,False,asr_candidate_reviewed,False,0.09,0.4
Manual-Fil-RPI65#asr003,Manual-Fil-RPI65,data/positives/Manual-Fil-RPI65.wav,Manual-Fil-RPI65,,Manual-Fil-RPI65,train,asr_candidate,,complete,removed,low_word_probability,8.476,10.05,8.476,10.016,asr_energy_refined,5.876,11.532,Hey Delta In your words Hey Delta,"[{""word"": ""Hey"", ""start"": 8.476, ""end"": 9.036, ""probability"": 0.1427}, {""word"": ""Delta"", ""start"": 9.036, ""end"": 10.016, ""probability"": 0.9771}]",0.1427,0.0,recording_owner,2026-09-25T00:00:00Z,superseded by human-marked bounds,remove,False,asr_candidate_reviewed,False,0.09,0.4
Manual-Fil-RPI65#asr004,Manual-Fil-RPI65,data/positives/Manual-Fil-RPI65.wav,Manual-Fil-RPI65,,Manual-Fil-RPI65,train,asr_candidate,,unmatched_speech,removed,no_wakeword_text_in_positive_recording_speech,11.572,13.968,11.572,13.968,vad_chunk,11.572,13.968,Okay.,"[{""word"": ""Okay."", ""start"": 11.572, ""end"": 12.052, ""probability"": 0.3755}]",0.3755,1.0,recording_owner,2026-09-25T00:00:00Z,superseded by human-marked bounds,remove,False,asr_candidate_reviewed,False,0.1,0.55
Manual-Fil-RPI65#asr005,Manual-Fil-RPI65,data/positives/Manual-Fil-RPI65.wav,Manual-Fil-RPI65,,Manual-Fil-RPI65,train,asr_candidate,,unmatched_speech,removed,no_wakeword_text_in_positive_recording_speech,13.968,17.42,13.968,17.42,vad_chunk,13.968,17.42,"Of course, I'm Katie's mother. Thank you.","[{""word"": ""Of"", ""start"": 13.968, ""end"": 14.228, ""probability"": 0.2847}, {""word"": ""course,"", ""start"": 14.228, ""end"": 14.408, ""probability"": 0.9604}, {""word"": ""I'm"", ""start"": 14.508, ""end"": 15.028, ""probability"": 0.467}, {""word"": ""Katie's"", ""start"": 15.028, ""end"": 15.928, ""probability"": 0.8523}, {""word"": ""mother."", ""start"": 15.928, ""end"": 15.928, ""probability"": 0.7075}, {""word"": ""Thank"", ""start"": 15.948, ""end"": 15.948, ""probability"": 0.0579}, {""word"": ""you."", ""start"": 15.948, ""end"": 16.288, ""probability"": 0.9854}]",0.0579,0.8611,recording_owner,2026-09-25T00:00:00Z,superseded by human-marked bounds,remove,False,asr_candidate_reviewed,False,0.1,0.55
Manual-Fil-RPI65#asr006,Manual-Fil-RPI65,data/positives/Manual-Fil-RPI65.wav,Manual-Fil-RPI65,,Manual-Fil-RPI65,train,asr_candidate,,complete,removed,,17.81,18.66,17.492,18.172,asr_energy_refined,17.492,22.988,Hey Delta! Hey Delta! Hey Delta!,"[{""word"": ""Hey"", ""start"": 17.492, ""end"": 17.872, ""probability"": 0.4163}, {""word"": ""Delta!"", ""start"": 17.872, ""end"": 18.172, ""probability"": 0.856}]",0.4163,0.0,recording_owner,2026-09-25T00:00:00Z,superseded by human-marked bounds,remove,False,asr_candidate_reviewed,False,0.09,0.4
Manual-Fil-RPI65#asr007,Manual-Fil-RPI65,data/positives/Manual-Fil-RPI65.wav,Manual-Fil-RPI65,,Manual-Fil-RPI65,train,asr_candidate,,complete,removed,implausible_duration,18.812,21.11,18.812,21.052,asr_energy_refined,17.492,22.988,Hey Delta! Hey Delta! Hey Delta!,"[{""word"": ""Hey"", ""start"": 18.812, ""end"": 19.492, ""probability"": 0.603}, {""word"": ""Delta!"", ""start"": 19.492, ""end"": 21.052, ""probability"": 0.979}]",0.603,0.0,recording_owner,2026-09-25T00:00:00Z,superseded by human-marked bounds,remove,False,asr_candidate_reviewed,False,0.09,0.4
Manual-Fil-RPI65#asr008,Manual-Fil-RPI65,data/positives/Manual-Fil-RPI65.wav,Manual-Fil-RPI65,,Manual-Fil-RPI65,train,asr_candidate,,complete,removed,low_word_probability,21.292,22.02,21.292,22.192,asr_energy_refined,17.492,22.988,Hey Delta! Hey Delta! Hey Delta!,"[{""word"": ""Hey"", ""start"": 21.292, ""end"": 21.552, ""probability"": 0.0837}, {""word"": ""Delta!"", ""start"": 21.552, ""end"": 22.192, ""probability"": 0.8574}]",0.0837,0.0,recording_owner,2026-09-25T00:00:00Z,superseded by human-marked bounds,remove,False,asr_candidate_reviewed,False,0.09,0.4
Manual-Fil-RPI65#asr009,Manual-Fil-RPI65,data/positives/Manual-Fil-RPI65.wav,Manual-Fil-RPI65,,Manual-Fil-RPI65,train,asr_candidate,,partial_fragment,removed,isolated_first_token,24.136,24.18,24.136,24.556,asr_energy_refined,23.316,27.413,"This is enough. Hey, daughter. It's okay. Let's just do it.","[{""word"": ""Hey,"", ""start"": 24.136, ""end"": 24.556, ""probability"": 0.324}]",0.324,0.0,recording_owner,2026-09-25T00:00:00Z,superseded by human-marked bounds,remove,False,asr_candidate_reviewed,False,0.09,0.4
Manual-Fil-RPI65#asr010,Manual-Fil-RPI65,data/positives/Manual-Fil-RPI65.wav,Manual-Fil-RPI65,,Manual-Fil-RPI65,train,asr_candidate,,unmatched_speech,removed,no_wakeword_text_in_positive_recording_speech,23.316,27.413,23.316,27.413,vad_chunk,23.316,27.413,"This is enough. Hey, daughter. It's okay. Let's just do it.","[{""word"": ""This"", ""start"": 23.316, ""end"": 23.596, ""probability"": 0.0925}, {""word"": ""is"", ""start"": 23.596, ""end"": 23.596, ""probability"": 0.9287}, {""word"": ""enough."", ""start"": 23.596, ""end"": 23.696, ""probability"": 0.7671}, {""word"": ""Hey,"", ""start"": 24.136, ""end"": 24.556, ""probability"": 0.324}, {""word"": ""daughter."", ""start"": 24.596, ""end"": 24.856, ""probability"": 0.2754}, {""word"": ""It's"", ""start"": 25.076, ""end"": 25.296, ""probability"": 0.5602}, {""word"": ""okay."", ""start"": 25.296, ""end"": 25.616, ""probability"": 0.478}, {""word"": ""Let's"", ""start"": 26.436, ""end"": 26.716, ""probability"": 0.8291}, {""word"": ""just"", ""start"": 26.716, ""end"": 26.736, ""probability"": 0.6143}, {""word"": ""do"", ""start"": 26.736, ""end"": 26.736, ""probability"": 0.8789}, {""word"": ""it."", ""start"": 26.736, ""end"": 26.876, ""probability"": 0.8838}]",0.0925,0.8462,recording_owner,2026-09-25T00:00:00Z,superseded by human-marked bounds,remove,False,asr_candidate_reviewed,False,0.1,0.55
Manual-Fil-RPI66#asr000,Manual-Fil-RPI66,data/positives/Manual-Fil-RPI66.wav,Manual-Fil-RPI66,,Manual-Fil-RPI66,train,asr_candidate,,complete,removed,,0.73,1.15,0.404,1.044,asr_energy_refined,0.404,2.028,Hey Delta!,"[{""word"": ""Hey"", ""start"": 0.404, ""end"": 0.764, ""probability"": 0.7549}, {""word"": ""Delta!"", ""start"": 0.764, ""end"": 1.044, ""probability"": 0.813}]",0.7549,0.0,recording_owner,2026-09-25T00:00:00Z,superseded by human-marked bounds,remove,False,asr_candidate_reviewed,False,0.09,0.4
Manual-Fil-RPI66#asr001,Manual-Fil-RPI66,data/positives/Manual-Fil-RPI66.wav,Manual-Fil-RPI66,,Manual-Fil-RPI66,train,asr_candidate,,complete,removed,,3.71,4.13,3.38,4.0,asr_energy_refined,3.38,5.132,Hey Delta!,"[{""word"": ""Hey"", ""start"": 3.38, ""end"": 3.74, ""probability"": 0.645}, {""word"": ""Delta!"", ""start"": 3.74, ""end"": 4.0, ""probability"": 0.6699}]",0.645,0.0,recording_owner,2026-09-25T00:00:00Z,superseded by human-marked bounds,remove,False,asr_candidate_reviewed,False,0.09,0.4
Manual-Fil-RPI66#asr002,Manual-Fil-RPI66,data/positives/Manual-Fil-RPI66.wav,Manual-Fil-RPI66,,Manual-Fil-RPI66,train,asr_candidate,,unmatched_speech,removed,no_wakeword_text_in_positive_recording_speech,5.396,6.988,5.396,6.988,vad_chunk,5.396,6.988,He does that,"[{""word"": ""He"", ""start"": 5.396, ""end"": 5.836, ""probability"": 0.1116}, {""word"": ""does"", ""start"": 5.836, ""end"": 6.016, ""probability"": 0.3809}, {""word"": ""that"", ""start"": 6.016, ""end"": 6.216, ""probability"": 0.9019}]",0.1116,0.5,recording_owner,2026-09-25T00:00:00Z,superseded by human-marked bounds,remove,False,asr_candidate_reviewed,False,0.1,0.55
Manual-Fil-RPI66#asr003,Manual-Fil-RPI66,data/positives/Manual-Fil-RPI66.wav,Manual-Fil-RPI66,,Manual-Fil-RPI66,train,asr_candidate,,complete,removed,low_word_probability,7.348,7.9,7.348,7.848,asr_energy_refined,7.348,8.972,"Hey, Delta.","[{""word"": ""Hey,"", ""start"": 7.348, ""end"": 7.748, ""probability"": 0.2397}, {""word"": ""Delta."", ""start"": 7.748, ""end"": 7.848, ""probability"": 0.6382}]",0.2397,0.0,recording_owner,2026-09-25T00:00:00Z,superseded by human-marked bounds,remove,False,asr_candidate_reviewed,False,0.09,0.4
Manual-Fil-RPI66#asr004,Manual-Fil-RPI66,data/positives/Manual-Fil-RPI66.wav,Manual-Fil-RPI66,,Manual-Fil-RPI66,train,asr_candidate,,unmatched_speech,removed,no_wakeword_text_in_positive_recording_speech,9.204,10.028,9.204,10.028,vad_chunk,9.204,10.028,Thank you.,"[{""word"": ""Thank"", ""start"": 9.204, ""end"": 9.504, ""probability"": 0.125}, {""word"": ""you."", ""start"": 9.504, ""end"": 9.604, ""probability"": 0.9961}]",0.125,1.0,recording_owner,2026-09-25T00:00:00Z,superseded by human-marked bounds,remove,False,asr_candidate_reviewed,False,0.1,0.55
Manual-Fil-RPI66#asr005,Manual-Fil-RPI66,data/positives/Manual-Fil-RPI66.wav,Manual-Fil-RPI66,,Manual-Fil-RPI66,train,asr_candidate,,fuzzy_complete,removed,fuzzy_text_match,11.252,11.87,11.252,11.912,asr_energy_refined,11.252,12.844,"Hey, Dupa.","[{""word"": ""Hey,"", ""start"": 11.252, ""end"": 11.612, ""probability"": 0.6782}, {""word"": ""Dupa."", ""start"": 11.652, ""end"": 11.912, ""probability"": 0.317}]",0.317,0.3333,recording_owner,2026-09-25T00:00:00Z,superseded by human-marked bounds,remove,False,asr_candidate_reviewed,False,0.09,0.4
Manual-Fil-RPI66#asr006,Manual-Fil-RPI66,data/positives/Manual-Fil-RPI66.wav,Manual-Fil-RPI66,,Manual-Fil-RPI66,train,asr_candidate,,complete,removed,,13.42,13.87,13.108,13.748,asr_energy_refined,13.108,14.7,Hey Delta!,"[{""word"": ""Hey"", ""start"": 13.108, ""end"": 13.448, ""probability"": 0.8174}, {""word"": ""Delta!"", ""start"": 13.448, ""end"": 13.748, ""probability"": 0.6504}]",0.6504,0.0,recording_owner,2026-09-25T00:00:00Z,superseded by human-marked bounds,remove,False,asr_candidate_reviewed,False,0.09,0.4
Manual-Fil-RPI66#asr007,Manual-Fil-RPI66,data/positives/Manual-Fil-RPI66.wav,Manual-Fil-RPI66,,Manual-Fil-RPI66,train,asr_candidate,,complete,removed,,16.28,16.45,15.796,16.396,asr_energy_refined,15.796,17.292,Hey Delta!,"[{""word"": ""Hey"", ""start"": 15.796, ""end"": 16.136, ""probability"": 0.8374}, {""word"": ""Delta!"", ""start"": 16.136, ""end"": 16.396, ""probability"": 0.7808}]",0.7808,0.0,recording_owner,2026-09-25T00:00:00Z,superseded by human-marked bounds,remove,False,asr_candidate_reviewed,False,0.09,0.4
Manual-Fil-RPI67#asr000,Manual-Fil-RPI67,data/positives/Manual-Fil-RPI67.wav,Manual-Fil-RPI67,,Manual-Fil-RPI67,train,asr_candidate,,partial_fragment,removed,isolated_second_token,0.73,0.95,0.308,0.868,asr_energy_refined,0.308,1.964,Delta,"[{""word"": ""Delta"", ""start"": 0.308, ""end"": 0.868, ""probability"": 0.4761}]",0.4761,0.0,recording_owner,2026-09-25T00:00:00Z,superseded by human-marked bounds,remove,False,asr_candidate_reviewed,False,0.09,0.4
Manual-Fil-RPI67#asr001,Manual-Fil-RPI67,data/positives/Manual-Fil-RPI67.wav,Manual-Fil-RPI67,,Manual-Fil-RPI67,train,asr_candidate,,unmatched_speech,removed,no_wakeword_text_in_positive_recording_speech,0.308,1.964,0.308,1.964,vad_chunk,0.308,1.964,Delta,"[{""word"": ""Delta"", ""start"": 0.308, ""end"": 0.868, ""probability"": 0.4761}]",0.4761,0.4444,recording_owner,2026-09-25T00:00:00Z,superseded by human-marked bounds,remove,False,asr_candidate_reviewed,False,0.1,0.55
Manual-Fil-RPI67#asr002,Manual-Fil-RPI67,data/positives/Manual-Fil-RPI67.wav,Manual-Fil-RPI67,,Manual-Fil-RPI67,train,asr_candidate,,complete,removed,,3.85,4.09,3.38,4.06,asr_energy_refined,3.38,6.528,Hey Delta!,"[{""word"": ""Hey"", ""start"": 3.38, ""end"": 3.72, ""probability"": 0.5366}, {""word"": ""Delta!"", ""start"": 3.72, ""end"": 4.06, ""probability"": 0.7822}]",0.5366,0.0,recording_owner,2026-09-25T00:00:00Z,superseded by human-marked bounds,remove,False,asr_candidate_reviewed,False,0.09,0.4
Manual-Fil-RPI67#asr003,Manual-Fil-RPI67,data/positives/Manual-Fil-RPI67.wav,Manual-Fil-RPI67,,Manual-Fil-RPI67,train,asr_candidate,,complete,removed,,6.528,7.36,6.528,7.268,asr_energy_refined,6.528,8.716,Hey Delta!,"[{""word"": ""Hey"", ""start"": 6.528, ""end"": 7.028, ""probability"": 0.6538}, {""word"": ""Delta!"", ""start"": 7.028, ""end"": 7.268, ""probability"": 0.7686}]",0.6538,0.0,recording_owner,2026-09-25T00:00:00Z,superseded by human-marked bounds,remove,False,asr_candidate_reviewed,False,0.09,0.4
Manual-Fil-RPI67#asr004,Manual-Fil-RPI67,data/positives/Manual-Fil-RPI67.wav,Manual-Fil-RPI67,,Manual-Fil-RPI67,train,asr_candidate,,complete,removed,,10.004,10.55,10.004,10.584,asr_energy_refined,10.004,11.532,Hey Delta,"[{""word"": ""Hey"", ""start"": 10.004, ""end"": 10.324, ""probability"": 0.5894}, {""word"": ""Delta"", ""start"": 10.324, ""end"": 10.584, ""probability"": 0.8462}]",0.5894,0.0,recording_owner,2026-09-25T00:00:00Z,superseded by human-marked bounds,remove,False,asr_candidate_reviewed,False,0.09,0.4
Manual-Fil-RPI67#asr005,Manual-Fil-RPI67,data/positives/Manual-Fil-RPI67.wav,Manual-Fil-RPI67,,Manual-Fil-RPI67,train,asr_candidate,,fuzzy_complete,removed,fuzzy_text_match,12.08,12.37,11.732,12.312,asr_energy_refined,11.732,13.228,"Okay, Delta.","[{""word"": ""Okay,"", ""start"": 11.732, ""end"": 12.132, ""probability"": 0.1815}, {""word"": ""Delta."", ""start"": 12.132, ""end"": 12.312, ""probability"": 0.6382}]",0.1815,0.3,recording_owner,2026-09-25T00:00:00Z,superseded by human-marked bounds,remove,False,asr_candidate_reviewed,False,0.09,0.4
Manual-Fil-RPI67#asr006,Manual-Fil-RPI67,data/positives/Manual-Fil-RPI67.wav,Manual-Fil-RPI67,,Manual-Fil-RPI67,train,asr_candidate,,unmatched_speech,removed,no_wakeword_text_in_positive_recording_speech,13.492,15.088,13.492,15.088,vad_chunk,13.492,15.088,See you down the road.,"[{""word"": ""See"", ""start"": 13.492, ""end"": 13.832, ""probability"": 0.0684}, {""word"": ""you"", ""start"": 13.832, ""end"": 13.932, ""probability"": 0.6528}, {""word"": ""down"", ""start"": 13.932, ""end"": 14.112, ""probability"": 0.3972}, {""word"": ""the"", ""start"": 14.112, ""end"": 14.172, ""probability"": 0.7085}, {""word"": ""road."", ""start"": 14.172, ""end"": 14.392, ""probability"": 0.1433}]",0.0684,0.7143,recording_owner,2026-09-25T00:00:00Z,superseded by human-marked bounds,remove,False,asr_candidate_reviewed,False,0.1,0.55
Manual-Fil-RPI67#asr007,Manual-Fil-RPI67,data/positives/Manual-Fil-RPI67.wav,Manual-Fil-RPI67,,Manual-Fil-RPI67,train,asr_candidate,,complete,removed,low_word_probability,15.088,15.62,15.088,15.648,asr_energy_refined,15.088,16.716,Hey Delta.,"[{""word"": ""Hey"", ""start"": 15.088, ""end"": 15.428, ""probability"": 0.1151}, {""word"": ""Delta."", ""start"": 15.428, ""end"": 15.648, ""probability"": 0.6616}]",0.1151,0.0,recording_owner,2026-09-25T00:00:00Z,superseded by human-marked bounds,remove,False,asr_candidate_reviewed,False,0.09,0.4
Manual-Fil-RPI67#asr008,Manual-Fil-RPI67,data/positives/Manual-Fil-RPI67.wav,Manual-Fil-RPI67,,Manual-Fil-RPI67,train,asr_candidate,,complete,removed,low_word_probability,19.37,20.09,19.092,19.632,asr_energy_refined,19.092,20.588,Hey Delta.,"[{""word"": ""Hey"", ""start"": 19.092, ""end"": 19.452, ""probability"": 0.2339}, {""word"": ""Delta."", ""start"": 19.452, ""end"": 19.632, ""probability"": 0.8647}]",0.2339,0.0,recording_owner,2026-09-25T00:00:00Z,superseded by human-marked bounds,remove,False,asr_candidate_reviewed,False,0.09,0.4
Manual-Fil-RPI67#asr009,Manual-Fil-RPI67,data/positives/Manual-Fil-RPI67.wav,Manual-Fil-RPI67,,Manual-Fil-RPI67,train,asr_candidate,,unmatched_speech,removed,no_wakeword_text_in_positive_recording_speech,21.012,22.796,21.012,22.796,vad_chunk,21.012,22.796,"Here you go, sir.","[{""word"": ""Here"", ""start"": 21.012, ""end"": 21.312, ""probability"": 0.1349}, {""word"": ""you"", ""start"": 21.312, ""end"": 21.432, ""probability"": 0.2871}, {""word"": ""go,"", ""start"": 21.432, ""end"": 21.572, ""probability"": 0.9805}, {""word"": ""sir."", ""start"": 21.572, ""end"": 21.792, ""probability"": 0.2517}]",0.1349,0.7333,recording_owner,2026-09-25T00:00:00Z,superseded by human-marked bounds,remove,False,asr_candidate_reviewed,False,0.1,0.55
Manual-Fil-RPI67#asr010,Manual-Fil-RPI67,data/positives/Manual-Fil-RPI67.wav,Manual-Fil-RPI67,,Manual-Fil-RPI67,train,asr_candidate,,complete,removed,,23.38,23.51,22.836,23.476,asr_energy_refined,22.836,24.684,Hey Delta,"[{""word"": ""Hey"", ""start"": 22.836, ""end"": 23.216, ""probability"": 0.7578}, {""word"": ""Delta"", ""start"": 23.216, ""end"": 23.476, ""probability"": 0.7803}]",0.7578,0.0,recording_owner,2026-09-25T00:00:00Z,superseded by human-marked bounds,remove,False,asr_candidate_reviewed,False,0.09,0.4
Manual-Fil-RPI67#asr011,Manual-Fil-RPI67,data/positives/Manual-Fil-RPI67.wav,Manual-Fil-RPI67,,Manual-Fil-RPI67,train,asr_candidate,,complete,removed,,25.27,25.67,24.98,25.58,asr_energy_refined,24.98,26.604,Hey Delta!,"[{""word"": ""Hey"", ""start"": 24.98, ""end"": 25.3, ""probability"": 0.7354}, {""word"": ""Delta!"", ""start"": 25.3, ""end"": 25.58, ""probability"": 0.9102}]",0.7354,0.0,recording_owner,2026-09-25T00:00:00Z,superseded by human-marked bounds,remove,False,asr_candidate_reviewed,False,0.09,0.4
Manual-Fil-RPI67#asr012,Manual-Fil-RPI67,data/positives/Manual-Fil-RPI67.wav,Manual-Fil-RPI67,,Manual-Fil-RPI67,train,asr_candidate,,unmatched_speech,removed,no_wakeword_text_in_positive_recording_speech,28.468,29.484,28.468,29.484,vad_chunk,28.468,29.484,Thank you. Thank you.,"[{""word"": ""Thank"", ""start"": 28.468, ""end"": 28.488, ""probability"": 0.0699}, {""word"": ""you."", ""start"": 28.488, ""end"": 28.488, ""probability"": 0.9707}, {""word"": ""Thank"", ""start"": 28.588, ""end"": 28.708, ""probability"": 0.2639}, {""word"": ""you."", ""start"": 28.708, ""end"": 29.108, ""probability"": 0.9956}]",0.0699,0.7895,recording_owner,2026-09-25T00:00:00Z,superseded by human-marked bounds,remove,False,asr_candidate_reviewed,False,0.1,0.55
Manual-Fil-RPI67#asr013,Manual-Fil-RPI67,data/positives/Manual-Fil-RPI67.wav,Manual-Fil-RPI67,,Manual-Fil-RPI67,train,asr_candidate,,complete,removed,,31.74,31.9,31.412,31.852,asr_energy_refined,31.412,33.388,Hey Delta!,"[{""word"": ""Hey"", ""start"": 31.412, ""end"": 31.572, ""probability"": 0.5615}, {""word"": ""Delta!"", ""start"": 31.572, ""end"": 31.852, ""probability"": 0.8862}]",0.5615,0.0,recording_owner,2026-09-25T00:00:00Z,superseded by human-marked bounds,remove,False,asr_candidate_reviewed,False,0.09,0.4
Manual-Fil-RPI68#asr000,Manual-Fil-RPI68,data/positives/Manual-Fil-RPI68.wav,Manual-Fil-RPI68,,Manual-Fil-RPI68,test,asr_candidate,,complete,removed,,0.41,1.23,0.084,0.724,asr_energy_refined,0.084,1.676,Hey Delta!,"[{""word"": ""Hey"", ""start"": 0.084, ""end"": 0.464, ""probability"": 0.8354}, {""word"": ""Delta!"", ""start"": 0.464, ""end"": 0.724, ""probability"": 0.7451}]",0.7451,0.0,recording_owner,2026-09-25T00:00:00Z,superseded by human-marked bounds,remove,False,asr_candidate_reviewed,False,0.09,0.4
Manual-Fil-RPI68#asr001,Manual-Fil-RPI68,data/positives/Manual-Fil-RPI68.wav,Manual-Fil-RPI68,,Manual-Fil-RPI68,test,asr_candidate,,complete,removed,,3.41,4.29,3.124,3.784,asr_energy_refined,3.124,4.684,Hey Delta!,"[{""word"": ""Hey"", ""start"": 3.124, ""end"": 3.464, ""probability"": 0.793}, {""word"": ""Delta!"", ""start"": 3.464, ""end"": 3.784, ""probability"": 0.8184}]",0.793,0.0,recording_owner,2026-09-25T00:00:00Z,superseded by human-marked bounds,remove,False,asr_candidate_reviewed,False,0.09,0.4
Manual-Fil-RPI68#asr002,Manual-Fil-RPI68,data/positives/Manual-Fil-RPI68.wav,Manual-Fil-RPI68,,Manual-Fil-RPI68,test,asr_candidate,,complete,removed,,5.55,6.35,5.236,5.916,asr_energy_refined,5.236,6.796,Hey Delta!,"[{""word"": ""Hey"", ""start"": 5.236, ""end"": 5.596, ""probability"": 0.3318}, {""word"": ""Delta!"", ""start"": 5.596, ""end"": 5.916, ""probability"": 0.8735}]",0.3318,0.0,recording_owner,2026-09-25T00:00:00Z,superseded by human-marked bounds,remove,False,asr_candidate_reviewed,False,0.09,0.4
Manual-Fil-RPI68#asr003,Manual-Fil-RPI68,data/positives/Manual-Fil-RPI68.wav,Manual-Fil-RPI68,,Manual-Fil-RPI68,test,asr_candidate,,complete,removed,,7.25,8.06,6.932,7.532,asr_energy_refined,6.932,8.46,"Hey, Delta.","[{""word"": ""Hey,"", ""start"": 6.932, ""end"": 7.332, ""probability"": 0.7817}, {""word"": ""Delta."", ""start"": 7.372, ""end"": 7.532, ""probability"": 0.8809}]",0.7817,0.0,recording_owner,2026-09-25T00:00:00Z,superseded by human-marked bounds,remove,False,asr_candidate_reviewed,False,0.09,0.4
Manual-Fil-RPI68#asr004,Manual-Fil-RPI68,data/positives/Manual-Fil-RPI68.wav,Manual-Fil-RPI68,,Manual-Fil-RPI68,test,asr_candidate,,unmatched_speech,removed,no_wakeword_text_in_positive_recording_speech,9.46,10.988,9.46,10.988,vad_chunk,9.46,10.988,Thank you.,"[{""word"": ""Thank"", ""start"": 9.46, ""end"": 9.82, ""probability"": 0.8091}, {""word"": ""you."", ""start"": 9.82, ""end"": 9.98, ""probability"": 0.9858}]",0.8091,1.0,recording_owner,2026-09-25T00:00:00Z,superseded by human-marked bounds,remove,False,asr_candidate_reviewed,False,0.1,0.55
Manual-Fil-RPI68#asr005,Manual-Fil-RPI68,data/positives/Manual-Fil-RPI68.wav,Manual-Fil-RPI68,,Manual-Fil-RPI68,test,asr_candidate,,complete,removed,,13.41,14.34,13.396,13.816,asr_energy_refined,13.396,14.732,Hey Delta!,"[{""word"": ""Hey"", ""start"": 13.396, ""end"": 13.536, ""probability"": 0.7012}, {""word"": ""Delta!"", ""start"": 13.536, ""end"": 13.816, ""probability"": 0.7144}]",0.7012,0.0,recording_owner,2026-09-25T00:00:00Z,superseded by human-marked bounds,remove,False,asr_candidate_reviewed,False,0.09,0.4
Manual-Fil-RPI68#asr006,Manual-Fil-RPI68,data/positives/Manual-Fil-RPI68.wav,Manual-Fil-RPI68,,Manual-Fil-RPI68,test,asr_candidate,,complete,removed,,16.89,17.76,16.596,17.236,asr_energy_refined,16.596,18.156,Hey Delta!,"[{""word"": ""Hey"", ""start"": 16.596, ""end"": 16.956, ""probability"": 0.8066}, {""word"": ""Delta!"", ""start"": 16.956, ""end"": 17.236, ""probability"": 0.7754}]",0.7754,0.0,recording_owner,2026-09-25T00:00:00Z,superseded by human-marked bounds,remove,False,asr_candidate_reviewed,False,0.09,0.4
Manual-Fil-RPI68#asr007,Manual-Fil-RPI68,data/positives/Manual-Fil-RPI68.wav,Manual-Fil-RPI68,,Manual-Fil-RPI68,test,asr_candidate,,complete,removed,,23.52,24.29,23.252,23.832,asr_energy_refined,23.252,24.62,Hey Delta!,"[{""word"": ""Hey"", ""start"": 23.252, ""end"": 23.592, ""probability"": 0.8208}, {""word"": ""Delta!"", ""start"": 23.592, ""end"": 23.832, ""probability"": 0.814}]",0.814,0.0,recording_owner,2026-09-25T00:00:00Z,superseded by human-marked bounds,remove,False,asr_candidate_reviewed,False,0.09,0.4
Manual-Fil-RPI7#asr000,Manual-Fil-RPI7,data/positives/Manual-Fil-RPI7.wav,Manual-Fil-RPI7,,Manual-Fil-RPI7,train,asr_candidate,,complete,removed,low_word_probability,0.0,0.44,0.0,0.44,asr_energy_refined,0.0,1.216,Hey Delta!,"[{""word"": ""Hey"", ""start"": 0.0, ""end"": 0.24, ""probability"": 0.2847}, {""word"": ""Delta!"", ""start"": 0.24, ""end"": 0.44, ""probability"": 0.7803}]",0.2847,0.0,recording_owner,2026-09-25T00:00:00Z,superseded by owner clip-level label,remove,False,asr_candidate_reviewed,False,0.09,0.4
Manual-Fil-RPI70#asr000,Manual-Fil-RPI70,data/positives/Manual-Fil-RPI70.wav,Manual-Fil-RPI70,,Manual-Fil-RPI70,train,asr_candidate,,complete,removed,,1.33,1.97,1.012,1.452,asr_energy_refined,1.012,2.476,Hey Delta.,"[{""word"": ""Hey"", ""start"": 1.012, ""end"": 1.172, ""probability"": 0.3079}, {""word"": ""Delta."", ""start"": 1.172, ""end"": 1.452, ""probability"": 0.854}]",0.3079,0.0,recording_owner,2026-09-25T00:00:00Z,superseded by human-marked bounds,remove,False,asr_candidate_reviewed,False,0.09,0.4
Manual-Fil-RPI70#asr001,Manual-Fil-RPI70,data/positives/Manual-Fil-RPI70.wav,Manual-Fil-RPI70,,Manual-Fil-RPI70,train,asr_candidate,,unmatched_speech,removed,no_wakeword_text_in_positive_recording_speech,4.02,5.228,4.02,5.228,vad_chunk,4.02,5.228,"He does, huh?","[{""word"": ""He"", ""start"": 4.02, ""end"": 4.18, ""probability"": 0.2209}, {""word"": ""does,"", ""start"": 4.18, ""end"": 4.44, ""probability"": 0.6182}, {""word"": ""huh?"", ""start"": 4.44, ""end"": 4.68, ""probability"": 0.3508}]",0.2209,0.6364,recording_owner,2026-09-25T00:00:00Z,superseded by human-marked bounds,remove,False,asr_candidate_reviewed,False,0.1,0.55
Manual-Fil-RPI70#asr002,Manual-Fil-RPI70,data/positives/Manual-Fil-RPI70.wav,Manual-Fil-RPI70,,Manual-Fil-RPI70,train,asr_candidate,,complete,removed,,7.02,7.58,6.74,7.38,asr_energy_refined,6.74,8.556,Hey Delta!,"[{""word"": ""Hey"", ""start"": 6.74, ""end"": 7.08, ""probability"": 0.7368}, {""word"": ""Delta!"", ""start"": 7.08, ""end"": 7.38, ""probability"": 0.812}]",0.7368,0.0,recording_owner,2026-09-25T00:00:00Z,superseded by human-marked bounds,remove,False,asr_candidate_reviewed,False,0.09,0.4
Manual-Fil-RPI70#asr003,Manual-Fil-RPI70,data/positives/Manual-Fil-RPI70.wav,Manual-Fil-RPI70,,Manual-Fil-RPI70,train,asr_candidate,,complete,removed,,10.66,11.49,10.356,10.956,asr_energy_refined,10.356,11.916,Hey Delta!,"[{""word"": ""Hey"", ""start"": 10.356, ""end"": 10.716, ""probability"": 0.771}, {""word"": ""Delta!"", ""start"": 10.716, ""end"": 10.956, ""probability"": 0.8511}]",0.771,0.0,recording_owner,2026-09-25T00:00:00Z,superseded by human-marked bounds,remove,False,asr_candidate_reviewed,False,0.09,0.4
Manual-Fil-RPI70#asr004,Manual-Fil-RPI70,data/positives/Manual-Fil-RPI70.wav,Manual-Fil-RPI70,,Manual-Fil-RPI70,train,asr_candidate,,complete,removed,,20.65,20.76,20.34,20.74,asr_energy_refined,20.34,21.612,Hey Delta!,"[{""word"": ""Hey"", ""start"": 20.34, ""end"": 20.56, ""probability"": 0.3101}, {""word"": ""Delta!"", ""start"": 20.56, ""end"": 20.74, ""probability"": 0.7651}]",0.3101,0.0,recording_owner,2026-09-25T00:00:00Z,superseded by human-marked bounds,remove,False,asr_candidate_reviewed,False,0.09,0.4
Manual-Fil-RPI70#asr005,Manual-Fil-RPI70,data/positives/Manual-Fil-RPI70.wav,Manual-Fil-RPI70,,Manual-Fil-RPI70,train,asr_candidate,,complete,removed,low_word_probability,23.99,24.76,23.796,24.296,asr_energy_refined,23.796,25.196,Hey Delta!,"[{""word"": ""Hey"", ""start"": 23.796, ""end"": 24.036, ""probability"": 0.1736}, {""word"": ""Delta!"", ""start"": 24.036, ""end"": 24.296, ""probability"": 0.729}]",0.1736,0.0,recording_owner,2026-09-25T00:00:00Z,superseded by human-marked bounds,remove,False,asr_candidate_reviewed,False,0.09,0.4
Manual-Fil-RPI70#asr006,Manual-Fil-RPI70,data/positives/Manual-Fil-RPI70.wav,Manual-Fil-RPI70,,Manual-Fil-RPI70,train,asr_candidate,,complete,removed,,26.29,27.16,26.004,26.564,asr_energy_refined,26.004,27.5,Hey Delta!,"[{""word"": ""Hey"", ""start"": 26.004, ""end"": 26.324, ""probability"": 0.7563}, {""word"": ""Delta!"", ""start"": 26.324, ""end"": 26.564, ""probability"": 0.8398}]",0.7563,0.0,recording_owner,2026-09-25T00:00:00Z,superseded by human-marked bounds,remove,False,asr_candidate_reviewed,False,0.09,0.4
Manual-Fil-RPI70#asr007,Manual-Fil-RPI70,data/positives/Manual-Fil-RPI70.wav,Manual-Fil-RPI70,,Manual-Fil-RPI70,train,asr_candidate,,complete,removed,,28.29,29.23,27.988,28.608,asr_energy_refined,27.988,29.676,"Hey, Delta.","[{""word"": ""Hey,"", ""start"": 27.988, ""end"": 28.368, ""probability"": 0.7656}, {""word"": ""Delta."", ""start"": 28.368, ""end"": 28.608, ""probability"": 0.918}]",0.7656,0.0,recording_owner,2026-09-25T00:00:00Z,superseded by human-marked bounds,remove,False,asr_candidate_reviewed,False,0.09,0.4
Manual-Fil-RPI71#asr000,Manual-Fil-RPI71,data/positives/Manual-Fil-RPI71.wav,Manual-Fil-RPI71,,Manual-Fil-RPI71,train,asr_candidate,,unmatched_speech,removed,no_wakeword_text_in_positive_recording_speech,3.732,16.224,3.732,16.224,vad_chunk,3.732,16.224,"If you come and look, you'll see that not all the water will drain because one thing, I'm on an incline right now so the water will be over here. After you're done, what you have to do is just...","[{""word"": ""If"", ""start"": 3.732, ""end"": 4.092, ""probability"": 0.2094}, {""word"": ""you"", ""start"": 4.092, ""end"": 4.212, ""probability"": 0.9941}, {""word"": ""come"", ""start"": 4.212, ""end"": 4.452, ""probability"": 0.8384}, {""word"": ""and"", ""start"": 4.452, ""end"": 4.572, ""probability"": 0.4111}, {""word"": ""look,"", ""start"": 4.572, ""end"": 4.752, ""probability"": 0.9844}, {""word"": ""you'll"", ""start"": 4.872, ""end"": 5.032, ""probability"": 0.9749}, {""word"": ""see"", ""start"": 5.032, ""end"": 5.272, ""probability"": 0.9966}, {""word"": ""that"", ""start"": 5.272, ""end"": 5.432, ""probability"": 0.96}, {""word"": ""not"", ""start"": 5.432, ""end"": 5.752, ""probability"": 0.8853}, {""word"": ""all"", ""start"": 5.752, ""end"": 6.012, ""probability"": 0.9912}, {""word"": ""the"", ""start"": 6.012, ""end"": 6.192, ""probability"": 0.9199}, {""word"": ""water"", ""start"": 6.192, ""end"": 6.432, ""probability"": 0.9976}, {""word"": ""will"", ""start"": 6.432, ""end"": 6.632, ""probability"": 0.9971}, {""word"": ""drain"", ""start"": 6.632, ""end"": 6.992, ""probability"": 0.9795}, {""word"": ""because"", ""start"": 6.992, ""end"": 7.692, ""probability"": 0.2218}, {""word"": ""one"", ""start"": 7.692, ""end"": 8.072, ""probability"": 0.5342}, {""word"": ""thing,"", ""start"": 8.072, ""end"": 8.792, ""probability"": 0.9946}, {""word"": ""I'm"", ""start"": 8.892, ""end"": 9.172, ""probability"": 0.9961}, {""word"": ""on"", ""start"": 9.172, ""end"": 9.292, ""probability"": 0.998}, {""word"": ""an"", ""start"": 9.292, ""end"": 9.352, ""probability"": 0.7466}, {""word"": ""incline"", ""start"": 9.352, ""end"": 11.132, ""probability"": 0.9988}, {""word"": ""right"", ""start"": 11.132, ""end"": 11.332, ""probability"": 0.9976}, {""word"": ""now"", ""start"": 11.332, ""end"": 11.552, ""probability"": 0.9995}, {""word"": ""so"", ""start"": 11.552, ""end"": 11.772, ""probability"": 0.2756}, {""word"": ""the"", ""start"": 11.772, ""end"": 11.872, ""probability"": 0.7959}, {""word"": ""water"", ""start"": 11.872, ""end"": 12.172, ""probability"": 0.9995}, {""word"": ""will"", ""start"": 12.172, ""end"": 12.292, ""probability"": 0.9155}, {""word"": ""be"", ""start"": 12.292, ""end"": 12.412, ""probability"": 0.9917}, {""word"": ""over"", ""start"": 12.412, ""end"": 12.572, ""probability"": 0.9932}, {""word"": ""here."", ""start"": 12.572, ""end"": 12.812, ""probability"": 0.9976}, {""word"": ""After"", ""start"": 13.132, ""end"": 13.532, ""probability"": 0.5425}, {""word"": ""you're"", ""start"": 13.532, ""end"": 14.272, ""probability"": 0.9946}, {""word"": ""done,"", ""start"": 14.272, ""end"": 14.492, ""probability"": 0.9995}, {""word"": ""what"", ""start"": 14.632, ""end"": 14.812, ""probability"": 0.9834}, {""word"": ""you"", ""start"": 14.812, ""end"": 14.992, ""probability"": 0.9985}, {""word"": ""have"", ""start"": 14.992, ""end"": 15.152, ""probability"": 0.9966}, {""word"": ""to"", ""start"": 15.152, ""end"": 15.272, ""probability"": 0.9995}, {""word"": ""do"", ""start"": 15.272, ""end"": 15.472, ""probability"": 0.9995}, {""word"": ""is"", ""start"": 15.472, ""end"": 15.592, ""probability"": 0.9907}, {""word"": ""just..."", ""start"": 15.592, ""end"": 15.992, ""probability"": 0.8862}]",0.2094,0.9568,recording_owner,2026-09-25T00:00:00Z,superseded by human-marked bounds,remove,False,asr_candidate_reviewed,False,0.1,0.55
Manual-Fil-RPI71#asr001,Manual-Fil-RPI71,data/positives/Manual-Fil-RPI71.wav,Manual-Fil-RPI71,,Manual-Fil-RPI71,train,asr_candidate,,complete,removed,collapsed_word_timestamp,16.83,18.13,16.804,17.444,asr_energy_refined,16.224,18.54,"Hey, Delta.","[{""word"": ""Hey,"", ""start"": 16.804, ""end"": 17.284, ""probability"": 0.7124}, {""word"": ""Delta."", ""start"": 17.404, ""end"": 17.444, ""probability"": 0.959}]",0.7124,0.0,recording_owner,2026-09-25T00:00:00Z,superseded by human-marked bounds,remove,False,asr_candidate_reviewed,False,0.09,0.4
Manual-Fil-RPI71#asr002,Manual-Fil-RPI71,data/positives/Manual-Fil-RPI71.wav,Manual-Fil-RPI71,,Manual-Fil-RPI71,train,asr_candidate,,fuzzy_complete,removed,fuzzy_text_match,19.69,20.59,19.412,20.292,asr_energy_refined,19.412,21.612,Hey Delsa.,"[{""word"": ""Hey"", ""start"": 19.412, ""end"": 19.752, ""probability"": 0.6655}, {""word"": ""Delsa."", ""start"": 19.752, ""end"": 20.292, ""probability"": 0.5709}]",0.5709,0.1111,recording_owner,2026-09-25T00:00:00Z,superseded by human-marked bounds,remove,False,asr_candidate_reviewed,False,0.09,0.4
Manual-Fil-RPI71#asr003,Manual-Fil-RPI71,data/positives/Manual-Fil-RPI71.wav,Manual-Fil-RPI71,,Manual-Fil-RPI71,train,asr_candidate,,complete,removed,,22.16,23.05,21.876,22.476,asr_energy_refined,21.876,23.404,Hey Delta!,"[{""word"": ""Hey"", ""start"": 21.876, ""end"": 22.236, ""probability"": 0.7651}, {""word"": ""Delta!"", ""start"": 22.236, ""end"": 22.476, ""probability"": 0.8037}]",0.7651,0.0,recording_owner,2026-09-25T00:00:00Z,superseded by human-marked bounds,remove,False,asr_candidate_reviewed,False,0.09,0.4
Manual-Fil-RPI71#asr004,Manual-Fil-RPI71,data/positives/Manual-Fil-RPI71.wav,Manual-Fil-RPI71,,Manual-Fil-RPI71,train,asr_candidate,,complete,removed,,26.39,27.33,26.164,26.764,asr_energy_refined,26.164,27.98,Hey Delta!,"[{""word"": ""Hey"", ""start"": 26.164, ""end"": 26.444, ""probability"": 0.6562}, {""word"": ""Delta!"", ""start"": 26.444, ""end"": 26.764, ""probability"": 0.7876}]",0.6562,0.0,recording_owner,2026-09-25T00:00:00Z,superseded by human-marked bounds,remove,False,asr_candidate_reviewed,False,0.09,0.4
Manual-Fil-RPI71#asr005,Manual-Fil-RPI71,data/positives/Manual-Fil-RPI71.wav,Manual-Fil-RPI71,,Manual-Fil-RPI71,train,asr_candidate,,complete,removed,,29.34,30.2,29.236,29.836,asr_energy_refined,29.236,30.54,"Hey, Delta.","[{""word"": ""Hey,"", ""start"": 29.236, ""end"": 29.516, ""probability"": 0.7373}, {""word"": ""Delta."", ""start"": 29.616, ""end"": 29.836, ""probability"": 0.9912}]",0.7373,0.0,recording_owner,2026-09-25T00:00:00Z,superseded by human-marked bounds,remove,False,asr_candidate_reviewed,False,0.09,0.4
Manual-Fil-RPI71#asr006,Manual-Fil-RPI71,data/positives/Manual-Fil-RPI71.wav,Manual-Fil-RPI71,,Manual-Fil-RPI71,train,asr_candidate,,complete,removed,,32.25,33.01,32.116,32.636,asr_energy_refined,32.116,33.356,Hey Delta!,"[{""word"": ""Hey"", ""start"": 32.116, ""end"": 32.436, ""probability"": 0.792}, {""word"": ""Delta!"", ""start"": 32.436, ""end"": 32.636, ""probability"": 0.7725}]",0.7725,0.0,recording_owner,2026-09-25T00:00:00Z,superseded by human-marked bounds,remove,False,asr_candidate_reviewed,False,0.09,0.4
Manual-Fil-RPI73#asr000,Manual-Fil-RPI73,data/positives/Manual-Fil-RPI73.wav,Manual-Fil-RPI73,,Manual-Fil-RPI73,train,asr_candidate,,unmatched_speech,removed,no_wakeword_text_in_positive_recording_speech,0.372,2.124,0.372,2.124,vad_chunk,0.372,2.124,"Take that, pal.","[{""word"": ""Take"", ""start"": 0.372, ""end"": 0.732, ""probability"": 0.2408}, {""word"": ""that,"", ""start"": 0.732, ""end"": 0.892, ""probability"": 0.499}, {""word"": ""pal."", ""start"": 0.972, ""end"": 1.232, ""probability"": 0.17}]",0.17,0.7692,recording_owner,2026-09-25T00:00:00Z,superseded by human-marked bounds,remove,False,asr_candidate_reviewed,False,0.1,0.55
Manual-Fil-RPI74#asr000,Manual-Fil-RPI74,data/positives/Manual-Fil-RPI74.wav,Manual-Fil-RPI74,,Manual-Fil-RPI74,validation,asr_candidate,,complete,removed,,0.0,1.28,0.0,1.36,asr_energy_refined,0.0,5.291,Hey Delta. Hey Delta.,"[{""word"": ""Hey"", ""start"": 0.0, ""end"": 0.92, ""probability"": 0.6533}, {""word"": ""Delta."", ""start"": 0.92, ""end"": 1.36, ""probability"": 0.8135}]",0.6533,0.0,recording_owner,2026-09-25T00:00:00Z,superseded by human-marked bounds,remove,False,asr_candidate_reviewed,False,0.09,0.4
Manual-Fil-RPI74#asr001,Manual-Fil-RPI74,data/positives/Manual-Fil-RPI74.wav,Manual-Fil-RPI74,,Manual-Fil-RPI74,validation,asr_candidate,,complete,removed,,2.24,3.69,2.24,3.72,asr_energy_refined,0.0,5.291,Hey Delta. Hey Delta.,"[{""word"": ""Hey"", ""start"": 2.24, ""end"": 3.2, ""probability"": 0.9795}, {""word"": ""Delta."", ""start"": 3.2, ""end"": 3.72, ""probability"": 0.978}]",0.978,0.0,recording_owner,2026-09-25T00:00:00Z,superseded by human-marked bounds,remove,False,asr_candidate_reviewed,False,0.09,0.4
Manual-Fil-RPI75#asr000,Manual-Fil-RPI75,data/positives/Manual-Fil-RPI75.wav,Manual-Fil-RPI75,,Manual-Fil-RPI75,test,asr_candidate,,complete,removed,,1.15,1.58,0.852,1.472,asr_energy_refined,0.852,2.636,Hey Delta!,"[{""word"": ""Hey"", ""start"": 0.852, ""end"": 1.192, ""probability"": 0.7427}, {""word"": ""Delta!"", ""start"": 1.192, ""end"": 1.472, ""probability"": 0.8516}]",0.7427,0.0,recording_owner,2026-09-25T00:00:00Z,superseded by human-marked bounds,remove,False,asr_candidate_reviewed,False,0.09,0.4
Manual-Fil-RPI75#asr001,Manual-Fil-RPI75,data/positives/Manual-Fil-RPI75.wav,Manual-Fil-RPI75,,Manual-Fil-RPI75,test,asr_candidate,,complete,removed,,5.24,5.65,4.948,5.568,asr_energy_refined,4.948,6.604,Hey Delta!,"[{""word"": ""Hey"", ""start"": 4.948, ""end"": 5.308, ""probability"": 0.7905}, {""word"": ""Delta!"", ""start"": 5.308, ""end"": 5.568, ""probability"": 0.8652}]",0.7905,0.0,recording_owner,2026-09-25T00:00:00Z,superseded by human-marked bounds,remove,False,asr_candidate_reviewed,False,0.09,0.4
Manual-Fil-RPI75#asr002,Manual-Fil-RPI75,data/positives/Manual-Fil-RPI75.wav,Manual-Fil-RPI75,,Manual-Fil-RPI75,test,asr_candidate,,complete,removed,,8.04,8.47,7.732,8.372,asr_energy_refined,7.732,9.388,Hey Delta!,"[{""word"": ""Hey"", ""start"": 7.732, ""end"": 8.092, ""probability"": 0.3828}, {""word"": ""Delta!"", ""start"": 8.092, ""end"": 8.372, ""probability"": 0.8413}]",0.3828,0.0,recording_owner,2026-09-25T00:00:00Z,superseded by human-marked bounds,remove,False,asr_candidate_reviewed,False,0.09,0.4
Manual-Fil-RPI76#asr000,Manual-Fil-RPI76,data/positives/Manual-Fil-RPI76.wav,Manual-Fil-RPI76,,Manual-Fil-RPI76,validation,asr_candidate,,complete,removed,,1.01,1.24,0.5,1.16,asr_energy_refined,0.5,2.092,Hey Delta!,"[{""word"": ""Hey"", ""start"": 0.5, ""end"": 0.84, ""probability"": 0.7905}, {""word"": ""Delta!"", ""start"": 0.84, ""end"": 1.16, ""probability"": 0.8491}]",0.7905,0.0,recording_owner,2026-09-25T00:00:00Z,superseded by human-marked bounds,remove,False,asr_candidate_reviewed,False,0.09,0.4
Manual-Fil-RPI76#asr001,Manual-Fil-RPI76,data/positives/Manual-Fil-RPI76.wav,Manual-Fil-RPI76,,Manual-Fil-RPI76,validation,asr_candidate,,complete,removed,,5.64,5.93,5.428,5.928,asr_energy_refined,5.428,6.988,Hey Delta!,"[{""word"": ""Hey"", ""start"": 5.428, ""end"": 5.668, ""probability"": 0.7759}, {""word"": ""Delta!"", ""start"": 5.668, ""end"": 5.928, ""probability"": 0.8433}]",0.7759,0.0,recording_owner,2026-09-25T00:00:00Z,superseded by human-marked bounds,remove,False,asr_candidate_reviewed,False,0.09,0.4
Manual-Fil-RPI76#asr002,Manual-Fil-RPI76,data/positives/Manual-Fil-RPI76.wav,Manual-Fil-RPI76,,Manual-Fil-RPI76,validation,asr_candidate,,complete,removed,,9.012,9.68,9.012,9.632,asr_energy_refined,9.012,10.572,Hey Delta!,"[{""word"": ""Hey"", ""start"": 9.012, ""end"": 9.332, ""probability"": 0.7427}, {""word"": ""Delta!"", ""start"": 9.332, ""end"": 9.632, ""probability"": 0.8203}]",0.7427,0.0,recording_owner,2026-09-25T00:00:00Z,superseded by human-marked bounds,remove,False,asr_candidate_reviewed,False,0.09,0.4
Manual-Fil-RPI76#asr003,Manual-Fil-RPI76,data/positives/Manual-Fil-RPI76.wav,Manual-Fil-RPI76,,Manual-Fil-RPI76,validation,asr_candidate,,complete,removed,,13.02,13.38,12.692,13.332,asr_energy_refined,12.692,14.348,Hey Delta!,"[{""word"": ""Hey"", ""start"": 12.692, ""end"": 13.032, ""probability"": 0.7275}, {""word"": ""Delta!"", ""start"": 13.032, ""end"": 13.332, ""probability"": 0.8555}]",0.7275,0.0,recording_owner,2026-09-25T00:00:00Z,superseded by human-marked bounds,remove,False,asr_candidate_reviewed,False,0.09,0.4
Manual-Fil-RPI76#asr004,Manual-Fil-RPI76,data/positives/Manual-Fil-RPI76.wav,Manual-Fil-RPI76,,Manual-Fil-RPI76,validation,asr_candidate,,complete,removed,,16.98,17.49,16.98,17.56,asr_energy_refined,16.98,18.412,Hey Delta,"[{""word"": ""Hey"", ""start"": 16.98, ""end"": 17.28, ""probability"": 0.709}, {""word"": ""Delta"", ""start"": 17.28, ""end"": 17.56, ""probability"": 0.8315}]",0.709,0.0,recording_owner,2026-09-25T00:00:00Z,superseded by human-marked bounds,remove,False,asr_candidate_reviewed,False,0.09,0.4
Manual-Fil-RPI76#asr005,Manual-Fil-RPI76,data/positives/Manual-Fil-RPI76.wav,Manual-Fil-RPI76,,Manual-Fil-RPI76,validation,asr_candidate,,complete,removed,,20.02,20.6,20.02,20.6,asr_raw,20.02,21.388,Hey Delta,"[{""word"": ""Hey"", ""start"": 20.02, ""end"": 20.3, ""probability"": 0.6719}, {""word"": ""Delta"", ""start"": 20.3, ""end"": 20.6, ""probability"": 0.7778}]",0.6719,0.0,recording_owner,2026-09-25T00:00:00Z,superseded by human-marked bounds,remove,False,asr_candidate_reviewed,False,0.1,0.55
Manual-Fil-RPI77#asr000,Manual-Fil-RPI77,data/positives/Manual-Fil-RPI77.wav,Manual-Fil-RPI77,,Manual-Fil-RPI77,train,asr_candidate,,unmatched_speech,removed,no_wakeword_text_in_positive_recording_speech,6.484,7.628,6.484,7.628,vad_chunk,6.484,7.628,,[],,1.0,recording_owner,2026-09-25T00:00:00Z,superseded by human-marked bounds,remove,False,asr_candidate_reviewed,False,0.1,0.55
Manual-Fil-RPI77#asr001,Manual-Fil-RPI77,data/positives/Manual-Fil-RPI77.wav,Manual-Fil-RPI77,,Manual-Fil-RPI77,train,asr_candidate,,complete,removed,,10.53,11.57,10.484,11.084,asr_energy_refined,10.484,12.085,Hey Delta!,"[{""word"": ""Hey"", ""start"": 10.484, ""end"": 10.804, ""probability"": 0.8057}, {""word"": ""Delta!"", ""start"": 10.804, ""end"": 11.084, ""probability"": 0.7954}]",0.7954,0.0,recording_owner,2026-09-25T00:00:00Z,superseded by human-marked bounds,remove,False,asr_candidate_reviewed,False,0.09,0.4
Manual-Fil-RPI78#asr000,Manual-Fil-RPI78,data/positives/Manual-Fil-RPI78.wav,Manual-Fil-RPI78,,Manual-Fil-RPI78,validation,asr_candidate,,complete,removed,low_word_probability,3.956,4.35,3.956,4.536,asr_energy_refined,3.956,5.9,Hey Delta!,"[{""word"": ""Hey"", ""start"": 3.956, ""end"": 4.296, ""probability"": 0.5068}, {""word"": ""Delta!"", ""start"": 4.296, ""end"": 4.536, ""probability"": 0.0401}]",0.0401,0.0,recording_owner,2026-09-25T00:00:00Z,superseded by human-marked bounds,remove,False,asr_candidate_reviewed,False,0.09,0.4
Manual-Fil-RPI78#asr001,Manual-Fil-RPI78,data/positives/Manual-Fil-RPI78.wav,Manual-Fil-RPI78,,Manual-Fil-RPI78,validation,asr_candidate,,complete,removed,,6.548,7.068,6.548,7.068,asr_raw,6.548,8.3,"Hey, Delta.","[{""word"": ""Hey,"", ""start"": 6.548, ""end"": 6.828, ""probability"": 0.5903}, {""word"": ""Delta."", ""start"": 6.828, ""end"": 7.068, ""probability"": 0.7798}]",0.5903,0.0,recording_owner,2026-09-25T00:00:00Z,superseded by human-marked bounds,remove,False,asr_candidate_reviewed,False,0.1,0.55
Manual-Fil-RPI78#asr002,Manual-Fil-RPI78,data/positives/Manual-Fil-RPI78.wav,Manual-Fil-RPI78,,Manual-Fil-RPI78,validation,asr_candidate,,unmatched_speech,removed,no_wakeword_text_in_positive_recording_speech,9.652,11.212,9.652,11.212,vad_chunk,9.652,11.212,He's out now.,"[{""word"": ""He's"", ""start"": 9.652, ""end"": 9.992, ""probability"": 0.3893}, {""word"": ""out"", ""start"": 9.992, ""end"": 10.152, ""probability"": 0.8203}, {""word"": ""now."", ""start"": 10.152, ""end"": 10.452, ""probability"": 0.8984}]",0.3893,0.7273,recording_owner,2026-09-25T00:00:00Z,superseded by human-marked bounds,remove,False,asr_candidate_reviewed,False,0.1,0.55
Manual-Fil-RPI79#asr000,Manual-Fil-RPI79,data/positives/Manual-Fil-RPI79.wav,Manual-Fil-RPI79,,Manual-Fil-RPI79,train,asr_candidate,,unmatched_speech,removed,no_wakeword_text_in_positive_recording_speech,0.724,1.644,0.724,1.644,vad_chunk,0.724,1.644,Thank you.,"[{""word"": ""Thank"", ""start"": 0.724, ""end"": 1.104, ""probability"": 0.1356}, {""word"": ""you."", ""start"": 1.104, ""end"": 1.184, ""probability"": 0.9497}]",0.1356,1.0,recording_owner,2026-09-25T00:00:00Z,superseded by human-marked bounds,remove,False,asr_candidate_reviewed,False,0.1,0.55
Manual-Fil-RPI79#asr001,Manual-Fil-RPI79,data/positives/Manual-Fil-RPI79.wav,Manual-Fil-RPI79,,Manual-Fil-RPI79,train,asr_candidate,,unmatched_speech,removed,no_wakeword_text_in_positive_recording_speech,7.028,8.012,7.028,8.012,vad_chunk,7.028,8.012,,[],,1.0,recording_owner,2026-09-25T00:00:00Z,superseded by human-marked bounds,remove,False,asr_candidate_reviewed,False,0.1,0.55
Manual-Fil-RPI8#asr000,Manual-Fil-RPI8,data/positives/Manual-Fil-RPI8.wav,Manual-Fil-RPI8,,Manual-Fil-RPI8,train,asr_candidate,,complete,removed,,0.49,0.93,0.0,0.82,asr_energy_refined,0.0,1.387,Hey Delta!,"[{""word"": ""Hey"", ""start"": 0.0, ""end"": 0.54, ""probability"": 0.7881}, {""word"": ""Delta!"", ""start"": 0.54, ""end"": 0.82, ""probability"": 0.8452}]",0.7881,0.0,recording_owner,2026-09-25T00:00:00Z,superseded by owner clip-level label,remove,False,asr_candidate_reviewed,False,0.09,0.4
Manual-Fil-RPI80#asr000,Manual-Fil-RPI80,data/positives/Manual-Fil-RPI80.wav,Manual-Fil-RPI80,,Manual-Fil-RPI80,train,asr_candidate,,complete,removed,,0.98,1.52,0.724,1.404,asr_energy_refined,0.724,2.444,Hey Delta!,"[{""word"": ""Hey"", ""start"": 0.724, ""end"": 1.104, ""probability"": 0.7822}, {""word"": ""Delta!"", ""start"": 1.104, ""end"": 1.404, ""probability"": 0.8506}]",0.7822,0.0,recording_owner,2026-09-25T00:00:00Z,superseded by human-marked bounds,remove,False,asr_candidate_reviewed,False,0.09,0.4
Manual-Fil-RPI80#asr001,Manual-Fil-RPI80,data/positives/Manual-Fil-RPI80.wav,Manual-Fil-RPI80,,Manual-Fil-RPI80,train,asr_candidate,,complete,removed,,4.27,4.72,3.956,4.636,asr_energy_refined,3.956,5.484,Hey Delta!,"[{""word"": ""Hey"", ""start"": 3.956, ""end"": 4.336, ""probability"": 0.7622}, {""word"": ""Delta!"", ""start"": 4.336, ""end"": 4.636, ""probability"": 0.8125}]",0.7622,0.0,recording_owner,2026-09-25T00:00:00Z,superseded by human-marked bounds,remove,False,asr_candidate_reviewed,False,0.09,0.4
Manual-Fil-RPI80#asr002,Manual-Fil-RPI80,data/positives/Manual-Fil-RPI80.wav,Manual-Fil-RPI80,,Manual-Fil-RPI80,train,asr_candidate,,complete,removed,,7.5,7.91,7.22,7.82,asr_energy_refined,7.22,8.62,Hey Delta!,"[{""word"": ""Hey"", ""start"": 7.22, ""end"": 7.56, ""probability"": 0.8247}, {""word"": ""Delta!"", ""start"": 7.56, ""end"": 7.82, ""probability"": 0.8232}]",0.8232,0.0,recording_owner,2026-09-25T00:00:00Z,superseded by human-marked bounds,remove,False,asr_candidate_reviewed,False,0.09,0.4
Manual-Fil-RPI80#asr003,Manual-Fil-RPI80,data/positives/Manual-Fil-RPI80.wav,Manual-Fil-RPI80,,Manual-Fil-RPI80,train,asr_candidate,,complete,removed,,9.44,10.5,9.14,9.8,asr_energy_refined,9.14,10.988,Hey Delta!,"[{""word"": ""Hey"", ""start"": 9.14, ""end"": 9.52, ""probability"": 0.8066}, {""word"": ""Delta!"", ""start"": 9.52, ""end"": 9.8, ""probability"": 0.8115}]",0.8066,0.0,recording_owner,2026-09-25T00:00:00Z,superseded by human-marked bounds,remove,False,asr_candidate_reviewed,False,0.09,0.4
Manual-Fil-RPI80#asr004,Manual-Fil-RPI80,data/positives/Manual-Fil-RPI80.wav,Manual-Fil-RPI80,,Manual-Fil-RPI80,train,asr_candidate,,complete,removed,,12.14,13.29,11.86,12.6,asr_energy_refined,11.86,13.74,Hey Delta!,"[{""word"": ""Hey"", ""start"": 11.86, ""end"": 12.24, ""probability"": 0.7954}, {""word"": ""Delta!"", ""start"": 12.24, ""end"": 12.6, ""probability"": 0.7852}]",0.7852,0.0,recording_owner,2026-09-25T00:00:00Z,superseded by human-marked bounds,remove,False,asr_candidate_reviewed,False,0.09,0.4
Manual-Fil-RPI80#asr005,Manual-Fil-RPI80,data/positives/Manual-Fil-RPI80.wav,Manual-Fil-RPI80,,Manual-Fil-RPI80,train,asr_candidate,,complete,removed,,17.16,18.24,16.884,17.544,asr_energy_refined,16.884,18.7,Hey Delta!,"[{""word"": ""Hey"", ""start"": 16.884, ""end"": 17.264, ""probability"": 0.7925}, {""word"": ""Delta!"", ""start"": 17.264, ""end"": 17.544, ""probability"": 0.7778}]",0.7778,0.0,recording_owner,2026-09-25T00:00:00Z,superseded by human-marked bounds,remove,False,asr_candidate_reviewed,False,0.09,0.4
Manual-Fil-RPI80#asr006,Manual-Fil-RPI80,data/positives/Manual-Fil-RPI80.wav,Manual-Fil-RPI80,,Manual-Fil-RPI80,train,asr_candidate,,complete,removed,,20.6,21.02,20.532,20.932,asr_energy_refined,20.532,21.804,"Hey, Delta.","[{""word"": ""Hey,"", ""start"": 20.532, ""end"": 20.712, ""probability"": 0.4126}, {""word"": ""Delta."", ""start"": 20.712, ""end"": 20.932, ""probability"": 0.9629}]",0.4126,0.0,recording_owner,2026-09-25T00:00:00Z,superseded by human-marked bounds,remove,False,asr_candidate_reviewed,False,0.09,0.4
Manual-Fil-RPI80#asr007,Manual-Fil-RPI80,data/positives/Manual-Fil-RPI80.wav,Manual-Fil-RPI80,,Manual-Fil-RPI80,train,asr_candidate,,complete,removed,,23.39,23.83,23.124,23.724,asr_energy_refined,23.124,24.588,Hey Delta!,"[{""word"": ""Hey"", ""start"": 23.124, ""end"": 23.464, ""probability"": 0.813}, {""word"": ""Delta!"", ""start"": 23.464, ""end"": 23.724, ""probability"": 0.7402}]",0.7402,0.0,recording_owner,2026-09-25T00:00:00Z,superseded by human-marked bounds,remove,False,asr_candidate_reviewed,False,0.09,0.4
Manual-Fil-RPI80#asr008,Manual-Fil-RPI80,data/positives/Manual-Fil-RPI80.wav,Manual-Fil-RPI80,,Manual-Fil-RPI80,train,asr_candidate,,unmatched_speech,removed,no_wakeword_text_in_positive_recording_speech,25.076,25.9,25.076,25.9,vad_chunk,25.076,25.9,London all day.,"[{""word"": ""London"", ""start"": 25.076, ""end"": 25.436, ""probability"": 0.7163}, {""word"": ""all"", ""start"": 25.436, ""end"": 25.596, ""probability"": 0.2971}, {""word"": ""day."", ""start"": 25.596, ""end"": 25.736, ""probability"": 0.9966}]",0.2971,0.7857,recording_owner,2026-09-25T00:00:00Z,superseded by human-marked bounds,remove,False,asr_candidate_reviewed,False,0.1,0.55
Manual-Fil-RPI80#asr009,Manual-Fil-RPI80,data/positives/Manual-Fil-RPI80.wav,Manual-Fil-RPI80,,Manual-Fil-RPI80,train,asr_candidate,,complete,removed,,26.57,27.0,26.292,26.892,asr_energy_refined,26.292,27.852,Hey Delta!,"[{""word"": ""Hey"", ""start"": 26.292, ""end"": 26.632, ""probability"": 0.7925}, {""word"": ""Delta!"", ""start"": 26.632, ""end"": 26.892, ""probability"": 0.7271}]",0.7271,0.0,recording_owner,2026-09-25T00:00:00Z,superseded by human-marked bounds,remove,False,asr_candidate_reviewed,False,0.09,0.4
Manual-Fil-RPI81#asr000,Manual-Fil-RPI81,data/positives/Manual-Fil-RPI81.wav,Manual-Fil-RPI81,,Manual-Fil-RPI81,train,asr_candidate,,complete,removed,,0.0,1.85,0.0,1.4,asr_energy_refined,0.0,4.48,Hey Delta! Hey Delta!,"[{""word"": ""Hey"", ""start"": 0.0, ""end"": 1.1, ""probability"": 0.7036}, {""word"": ""Delta!"", ""start"": 1.1, ""end"": 1.4, ""probability"": 0.6758}]",0.6758,0.0,recording_owner,2026-09-25T00:00:00Z,superseded by human-marked bounds,remove,False,asr_candidate_reviewed,False,0.09,0.4
Manual-Fil-RPI81#asr001,Manual-Fil-RPI81,data/positives/Manual-Fil-RPI81.wav,Manual-Fil-RPI81,,Manual-Fil-RPI81,train,asr_candidate,,complete,removed,implausible_duration,1.63,3.51,1.68,3.5,asr_energy_refined,0.0,4.48,Hey Delta! Hey Delta!,"[{""word"": ""Hey"", ""start"": 1.68, ""end"": 2.58, ""probability"": 0.9443}, {""word"": ""Delta!"", ""start"": 2.58, ""end"": 3.5, ""probability"": 0.9741}]",0.9443,0.0,recording_owner,2026-09-25T00:00:00Z,superseded by human-marked bounds,remove,False,asr_candidate_reviewed,False,0.09,0.4
Manual-Fil-RPI82#asr000,Manual-Fil-RPI82,data/positives/Manual-Fil-RPI82.wav,Manual-Fil-RPI82,,Manual-Fil-RPI82,test,asr_candidate,,complete,removed,,0.0,1.39,0.0,1.34,asr_energy_refined,0.0,7.051,hey Delta hey Delta hey Delta,"[{""word"": ""hey"", ""start"": 0.0, ""end"": 1.02, ""probability"": 0.3516}, {""word"": ""Delta"", ""start"": 1.02, ""end"": 1.34, ""probability"": 0.8252}]",0.3516,0.0,recording_owner,2026-09-25T00:00:00Z,superseded by human-marked bounds,remove,False,asr_candidate_reviewed,False,0.09,0.4
Manual-Fil-RPI82#asr001,Manual-Fil-RPI82,data/positives/Manual-Fil-RPI82.wav,Manual-Fil-RPI82,,Manual-Fil-RPI82,test,asr_candidate,,complete,removed,implausible_duration,1.29,3.19,1.34,3.2,asr_energy_refined,0.0,7.051,hey Delta hey Delta hey Delta,"[{""word"": ""hey"", ""start"": 1.34, ""end"": 2.84, ""probability"": 0.7681}, {""word"": ""Delta"", ""start"": 2.84, ""end"": 3.2, ""probability"": 0.8486}]",0.7681,0.0,recording_owner,2026-09-25T00:00:00Z,superseded by human-marked bounds,remove,False,asr_candidate_reviewed,False,0.09,0.4
Manual-Fil-RPI82#asr002,Manual-Fil-RPI82,data/positives/Manual-Fil-RPI82.wav,Manual-Fil-RPI82,,Manual-Fil-RPI82,test,asr_candidate,,complete,removed,implausible_duration,3.28,5.95,3.2,5.76,asr_energy_refined,0.0,7.051,hey Delta hey Delta hey Delta,"[{""word"": ""hey"", ""start"": 3.2, ""end"": 5.44, ""probability"": 0.8784}, {""word"": ""Delta"", ""start"": 5.44, ""end"": 5.76, ""probability"": 0.9399}]",0.8784,0.0,recording_owner,2026-09-25T00:00:00Z,superseded by human-marked bounds,remove,False,asr_candidate_reviewed,False,0.09,0.4
Manual-Fil-RPI9#asr000,Manual-Fil-RPI9,data/positives/Manual-Fil-RPI9.wav,Manual-Fil-RPI9,,Manual-Fil-RPI9,test,asr_candidate,,complete,reviewed,,0.0,0.89,0.0,0.82,asr_energy_refined,0.0,1.568,Hey Delta!,"[{""word"": ""Hey"", ""start"": 0.0, ""end"": 0.56, ""probability"": 0.7588}, {""word"": ""Delta!"", ""start"": 0.56, ""end"": 0.82, ""probability"": 0.7881}]",0.7588,0.0,recording_owner,2026-09-25T00:00:00Z,owner: one complete Hey Delta per clip,confirm_complete,False,asr_candidate_reviewed,True,0.09,0.4
en_GB-alan-medium_spd0.85_pit-2#gt000,en_GB-alan-medium_spd0.85_pit-2,data/positives/en_GB-alan-medium_spd0.85_pit-2.wav,en_GB-alan-medium,en_GB-alan-medium,en_GB-alan-medium,test,synthetic_ground_truth,"tts_positive_whole_clip energy_trim(top_db=40.0) clip=[0,1.0449]",complete,ground_truth,,0.0499,0.9578,0.0,1.0448979591836736,synthetic_whole_clip_energy_trim,,,,,,,,,,,True,synthetic_ground_truth,True,0.0,0.0
en_GB-alan-medium_spd0.85_pit0#gt000,en_GB-alan-medium_spd0.85_pit0,data/positives/en_GB-alan-medium_spd0.85_pit0.wav,en_GB-alan-medium,en_GB-alan-medium,en_GB-alan-medium,test,synthetic_ground_truth,"tts_positive_whole_clip energy_trim(top_db=40.0) clip=[0,1.0565]",complete,ground_truth,,0.0698,0.9179,0.0,1.0565079365079366,synthetic_whole_clip_energy_trim,,,,,,,,,,,True,synthetic_ground_truth,True,0.0,0.0
en_GB-alan-medium_spd0.85_pit2#gt000,en_GB-alan-medium_spd0.85_pit2,data/positives/en_GB-alan-medium_spd0.85_pit2.wav,en_GB-alan-medium,en_GB-alan-medium,en_GB-alan-medium,test,synthetic_ground_truth,"tts_positive_whole_clip energy_trim(top_db=40.0) clip=[0,1.0101]",complete,ground_truth,,0.0299,0.9678,0.0,1.0100680272108844,synthetic_whole_clip_energy_trim,,,,,,,,,,,True,synthetic_ground_truth,True,0.0,0.0
en_GB-alan-medium_spd1.0_pit-2#gt000,en_GB-alan-medium_spd1.0_pit-2,data/positives/en_GB-alan-medium_spd1.0_pit-2.wav,en_GB-alan-medium,en_GB-alan-medium,en_GB-alan-medium,test,synthetic_ground_truth,"tts_positive_whole_clip energy_trim(top_db=40.0) clip=[0,0.8824]",complete,ground_truth,,0.0399,0.8181,0.0,0.8823582766439909,synthetic_whole_clip_energy_trim,,,,,,,,,,,True,synthetic_ground_truth,True,0.0,0.0
en_GB-alan-medium_spd1.0_pit0#gt000,en_GB-alan-medium_spd1.0_pit0,data/positives/en_GB-alan-medium_spd1.0_pit0.wav,en_GB-alan-medium,en_GB-alan-medium,en_GB-alan-medium,test,synthetic_ground_truth,"tts_positive_whole_clip energy_trim(top_db=40.0) clip=[0,0.9288]",complete,ground_truth,,0.0499,0.8481,0.0,0.9287981859410432,synthetic_whole_clip_energy_trim,,,,,,,,,,,True,synthetic_ground_truth,True,0.0,0.0
en_GB-alan-medium_spd1.0_pit2#gt000,en_GB-alan-medium_spd1.0_pit2,data/positives/en_GB-alan-medium_spd1.0_pit2.wav,en_GB-alan-medium,en_GB-alan-medium,en_GB-alan-medium,test,synthetic_ground_truth,"tts_positive_whole_clip energy_trim(top_db=40.0) clip=[0,0.9636]",complete,ground_truth,,0.02,0.878,0.0,0.9636281179138322,synthetic_whole_clip_energy_trim,,,,,,,,,,,True,synthetic_ground_truth,True,0.0,0.0
en_GB-alan-medium_spd1.15_pit-2#gt000,en_GB-alan-medium_spd1.15_pit-2,data/positives/en_GB-alan-medium_spd1.15_pit-2.wav,en_GB-alan-medium,en_GB-alan-medium,en_GB-alan-medium,test,synthetic_ground_truth,"tts_positive_whole_clip energy_trim(top_db=40.0) clip=[0,0.8243]",complete,ground_truth,,0.0399,0.7782,0.0,0.8243083900226758,synthetic_whole_clip_energy_trim,,,,,,,,,,,True,synthetic_ground_truth,True,0.0,0.0
en_GB-alan-medium_spd1.15_pit0#gt000,en_GB-alan-medium_spd1.15_pit0,data/positives/en_GB-alan-medium_spd1.15_pit0.wav,en_GB-alan-medium,en_GB-alan-medium,en_GB-alan-medium,test,synthetic_ground_truth,"tts_positive_whole_clip energy_trim(top_db=40.0) clip=[0,0.8127]",complete,ground_truth,,0.0399,0.7383,0.0,0.8126984126984127,synthetic_whole_clip_energy_trim,,,,,,,,,,,True,synthetic_ground_truth,True,0.0,0.0
en_GB-alan-medium_spd1.15_pit2#gt000,en_GB-alan-medium_spd1.15_pit2,data/positives/en_GB-alan-medium_spd1.15_pit2.wav,en_GB-alan-medium,en_GB-alan-medium,en_GB-alan-medium,test,synthetic_ground_truth,"tts_positive_whole_clip energy_trim(top_db=40.0) clip=[0,0.8243]",complete,ground_truth,,0.02,0.7782,0.0,0.8243083900226758,synthetic_whole_clip_energy_trim,,,,,,,,,,,True,synthetic_ground_truth,True,0.0,0.0
en_US-amy-medium_spd0.85_pit-2#gt000,en_US-amy-medium_spd0.85_pit-2,data/positives/en_US-amy-medium_spd0.85_pit-2.wav,en_US-amy-medium,en_US-amy-medium,en_US-amy-medium,validation,synthetic_ground_truth,"tts_positive_whole_clip energy_trim(top_db=40.0) clip=[0,0.9985]",complete,ground_truth,,0.0399,0.868,0.0,0.9984580498866212,synthetic_whole_clip_energy_trim,,,,,,,,,,,True,synthetic_ground_truth,True,0.0,0.0
en_US-amy-medium_spd0.85_pit0#gt000,en_US-amy-medium_spd0.85_pit0,data/positives/en_US-amy-medium_spd0.85_pit0.wav,en_US-amy-medium,en_US-amy-medium,en_US-amy-medium,validation,synthetic_ground_truth,"tts_positive_whole_clip energy_trim(top_db=40.0) clip=[0,1.0797]",complete,ground_truth,,0.0798,0.9478,0.0,1.0797278911564625,synthetic_whole_clip_energy_trim,,,,,,,,,,,True,synthetic_ground_truth,True,0.0,0.0
en_US-amy-medium_spd0.85_pit2#gt000,en_US-amy-medium_spd0.85_pit2,data/positives/en_US-amy-medium_spd0.85_pit2.wav,en_US-amy-medium,en_US-amy-medium,en_US-amy-medium,validation,synthetic_ground_truth,"tts_positive_whole_clip energy_trim(top_db=40.0) clip=[0,0.9752]",complete,ground_truth,,0.01,0.858,0.0,0.9752380952380952,synthetic_whole_clip_energy_trim,,,,,,,,,,,True,synthetic_ground_truth,True,0.0,0.0
en_US-amy-medium_spd1.0_pit-2#gt000,en_US-amy-medium_spd1.0_pit-2,data/positives/en_US-amy-medium_spd1.0_pit-2.wav,en_US-amy-medium,en_US-amy-medium,en_US-amy-medium,validation,synthetic_ground_truth,"tts_positive_whole_clip energy_trim(top_db=40.0) clip=[0,0.9520]",complete,ground_truth,,0.0798,0.8381,0.0,0.9520181405895692,synthetic_whole_clip_energy_trim,,,,,,,,,,,True,synthetic_ground_truth,True,0.0,0.0
en_US-amy-medium_spd1.0_pit0#gt000,en_US-amy-medium_spd1.0_pit0,data/positives/en_US-amy-medium_spd1.0_pit0.wav,en_US-amy-medium,en_US-amy-medium,en_US-amy-medium,validation,synthetic_ground_truth,"tts_positive_whole_clip energy_trim(top_db=40.0) clip=[0,0.9868]",complete,ground_truth,,0.0798,0.8481,0.0,0.9868480725623584,synthetic_whole_clip_energy_trim,,,,,,,,,,,True,synthetic_ground_truth,True,0.0,0.0
en_US-amy-medium_spd1.0_pit2#gt000,en_US-amy-medium_spd1.0_pit2,data/positives/en_US-amy-medium_spd1.0_pit2.wav,en_US-amy-medium,en_US-amy-medium,en_US-amy-medium,validation,synthetic_ground_truth,"tts_positive_whole_clip energy_trim(top_db=40.0) clip=[0,0.8940]",complete,ground_truth,,0.0,0.7782,0.0,0.893968253968254,synthetic_whole_clip_energy_trim,,,,,,,,,,,True,synthetic_ground_truth,True,0.0,0.0
en_US-amy-medium_spd1.15_pit-2#gt000,en_US-amy-medium_spd1.15_pit-2,data/positives/en_US-amy-medium_spd1.15_pit-2.wav,en_US-amy-medium,en_US-amy-medium,en_US-amy-medium,validation,synthetic_ground_truth,"tts_positive_whole_clip energy_trim(top_db=40.0) clip=[0,0.8359]",complete,ground_truth,,0.0499,0.7483,0.0,0.8359183673469388,synthetic_whole_clip_energy_trim,,,,,,,,,,,True,synthetic_ground_truth,True,0.0,0.0
en_US-amy-medium_spd1.15_pit0#gt000,en_US-amy-medium_spd1.15_pit0,data/positives/en_US-amy-medium_spd1.15_pit0.wav,en_US-amy-medium,en_US-amy-medium,en_US-amy-medium,validation,synthetic_ground_truth,"tts_positive_whole_clip energy_trim(top_db=40.0) clip=[0,0.8475]",complete,ground_truth,,0.0499,0.7283,0.0,0.8475283446712019,synthetic_whole_clip_energy_trim,,,,,,,,,,,True,synthetic_ground_truth,True,0.0,0.0
en_US-amy-medium_spd1.15_pit2#gt000,en_US-amy-medium_spd1.15_pit2,data/positives/en_US-amy-medium_spd1.15_pit2.wav,en_US-amy-medium,en_US-amy-medium,en_US-amy-medium,validation,synthetic_ground_truth,"tts_positive_whole_clip energy_trim(top_db=40.0) clip=[0,0.8591]",complete,ground_truth,,0.0299,0.7483,0.0,0.8591383219954648,synthetic_whole_clip_energy_trim,,,,,,,,,,,True,synthetic_ground_truth,True,0.0,0.0
en_US-lessac-medium_spd0.85_pit-2#gt000,en_US-lessac-medium_spd0.85_pit-2,data/positives/en_US-lessac-medium_spd0.85_pit-2.wav,en_US-lessac-medium,en_US-lessac-medium,en_US-lessac-medium,train,synthetic_ground_truth,"tts_positive_whole_clip energy_trim(top_db=40.0) clip=[0,0.8940]",complete,ground_truth,,0.0599,0.7084,0.0,0.893968253968254,synthetic_whole_clip_energy_trim,,,,,,,,,,,True,synthetic_ground_truth,True,0.0,0.0
en_US-lessac-medium_spd0.85_pit0#gt000,en_US-lessac-medium_spd0.85_pit0,data/positives/en_US-lessac-medium_spd0.85_pit0.wav,en_US-lessac-medium,en_US-lessac-medium,en_US-lessac-medium,train,synthetic_ground_truth,"tts_positive_whole_clip energy_trim(top_db=40.0) clip=[0,0.9288]",complete,ground_truth,,0.0299,0.7782,0.0,0.9287981859410432,synthetic_whole_clip_energy_trim,,,,,,,,,,,True,synthetic_ground_truth,True,0.0,0.0
en_US-lessac-medium_spd1.0_pit0#gt000,en_US-lessac-medium_spd1.0_pit0,data/positives/en_US-lessac-medium_spd1.0_pit0.wav,en_US-lessac-medium,en_US-lessac-medium,en_US-lessac-medium,train,synthetic_ground_truth,"tts_positive_whole_clip energy_trim(top_db=40.0) clip=[0,0.7779]",complete,ground_truth,,0.0499,0.6385,0.0,0.7778684807256235,synthetic_whole_clip_energy_trim,,,,,,,,,,,True,synthetic_ground_truth,True,0.0,0.0
en_US-lessac-medium_spd1.15_pit-2#gt000,en_US-lessac-medium_spd1.15_pit-2,data/positives/en_US-lessac-medium_spd1.15_pit-2.wav,en_US-lessac-medium,en_US-lessac-medium,en_US-lessac-medium,train,synthetic_ground_truth,"tts_positive_whole_clip energy_trim(top_db=40.0) clip=[0,0.7198]",complete,ground_truth,,0.0299,0.6086,0.0,0.7198185941043084,synthetic_whole_clip_energy_trim,,,,,,,,,,,True,synthetic_ground_truth,True,0.0,0.0
en_US-lessac-medium_spd1.15_pit0#gt000,en_US-lessac-medium_spd1.15_pit0,data/positives/en_US-lessac-medium_spd1.15_pit0.wav,en_US-lessac-medium,en_US-lessac-medium,en_US-lessac-medium,train,synthetic_ground_truth,"tts_positive_whole_clip energy_trim(top_db=40.0) clip=[0,0.7198]",complete,ground_truth,,0.0698,0.6086,0.0,0.7198185941043084,synthetic_whole_clip_energy_trim,,,,,,,,,,,True,synthetic_ground_truth,True,0.0,0.0
en_US-lessac-medium_spd1.15_pit2#gt000,en_US-lessac-medium_spd1.15_pit2,data/positives/en_US-lessac-medium_spd1.15_pit2.wav,en_US-lessac-medium,en_US-lessac-medium,en_US-lessac-medium,train,synthetic_ground_truth,"tts_positive_whole_clip energy_trim(top_db=40.0) clip=[0,0.6850]",complete,ground_truth,,0.0299,0.6485,0.0,0.6849886621315193,synthetic_whole_clip_energy_trim,,,,,,,,,,,True,synthetic_ground_truth,True,0.0,0.0
en_US-ryan-medium_spd0.85_pit-2#gt000,en_US-ryan-medium_spd0.85_pit-2,data/positives/en_US-ryan-medium_spd0.85_pit-2.wav,en_US-ryan-medium,en_US-ryan-medium,en_US-ryan-medium,train,synthetic_ground_truth,"tts_positive_whole_clip energy_trim(top_db=40.0) clip=[0,0.6502]",complete,ground_truth,,0.0,0.6485,0.0,0.6501587301587302,synthetic_whole_clip_energy_trim,,,,,,,,,,,True,synthetic_ground_truth,True,0.0,0.0
en_US-ryan-medium_spd0.85_pit0#gt000,en_US-ryan-medium_spd0.85_pit0,data/positives/en_US-ryan-medium_spd0.85_pit0.wav,en_US-ryan-medium,en_US-ryan-medium,en_US-ryan-medium,train,synthetic_ground_truth,"tts_positive_whole_clip energy_trim(top_db=40.0) clip=[0,0.6734]",complete,ground_truth,,0.0,0.6685,0.0,0.6733786848072563,synthetic_whole_clip_energy_trim,,,,,,,,,,,True,synthetic_ground_truth,True,0.0,0.0
en_US-ryan-medium_spd0.85_pit2#gt000,en_US-ryan-medium_spd0.85_pit2,data/positives/en_US-ryan-medium_spd0.85_pit2.wav,en_US-ryan-medium,en_US-ryan-medium,en_US-ryan-medium,train,synthetic_ground_truth,"tts_positive_whole_clip energy_trim(top_db=40.0) clip=[0,0.6269]",complete,ground_truth,,0.0,0.6186,0.0,0.626938775510204,synthetic_whole_clip_energy_trim,,,,,,,,,,,True,synthetic_ground_truth,True,0.0,0.0
en_US-ryan-medium_spd1.0_pit0#gt000,en_US-ryan-medium_spd1.0_pit0,data/positives/en_US-ryan-medium_spd1.0_pit0.wav,en_US-ryan-medium,en_US-ryan-medium,en_US-ryan-medium,train,synthetic_ground_truth,"tts_positive_whole_clip energy_trim(top_db=40.0) clip=[0,0.6153]",complete,ground_truth,,0.0,0.6086,0.0,0.615328798185941,synthetic_whole_clip_energy_trim,,,,,,,,,,,True,synthetic_ground_truth,True,0.0,0.0
en_US-ryan-medium_spd1.0_pit2#gt000,en_US-ryan-medium_spd1.0_pit2,data/positives/en_US-ryan-medium_spd1.0_pit2.wav,en_US-ryan-medium,en_US-ryan-medium,en_US-ryan-medium,train,synthetic_ground_truth,"tts_positive_whole_clip energy_trim(top_db=40.0) clip=[0,0.6502]",complete,ground_truth,,0.0,0.6485,0.0,0.6501587301587302,synthetic_whole_clip_energy_trim,,,,,,,,,,,True,synthetic_ground_truth,True,0.0,0.0
en_US-ryan-medium_spd1.15_pit0#gt000,en_US-ryan-medium_spd1.15_pit0,data/positives/en_US-ryan-medium_spd1.15_pit0.wav,en_US-ryan-medium,en_US-ryan-medium,en_US-ryan-medium,train,synthetic_ground_truth,"tts_positive_whole_clip energy_trim(top_db=40.0) clip=[0,0.6037]",complete,ground_truth,,0.0,0.5986,0.0,0.603718820861678,synthetic_whole_clip_energy_trim,,,,,,,,,,,True,synthetic_ground_truth,True,0.0,0.0
en_US-ryan-medium_spd1.15_pit2#gt000,en_US-ryan-medium_spd1.15_pit2,data/positives/en_US-ryan-medium_spd1.15_pit2.wav,en_US-ryan-medium,en_US-ryan-medium,en_US-ryan-medium,train,synthetic_ground_truth,"tts_positive_whole_clip energy_trim(top_db=40.0) clip=[0,0.6385]",complete,ground_truth,,0.0,0.6385,0.0,0.6385487528344671,synthetic_whole_clip_energy_trim,,,,,,,,,,,True,synthetic_ground_truth,True,0.0,0.0
fil-PH-AngeloNeural_spd0.85_pit-2#gt000,fil-PH-AngeloNeural_spd0.85_pit-2,data/positives/fil-PH-AngeloNeural_spd0.85_pit-2.wav,fil-PH-AngeloNeural,fil-PH-AngeloNeural,fil-PH-AngeloNeural,train,synthetic_ground_truth,"tts_positive_whole_clip energy_trim(top_db=40.0) clip=[0,1.9680]",complete,ground_truth,,0.23,0.96,0.0,1.968,synthetic_whole_clip_energy_trim,,,,,,,,,,,True,synthetic_ground_truth,True,0.0,0.0
fil-PH-AngeloNeural_spd0.85_pit0#gt000,fil-PH-AngeloNeural_spd0.85_pit0,data/positives/fil-PH-AngeloNeural_spd0.85_pit0.wav,fil-PH-AngeloNeural,fil-PH-AngeloNeural,fil-PH-AngeloNeural,train,synthetic_ground_truth,"tts_positive_whole_clip energy_trim(top_db=40.0) clip=[0,1.9680]",complete,ground_truth,,0.24,0.97,0.0,1.968,synthetic_whole_clip_energy_trim,,,,,,,,,,,True,synthetic_ground_truth,True,0.0,0.0
fil-PH-AngeloNeural_spd0.85_pit2#gt000,fil-PH-AngeloNeural_spd0.85_pit2,data/positives/fil-PH-AngeloNeural_spd0.85_pit2.wav,fil-PH-AngeloNeural,fil-PH-AngeloNeural,fil-PH-AngeloNeural,train,synthetic_ground_truth,"tts_positive_whole_clip energy_trim(top_db=40.0) clip=[0,1.9680]",complete,ground_truth,,0.23,0.97,0.0,1.968,synthetic_whole_clip_energy_trim,,,,,,,,,,,True,synthetic_ground_truth,True,0.0,0.0
fil-PH-AngeloNeural_spd1.0_pit-2#gt000,fil-PH-AngeloNeural_spd1.0_pit-2,data/positives/fil-PH-AngeloNeural_spd1.0_pit-2.wav,fil-PH-AngeloNeural,fil-PH-AngeloNeural,fil-PH-AngeloNeural,train,synthetic_ground_truth,"tts_positive_whole_clip energy_trim(top_db=40.0) clip=[0,1.8720]",complete,ground_truth,,0.21,0.83,0.0,1.872,synthetic_whole_clip_energy_trim,,,,,,,,,,,True,synthetic_ground_truth,True,0.0,0.0
fil-PH-AngeloNeural_spd1.0_pit0#gt000,fil-PH-AngeloNeural_spd1.0_pit0,data/positives/fil-PH-AngeloNeural_spd1.0_pit0.wav,fil-PH-AngeloNeural,fil-PH-AngeloNeural,fil-PH-AngeloNeural,train,synthetic_ground_truth,"tts_positive_whole_clip energy_trim(top_db=40.0) clip=[0,1.8720]",complete,ground_truth,,0.2,0.83,0.0,1.872,synthetic_whole_clip_energy_trim,,,,,,,,,,,True,synthetic_ground_truth,True,0.0,0.0
fil-PH-AngeloNeural_spd1.0_pit2#gt000,fil-PH-AngeloNeural_spd1.0_pit2,data/positives/fil-PH-AngeloNeural_spd1.0_pit2.wav,fil-PH-AngeloNeural,fil-PH-AngeloNeural,fil-PH-AngeloNeural,train,synthetic_ground_truth,"tts_positive_whole_clip energy_trim(top_db=40.0) clip=[0,1.8720]",complete,ground_truth,,0.2,0.84,0.0,1.872,synthetic_whole_clip_energy_trim,,,,,,,,,,,True,synthetic_ground_truth,True,0.0,0.0
fil-PH-AngeloNeural_spd1.15_pit0#gt000,fil-PH-AngeloNeural_spd1.15_pit0,data/positives/fil-PH-AngeloNeural_spd1.15_pit0.wav,fil-PH-AngeloNeural,fil-PH-AngeloNeural,fil-PH-AngeloNeural,train,synthetic_ground_truth,"tts_positive_whole_clip energy_trim(top_db=40.0) clip=[0,1.8720]",complete,ground_truth,,0.18,0.73,0.0,1.872,synthetic_whole_clip_energy_trim,,,,,,,,,,,True,synthetic_ground_truth,True,0.0,0.0
fil-PH-AngeloNeural_spd1.15_pit2#gt000,fil-PH-AngeloNeural_spd1.15_pit2,data/positives/fil-PH-AngeloNeural_spd1.15_pit2.wav,fil-PH-AngeloNeural,fil-PH-AngeloNeural,fil-PH-AngeloNeural,train,synthetic_ground_truth,"tts_positive_whole_clip energy_trim(top_db=40.0) clip=[0,1.8720]",complete,ground_truth,,0.18,0.74,0.0,1.872,synthetic_whole_clip_energy_trim,,,,,,,,,,,True,synthetic_ground_truth,True,0.0,0.0
fil-PH-BlessicaNeural_spd0.85_pit-2#gt000,fil-PH-BlessicaNeural_spd0.85_pit-2,data/positives/fil-PH-BlessicaNeural_spd0.85_pit-2.wav,fil-PH-BlessicaNeural,fil-PH-BlessicaNeural,fil-PH-BlessicaNeural,train,synthetic_ground_truth,"tts_positive_whole_clip energy_trim(top_db=40.0) clip=[0,2.0880]",complete,ground_truth,,0.28,1.07,0.0,2.088,synthetic_whole_clip_energy_trim,,,,,,,,,,,True,synthetic_ground_truth,True,0.0,0.0
fil-PH-BlessicaNeural_spd0.85_pit0#gt000,fil-PH-BlessicaNeural_spd0.85_pit0,data/positives/fil-PH-BlessicaNeural_spd0.85_pit0.wav,fil-PH-BlessicaNeural,fil-PH-BlessicaNeural,fil-PH-BlessicaNeural,train,synthetic_ground_truth,"tts_positive_whole_clip energy_trim(top_db=40.0) clip=[0,2.1120]",complete,ground_truth,,0.29,1.09,0.0,2.112,synthetic_whole_clip_energy_trim,,,,,,,,,,,True,synthetic_ground_truth,True,0.0,0.0
fil-PH-BlessicaNeural_spd0.85_pit2#gt000,fil-PH-BlessicaNeural_spd0.85_pit2,data/positives/fil-PH-BlessicaNeural_spd0.85_pit2.wav,fil-PH-BlessicaNeural,fil-PH-BlessicaNeural,fil-PH-BlessicaNeural,train,synthetic_ground_truth,"tts_positive_whole_clip energy_trim(top_db=40.0) clip=[0,2.1120]",complete,ground_truth,,0.29,1.08,0.0,2.112,synthetic_whole_clip_energy_trim,,,,,,,,,,,True,synthetic_ground_truth,True,0.0,0.0
fil-PH-BlessicaNeural_spd1.0_pit-2#gt000,fil-PH-BlessicaNeural_spd1.0_pit-2,data/positives/fil-PH-BlessicaNeural_spd1.0_pit-2.wav,fil-PH-BlessicaNeural,fil-PH-BlessicaNeural,fil-PH-BlessicaNeural,train,synthetic_ground_truth,"tts_positive_whole_clip energy_trim(top_db=40.0) clip=[0,1.8720]",complete,ground_truth,,0.25,0.92,0.0,1.872,synthetic_whole_clip_energy_trim,,,,,,,,,,,True,synthetic_ground_truth,True,0.0,0.0
fil-PH-BlessicaNeural_spd1.0_pit0#gt000,fil-PH-BlessicaNeural_spd1.0_pit0,data/positives/fil-PH-BlessicaNeural_spd1.0_pit0.wav,fil-PH-BlessicaNeural,fil-PH-BlessicaNeural,fil-PH-BlessicaNeural,train,synthetic_ground_truth,"tts_positive_whole_clip energy_trim(top_db=40.0) clip=[0,1.8720]",complete,ground_truth,,0.25,0.93,0.0,1.872,synthetic_whole_clip_energy_trim,,,,,,,,,,,True,synthetic_ground_truth,True,0.0,0.0
fil-PH-BlessicaNeural_spd1.0_pit2#gt000,fil-PH-BlessicaNeural_spd1.0_pit2,data/positives/fil-PH-BlessicaNeural_spd1.0_pit2.wav,fil-PH-BlessicaNeural,fil-PH-BlessicaNeural,fil-PH-BlessicaNeural,train,synthetic_ground_truth,"tts_positive_whole_clip energy_trim(top_db=40.0) clip=[0,1.8720]",complete,ground_truth,,0.25,0.93,0.0,1.872,synthetic_whole_clip_energy_trim,,,,,,,,,,,True,synthetic_ground_truth,True,0.0,0.0
fil-PH-BlessicaNeural_spd1.15_pit-2#gt000,fil-PH-BlessicaNeural_spd1.15_pit-2,data/positives/fil-PH-BlessicaNeural_spd1.15_pit-2.wav,fil-PH-BlessicaNeural,fil-PH-BlessicaNeural,fil-PH-BlessicaNeural,train,synthetic_ground_truth,"tts_positive_whole_clip energy_trim(top_db=40.0) clip=[0,1.8720]",complete,ground_truth,,0.22,0.82,0.0,1.872,synthetic_whole_clip_energy_trim,,,,,,,,,,,True,synthetic_ground_truth,True,0.0,0.0
fil-PH-BlessicaNeural_spd1.15_pit0#gt000,fil-PH-BlessicaNeural_spd1.15_pit0,data/positives/fil-PH-BlessicaNeural_spd1.15_pit0.wav,fil-PH-BlessicaNeural,fil-PH-BlessicaNeural,fil-PH-BlessicaNeural,train,synthetic_ground_truth,"tts_positive_whole_clip energy_trim(top_db=40.0) clip=[0,1.8720]",complete,ground_truth,,0.22,0.82,0.0,1.872,synthetic_whole_clip_energy_trim,,,,,,,,,,,True,synthetic_ground_truth,True,0.0,0.0
fil-PH-BlessicaNeural_spd1.15_pit2#gt000,fil-PH-BlessicaNeural_spd1.15_pit2,data/positives/fil-PH-BlessicaNeural_spd1.15_pit2.wav,fil-PH-BlessicaNeural,fil-PH-BlessicaNeural,fil-PH-BlessicaNeural,train,synthetic_ground_truth,"tts_positive_whole_clip energy_trim(top_db=40.0) clip=[0,1.8720]",complete,ground_truth,,0.23,0.82,0.0,1.872,synthetic_whole_clip_energy_trim,,,,,,,,,,,True,synthetic_ground_truth,True,0.0,0.0
id_ID-news_tts-medium_spd0.85_pit0#gt000,id_ID-news_tts-medium_spd0.85_pit0,data/positives/id_ID-news_tts-medium_spd0.85_pit0.wav,id_ID-news_tts-medium,id_ID-news_tts-medium,id_ID-news_tts-medium,train,synthetic_ground_truth,"tts_positive_whole_clip energy_trim(top_db=40.0) clip=[0,1.0449]",complete,ground_truth,,0.1098,1.0177,0.0,1.0448979591836736,synthetic_whole_clip_energy_trim,,,,,,,,,,,True,synthetic_ground_truth,True,0.0,0.0
id_ID-news_tts-medium_spd1.15_pit0#gt000,id_ID-news_tts-medium_spd1.15_pit0,data/positives/id_ID-news_tts-medium_spd1.15_pit0.wav,id_ID-news_tts-medium,id_ID-news_tts-medium,id_ID-news_tts-medium,train,synthetic_ground_truth,"tts_positive_whole_clip energy_trim(top_db=40.0) clip=[0,0.8359]",complete,ground_truth,,0.02,0.8281,0.0,0.8359183673469388,synthetic_whole_clip_energy_trim,,,,,,,,,,,True,synthetic_ground_truth,True,0.0,0.0
syn_stream_0002#gt000,syn_stream_0002,data/streaming_eval/syn_stream_0002.wav,syn_stream_0002,syn_stream_0002,syn_stream_0002,streaming_eval_holdout,synthetic_ground_truth,streaming_eval_manifest.wakeword_metadata[0] voice=en_US-lessac-medium,complete,ground_truth,,18.436416666666663,19.133020833333333,18.436416666666663,19.133020833333333,synthetic_insertion,,,,,,,,,,,True,synthetic_ground_truth,True,0.0,0.0
syn_stream_0003#gt000,syn_stream_0003,data/streaming_eval/syn_stream_0003.wav,syn_stream_0003,syn_stream_0003,syn_stream_0003,streaming_eval_holdout,synthetic_ground_truth,streaming_eval_manifest.wakeword_metadata[0] voice=en_GB-alan-medium,complete,ground_truth,,16.5599375,17.523583333333335,16.5599375,17.523583333333335,synthetic_insertion,,,,,,,,,,,True,synthetic_ground_truth,True,0.0,0.0
syn_stream_0004#gt000,syn_stream_0004,data/streaming_eval/syn_stream_0004.wav,syn_stream_0004,syn_stream_0004,syn_stream_0004,streaming_eval_holdout,synthetic_ground_truth,streaming_eval_manifest.wakeword_metadata[0] voice=en_GB-alan-medium,complete,ground_truth,,12.257979166666669,13.151958333333331,12.257979166666669,13.151958333333331,synthetic_insertion,,,,,,,,,,,True,synthetic_ground_truth,True,0.0,0.0
syn_stream_0005#gt000,syn_stream_0005,data/streaming_eval/syn_stream_0005.wav,syn_stream_0005,syn_stream_0005,syn_stream_0005,streaming_eval_holdout,synthetic_ground_truth,streaming_eval_manifest.wakeword_metadata[0] voice=en_GB-alba-medium,complete,ground_truth,,11.679395833333333,12.538541666666667,11.679395833333333,12.538541666666667,synthetic_insertion,,,,,,,,,,,True,synthetic_ground_truth,True,0.0,0.0
syn_stream_0005#gt001,syn_stream_0005,data/streaming_eval/syn_stream_0005.wav,syn_stream_0005,syn_stream_0005,syn_stream_0005,streaming_eval_holdout,synthetic_ground_truth,streaming_eval_manifest.wakeword_metadata[1] voice=fil-PH-BlessicaNeural,complete,ground_truth,,21.052125,22.924125,21.052125,22.924125,synthetic_insertion,,,,,,,,,,,True,synthetic_ground_truth,True,0.0,0.0
syn_stream_0006#gt000,syn_stream_0006,data/streaming_eval/syn_stream_0006.wav,syn_stream_0006,syn_stream_0006,syn_stream_0006,streaming_eval_holdout,synthetic_ground_truth,streaming_eval_manifest.wakeword_metadata[0] voice=en_US-lessac-medium,complete,ground_truth,,13.5385,14.316375,13.5385,14.316375,synthetic_insertion,,,,,,,,,,,True,synthetic_ground_truth,True,0.0,0.0
syn_stream_0006#gt001,syn_stream_0006,data/streaming_eval/syn_stream_0006.wav,syn_stream_0006,syn_stream_0006,syn_stream_0006,streaming_eval_holdout,synthetic_ground_truth,streaming_eval_manifest.wakeword_metadata[1] voice=en_US-lessac-medium,complete,ground_truth,,14.510041666666666,15.206645833333331,14.510041666666666,15.206645833333331,synthetic_insertion,,,,,,,,,,,True,synthetic_ground_truth,True,0.0,0.0
syn_stream_0007#gt000,syn_stream_0007,data/streaming_eval/syn_stream_0007.wav,syn_stream_0007,syn_stream_0007,syn_stream_0007,streaming_eval_holdout,synthetic_ground_truth,streaming_eval_manifest.wakeword_metadata[0] voice=fil-PH-AngeloNeural,complete,ground_truth,,11.0450625,12.9170625,11.0450625,12.9170625,synthetic_insertion,,,,,,,,,,,True,synthetic_ground_truth,True,0.0,0.0
syn_stream_0008#gt000,syn_stream_0008,data/streaming_eval/syn_stream_0008.wav,syn_stream_0008,syn_stream_0008,syn_stream_0008,streaming_eval_holdout,synthetic_ground_truth,streaming_eval_manifest.wakeword_metadata[0] voice=fil-PH-BlessicaNeural,complete,ground_truth,,20.33277083333333,22.20477083333333,20.33277083333333,22.20477083333333,synthetic_insertion,,,,,,,,,,,True,synthetic_ground_truth,True,0.0,0.0
syn_stream_0010#gt000,syn_stream_0010,data/streaming_eval/syn_stream_0010.wav,syn_stream_0010,syn_stream_0010,syn_stream_0010,streaming_eval_holdout,synthetic_ground_truth,streaming_eval_manifest.wakeword_metadata[0] voice=fil-PH-AngeloNeural,complete,ground_truth,,10.3496875,12.2216875,10.3496875,12.2216875,synthetic_insertion,,,,,,,,,,,True,synthetic_ground_truth,True,0.0,0.0
syn_stream_0010#gt001,syn_stream_0010,data/streaming_eval/syn_stream_0010.wav,syn_stream_0010,syn_stream_0010,syn_stream_0010,streaming_eval_holdout,synthetic_ground_truth,streaming_eval_manifest.wakeword_metadata[1] voice=en_GB-alan-medium,complete,ground_truth,,23.0560625,23.9384375,23.0560625,23.9384375,synthetic_insertion,,,,,,,,,,,True,synthetic_ground_truth,True,0.0,0.0
syn_stream_0011#gt000,syn_stream_0011,data/streaming_eval/syn_stream_0011.wav,syn_stream_0011,syn_stream_0011,syn_stream_0011,streaming_eval_holdout,synthetic_ground_truth,streaming_eval_manifest.wakeword_metadata[0] voice=en_US-ryan-medium,complete,ground_truth,,7.625229166666666,8.275395833333333,7.625229166666666,8.275395833333333,synthetic_insertion,,,,,,,,,,,True,synthetic_ground_truth,True,0.0,0.0
syn_stream_0013#gt000,syn_stream_0013,data/streaming_eval/syn_stream_0013.wav,syn_stream_0013,syn_stream_0013,syn_stream_0013,streaming_eval_holdout,synthetic_ground_truth,streaming_eval_manifest.wakeword_metadata[0] voice=en_GB-alan-medium,complete,ground_truth,,18.596354166666668,19.525166666666667,18.596354166666668,19.525166666666667,synthetic_insertion,,,,,,,,,,,True,synthetic_ground_truth,True,0.0,0.0
syn_stream_0016#gt000,syn_stream_0016,data/streaming_eval/syn_stream_0016.wav,syn_stream_0016,syn_stream_0016,syn_stream_0016,streaming_eval_holdout,synthetic_ground_truth,streaming_eval_manifest.wakeword_metadata[0] voice=en_US-amy-medium,complete,ground_truth,,15.280958333333333,16.186541666666667,15.280958333333333,16.186541666666667,synthetic_insertion,,,,,,,,,,,True,synthetic_ground_truth,True,0.0,0.0
syn_stream_0016#gt001,syn_stream_0016,data/streaming_eval/syn_stream_0016.wav,syn_stream_0016,syn_stream_0016,syn_stream_0016,streaming_eval_holdout,synthetic_ground_truth,streaming_eval_manifest.wakeword_metadata[1] voice=fil-PH-BlessicaNeural,complete,ground_truth,,16.508020833333333,18.380020833333333,16.508020833333333,18.380020833333333,synthetic_insertion,,,,,,,,,,,True,synthetic_ground_truth,True,0.0,0.0
syn_stream_0017#gt000,syn_stream_0017,data/streaming_eval/syn_stream_0017.wav,syn_stream_0017,syn_stream_0017,syn_stream_0017,streaming_eval_holdout,synthetic_ground_truth,streaming_eval_manifest.wakeword_metadata[0] voice=fil-PH-BlessicaNeural,complete,ground_truth,,11.2693125,13.1413125,11.2693125,13.1413125,synthetic_insertion,,,,,,,,,,,True,synthetic_ground_truth,True,0.0,0.0
syn_stream_0022#gt000,syn_stream_0022,data/streaming_eval/syn_stream_0022.wav,syn_stream_0022,syn_stream_0022,syn_stream_0022,streaming_eval_holdout,synthetic_ground_truth,streaming_eval_manifest.wakeword_metadata[0] voice=en_US-ryan-medium,complete,ground_truth,,13.026333333333334,13.6765,13.026333333333334,13.6765,synthetic_insertion,,,,,,,,,,,True,synthetic_ground_truth,True,0.0,0.0
syn_stream_0024#gt000,syn_stream_0024,data/streaming_eval/syn_stream_0024.wav,syn_stream_0024,syn_stream_0024,syn_stream_0024,streaming_eval_holdout,synthetic_ground_truth,streaming_eval_manifest.wakeword_metadata[0] voice=vi_VN-vivos-x_low,complete,ground_truth,,12.418875,13.378875,12.418875,13.378875,synthetic_insertion,,,,,,,,,,,True,synthetic_ground_truth,True,0.0,0.0
syn_stream_0024#gt001,syn_stream_0024,data/streaming_eval/syn_stream_0024.wav,syn_stream_0024,syn_stream_0024,syn_stream_0024,streaming_eval_holdout,synthetic_ground_truth,streaming_eval_manifest.wakeword_metadata[1] voice=en_US-lessac-medium,complete,ground_truth,,12.7224375,13.5003125,12.7224375,13.5003125,synthetic_insertion,,,,,,,,,,,True,synthetic_ground_truth,True,0.0,0.0
syn_stream_0025#gt000,syn_stream_0025,data/streaming_eval/syn_stream_0025.wav,syn_stream_0025,syn_stream_0025,syn_stream_0025,streaming_eval_holdout,synthetic_ground_truth,streaming_eval_manifest.wakeword_metadata[0] voice=en_US-amy-medium,complete,ground_truth,,10.338875,11.279291666666667,10.338875,11.279291666666667,synthetic_insertion,,,,,,,,,,,True,synthetic_ground_truth,True,0.0,0.0
syn_stream_0026#gt000,syn_stream_0026,data/streaming_eval/syn_stream_0026.wav,syn_stream_0026,syn_stream_0026,syn_stream_0026,streaming_eval_holdout,synthetic_ground_truth,streaming_eval_manifest.wakeword_metadata[0] voice=fil-PH-AngeloNeural,complete,ground_truth,,9.042895833333333,10.914895833333333,9.042895833333333,10.914895833333333,synthetic_insertion,,,,,,,,,,,True,synthetic_ground_truth,True,0.0,0.0
syn_stream_0026#gt001,syn_stream_0026,data/streaming_eval/syn_stream_0026.wav,syn_stream_0026,syn_stream_0026,syn_stream_0026,streaming_eval_holdout,synthetic_ground_truth,streaming_eval_manifest.wakeword_metadata[1] voice=en_GB-alba-medium,complete,ground_truth,,11.053895833333334,11.913041666666668,11.053895833333334,11.913041666666668,synthetic_insertion,,,,,,,,,,,True,synthetic_ground_truth,True,0.0,0.0
syn_stream_0028#gt000,syn_stream_0028,data/streaming_eval/syn_stream_0028.wav,syn_stream_0028,syn_stream_0028,syn_stream_0028,streaming_eval_holdout,synthetic_ground_truth,streaming_eval_manifest.wakeword_metadata[0] voice=en_GB-alba-medium,complete,ground_truth,,18.021229166666668,18.880375,18.021229166666668,18.880375,synthetic_insertion,,,,,,,,,,,True,synthetic_ground_truth,True,0.0,0.0
syn_stream_0028#gt001,syn_stream_0028,data/streaming_eval/syn_stream_0028.wav,syn_stream_0028,syn_stream_0028,syn_stream_0028,streaming_eval_holdout,synthetic_ground_truth,streaming_eval_manifest.wakeword_metadata[1] voice=en_US-lessac-medium,complete,ground_truth,,23.044666666666668,23.868979166666666,23.044666666666668,23.868979166666666,synthetic_insertion,,,,,,,,,,,True,synthetic_ground_truth,True,0.0,0.0
syn_stream_0029#gt000,syn_stream_0029,data/streaming_eval/syn_stream_0029.wav,syn_stream_0029,syn_stream_0029,syn_stream_0029,streaming_eval_holdout,synthetic_ground_truth,streaming_eval_manifest.wakeword_metadata[0] voice=id_ID-news_tts-medium,complete,ground_truth,,9.209770833333334,10.1501875,9.209770833333334,10.1501875,synthetic_insertion,,,,,,,,,,,True,synthetic_ground_truth,True,0.0,0.0
syn_stream_0032#gt000,syn_stream_0032,data/streaming_eval/syn_stream_0032.wav,syn_stream_0032,syn_stream_0032,syn_stream_0032,streaming_eval_holdout,synthetic_ground_truth,streaming_eval_manifest.wakeword_metadata[0] voice=id_ID-news_tts-medium,complete,ground_truth,,14.046958333333333,14.975770833333334,14.046958333333333,14.975770833333334,synthetic_insertion,,,,,,,,,,,True,synthetic_ground_truth,True,0.0,0.0
syn_stream_0032#gt001,syn_stream_0032,data/streaming_eval/syn_stream_0032.wav,syn_stream_0032,syn_stream_0032,syn_stream_0032,streaming_eval_holdout,synthetic_ground_truth,streaming_eval_manifest.wakeword_metadata[1] voice=en_GB-alba-medium,complete,ground_truth,,15.626125,16.4620625,15.626125,16.4620625,synthetic_insertion,,,,,,,,,,,True,synthetic_ground_truth,True,0.0,0.0
syn_stream_0034#gt000,syn_stream_0034,data/streaming_eval/syn_stream_0034.wav,syn_stream_0034,syn_stream_0034,syn_stream_0034,streaming_eval_holdout,synthetic_ground_truth,streaming_eval_manifest.wakeword_metadata[0] voice=fil-PH-BlessicaNeural,complete,ground_truth,,6.306125,8.178125,6.306125,8.178125,synthetic_insertion,,,,,,,,,,,True,synthetic_ground_truth,True,0.0,0.0
syn_stream_0034#gt001,syn_stream_0034,data/streaming_eval/syn_stream_0034.wav,syn_stream_0034,syn_stream_0034,syn_stream_0034,streaming_eval_holdout,synthetic_ground_truth,streaming_eval_manifest.wakeword_metadata[1] voice=en_US-amy-medium,complete,ground_truth,,22.1855625,23.10277083333333,22.1855625,23.10277083333333,synthetic_insertion,,,,,,,,,,,True,synthetic_ground_truth,True,0.0,0.0
syn_stream_0036#gt000,syn_stream_0036,data/streaming_eval/syn_stream_0036.wav,syn_stream_0036,syn_stream_0036,syn_stream_0036,streaming_eval_holdout,synthetic_ground_truth,streaming_eval_manifest.wakeword_metadata[0] voice=fil-PH-BlessicaNeural,complete,ground_truth,,6.3531458333333335,8.225145833333332,6.3531458333333335,8.225145833333332,synthetic_insertion,,,,,,,,,,,True,synthetic_ground_truth,True,0.0,0.0
syn_stream_0036#gt001,syn_stream_0036,data/streaming_eval/syn_stream_0036.wav,syn_stream_0036,syn_stream_0036,syn_stream_0036,streaming_eval_holdout,synthetic_ground_truth,streaming_eval_manifest.wakeword_metadata[1] voice=en_US-ryan-medium,complete,ground_truth,,13.228208333333331,13.913208333333332,13.228208333333331,13.913208333333332,synthetic_insertion,,,,,,,,,,,True,synthetic_ground_truth,True,0.0,0.0
syn_stream_0037#gt000,syn_stream_0037,data/streaming_eval/syn_stream_0037.wav,syn_stream_0037,syn_stream_0037,syn_stream_0037,streaming_eval_holdout,synthetic_ground_truth,streaming_eval_manifest.wakeword_metadata[0] voice=en_GB-alan-medium,complete,ground_truth,,6.653125,7.593541666666667,6.653125,7.593541666666667,synthetic_insertion,,,,,,,,,,,True,synthetic_ground_truth,True,0.0,0.0
syn_stream_0037#gt001,syn_stream_0037,data/streaming_eval/syn_stream_0037.wav,syn_stream_0037,syn_stream_0037,syn_stream_0037,streaming_eval_holdout,synthetic_ground_truth,streaming_eval_manifest.wakeword_metadata[1] voice=vi_VN-vivos-x_low,complete,ground_truth,,20.058541666666667,21.130541666666662,20.058541666666667,21.130541666666662,synthetic_insertion,,,,,,,,,,,True,synthetic_ground_truth,True,0.0,0.0
syn_stream_0038#gt000,syn_stream_0038,data/streaming_eval/syn_stream_0038.wav,syn_stream_0038,syn_stream_0038,syn_stream_0038,streaming_eval_holdout,synthetic_ground_truth,streaming_eval_manifest.wakeword_metadata[0] voice=fil-PH-BlessicaNeural,complete,ground_truth,,8.233041666666667,10.105041666666668,8.233041666666667,10.105041666666668,synthetic_insertion,,,,,,,,,,,True,synthetic_ground_truth,True,0.0,0.0
syn_stream_0038#gt001,syn_stream_0038,data/streaming_eval/syn_stream_0038.wav,syn_stream_0038,syn_stream_0038,syn_stream_0038,streaming_eval_holdout,synthetic_ground_truth,streaming_eval_manifest.wakeword_metadata[1] voice=en_US-ryan-medium,complete,ground_truth,,21.17370833333333,21.823875,21.17370833333333,21.823875,synthetic_insertion,,,,,,,,,,,True,synthetic_ground_truth,True,0.0,0.0
syn_stream_0039#gt000,syn_stream_0039,data/streaming_eval/syn_stream_0039.wav,syn_stream_0039,syn_stream_0039,syn_stream_0039,streaming_eval_holdout,synthetic_ground_truth,streaming_eval_manifest.wakeword_metadata[0] voice=en_US-amy-medium,complete,ground_truth,,12.931958333333334,13.895604166666669,12.931958333333334,13.895604166666669,synthetic_insertion,,,,,,,,,,,True,synthetic_ground_truth,True,0.0,0.0
syn_stream_0039#gt001,syn_stream_0039,data/streaming_eval/syn_stream_0039.wav,syn_stream_0039,syn_stream_0039,syn_stream_0039,streaming_eval_holdout,synthetic_ground_truth,streaming_eval_manifest.wakeword_metadata[1] voice=en_GB-alba-medium,complete,ground_truth,,20.053354166666665,20.877666666666663,20.053354166666665,20.877666666666663,synthetic_insertion,,,,,,,,,,,True,synthetic_ground_truth,True,0.0,0.0
syn_stream_0040#gt000,syn_stream_0040,data/streaming_eval/syn_stream_0040.wav,syn_stream_0040,syn_stream_0040,syn_stream_0040,streaming_eval_holdout,synthetic_ground_truth,streaming_eval_manifest.wakeword_metadata[0] voice=fil-PH-BlessicaNeural,complete,ground_truth,,9.661041666666666,11.533041666666668,9.661041666666666,11.533041666666668,synthetic_insertion,,,,,,,,,,,True,synthetic_ground_truth,True,0.0,0.0
syn_stream_0041#gt000,syn_stream_0041,data/streaming_eval/syn_stream_0041.wav,syn_stream_0041,syn_stream_0041,syn_stream_0041,streaming_eval_holdout,synthetic_ground_truth,streaming_eval_manifest.wakeword_metadata[0] voice=en_GB-alan-medium,complete,ground_truth,,15.635166666666668,16.529145833333335,15.635166666666668,16.529145833333335,synthetic_insertion,,,,,,,,,,,True,synthetic_ground_truth,True,0.0,0.0
syn_stream_0041#gt001,syn_stream_0041,data/streaming_eval/syn_stream_0041.wav,syn_stream_0041,syn_stream_0041,syn_stream_0041,streaming_eval_holdout,synthetic_ground_truth,streaming_eval_manifest.wakeword_metadata[1] voice=fil-PH-AngeloNeural,complete,ground_truth,,21.08114583333333,22.95314583333333,21.08114583333333,22.95314583333333,synthetic_insertion,,,,,,,,,,,True,synthetic_ground_truth,True,0.0,0.0
syn_stream_0042#gt000,syn_stream_0042,data/streaming_eval/syn_stream_0042.wav,syn_stream_0042,syn_stream_0042,syn_stream_0042,streaming_eval_holdout,synthetic_ground_truth,streaming_eval_manifest.wakeword_metadata[0] voice=en_GB-alba-medium,complete,ground_truth,,19.7130625,20.502541666666666,19.7130625,20.502541666666666,synthetic_insertion,,,,,,,,,,,True,synthetic_ground_truth,True,0.0,0.0
syn_stream_0044#gt000,syn_stream_0044,data/streaming_eval/syn_stream_0044.wav,syn_stream_0044,syn_stream_0044,syn_stream_0044,streaming_eval_holdout,synthetic_ground_truth,streaming_eval_manifest.wakeword_metadata[0] voice=en_US-ryan-medium,complete,ground_truth,,9.540895833333334,10.109791666666666,9.540895833333334,10.109791666666666,synthetic_insertion,,,,,,,,,,,True,synthetic_ground_truth,True,0.0,0.0
syn_stream_0044#gt001,syn_stream_0044,data/streaming_eval/syn_stream_0044.wav,syn_stream_0044,syn_stream_0044,syn_stream_0044,streaming_eval_holdout,synthetic_ground_truth,streaming_eval_manifest.wakeword_metadata[1] voice=en_US-amy-medium,complete,ground_truth,,18.71977083333333,19.671791666666667,18.71977083333333,19.671791666666667,synthetic_insertion,,,,,,,,,,,True,synthetic_ground_truth,True,0.0,0.0
syn_stream_0045#gt000,syn_stream_0045,data/streaming_eval/syn_stream_0045.wav,syn_stream_0045,syn_stream_0045,syn_stream_0045,streaming_eval_holdout,synthetic_ground_truth,streaming_eval_manifest.wakeword_metadata[0] voice=fil-PH-AngeloNeural,complete,ground_truth,,9.560875,11.432875,9.560875,11.432875,synthetic_insertion,,,,,,,,,,,True,synthetic_ground_truth,True,0.0,0.0
syn_stream_0045#gt001,syn_stream_0045,data/streaming_eval/syn_stream_0045.wav,syn_stream_0045,syn_stream_0045,syn_stream_0045,streaming_eval_holdout,synthetic_ground_truth,streaming_eval_manifest.wakeword_metadata[1] voice=en_US-amy-medium,complete,ground_truth,,18.535979166666667,19.40672916666667,18.535979166666667,19.40672916666667,synthetic_insertion,,,,,,,,,,,True,synthetic_ground_truth,True,0.0,0.0
syn_stream_0047#gt000,syn_stream_0047,data/streaming_eval/syn_stream_0047.wav,syn_stream_0047,syn_stream_0047,syn_stream_0047,streaming_eval_holdout,synthetic_ground_truth,streaming_eval_manifest.wakeword_metadata[0] voice=vi_VN-vivos-x_low,complete,ground_truth,,8.847166666666666,9.983166666666667,8.847166666666666,9.983166666666667,synthetic_insertion,,,,,,,,,,,True,synthetic_ground_truth,True,0.0,0.0
syn_stream_0047#gt001,syn_stream_0047,data/streaming_eval/syn_stream_0047.wav,syn_stream_0047,syn_stream_0047,syn_stream_0047,streaming_eval_holdout,synthetic_ground_truth,streaming_eval_manifest.wakeword_metadata[1] voice=en_US-lessac-medium,complete,ground_truth,,22.223333333333333,23.0244375,22.223333333333333,23.0244375,synthetic_insertion,,,,,,,,,,,True,synthetic_ground_truth,True,0.0,0.0
syn_stream_0048#gt000,syn_stream_0048,data/streaming_eval/syn_stream_0048.wav,syn_stream_0048,syn_stream_0048,syn_stream_0048,streaming_eval_holdout,synthetic_ground_truth,streaming_eval_manifest.wakeword_metadata[0] voice=en_US-ryan-medium,complete,ground_truth,,8.324875,8.928604166666666,8.324875,8.928604166666666,synthetic_insertion,,,,,,,,,,,True,synthetic_ground_truth,True,0.0,0.0
syn_stream_0049#gt000,syn_stream_0049,data/streaming_eval/syn_stream_0049.wav,syn_stream_0049,syn_stream_0049,syn_stream_0049,streaming_eval_holdout,synthetic_ground_truth,streaming_eval_manifest.wakeword_metadata[0] voice=en_GB-alan-medium,complete,ground_truth,,9.969854166666666,10.9683125,9.969854166666666,10.9683125,synthetic_insertion,,,,,,,,,,,True,synthetic_ground_truth,True,0.0,0.0
syn_stream_0049#gt001,syn_stream_0049,data/streaming_eval/syn_stream_0049.wav,syn_stream_0049,syn_stream_0049,syn_stream_0049,streaming_eval_holdout,synthetic_ground_truth,streaming_eval_manifest.wakeword_metadata[1] voice=en_GB-alba-medium,complete,ground_truth,,14.751604166666668,15.61075,14.751604166666668,15.61075,synthetic_insertion,,,,,,,,,,,True,synthetic_ground_truth,True,0.0,0.0
syn_stream_0051#gt000,syn_stream_0051,data/streaming_eval/syn_stream_0051.wav,syn_stream_0051,syn_stream_0051,syn_stream_0051,streaming_eval_holdout,synthetic_ground_truth,streaming_eval_manifest.wakeword_metadata[0] voice=en_US-ryan-medium,complete,ground_truth,,9.459375,10.0979375,9.459375,10.0979375,synthetic_insertion,,,,,,,,,,,True,synthetic_ground_truth,True,0.0,0.0
syn_stream_0051#gt001,syn_stream_0051,data/streaming_eval/syn_stream_0051.wav,syn_stream_0051,syn_stream_0051,syn_stream_0051,streaming_eval_holdout,synthetic_ground_truth,streaming_eval_manifest.wakeword_metadata[1] voice=en_US-lessac-medium,complete,ground_truth,,11.668666666666669,12.5278125,11.668666666666669,12.5278125,synthetic_insertion,,,,,,,,,,,True,synthetic_ground_truth,True,0.0,0.0
syn_stream_0052#gt000,syn_stream_0052,data/streaming_eval/syn_stream_0052.wav,syn_stream_0052,syn_stream_0052,syn_stream_0052,streaming_eval_holdout,synthetic_ground_truth,streaming_eval_manifest.wakeword_metadata[0] voice=en_US-amy-medium,complete,ground_truth,,9.447854166666668,10.3650625,9.447854166666668,10.3650625,synthetic_insertion,,,,,,,,,,,True,synthetic_ground_truth,True,0.0,0.0
syn_stream_0053#gt000,syn_stream_0053,data/streaming_eval/syn_stream_0053.wav,syn_stream_0053,syn_stream_0053,syn_stream_0053,streaming_eval_holdout,synthetic_ground_truth,streaming_eval_manifest.wakeword_metadata[0] voice=en_US-lessac-medium,complete,ground_truth,,14.430875,15.197145833333334,14.430875,15.197145833333334,synthetic_insertion,,,,,,,,,,,True,synthetic_ground_truth,True,0.0,0.0
syn_stream_0055#gt000,syn_stream_0055,data/streaming_eval/syn_stream_0055.wav,syn_stream_0055,syn_stream_0055,syn_stream_0055,streaming_eval_holdout,synthetic_ground_truth,streaming_eval_manifest.wakeword_metadata[0] voice=en_US-ryan-medium,complete,ground_truth,,11.917229166666669,12.625458333333333,11.917229166666669,12.625458333333333,synthetic_insertion,,,,,,,,,,,True,synthetic_ground_truth,True,0.0,0.0
syn_stream_0055#gt001,syn_stream_0055,data/streaming_eval/syn_stream_0055.wav,syn_stream_0055,syn_stream_0055,syn_stream_0055,streaming_eval_holdout,synthetic_ground_truth,streaming_eval_manifest.wakeword_metadata[1] voice=en_US-amy-medium,complete,ground_truth,,19.59975,20.505333333333333,19.59975,20.505333333333333,synthetic_insertion,,,,,,,,,,,True,synthetic_ground_truth,True,0.0,0.0
syn_stream_0056#gt000,syn_stream_0056,data/streaming_eval/syn_stream_0056.wav,syn_stream_0056,syn_stream_0056,syn_stream_0056,streaming_eval_holdout,synthetic_ground_truth,streaming_eval_manifest.wakeword_metadata[0] voice=en_US-lessac-medium,complete,ground_truth,,6.541166666666666,7.261,6.541166666666666,7.261,synthetic_insertion,,,,,,,,,,,True,synthetic_ground_truth,True,0.0,0.0
syn_stream_0056#gt001,syn_stream_0056,data/streaming_eval/syn_stream_0056.wav,syn_stream_0056,syn_stream_0056,syn_stream_0056,streaming_eval_holdout,synthetic_ground_truth,streaming_eval_manifest.wakeword_metadata[1] voice=en_US-ryan-medium,complete,ground_truth,,13.1576875,13.831083333333334,13.1576875,13.831083333333334,synthetic_insertion,,,,,,,,,,,True,synthetic_ground_truth,True,0.0,0.0
syn_stream_0057#gt000,syn_stream_0057,data/streaming_eval/syn_stream_0057.wav,syn_stream_0057,syn_stream_0057,syn_stream_0057,streaming_eval_holdout,synthetic_ground_truth,streaming_eval_manifest.wakeword_metadata[0] voice=en_US-ryan-medium,complete,ground_truth,,12.317458333333333,12.944416666666667,12.317458333333333,12.944416666666667,synthetic_insertion,,,,,,,,,,,True,synthetic_ground_truth,True,0.0,0.0
syn_stream_0057#gt001,syn_stream_0057,data/streaming_eval/syn_stream_0057.wav,syn_stream_0057,syn_stream_0057,syn_stream_0057,streaming_eval_holdout,synthetic_ground_truth,streaming_eval_manifest.wakeword_metadata[1] voice=id_ID-news_tts-medium,complete,ground_truth,,13.580833333333333,14.509645833333334,13.580833333333333,14.509645833333334,synthetic_insertion,,,,,,,,,,,True,synthetic_ground_truth,True,0.0,0.0
syn_stream_0058#gt000,syn_stream_0058,data/streaming_eval/syn_stream_0058.wav,syn_stream_0058,syn_stream_0058,syn_stream_0058,streaming_eval_holdout,synthetic_ground_truth,streaming_eval_manifest.wakeword_metadata[0] voice=id_ID-news_tts-medium,complete,ground_truth,,16.075145833333334,16.980729166666666,16.075145833333334,16.980729166666666,synthetic_insertion,,,,,,,,,,,True,synthetic_ground_truth,True,0.0,0.0
syn_stream_0058#gt001,syn_stream_0058,data/streaming_eval/syn_stream_0058.wav,syn_stream_0058,syn_stream_0058,syn_stream_0058,streaming_eval_holdout,synthetic_ground_truth,streaming_eval_manifest.wakeword_metadata[1] voice=fil-PH-AngeloNeural,complete,ground_truth,,21.213833333333334,23.085833333333333,21.213833333333334,23.085833333333333,synthetic_insertion,,,,,,,,,,,True,synthetic_ground_truth,True,0.0,0.0
syn_stream_0059#gt000,syn_stream_0059,data/streaming_eval/syn_stream_0059.wav,syn_stream_0059,syn_stream_0059,syn_stream_0059,streaming_eval_holdout,synthetic_ground_truth,streaming_eval_manifest.wakeword_metadata[0] voice=en_GB-alan-medium,complete,ground_truth,,11.014458333333334,11.966479166666666,11.014458333333334,11.966479166666666,synthetic_insertion,,,,,,,,,,,True,synthetic_ground_truth,True,0.0,0.0
syn_stream_0059#gt001,syn_stream_0059,data/streaming_eval/syn_stream_0059.wav,syn_stream_0059,syn_stream_0059,syn_stream_0059,streaming_eval_holdout,synthetic_ground_truth,streaming_eval_manifest.wakeword_metadata[1] voice=fil-PH-BlessicaNeural,complete,ground_truth,,19.634291666666662,21.506291666666662,19.634291666666662,21.506291666666662,synthetic_insertion,,,,,,,,,,,True,synthetic_ground_truth,True,0.0,0.0
syn_stream_0060#gt000,syn_stream_0060,data/streaming_eval/syn_stream_0060.wav,syn_stream_0060,syn_stream_0060,syn_stream_0060,streaming_eval_holdout,synthetic_ground_truth,streaming_eval_manifest.wakeword_metadata[0] voice=en_US-amy-medium,complete,ground_truth,,16.97375,17.914166666666667,16.97375,17.914166666666667,synthetic_insertion,,,,,,,,,,,True,synthetic_ground_truth,True,0.0,0.0
syn_stream_0060#gt001,syn_stream_0060,data/streaming_eval/syn_stream_0060.wav,syn_stream_0060,syn_stream_0060,syn_stream_0060,streaming_eval_holdout,synthetic_ground_truth,streaming_eval_manifest.wakeword_metadata[1] voice=en_GB-alba-medium,complete,ground_truth,,19.5899375,20.391041666666663,19.5899375,20.391041666666663,synthetic_insertion,,,,,,,,,,,True,synthetic_ground_truth,True,0.0,0.0
syn_stream_0062#gt000,syn_stream_0062,data/streaming_eval/syn_stream_0062.wav,syn_stream_0062,syn_stream_0062,syn_stream_0062,streaming_eval_holdout,synthetic_ground_truth,streaming_eval_manifest.wakeword_metadata[0] voice=en_US-ryan-medium,complete,ground_truth,,18.860375,19.568604166666667,18.860375,19.568604166666667,synthetic_insertion,,,,,,,,,,,True,synthetic_ground_truth,True,0.0,0.0
syn_stream_0062#gt001,syn_stream_0062,data/streaming_eval/syn_stream_0062.wav,syn_stream_0062,syn_stream_0062,syn_stream_0062,streaming_eval_holdout,synthetic_ground_truth,streaming_eval_manifest.wakeword_metadata[1] voice=en_US-amy-medium,complete,ground_truth,,22.8885,23.8173125,22.8885,23.8173125,synthetic_insertion,,,,,,,,,,,True,synthetic_ground_truth,True,0.0,0.0
syn_stream_0063#gt000,syn_stream_0063,data/streaming_eval/syn_stream_0063.wav,syn_stream_0063,syn_stream_0063,syn_stream_0063,streaming_eval_holdout,synthetic_ground_truth,streaming_eval_manifest.wakeword_metadata[0] voice=en_US-ryan-medium,complete,ground_truth,,6.336979166666667,6.9755416666666665,6.336979166666667,6.9755416666666665,synthetic_insertion,,,,,,,,,,,True,synthetic_ground_truth,True,0.0,0.0
syn_stream_0063#gt001,syn_stream_0063,data/streaming_eval/syn_stream_0063.wav,syn_stream_0063,syn_stream_0063,syn_stream_0063,streaming_eval_holdout,synthetic_ground_truth,streaming_eval_manifest.wakeword_metadata[1] voice=en_US-ryan-medium,complete,ground_truth,,18.333895833333333,18.995666666666665,18.333895833333333,18.995666666666665,synthetic_insertion,,,,,,,,,,,True,synthetic_ground_truth,True,0.0,0.0
syn_stream_0066#gt000,syn_stream_0066,data/streaming_eval/syn_stream_0066.wav,syn_stream_0066,syn_stream_0066,syn_stream_0066,streaming_eval_holdout,synthetic_ground_truth,streaming_eval_manifest.wakeword_metadata[0] voice=en_US-amy-medium,complete,ground_truth,,12.880916666666666,13.7865,12.880916666666666,13.7865,synthetic_insertion,,,,,,,,,,,True,synthetic_ground_truth,True,0.0,0.0
syn_stream_0066#gt001,syn_stream_0066,data/streaming_eval/syn_stream_0066.wav,syn_stream_0066,syn_stream_0066,syn_stream_0066,streaming_eval_holdout,synthetic_ground_truth,streaming_eval_manifest.wakeword_metadata[1] voice=vi_VN-vivos-x_low,complete,ground_truth,,16.13233333333333,17.076333333333334,16.13233333333333,17.076333333333334,synthetic_insertion,,,,,,,,,,,True,synthetic_ground_truth,True,0.0,0.0
syn_stream_0067#gt000,syn_stream_0067,data/streaming_eval/syn_stream_0067.wav,syn_stream_0067,syn_stream_0067,syn_stream_0067,streaming_eval_holdout,synthetic_ground_truth,streaming_eval_manifest.wakeword_metadata[0] voice=fil-PH-BlessicaNeural,complete,ground_truth,,15.003,16.875,15.003,16.875,synthetic_insertion,,,,,,,,,,,True,synthetic_ground_truth,True,0.0,0.0
syn_stream_0068#gt000,syn_stream_0068,data/streaming_eval/syn_stream_0068.wav,syn_stream_0068,syn_stream_0068,syn_stream_0068,streaming_eval_holdout,synthetic_ground_truth,streaming_eval_manifest.wakeword_metadata[0] voice=en_GB-alba-medium,complete,ground_truth,,10.977479166666669,11.848229166666666,10.977479166666669,11.848229166666666,synthetic_insertion,,,,,,,,,,,True,synthetic_ground_truth,True,0.0,0.0
syn_stream_0068#gt001,syn_stream_0068,data/streaming_eval/syn_stream_0068.wav,syn_stream_0068,syn_stream_0068,syn_stream_0068,streaming_eval_holdout,synthetic_ground_truth,streaming_eval_manifest.wakeword_metadata[1] voice=en_GB-alba-medium,complete,ground_truth,,16.9965,17.86725,16.9965,17.86725,synthetic_insertion,,,,,,,,,,,True,synthetic_ground_truth,True,0.0,0.0
syn_stream_0071#gt000,syn_stream_0071,data/streaming_eval/syn_stream_0071.wav,syn_stream_0071,syn_stream_0071,syn_stream_0071,streaming_eval_holdout,synthetic_ground_truth,streaming_eval_manifest.wakeword_metadata[0] voice=en_GB-alan-medium,complete,ground_truth,,16.0155625,16.944375,16.0155625,16.944375,synthetic_insertion,,,,,,,,,,,True,synthetic_ground_truth,True,0.0,0.0
syn_stream_0074#gt000,syn_stream_0074,data/streaming_eval/syn_stream_0074.wav,syn_stream_0074,syn_stream_0074,syn_stream_0074,streaming_eval_holdout,synthetic_ground_truth,streaming_eval_manifest.wakeword_metadata[0] voice=en_US-lessac-medium,complete,ground_truth,,9.016875,9.8528125,9.016875,9.8528125,synthetic_insertion,,,,,,,,,,,True,synthetic_ground_truth,True,0.0,0.0
syn_stream_0075#gt000,syn_stream_0075,data/streaming_eval/syn_stream_0075.wav,syn_stream_0075,syn_stream_0075,syn_stream_0075,streaming_eval_holdout,synthetic_ground_truth,streaming_eval_manifest.wakeword_metadata[0] voice=vi_VN-vivos-x_low,complete,ground_truth,,8.255208333333334,9.455208333333331,8.255208333333334,9.455208333333331,synthetic_insertion,,,,,,,,,,,True,synthetic_ground_truth,True,0.0,0.0
syn_stream_0075#gt001,syn_stream_0075,data/streaming_eval/syn_stream_0075.wav,syn_stream_0075,syn_stream_0075,syn_stream_0075,streaming_eval_holdout,synthetic_ground_truth,streaming_eval_manifest.wakeword_metadata[1] voice=en_US-ryan-medium,complete,ground_truth,,21.66177083333333,22.3119375,21.66177083333333,22.3119375,synthetic_insertion,,,,,,,,,,,True,synthetic_ground_truth,True,0.0,0.0
syn_stream_0076#gt000,syn_stream_0076,data/streaming_eval/syn_stream_0076.wav,syn_stream_0076,syn_stream_0076,syn_stream_0076,streaming_eval_holdout,synthetic_ground_truth,streaming_eval_manifest.wakeword_metadata[0] voice=en_US-lessac-medium,complete,ground_truth,,22.363770833333334,23.15325,22.363770833333334,23.15325,synthetic_insertion,,,,,,,,,,,True,synthetic_ground_truth,True,0.0,0.0
syn_stream_0077#gt000,syn_stream_0077,data/streaming_eval/syn_stream_0077.wav,syn_stream_0077,syn_stream_0077,syn_stream_0077,streaming_eval_holdout,synthetic_ground_truth,streaming_eval_manifest.wakeword_metadata[0] voice=en_GB-alba-medium,complete,ground_truth,,15.4259375,16.25025,15.4259375,16.25025,synthetic_insertion,,,,,,,,,,,True,synthetic_ground_truth,True,0.0,0.0
syn_stream_0077#gt001,syn_stream_0077,data/streaming_eval/syn_stream_0077.wav,syn_stream_0077,syn_stream_0077,syn_stream_0077,streaming_eval_holdout,synthetic_ground_truth,streaming_eval_manifest.wakeword_metadata[1] voice=id_ID-news_tts-medium,complete,ground_truth,,18.696791666666662,19.579166666666666,18.696791666666662,19.579166666666666,synthetic_insertion,,,,,,,,,,,True,synthetic_ground_truth,True,0.0,0.0
syn_stream_0078#gt000,syn_stream_0078,data/streaming_eval/syn_stream_0078.wav,syn_stream_0078,syn_stream_0078,syn_stream_0078,streaming_eval_holdout,synthetic_ground_truth,streaming_eval_manifest.wakeword_metadata[0] voice=id_ID-news_tts-medium,complete,ground_truth,,13.401958333333331,14.365604166666667,13.401958333333331,14.365604166666667,synthetic_insertion,,,,,,,,,,,True,synthetic_ground_truth,True,0.0,0.0
syn_stream_0078#gt001,syn_stream_0078,data/streaming_eval/syn_stream_0078.wav,syn_stream_0078,syn_stream_0078,syn_stream_0078,streaming_eval_holdout,synthetic_ground_truth,streaming_eval_manifest.wakeword_metadata[1] voice=en_GB-alba-medium,complete,ground_truth,,20.374541666666666,21.152416666666667,20.374541666666666,21.152416666666667,synthetic_insertion,,,,,,,,,,,True,synthetic_ground_truth,True,0.0,0.0
syn_stream_0079#gt000,syn_stream_0079,data/streaming_eval/syn_stream_0079.wav,syn_stream_0079,syn_stream_0079,syn_stream_0079,streaming_eval_holdout,synthetic_ground_truth,streaming_eval_manifest.wakeword_metadata[0] voice=en_GB-alba-medium,complete,ground_truth,,10.049354166666667,10.920104166666668,10.049354166666667,10.920104166666668,synthetic_insertion,,,,,,,,,,,True,synthetic_ground_truth,True,0.0,0.0
syn_stream_0079#gt001,syn_stream_0079,data/streaming_eval/syn_stream_0079.wav,syn_stream_0079,syn_stream_0079,syn_stream_0079,streaming_eval_holdout,synthetic_ground_truth,streaming_eval_manifest.wakeword_metadata[1] voice=en_US-lessac-medium,complete,ground_truth,,19.50752083333333,20.273791666666668,19.50752083333333,20.273791666666668,synthetic_insertion,,,,,,,,,,,True,synthetic_ground_truth,True,0.0,0.0
syn_stream_0080#gt000,syn_stream_0080,data/streaming_eval/syn_stream_0080.wav,syn_stream_0080,syn_stream_0080,syn_stream_0080,streaming_eval_holdout,synthetic_ground_truth,streaming_eval_manifest.wakeword_metadata[0] voice=vi_VN-vivos-x_low,complete,ground_truth,,8.626833333333334,9.586833333333333,8.626833333333334,9.586833333333333,synthetic_insertion,,,,,,,,,,,True,synthetic_ground_truth,True,0.0,0.0
syn_stream_0080#gt001,syn_stream_0080,data/streaming_eval/syn_stream_0080.wav,syn_stream_0080,syn_stream_0080,syn_stream_0080,streaming_eval_holdout,synthetic_ground_truth,streaming_eval_manifest.wakeword_metadata[1] voice=fil-PH-BlessicaNeural,complete,ground_truth,,18.1674375,20.0394375,18.1674375,20.0394375,synthetic_insertion,,,,,,,,,,,True,synthetic_ground_truth,True,0.0,0.0
syn_stream_0081#gt000,syn_stream_0081,data/streaming_eval/syn_stream_0081.wav,syn_stream_0081,syn_stream_0081,syn_stream_0081,streaming_eval_holdout,synthetic_ground_truth,streaming_eval_manifest.wakeword_metadata[0] voice=vi_VN-vivos-x_low,complete,ground_truth,,6.996791666666667,8.052791666666666,6.996791666666667,8.052791666666666,synthetic_insertion,,,,,,,,,,,True,synthetic_ground_truth,True,0.0,0.0
syn_stream_0082#gt000,syn_stream_0082,data/streaming_eval/syn_stream_0082.wav,syn_stream_0082,syn_stream_0082,syn_stream_0082,streaming_eval_holdout,synthetic_ground_truth,streaming_eval_manifest.wakeword_metadata[0] voice=en_GB-alan-medium,complete,ground_truth,,17.407895833333335,18.33670833333333,17.407895833333335,18.33670833333333,synthetic_insertion,,,,,,,,,,,True,synthetic_ground_truth,True,0.0,0.0
syn_stream_0083#gt000,syn_stream_0083,data/streaming_eval/syn_stream_0083.wav,syn_stream_0083,syn_stream_0083,syn_stream_0083,streaming_eval_holdout,synthetic_ground_truth,streaming_eval_manifest.wakeword_metadata[0] voice=id_ID-news_tts-medium,complete,ground_truth,,17.668291666666665,18.5855,17.668291666666665,18.5855,synthetic_insertion,,,,,,,,,,,True,synthetic_ground_truth,True,0.0,0.0
syn_stream_0084#gt000,syn_stream_0084,data/streaming_eval/syn_stream_0084.wav,syn_stream_0084,syn_stream_0084,syn_stream_0084,streaming_eval_holdout,synthetic_ground_truth,streaming_eval_manifest.wakeword_metadata[0] voice=en_GB-alan-medium,complete,ground_truth,,22.8683125,23.797125,22.8683125,23.797125,synthetic_insertion,,,,,,,,,,,True,synthetic_ground_truth,True,0.0,0.0
syn_stream_0086#gt000,syn_stream_0086,data/streaming_eval/syn_stream_0086.wav,syn_stream_0086,syn_stream_0086,syn_stream_0086,streaming_eval_holdout,synthetic_ground_truth,streaming_eval_manifest.wakeword_metadata[0] voice=id_ID-news_tts-medium,complete,ground_truth,,13.408145833333334,14.302125,13.408145833333334,14.302125,synthetic_insertion,,,,,,,,,,,True,synthetic_ground_truth,True,0.0,0.0
syn_stream_0086#gt001,syn_stream_0086,data/streaming_eval/syn_stream_0086.wav,syn_stream_0086,syn_stream_0086,syn_stream_0086,streaming_eval_holdout,synthetic_ground_truth,streaming_eval_manifest.wakeword_metadata[1] voice=fil-PH-BlessicaNeural,complete,ground_truth,,17.8990625,19.7710625,17.8990625,19.7710625,synthetic_insertion,,,,,,,,,,,True,synthetic_ground_truth,True,0.0,0.0
syn_stream_0087#gt000,syn_stream_0087,data/streaming_eval/syn_stream_0087.wav,syn_stream_0087,syn_stream_0087,syn_stream_0087,streaming_eval_holdout,synthetic_ground_truth,streaming_eval_manifest.wakeword_metadata[0] voice=vi_VN-vivos-x_low,complete,ground_truth,,10.8658125,11.8898125,10.8658125,11.8898125,synthetic_insertion,,,,,,,,,,,True,synthetic_ground_truth,True,0.0,0.0
syn_stream_0087#gt001,syn_stream_0087,data/streaming_eval/syn_stream_0087.wav,syn_stream_0087,syn_stream_0087,syn_stream_0087,streaming_eval_holdout,synthetic_ground_truth,streaming_eval_manifest.wakeword_metadata[1] voice=id_ID-news_tts-medium,complete,ground_truth,,15.6420625,16.536041666666666,15.6420625,16.536041666666666,synthetic_insertion,,,,,,,,,,,True,synthetic_ground_truth,True,0.0,0.0
syn_stream_0088#gt000,syn_stream_0088,data/streaming_eval/syn_stream_0088.wav,syn_stream_0088,syn_stream_0088,syn_stream_0088,streaming_eval_holdout,synthetic_ground_truth,streaming_eval_manifest.wakeword_metadata[0] voice=en_GB-alba-medium,complete,ground_truth,,14.954791666666669,15.883604166666666,14.954791666666669,15.883604166666666,synthetic_insertion,,,,,,,,,,,True,synthetic_ground_truth,True,0.0,0.0
syn_stream_0090#gt000,syn_stream_0090,data/streaming_eval/syn_stream_0090.wav,syn_stream_0090,syn_stream_0090,syn_stream_0090,streaming_eval_holdout,synthetic_ground_truth,streaming_eval_manifest.wakeword_metadata[0] voice=id_ID-news_tts-medium,complete,ground_truth,,6.612104166666667,7.482854166666667,6.612104166666667,7.482854166666667,synthetic_insertion,,,,,,,,,,,True,synthetic_ground_truth,True,0.0,0.0
syn_stream_0090#gt001,syn_stream_0090,data/streaming_eval/syn_stream_0090.wav,syn_stream_0090,syn_stream_0090,syn_stream_0090,streaming_eval_holdout,synthetic_ground_truth,streaming_eval_manifest.wakeword_metadata[1] voice=fil-PH-AngeloNeural,complete,ground_truth,,21.142,23.014,21.142,23.014,synthetic_insertion,,,,,,,,,,,True,synthetic_ground_truth,True,0.0,0.0
syn_stream_0093#gt000,syn_stream_0093,data/streaming_eval/syn_stream_0093.wav,syn_stream_0093,syn_stream_0093,syn_stream_0093,streaming_eval_holdout,synthetic_ground_truth,streaming_eval_manifest.wakeword_metadata[0] voice=fil-PH-BlessicaNeural,complete,ground_truth,,19.4171875,21.2891875,19.4171875,21.2891875,synthetic_insertion,,,,,,,,,,,True,synthetic_ground_truth,True,0.0,0.0
syn_stream_0094#gt000,syn_stream_0094,data/streaming_eval/syn_stream_0094.wav,syn_stream_0094,syn_stream_0094,syn_stream_0094,streaming_eval_holdout,synthetic_ground_truth,streaming_eval_manifest.wakeword_metadata[0] voice=en_US-ryan-medium,complete,ground_truth,,14.233145833333332,14.860104166666666,14.233145833333332,14.860104166666666,synthetic_insertion,,,,,,,,,,,True,synthetic_ground_truth,True,0.0,0.0
syn_stream_0095#gt000,syn_stream_0095,data/streaming_eval/syn_stream_0095.wav,syn_stream_0095,syn_stream_0095,syn_stream_0095,streaming_eval_holdout,synthetic_ground_truth,streaming_eval_manifest.wakeword_metadata[0] voice=fil-PH-AngeloNeural,complete,ground_truth,,13.83575,15.70775,13.83575,15.70775,synthetic_insertion,,,,,,,,,,,True,synthetic_ground_truth,True,0.0,0.0
syn_stream_0095#gt001,syn_stream_0095,data/streaming_eval/syn_stream_0095.wav,syn_stream_0095,syn_stream_0095,syn_stream_0095,streaming_eval_holdout,synthetic_ground_truth,streaming_eval_manifest.wakeword_metadata[1] voice=vi_VN-vivos-x_low,complete,ground_truth,,15.881729166666666,16.857729166666665,15.881729166666666,16.857729166666665,synthetic_insertion,,,,,,,,,,,True,synthetic_ground_truth,True,0.0,0.0
syn_stream_0097#gt000,syn_stream_0097,data/streaming_eval/syn_stream_0097.wav,syn_stream_0097,syn_stream_0097,syn_stream_0097,streaming_eval_holdout,synthetic_ground_truth,streaming_eval_manifest.wakeword_metadata[0] voice=fil-PH-AngeloNeural,complete,ground_truth,,12.852395833333333,14.724395833333332,12.852395833333333,14.724395833333332,synthetic_insertion,,,,,,,,,,,True,synthetic_ground_truth,True,0.0,0.0
syn_stream_0098#gt000,syn_stream_0098,data/streaming_eval/syn_stream_0098.wav,syn_stream_0098,syn_stream_0098,syn_stream_0098,streaming_eval_holdout,synthetic_ground_truth,streaming_eval_manifest.wakeword_metadata[0] voice=id_ID-news_tts-medium,complete,ground_truth,,9.672,10.64725,9.672,10.64725,synthetic_insertion,,,,,,,,,,,True,synthetic_ground_truth,True,0.0,0.0
syn_stream_0099#gt000,syn_stream_0099,data/streaming_eval/syn_stream_0099.wav,syn_stream_0099,syn_stream_0099,syn_stream_0099,streaming_eval_holdout,synthetic_ground_truth,streaming_eval_manifest.wakeword_metadata[0] voice=id_ID-news_tts-medium,complete,ground_truth,,13.344875,14.204020833333333,13.344875,14.204020833333333,synthetic_insertion,,,,,,,,,,,True,synthetic_ground_truth,True,0.0,0.0
syn_stream_0100#gt000,syn_stream_0100,data/streaming_eval/syn_stream_0100.wav,syn_stream_0100,syn_stream_0100,syn_stream_0100,streaming_eval_holdout,synthetic_ground_truth,streaming_eval_manifest.wakeword_metadata[0] voice=id_ID-news_tts-medium,complete,ground_truth,,11.3946875,12.2654375,11.3946875,12.2654375,synthetic_insertion,,,,,,,,,,,True,synthetic_ground_truth,True,0.0,0.0
syn_stream_0100#gt001,syn_stream_0100,data/streaming_eval/syn_stream_0100.wav,syn_stream_0100,syn_stream_0100,syn_stream_0100,streaming_eval_holdout,synthetic_ground_truth,streaming_eval_manifest.wakeword_metadata[1] voice=en_GB-alba-medium,complete,ground_truth,,22.043729166666665,22.902875,22.043729166666665,22.902875,synthetic_insertion,,,,,,,,,,,True,synthetic_ground_truth,True,0.0,0.0
syn_stream_0101#gt000,syn_stream_0101,data/streaming_eval/syn_stream_0101.wav,syn_stream_0101,syn_stream_0101,syn_stream_0101,streaming_eval_holdout,synthetic_ground_truth,streaming_eval_manifest.wakeword_metadata[0] voice=en_US-amy-medium,complete,ground_truth,,16.012479166666665,16.976125,16.012479166666665,16.976125,synthetic_insertion,,,,,,,,,,,True,synthetic_ground_truth,True,0.0,0.0
syn_stream_0103#gt000,syn_stream_0103,data/streaming_eval/syn_stream_0103.wav,syn_stream_0103,syn_stream_0103,syn_stream_0103,streaming_eval_holdout,synthetic_ground_truth,streaming_eval_manifest.wakeword_metadata[0] voice=en_US-lessac-medium,complete,ground_truth,,10.457416666666669,11.2236875,10.457416666666669,11.2236875,synthetic_insertion,,,,,,,,,,,True,synthetic_ground_truth,True,0.0,0.0
syn_stream_0103#gt001,syn_stream_0103,data/streaming_eval/syn_stream_0103.wav,syn_stream_0103,syn_stream_0103,syn_stream_0103,streaming_eval_holdout,synthetic_ground_truth,streaming_eval_manifest.wakeword_metadata[1] voice=en_US-amy-medium,complete,ground_truth,,12.458041666666666,13.398458333333334,12.458041666666666,13.398458333333334,synthetic_insertion,,,,,,,,,,,True,synthetic_ground_truth,True,0.0,0.0
syn_stream_0104#gt000,syn_stream_0104,data/streaming_eval/syn_stream_0104.wav,syn_stream_0104,syn_stream_0104,syn_stream_0104,streaming_eval_holdout,synthetic_ground_truth,streaming_eval_manifest.wakeword_metadata[0] voice=en_GB-alba-medium,complete,ground_truth,,13.114583333333334,13.962125,13.114583333333334,13.962125,synthetic_insertion,,,,,,,,,,,True,synthetic_ground_truth,True,0.0,0.0
syn_stream_0105#gt000,syn_stream_0105,data/streaming_eval/syn_stream_0105.wav,syn_stream_0105,syn_stream_0105,syn_stream_0105,streaming_eval_holdout,synthetic_ground_truth,streaming_eval_manifest.wakeword_metadata[0] voice=en_US-amy-medium,complete,ground_truth,,13.158520833333334,14.110541666666666,13.158520833333334,14.110541666666666,synthetic_insertion,,,,,,,,,,,True,synthetic_ground_truth,True,0.0,0.0
syn_stream_0106#gt000,syn_stream_0106,data/streaming_eval/syn_stream_0106.wav,syn_stream_0106,syn_stream_0106,syn_stream_0106,streaming_eval_holdout,synthetic_ground_truth,streaming_eval_manifest.wakeword_metadata[0] voice=en_US-lessac-medium,complete,ground_truth,,9.824729166666666,10.602604166666667,9.824729166666666,10.602604166666667,synthetic_insertion,,,,,,,,,,,True,synthetic_ground_truth,True,0.0,0.0
syn_stream_0107#gt000,syn_stream_0107,data/streaming_eval/syn_stream_0107.wav,syn_stream_0107,syn_stream_0107,syn_stream_0107,streaming_eval_holdout,synthetic_ground_truth,streaming_eval_manifest.wakeword_metadata[0] voice=en_US-ryan-medium,complete,ground_truth,,14.215375,14.911979166666669,14.215375,14.911979166666669,synthetic_insertion,,,,,,,,,,,True,synthetic_ground_truth,True,0.0,0.0
syn_stream_0108#gt000,syn_stream_0108,data/streaming_eval/syn_stream_0108.wav,syn_stream_0108,syn_stream_0108,syn_stream_0108,streaming_eval_holdout,synthetic_ground_truth,streaming_eval_manifest.wakeword_metadata[0] voice=fil-PH-BlessicaNeural,complete,ground_truth,,19.78877083333333,21.66077083333333,19.78877083333333,21.66077083333333,synthetic_insertion,,,,,,,,,,,True,synthetic_ground_truth,True,0.0,0.0
syn_stream_0108#gt001,syn_stream_0108,data/streaming_eval/syn_stream_0108.wav,syn_stream_0108,syn_stream_0108,syn_stream_0108,streaming_eval_holdout,synthetic_ground_truth,streaming_eval_manifest.wakeword_metadata[1] voice=en_US-lessac-medium,complete,ground_truth,,22.27895833333333,23.091666666666665,22.27895833333333,23.091666666666665,synthetic_insertion,,,,,,,,,,,True,synthetic_ground_truth,True,0.0,0.0
syn_stream_0110#gt000,syn_stream_0110,data/streaming_eval/syn_stream_0110.wav,syn_stream_0110,syn_stream_0110,syn_stream_0110,streaming_eval_holdout,synthetic_ground_truth,streaming_eval_manifest.wakeword_metadata[0] voice=en_US-amy-medium,complete,ground_truth,,8.962854166666666,9.914875,8.962854166666666,9.914875,synthetic_insertion,,,,,,,,,,,True,synthetic_ground_truth,True,0.0,0.0
syn_stream_0110#gt001,syn_stream_0110,data/streaming_eval/syn_stream_0110.wav,syn_stream_0110,syn_stream_0110,syn_stream_0110,streaming_eval_holdout,synthetic_ground_truth,streaming_eval_manifest.wakeword_metadata[1] voice=fil-PH-AngeloNeural,complete,ground_truth,,13.498416666666667,15.370416666666667,13.498416666666667,15.370416666666667,synthetic_insertion,,,,,,,,,,,True,synthetic_ground_truth,True,0.0,0.0
syn_stream_0111#gt000,syn_stream_0111,data/streaming_eval/syn_stream_0111.wav,syn_stream_0111,syn_stream_0111,syn_stream_0111,streaming_eval_holdout,synthetic_ground_truth,streaming_eval_manifest.wakeword_metadata[0] voice=en_GB-alan-medium,complete,ground_truth,,14.251208333333333,15.226458333333332,14.251208333333333,15.226458333333332,synthetic_insertion,,,,,,,,,,,True,synthetic_ground_truth,True,0.0,0.0
syn_stream_0112#gt000,syn_stream_0112,data/streaming_eval/syn_stream_0112.wav,syn_stream_0112,syn_stream_0112,syn_stream_0112,streaming_eval_holdout,synthetic_ground_truth,streaming_eval_manifest.wakeword_metadata[0] voice=en_US-amy-medium,complete,ground_truth,,22.753604166666666,23.6708125,22.753604166666666,23.6708125,synthetic_insertion,,,,,,,,,,,True,synthetic_ground_truth,True,0.0,0.0
syn_stream_0113#gt000,syn_stream_0113,data/streaming_eval/syn_stream_0113.wav,syn_stream_0113,syn_stream_0113,syn_stream_0113,streaming_eval_holdout,synthetic_ground_truth,streaming_eval_manifest.wakeword_metadata[0] voice=en_GB-alba-medium,complete,ground_truth,,11.722729166666667,12.5354375,11.722729166666667,12.5354375,synthetic_insertion,,,,,,,,,,,True,synthetic_ground_truth,True,0.0,0.0
syn_stream_0114#gt000,syn_stream_0114,data/streaming_eval/syn_stream_0114.wav,syn_stream_0114,syn_stream_0114,syn_stream_0114,streaming_eval_holdout,synthetic_ground_truth,streaming_eval_manifest.wakeword_metadata[0] voice=en_US-ryan-medium,complete,ground_truth,,16.835479166666666,17.485645833333333,16.835479166666666,17.485645833333333,synthetic_insertion,,,,,,,,,,,True,synthetic_ground_truth,True,0.0,0.0
syn_stream_0114#gt001,syn_stream_0114,data/streaming_eval/syn_stream_0114.wav,syn_stream_0114,syn_stream_0114,syn_stream_0114,streaming_eval_holdout,synthetic_ground_truth,streaming_eval_manifest.wakeword_metadata[1] voice=id_ID-news_tts-medium,complete,ground_truth,,18.5465625,19.4173125,18.5465625,19.4173125,synthetic_insertion,,,,,,,,,,,True,synthetic_ground_truth,True,0.0,0.0
syn_stream_0115#gt000,syn_stream_0115,data/streaming_eval/syn_stream_0115.wav,syn_stream_0115,syn_stream_0115,syn_stream_0115,streaming_eval_holdout,synthetic_ground_truth,streaming_eval_manifest.wakeword_metadata[0] voice=en_US-lessac-medium,complete,ground_truth,,13.28625,14.1105625,13.28625,14.1105625,synthetic_insertion,,,,,,,,,,,True,synthetic_ground_truth,True,0.0,0.0
syn_stream_0115#gt001,syn_stream_0115,data/streaming_eval/syn_stream_0115.wav,syn_stream_0115,syn_stream_0115,syn_stream_0115,streaming_eval_holdout,synthetic_ground_truth,streaming_eval_manifest.wakeword_metadata[1] voice=en_US-lessac-medium,complete,ground_truth,,19.2145625,20.0853125,19.2145625,20.0853125,synthetic_insertion,,,,,,,,,,,True,synthetic_ground_truth,True,0.0,0.0
syn_stream_0118#gt000,syn_stream_0118,data/streaming_eval/syn_stream_0118.wav,syn_stream_0118,syn_stream_0118,syn_stream_0118,streaming_eval_holdout,synthetic_ground_truth,streaming_eval_manifest.wakeword_metadata[0] voice=en_GB-alba-medium,complete,ground_truth,,15.03575,15.9065,15.03575,15.9065,synthetic_insertion,,,,,,,,,,,True,synthetic_ground_truth,True,0.0,0.0
syn_stream_0118#gt001,syn_stream_0118,data/streaming_eval/syn_stream_0118.wav,syn_stream_0118,syn_stream_0118,syn_stream_0118,streaming_eval_holdout,synthetic_ground_truth,streaming_eval_manifest.wakeword_metadata[1] voice=fil-PH-BlessicaNeural,complete,ground_truth,,17.221833333333333,19.093833333333333,17.221833333333333,19.093833333333333,synthetic_insertion,,,,,,,,,,,True,synthetic_ground_truth,True,0.0,0.0
tts2_en_GB-aru-medium_spk0_pos0#gt000,tts2_en_GB-aru-medium_spk0_pos0,data/positives/tts2_en_GB-aru-medium_spk0_pos0.wav,en_GB-aru-medium-spk0,en_GB-aru-medium,en_GB-aru-medium-spk0,train,synthetic_ground_truth,"tts_positive_whole_clip energy_trim(top_db=40.0) clip=[0,1.0333]",complete,ground_truth,,0.01,1.0177,0.0,1.0332879818594105,synthetic_whole_clip_energy_trim,,,,,,,,,,,True,synthetic_ground_truth,True,0.0,0.0
tts2_en_GB-aru-medium_spk10_pos1#gt000,tts2_en_GB-aru-medium_spk10_pos1,data/positives/tts2_en_GB-aru-medium_spk10_pos1.wav,en_GB-aru-medium-spk10,en_GB-aru-medium,en_GB-aru-medium-spk10,validation,synthetic_ground_truth,"tts_positive_whole_clip energy_trim(top_db=40.0) clip=[0,0.7314]",complete,ground_truth,,0.0499,0.6984,0.0,0.7314285714285714,synthetic_whole_clip_energy_trim,,,,,,,,,,,True,synthetic_ground_truth,True,0.0,0.0
tts2_en_GB-aru-medium_spk11_pos0#gt000,tts2_en_GB-aru-medium_spk11_pos0,data/positives/tts2_en_GB-aru-medium_spk11_pos0.wav,en_GB-aru-medium-spk11,en_GB-aru-medium,en_GB-aru-medium-spk11,train,synthetic_ground_truth,"tts_positive_whole_clip energy_trim(top_db=40.0) clip=[0,0.6850]",complete,ground_truth,,0.0,0.5488,0.0,0.6849886621315193,synthetic_whole_clip_energy_trim,,,,,,,,,,,True,synthetic_ground_truth,True,0.0,0.0
tts2_en_GB-aru-medium_spk11_pos1#gt000,tts2_en_GB-aru-medium_spk11_pos1,data/positives/tts2_en_GB-aru-medium_spk11_pos1.wav,en_GB-aru-medium-spk11,en_GB-aru-medium,en_GB-aru-medium-spk11,train,synthetic_ground_truth,"tts_positive_whole_clip energy_trim(top_db=40.0) clip=[0,0.7663]",complete,ground_truth,,0.02,0.6086,0.0,0.7662585034013606,synthetic_whole_clip_energy_trim,,,,,,,,,,,True,synthetic_ground_truth,True,0.0,0.0
tts2_en_GB-aru-medium_spk1_pos0#gt000,tts2_en_GB-aru-medium_spk1_pos0,data/positives/tts2_en_GB-aru-medium_spk1_pos0.wav,en_GB-aru-medium-spk1,en_GB-aru-medium,en_GB-aru-medium-spk1,train,synthetic_ground_truth,"tts_positive_whole_clip energy_trim(top_db=40.0) clip=[0,1.0681]",complete,ground_truth,,0.0,0.868,0.0,1.0681179138321997,synthetic_whole_clip_energy_trim,,,,,,,,,,,True,synthetic_ground_truth,True,0.0,0.0
tts2_en_GB-aru-medium_spk1_pos1#gt000,tts2_en_GB-aru-medium_spk1_pos1,data/positives/tts2_en_GB-aru-medium_spk1_pos1.wav,en_GB-aru-medium-spk1,en_GB-aru-medium,en_GB-aru-medium-spk1,train,synthetic_ground_truth,"tts_positive_whole_clip energy_trim(top_db=40.0) clip=[0,0.9636]",complete,ground_truth,,0.0898,0.8281,0.0,0.9636281179138322,synthetic_whole_clip_energy_trim,,,,,,,,,,,True,synthetic_ground_truth,True,0.0,0.0
tts2_en_GB-aru-medium_spk2_pos0#gt000,tts2_en_GB-aru-medium_spk2_pos0,data/positives/tts2_en_GB-aru-medium_spk2_pos0.wav,en_GB-aru-medium-spk2,en_GB-aru-medium,en_GB-aru-medium-spk2,train,synthetic_ground_truth,"tts_positive_whole_clip energy_trim(top_db=40.0) clip=[0,0.8127]",complete,ground_truth,,0.0,0.7483,0.0,0.8126984126984127,synthetic_whole_clip_energy_trim,,,,,,,,,,,True,synthetic_ground_truth,True,0.0,0.0
tts2_en_GB-aru-medium_spk2_pos1#gt000,tts2_en_GB-aru-medium_spk2_pos1,data/positives/tts2_en_GB-aru-medium_spk2_pos1.wav,en_GB-aru-medium-spk2,en_GB-aru-medium,en_GB-aru-medium-spk2,train,synthetic_ground_truth,"tts_positive_whole_clip energy_trim(top_db=40.0) clip=[0,0.6850]",complete,ground_truth,,0.0499,0.6286,0.0,0.6849886621315193,synthetic_whole_clip_energy_trim,,,,,,,,,,,True,synthetic_ground_truth,True,0.0,0.0
tts2_en_GB-aru-medium_spk3_pos0#gt000,tts2_en_GB-aru-medium_spk3_pos0,data/positives/tts2_en_GB-aru-medium_spk3_pos0.wav,en_GB-aru-medium-spk3,en_GB-aru-medium,en_GB-aru-medium-spk3,train,synthetic_ground_truth,"tts_positive_whole_clip energy_trim(top_db=40.0) clip=[0,1.3351]",complete,ground_truth,,0.1197,1.1773,0.0,1.3351473922902497,synthetic_whole_clip_energy_trim,,,,,,,,,,,True,synthetic_ground_truth,True,0.0,0.0
tts2_en_GB-aru-medium_spk3_pos1#gt000,tts2_en_GB-aru-medium_spk3_pos1,data/positives/tts2_en_GB-aru-medium_spk3_pos1.wav,en_GB-aru-medium-spk3,en_GB-aru-medium,en_GB-aru-medium-spk3,train,synthetic_ground_truth,"tts_positive_whole_clip energy_trim(top_db=40.0) clip=[0,1.7183]",complete,ground_truth,,0.5088,1.5565,0.0,1.7182766439909296,synthetic_whole_clip_energy_trim,,,,,,,,,,,True,synthetic_ground_truth,True,0.0,0.0
tts2_en_GB-aru-medium_spk4_pos0#gt000,tts2_en_GB-aru-medium_spk4_pos0,data/positives/tts2_en_GB-aru-medium_spk4_pos0.wav,en_GB-aru-medium-spk4,en_GB-aru-medium,en_GB-aru-medium-spk4,validation,synthetic_ground_truth,"tts_positive_whole_clip energy_trim(top_db=40.0) clip=[0,0.7895]",complete,ground_truth,,0.0,0.7782,0.0,0.7894784580498866,synthetic_whole_clip_energy_trim,,,,,,,,,,,True,synthetic_ground_truth,True,0.0,0.0
tts2_en_GB-aru-medium_spk5_pos1#gt000,tts2_en_GB-aru-medium_spk5_pos1,data/positives/tts2_en_GB-aru-medium_spk5_pos1.wav,en_GB-aru-medium-spk5,en_GB-aru-medium,en_GB-aru-medium-spk5,train,synthetic_ground_truth,"tts_positive_whole_clip energy_trim(top_db=40.0) clip=[0,0.8707]",complete,ground_truth,,0.0399,0.7383,0.0,0.8707482993197279,synthetic_whole_clip_energy_trim,,,,,,,,,,,True,synthetic_ground_truth,True,0.0,0.0
tts2_en_GB-aru-medium_spk6_pos1#gt000,tts2_en_GB-aru-medium_spk6_pos1,data/positives/tts2_en_GB-aru-medium_spk6_pos1.wav,en_GB-aru-medium-spk6,en_GB-aru-medium,en_GB-aru-medium-spk6,train,synthetic_ground_truth,"tts_positive_whole_clip energy_trim(top_db=40.0) clip=[0,1.0449]",complete,ground_truth,,0.0499,0.888,0.0,1.0448979591836736,synthetic_whole_clip_energy_trim,,,,,,,,,,,True,synthetic_ground_truth,True,0.0,0.0
tts2_en_GB-aru-medium_spk7_pos0#gt000,tts2_en_GB-aru-medium_spk7_pos0,data/positives/tts2_en_GB-aru-medium_spk7_pos0.wav,en_GB-aru-medium-spk7,en_GB-aru-medium,en_GB-aru-medium-spk7,train,synthetic_ground_truth,"tts_positive_whole_clip energy_trim(top_db=40.0) clip=[0,0.7895]",complete,ground_truth,,0.0,0.6385,0.0,0.7894784580498866,synthetic_whole_clip_energy_trim,,,,,,,,,,,True,synthetic_ground_truth,True,0.0,0.0
tts2_en_GB-aru-medium_spk8_pos1#gt000,tts2_en_GB-aru-medium_spk8_pos1,data/positives/tts2_en_GB-aru-medium_spk8_pos1.wav,en_GB-aru-medium-spk8,en_GB-aru-medium,en_GB-aru-medium-spk8,test,synthetic_ground_truth,"tts_positive_whole_clip energy_trim(top_db=40.0) clip=[0,0.8127]",complete,ground_truth,,0.0399,0.6086,0.0,0.8126984126984127,synthetic_whole_clip_energy_trim,,,,,,,,,,,True,synthetic_ground_truth,True,0.0,0.0
tts2_en_GB-aru-medium_spk9_pos0#gt000,tts2_en_GB-aru-medium_spk9_pos0,data/positives/tts2_en_GB-aru-medium_spk9_pos0.wav,en_GB-aru-medium-spk9,en_GB-aru-medium,en_GB-aru-medium-spk9,train,synthetic_ground_truth,"tts_positive_whole_clip energy_trim(top_db=40.0) clip=[0,1.4164]",complete,ground_truth,,0.0399,1.3868,0.0,1.4164172335600906,synthetic_whole_clip_energy_trim,,,,,,,,,,,True,synthetic_ground_truth,True,0.0,0.0
tts2_en_GB-aru-medium_spk9_pos1#gt000,tts2_en_GB-aru-medium_spk9_pos1,data/positives/tts2_en_GB-aru-medium_spk9_pos1.wav,en_GB-aru-medium-spk9,en_GB-aru-medium,en_GB-aru-medium-spk9,train,synthetic_ground_truth,"tts_positive_whole_clip energy_trim(top_db=40.0) clip=[0,1.4861]",complete,ground_truth,,0.0599,1.3968,0.0,1.486077097505669,synthetic_whole_clip_energy_trim,,,,,,,,,,,True,synthetic_ground_truth,True,0.0,0.0
tts2_en_GB-cori-medium_spk0_pos0#gt000,tts2_en_GB-cori-medium_spk0_pos0,data/positives/tts2_en_GB-cori-medium_spk0_pos0.wav,en_GB-cori-medium-spk0,en_GB-cori-medium,en_GB-cori-medium-spk0,train,synthetic_ground_truth,"tts_positive_whole_clip energy_trim(top_db=40.0) clip=[0,0.8824]",complete,ground_truth,,0.0299,0.7084,0.0,0.8823582766439909,synthetic_whole_clip_energy_trim,,,,,,,,,,,True,synthetic_ground_truth,True,0.0,0.0
tts2_en_GB-cori-medium_spk0_pos1#gt000,tts2_en_GB-cori-medium_spk0_pos1,data/positives/tts2_en_GB-cori-medium_spk0_pos1.wav,en_GB-cori-medium-spk0,en_GB-cori-medium,en_GB-cori-medium-spk0,train,synthetic_ground_truth,"tts_positive_whole_clip energy_trim(top_db=40.0) clip=[0,0.9520]",complete,ground_truth,,0.01,0.8082,0.0,0.9520181405895692,synthetic_whole_clip_energy_trim,,,,,,,,,,,True,synthetic_ground_truth,True,0.0,0.0
tts2_en_GB-jenny_dioco-medium_spk0_pos0#gt000,tts2_en_GB-jenny_dioco-medium_spk0_pos0,data/positives/tts2_en_GB-jenny_dioco-medium_spk0_pos0.wav,en_GB-jenny_dioco-medium-spk0,en_GB-jenny_dioco-medium,en_GB-jenny_dioco-medium-spk0,train,synthetic_ground_truth,"tts_positive_whole_clip energy_trim(top_db=40.0) clip=[0,0.7663]",complete,ground_truth,,0.0,0.6585,0.0,0.7662585034013606,synthetic_whole_clip_energy_trim,,,,,,,,,,,True,synthetic_ground_truth,True,0.0,0.0
tts2_en_GB-jenny_dioco-medium_spk0_pos1#gt000,tts2_en_GB-jenny_dioco-medium_spk0_pos1,data/positives/tts2_en_GB-jenny_dioco-medium_spk0_pos1.wav,en_GB-jenny_dioco-medium-spk0,en_GB-jenny_dioco-medium,en_GB-jenny_dioco-medium-spk0,train,synthetic_ground_truth,"tts_positive_whole_clip energy_trim(top_db=40.0) clip=[0,1.0565]",complete,ground_truth,,0.02,1.0277,0.0,1.0565079365079366,synthetic_whole_clip_energy_trim,,,,,,,,,,,True,synthetic_ground_truth,True,0.0,0.0
tts2_en_GB-northern_english_male-medium_spk0_pos0#gt000,tts2_en_GB-northern_english_male-medium_spk0_pos0,data/positives/tts2_en_GB-northern_english_male-medium_spk0_pos0.wav,en_GB-northern_english_male-medium-spk0,en_GB-northern_english_male-medium,en_GB-northern_english_male-medium-spk0,train,synthetic_ground_truth,"tts_positive_whole_clip energy_trim(top_db=40.0) clip=[0,0.9404]",complete,ground_truth,,0.02,0.7084,0.0,0.940408163265306,synthetic_whole_clip_energy_trim,,,,,,,,,,,True,synthetic_ground_truth,True,0.0,0.0
tts2_en_GB-northern_english_male-medium_spk0_pos1#gt000,tts2_en_GB-northern_english_male-medium_spk0_pos1,data/positives/tts2_en_GB-northern_english_male-medium_spk0_pos1.wav,en_GB-northern_english_male-medium-spk0,en_GB-northern_english_male-medium,en_GB-northern_english_male-medium-spk0,train,synthetic_ground_truth,"tts_positive_whole_clip energy_trim(top_db=40.0) clip=[0,0.7546]",complete,ground_truth,,0.0299,0.5986,0.0,0.7546485260770975,synthetic_whole_clip_energy_trim,,,,,,,,,,,True,synthetic_ground_truth,True,0.0,0.0
tts2_en_GB-semaine-medium_spk1_pos0#gt000,tts2_en_GB-semaine-medium_spk1_pos0,data/positives/tts2_en_GB-semaine-medium_spk1_pos0.wav,en_GB-semaine-medium-spk1,en_GB-semaine-medium,en_GB-semaine-medium-spk1,train,synthetic_ground_truth,"tts_positive_whole_clip energy_trim(top_db=40.0) clip=[0,1.0333]",complete,ground_truth,,0.0,0.9578,0.0,1.0332879818594105,synthetic_whole_clip_energy_trim,,,,,,,,,,,True,synthetic_ground_truth,True,0.0,0.0
tts2_en_GB-semaine-medium_spk1_pos1#gt000,tts2_en_GB-semaine-medium_spk1_pos1,data/positives/tts2_en_GB-semaine-medium_spk1_pos1.wav,en_GB-semaine-medium-spk1,en_GB-semaine-medium,en_GB-semaine-medium-spk1,train,synthetic_ground_truth,"tts_positive_whole_clip energy_trim(top_db=40.0) clip=[0,0.9868]",complete,ground_truth,,0.02,0.9478,0.0,0.9868480725623584,synthetic_whole_clip_energy_trim,,,,,,,,,,,True,synthetic_ground_truth,True,0.0,0.0
tts2_en_GB-semaine-medium_spk2_pos0#gt000,tts2_en_GB-semaine-medium_spk2_pos0,data/positives/tts2_en_GB-semaine-medium_spk2_pos0.wav,en_GB-semaine-medium-spk2,en_GB-semaine-medium,en_GB-semaine-medium-spk2,train,synthetic_ground_truth,"tts_positive_whole_clip energy_trim(top_db=40.0) clip=[0,1.3932]",complete,ground_truth,,0.0,1.3868,0.0,1.3931972789115643,synthetic_whole_clip_energy_trim,,,,,,,,,,,True,synthetic_ground_truth,True,0.0,0.0
tts2_en_GB-semaine-medium_spk3_pos0#gt000,tts2_en_GB-semaine-medium_spk3_pos0,data/positives/tts2_en_GB-semaine-medium_spk3_pos0.wav,en_GB-semaine-medium-spk3,en_GB-semaine-medium,en_GB-semaine-medium-spk3,train,synthetic_ground_truth,"tts_positive_whole_clip energy_trim(top_db=40.0) clip=[0,1.3235]",complete,ground_truth,,0.3392,1.2172,0.0,1.3235374149659864,synthetic_whole_clip_energy_trim,,,,,,,,,,,True,synthetic_ground_truth,True,0.0,0.0
tts2_en_GB-semaine-medium_spk3_pos1#gt000,tts2_en_GB-semaine-medium_spk3_pos1,data/positives/tts2_en_GB-semaine-medium_spk3_pos1.wav,en_GB-semaine-medium-spk3,en_GB-semaine-medium,en_GB-semaine-medium-spk3,train,synthetic_ground_truth,"tts_positive_whole_clip energy_trim(top_db=40.0) clip=[0,1.1726]",complete,ground_truth,,0.1197,1.0077,0.0,1.172607709750567,synthetic_whole_clip_energy_trim,,,,,,,,,,,True,synthetic_ground_truth,True,0.0,0.0
tts2_en_GB-southern_english_female-low_spk0_pos0#gt000,tts2_en_GB-southern_english_female-low_spk0_pos0,data/positives/tts2_en_GB-southern_english_female-low_spk0_pos0.wav,en_GB-southern_english_female-low-spk0,en_GB-southern_english_female-low,en_GB-southern_english_female-low-spk0,train,synthetic_ground_truth,"tts_positive_whole_clip energy_trim(top_db=40.0) clip=[0,1.1520]",complete,ground_truth,,0.0,0.74,0.0,1.152,synthetic_whole_clip_energy_trim,,,,,,,,,,,True,synthetic_ground_truth,True,0.0,0.0
tts2_en_GB-southern_english_female-low_spk0_pos1#gt000,tts2_en_GB-southern_english_female-low_spk0_pos1,data/positives/tts2_en_GB-southern_english_female-low_spk0_pos1.wav,en_GB-southern_english_female-low-spk0,en_GB-southern_english_female-low,en_GB-southern_english_female-low-spk0,train,synthetic_ground_truth,"tts_positive_whole_clip energy_trim(top_db=40.0) clip=[0,0.9600]",complete,ground_truth,,0.0,0.66,0.0,0.96,synthetic_whole_clip_energy_trim,,,,,,,,,,,True,synthetic_ground_truth,True,0.0,0.0
tts2_en_GB-vctk-medium_spk0_pos1#gt000,tts2_en_GB-vctk-medium_spk0_pos1,data/positives/tts2_en_GB-vctk-medium_spk0_pos1.wav,en_GB-vctk-medium-spk0,en_GB-vctk-medium,en_GB-vctk-medium-spk0,test,synthetic_ground_truth,"tts_positive_whole_clip energy_trim(top_db=40.0) clip=[0,0.8011]",complete,ground_truth,,0.0,0.7982,0.0,0.8010884353741496,synthetic_whole_clip_energy_trim,,,,,,,,,,,True,synthetic_ground_truth,True,0.0,0.0
tts2_en_GB-vctk-medium_spk101_pos0#gt000,tts2_en_GB-vctk-medium_spk101_pos0,data/positives/tts2_en_GB-vctk-medium_spk101_pos0.wav,en_GB-vctk-medium-spk101,en_GB-vctk-medium,en_GB-vctk-medium-spk101,test,synthetic_ground_truth,"tts_positive_whole_clip energy_trim(top_db=40.0) clip=[0,0.9520]",complete,ground_truth,,0.0,0.9478,0.0,0.9520181405895692,synthetic_whole_clip_energy_trim,,,,,,,,,,,True,synthetic_ground_truth,True,0.0,0.0
tts2_en_GB-vctk-medium_spk102_pos0#gt000,tts2_en_GB-vctk-medium_spk102_pos0,data/positives/tts2_en_GB-vctk-medium_spk102_pos0.wav,en_GB-vctk-medium-spk102,en_GB-vctk-medium,en_GB-vctk-medium-spk102,train,synthetic_ground_truth,"tts_positive_whole_clip energy_trim(top_db=40.0) clip=[0,0.9868]",complete,ground_truth,,0.0,0.9778,0.0,0.9868480725623584,synthetic_whole_clip_energy_trim,,,,,,,,,,,True,synthetic_ground_truth,True,0.0,0.0
tts2_en_GB-vctk-medium_spk102_pos1#gt000,tts2_en_GB-vctk-medium_spk102_pos1,data/positives/tts2_en_GB-vctk-medium_spk102_pos1.wav,en_GB-vctk-medium-spk102,en_GB-vctk-medium,en_GB-vctk-medium-spk102,train,synthetic_ground_truth,"tts_positive_whole_clip energy_trim(top_db=40.0) clip=[0,0.8011]",complete,ground_truth,,0.0,0.7982,0.0,0.8010884353741496,synthetic_whole_clip_energy_trim,,,,,,,,,,,True,synthetic_ground_truth,True,0.0,0.0
tts2_en_GB-vctk-medium_spk103_pos0#gt000,tts2_en_GB-vctk-medium_spk103_pos0,data/positives/tts2_en_GB-vctk-medium_spk103_pos0.wav,en_GB-vctk-medium-spk103,en_GB-vctk-medium,en_GB-vctk-medium-spk103,train,synthetic_ground_truth,"tts_positive_whole_clip energy_trim(top_db=40.0) clip=[0,0.9520]",complete,ground_truth,,0.0,0.9478,0.0,0.9520181405895692,synthetic_whole_clip_energy_trim,,,,,,,,,,,True,synthetic_ground_truth,True,0.0,0.0
tts2_en_GB-vctk-medium_spk103_pos1#gt000,tts2_en_GB-vctk-medium_spk103_pos1,data/positives/tts2_en_GB-vctk-medium_spk103_pos1.wav,en_GB-vctk-medium-spk103,en_GB-vctk-medium,en_GB-vctk-medium-spk103,train,synthetic_ground_truth,"tts_positive_whole_clip energy_trim(top_db=40.0) clip=[0,0.9520]",complete,ground_truth,,0.0,0.9478,0.0,0.9520181405895692,synthetic_whole_clip_energy_trim,,,,,,,,,,,True,synthetic_ground_truth,True,0.0,0.0
tts2_en_GB-vctk-medium_spk104_pos1#gt000,tts2_en_GB-vctk-medium_spk104_pos1,data/positives/tts2_en_GB-vctk-medium_spk104_pos1.wav,en_GB-vctk-medium-spk104,en_GB-vctk-medium,en_GB-vctk-medium-spk104,train,synthetic_ground_truth,"tts_positive_whole_clip energy_trim(top_db=40.0) clip=[0,0.6966]",complete,ground_truth,,0.0,0.6884,0.0,0.6965986394557823,synthetic_whole_clip_energy_trim,,,,,,,,,,,True,synthetic_ground_truth,True,0.0,0.0
tts2_en_GB-vctk-medium_spk105_pos0#gt000,tts2_en_GB-vctk-medium_spk105_pos0,data/positives/tts2_en_GB-vctk-medium_spk105_pos0.wav,en_GB-vctk-medium-spk105,en_GB-vctk-medium,en_GB-vctk-medium-spk105,train,synthetic_ground_truth,"tts_positive_whole_clip energy_trim(top_db=40.0) clip=[0,0.7430]",complete,ground_truth,,0.0,0.7383,0.0,0.7430385487528345,synthetic_whole_clip_energy_trim,,,,,,,,,,,True,synthetic_ground_truth,True,0.0,0.0
tts2_en_GB-vctk-medium_spk105_pos1#gt000,tts2_en_GB-vctk-medium_spk105_pos1,data/positives/tts2_en_GB-vctk-medium_spk105_pos1.wav,en_GB-vctk-medium-spk105,en_GB-vctk-medium,en_GB-vctk-medium-spk105,train,synthetic_ground_truth,"tts_positive_whole_clip energy_trim(top_db=40.0) clip=[0,0.8127]",complete,ground_truth,,0.0,0.8082,0.0,0.8126984126984127,synthetic_whole_clip_energy_trim,,,,,,,,,,,True,synthetic_ground_truth,True,0.0,0.0
tts2_en_GB-vctk-medium_spk106_pos0#gt000,tts2_en_GB-vctk-medium_spk106_pos0,data/positives/tts2_en_GB-vctk-medium_spk106_pos0.wav,en_GB-vctk-medium-spk106,en_GB-vctk-medium,en_GB-vctk-medium-spk106,train,synthetic_ground_truth,"tts_positive_whole_clip energy_trim(top_db=40.0) clip=[0,0.9404]",complete,ground_truth,,0.0,0.9379,0.0,0.940408163265306,synthetic_whole_clip_energy_trim,,,,,,,,,,,True,synthetic_ground_truth,True,0.0,0.0
tts2_en_GB-vctk-medium_spk106_pos1#gt000,tts2_en_GB-vctk-medium_spk106_pos1,data/positives/tts2_en_GB-vctk-medium_spk106_pos1.wav,en_GB-vctk-medium-spk106,en_GB-vctk-medium,en_GB-vctk-medium-spk106,train,synthetic_ground_truth,"tts_positive_whole_clip energy_trim(top_db=40.0) clip=[0,0.8824]",complete,ground_truth,,0.0,0.878,0.0,0.8823582766439909,synthetic_whole_clip_energy_trim,,,,,,,,,,,True,synthetic_ground_truth,True,0.0,0.0
tts2_en_GB-vctk-medium_spk107_pos0#gt000,tts2_en_GB-vctk-medium_spk107_pos0,data/positives/tts2_en_GB-vctk-medium_spk107_pos0.wav,en_GB-vctk-medium-spk107,en_GB-vctk-medium,en_GB-vctk-medium-spk107,train,synthetic_ground_truth,"tts_positive_whole_clip energy_trim(top_db=40.0) clip=[0,0.7779]",complete,ground_truth,,0.0,0.7583,0.0,0.7778684807256235,synthetic_whole_clip_energy_trim,,,,,,,,,,,True,synthetic_ground_truth,True,0.0,0.0
tts2_en_GB-vctk-medium_spk107_pos1#gt000,tts2_en_GB-vctk-medium_spk107_pos1,data/positives/tts2_en_GB-vctk-medium_spk107_pos1.wav,en_GB-vctk-medium-spk107,en_GB-vctk-medium,en_GB-vctk-medium-spk107,train,synthetic_ground_truth,"tts_positive_whole_clip energy_trim(top_db=40.0) clip=[0,0.7082]",complete,ground_truth,,0.0,0.6984,0.0,0.7082086167800453,synthetic_whole_clip_energy_trim,,,,,,,,,,,True,synthetic_ground_truth,True,0.0,0.0
tts2_en_GB-vctk-medium_spk108_pos1#gt000,tts2_en_GB-vctk-medium_spk108_pos1,data/positives/tts2_en_GB-vctk-medium_spk108_pos1.wav,en_GB-vctk-medium-spk108,en_GB-vctk-medium,en_GB-vctk-medium-spk108,train,synthetic_ground_truth,"tts_positive_whole_clip energy_trim(top_db=40.0) clip=[0,0.6618]",complete,ground_truth,,0.0,0.6585,0.0,0.6617687074829932,synthetic_whole_clip_energy_trim,,,,,,,,,,,True,synthetic_ground_truth,True,0.0,0.0
tts2_en_GB-vctk-medium_spk10_pos0#gt000,tts2_en_GB-vctk-medium_spk10_pos0,data/positives/tts2_en_GB-vctk-medium_spk10_pos0.wav,en_GB-vctk-medium-spk10,en_GB-vctk-medium,en_GB-vctk-medium-spk10,train,synthetic_ground_truth,"tts_positive_whole_clip energy_trim(top_db=40.0) clip=[0,0.8243]",complete,ground_truth,,0.0,0.8082,0.0,0.8243083900226758,synthetic_whole_clip_energy_trim,,,,,,,,,,,True,synthetic_ground_truth,True,0.0,0.0
tts2_en_GB-vctk-medium_spk10_pos1#gt000,tts2_en_GB-vctk-medium_spk10_pos1,data/positives/tts2_en_GB-vctk-medium_spk10_pos1.wav,en_GB-vctk-medium-spk10,en_GB-vctk-medium,en_GB-vctk-medium-spk10,train,synthetic_ground_truth,"tts_positive_whole_clip energy_trim(top_db=40.0) clip=[0,0.7779]",complete,ground_truth,,0.01,0.7583,0.0,0.7778684807256235,synthetic_whole_clip_energy_trim,,,,,,,,,,,True,synthetic_ground_truth,True,0.0,0.0
tts2_en_GB-vctk-medium_spk11_pos0#gt000,tts2_en_GB-vctk-medium_spk11_pos0,data/positives/tts2_en_GB-vctk-medium_spk11_pos0.wav,en_GB-vctk-medium-spk11,en_GB-vctk-medium,en_GB-vctk-medium-spk11,train,synthetic_ground_truth,"tts_positive_whole_clip energy_trim(top_db=40.0) clip=[0,0.8707]",complete,ground_truth,,0.0,0.868,0.0,0.8707482993197279,synthetic_whole_clip_energy_trim,,,,,,,,,,,True,synthetic_ground_truth,True,0.0,0.0
tts2_en_GB-vctk-medium_spk11_pos1#gt000,tts2_en_GB-vctk-medium_spk11_pos1,data/positives/tts2_en_GB-vctk-medium_spk11_pos1.wav,en_GB-vctk-medium-spk11,en_GB-vctk-medium,en_GB-vctk-medium-spk11,train,synthetic_ground_truth,"tts_positive_whole_clip energy_trim(top_db=40.0) clip=[0,1.0101]",complete,ground_truth,,0.0,1.0077,0.0,1.0100680272108844,synthetic_whole_clip_energy_trim,,,,,,,,,,,True,synthetic_ground_truth,True,0.0,0.0
tts2_en_GB-vctk-medium_spk12_pos0#gt000,tts2_en_GB-vctk-medium_spk12_pos0,data/positives/tts2_en_GB-vctk-medium_spk12_pos0.wav,en_GB-vctk-medium-spk12,en_GB-vctk-medium,en_GB-vctk-medium-spk12,train,synthetic_ground_truth,"tts_positive_whole_clip energy_trim(top_db=40.0) clip=[0,1.0101]",complete,ground_truth,,0.0,1.0077,0.0,1.0100680272108844,synthetic_whole_clip_energy_trim,,,,,,,,,,,True,synthetic_ground_truth,True,0.0,0.0
tts2_en_GB-vctk-medium_spk12_pos1#gt000,tts2_en_GB-vctk-medium_spk12_pos1,data/positives/tts2_en_GB-vctk-medium_spk12_pos1.wav,en_GB-vctk-medium-spk12,en_GB-vctk-medium,en_GB-vctk-medium-spk12,train,synthetic_ground_truth,"tts_positive_whole_clip energy_trim(top_db=40.0) clip=[0,0.7663]",complete,ground_truth,,0.0,0.7583,0.0,0.7662585034013606,synthetic_whole_clip_energy_trim,,,,,,,,,,,True,synthetic_ground_truth,True,0.0,0.0
tts2_en_GB-vctk-medium_spk14_pos1#gt000,tts2_en_GB-vctk-medium_spk14_pos1,data/positives/tts2_en_GB-vctk-medium_spk14_pos1.wav,en_GB-vctk-medium-spk14,en_GB-vctk-medium,en_GB-vctk-medium-spk14,train,synthetic_ground_truth,"tts_positive_whole_clip energy_trim(top_db=40.0) clip=[0,1.0449]",complete,ground_truth,,0.0,1.0376,0.0,1.0448979591836736,synthetic_whole_clip_energy_trim,,,,,,,,,,,True,synthetic_ground_truth,True,0.0,0.0
tts2_en_GB-vctk-medium_spk15_pos1#gt000,tts2_en_GB-vctk-medium_spk15_pos1,data/positives/tts2_en_GB-vctk-medium_spk15_pos1.wav,en_GB-vctk-medium-spk15,en_GB-vctk-medium,en_GB-vctk-medium-spk15,train,synthetic_ground_truth,"tts_positive_whole_clip energy_trim(top_db=40.0) clip=[0,0.7198]",complete,ground_truth,,0.0,0.7184,0.0,0.7198185941043084,synthetic_whole_clip_energy_trim,,,,,,,,,,,True,synthetic_ground_truth,True,0.0,0.0
tts2_en_GB-vctk-medium_spk16_pos0#gt000,tts2_en_GB-vctk-medium_spk16_pos0,data/positives/tts2_en_GB-vctk-medium_spk16_pos0.wav,en_GB-vctk-medium-spk16,en_GB-vctk-medium,en_GB-vctk-medium-spk16,train,synthetic_ground_truth,"tts_positive_whole_clip energy_trim(top_db=40.0) clip=[0,1.0449]",complete,ground_truth,,0.02,1.0376,0.0,1.0448979591836736,synthetic_whole_clip_energy_trim,,,,,,,,,,,True,synthetic_ground_truth,True,0.0,0.0
tts2_en_GB-vctk-medium_spk16_pos1#gt000,tts2_en_GB-vctk-medium_spk16_pos1,data/positives/tts2_en_GB-vctk-medium_spk16_pos1.wav,en_GB-vctk-medium-spk16,en_GB-vctk-medium,en_GB-vctk-medium-spk16,train,synthetic_ground_truth,"tts_positive_whole_clip energy_trim(top_db=40.0) clip=[0,0.8127]",complete,ground_truth,,0.01,0.7982,0.0,0.8126984126984127,synthetic_whole_clip_energy_trim,,,,,,,,,,,True,synthetic_ground_truth,True,0.0,0.0
tts2_en_GB-vctk-medium_spk18_pos0#gt000,tts2_en_GB-vctk-medium_spk18_pos0,data/positives/tts2_en_GB-vctk-medium_spk18_pos0.wav,en_GB-vctk-medium-spk18,en_GB-vctk-medium,en_GB-vctk-medium-spk18,test,synthetic_ground_truth,"tts_positive_whole_clip energy_trim(top_db=40.0) clip=[0,0.7198]",complete,ground_truth,,0.0,0.7184,0.0,0.7198185941043084,synthetic_whole_clip_energy_trim,,,,,,,,,,,True,synthetic_ground_truth,True,0.0,0.0
tts2_en_GB-vctk-medium_spk19_pos0#gt000,tts2_en_GB-vctk-medium_spk19_pos0,data/positives/tts2_en_GB-vctk-medium_spk19_pos0.wav,en_GB-vctk-medium-spk19,en_GB-vctk-medium,en_GB-vctk-medium-spk19,train,synthetic_ground_truth,"tts_positive_whole_clip energy_trim(top_db=40.0) clip=[0,0.9056]",complete,ground_truth,,0.0,0.898,0.0,0.905578231292517,synthetic_whole_clip_energy_trim,,,,,,,,,,,True,synthetic_ground_truth,True,0.0,0.0
tts2_en_GB-vctk-medium_spk19_pos1#gt000,tts2_en_GB-vctk-medium_spk19_pos1,data/positives/tts2_en_GB-vctk-medium_spk19_pos1.wav,en_GB-vctk-medium-spk19,en_GB-vctk-medium,en_GB-vctk-medium-spk19,train,synthetic_ground_truth,"tts_positive_whole_clip energy_trim(top_db=40.0) clip=[0,0.8824]",complete,ground_truth,,0.0,0.878,0.0,0.8823582766439909,synthetic_whole_clip_energy_trim,,,,,,,,,,,True,synthetic_ground_truth,True,0.0,0.0
tts2_en_GB-vctk-medium_spk1_pos0#gt000,tts2_en_GB-vctk-medium_spk1_pos0,data/positives/tts2_en_GB-vctk-medium_spk1_pos0.wav,en_GB-vctk-medium-spk1,en_GB-vctk-medium,en_GB-vctk-medium-spk1,train,synthetic_ground_truth,"tts_positive_whole_clip energy_trim(top_db=40.0) clip=[0,0.9172]",complete,ground_truth,,0.0,0.9079,0.0,0.91718820861678,synthetic_whole_clip_energy_trim,,,,,,,,,,,True,synthetic_ground_truth,True,0.0,0.0
tts2_en_GB-vctk-medium_spk1_pos1#gt000,tts2_en_GB-vctk-medium_spk1_pos1,data/positives/tts2_en_GB-vctk-medium_spk1_pos1.wav,en_GB-vctk-medium-spk1,en_GB-vctk-medium,en_GB-vctk-medium-spk1,train,synthetic_ground_truth,"tts_positive_whole_clip energy_trim(top_db=40.0) clip=[0,0.7198]",complete,ground_truth,,0.0,0.7184,0.0,0.7198185941043084,synthetic_whole_clip_energy_trim,,,,,,,,,,,True,synthetic_ground_truth,True,0.0,0.0
tts2_en_GB-vctk-medium_spk20_pos0#gt000,tts2_en_GB-vctk-medium_spk20_pos0,data/positives/tts2_en_GB-vctk-medium_spk20_pos0.wav,en_GB-vctk-medium-spk20,en_GB-vctk-medium,en_GB-vctk-medium-spk20,train,synthetic_ground_truth,"tts_positive_whole_clip energy_trim(top_db=40.0) clip=[0,0.8475]",complete,ground_truth,,0.02,0.8381,0.0,0.8475283446712019,synthetic_whole_clip_energy_trim,,,,,,,,,,,True,synthetic_ground_truth,True,0.0,0.0
tts2_en_GB-vctk-medium_spk21_pos0#gt000,tts2_en_GB-vctk-medium_spk21_pos0,data/positives/tts2_en_GB-vctk-medium_spk21_pos0.wav,en_GB-vctk-medium-spk21,en_GB-vctk-medium,en_GB-vctk-medium-spk21,train,synthetic_ground_truth,"tts_positive_whole_clip energy_trim(top_db=40.0) clip=[0,1.1494]",complete,ground_truth,,0.0,1.1474,0.0,1.1493877551020408,synthetic_whole_clip_energy_trim,,,,,,,,,,,True,synthetic_ground_truth,True,0.0,0.0
tts2_en_GB-vctk-medium_spk22_pos0#gt000,tts2_en_GB-vctk-medium_spk22_pos0,data/positives/tts2_en_GB-vctk-medium_spk22_pos0.wav,en_GB-vctk-medium-spk22,en_GB-vctk-medium,en_GB-vctk-medium-spk22,test,synthetic_ground_truth,"tts_positive_whole_clip energy_trim(top_db=40.0) clip=[0,0.6850]",complete,ground_truth,,0.0,0.6685,0.0,0.6849886621315193,synthetic_whole_clip_energy_trim,,,,,,,,,,,True,synthetic_ground_truth,True,0.0,0.0
tts2_en_GB-vctk-medium_spk22_pos1#gt000,tts2_en_GB-vctk-medium_spk22_pos1,data/positives/tts2_en_GB-vctk-medium_spk22_pos1.wav,en_GB-vctk-medium-spk22,en_GB-vctk-medium,en_GB-vctk-medium-spk22,test,synthetic_ground_truth,"tts_positive_whole_clip energy_trim(top_db=40.0) clip=[0,0.8475]",complete,ground_truth,,0.0,0.8381,0.0,0.8475283446712019,synthetic_whole_clip_energy_trim,,,,,,,,,,,True,synthetic_ground_truth,True,0.0,0.0
tts2_en_GB-vctk-medium_spk23_pos0#gt000,tts2_en_GB-vctk-medium_spk23_pos0,data/positives/tts2_en_GB-vctk-medium_spk23_pos0.wav,en_GB-vctk-medium-spk23,en_GB-vctk-medium,en_GB-vctk-medium-spk23,train,synthetic_ground_truth,"tts_positive_whole_clip energy_trim(top_db=40.0) clip=[0,0.7895]",complete,ground_truth,,0.0,0.7882,0.0,0.7894784580498866,synthetic_whole_clip_energy_trim,,,,,,,,,,,True,synthetic_ground_truth,True,0.0,0.0
tts2_en_GB-vctk-medium_spk23_pos1#gt000,tts2_en_GB-vctk-medium_spk23_pos1,data/positives/tts2_en_GB-vctk-medium_spk23_pos1.wav,en_GB-vctk-medium-spk23,en_GB-vctk-medium,en_GB-vctk-medium-spk23,train,synthetic_ground_truth,"tts_positive_whole_clip energy_trim(top_db=40.0) clip=[0,0.8359]",complete,ground_truth,,0.0,0.8281,0.0,0.8359183673469388,synthetic_whole_clip_energy_trim,,,,,,,,,,,True,synthetic_ground_truth,True,0.0,0.0
tts2_en_GB-vctk-medium_spk24_pos0#gt000,tts2_en_GB-vctk-medium_spk24_pos0,data/positives/tts2_en_GB-vctk-medium_spk24_pos0.wav,en_GB-vctk-medium-spk24,en_GB-vctk-medium,en_GB-vctk-medium-spk24,train,synthetic_ground_truth,"tts_positive_whole_clip energy_trim(top_db=40.0) clip=[0,0.8243]",complete,ground_truth,,0.0,0.8181,0.0,0.8243083900226758,synthetic_whole_clip_energy_trim,,,,,,,,,,,True,synthetic_ground_truth,True,0.0,0.0
tts2_en_GB-vctk-medium_spk24_pos1#gt000,tts2_en_GB-vctk-medium_spk24_pos1,data/positives/tts2_en_GB-vctk-medium_spk24_pos1.wav,en_GB-vctk-medium-spk24,en_GB-vctk-medium,en_GB-vctk-medium-spk24,train,synthetic_ground_truth,"tts_positive_whole_clip energy_trim(top_db=40.0) clip=[0,0.7430]",complete,ground_truth,,0.0,0.7383,0.0,0.7430385487528345,synthetic_whole_clip_energy_trim,,,,,,,,,,,True,synthetic_ground_truth,True,0.0,0.0
tts2_en_GB-vctk-medium_spk25_pos0#gt000,tts2_en_GB-vctk-medium_spk25_pos0,data/positives/tts2_en_GB-vctk-medium_spk25_pos0.wav,en_GB-vctk-medium-spk25,en_GB-vctk-medium,en_GB-vctk-medium-spk25,train,synthetic_ground_truth,"tts_positive_whole_clip energy_trim(top_db=40.0) clip=[0,0.6966]",complete,ground_truth,,0.0,0.6884,0.0,0.6965986394557823,synthetic_whole_clip_energy_trim,,,,,,,,,,,True,synthetic_ground_truth,True,0.0,0.0
tts2_en_GB-vctk-medium_spk25_pos1#gt000,tts2_en_GB-vctk-medium_spk25_pos1,data/positives/tts2_en_GB-vctk-medium_spk25_pos1.wav,en_GB-vctk-medium-spk25,en_GB-vctk-medium,en_GB-vctk-medium-spk25,train,synthetic_ground_truth,"tts_positive_whole_clip energy_trim(top_db=40.0) clip=[0,0.9056]",complete,ground_truth,,0.0,0.898,0.0,0.905578231292517,synthetic_whole_clip_energy_trim,,,,,,,,,,,True,synthetic_ground_truth,True,0.0,0.0
tts2_en_GB-vctk-medium_spk26_pos0#gt000,tts2_en_GB-vctk-medium_spk26_pos0,data/positives/tts2_en_GB-vctk-medium_spk26_pos0.wav,en_GB-vctk-medium-spk26,en_GB-vctk-medium,en_GB-vctk-medium-spk26,train,synthetic_ground_truth,"tts_positive_whole_clip energy_trim(top_db=40.0) clip=[0,0.7546]",complete,ground_truth,,0.0,0.7483,0.0,0.7546485260770975,synthetic_whole_clip_energy_trim,,,,,,,,,,,True,synthetic_ground_truth,True,0.0,0.0
tts2_en_GB-vctk-medium_spk26_pos1#gt000,tts2_en_GB-vctk-medium_spk26_pos1,data/positives/tts2_en_GB-vctk-medium_spk26_pos1.wav,en_GB-vctk-medium-spk26,en_GB-vctk-medium,en_GB-vctk-medium-spk26,train,synthetic_ground_truth,"tts_positive_whole_clip energy_trim(top_db=40.0) clip=[0,0.8011]",complete,ground_truth,,0.0,0.7982,0.0,0.8010884353741496,synthetic_whole_clip_energy_trim,,,,,,,,,,,True,synthetic_ground_truth,True,0.0,0.0
tts2_en_GB-vctk-medium_spk27_pos0#gt000,tts2_en_GB-vctk-medium_spk27_pos0,data/positives/tts2_en_GB-vctk-medium_spk27_pos0.wav,en_GB-vctk-medium-spk27,en_GB-vctk-medium,en_GB-vctk-medium-spk27,train,synthetic_ground_truth,"tts_positive_whole_clip energy_trim(top_db=40.0) clip=[0,0.8359]",complete,ground_truth,,0.0,0.8281,0.0,0.8359183673469388,synthetic_whole_clip_energy_trim,,,,,,,,,,,True,synthetic_ground_truth,True,0.0,0.0
tts2_en_GB-vctk-medium_spk27_pos1#gt000,tts2_en_GB-vctk-medium_spk27_pos1,data/positives/tts2_en_GB-vctk-medium_spk27_pos1.wav,en_GB-vctk-medium-spk27,en_GB-vctk-medium,en_GB-vctk-medium-spk27,train,synthetic_ground_truth,"tts_positive_whole_clip energy_trim(top_db=40.0) clip=[0,0.7314]",complete,ground_truth,,0.0,0.7283,0.0,0.7314285714285714,synthetic_whole_clip_energy_trim,,,,,,,,,,,True,synthetic_ground_truth,True,0.0,0.0
tts2_en_GB-vctk-medium_spk28_pos0#gt000,tts2_en_GB-vctk-medium_spk28_pos0,data/positives/tts2_en_GB-vctk-medium_spk28_pos0.wav,en_GB-vctk-medium-spk28,en_GB-vctk-medium,en_GB-vctk-medium-spk28,test,synthetic_ground_truth,"tts_positive_whole_clip energy_trim(top_db=40.0) clip=[0,0.8707]",complete,ground_truth,,0.0,0.868,0.0,0.8707482993197279,synthetic_whole_clip_energy_trim,,,,,,,,,,,True,synthetic_ground_truth,True,0.0,0.0
tts2_en_GB-vctk-medium_spk28_pos1#gt000,tts2_en_GB-vctk-medium_spk28_pos1,data/positives/tts2_en_GB-vctk-medium_spk28_pos1.wav,en_GB-vctk-medium-spk28,en_GB-vctk-medium,en_GB-vctk-medium-spk28,test,synthetic_ground_truth,"tts_positive_whole_clip energy_trim(top_db=40.0) clip=[0,0.6269]",complete,ground_truth,,0.0,0.6186,0.0,0.626938775510204,synthetic_whole_clip_energy_trim,,,,,,,,,,,True,synthetic_ground_truth,True,0.0,0.0
tts2_en_GB-vctk-medium_spk29_pos0#gt000,tts2_en_GB-vctk-medium_spk29_pos0,data/positives/tts2_en_GB-vctk-medium_spk29_pos0.wav,en_GB-vctk-medium-spk29,en_GB-vctk-medium,en_GB-vctk-medium-spk29,train,synthetic_ground_truth,"tts_positive_whole_clip energy_trim(top_db=40.0) clip=[0,0.7198]",complete,ground_truth,,0.0,0.7184,0.0,0.7198185941043084,synthetic_whole_clip_energy_trim,,,,,,,,,,,True,synthetic_ground_truth,True,0.0,0.0
tts2_en_GB-vctk-medium_spk29_pos1#gt000,tts2_en_GB-vctk-medium_spk29_pos1,data/positives/tts2_en_GB-vctk-medium_spk29_pos1.wav,en_GB-vctk-medium-spk29,en_GB-vctk-medium,en_GB-vctk-medium-spk29,train,synthetic_ground_truth,"tts_positive_whole_clip energy_trim(top_db=40.0) clip=[0,0.6618]",complete,ground_truth,,0.0,0.6585,0.0,0.6617687074829932,synthetic_whole_clip_energy_trim,,,,,,,,,,,True,synthetic_ground_truth,True,0.0,0.0
tts2_en_GB-vctk-medium_spk30_pos0#gt000,tts2_en_GB-vctk-medium_spk30_pos0,data/positives/tts2_en_GB-vctk-medium_spk30_pos0.wav,en_GB-vctk-medium-spk30,en_GB-vctk-medium,en_GB-vctk-medium-spk30,train,synthetic_ground_truth,"tts_positive_whole_clip energy_trim(top_db=40.0) clip=[0,1.0449]",complete,ground_truth,,0.0,1.0376,0.0,1.0448979591836736,synthetic_whole_clip_energy_trim,,,,,,,,,,,True,synthetic_ground_truth,True,0.0,0.0
tts2_en_GB-vctk-medium_spk30_pos1#gt000,tts2_en_GB-vctk-medium_spk30_pos1,data/positives/tts2_en_GB-vctk-medium_spk30_pos1.wav,en_GB-vctk-medium-spk30,en_GB-vctk-medium,en_GB-vctk-medium-spk30,train,synthetic_ground_truth,"tts_positive_whole_clip energy_trim(top_db=40.0) clip=[0,0.7546]",complete,ground_truth,,0.0,0.7483,0.0,0.7546485260770975,synthetic_whole_clip_energy_trim,,,,,,,,,,,True,synthetic_ground_truth,True,0.0,0.0
tts2_en_GB-vctk-medium_spk31_pos1#gt000,tts2_en_GB-vctk-medium_spk31_pos1,data/positives/tts2_en_GB-vctk-medium_spk31_pos1.wav,en_GB-vctk-medium-spk31,en_GB-vctk-medium,en_GB-vctk-medium-spk31,train,synthetic_ground_truth,"tts_positive_whole_clip energy_trim(top_db=40.0) clip=[0,0.9520]",complete,ground_truth,,0.0,0.9478,0.0,0.9520181405895692,synthetic_whole_clip_energy_trim,,,,,,,,,,,True,synthetic_ground_truth,True,0.0,0.0
tts2_en_GB-vctk-medium_spk32_pos0#gt000,tts2_en_GB-vctk-medium_spk32_pos0,data/positives/tts2_en_GB-vctk-medium_spk32_pos0.wav,en_GB-vctk-medium-spk32,en_GB-vctk-medium,en_GB-vctk-medium-spk32,train,synthetic_ground_truth,"tts_positive_whole_clip energy_trim(top_db=40.0) clip=[0,0.6734]",complete,ground_truth,,0.0,0.6685,0.0,0.6733786848072563,synthetic_whole_clip_energy_trim,,,,,,,,,,,True,synthetic_ground_truth,True,0.0,0.0
tts2_en_GB-vctk-medium_spk32_pos1#gt000,tts2_en_GB-vctk-medium_spk32_pos1,data/positives/tts2_en_GB-vctk-medium_spk32_pos1.wav,en_GB-vctk-medium-spk32,en_GB-vctk-medium,en_GB-vctk-medium-spk32,train,synthetic_ground_truth,"tts_positive_whole_clip energy_trim(top_db=40.0) clip=[0,0.7082]",complete,ground_truth,,0.0,0.6984,0.0,0.7082086167800453,synthetic_whole_clip_energy_trim,,,,,,,,,,,True,synthetic_ground_truth,True,0.0,0.0
tts2_en_GB-vctk-medium_spk33_pos0#gt000,tts2_en_GB-vctk-medium_spk33_pos0,data/positives/tts2_en_GB-vctk-medium_spk33_pos0.wav,en_GB-vctk-medium-spk33,en_GB-vctk-medium,en_GB-vctk-medium-spk33,validation,synthetic_ground_truth,"tts_positive_whole_clip energy_trim(top_db=40.0) clip=[0,0.8707]",complete,ground_truth,,0.0,0.868,0.0,0.8707482993197279,synthetic_whole_clip_energy_trim,,,,,,,,,,,True,synthetic_ground_truth,True,0.0,0.0
tts2_en_GB-vctk-medium_spk35_pos0#gt000,tts2_en_GB-vctk-medium_spk35_pos0,data/positives/tts2_en_GB-vctk-medium_spk35_pos0.wav,en_GB-vctk-medium-spk35,en_GB-vctk-medium,en_GB-vctk-medium-spk35,train,synthetic_ground_truth,"tts_positive_whole_clip energy_trim(top_db=40.0) clip=[0,0.7895]",complete,ground_truth,,0.0,0.7882,0.0,0.7894784580498866,synthetic_whole_clip_energy_trim,,,,,,,,,,,True,synthetic_ground_truth,True,0.0,0.0
tts2_en_GB-vctk-medium_spk35_pos1#gt000,tts2_en_GB-vctk-medium_spk35_pos1,data/positives/tts2_en_GB-vctk-medium_spk35_pos1.wav,en_GB-vctk-medium-spk35,en_GB-vctk-medium,en_GB-vctk-medium-spk35,train,synthetic_ground_truth,"tts_positive_whole_clip energy_trim(top_db=40.0) clip=[0,1.0565]",complete,ground_truth,,0.01,1.0476,0.0,1.0565079365079366,synthetic_whole_clip_energy_trim,,,,,,,,,,,True,synthetic_ground_truth,True,0.0,0.0
tts2_en_GB-vctk-medium_spk36_pos0#gt000,tts2_en_GB-vctk-medium_spk36_pos0,data/positives/tts2_en_GB-vctk-medium_spk36_pos0.wav,en_GB-vctk-medium-spk36,en_GB-vctk-medium,en_GB-vctk-medium-spk36,train,synthetic_ground_truth,"tts_positive_whole_clip energy_trim(top_db=40.0) clip=[0,1.1262]",complete,ground_truth,,0.0,1.1175,0.0,1.1261678004535147,synthetic_whole_clip_energy_trim,,,,,,,,,,,True,synthetic_ground_truth,True,0.0,0.0
tts2_en_GB-vctk-medium_spk37_pos1#gt000,tts2_en_GB-vctk-medium_spk37_pos1,data/positives/tts2_en_GB-vctk-medium_spk37_pos1.wav,en_GB-vctk-medium-spk37,en_GB-vctk-medium,en_GB-vctk-medium-spk37,validation,synthetic_ground_truth,"tts_positive_whole_clip energy_trim(top_db=40.0) clip=[0,0.9636]",complete,ground_truth,,0.0,0.9578,0.0,0.9636281179138322,synthetic_whole_clip_energy_trim,,,,,,,,,,,True,synthetic_ground_truth,True,0.0,0.0
tts2_en_GB-vctk-medium_spk38_pos0#gt000,tts2_en_GB-vctk-medium_spk38_pos0,data/positives/tts2_en_GB-vctk-medium_spk38_pos0.wav,en_GB-vctk-medium-spk38,en_GB-vctk-medium,en_GB-vctk-medium-spk38,train,synthetic_ground_truth,"tts_positive_whole_clip energy_trim(top_db=40.0) clip=[0,0.8127]",complete,ground_truth,,0.0,0.8082,0.0,0.8126984126984127,synthetic_whole_clip_energy_trim,,,,,,,,,,,True,synthetic_ground_truth,True,0.0,0.0
tts2_en_GB-vctk-medium_spk38_pos1#gt000,tts2_en_GB-vctk-medium_spk38_pos1,data/positives/tts2_en_GB-vctk-medium_spk38_pos1.wav,en_GB-vctk-medium-spk38,en_GB-vctk-medium,en_GB-vctk-medium-spk38,train,synthetic_ground_truth,"tts_positive_whole_clip energy_trim(top_db=40.0) clip=[0,0.8475]",complete,ground_truth,,0.0,0.8181,0.0,0.8475283446712019,synthetic_whole_clip_energy_trim,,,,,,,,,,,True,synthetic_ground_truth,True,0.0,0.0
tts2_en_GB-vctk-medium_spk40_pos1#gt000,tts2_en_GB-vctk-medium_spk40_pos1,data/positives/tts2_en_GB-vctk-medium_spk40_pos1.wav,en_GB-vctk-medium-spk40,en_GB-vctk-medium,en_GB-vctk-medium-spk40,train,synthetic_ground_truth,"tts_positive_whole_clip energy_trim(top_db=40.0) clip=[0,1.5790]",complete,ground_truth,,0.0,1.5764,0.0,1.5789569160997732,synthetic_whole_clip_energy_trim,,,,,,,,,,,True,synthetic_ground_truth,True,0.0,0.0
tts2_en_GB-vctk-medium_spk41_pos0#gt000,tts2_en_GB-vctk-medium_spk41_pos0,data/positives/tts2_en_GB-vctk-medium_spk41_pos0.wav,en_GB-vctk-medium-spk41,en_GB-vctk-medium,en_GB-vctk-medium-spk41,train,synthetic_ground_truth,"tts_positive_whole_clip energy_trim(top_db=40.0) clip=[0,0.8243]",complete,ground_truth,,0.0,0.7982,0.0,0.8243083900226758,synthetic_whole_clip_energy_trim,,,,,,,,,,,True,synthetic_ground_truth,True,0.0,0.0
tts2_en_GB-vctk-medium_spk42_pos1#gt000,tts2_en_GB-vctk-medium_spk42_pos1,data/positives/tts2_en_GB-vctk-medium_spk42_pos1.wav,en_GB-vctk-medium-spk42,en_GB-vctk-medium,en_GB-vctk-medium-spk42,validation,synthetic_ground_truth,"tts_positive_whole_clip energy_trim(top_db=40.0) clip=[0,0.8359]",complete,ground_truth,,0.01,0.8281,0.0,0.8359183673469388,synthetic_whole_clip_energy_trim,,,,,,,,,,,True,synthetic_ground_truth,True,0.0,0.0
tts2_en_GB-vctk-medium_spk43_pos0#gt000,tts2_en_GB-vctk-medium_spk43_pos0,data/positives/tts2_en_GB-vctk-medium_spk43_pos0.wav,en_GB-vctk-medium-spk43,en_GB-vctk-medium,en_GB-vctk-medium-spk43,validation,synthetic_ground_truth,"tts_positive_whole_clip energy_trim(top_db=40.0) clip=[0,0.8243]",complete,ground_truth,,0.0,0.8181,0.0,0.8243083900226758,synthetic_whole_clip_energy_trim,,,,,,,,,,,True,synthetic_ground_truth,True,0.0,0.0
tts2_en_GB-vctk-medium_spk44_pos0#gt000,tts2_en_GB-vctk-medium_spk44_pos0,data/positives/tts2_en_GB-vctk-medium_spk44_pos0.wav,en_GB-vctk-medium-spk44,en_GB-vctk-medium,en_GB-vctk-medium-spk44,train,synthetic_ground_truth,"tts_positive_whole_clip energy_trim(top_db=40.0) clip=[0,0.8940]",complete,ground_truth,,0.0,0.888,0.0,0.893968253968254,synthetic_whole_clip_energy_trim,,,,,,,,,,,True,synthetic_ground_truth,True,0.0,0.0
tts2_en_GB-vctk-medium_spk44_pos1#gt000,tts2_en_GB-vctk-medium_spk44_pos1,data/positives/tts2_en_GB-vctk-medium_spk44_pos1.wav,en_GB-vctk-medium-spk44,en_GB-vctk-medium,en_GB-vctk-medium-spk44,train,synthetic_ground_truth,"tts_positive_whole_clip energy_trim(top_db=40.0) clip=[0,0.8591]",complete,ground_truth,,0.0,0.858,0.0,0.8591383219954648,synthetic_whole_clip_energy_trim,,,,,,,,,,,True,synthetic_ground_truth,True,0.0,0.0
tts2_en_GB-vctk-medium_spk45_pos0#gt000,tts2_en_GB-vctk-medium_spk45_pos0,data/positives/tts2_en_GB-vctk-medium_spk45_pos0.wav,en_GB-vctk-medium-spk45,en_GB-vctk-medium,en_GB-vctk-medium-spk45,train,synthetic_ground_truth,"tts_positive_whole_clip energy_trim(top_db=40.0) clip=[0,1.0333]",complete,ground_truth,,0.0,1.0277,0.0,1.0332879818594105,synthetic_whole_clip_energy_trim,,,,,,,,,,,True,synthetic_ground_truth,True,0.0,0.0
tts2_en_GB-vctk-medium_spk45_pos1#gt000,tts2_en_GB-vctk-medium_spk45_pos1,data/positives/tts2_en_GB-vctk-medium_spk45_pos1.wav,en_GB-vctk-medium-spk45,en_GB-vctk-medium,en_GB-vctk-medium-spk45,train,synthetic_ground_truth,"tts_positive_whole_clip energy_trim(top_db=40.0) clip=[0,0.7779]",complete,ground_truth,,0.0,0.7483,0.0,0.7778684807256235,synthetic_whole_clip_energy_trim,,,,,,,,,,,True,synthetic_ground_truth,True,0.0,0.0
tts2_en_GB-vctk-medium_spk47_pos0#gt000,tts2_en_GB-vctk-medium_spk47_pos0,data/positives/tts2_en_GB-vctk-medium_spk47_pos0.wav,en_GB-vctk-medium-spk47,en_GB-vctk-medium,en_GB-vctk-medium-spk47,train,synthetic_ground_truth,"tts_positive_whole_clip energy_trim(top_db=40.0) clip=[0,0.8359]",complete,ground_truth,,0.0,0.8281,0.0,0.8359183673469388,synthetic_whole_clip_energy_trim,,,,,,,,,,,True,synthetic_ground_truth,True,0.0,0.0
tts2_en_GB-vctk-medium_spk47_pos1#gt000,tts2_en_GB-vctk-medium_spk47_pos1,data/positives/tts2_en_GB-vctk-medium_spk47_pos1.wav,en_GB-vctk-medium-spk47,en_GB-vctk-medium,en_GB-vctk-medium-spk47,train,synthetic_ground_truth,"tts_positive_whole_clip energy_trim(top_db=40.0) clip=[0,0.7779]",complete,ground_truth,,0.0,0.7683,0.0,0.7778684807256235,synthetic_whole_clip_energy_trim,,,,,,,,,,,True,synthetic_ground_truth,True,0.0,0.0
tts2_en_GB-vctk-medium_spk48_pos0#gt000,tts2_en_GB-vctk-medium_spk48_pos0,data/positives/tts2_en_GB-vctk-medium_spk48_pos0.wav,en_GB-vctk-medium-spk48,en_GB-vctk-medium,en_GB-vctk-medium-spk48,train,synthetic_ground_truth,"tts_positive_whole_clip energy_trim(top_db=40.0) clip=[0,0.9288]",complete,ground_truth,,0.0,0.9279,0.0,0.9287981859410432,synthetic_whole_clip_energy_trim,,,,,,,,,,,True,synthetic_ground_truth,True,0.0,0.0
tts2_en_GB-vctk-medium_spk48_pos1#gt000,tts2_en_GB-vctk-medium_spk48_pos1,data/positives/tts2_en_GB-vctk-medium_spk48_pos1.wav,en_GB-vctk-medium-spk48,en_GB-vctk-medium,en_GB-vctk-medium-spk48,train,synthetic_ground_truth,"tts_positive_whole_clip energy_trim(top_db=40.0) clip=[0,0.9752]",complete,ground_truth,,0.0,0.9678,0.0,0.9752380952380952,synthetic_whole_clip_energy_trim,,,,,,,,,,,True,synthetic_ground_truth,True,0.0,0.0
tts2_en_GB-vctk-medium_spk49_pos1#gt000,tts2_en_GB-vctk-medium_spk49_pos1,data/positives/tts2_en_GB-vctk-medium_spk49_pos1.wav,en_GB-vctk-medium-spk49,en_GB-vctk-medium,en_GB-vctk-medium-spk49,validation,synthetic_ground_truth,"tts_positive_whole_clip energy_trim(top_db=40.0) clip=[0,0.9172]",complete,ground_truth,,0.0,0.9079,0.0,0.91718820861678,synthetic_whole_clip_energy_trim,,,,,,,,,,,True,synthetic_ground_truth,True,0.0,0.0
tts2_en_GB-vctk-medium_spk4_pos0#gt000,tts2_en_GB-vctk-medium_spk4_pos0,data/positives/tts2_en_GB-vctk-medium_spk4_pos0.wav,en_GB-vctk-medium-spk4,en_GB-vctk-medium,en_GB-vctk-medium-spk4,train,synthetic_ground_truth,"tts_positive_whole_clip energy_trim(top_db=40.0) clip=[0,0.8243]",complete,ground_truth,,0.0,0.8181,0.0,0.8243083900226758,synthetic_whole_clip_energy_trim,,,,,,,,,,,True,synthetic_ground_truth,True,0.0,0.0
tts2_en_GB-vctk-medium_spk4_pos1#gt000,tts2_en_GB-vctk-medium_spk4_pos1,data/positives/tts2_en_GB-vctk-medium_spk4_pos1.wav,en_GB-vctk-medium-spk4,en_GB-vctk-medium,en_GB-vctk-medium-spk4,train,synthetic_ground_truth,"tts_positive_whole_clip energy_trim(top_db=40.0) clip=[0,0.8707]",complete,ground_truth,,0.0,0.868,0.0,0.8707482993197279,synthetic_whole_clip_energy_trim,,,,,,,,,,,True,synthetic_ground_truth,True,0.0,0.0
tts2_en_GB-vctk-medium_spk50_pos0#gt000,tts2_en_GB-vctk-medium_spk50_pos0,data/positives/tts2_en_GB-vctk-medium_spk50_pos0.wav,en_GB-vctk-medium-spk50,en_GB-vctk-medium,en_GB-vctk-medium-spk50,validation,synthetic_ground_truth,"tts_positive_whole_clip energy_trim(top_db=40.0) clip=[0,0.5689]",complete,ground_truth,,0.0,0.5687,0.0,0.5688888888888889,synthetic_whole_clip_energy_trim,,,,,,,,,,,True,synthetic_ground_truth,True,0.0,0.0
tts2_en_GB-vctk-medium_spk50_pos1#gt000,tts2_en_GB-vctk-medium_spk50_pos1,data/positives/tts2_en_GB-vctk-medium_spk50_pos1.wav,en_GB-vctk-medium-spk50,en_GB-vctk-medium,en_GB-vctk-medium-spk50,validation,synthetic_ground_truth,"tts_positive_whole_clip energy_trim(top_db=40.0) clip=[0,0.6385]",complete,ground_truth,,0.0,0.6385,0.0,0.6385487528344671,synthetic_whole_clip_energy_trim,,,,,,,,,,,True,synthetic_ground_truth,True,0.0,0.0
tts2_en_GB-vctk-medium_spk51_pos0#gt000,tts2_en_GB-vctk-medium_spk51_pos0,data/positives/tts2_en_GB-vctk-medium_spk51_pos0.wav,en_GB-vctk-medium-spk51,en_GB-vctk-medium,en_GB-vctk-medium-spk51,train,synthetic_ground_truth,"tts_positive_whole_clip energy_trim(top_db=40.0) clip=[0,0.8243]",complete,ground_truth,,0.0,0.8181,0.0,0.8243083900226758,synthetic_whole_clip_energy_trim,,,,,,,,,,,True,synthetic_ground_truth,True,0.0,0.0
tts2_en_GB-vctk-medium_spk51_pos1#gt000,tts2_en_GB-vctk-medium_spk51_pos1,data/positives/tts2_en_GB-vctk-medium_spk51_pos1.wav,en_GB-vctk-medium-spk51,en_GB-vctk-medium,en_GB-vctk-medium-spk51,train,synthetic_ground_truth,"tts_positive_whole_clip energy_trim(top_db=40.0) clip=[0,0.8475]",complete,ground_truth,,0.0,0.8381,0.0,0.8475283446712019,synthetic_whole_clip_energy_trim,,,,,,,,,,,True,synthetic_ground_truth,True,0.0,0.0
tts2_en_GB-vctk-medium_spk52_pos1#gt000,tts2_en_GB-vctk-medium_spk52_pos1,data/positives/tts2_en_GB-vctk-medium_spk52_pos1.wav,en_GB-vctk-medium-spk52,en_GB-vctk-medium,en_GB-vctk-medium-spk52,train,synthetic_ground_truth,"tts_positive_whole_clip energy_trim(top_db=40.0) clip=[0,0.7546]",complete,ground_truth,,0.0,0.7383,0.0,0.7546485260770975,synthetic_whole_clip_energy_trim,,,,,,,,,,,True,synthetic_ground_truth,True,0.0,0.0
tts2_en_GB-vctk-medium_spk54_pos0#gt000,tts2_en_GB-vctk-medium_spk54_pos0,data/positives/tts2_en_GB-vctk-medium_spk54_pos0.wav,en_GB-vctk-medium-spk54,en_GB-vctk-medium,en_GB-vctk-medium-spk54,train,synthetic_ground_truth,"tts_positive_whole_clip energy_trim(top_db=40.0) clip=[0,0.7895]",complete,ground_truth,,0.0,0.7882,0.0,0.7894784580498866,synthetic_whole_clip_energy_trim,,,,,,,,,,,True,synthetic_ground_truth,True,0.0,0.0
tts2_en_GB-vctk-medium_spk54_pos1#gt000,tts2_en_GB-vctk-medium_spk54_pos1,data/positives/tts2_en_GB-vctk-medium_spk54_pos1.wav,en_GB-vctk-medium-spk54,en_GB-vctk-medium,en_GB-vctk-medium-spk54,train,synthetic_ground_truth,"tts_positive_whole_clip energy_trim(top_db=40.0) clip=[0,1.0217]",complete,ground_truth,,0.0,1.0177,0.0,1.0216780045351477,synthetic_whole_clip_energy_trim,,,,,,,,,,,True,synthetic_ground_truth,True,0.0,0.0
tts2_en_GB-vctk-medium_spk56_pos0#gt000,tts2_en_GB-vctk-medium_spk56_pos0,data/positives/tts2_en_GB-vctk-medium_spk56_pos0.wav,en_GB-vctk-medium-spk56,en_GB-vctk-medium,en_GB-vctk-medium-spk56,train,synthetic_ground_truth,"tts_positive_whole_clip energy_trim(top_db=40.0) clip=[0,0.9288]",complete,ground_truth,,0.0,0.9279,0.0,0.9287981859410432,synthetic_whole_clip_energy_trim,,,,,,,,,,,True,synthetic_ground_truth,True,0.0,0.0
tts2_en_GB-vctk-medium_spk56_pos1#gt000,tts2_en_GB-vctk-medium_spk56_pos1,data/positives/tts2_en_GB-vctk-medium_spk56_pos1.wav,en_GB-vctk-medium-spk56,en_GB-vctk-medium,en_GB-vctk-medium-spk56,train,synthetic_ground_truth,"tts_positive_whole_clip energy_trim(top_db=40.0) clip=[0,0.8824]",complete,ground_truth,,0.0,0.878,0.0,0.8823582766439909,synthetic_whole_clip_energy_trim,,,,,,,,,,,True,synthetic_ground_truth,True,0.0,0.0
tts2_en_GB-vctk-medium_spk57_pos0#gt000,tts2_en_GB-vctk-medium_spk57_pos0,data/positives/tts2_en_GB-vctk-medium_spk57_pos0.wav,en_GB-vctk-medium-spk57,en_GB-vctk-medium,en_GB-vctk-medium-spk57,train,synthetic_ground_truth,"tts_positive_whole_clip energy_trim(top_db=40.0) clip=[0,0.6502]",complete,ground_truth,,0.01,0.6385,0.0,0.6501587301587302,synthetic_whole_clip_energy_trim,,,,,,,,,,,True,synthetic_ground_truth,True,0.0,0.0
tts2_en_GB-vctk-medium_spk57_pos1#gt000,tts2_en_GB-vctk-medium_spk57_pos1,data/positives/tts2_en_GB-vctk-medium_spk57_pos1.wav,en_GB-vctk-medium-spk57,en_GB-vctk-medium,en_GB-vctk-medium-spk57,train,synthetic_ground_truth,"tts_positive_whole_clip energy_trim(top_db=40.0) clip=[0,0.7546]",complete,ground_truth,,0.0,0.7383,0.0,0.7546485260770975,synthetic_whole_clip_energy_trim,,,,,,,,,,,True,synthetic_ground_truth,True,0.0,0.0
tts2_en_GB-vctk-medium_spk58_pos0#gt000,tts2_en_GB-vctk-medium_spk58_pos0,data/positives/tts2_en_GB-vctk-medium_spk58_pos0.wav,en_GB-vctk-medium-spk58,en_GB-vctk-medium,en_GB-vctk-medium-spk58,train,synthetic_ground_truth,"tts_positive_whole_clip energy_trim(top_db=40.0) clip=[0,1.0101]",complete,ground_truth,,0.0,1.0077,0.0,1.0100680272108844,synthetic_whole_clip_energy_trim,,,,,,,,,,,True,synthetic_ground_truth,True,0.0,0.0
tts2_en_GB-vctk-medium_spk59_pos0#gt000,tts2_en_GB-vctk-medium_spk59_pos0,data/positives/tts2_en_GB-vctk-medium_spk59_pos0.wav,en_GB-vctk-medium-spk59,en_GB-vctk-medium,en_GB-vctk-medium-spk59,train,synthetic_ground_truth,"tts_positive_whole_clip energy_trim(top_db=40.0) clip=[0,0.7314]",complete,ground_truth,,0.0,0.7283,0.0,0.7314285714285714,synthetic_whole_clip_energy_trim,,,,,,,,,,,True,synthetic_ground_truth,True,0.0,0.0
tts2_en_GB-vctk-medium_spk5_pos0#gt000,tts2_en_GB-vctk-medium_spk5_pos0,data/positives/tts2_en_GB-vctk-medium_spk5_pos0.wav,en_GB-vctk-medium-spk5,en_GB-vctk-medium,en_GB-vctk-medium-spk5,train,synthetic_ground_truth,"tts_positive_whole_clip energy_trim(top_db=40.0) clip=[0,0.8011]",complete,ground_truth,,0.0,0.7882,0.0,0.8010884353741496,synthetic_whole_clip_energy_trim,,,,,,,,,,,True,synthetic_ground_truth,True,0.0,0.0
tts2_en_GB-vctk-medium_spk60_pos0#gt000,tts2_en_GB-vctk-medium_spk60_pos0,data/positives/tts2_en_GB-vctk-medium_spk60_pos0.wav,en_GB-vctk-medium-spk60,en_GB-vctk-medium,en_GB-vctk-medium-spk60,train,synthetic_ground_truth,"tts_positive_whole_clip energy_trim(top_db=40.0) clip=[0,0.7546]",complete,ground_truth,,0.0,0.7383,0.0,0.7546485260770975,synthetic_whole_clip_energy_trim,,,,,,,,,,,True,synthetic_ground_truth,True,0.0,0.0
tts2_en_GB-vctk-medium_spk61_pos0#gt000,tts2_en_GB-vctk-medium_spk61_pos0,data/positives/tts2_en_GB-vctk-medium_spk61_pos0.wav,en_GB-vctk-medium-spk61,en_GB-vctk-medium,en_GB-vctk-medium-spk61,train,synthetic_ground_truth,"tts_positive_whole_clip energy_trim(top_db=40.0) clip=[0,0.8940]",complete,ground_truth,,0.0,0.888,0.0,0.893968253968254,synthetic_whole_clip_energy_trim,,,,,,,,,,,True,synthetic_ground_truth,True,0.0,0.0
tts2_en_GB-vctk-medium_spk61_pos1#gt000,tts2_en_GB-vctk-medium_spk61_pos1,data/positives/tts2_en_GB-vctk-medium_spk61_pos1.wav,en_GB-vctk-medium-spk61,en_GB-vctk-medium,en_GB-vctk-medium-spk61,train,synthetic_ground_truth,"tts_positive_whole_clip energy_trim(top_db=40.0) clip=[0,0.9056]",complete,ground_truth,,0.0,0.898,0.0,0.905578231292517,synthetic_whole_clip_energy_trim,,,,,,,,,,,True,synthetic_ground_truth,True,0.0,0.0
tts2_en_GB-vctk-medium_spk62_pos1#gt000,tts2_en_GB-vctk-medium_spk62_pos1,data/positives/tts2_en_GB-vctk-medium_spk62_pos1.wav,en_GB-vctk-medium-spk62,en_GB-vctk-medium,en_GB-vctk-medium-spk62,validation,synthetic_ground_truth,"tts_positive_whole_clip energy_trim(top_db=40.0) clip=[0,0.8940]",complete,ground_truth,,0.0,0.888,0.0,0.893968253968254,synthetic_whole_clip_energy_trim,,,,,,,,,,,True,synthetic_ground_truth,True,0.0,0.0
tts2_en_GB-vctk-medium_spk64_pos0#gt000,tts2_en_GB-vctk-medium_spk64_pos0,data/positives/tts2_en_GB-vctk-medium_spk64_pos0.wav,en_GB-vctk-medium-spk64,en_GB-vctk-medium,en_GB-vctk-medium-spk64,train,synthetic_ground_truth,"tts_positive_whole_clip energy_trim(top_db=40.0) clip=[0,0.8591]",complete,ground_truth,,0.0,0.858,0.0,0.8591383219954648,synthetic_whole_clip_energy_trim,,,,,,,,,,,True,synthetic_ground_truth,True,0.0,0.0
tts2_en_GB-vctk-medium_spk64_pos1#gt000,tts2_en_GB-vctk-medium_spk64_pos1,data/positives/tts2_en_GB-vctk-medium_spk64_pos1.wav,en_GB-vctk-medium-spk64,en_GB-vctk-medium,en_GB-vctk-medium-spk64,train,synthetic_ground_truth,"tts_positive_whole_clip energy_trim(top_db=40.0) clip=[0,0.6502]",complete,ground_truth,,0.0,0.6485,0.0,0.6501587301587302,synthetic_whole_clip_energy_trim,,,,,,,,,,,True,synthetic_ground_truth,True,0.0,0.0
tts2_en_GB-vctk-medium_spk65_pos0#gt000,tts2_en_GB-vctk-medium_spk65_pos0,data/positives/tts2_en_GB-vctk-medium_spk65_pos0.wav,en_GB-vctk-medium-spk65,en_GB-vctk-medium,en_GB-vctk-medium-spk65,test,synthetic_ground_truth,"tts_positive_whole_clip energy_trim(top_db=40.0) clip=[0,0.9056]",complete,ground_truth,,0.0,0.898,0.0,0.905578231292517,synthetic_whole_clip_energy_trim,,,,,,,,,,,True,synthetic_ground_truth,True,0.0,0.0
tts2_en_GB-vctk-medium_spk66_pos0#gt000,tts2_en_GB-vctk-medium_spk66_pos0,data/positives/tts2_en_GB-vctk-medium_spk66_pos0.wav,en_GB-vctk-medium-spk66,en_GB-vctk-medium,en_GB-vctk-medium-spk66,train,synthetic_ground_truth,"tts_positive_whole_clip energy_trim(top_db=40.0) clip=[0,0.8824]",complete,ground_truth,,0.0,0.868,0.0,0.8823582766439909,synthetic_whole_clip_energy_trim,,,,,,,,,,,True,synthetic_ground_truth,True,0.0,0.0
tts2_en_GB-vctk-medium_spk66_pos1#gt000,tts2_en_GB-vctk-medium_spk66_pos1,data/positives/tts2_en_GB-vctk-medium_spk66_pos1.wav,en_GB-vctk-medium-spk66,en_GB-vctk-medium,en_GB-vctk-medium-spk66,train,synthetic_ground_truth,"tts_positive_whole_clip energy_trim(top_db=40.0) clip=[0,1.0333]",complete,ground_truth,,0.02,1.0277,0.0,1.0332879818594105,synthetic_whole_clip_energy_trim,,,,,,,,,,,True,synthetic_ground_truth,True,0.0,0.0
tts2_en_GB-vctk-medium_spk68_pos1#gt000,tts2_en_GB-vctk-medium_spk68_pos1,data/positives/tts2_en_GB-vctk-medium_spk68_pos1.wav,en_GB-vctk-medium-spk68,en_GB-vctk-medium,en_GB-vctk-medium-spk68,test,synthetic_ground_truth,"tts_positive_whole_clip energy_trim(top_db=40.0) clip=[0,0.6269]",complete,ground_truth,,0.0,0.6186,0.0,0.626938775510204,synthetic_whole_clip_energy_trim,,,,,,,,,,,True,synthetic_ground_truth,True,0.0,0.0
tts2_en_GB-vctk-medium_spk69_pos0#gt000,tts2_en_GB-vctk-medium_spk69_pos0,data/positives/tts2_en_GB-vctk-medium_spk69_pos0.wav,en_GB-vctk-medium-spk69,en_GB-vctk-medium,en_GB-vctk-medium-spk69,train,synthetic_ground_truth,"tts_positive_whole_clip energy_trim(top_db=40.0) clip=[0,0.8243]",complete,ground_truth,,0.0399,0.7982,0.0,0.8243083900226758,synthetic_whole_clip_energy_trim,,,,,,,,,,,True,synthetic_ground_truth,True,0.0,0.0
tts2_en_GB-vctk-medium_spk69_pos1#gt000,tts2_en_GB-vctk-medium_spk69_pos1,data/positives/tts2_en_GB-vctk-medium_spk69_pos1.wav,en_GB-vctk-medium-spk69,en_GB-vctk-medium,en_GB-vctk-medium-spk69,train,synthetic_ground_truth,"tts_positive_whole_clip energy_trim(top_db=40.0) clip=[0,0.8591]",complete,ground_truth,,0.02,0.8481,0.0,0.8591383219954648,synthetic_whole_clip_energy_trim,,,,,,,,,,,True,synthetic_ground_truth,True,0.0,0.0
tts2_en_GB-vctk-medium_spk6_pos1#gt000,tts2_en_GB-vctk-medium_spk6_pos1,data/positives/tts2_en_GB-vctk-medium_spk6_pos1.wav,en_GB-vctk-medium-spk6,en_GB-vctk-medium,en_GB-vctk-medium-spk6,train,synthetic_ground_truth,"tts_positive_whole_clip energy_trim(top_db=40.0) clip=[0,0.7663]",complete,ground_truth,,0.0,0.7583,0.0,0.7662585034013606,synthetic_whole_clip_energy_trim,,,,,,,,,,,True,synthetic_ground_truth,True,0.0,0.0
tts2_en_GB-vctk-medium_spk70_pos0#gt000,tts2_en_GB-vctk-medium_spk70_pos0,data/positives/tts2_en_GB-vctk-medium_spk70_pos0.wav,en_GB-vctk-medium-spk70,en_GB-vctk-medium,en_GB-vctk-medium-spk70,train,synthetic_ground_truth,"tts_positive_whole_clip energy_trim(top_db=40.0) clip=[0,0.8359]",complete,ground_truth,,0.0,0.7882,0.0,0.8359183673469388,synthetic_whole_clip_energy_trim,,,,,,,,,,,True,synthetic_ground_truth,True,0.0,0.0
tts2_en_GB-vctk-medium_spk71_pos0#gt000,tts2_en_GB-vctk-medium_spk71_pos0,data/positives/tts2_en_GB-vctk-medium_spk71_pos0.wav,en_GB-vctk-medium-spk71,en_GB-vctk-medium,en_GB-vctk-medium-spk71,train,synthetic_ground_truth,"tts_positive_whole_clip energy_trim(top_db=40.0) clip=[0,0.9172]",complete,ground_truth,,0.0,0.9079,0.0,0.91718820861678,synthetic_whole_clip_energy_trim,,,,,,,,,,,True,synthetic_ground_truth,True,0.0,0.0
tts2_en_GB-vctk-medium_spk71_pos1#gt000,tts2_en_GB-vctk-medium_spk71_pos1,data/positives/tts2_en_GB-vctk-medium_spk71_pos1.wav,en_GB-vctk-medium-spk71,en_GB-vctk-medium,en_GB-vctk-medium-spk71,train,synthetic_ground_truth,"tts_positive_whole_clip energy_trim(top_db=40.0) clip=[0,0.6966]",complete,ground_truth,,0.0,0.6884,0.0,0.6965986394557823,synthetic_whole_clip_energy_trim,,,,,,,,,,,True,synthetic_ground_truth,True,0.0,0.0
tts2_en_GB-vctk-medium_spk72_pos0#gt000,tts2_en_GB-vctk-medium_spk72_pos0,data/positives/tts2_en_GB-vctk-medium_spk72_pos0.wav,en_GB-vctk-medium-spk72,en_GB-vctk-medium,en_GB-vctk-medium-spk72,train,synthetic_ground_truth,"tts_positive_whole_clip energy_trim(top_db=40.0) clip=[0,0.8824]",complete,ground_truth,,0.0,0.868,0.0,0.8823582766439909,synthetic_whole_clip_energy_trim,,,,,,,,,,,True,synthetic_ground_truth,True,0.0,0.0
tts2_en_GB-vctk-medium_spk72_pos1#gt000,tts2_en_GB-vctk-medium_spk72_pos1,data/positives/tts2_en_GB-vctk-medium_spk72_pos1.wav,en_GB-vctk-medium-spk72,en_GB-vctk-medium,en_GB-vctk-medium-spk72,train,synthetic_ground_truth,"tts_positive_whole_clip energy_trim(top_db=40.0) clip=[0,0.8824]",complete,ground_truth,,0.0,0.878,0.0,0.8823582766439909,synthetic_whole_clip_energy_trim,,,,,,,,,,,True,synthetic_ground_truth,True,0.0,0.0
tts2_en_GB-vctk-medium_spk73_pos0#gt000,tts2_en_GB-vctk-medium_spk73_pos0,data/positives/tts2_en_GB-vctk-medium_spk73_pos0.wav,en_GB-vctk-medium-spk73,en_GB-vctk-medium,en_GB-vctk-medium-spk73,train,synthetic_ground_truth,"tts_positive_whole_clip energy_trim(top_db=40.0) clip=[0,0.6037]",complete,ground_truth,,0.0,0.5986,0.0,0.603718820861678,synthetic_whole_clip_energy_trim,,,,,,,,,,,True,synthetic_ground_truth,True,0.0,0.0
tts2_en_GB-vctk-medium_spk73_pos1#gt000,tts2_en_GB-vctk-medium_spk73_pos1,data/positives/tts2_en_GB-vctk-medium_spk73_pos1.wav,en_GB-vctk-medium-spk73,en_GB-vctk-medium,en_GB-vctk-medium-spk73,train,synthetic_ground_truth,"tts_positive_whole_clip energy_trim(top_db=40.0) clip=[0,1.0217]",complete,ground_truth,,0.0,1.0177,0.0,1.0216780045351477,synthetic_whole_clip_energy_trim,,,,,,,,,,,True,synthetic_ground_truth,True,0.0,0.0
tts2_en_GB-vctk-medium_spk74_pos0#gt000,tts2_en_GB-vctk-medium_spk74_pos0,data/positives/tts2_en_GB-vctk-medium_spk74_pos0.wav,en_GB-vctk-medium-spk74,en_GB-vctk-medium,en_GB-vctk-medium-spk74,train,synthetic_ground_truth,"tts_positive_whole_clip energy_trim(top_db=40.0) clip=[0,0.9868]",complete,ground_truth,,0.0,0.9778,0.0,0.9868480725623584,synthetic_whole_clip_energy_trim,,,,,,,,,,,True,synthetic_ground_truth,True,0.0,0.0
tts2_en_GB-vctk-medium_spk74_pos1#gt000,tts2_en_GB-vctk-medium_spk74_pos1,data/positives/tts2_en_GB-vctk-medium_spk74_pos1.wav,en_GB-vctk-medium-spk74,en_GB-vctk-medium,en_GB-vctk-medium-spk74,train,synthetic_ground_truth,"tts_positive_whole_clip energy_trim(top_db=40.0) clip=[0,0.9752]",complete,ground_truth,,0.0,0.9678,0.0,0.9752380952380952,synthetic_whole_clip_energy_trim,,,,,,,,,,,True,synthetic_ground_truth,True,0.0,0.0
tts2_en_GB-vctk-medium_spk75_pos0#gt000,tts2_en_GB-vctk-medium_spk75_pos0,data/positives/tts2_en_GB-vctk-medium_spk75_pos0.wav,en_GB-vctk-medium-spk75,en_GB-vctk-medium,en_GB-vctk-medium-spk75,train,synthetic_ground_truth,"tts_positive_whole_clip energy_trim(top_db=40.0) clip=[0,0.7895]",complete,ground_truth,,0.0,0.7882,0.0,0.7894784580498866,synthetic_whole_clip_energy_trim,,,,,,,,,,,True,synthetic_ground_truth,True,0.0,0.0
tts2_en_GB-vctk-medium_spk75_pos1#gt000,tts2_en_GB-vctk-medium_spk75_pos1,data/positives/tts2_en_GB-vctk-medium_spk75_pos1.wav,en_GB-vctk-medium-spk75,en_GB-vctk-medium,en_GB-vctk-medium-spk75,train,synthetic_ground_truth,"tts_positive_whole_clip energy_trim(top_db=40.0) clip=[0,0.7779]",complete,ground_truth,,0.0,0.7683,0.0,0.7778684807256235,synthetic_whole_clip_energy_trim,,,,,,,,,,,True,synthetic_ground_truth,True,0.0,0.0
tts2_en_GB-vctk-medium_spk76_pos0#gt000,tts2_en_GB-vctk-medium_spk76_pos0,data/positives/tts2_en_GB-vctk-medium_spk76_pos0.wav,en_GB-vctk-medium-spk76,en_GB-vctk-medium,en_GB-vctk-medium-spk76,train,synthetic_ground_truth,"tts_positive_whole_clip energy_trim(top_db=40.0) clip=[0,0.6269]",complete,ground_truth,,0.0,0.6086,0.0,0.626938775510204,synthetic_whole_clip_energy_trim,,,,,,,,,,,True,synthetic_ground_truth,True,0.0,0.0
tts2_en_GB-vctk-medium_spk76_pos1#gt000,tts2_en_GB-vctk-medium_spk76_pos1,data/positives/tts2_en_GB-vctk-medium_spk76_pos1.wav,en_GB-vctk-medium-spk76,en_GB-vctk-medium,en_GB-vctk-medium-spk76,train,synthetic_ground_truth,"tts_positive_whole_clip energy_trim(top_db=40.0) clip=[0,1.4280]",complete,ground_truth,,0.0,1.4268,0.0,1.4280272108843537,synthetic_whole_clip_energy_trim,,,,,,,,,,,True,synthetic_ground_truth,True,0.0,0.0
tts2_en_GB-vctk-medium_spk77_pos0#gt000,tts2_en_GB-vctk-medium_spk77_pos0,data/positives/tts2_en_GB-vctk-medium_spk77_pos0.wav,en_GB-vctk-medium-spk77,en_GB-vctk-medium,en_GB-vctk-medium-spk77,train,synthetic_ground_truth,"tts_positive_whole_clip energy_trim(top_db=40.0) clip=[0,0.8824]",complete,ground_truth,,0.0,0.878,0.0,0.8823582766439909,synthetic_whole_clip_energy_trim,,,,,,,,,,,True,synthetic_ground_truth,True,0.0,0.0
tts2_en_GB-vctk-medium_spk77_pos1#gt000,tts2_en_GB-vctk-medium_spk77_pos1,data/positives/tts2_en_GB-vctk-medium_spk77_pos1.wav,en_GB-vctk-medium-spk77,en_GB-vctk-medium,en_GB-vctk-medium-spk77,train,synthetic_ground_truth,"tts_positive_whole_clip energy_trim(top_db=40.0) clip=[0,0.8940]",complete,ground_truth,,0.0,0.888,0.0,0.893968253968254,synthetic_whole_clip_energy_trim,,,,,,,,,,,True,synthetic_ground_truth,True,0.0,0.0
tts2_en_GB-vctk-medium_spk78_pos1#gt000,tts2_en_GB-vctk-medium_spk78_pos1,data/positives/tts2_en_GB-vctk-medium_spk78_pos1.wav,en_GB-vctk-medium-spk78,en_GB-vctk-medium,en_GB-vctk-medium-spk78,test,synthetic_ground_truth,"tts_positive_whole_clip energy_trim(top_db=40.0) clip=[0,0.8475]",complete,ground_truth,,0.0,0.8381,0.0,0.8475283446712019,synthetic_whole_clip_energy_trim,,,,,,,,,,,True,synthetic_ground_truth,True,0.0,0.0
tts2_en_GB-vctk-medium_spk79_pos0#gt000,tts2_en_GB-vctk-medium_spk79_pos0,data/positives/tts2_en_GB-vctk-medium_spk79_pos0.wav,en_GB-vctk-medium-spk79,en_GB-vctk-medium,en_GB-vctk-medium-spk79,train,synthetic_ground_truth,"tts_positive_whole_clip energy_trim(top_db=40.0) clip=[0,0.8824]",complete,ground_truth,,0.02,0.878,0.0,0.8823582766439909,synthetic_whole_clip_energy_trim,,,,,,,,,,,True,synthetic_ground_truth,True,0.0,0.0
tts2_en_GB-vctk-medium_spk79_pos1#gt000,tts2_en_GB-vctk-medium_spk79_pos1,data/positives/tts2_en_GB-vctk-medium_spk79_pos1.wav,en_GB-vctk-medium-spk79,en_GB-vctk-medium,en_GB-vctk-medium-spk79,train,synthetic_ground_truth,"tts_positive_whole_clip energy_trim(top_db=40.0) clip=[0,0.7546]",complete,ground_truth,,0.0,0.7483,0.0,0.7546485260770975,synthetic_whole_clip_energy_trim,,,,,,,,,,,True,synthetic_ground_truth,True,0.0,0.0
tts2_en_GB-vctk-medium_spk7_pos1#gt000,tts2_en_GB-vctk-medium_spk7_pos1,data/positives/tts2_en_GB-vctk-medium_spk7_pos1.wav,en_GB-vctk-medium-spk7,en_GB-vctk-medium,en_GB-vctk-medium-spk7,validation,synthetic_ground_truth,"tts_positive_whole_clip energy_trim(top_db=40.0) clip=[0,0.7082]",complete,ground_truth,,0.0,0.6984,0.0,0.7082086167800453,synthetic_whole_clip_energy_trim,,,,,,,,,,,True,synthetic_ground_truth,True,0.0,0.0
tts2_en_GB-vctk-medium_spk80_pos0#gt000,tts2_en_GB-vctk-medium_spk80_pos0,data/positives/tts2_en_GB-vctk-medium_spk80_pos0.wav,en_GB-vctk-medium-spk80,en_GB-vctk-medium,en_GB-vctk-medium-spk80,train,synthetic_ground_truth,"tts_positive_whole_clip energy_trim(top_db=40.0) clip=[0,0.8127]",complete,ground_truth,,0.0,0.8082,0.0,0.8126984126984127,synthetic_whole_clip_energy_trim,,,,,,,,,,,True,synthetic_ground_truth,True,0.0,0.0
tts2_en_GB-vctk-medium_spk80_pos1#gt000,tts2_en_GB-vctk-medium_spk80_pos1,data/positives/tts2_en_GB-vctk-medium_spk80_pos1.wav,en_GB-vctk-medium-spk80,en_GB-vctk-medium,en_GB-vctk-medium-spk80,train,synthetic_ground_truth,"tts_positive_whole_clip energy_trim(top_db=40.0) clip=[0,0.7082]",complete,ground_truth,,0.0,0.6984,0.0,0.7082086167800453,synthetic_whole_clip_energy_trim,,,,,,,,,,,True,synthetic_ground_truth,True,0.0,0.0
tts2_en_GB-vctk-medium_spk81_pos0#gt000,tts2_en_GB-vctk-medium_spk81_pos0,data/positives/tts2_en_GB-vctk-medium_spk81_pos0.wav,en_GB-vctk-medium-spk81,en_GB-vctk-medium,en_GB-vctk-medium-spk81,train,synthetic_ground_truth,"tts_positive_whole_clip energy_trim(top_db=40.0) clip=[0,0.8011]",complete,ground_truth,,0.0,0.7483,0.0,0.8010884353741496,synthetic_whole_clip_energy_trim,,,,,,,,,,,True,synthetic_ground_truth,True,0.0,0.0
tts2_en_GB-vctk-medium_spk81_pos1#gt000,tts2_en_GB-vctk-medium_spk81_pos1,data/positives/tts2_en_GB-vctk-medium_spk81_pos1.wav,en_GB-vctk-medium-spk81,en_GB-vctk-medium,en_GB-vctk-medium-spk81,train,synthetic_ground_truth,"tts_positive_whole_clip energy_trim(top_db=40.0) clip=[0,1.0333]",complete,ground_truth,,0.01,0.9478,0.0,1.0332879818594105,synthetic_whole_clip_energy_trim,,,,,,,,,,,True,synthetic_ground_truth,True,0.0,0.0
tts2_en_GB-vctk-medium_spk82_pos1#gt000,tts2_en_GB-vctk-medium_spk82_pos1,data/positives/tts2_en_GB-vctk-medium_spk82_pos1.wav,en_GB-vctk-medium-spk82,en_GB-vctk-medium,en_GB-vctk-medium-spk82,test,synthetic_ground_truth,"tts_positive_whole_clip energy_trim(top_db=40.0) clip=[0,0.8011]",complete,ground_truth,,0.01,0.7982,0.0,0.8010884353741496,synthetic_whole_clip_energy_trim,,,,,,,,,,,True,synthetic_ground_truth,True,0.0,0.0
tts2_en_GB-vctk-medium_spk83_pos0#gt000,tts2_en_GB-vctk-medium_spk83_pos0,data/positives/tts2_en_GB-vctk-medium_spk83_pos0.wav,en_GB-vctk-medium-spk83,en_GB-vctk-medium,en_GB-vctk-medium-spk83,train,synthetic_ground_truth,"tts_positive_whole_clip energy_trim(top_db=40.0) clip=[0,0.8940]",complete,ground_truth,,0.0,0.878,0.0,0.893968253968254,synthetic_whole_clip_energy_trim,,,,,,,,,,,True,synthetic_ground_truth,True,0.0,0.0
tts2_en_GB-vctk-medium_spk83_pos1#gt000,tts2_en_GB-vctk-medium_spk83_pos1,data/positives/tts2_en_GB-vctk-medium_spk83_pos1.wav,en_GB-vctk-medium-spk83,en_GB-vctk-medium,en_GB-vctk-medium-spk83,train,synthetic_ground_truth,"tts_positive_whole_clip energy_trim(top_db=40.0) clip=[0,1.2190]",complete,ground_truth,,0.0,1.2172,0.0,1.2190476190476192,synthetic_whole_clip_energy_trim,,,,,,,,,,,True,synthetic_ground_truth,True,0.0,0.0
tts2_en_GB-vctk-medium_spk84_pos0#gt000,tts2_en_GB-vctk-medium_spk84_pos0,data/positives/tts2_en_GB-vctk-medium_spk84_pos0.wav,en_GB-vctk-medium-spk84,en_GB-vctk-medium,en_GB-vctk-medium-spk84,validation,synthetic_ground_truth,"tts_positive_whole_clip energy_trim(top_db=40.0) clip=[0,0.7895]",complete,ground_truth,,0.0,0.7882,0.0,0.7894784580498866,synthetic_whole_clip_energy_trim,,,,,,,,,,,True,synthetic_ground_truth,True,0.0,0.0
tts2_en_GB-vctk-medium_spk85_pos0#gt000,tts2_en_GB-vctk-medium_spk85_pos0,data/positives/tts2_en_GB-vctk-medium_spk85_pos0.wav,en_GB-vctk-medium-spk85,en_GB-vctk-medium,en_GB-vctk-medium-spk85,train,synthetic_ground_truth,"tts_positive_whole_clip energy_trim(top_db=40.0) clip=[0,0.7663]",complete,ground_truth,,0.0,0.7583,0.0,0.7662585034013606,synthetic_whole_clip_energy_trim,,,,,,,,,,,True,synthetic_ground_truth,True,0.0,0.0
tts2_en_GB-vctk-medium_spk85_pos1#gt000,tts2_en_GB-vctk-medium_spk85_pos1,data/positives/tts2_en_GB-vctk-medium_spk85_pos1.wav,en_GB-vctk-medium-spk85,en_GB-vctk-medium,en_GB-vctk-medium-spk85,train,synthetic_ground_truth,"tts_positive_whole_clip energy_trim(top_db=40.0) clip=[0,0.7895]",complete,ground_truth,,0.0,0.7882,0.0,0.7894784580498866,synthetic_whole_clip_energy_trim,,,,,,,,,,,True,synthetic_ground_truth,True,0.0,0.0
tts2_en_GB-vctk-medium_spk87_pos0#gt000,tts2_en_GB-vctk-medium_spk87_pos0,data/positives/tts2_en_GB-vctk-medium_spk87_pos0.wav,en_GB-vctk-medium-spk87,en_GB-vctk-medium,en_GB-vctk-medium-spk87,train,synthetic_ground_truth,"tts_positive_whole_clip energy_trim(top_db=40.0) clip=[0,0.8359]",complete,ground_truth,,0.0,0.8082,0.0,0.8359183673469388,synthetic_whole_clip_energy_trim,,,,,,,,,,,True,synthetic_ground_truth,True,0.0,0.0
tts2_en_GB-vctk-medium_spk88_pos0#gt000,tts2_en_GB-vctk-medium_spk88_pos0,data/positives/tts2_en_GB-vctk-medium_spk88_pos0.wav,en_GB-vctk-medium-spk88,en_GB-vctk-medium,en_GB-vctk-medium-spk88,train,synthetic_ground_truth,"tts_positive_whole_clip energy_trim(top_db=40.0) clip=[0,2.1362]",complete,ground_truth,,0.0,2.1052,0.0,2.136235827664399,synthetic_whole_clip_energy_trim,,,,,,,,,,,True,synthetic_ground_truth,True,0.0,0.0
tts2_en_GB-vctk-medium_spk88_pos1#gt000,tts2_en_GB-vctk-medium_spk88_pos1,data/positives/tts2_en_GB-vctk-medium_spk88_pos1.wav,en_GB-vctk-medium-spk88,en_GB-vctk-medium,en_GB-vctk-medium-spk88,train,synthetic_ground_truth,"tts_positive_whole_clip energy_trim(top_db=40.0) clip=[0,1.5673]",complete,ground_truth,,0.0,1.5664,0.0,1.56734693877551,synthetic_whole_clip_energy_trim,,,,,,,,,,,True,synthetic_ground_truth,True,0.0,0.0
tts2_en_GB-vctk-medium_spk89_pos0#gt000,tts2_en_GB-vctk-medium_spk89_pos0,data/positives/tts2_en_GB-vctk-medium_spk89_pos0.wav,en_GB-vctk-medium-spk89,en_GB-vctk-medium,en_GB-vctk-medium-spk89,train,synthetic_ground_truth,"tts_positive_whole_clip energy_trim(top_db=40.0) clip=[0,0.7663]",complete,ground_truth,,0.0,0.7583,0.0,0.7662585034013606,synthetic_whole_clip_energy_trim,,,,,,,,,,,True,synthetic_ground_truth,True,0.0,0.0
tts2_en_GB-vctk-medium_spk89_pos1#gt000,tts2_en_GB-vctk-medium_spk89_pos1,data/positives/tts2_en_GB-vctk-medium_spk89_pos1.wav,en_GB-vctk-medium-spk89,en_GB-vctk-medium,en_GB-vctk-medium-spk89,train,synthetic_ground_truth,"tts_positive_whole_clip energy_trim(top_db=40.0) clip=[0,0.7895]",complete,ground_truth,,0.0,0.7882,0.0,0.7894784580498866,synthetic_whole_clip_energy_trim,,,,,,,,,,,True,synthetic_ground_truth,True,0.0,0.0
tts2_en_GB-vctk-medium_spk90_pos0#gt000,tts2_en_GB-vctk-medium_spk90_pos0,data/positives/tts2_en_GB-vctk-medium_spk90_pos0.wav,en_GB-vctk-medium-spk90,en_GB-vctk-medium,en_GB-vctk-medium-spk90,train,synthetic_ground_truth,"tts_positive_whole_clip energy_trim(top_db=40.0) clip=[0,0.8707]",complete,ground_truth,,0.0,0.868,0.0,0.8707482993197279,synthetic_whole_clip_energy_trim,,,,,,,,,,,True,synthetic_ground_truth,True,0.0,0.0
tts2_en_GB-vctk-medium_spk90_pos1#gt000,tts2_en_GB-vctk-medium_spk90_pos1,data/positives/tts2_en_GB-vctk-medium_spk90_pos1.wav,en_GB-vctk-medium-spk90,en_GB-vctk-medium,en_GB-vctk-medium-spk90,train,synthetic_ground_truth,"tts_positive_whole_clip energy_trim(top_db=40.0) clip=[0,0.9172]",complete,ground_truth,,0.0,0.9079,0.0,0.91718820861678,synthetic_whole_clip_energy_trim,,,,,,,,,,,True,synthetic_ground_truth,True,0.0,0.0
tts2_en_GB-vctk-medium_spk91_pos0#gt000,tts2_en_GB-vctk-medium_spk91_pos0,data/positives/tts2_en_GB-vctk-medium_spk91_pos0.wav,en_GB-vctk-medium-spk91,en_GB-vctk-medium,en_GB-vctk-medium-spk91,train,synthetic_ground_truth,"tts_positive_whole_clip energy_trim(top_db=40.0) clip=[0,0.7314]",complete,ground_truth,,0.0,0.7283,0.0,0.7314285714285714,synthetic_whole_clip_energy_trim,,,,,,,,,,,True,synthetic_ground_truth,True,0.0,0.0
tts2_en_GB-vctk-medium_spk92_pos1#gt000,tts2_en_GB-vctk-medium_spk92_pos1,data/positives/tts2_en_GB-vctk-medium_spk92_pos1.wav,en_GB-vctk-medium-spk92,en_GB-vctk-medium,en_GB-vctk-medium-spk92,train,synthetic_ground_truth,"tts_positive_whole_clip energy_trim(top_db=40.0) clip=[0,0.8011]",complete,ground_truth,,0.0,0.7882,0.0,0.8010884353741496,synthetic_whole_clip_energy_trim,,,,,,,,,,,True,synthetic_ground_truth,True,0.0,0.0
tts2_en_GB-vctk-medium_spk93_pos0#gt000,tts2_en_GB-vctk-medium_spk93_pos0,data/positives/tts2_en_GB-vctk-medium_spk93_pos0.wav,en_GB-vctk-medium-spk93,en_GB-vctk-medium,en_GB-vctk-medium-spk93,validation,synthetic_ground_truth,"tts_positive_whole_clip energy_trim(top_db=40.0) clip=[0,0.8475]",complete,ground_truth,,0.0,0.8381,0.0,0.8475283446712019,synthetic_whole_clip_energy_trim,,,,,,,,,,,True,synthetic_ground_truth,True,0.0,0.0
tts2_en_GB-vctk-medium_spk94_pos1#gt000,tts2_en_GB-vctk-medium_spk94_pos1,data/positives/tts2_en_GB-vctk-medium_spk94_pos1.wav,en_GB-vctk-medium-spk94,en_GB-vctk-medium,en_GB-vctk-medium-spk94,train,synthetic_ground_truth,"tts_positive_whole_clip energy_trim(top_db=40.0) clip=[0,0.8127]",complete,ground_truth,,0.0,0.8082,0.0,0.8126984126984127,synthetic_whole_clip_energy_trim,,,,,,,,,,,True,synthetic_ground_truth,True,0.0,0.0
tts2_en_GB-vctk-medium_spk95_pos0#gt000,tts2_en_GB-vctk-medium_spk95_pos0,data/positives/tts2_en_GB-vctk-medium_spk95_pos0.wav,en_GB-vctk-medium-spk95,en_GB-vctk-medium,en_GB-vctk-medium-spk95,train,synthetic_ground_truth,"tts_positive_whole_clip energy_trim(top_db=40.0) clip=[0,0.7198]",complete,ground_truth,,0.01,0.7184,0.0,0.7198185941043084,synthetic_whole_clip_energy_trim,,,,,,,,,,,True,synthetic_ground_truth,True,0.0,0.0
tts2_en_GB-vctk-medium_spk95_pos1#gt000,tts2_en_GB-vctk-medium_spk95_pos1,data/positives/tts2_en_GB-vctk-medium_spk95_pos1.wav,en_GB-vctk-medium-spk95,en_GB-vctk-medium,en_GB-vctk-medium-spk95,train,synthetic_ground_truth,"tts_positive_whole_clip energy_trim(top_db=40.0) clip=[0,0.9636]",complete,ground_truth,,0.0,0.9578,0.0,0.9636281179138322,synthetic_whole_clip_energy_trim,,,,,,,,,,,True,synthetic_ground_truth,True,0.0,0.0
tts2_en_GB-vctk-medium_spk96_pos1#gt000,tts2_en_GB-vctk-medium_spk96_pos1,data/positives/tts2_en_GB-vctk-medium_spk96_pos1.wav,en_GB-vctk-medium-spk96,en_GB-vctk-medium,en_GB-vctk-medium-spk96,validation,synthetic_ground_truth,"tts_positive_whole_clip energy_trim(top_db=40.0) clip=[0,0.6850]",complete,ground_truth,,0.02,0.6685,0.0,0.6849886621315193,synthetic_whole_clip_energy_trim,,,,,,,,,,,True,synthetic_ground_truth,True,0.0,0.0
tts2_en_GB-vctk-medium_spk97_pos0#gt000,tts2_en_GB-vctk-medium_spk97_pos0,data/positives/tts2_en_GB-vctk-medium_spk97_pos0.wav,en_GB-vctk-medium-spk97,en_GB-vctk-medium,en_GB-vctk-medium-spk97,train,synthetic_ground_truth,"tts_positive_whole_clip energy_trim(top_db=40.0) clip=[0,0.8127]",complete,ground_truth,,0.0,0.7982,0.0,0.8126984126984127,synthetic_whole_clip_energy_trim,,,,,,,,,,,True,synthetic_ground_truth,True,0.0,0.0
tts2_en_GB-vctk-medium_spk97_pos1#gt000,tts2_en_GB-vctk-medium_spk97_pos1,data/positives/tts2_en_GB-vctk-medium_spk97_pos1.wav,en_GB-vctk-medium-spk97,en_GB-vctk-medium,en_GB-vctk-medium-spk97,train,synthetic_ground_truth,"tts_positive_whole_clip energy_trim(top_db=40.0) clip=[0,0.9636]",complete,ground_truth,,0.01,0.9578,0.0,0.9636281179138322,synthetic_whole_clip_energy_trim,,,,,,,,,,,True,synthetic_ground_truth,True,0.0,0.0
tts2_en_GB-vctk-medium_spk98_pos0#gt000,tts2_en_GB-vctk-medium_spk98_pos0,data/positives/tts2_en_GB-vctk-medium_spk98_pos0.wav,en_GB-vctk-medium-spk98,en_GB-vctk-medium,en_GB-vctk-medium-spk98,test,synthetic_ground_truth,"tts_positive_whole_clip energy_trim(top_db=40.0) clip=[0,1.1726]",complete,ground_truth,,0.0,1.1673,0.0,1.172607709750567,synthetic_whole_clip_energy_trim,,,,,,,,,,,True,synthetic_ground_truth,True,0.0,0.0
tts2_en_GB-vctk-medium_spk9_pos0#gt000,tts2_en_GB-vctk-medium_spk9_pos0,data/positives/tts2_en_GB-vctk-medium_spk9_pos0.wav,en_GB-vctk-medium-spk9,en_GB-vctk-medium,en_GB-vctk-medium-spk9,train,synthetic_ground_truth,"tts_positive_whole_clip energy_trim(top_db=40.0) clip=[0,0.9172]",complete,ground_truth,,0.0,0.898,0.0,0.91718820861678,synthetic_whole_clip_energy_trim,,,,,,,,,,,True,synthetic_ground_truth,True,0.0,0.0
tts2_en_GB-vctk-medium_spk9_pos1#gt000,tts2_en_GB-vctk-medium_spk9_pos1,data/positives/tts2_en_GB-vctk-medium_spk9_pos1.wav,en_GB-vctk-medium-spk9,en_GB-vctk-medium,en_GB-vctk-medium-spk9,train,synthetic_ground_truth,"tts_positive_whole_clip energy_trim(top_db=40.0) clip=[0,0.7895]",complete,ground_truth,,0.02,0.7882,0.0,0.7894784580498866,synthetic_whole_clip_energy_trim,,,,,,,,,,,True,synthetic_ground_truth,True,0.0,0.0
tts2_en_US-arctic-medium_spk10_pos0#gt000,tts2_en_US-arctic-medium_spk10_pos0,data/positives/tts2_en_US-arctic-medium_spk10_pos0.wav,en_US-arctic-medium-spk10,en_US-arctic-medium,en_US-arctic-medium-spk10,train,synthetic_ground_truth,"tts_positive_whole_clip energy_trim(top_db=40.0) clip=[0,1.1958]",complete,ground_truth,,0.0798,1.0975,0.0,1.195827664399093,synthetic_whole_clip_energy_trim,,,,,,,,,,,True,synthetic_ground_truth,True,0.0,0.0
tts2_en_US-arctic-medium_spk10_pos1#gt000,tts2_en_US-arctic-medium_spk10_pos1,data/positives/tts2_en_US-arctic-medium_spk10_pos1.wav,en_US-arctic-medium-spk10,en_US-arctic-medium,en_US-arctic-medium-spk10,train,synthetic_ground_truth,"tts_positive_whole_clip energy_trim(top_db=40.0) clip=[0,1.1262]",complete,ground_truth,,0.1796,1.1175,0.0,1.1261678004535147,synthetic_whole_clip_energy_trim,,,,,,,,,,,True,synthetic_ground_truth,True,0.0,0.0
tts2_en_US-arctic-medium_spk11_pos0#gt000,tts2_en_US-arctic-medium_spk11_pos0,data/positives/tts2_en_US-arctic-medium_spk11_pos0.wav,en_US-arctic-medium-spk11,en_US-arctic-medium,en_US-arctic-medium-spk11,train,synthetic_ground_truth,"tts_positive_whole_clip energy_trim(top_db=40.0) clip=[0,0.7895]",complete,ground_truth,,0.0898,0.7483,0.0,0.7894784580498866,synthetic_whole_clip_energy_trim,,,,,,,,,,,True,synthetic_ground_truth,True,0.0,0.0
tts2_en_US-arctic-medium_spk11_pos1#gt000,tts2_en_US-arctic-medium_spk11_pos1,data/positives/tts2_en_US-arctic-medium_spk11_pos1.wav,en_US-arctic-medium-spk11,en_US-arctic-medium,en_US-arctic-medium-spk11,train,synthetic_ground_truth,"tts_positive_whole_clip energy_trim(top_db=40.0) clip=[0,0.9868]",complete,ground_truth,,0.0399,0.9478,0.0,0.9868480725623584,synthetic_whole_clip_energy_trim,,,,,,,,,,,True,synthetic_ground_truth,True,0.0,0.0
tts2_en_US-arctic-medium_spk12_pos1#gt000,tts2_en_US-arctic-medium_spk12_pos1,data/positives/tts2_en_US-arctic-medium_spk12_pos1.wav,en_US-arctic-medium-spk12,en_US-arctic-medium,en_US-arctic-medium-spk12,train,synthetic_ground_truth,"tts_positive_whole_clip energy_trim(top_db=40.0) clip=[0,1.0681]",complete,ground_truth,,0.01,0.9279,0.0,1.0681179138321997,synthetic_whole_clip_energy_trim,,,,,,,,,,,True,synthetic_ground_truth,True,0.0,0.0
tts2_en_US-arctic-medium_spk13_pos0#gt000,tts2_en_US-arctic-medium_spk13_pos0,data/positives/tts2_en_US-arctic-medium_spk13_pos0.wav,en_US-arctic-medium-spk13,en_US-arctic-medium,en_US-arctic-medium-spk13,train,synthetic_ground_truth,"tts_positive_whole_clip energy_trim(top_db=40.0) clip=[0,0.7314]",complete,ground_truth,,0.0,0.7283,0.0,0.7314285714285714,synthetic_whole_clip_energy_trim,,,,,,,,,,,True,synthetic_ground_truth,True,0.0,0.0
tts2_en_US-arctic-medium_spk13_pos1#gt000,tts2_en_US-arctic-medium_spk13_pos1,data/positives/tts2_en_US-arctic-medium_spk13_pos1.wav,en_US-arctic-medium-spk13,en_US-arctic-medium,en_US-arctic-medium-spk13,train,synthetic_ground_truth,"tts_positive_whole_clip energy_trim(top_db=40.0) clip=[0,0.7895]",complete,ground_truth,,0.0,0.7882,0.0,0.7894784580498866,synthetic_whole_clip_energy_trim,,,,,,,,,,,True,synthetic_ground_truth,True,0.0,0.0
tts2_en_US-arctic-medium_spk14_pos0#gt000,tts2_en_US-arctic-medium_spk14_pos0,data/positives/tts2_en_US-arctic-medium_spk14_pos0.wav,en_US-arctic-medium-spk14,en_US-arctic-medium,en_US-arctic-medium-spk14,train,synthetic_ground_truth,"tts_positive_whole_clip energy_trim(top_db=40.0) clip=[0,0.9868]",complete,ground_truth,,0.0399,0.8381,0.0,0.9868480725623584,synthetic_whole_clip_energy_trim,,,,,,,,,,,True,synthetic_ground_truth,True,0.0,0.0
tts2_en_US-arctic-medium_spk14_pos1#gt000,tts2_en_US-arctic-medium_spk14_pos1,data/positives/tts2_en_US-arctic-medium_spk14_pos1.wav,en_US-arctic-medium-spk14,en_US-arctic-medium,en_US-arctic-medium-spk14,train,synthetic_ground_truth,"tts_positive_whole_clip energy_trim(top_db=40.0) clip=[0,0.9288]",complete,ground_truth,,0.02,0.858,0.0,0.9287981859410432,synthetic_whole_clip_energy_trim,,,,,,,,,,,True,synthetic_ground_truth,True,0.0,0.0
tts2_en_US-arctic-medium_spk15_pos1#gt000,tts2_en_US-arctic-medium_spk15_pos1,data/positives/tts2_en_US-arctic-medium_spk15_pos1.wav,en_US-arctic-medium-spk15,en_US-arctic-medium,en_US-arctic-medium-spk15,train,synthetic_ground_truth,"tts_positive_whole_clip energy_trim(top_db=40.0) clip=[0,1.4280]",complete,ground_truth,,0.1397,1.317,0.0,1.4280272108843537,synthetic_whole_clip_energy_trim,,,,,,,,,,,True,synthetic_ground_truth,True,0.0,0.0
tts2_en_US-arctic-medium_spk16_pos0#gt000,tts2_en_US-arctic-medium_spk16_pos0,data/positives/tts2_en_US-arctic-medium_spk16_pos0.wav,en_US-arctic-medium-spk16,en_US-arctic-medium,en_US-arctic-medium-spk16,train,synthetic_ground_truth,"tts_positive_whole_clip energy_trim(top_db=40.0) clip=[0,1.0101]",complete,ground_truth,,0.0,1.0077,0.0,1.0100680272108844,synthetic_whole_clip_energy_trim,,,,,,,,,,,True,synthetic_ground_truth,True,0.0,0.0
tts2_en_US-arctic-medium_spk16_pos1#gt000,tts2_en_US-arctic-medium_spk16_pos1,data/positives/tts2_en_US-arctic-medium_spk16_pos1.wav,en_US-arctic-medium-spk16,en_US-arctic-medium,en_US-arctic-medium-spk16,train,synthetic_ground_truth,"tts_positive_whole_clip energy_trim(top_db=40.0) clip=[0,0.9172]",complete,ground_truth,,0.0499,0.888,0.0,0.91718820861678,synthetic_whole_clip_energy_trim,,,,,,,,,,,True,synthetic_ground_truth,True,0.0,0.0
tts2_en_US-arctic-medium_spk17_pos0#gt000,tts2_en_US-arctic-medium_spk17_pos0,data/positives/tts2_en_US-arctic-medium_spk17_pos0.wav,en_US-arctic-medium-spk17,en_US-arctic-medium,en_US-arctic-medium-spk17,train,synthetic_ground_truth,"tts_positive_whole_clip energy_trim(top_db=40.0) clip=[0,1.2423]",complete,ground_truth,,0.2195,1.1773,0.0,1.242267573696145,synthetic_whole_clip_energy_trim,,,,,,,,,,,True,synthetic_ground_truth,True,0.0,0.0
tts2_en_US-arctic-medium_spk17_pos1#gt000,tts2_en_US-arctic-medium_spk17_pos1,data/positives/tts2_en_US-arctic-medium_spk17_pos1.wav,en_US-arctic-medium-spk17,en_US-arctic-medium,en_US-arctic-medium-spk17,train,synthetic_ground_truth,"tts_positive_whole_clip energy_trim(top_db=40.0) clip=[0,0.8243]",complete,ground_truth,,0.0599,0.7782,0.0,0.8243083900226758,synthetic_whole_clip_energy_trim,,,,,,,,,,,True,synthetic_ground_truth,True,0.0,0.0
tts2_en_US-arctic-medium_spk1_pos0#gt000,tts2_en_US-arctic-medium_spk1_pos0,data/positives/tts2_en_US-arctic-medium_spk1_pos0.wav,en_US-arctic-medium-spk1,en_US-arctic-medium,en_US-arctic-medium-spk1,train,synthetic_ground_truth,"tts_positive_whole_clip energy_trim(top_db=40.0) clip=[0,0.9520]",complete,ground_truth,,0.0698,0.878,0.0,0.9520181405895692,synthetic_whole_clip_energy_trim,,,,,,,,,,,True,synthetic_ground_truth,True,0.0,0.0
tts2_en_US-arctic-medium_spk1_pos1#gt000,tts2_en_US-arctic-medium_spk1_pos1,data/positives/tts2_en_US-arctic-medium_spk1_pos1.wav,en_US-arctic-medium-spk1,en_US-arctic-medium,en_US-arctic-medium-spk1,train,synthetic_ground_truth,"tts_positive_whole_clip energy_trim(top_db=40.0) clip=[0,0.7779]",complete,ground_truth,,0.0399,0.7383,0.0,0.7778684807256235,synthetic_whole_clip_energy_trim,,,,,,,,,,,True,synthetic_ground_truth,True,0.0,0.0
tts2_en_US-arctic-medium_spk2_pos0#gt000,tts2_en_US-arctic-medium_spk2_pos0,data/positives/tts2_en_US-arctic-medium_spk2_pos0.wav,en_US-arctic-medium-spk2,en_US-arctic-medium,en_US-arctic-medium-spk2,train,synthetic_ground_truth,"tts_positive_whole_clip energy_trim(top_db=40.0) clip=[0,0.8243]",complete,ground_truth,,0.02,0.7283,0.0,0.8243083900226758,synthetic_whole_clip_energy_trim,,,,,,,,,,,True,synthetic_ground_truth,True,0.0,0.0
tts2_en_US-arctic-medium_spk2_pos1#gt000,tts2_en_US-arctic-medium_spk2_pos1,data/positives/tts2_en_US-arctic-medium_spk2_pos1.wav,en_US-arctic-medium-spk2,en_US-arctic-medium,en_US-arctic-medium-spk2,train,synthetic_ground_truth,"tts_positive_whole_clip energy_trim(top_db=40.0) clip=[0,1.4396]",complete,ground_truth,,0.0,1.4268,0.0,1.4396371882086167,synthetic_whole_clip_energy_trim,,,,,,,,,,,True,synthetic_ground_truth,True,0.0,0.0
tts2_en_US-arctic-medium_spk3_pos0#gt000,tts2_en_US-arctic-medium_spk3_pos0,data/positives/tts2_en_US-arctic-medium_spk3_pos0.wav,en_US-arctic-medium-spk3,en_US-arctic-medium,en_US-arctic-medium-spk3,train,synthetic_ground_truth,"tts_positive_whole_clip energy_trim(top_db=40.0) clip=[0,1.0217]",complete,ground_truth,,0.0898,0.9179,0.0,1.0216780045351477,synthetic_whole_clip_energy_trim,,,,,,,,,,,True,synthetic_ground_truth,True,0.0,0.0
tts2_en_US-arctic-medium_spk3_pos1#gt000,tts2_en_US-arctic-medium_spk3_pos1,data/positives/tts2_en_US-arctic-medium_spk3_pos1.wav,en_US-arctic-medium-spk3,en_US-arctic-medium,en_US-arctic-medium-spk3,train,synthetic_ground_truth,"tts_positive_whole_clip energy_trim(top_db=40.0) clip=[0,1.1958]",complete,ground_truth,,0.0998,1.1673,0.0,1.195827664399093,synthetic_whole_clip_energy_trim,,,,,,,,,,,True,synthetic_ground_truth,True,0.0,0.0
tts2_en_US-arctic-medium_spk4_pos0#gt000,tts2_en_US-arctic-medium_spk4_pos0,data/positives/tts2_en_US-arctic-medium_spk4_pos0.wav,en_US-arctic-medium-spk4,en_US-arctic-medium,en_US-arctic-medium-spk4,train,synthetic_ground_truth,"tts_positive_whole_clip energy_trim(top_db=40.0) clip=[0,1.1842]",complete,ground_truth,,0.0,1.0476,0.0,1.18421768707483,synthetic_whole_clip_energy_trim,,,,,,,,,,,True,synthetic_ground_truth,True,0.0,0.0
tts2_en_US-arctic-medium_spk4_pos1#gt000,tts2_en_US-arctic-medium_spk4_pos1,data/positives/tts2_en_US-arctic-medium_spk4_pos1.wav,en_US-arctic-medium-spk4,en_US-arctic-medium,en_US-arctic-medium-spk4,train,synthetic_ground_truth,"tts_positive_whole_clip energy_trim(top_db=40.0) clip=[0,0.8475]",complete,ground_truth,,0.0,0.7483,0.0,0.8475283446712019,synthetic_whole_clip_energy_trim,,,,,,,,,,,True,synthetic_ground_truth,True,0.0,0.0
tts2_en_US-arctic-medium_spk5_pos0#gt000,tts2_en_US-arctic-medium_spk5_pos0,data/positives/tts2_en_US-arctic-medium_spk5_pos0.wav,en_US-arctic-medium-spk5,en_US-arctic-medium,en_US-arctic-medium-spk5,train,synthetic_ground_truth,"tts_positive_whole_clip energy_trim(top_db=40.0) clip=[0,0.9985]",complete,ground_truth,,0.0299,0.888,0.0,0.9984580498866212,synthetic_whole_clip_energy_trim,,,,,,,,,,,True,synthetic_ground_truth,True,0.0,0.0
tts2_en_US-arctic-medium_spk5_pos1#gt000,tts2_en_US-arctic-medium_spk5_pos1,data/positives/tts2_en_US-arctic-medium_spk5_pos1.wav,en_US-arctic-medium-spk5,en_US-arctic-medium,en_US-arctic-medium-spk5,train,synthetic_ground_truth,"tts_positive_whole_clip energy_trim(top_db=40.0) clip=[0,0.9288]",complete,ground_truth,,0.02,0.9279,0.0,0.9287981859410432,synthetic_whole_clip_energy_trim,,,,,,,,,,,True,synthetic_ground_truth,True,0.0,0.0
tts2_en_US-arctic-medium_spk6_pos0#gt000,tts2_en_US-arctic-medium_spk6_pos0,data/positives/tts2_en_US-arctic-medium_spk6_pos0.wav,en_US-arctic-medium-spk6,en_US-arctic-medium,en_US-arctic-medium-spk6,train,synthetic_ground_truth,"tts_positive_whole_clip energy_trim(top_db=40.0) clip=[0,0.9752]",complete,ground_truth,,0.0,0.9179,0.0,0.9752380952380952,synthetic_whole_clip_energy_trim,,,,,,,,,,,True,synthetic_ground_truth,True,0.0,0.0
tts2_en_US-arctic-medium_spk6_pos1#gt000,tts2_en_US-arctic-medium_spk6_pos1,data/positives/tts2_en_US-arctic-medium_spk6_pos1.wav,en_US-arctic-medium-spk6,en_US-arctic-medium,en_US-arctic-medium-spk6,train,synthetic_ground_truth,"tts_positive_whole_clip energy_trim(top_db=40.0) clip=[0,0.8824]",complete,ground_truth,,0.0399,0.8181,0.0,0.8823582766439909,synthetic_whole_clip_energy_trim,,,,,,,,,,,True,synthetic_ground_truth,True,0.0,0.0
tts2_en_US-arctic-medium_spk7_pos0#gt000,tts2_en_US-arctic-medium_spk7_pos0,data/positives/tts2_en_US-arctic-medium_spk7_pos0.wav,en_US-arctic-medium-spk7,en_US-arctic-medium,en_US-arctic-medium-spk7,test,synthetic_ground_truth,"tts_positive_whole_clip energy_trim(top_db=40.0) clip=[0,0.9985]",complete,ground_truth,,0.0798,0.9478,0.0,0.9984580498866212,synthetic_whole_clip_energy_trim,,,,,,,,,,,True,synthetic_ground_truth,True,0.0,0.0
tts2_en_US-arctic-medium_spk8_pos0#gt000,tts2_en_US-arctic-medium_spk8_pos0,data/positives/tts2_en_US-arctic-medium_spk8_pos0.wav,en_US-arctic-medium-spk8,en_US-arctic-medium,en_US-arctic-medium-spk8,train,synthetic_ground_truth,"tts_positive_whole_clip energy_trim(top_db=40.0) clip=[0,0.7082]",complete,ground_truth,,0.0,0.6685,0.0,0.7082086167800453,synthetic_whole_clip_energy_trim,,,,,,,,,,,True,synthetic_ground_truth,True,0.0,0.0
tts2_en_US-arctic-medium_spk8_pos1#gt000,tts2_en_US-arctic-medium_spk8_pos1,data/positives/tts2_en_US-arctic-medium_spk8_pos1.wav,en_US-arctic-medium-spk8,en_US-arctic-medium,en_US-arctic-medium-spk8,train,synthetic_ground_truth,"tts_positive_whole_clip energy_trim(top_db=40.0) clip=[0,0.7546]",complete,ground_truth,,0.0499,0.6785,0.0,0.7546485260770975,synthetic_whole_clip_energy_trim,,,,,,,,,,,True,synthetic_ground_truth,True,0.0,0.0
tts2_en_US-arctic-medium_spk9_pos0#gt000,tts2_en_US-arctic-medium_spk9_pos0,data/positives/tts2_en_US-arctic-medium_spk9_pos0.wav,en_US-arctic-medium-spk9,en_US-arctic-medium,en_US-arctic-medium-spk9,train,synthetic_ground_truth,"tts_positive_whole_clip energy_trim(top_db=40.0) clip=[0,1.0101]",complete,ground_truth,,0.02,0.9578,0.0,1.0100680272108844,synthetic_whole_clip_energy_trim,,,,,,,,,,,True,synthetic_ground_truth,True,0.0,0.0
tts2_en_US-arctic-medium_spk9_pos1#gt000,tts2_en_US-arctic-medium_spk9_pos1,data/positives/tts2_en_US-arctic-medium_spk9_pos1.wav,en_US-arctic-medium-spk9,en_US-arctic-medium,en_US-arctic-medium-spk9,train,synthetic_ground_truth,"tts_positive_whole_clip energy_trim(top_db=40.0) clip=[0,0.8940]",complete,ground_truth,,0.02,0.8381,0.0,0.893968253968254,synthetic_whole_clip_energy_trim,,,,,,,,,,,True,synthetic_ground_truth,True,0.0,0.0
tts2_en_US-bryce-medium_spk0_pos0#gt000,tts2_en_US-bryce-medium_spk0_pos0,data/positives/tts2_en_US-bryce-medium_spk0_pos0.wav,en_US-bryce-medium-spk0,en_US-bryce-medium,en_US-bryce-medium-spk0,train,synthetic_ground_truth,"tts_positive_whole_clip energy_trim(top_db=40.0) clip=[0,1.1842]",complete,ground_truth,,0.1297,1.0776,0.0,1.18421768707483,synthetic_whole_clip_energy_trim,,,,,,,,,,,True,synthetic_ground_truth,True,0.0,0.0
tts2_en_US-bryce-medium_spk0_pos1#gt000,tts2_en_US-bryce-medium_spk0_pos1,data/positives/tts2_en_US-bryce-medium_spk0_pos1.wav,en_US-bryce-medium-spk0,en_US-bryce-medium,en_US-bryce-medium-spk0,train,synthetic_ground_truth,"tts_positive_whole_clip energy_trim(top_db=40.0) clip=[0,0.9520]",complete,ground_truth,,0.0998,0.9279,0.0,0.9520181405895692,synthetic_whole_clip_energy_trim,,,,,,,,,,,True,synthetic_ground_truth,True,0.0,0.0
tts2_en_US-danny-low_spk0_pos0#gt000,tts2_en_US-danny-low_spk0_pos0,data/positives/tts2_en_US-danny-low_spk0_pos0.wav,en_US-danny-low-spk0,en_US-danny-low,en_US-danny-low-spk0,train,synthetic_ground_truth,"tts_positive_whole_clip energy_trim(top_db=40.0) clip=[0,1.5200]",complete,ground_truth,,0.02,1.25,0.0,1.52,synthetic_whole_clip_energy_trim,,,,,,,,,,,True,synthetic_ground_truth,True,0.0,0.0
tts2_en_US-danny-low_spk0_pos1#gt000,tts2_en_US-danny-low_spk0_pos1,data/positives/tts2_en_US-danny-low_spk0_pos1.wav,en_US-danny-low-spk0,en_US-danny-low,en_US-danny-low-spk0,train,synthetic_ground_truth,"tts_positive_whole_clip energy_trim(top_db=40.0) clip=[0,1.0240]",complete,ground_truth,,0.03,0.82,0.0,1.024,synthetic_whole_clip_energy_trim,,,,,,,,,,,True,synthetic_ground_truth,True,0.0,0.0
tts2_en_US-hfc_female-medium_spk0_pos0#gt000,tts2_en_US-hfc_female-medium_spk0_pos0,data/positives/tts2_en_US-hfc_female-medium_spk0_pos0.wav,en_US-hfc_female-medium-spk0,en_US-hfc_female-medium,en_US-hfc_female-medium-spk0,train,synthetic_ground_truth,"tts_positive_whole_clip energy_trim(top_db=40.0) clip=[0,0.8011]",complete,ground_truth,,0.0,0.7882,0.0,0.8010884353741496,synthetic_whole_clip_energy_trim,,,,,,,,,,,True,synthetic_ground_truth,True,0.0,0.0
tts2_en_US-hfc_female-medium_spk0_pos1#gt000,tts2_en_US-hfc_female-medium_spk0_pos1,data/positives/tts2_en_US-hfc_female-medium_spk0_pos1.wav,en_US-hfc_female-medium-spk0,en_US-hfc_female-medium,en_US-hfc_female-medium-spk0,train,synthetic_ground_truth,"tts_positive_whole_clip energy_trim(top_db=40.0) clip=[0,0.8707]",complete,ground_truth,,0.01,0.8481,0.0,0.8707482993197279,synthetic_whole_clip_energy_trim,,,,,,,,,,,True,synthetic_ground_truth,True,0.0,0.0
tts2_en_US-hfc_male-medium_spk0_pos0#gt000,tts2_en_US-hfc_male-medium_spk0_pos0,data/positives/tts2_en_US-hfc_male-medium_spk0_pos0.wav,en_US-hfc_male-medium-spk0,en_US-hfc_male-medium,en_US-hfc_male-medium-spk0,train,synthetic_ground_truth,"tts_positive_whole_clip energy_trim(top_db=40.0) clip=[0,0.8940]",complete,ground_truth,,0.0299,0.888,0.0,0.893968253968254,synthetic_whole_clip_energy_trim,,,,,,,,,,,True,synthetic_ground_truth,True,0.0,0.0
tts2_en_US-hfc_male-medium_spk0_pos1#gt000,tts2_en_US-hfc_male-medium_spk0_pos1,data/positives/tts2_en_US-hfc_male-medium_spk0_pos1.wav,en_US-hfc_male-medium-spk0,en_US-hfc_male-medium,en_US-hfc_male-medium-spk0,train,synthetic_ground_truth,"tts_positive_whole_clip energy_trim(top_db=40.0) clip=[0,0.8707]",complete,ground_truth,,0.0399,0.858,0.0,0.8707482993197279,synthetic_whole_clip_energy_trim,,,,,,,,,,,True,synthetic_ground_truth,True,0.0,0.0
tts2_en_US-joe-medium_spk0_pos0#gt000,tts2_en_US-joe-medium_spk0_pos0,data/positives/tts2_en_US-joe-medium_spk0_pos0.wav,en_US-joe-medium-spk0,en_US-joe-medium,en_US-joe-medium-spk0,train,synthetic_ground_truth,"tts_positive_whole_clip energy_trim(top_db=40.0) clip=[0,0.8011]",complete,ground_truth,,0.0399,0.6086,0.0,0.8010884353741496,synthetic_whole_clip_energy_trim,,,,,,,,,,,True,synthetic_ground_truth,True,0.0,0.0
tts2_en_US-joe-medium_spk0_pos1#gt000,tts2_en_US-joe-medium_spk0_pos1,data/positives/tts2_en_US-joe-medium_spk0_pos1.wav,en_US-joe-medium-spk0,en_US-joe-medium,en_US-joe-medium-spk0,train,synthetic_ground_truth,"tts_positive_whole_clip energy_trim(top_db=40.0) clip=[0,1.0101]",complete,ground_truth,,0.0499,0.8381,0.0,1.0100680272108844,synthetic_whole_clip_energy_trim,,,,,,,,,,,True,synthetic_ground_truth,True,0.0,0.0
tts2_en_US-john-medium_spk0_pos0#gt000,tts2_en_US-john-medium_spk0_pos0,data/positives/tts2_en_US-john-medium_spk0_pos0.wav,en_US-john-medium-spk0,en_US-john-medium,en_US-john-medium-spk0,train,synthetic_ground_truth,"tts_positive_whole_clip energy_trim(top_db=40.0) clip=[0,1.2771]",complete,ground_truth,,0.0299,1.1075,0.0,1.2770975056689342,synthetic_whole_clip_energy_trim,,,,,,,,,,,True,synthetic_ground_truth,True,0.0,0.0
tts2_en_US-john-medium_spk0_pos1#gt000,tts2_en_US-john-medium_spk0_pos1,data/positives/tts2_en_US-john-medium_spk0_pos1.wav,en_US-john-medium-spk0,en_US-john-medium,en_US-john-medium-spk0,train,synthetic_ground_truth,"tts_positive_whole_clip energy_trim(top_db=40.0) clip=[0,1.1146]",complete,ground_truth,,0.01,1.0277,0.0,1.1145578231292517,synthetic_whole_clip_energy_trim,,,,,,,,,,,True,synthetic_ground_truth,True,0.0,0.0
tts2_en_US-kathleen-low_spk0_pos0#gt000,tts2_en_US-kathleen-low_spk0_pos0,data/positives/tts2_en_US-kathleen-low_spk0_pos0.wav,en_US-kathleen-low-spk0,en_US-kathleen-low,en_US-kathleen-low-spk0,train,synthetic_ground_truth,"tts_positive_whole_clip energy_trim(top_db=40.0) clip=[0,0.8000]",complete,ground_truth,,0.0,0.8,0.0,0.8,synthetic_whole_clip_energy_trim,,,,,,,,,,,True,synthetic_ground_truth,True,0.0,0.0
tts2_en_US-kathleen-low_spk0_pos1#gt000,tts2_en_US-kathleen-low_spk0_pos1,data/positives/tts2_en_US-kathleen-low_spk0_pos1.wav,en_US-kathleen-low-spk0,en_US-kathleen-low,en_US-kathleen-low-spk0,train,synthetic_ground_truth,"tts_positive_whole_clip energy_trim(top_db=40.0) clip=[0,0.7200]",complete,ground_truth,,0.0,0.72,0.0,0.72,synthetic_whole_clip_energy_trim,,,,,,,,,,,True,synthetic_ground_truth,True,0.0,0.0
tts2_en_US-kristin-medium_spk0_pos0#gt000,tts2_en_US-kristin-medium_spk0_pos0,data/positives/tts2_en_US-kristin-medium_spk0_pos0.wav,en_US-kristin-medium-spk0,en_US-kristin-medium,en_US-kristin-medium-spk0,train,synthetic_ground_truth,"tts_positive_whole_clip energy_trim(top_db=40.0) clip=[0,0.9752]",complete,ground_truth,,0.0499,0.8181,0.0,0.9752380952380952,synthetic_whole_clip_energy_trim,,,,,,,,,,,True,synthetic_ground_truth,True,0.0,0.0
tts2_en_US-kristin-medium_spk0_pos1#gt000,tts2_en_US-kristin-medium_spk0_pos1,data/positives/tts2_en_US-kristin-medium_spk0_pos1.wav,en_US-kristin-medium-spk0,en_US-kristin-medium,en_US-kristin-medium-spk0,train,synthetic_ground_truth,"tts_positive_whole_clip energy_trim(top_db=40.0) clip=[0,0.8475]",complete,ground_truth,,0.0399,0.6984,0.0,0.8475283446712019,synthetic_whole_clip_energy_trim,,,,,,,,,,,True,synthetic_ground_truth,True,0.0,0.0
tts2_en_US-kusal-medium_spk0_pos0#gt000,tts2_en_US-kusal-medium_spk0_pos0,data/positives/tts2_en_US-kusal-medium_spk0_pos0.wav,en_US-kusal-medium-spk0,en_US-kusal-medium,en_US-kusal-medium-spk0,train,synthetic_ground_truth,"tts_positive_whole_clip energy_trim(top_db=40.0) clip=[0,0.8707]",complete,ground_truth,,0.02,0.6186,0.0,0.8707482993197279,synthetic_whole_clip_energy_trim,,,,,,,,,,,True,synthetic_ground_truth,True,0.0,0.0
tts2_en_US-kusal-medium_spk0_pos1#gt000,tts2_en_US-kusal-medium_spk0_pos1,data/positives/tts2_en_US-kusal-medium_spk0_pos1.wav,en_US-kusal-medium-spk0,en_US-kusal-medium,en_US-kusal-medium-spk0,train,synthetic_ground_truth,"tts_positive_whole_clip energy_trim(top_db=40.0) clip=[0,0.7779]",complete,ground_truth,,0.0599,0.5986,0.0,0.7778684807256235,synthetic_whole_clip_energy_trim,,,,,,,,,,,True,synthetic_ground_truth,True,0.0,0.0
tts2_en_US-l2arctic-medium_spk0_pos0#gt000,tts2_en_US-l2arctic-medium_spk0_pos0,data/positives/tts2_en_US-l2arctic-medium_spk0_pos0.wav,en_US-l2arctic-medium-spk0,en_US-l2arctic-medium,en_US-l2arctic-medium-spk0,train,synthetic_ground_truth,"tts_positive_whole_clip energy_trim(top_db=40.0) clip=[0,0.8359]",complete,ground_truth,,0.0,0.8281,0.0,0.8359183673469388,synthetic_whole_clip_energy_trim,,,,,,,,,,,True,synthetic_ground_truth,True,0.0,0.0
tts2_en_US-l2arctic-medium_spk11_pos0#gt000,tts2_en_US-l2arctic-medium_spk11_pos0,data/positives/tts2_en_US-l2arctic-medium_spk11_pos0.wav,en_US-l2arctic-medium-spk11,en_US-l2arctic-medium,en_US-l2arctic-medium-spk11,validation,synthetic_ground_truth,"tts_positive_whole_clip energy_trim(top_db=40.0) clip=[0,0.5805]",complete,ground_truth,,0.0,0.5787,0.0,0.5804988662131519,synthetic_whole_clip_energy_trim,,,,,,,,,,,True,synthetic_ground_truth,True,0.0,0.0
tts2_en_US-l2arctic-medium_spk12_pos1#gt000,tts2_en_US-l2arctic-medium_spk12_pos1,data/positives/tts2_en_US-l2arctic-medium_spk12_pos1.wav,en_US-l2arctic-medium-spk12,en_US-l2arctic-medium,en_US-l2arctic-medium-spk12,train,synthetic_ground_truth,"tts_positive_whole_clip energy_trim(top_db=40.0) clip=[0,1.1494]",complete,ground_truth,,0.0,1.1474,0.0,1.1493877551020408,synthetic_whole_clip_energy_trim,,,,,,,,,,,True,synthetic_ground_truth,True,0.0,0.0
tts2_en_US-l2arctic-medium_spk13_pos0#gt000,tts2_en_US-l2arctic-medium_spk13_pos0,data/positives/tts2_en_US-l2arctic-medium_spk13_pos0.wav,en_US-l2arctic-medium-spk13,en_US-l2arctic-medium,en_US-l2arctic-medium-spk13,test,synthetic_ground_truth,"tts_positive_whole_clip energy_trim(top_db=40.0) clip=[0,1.3351]",complete,ground_truth,,0.0,1.327,0.0,1.3351473922902497,synthetic_whole_clip_energy_trim,,,,,,,,,,,True,synthetic_ground_truth,True,0.0,0.0
tts2_en_US-l2arctic-medium_spk14_pos0#gt000,tts2_en_US-l2arctic-medium_spk14_pos0,data/positives/tts2_en_US-l2arctic-medium_spk14_pos0.wav,en_US-l2arctic-medium-spk14,en_US-l2arctic-medium,en_US-l2arctic-medium-spk14,train,synthetic_ground_truth,"tts_positive_whole_clip energy_trim(top_db=40.0) clip=[0,0.8359]",complete,ground_truth,,0.0,0.8281,0.0,0.8359183673469388,synthetic_whole_clip_energy_trim,,,,,,,,,,,True,synthetic_ground_truth,True,0.0,0.0
tts2_en_US-l2arctic-medium_spk18_pos1#gt000,tts2_en_US-l2arctic-medium_spk18_pos1,data/positives/tts2_en_US-l2arctic-medium_spk18_pos1.wav,en_US-l2arctic-medium-spk18,en_US-l2arctic-medium,en_US-l2arctic-medium-spk18,validation,synthetic_ground_truth,"tts_positive_whole_clip energy_trim(top_db=40.0) clip=[0,0.8475]",complete,ground_truth,,0.0,0.8381,0.0,0.8475283446712019,synthetic_whole_clip_energy_trim,,,,,,,,,,,True,synthetic_ground_truth,True,0.0,0.0
tts2_en_US-l2arctic-medium_spk19_pos1#gt000,tts2_en_US-l2arctic-medium_spk19_pos1,data/positives/tts2_en_US-l2arctic-medium_spk19_pos1.wav,en_US-l2arctic-medium-spk19,en_US-l2arctic-medium,en_US-l2arctic-medium-spk19,train,synthetic_ground_truth,"tts_positive_whole_clip energy_trim(top_db=40.0) clip=[0,0.6153]",complete,ground_truth,,0.0,0.6086,0.0,0.615328798185941,synthetic_whole_clip_energy_trim,,,,,,,,,,,True,synthetic_ground_truth,True,0.0,0.0
tts2_en_US-l2arctic-medium_spk20_pos0#gt000,tts2_en_US-l2arctic-medium_spk20_pos0,data/positives/tts2_en_US-l2arctic-medium_spk20_pos0.wav,en_US-l2arctic-medium-spk20,en_US-l2arctic-medium,en_US-l2arctic-medium-spk20,validation,synthetic_ground_truth,"tts_positive_whole_clip energy_trim(top_db=40.0) clip=[0,0.9056]",complete,ground_truth,,0.0,0.898,0.0,0.905578231292517,synthetic_whole_clip_energy_trim,,,,,,,,,,,True,synthetic_ground_truth,True,0.0,0.0
tts2_en_US-l2arctic-medium_spk22_pos0#gt000,tts2_en_US-l2arctic-medium_spk22_pos0,data/positives/tts2_en_US-l2arctic-medium_spk22_pos0.wav,en_US-l2arctic-medium-spk22,en_US-l2arctic-medium,en_US-l2arctic-medium-spk22,train,synthetic_ground_truth,"tts_positive_whole_clip energy_trim(top_db=40.0) clip=[0,0.8475]",complete,ground_truth,,0.0,0.8381,0.0,0.8475283446712019,synthetic_whole_clip_energy_trim,,,,,,,,,,,True,synthetic_ground_truth,True,0.0,0.0
tts2_en_US-l2arctic-medium_spk3_pos1#gt000,tts2_en_US-l2arctic-medium_spk3_pos1,data/positives/tts2_en_US-l2arctic-medium_spk3_pos1.wav,en_US-l2arctic-medium-spk3,en_US-l2arctic-medium,en_US-l2arctic-medium-spk3,train,synthetic_ground_truth,"tts_positive_whole_clip energy_trim(top_db=40.0) clip=[0,1.0797]",complete,ground_truth,,0.0,1.0776,0.0,1.0797278911564625,synthetic_whole_clip_energy_trim,,,,,,,,,,,True,synthetic_ground_truth,True,0.0,0.0
tts2_en_US-l2arctic-medium_spk5_pos1#gt000,tts2_en_US-l2arctic-medium_spk5_pos1,data/positives/tts2_en_US-l2arctic-medium_spk5_pos1.wav,en_US-l2arctic-medium-spk5,en_US-l2arctic-medium,en_US-l2arctic-medium-spk5,train,synthetic_ground_truth,"tts_positive_whole_clip energy_trim(top_db=40.0) clip=[0,0.9172]",complete,ground_truth,,0.0,0.9079,0.0,0.91718820861678,synthetic_whole_clip_energy_trim,,,,,,,,,,,True,synthetic_ground_truth,True,0.0,0.0
tts2_en_US-l2arctic-medium_spk8_pos1#gt000,tts2_en_US-l2arctic-medium_spk8_pos1,data/positives/tts2_en_US-l2arctic-medium_spk8_pos1.wav,en_US-l2arctic-medium-spk8,en_US-l2arctic-medium,en_US-l2arctic-medium-spk8,validation,synthetic_ground_truth,"tts_positive_whole_clip energy_trim(top_db=40.0) clip=[0,0.6734]",complete,ground_truth,,0.0,0.6685,0.0,0.6733786848072563,synthetic_whole_clip_energy_trim,,,,,,,,,,,True,synthetic_ground_truth,True,0.0,0.0
tts2_en_US-libritts_r-medium_spk0_pos0#gt000,tts2_en_US-libritts_r-medium_spk0_pos0,data/positives/tts2_en_US-libritts_r-medium_spk0_pos0.wav,en_US-libritts_r-medium-spk0,en_US-libritts_r-medium,en_US-libritts_r-medium-spk0,train,synthetic_ground_truth,"tts_positive_whole_clip energy_trim(top_db=40.0) clip=[0,0.7663]",complete,ground_truth,,0.0,0.7583,0.0,0.7662585034013606,synthetic_whole_clip_energy_trim,,,,,,,,,,,True,synthetic_ground_truth,True,0.0,0.0
tts2_en_US-libritts_r-medium_spk0_pos1#gt000,tts2_en_US-libritts_r-medium_spk0_pos1,data/positives/tts2_en_US-libritts_r-medium_spk0_pos1.wav,en_US-libritts_r-medium-spk0,en_US-libritts_r-medium,en_US-libritts_r-medium-spk0,train,synthetic_ground_truth,"tts_positive_whole_clip energy_trim(top_db=40.0) clip=[0,0.7546]",complete,ground_truth,,0.01,0.7483,0.0,0.7546485260770975,synthetic_whole_clip_energy_trim,,,,,,,,,,,True,synthetic_ground_truth,True,0.0,0.0
tts2_en_US-libritts_r-medium_spk103_pos0#gt000,tts2_en_US-libritts_r-medium_spk103_pos0,data/positives/tts2_en_US-libritts_r-medium_spk103_pos0.wav,en_US-libritts_r-medium-spk103,en_US-libritts_r-medium,en_US-libritts_r-medium-spk103,train,synthetic_ground_truth,"tts_positive_whole_clip energy_trim(top_db=40.0) clip=[0,0.8127]",complete,ground_truth,,0.01,0.8082,0.0,0.8126984126984127,synthetic_whole_clip_energy_trim,,,,,,,,,,,True,synthetic_ground_truth,True,0.0,0.0
tts2_en_US-libritts_r-medium_spk103_pos1#gt000,tts2_en_US-libritts_r-medium_spk103_pos1,data/positives/tts2_en_US-libritts_r-medium_spk103_pos1.wav,en_US-libritts_r-medium-spk103,en_US-libritts_r-medium,en_US-libritts_r-medium-spk103,train,synthetic_ground_truth,"tts_positive_whole_clip energy_trim(top_db=40.0) clip=[0,0.8243]",complete,ground_truth,,0.01,0.8181,0.0,0.8243083900226758,synthetic_whole_clip_energy_trim,,,,,,,,,,,True,synthetic_ground_truth,True,0.0,0.0
tts2_en_US-libritts_r-medium_spk107_pos0#gt000,tts2_en_US-libritts_r-medium_spk107_pos0,data/positives/tts2_en_US-libritts_r-medium_spk107_pos0.wav,en_US-libritts_r-medium-spk107,en_US-libritts_r-medium,en_US-libritts_r-medium-spk107,train,synthetic_ground_truth,"tts_positive_whole_clip energy_trim(top_db=40.0) clip=[0,0.8127]",complete,ground_truth,,0.01,0.7782,0.0,0.8126984126984127,synthetic_whole_clip_energy_trim,,,,,,,,,,,True,synthetic_ground_truth,True,0.0,0.0
tts2_en_US-libritts_r-medium_spk107_pos1#gt000,tts2_en_US-libritts_r-medium_spk107_pos1,data/positives/tts2_en_US-libritts_r-medium_spk107_pos1.wav,en_US-libritts_r-medium-spk107,en_US-libritts_r-medium,en_US-libritts_r-medium-spk107,train,synthetic_ground_truth,"tts_positive_whole_clip energy_trim(top_db=40.0) clip=[0,0.7198]",complete,ground_truth,,0.01,0.7084,0.0,0.7198185941043084,synthetic_whole_clip_energy_trim,,,,,,,,,,,True,synthetic_ground_truth,True,0.0,0.0
tts2_en_US-libritts_r-medium_spk108_pos0#gt000,tts2_en_US-libritts_r-medium_spk108_pos0,data/positives/tts2_en_US-libritts_r-medium_spk108_pos0.wav,en_US-libritts_r-medium-spk108,en_US-libritts_r-medium,en_US-libritts_r-medium-spk108,train,synthetic_ground_truth,"tts_positive_whole_clip energy_trim(top_db=40.0) clip=[0,0.6850]",complete,ground_truth,,0.0,0.6785,0.0,0.6849886621315193,synthetic_whole_clip_energy_trim,,,,,,,,,,,True,synthetic_ground_truth,True,0.0,0.0
tts2_en_US-libritts_r-medium_spk113_pos0#gt000,tts2_en_US-libritts_r-medium_spk113_pos0,data/positives/tts2_en_US-libritts_r-medium_spk113_pos0.wav,en_US-libritts_r-medium-spk113,en_US-libritts_r-medium,en_US-libritts_r-medium-spk113,train,synthetic_ground_truth,"tts_positive_whole_clip energy_trim(top_db=40.0) clip=[0,0.6618]",complete,ground_truth,,0.01,0.6585,0.0,0.6617687074829932,synthetic_whole_clip_energy_trim,,,,,,,,,,,True,synthetic_ground_truth,True,0.0,0.0
tts2_en_US-libritts_r-medium_spk113_pos1#gt000,tts2_en_US-libritts_r-medium_spk113_pos1,data/positives/tts2_en_US-libritts_r-medium_spk113_pos1.wav,en_US-libritts_r-medium-spk113,en_US-libritts_r-medium,en_US-libritts_r-medium-spk113,train,synthetic_ground_truth,"tts_positive_whole_clip energy_trim(top_db=40.0) clip=[0,0.7895]",complete,ground_truth,,0.01,0.7882,0.0,0.7894784580498866,synthetic_whole_clip_energy_trim,,,,,,,,,,,True,synthetic_ground_truth,True,0.0,0.0
tts2_en_US-libritts_r-medium_spk122_pos0#gt000,tts2_en_US-libritts_r-medium_spk122_pos0,data/positives/tts2_en_US-libritts_r-medium_spk122_pos0.wav,en_US-libritts_r-medium-spk122,en_US-libritts_r-medium,en_US-libritts_r-medium-spk122,train,synthetic_ground_truth,"tts_positive_whole_clip energy_trim(top_db=40.0) clip=[0,1.3584]",complete,ground_truth,,0.01,1.3569,0.0,1.3583673469387756,synthetic_whole_clip_energy_trim,,,,,,,,,,,True,synthetic_ground_truth,True,0.0,0.0
tts2_en_US-libritts_r-medium_spk127_pos1#gt000,tts2_en_US-libritts_r-medium_spk127_pos1,data/positives/tts2_en_US-libritts_r-medium_spk127_pos1.wav,en_US-libritts_r-medium-spk127,en_US-libritts_r-medium,en_US-libritts_r-medium-spk127,validation,synthetic_ground_truth,"tts_positive_whole_clip energy_trim(top_db=40.0) clip=[0,0.8011]",complete,ground_truth,,0.01,0.7982,0.0,0.8010884353741496,synthetic_whole_clip_energy_trim,,,,,,,,,,,True,synthetic_ground_truth,True,0.0,0.0
tts2_en_US-libritts_r-medium_spk131_pos0#gt000,tts2_en_US-libritts_r-medium_spk131_pos0,data/positives/tts2_en_US-libritts_r-medium_spk131_pos0.wav,en_US-libritts_r-medium-spk131,en_US-libritts_r-medium,en_US-libritts_r-medium-spk131,train,synthetic_ground_truth,"tts_positive_whole_clip energy_trim(top_db=40.0) clip=[0,0.6618]",complete,ground_truth,,0.01,0.6585,0.0,0.6617687074829932,synthetic_whole_clip_energy_trim,,,,,,,,,,,True,synthetic_ground_truth,True,0.0,0.0
tts2_en_US-libritts_r-medium_spk131_pos1#gt000,tts2_en_US-libritts_r-medium_spk131_pos1,data/positives/tts2_en_US-libritts_r-medium_spk131_pos1.wav,en_US-libritts_r-medium-spk131,en_US-libritts_r-medium,en_US-libritts_r-medium-spk131,train,synthetic_ground_truth,"tts_positive_whole_clip energy_trim(top_db=40.0) clip=[0,1.1726]",complete,ground_truth,,0.01,1.1673,0.0,1.172607709750567,synthetic_whole_clip_energy_trim,,,,,,,,,,,True,synthetic_ground_truth,True,0.0,0.0
tts2_en_US-libritts_r-medium_spk134_pos0#gt000,tts2_en_US-libritts_r-medium_spk134_pos0,data/positives/tts2_en_US-libritts_r-medium_spk134_pos0.wav,en_US-libritts_r-medium-spk134,en_US-libritts_r-medium,en_US-libritts_r-medium-spk134,test,synthetic_ground_truth,"tts_positive_whole_clip energy_trim(top_db=40.0) clip=[0,0.6385]",complete,ground_truth,,0.01,0.6385,0.0,0.6385487528344671,synthetic_whole_clip_energy_trim,,,,,,,,,,,True,synthetic_ground_truth,True,0.0,0.0
tts2_en_US-libritts_r-medium_spk134_pos1#gt000,tts2_en_US-libritts_r-medium_spk134_pos1,data/positives/tts2_en_US-libritts_r-medium_spk134_pos1.wav,en_US-libritts_r-medium-spk134,en_US-libritts_r-medium,en_US-libritts_r-medium-spk134,test,synthetic_ground_truth,"tts_positive_whole_clip energy_trim(top_db=40.0) clip=[0,0.8359]",complete,ground_truth,,0.01,0.8281,0.0,0.8359183673469388,synthetic_whole_clip_energy_trim,,,,,,,,,,,True,synthetic_ground_truth,True,0.0,0.0
tts2_en_US-libritts_r-medium_spk136_pos0#gt000,tts2_en_US-libritts_r-medium_spk136_pos0,data/positives/tts2_en_US-libritts_r-medium_spk136_pos0.wav,en_US-libritts_r-medium-spk136,en_US-libritts_r-medium,en_US-libritts_r-medium-spk136,train,synthetic_ground_truth,"tts_positive_whole_clip energy_trim(top_db=40.0) clip=[0,0.8591]",complete,ground_truth,,0.01,0.858,0.0,0.8591383219954648,synthetic_whole_clip_energy_trim,,,,,,,,,,,True,synthetic_ground_truth,True,0.0,0.0
tts2_en_US-libritts_r-medium_spk136_pos1#gt000,tts2_en_US-libritts_r-medium_spk136_pos1,data/positives/tts2_en_US-libritts_r-medium_spk136_pos1.wav,en_US-libritts_r-medium-spk136,en_US-libritts_r-medium,en_US-libritts_r-medium-spk136,train,synthetic_ground_truth,"tts_positive_whole_clip energy_trim(top_db=40.0) clip=[0,0.8243]",complete,ground_truth,,0.01,0.8181,0.0,0.8243083900226758,synthetic_whole_clip_energy_trim,,,,,,,,,,,True,synthetic_ground_truth,True,0.0,0.0
tts2_en_US-libritts_r-medium_spk139_pos0#gt000,tts2_en_US-libritts_r-medium_spk139_pos0,data/positives/tts2_en_US-libritts_r-medium_spk139_pos0.wav,en_US-libritts_r-medium-spk139,en_US-libritts_r-medium,en_US-libritts_r-medium-spk139,train,synthetic_ground_truth,"tts_positive_whole_clip energy_trim(top_db=40.0) clip=[0,0.8359]",complete,ground_truth,,0.01,0.8281,0.0,0.8359183673469388,synthetic_whole_clip_energy_trim,,,,,,,,,,,True,synthetic_ground_truth,True,0.0,0.0
tts2_en_US-libritts_r-medium_spk139_pos1#gt000,tts2_en_US-libritts_r-medium_spk139_pos1,data/positives/tts2_en_US-libritts_r-medium_spk139_pos1.wav,en_US-libritts_r-medium-spk139,en_US-libritts_r-medium,en_US-libritts_r-medium-spk139,train,synthetic_ground_truth,"tts_positive_whole_clip energy_trim(top_db=40.0) clip=[0,0.6966]",complete,ground_truth,,0.01,0.6884,0.0,0.6965986394557823,synthetic_whole_clip_energy_trim,,,,,,,,,,,True,synthetic_ground_truth,True,0.0,0.0
tts2_en_US-libritts_r-medium_spk146_pos0#gt000,tts2_en_US-libritts_r-medium_spk146_pos0,data/positives/tts2_en_US-libritts_r-medium_spk146_pos0.wav,en_US-libritts_r-medium-spk146,en_US-libritts_r-medium,en_US-libritts_r-medium-spk146,validation,synthetic_ground_truth,"tts_positive_whole_clip energy_trim(top_db=40.0) clip=[0,0.6037]",complete,ground_truth,,0.01,0.5986,0.0,0.603718820861678,synthetic_whole_clip_energy_trim,,,,,,,,,,,True,synthetic_ground_truth,True,0.0,0.0
tts2_en_US-libritts_r-medium_spk14_pos0#gt000,tts2_en_US-libritts_r-medium_spk14_pos0,data/positives/tts2_en_US-libritts_r-medium_spk14_pos0.wav,en_US-libritts_r-medium-spk14,en_US-libritts_r-medium,en_US-libritts_r-medium-spk14,train,synthetic_ground_truth,"tts_positive_whole_clip energy_trim(top_db=40.0) clip=[0,0.9868]",complete,ground_truth,,0.01,0.9778,0.0,0.9868480725623584,synthetic_whole_clip_energy_trim,,,,,,,,,,,True,synthetic_ground_truth,True,0.0,0.0
tts2_en_US-libritts_r-medium_spk14_pos1#gt000,tts2_en_US-libritts_r-medium_spk14_pos1,data/positives/tts2_en_US-libritts_r-medium_spk14_pos1.wav,en_US-libritts_r-medium-spk14,en_US-libritts_r-medium,en_US-libritts_r-medium-spk14,train,synthetic_ground_truth,"tts_positive_whole_clip energy_trim(top_db=40.0) clip=[0,0.6734]",complete,ground_truth,,0.01,0.6685,0.0,0.6733786848072563,synthetic_whole_clip_energy_trim,,,,,,,,,,,True,synthetic_ground_truth,True,0.0,0.0
tts2_en_US-libritts_r-medium_spk150_pos0#gt000,tts2_en_US-libritts_r-medium_spk150_pos0,data/positives/tts2_en_US-libritts_r-medium_spk150_pos0.wav,en_US-libritts_r-medium-spk150,en_US-libritts_r-medium,en_US-libritts_r-medium-spk150,train,synthetic_ground_truth,"tts_positive_whole_clip energy_trim(top_db=40.0) clip=[0,1.2423]",complete,ground_truth,,0.01,1.2372,0.0,1.242267573696145,synthetic_whole_clip_energy_trim,,,,,,,,,,,True,synthetic_ground_truth,True,0.0,0.0
tts2_en_US-libritts_r-medium_spk150_pos1#gt000,tts2_en_US-libritts_r-medium_spk150_pos1,data/positives/tts2_en_US-libritts_r-medium_spk150_pos1.wav,en_US-libritts_r-medium-spk150,en_US-libritts_r-medium,en_US-libritts_r-medium-spk150,train,synthetic_ground_truth,"tts_positive_whole_clip energy_trim(top_db=40.0) clip=[0,0.8359]",complete,ground_truth,,0.01,0.8281,0.0,0.8359183673469388,synthetic_whole_clip_energy_trim,,,,,,,,,,,True,synthetic_ground_truth,True,0.0,0.0
tts2_en_US-libritts_r-medium_spk154_pos0#gt000,tts2_en_US-libritts_r-medium_spk154_pos0,data/positives/tts2_en_US-libritts_r-medium_spk154_pos0.wav,en_US-libritts_r-medium-spk154,en_US-libritts_r-medium,en_US-libritts_r-medium-spk154,train,synthetic_ground_truth,"tts_positive_whole_clip energy_trim(top_db=40.0) clip=[0,0.8243]",complete,ground_truth,,0.01,0.8082,0.0,0.8243083900226758,synthetic_whole_clip_energy_trim,,,,,,,,,,,True,synthetic_ground_truth,True,0.0,0.0
tts2_en_US-libritts_r-medium_spk154_pos1#gt000,tts2_en_US-libritts_r-medium_spk154_pos1,data/positives/tts2_en_US-libritts_r-medium_spk154_pos1.wav,en_US-libritts_r-medium-spk154,en_US-libritts_r-medium,en_US-libritts_r-medium-spk154,train,synthetic_ground_truth,"tts_positive_whole_clip energy_trim(top_db=40.0) clip=[0,0.6850]",complete,ground_truth,,0.01,0.6785,0.0,0.6849886621315193,synthetic_whole_clip_energy_trim,,,,,,,,,,,True,synthetic_ground_truth,True,0.0,0.0
tts2_en_US-libritts_r-medium_spk159_pos0#gt000,tts2_en_US-libritts_r-medium_spk159_pos0,data/positives/tts2_en_US-libritts_r-medium_spk159_pos0.wav,en_US-libritts_r-medium-spk159,en_US-libritts_r-medium,en_US-libritts_r-medium-spk159,test,synthetic_ground_truth,"tts_positive_whole_clip energy_trim(top_db=40.0) clip=[0,0.5689]",complete,ground_truth,,0.01,0.5687,0.0,0.5688888888888889,synthetic_whole_clip_energy_trim,,,,,,,,,,,True,synthetic_ground_truth,True,0.0,0.0
tts2_en_US-libritts_r-medium_spk159_pos1#gt000,tts2_en_US-libritts_r-medium_spk159_pos1,data/positives/tts2_en_US-libritts_r-medium_spk159_pos1.wav,en_US-libritts_r-medium-spk159,en_US-libritts_r-medium,en_US-libritts_r-medium-spk159,test,synthetic_ground_truth,"tts_positive_whole_clip energy_trim(top_db=40.0) clip=[0,0.6153]",complete,ground_truth,,0.01,0.6086,0.0,0.615328798185941,synthetic_whole_clip_energy_trim,,,,,,,,,,,True,synthetic_ground_truth,True,0.0,0.0
tts2_en_US-libritts_r-medium_spk165_pos0#gt000,tts2_en_US-libritts_r-medium_spk165_pos0,data/positives/tts2_en_US-libritts_r-medium_spk165_pos0.wav,en_US-libritts_r-medium-spk165,en_US-libritts_r-medium,en_US-libritts_r-medium-spk165,test,synthetic_ground_truth,"tts_positive_whole_clip energy_trim(top_db=40.0) clip=[0,0.9288]",complete,ground_truth,,0.0,0.868,0.0,0.9287981859410432,synthetic_whole_clip_energy_trim,,,,,,,,,,,True,synthetic_ground_truth,True,0.0,0.0
tts2_en_US-libritts_r-medium_spk175_pos0#gt000,tts2_en_US-libritts_r-medium_spk175_pos0,data/positives/tts2_en_US-libritts_r-medium_spk175_pos0.wav,en_US-libritts_r-medium-spk175,en_US-libritts_r-medium,en_US-libritts_r-medium-spk175,train,synthetic_ground_truth,"tts_positive_whole_clip energy_trim(top_db=40.0) clip=[0,0.8359]",complete,ground_truth,,0.01,0.8281,0.0,0.8359183673469388,synthetic_whole_clip_energy_trim,,,,,,,,,,,True,synthetic_ground_truth,True,0.0,0.0
tts2_en_US-libritts_r-medium_spk175_pos1#gt000,tts2_en_US-libritts_r-medium_spk175_pos1,data/positives/tts2_en_US-libritts_r-medium_spk175_pos1.wav,en_US-libritts_r-medium-spk175,en_US-libritts_r-medium,en_US-libritts_r-medium-spk175,train,synthetic_ground_truth,"tts_positive_whole_clip energy_trim(top_db=40.0) clip=[0,0.9404]",complete,ground_truth,,0.01,0.9279,0.0,0.940408163265306,synthetic_whole_clip_energy_trim,,,,,,,,,,,True,synthetic_ground_truth,True,0.0,0.0
tts2_en_US-libritts_r-medium_spk17_pos0#gt000,tts2_en_US-libritts_r-medium_spk17_pos0,data/positives/tts2_en_US-libritts_r-medium_spk17_pos0.wav,en_US-libritts_r-medium-spk17,en_US-libritts_r-medium,en_US-libritts_r-medium-spk17,train,synthetic_ground_truth,"tts_positive_whole_clip energy_trim(top_db=40.0) clip=[0,1.0101]",complete,ground_truth,,0.01,1.0077,0.0,1.0100680272108844,synthetic_whole_clip_energy_trim,,,,,,,,,,,True,synthetic_ground_truth,True,0.0,0.0
tts2_en_US-libritts_r-medium_spk17_pos1#gt000,tts2_en_US-libritts_r-medium_spk17_pos1,data/positives/tts2_en_US-libritts_r-medium_spk17_pos1.wav,en_US-libritts_r-medium-spk17,en_US-libritts_r-medium,en_US-libritts_r-medium-spk17,train,synthetic_ground_truth,"tts_positive_whole_clip energy_trim(top_db=40.0) clip=[0,0.8475]",complete,ground_truth,,0.01,0.8381,0.0,0.8475283446712019,synthetic_whole_clip_energy_trim,,,,,,,,,,,True,synthetic_ground_truth,True,0.0,0.0
tts2_en_US-libritts_r-medium_spk180_pos0#gt000,tts2_en_US-libritts_r-medium_spk180_pos0,data/positives/tts2_en_US-libritts_r-medium_spk180_pos0.wav,en_US-libritts_r-medium-spk180,en_US-libritts_r-medium,en_US-libritts_r-medium-spk180,validation,synthetic_ground_truth,"tts_positive_whole_clip energy_trim(top_db=40.0) clip=[0,0.7314]",complete,ground_truth,,0.01,0.7283,0.0,0.7314285714285714,synthetic_whole_clip_energy_trim,,,,,,,,,,,True,synthetic_ground_truth,True,0.0,0.0
tts2_en_US-libritts_r-medium_spk181_pos0#gt000,tts2_en_US-libritts_r-medium_spk181_pos0,data/positives/tts2_en_US-libritts_r-medium_spk181_pos0.wav,en_US-libritts_r-medium-spk181,en_US-libritts_r-medium,en_US-libritts_r-medium-spk181,train,synthetic_ground_truth,"tts_positive_whole_clip energy_trim(top_db=40.0) clip=[0,0.6502]",complete,ground_truth,,0.01,0.6485,0.0,0.6501587301587302,synthetic_whole_clip_energy_trim,,,,,,,,,,,True,synthetic_ground_truth,True,0.0,0.0
tts2_en_US-libritts_r-medium_spk181_pos1#gt000,tts2_en_US-libritts_r-medium_spk181_pos1,data/positives/tts2_en_US-libritts_r-medium_spk181_pos1.wav,en_US-libritts_r-medium-spk181,en_US-libritts_r-medium,en_US-libritts_r-medium-spk181,train,synthetic_ground_truth,"tts_positive_whole_clip energy_trim(top_db=40.0) clip=[0,1.0101]",complete,ground_truth,,0.01,1.0077,0.0,1.0100680272108844,synthetic_whole_clip_energy_trim,,,,,,,,,,,True,synthetic_ground_truth,True,0.0,0.0
tts2_en_US-libritts_r-medium_spk184_pos1#gt000,tts2_en_US-libritts_r-medium_spk184_pos1,data/positives/tts2_en_US-libritts_r-medium_spk184_pos1.wav,en_US-libritts_r-medium-spk184,en_US-libritts_r-medium,en_US-libritts_r-medium-spk184,train,synthetic_ground_truth,"tts_positive_whole_clip energy_trim(top_db=40.0) clip=[0,0.8824]",complete,ground_truth,,0.01,0.878,0.0,0.8823582766439909,synthetic_whole_clip_energy_trim,,,,,,,,,,,True,synthetic_ground_truth,True,0.0,0.0
tts2_en_US-libritts_r-medium_spk191_pos0#gt000,tts2_en_US-libritts_r-medium_spk191_pos0,data/positives/tts2_en_US-libritts_r-medium_spk191_pos0.wav,en_US-libritts_r-medium-spk191,en_US-libritts_r-medium,en_US-libritts_r-medium-spk191,validation,synthetic_ground_truth,"tts_positive_whole_clip energy_trim(top_db=40.0) clip=[0,0.6269]",complete,ground_truth,,0.0,0.6086,0.0,0.626938775510204,synthetic_whole_clip_energy_trim,,,,,,,,,,,True,synthetic_ground_truth,True,0.0,0.0
tts2_en_US-libritts_r-medium_spk192_pos0#gt000,tts2_en_US-libritts_r-medium_spk192_pos0,data/positives/tts2_en_US-libritts_r-medium_spk192_pos0.wav,en_US-libritts_r-medium-spk192,en_US-libritts_r-medium,en_US-libritts_r-medium-spk192,train,synthetic_ground_truth,"tts_positive_whole_clip energy_trim(top_db=40.0) clip=[0,0.8940]",complete,ground_truth,,0.01,0.888,0.0,0.893968253968254,synthetic_whole_clip_energy_trim,,,,,,,,,,,True,synthetic_ground_truth,True,0.0,0.0
tts2_en_US-libritts_r-medium_spk193_pos0#gt000,tts2_en_US-libritts_r-medium_spk193_pos0,data/positives/tts2_en_US-libritts_r-medium_spk193_pos0.wav,en_US-libritts_r-medium-spk193,en_US-libritts_r-medium,en_US-libritts_r-medium-spk193,train,synthetic_ground_truth,"tts_positive_whole_clip energy_trim(top_db=40.0) clip=[0,0.8359]",complete,ground_truth,,0.01,0.8181,0.0,0.8359183673469388,synthetic_whole_clip_energy_trim,,,,,,,,,,,True,synthetic_ground_truth,True,0.0,0.0
tts2_en_US-libritts_r-medium_spk193_pos1#gt000,tts2_en_US-libritts_r-medium_spk193_pos1,data/positives/tts2_en_US-libritts_r-medium_spk193_pos1.wav,en_US-libritts_r-medium-spk193,en_US-libritts_r-medium,en_US-libritts_r-medium-spk193,train,synthetic_ground_truth,"tts_positive_whole_clip energy_trim(top_db=40.0) clip=[0,0.8591]",complete,ground_truth,,0.01,0.858,0.0,0.8591383219954648,synthetic_whole_clip_energy_trim,,,,,,,,,,,True,synthetic_ground_truth,True,0.0,0.0
tts2_en_US-libritts_r-medium_spk194_pos0#gt000,tts2_en_US-libritts_r-medium_spk194_pos0,data/positives/tts2_en_US-libritts_r-medium_spk194_pos0.wav,en_US-libritts_r-medium-spk194,en_US-libritts_r-medium,en_US-libritts_r-medium-spk194,train,synthetic_ground_truth,"tts_positive_whole_clip energy_trim(top_db=40.0) clip=[0,0.6734]",complete,ground_truth,,0.01,0.6685,0.0,0.6733786848072563,synthetic_whole_clip_energy_trim,,,,,,,,,,,True,synthetic_ground_truth,True,0.0,0.0
tts2_en_US-libritts_r-medium_spk194_pos1#gt000,tts2_en_US-libritts_r-medium_spk194_pos1,data/positives/tts2_en_US-libritts_r-medium_spk194_pos1.wav,en_US-libritts_r-medium-spk194,en_US-libritts_r-medium,en_US-libritts_r-medium-spk194,train,synthetic_ground_truth,"tts_positive_whole_clip energy_trim(top_db=40.0) clip=[0,0.7198]",complete,ground_truth,,0.01,0.7184,0.0,0.7198185941043084,synthetic_whole_clip_energy_trim,,,,,,,,,,,True,synthetic_ground_truth,True,0.0,0.0
tts2_en_US-libritts_r-medium_spk195_pos0#gt000,tts2_en_US-libritts_r-medium_spk195_pos0,data/positives/tts2_en_US-libritts_r-medium_spk195_pos0.wav,en_US-libritts_r-medium-spk195,en_US-libritts_r-medium,en_US-libritts_r-medium-spk195,train,synthetic_ground_truth,"tts_positive_whole_clip energy_trim(top_db=40.0) clip=[0,0.8243]",complete,ground_truth,,0.01,0.8181,0.0,0.8243083900226758,synthetic_whole_clip_energy_trim,,,,,,,,,,,True,synthetic_ground_truth,True,0.0,0.0
tts2_en_US-libritts_r-medium_spk195_pos1#gt000,tts2_en_US-libritts_r-medium_spk195_pos1,data/positives/tts2_en_US-libritts_r-medium_spk195_pos1.wav,en_US-libritts_r-medium-spk195,en_US-libritts_r-medium,en_US-libritts_r-medium-spk195,train,synthetic_ground_truth,"tts_positive_whole_clip energy_trim(top_db=40.0) clip=[0,0.7895]",complete,ground_truth,,0.01,0.7882,0.0,0.7894784580498866,synthetic_whole_clip_energy_trim,,,,,,,,,,,True,synthetic_ground_truth,True,0.0,0.0
tts2_en_US-libritts_r-medium_spk199_pos0#gt000,tts2_en_US-libritts_r-medium_spk199_pos0,data/positives/tts2_en_US-libritts_r-medium_spk199_pos0.wav,en_US-libritts_r-medium-spk199,en_US-libritts_r-medium,en_US-libritts_r-medium-spk199,test,synthetic_ground_truth,"tts_positive_whole_clip energy_trim(top_db=40.0) clip=[0,0.6502]",complete,ground_truth,,0.01,0.6485,0.0,0.6501587301587302,synthetic_whole_clip_energy_trim,,,,,,,,,,,True,synthetic_ground_truth,True,0.0,0.0
tts2_en_US-libritts_r-medium_spk199_pos1#gt000,tts2_en_US-libritts_r-medium_spk199_pos1,data/positives/tts2_en_US-libritts_r-medium_spk199_pos1.wav,en_US-libritts_r-medium-spk199,en_US-libritts_r-medium,en_US-libritts_r-medium-spk199,test,synthetic_ground_truth,"tts_positive_whole_clip energy_trim(top_db=40.0) clip=[0,0.6153]",complete,ground_truth,,0.01,0.6086,0.0,0.615328798185941,synthetic_whole_clip_energy_trim,,,,,,,,,,,True,synthetic_ground_truth,True,0.0,0.0
tts2_en_US-libritts_r-medium_spk1_pos0#gt000,tts2_en_US-libritts_r-medium_spk1_pos0,data/positives/tts2_en_US-libritts_r-medium_spk1_pos0.wav,en_US-libritts_r-medium-spk1,en_US-libritts_r-medium,en_US-libritts_r-medium-spk1,validation,synthetic_ground_truth,"tts_positive_whole_clip energy_trim(top_db=40.0) clip=[0,0.8359]",complete,ground_truth,,0.01,0.8281,0.0,0.8359183673469388,synthetic_whole_clip_energy_trim,,,,,,,,,,,True,synthetic_ground_truth,True,0.0,0.0
tts2_en_US-libritts_r-medium_spk1_pos1#gt000,tts2_en_US-libritts_r-medium_spk1_pos1,data/positives/tts2_en_US-libritts_r-medium_spk1_pos1.wav,en_US-libritts_r-medium-spk1,en_US-libritts_r-medium,en_US-libritts_r-medium-spk1,validation,synthetic_ground_truth,"tts_positive_whole_clip energy_trim(top_db=40.0) clip=[0,0.6850]",complete,ground_truth,,0.01,0.6785,0.0,0.6849886621315193,synthetic_whole_clip_energy_trim,,,,,,,,,,,True,synthetic_ground_truth,True,0.0,0.0
tts2_en_US-libritts_r-medium_spk201_pos0#gt000,tts2_en_US-libritts_r-medium_spk201_pos0,data/positives/tts2_en_US-libritts_r-medium_spk201_pos0.wav,en_US-libritts_r-medium-spk201,en_US-libritts_r-medium,en_US-libritts_r-medium-spk201,validation,synthetic_ground_truth,"tts_positive_whole_clip energy_trim(top_db=40.0) clip=[0,0.7895]",complete,ground_truth,,0.01,0.7882,0.0,0.7894784580498866,synthetic_whole_clip_energy_trim,,,,,,,,,,,True,synthetic_ground_truth,True,0.0,0.0
tts2_en_US-libritts_r-medium_spk201_pos1#gt000,tts2_en_US-libritts_r-medium_spk201_pos1,data/positives/tts2_en_US-libritts_r-medium_spk201_pos1.wav,en_US-libritts_r-medium-spk201,en_US-libritts_r-medium,en_US-libritts_r-medium-spk201,validation,synthetic_ground_truth,"tts_positive_whole_clip energy_trim(top_db=40.0) clip=[0,0.6734]",complete,ground_truth,,0.01,0.6685,0.0,0.6733786848072563,synthetic_whole_clip_energy_trim,,,,,,,,,,,True,synthetic_ground_truth,True,0.0,0.0
tts2_en_US-libritts_r-medium_spk202_pos0#gt000,tts2_en_US-libritts_r-medium_spk202_pos0,data/positives/tts2_en_US-libritts_r-medium_spk202_pos0.wav,en_US-libritts_r-medium-spk202,en_US-libritts_r-medium,en_US-libritts_r-medium-spk202,train,synthetic_ground_truth,"tts_positive_whole_clip energy_trim(top_db=40.0) clip=[0,0.9636]",complete,ground_truth,,0.02,0.9578,0.0,0.9636281179138322,synthetic_whole_clip_energy_trim,,,,,,,,,,,True,synthetic_ground_truth,True,0.0,0.0
tts2_en_US-libritts_r-medium_spk202_pos1#gt000,tts2_en_US-libritts_r-medium_spk202_pos1,data/positives/tts2_en_US-libritts_r-medium_spk202_pos1.wav,en_US-libritts_r-medium-spk202,en_US-libritts_r-medium,en_US-libritts_r-medium-spk202,train,synthetic_ground_truth,"tts_positive_whole_clip energy_trim(top_db=40.0) clip=[0,0.8940]",complete,ground_truth,,0.01,0.878,0.0,0.893968253968254,synthetic_whole_clip_energy_trim,,,,,,,,,,,True,synthetic_ground_truth,True,0.0,0.0
tts2_en_US-libritts_r-medium_spk205_pos0#gt000,tts2_en_US-libritts_r-medium_spk205_pos0,data/positives/tts2_en_US-libritts_r-medium_spk205_pos0.wav,en_US-libritts_r-medium-spk205,en_US-libritts_r-medium,en_US-libritts_r-medium-spk205,train,synthetic_ground_truth,"tts_positive_whole_clip energy_trim(top_db=40.0) clip=[0,0.7895]",complete,ground_truth,,0.01,0.7882,0.0,0.7894784580498866,synthetic_whole_clip_energy_trim,,,,,,,,,,,True,synthetic_ground_truth,True,0.0,0.0
tts2_en_US-libritts_r-medium_spk205_pos1#gt000,tts2_en_US-libritts_r-medium_spk205_pos1,data/positives/tts2_en_US-libritts_r-medium_spk205_pos1.wav,en_US-libritts_r-medium-spk205,en_US-libritts_r-medium,en_US-libritts_r-medium-spk205,train,synthetic_ground_truth,"tts_positive_whole_clip energy_trim(top_db=40.0) clip=[0,1.4977]",complete,ground_truth,,0.01,1.4966,0.0,1.497687074829932,synthetic_whole_clip_energy_trim,,,,,,,,,,,True,synthetic_ground_truth,True,0.0,0.0
tts2_en_US-libritts_r-medium_spk20_pos0#gt000,tts2_en_US-libritts_r-medium_spk20_pos0,data/positives/tts2_en_US-libritts_r-medium_spk20_pos0.wav,en_US-libritts_r-medium-spk20,en_US-libritts_r-medium,en_US-libritts_r-medium-spk20,train,synthetic_ground_truth,"tts_positive_whole_clip energy_trim(top_db=40.0) clip=[0,1.0797]",complete,ground_truth,,0.01,1.0776,0.0,1.0797278911564625,synthetic_whole_clip_energy_trim,,,,,,,,,,,True,synthetic_ground_truth,True,0.0,0.0
tts2_en_US-libritts_r-medium_spk20_pos1#gt000,tts2_en_US-libritts_r-medium_spk20_pos1,data/positives/tts2_en_US-libritts_r-medium_spk20_pos1.wav,en_US-libritts_r-medium-spk20,en_US-libritts_r-medium,en_US-libritts_r-medium-spk20,train,synthetic_ground_truth,"tts_positive_whole_clip energy_trim(top_db=40.0) clip=[0,0.9868]",complete,ground_truth,,0.01,0.9778,0.0,0.9868480725623584,synthetic_whole_clip_energy_trim,,,,,,,,,,,True,synthetic_ground_truth,True,0.0,0.0
tts2_en_US-libritts_r-medium_spk211_pos1#gt000,tts2_en_US-libritts_r-medium_spk211_pos1,data/positives/tts2_en_US-libritts_r-medium_spk211_pos1.wav,en_US-libritts_r-medium-spk211,en_US-libritts_r-medium,en_US-libritts_r-medium-spk211,validation,synthetic_ground_truth,"tts_positive_whole_clip energy_trim(top_db=40.0) clip=[0,0.8359]",complete,ground_truth,,0.01,0.8281,0.0,0.8359183673469388,synthetic_whole_clip_energy_trim,,,,,,,,,,,True,synthetic_ground_truth,True,0.0,0.0
tts2_en_US-libritts_r-medium_spk212_pos0#gt000,tts2_en_US-libritts_r-medium_spk212_pos0,data/positives/tts2_en_US-libritts_r-medium_spk212_pos0.wav,en_US-libritts_r-medium-spk212,en_US-libritts_r-medium,en_US-libritts_r-medium-spk212,train,synthetic_ground_truth,"tts_positive_whole_clip energy_trim(top_db=40.0) clip=[0,0.9056]",complete,ground_truth,,0.01,0.898,0.0,0.905578231292517,synthetic_whole_clip_energy_trim,,,,,,,,,,,True,synthetic_ground_truth,True,0.0,0.0
tts2_en_US-libritts_r-medium_spk212_pos1#gt000,tts2_en_US-libritts_r-medium_spk212_pos1,data/positives/tts2_en_US-libritts_r-medium_spk212_pos1.wav,en_US-libritts_r-medium-spk212,en_US-libritts_r-medium,en_US-libritts_r-medium-spk212,train,synthetic_ground_truth,"tts_positive_whole_clip energy_trim(top_db=40.0) clip=[0,0.9752]",complete,ground_truth,,0.01,0.9478,0.0,0.9752380952380952,synthetic_whole_clip_energy_trim,,,,,,,,,,,True,synthetic_ground_truth,True,0.0,0.0
tts2_en_US-libritts_r-medium_spk220_pos0#gt000,tts2_en_US-libritts_r-medium_spk220_pos0,data/positives/tts2_en_US-libritts_r-medium_spk220_pos0.wav,en_US-libritts_r-medium-spk220,en_US-libritts_r-medium,en_US-libritts_r-medium-spk220,train,synthetic_ground_truth,"tts_positive_whole_clip energy_trim(top_db=40.0) clip=[0,0.8243]",complete,ground_truth,,0.01,0.8181,0.0,0.8243083900226758,synthetic_whole_clip_energy_trim,,,,,,,,,,,True,synthetic_ground_truth,True,0.0,0.0
tts2_en_US-libritts_r-medium_spk220_pos1#gt000,tts2_en_US-libritts_r-medium_spk220_pos1,data/positives/tts2_en_US-libritts_r-medium_spk220_pos1.wav,en_US-libritts_r-medium-spk220,en_US-libritts_r-medium,en_US-libritts_r-medium-spk220,train,synthetic_ground_truth,"tts_positive_whole_clip energy_trim(top_db=40.0) clip=[0,0.8243]",complete,ground_truth,,0.01,0.8181,0.0,0.8243083900226758,synthetic_whole_clip_energy_trim,,,,,,,,,,,True,synthetic_ground_truth,True,0.0,0.0
tts2_en_US-libritts_r-medium_spk221_pos0#gt000,tts2_en_US-libritts_r-medium_spk221_pos0,data/positives/tts2_en_US-libritts_r-medium_spk221_pos0.wav,en_US-libritts_r-medium-spk221,en_US-libritts_r-medium,en_US-libritts_r-medium-spk221,train,synthetic_ground_truth,"tts_positive_whole_clip energy_trim(top_db=40.0) clip=[0,0.8243]",complete,ground_truth,,0.01,0.8082,0.0,0.8243083900226758,synthetic_whole_clip_energy_trim,,,,,,,,,,,True,synthetic_ground_truth,True,0.0,0.0
tts2_en_US-libritts_r-medium_spk221_pos1#gt000,tts2_en_US-libritts_r-medium_spk221_pos1,data/positives/tts2_en_US-libritts_r-medium_spk221_pos1.wav,en_US-libritts_r-medium-spk221,en_US-libritts_r-medium,en_US-libritts_r-medium-spk221,train,synthetic_ground_truth,"tts_positive_whole_clip energy_trim(top_db=40.0) clip=[0,0.8940]",complete,ground_truth,,0.01,0.8481,0.0,0.893968253968254,synthetic_whole_clip_energy_trim,,,,,,,,,,,True,synthetic_ground_truth,True,0.0,0.0
tts2_en_US-libritts_r-medium_spk223_pos0#gt000,tts2_en_US-libritts_r-medium_spk223_pos0,data/positives/tts2_en_US-libritts_r-medium_spk223_pos0.wav,en_US-libritts_r-medium-spk223,en_US-libritts_r-medium,en_US-libritts_r-medium-spk223,train,synthetic_ground_truth,"tts_positive_whole_clip energy_trim(top_db=40.0) clip=[0,1.2887]",complete,ground_truth,,0.01,1.2871,0.0,1.2887074829931973,synthetic_whole_clip_energy_trim,,,,,,,,,,,True,synthetic_ground_truth,True,0.0,0.0
tts2_en_US-libritts_r-medium_spk223_pos1#gt000,tts2_en_US-libritts_r-medium_spk223_pos1,data/positives/tts2_en_US-libritts_r-medium_spk223_pos1.wav,en_US-libritts_r-medium-spk223,en_US-libritts_r-medium,en_US-libritts_r-medium-spk223,train,synthetic_ground_truth,"tts_positive_whole_clip energy_trim(top_db=40.0) clip=[0,1.0333]",complete,ground_truth,,0.01,1.0277,0.0,1.0332879818594105,synthetic_whole_clip_energy_trim,,,,,,,,,,,True,synthetic_ground_truth,True,0.0,0.0
tts2_en_US-libritts_r-medium_spk225_pos0#gt000,tts2_en_US-libritts_r-medium_spk225_pos0,data/positives/tts2_en_US-libritts_r-medium_spk225_pos0.wav,en_US-libritts_r-medium-spk225,en_US-libritts_r-medium,en_US-libritts_r-medium-spk225,train,synthetic_ground_truth,"tts_positive_whole_clip energy_trim(top_db=40.0) clip=[0,0.6269]",complete,ground_truth,,0.01,0.6186,0.0,0.626938775510204,synthetic_whole_clip_energy_trim,,,,,,,,,,,True,synthetic_ground_truth,True,0.0,0.0
tts2_en_US-libritts_r-medium_spk225_pos1#gt000,tts2_en_US-libritts_r-medium_spk225_pos1,data/positives/tts2_en_US-libritts_r-medium_spk225_pos1.wav,en_US-libritts_r-medium-spk225,en_US-libritts_r-medium,en_US-libritts_r-medium-spk225,train,synthetic_ground_truth,"tts_positive_whole_clip energy_trim(top_db=40.0) clip=[0,0.7663]",complete,ground_truth,,0.01,0.7483,0.0,0.7662585034013606,synthetic_whole_clip_energy_trim,,,,,,,,,,,True,synthetic_ground_truth,True,0.0,0.0
tts2_en_US-libritts_r-medium_spk226_pos0#gt000,tts2_en_US-libritts_r-medium_spk226_pos0,data/positives/tts2_en_US-libritts_r-medium_spk226_pos0.wav,en_US-libritts_r-medium-spk226,en_US-libritts_r-medium,en_US-libritts_r-medium-spk226,validation,synthetic_ground_truth,"tts_positive_whole_clip energy_trim(top_db=40.0) clip=[0,0.7082]",complete,ground_truth,,0.01,0.6984,0.0,0.7082086167800453,synthetic_whole_clip_energy_trim,,,,,,,,,,,True,synthetic_ground_truth,True,0.0,0.0
tts2_en_US-libritts_r-medium_spk226_pos1#gt000,tts2_en_US-libritts_r-medium_spk226_pos1,data/positives/tts2_en_US-libritts_r-medium_spk226_pos1.wav,en_US-libritts_r-medium-spk226,en_US-libritts_r-medium,en_US-libritts_r-medium-spk226,validation,synthetic_ground_truth,"tts_positive_whole_clip energy_trim(top_db=40.0) clip=[0,0.8011]",complete,ground_truth,,0.01,0.7982,0.0,0.8010884353741496,synthetic_whole_clip_energy_trim,,,,,,,,,,,True,synthetic_ground_truth,True,0.0,0.0
tts2_en_US-libritts_r-medium_spk229_pos0#gt000,tts2_en_US-libritts_r-medium_spk229_pos0,data/positives/tts2_en_US-libritts_r-medium_spk229_pos0.wav,en_US-libritts_r-medium-spk229,en_US-libritts_r-medium,en_US-libritts_r-medium-spk229,train,synthetic_ground_truth,"tts_positive_whole_clip energy_trim(top_db=40.0) clip=[0,1.4280]",complete,ground_truth,,0.01,1.4168,0.0,1.4280272108843537,synthetic_whole_clip_energy_trim,,,,,,,,,,,True,synthetic_ground_truth,True,0.0,0.0
tts2_en_US-libritts_r-medium_spk229_pos1#gt000,tts2_en_US-libritts_r-medium_spk229_pos1,data/positives/tts2_en_US-libritts_r-medium_spk229_pos1.wav,en_US-libritts_r-medium-spk229,en_US-libritts_r-medium,en_US-libritts_r-medium-spk229,train,synthetic_ground_truth,"tts_positive_whole_clip energy_trim(top_db=40.0) clip=[0,0.7663]",complete,ground_truth,,0.01,0.7583,0.0,0.7662585034013606,synthetic_whole_clip_energy_trim,,,,,,,,,,,True,synthetic_ground_truth,True,0.0,0.0
tts2_en_US-libritts_r-medium_spk233_pos1#gt000,tts2_en_US-libritts_r-medium_spk233_pos1,data/positives/tts2_en_US-libritts_r-medium_spk233_pos1.wav,en_US-libritts_r-medium-spk233,en_US-libritts_r-medium,en_US-libritts_r-medium-spk233,test,synthetic_ground_truth,"tts_positive_whole_clip energy_trim(top_db=40.0) clip=[0,0.7198]",complete,ground_truth,,0.01,0.7184,0.0,0.7198185941043084,synthetic_whole_clip_energy_trim,,,,,,,,,,,True,synthetic_ground_truth,True,0.0,0.0
tts2_en_US-libritts_r-medium_spk235_pos0#gt000,tts2_en_US-libritts_r-medium_spk235_pos0,data/positives/tts2_en_US-libritts_r-medium_spk235_pos0.wav,en_US-libritts_r-medium-spk235,en_US-libritts_r-medium,en_US-libritts_r-medium-spk235,train,synthetic_ground_truth,"tts_positive_whole_clip energy_trim(top_db=40.0) clip=[0,0.7779]",complete,ground_truth,,0.01,0.7683,0.0,0.7778684807256235,synthetic_whole_clip_energy_trim,,,,,,,,,,,True,synthetic_ground_truth,True,0.0,0.0
tts2_en_US-libritts_r-medium_spk235_pos1#gt000,tts2_en_US-libritts_r-medium_spk235_pos1,data/positives/tts2_en_US-libritts_r-medium_spk235_pos1.wav,en_US-libritts_r-medium-spk235,en_US-libritts_r-medium,en_US-libritts_r-medium-spk235,train,synthetic_ground_truth,"tts_positive_whole_clip energy_trim(top_db=40.0) clip=[0,0.8243]",complete,ground_truth,,0.01,0.8181,0.0,0.8243083900226758,synthetic_whole_clip_energy_trim,,,,,,,,,,,True,synthetic_ground_truth,True,0.0,0.0
tts2_en_US-libritts_r-medium_spk236_pos1#gt000,tts2_en_US-libritts_r-medium_spk236_pos1,data/positives/tts2_en_US-libritts_r-medium_spk236_pos1.wav,en_US-libritts_r-medium-spk236,en_US-libritts_r-medium,en_US-libritts_r-medium-spk236,test,synthetic_ground_truth,"tts_positive_whole_clip energy_trim(top_db=40.0) clip=[0,0.8243]",complete,ground_truth,,0.01,0.8181,0.0,0.8243083900226758,synthetic_whole_clip_energy_trim,,,,,,,,,,,True,synthetic_ground_truth,True,0.0,0.0
tts2_en_US-libritts_r-medium_spk240_pos0#gt000,tts2_en_US-libritts_r-medium_spk240_pos0,data/positives/tts2_en_US-libritts_r-medium_spk240_pos0.wav,en_US-libritts_r-medium-spk240,en_US-libritts_r-medium,en_US-libritts_r-medium-spk240,train,synthetic_ground_truth,"tts_positive_whole_clip energy_trim(top_db=40.0) clip=[0,1.0217]",complete,ground_truth,,0.01,1.0177,0.0,1.0216780045351477,synthetic_whole_clip_energy_trim,,,,,,,,,,,True,synthetic_ground_truth,True,0.0,0.0
tts2_en_US-libritts_r-medium_spk240_pos1#gt000,tts2_en_US-libritts_r-medium_spk240_pos1,data/positives/tts2_en_US-libritts_r-medium_spk240_pos1.wav,en_US-libritts_r-medium-spk240,en_US-libritts_r-medium,en_US-libritts_r-medium-spk240,train,synthetic_ground_truth,"tts_positive_whole_clip energy_trim(top_db=40.0) clip=[0,0.6850]",complete,ground_truth,,0.01,0.6785,0.0,0.6849886621315193,synthetic_whole_clip_energy_trim,,,,,,,,,,,True,synthetic_ground_truth,True,0.0,0.0
tts2_en_US-libritts_r-medium_spk242_pos1#gt000,tts2_en_US-libritts_r-medium_spk242_pos1,data/positives/tts2_en_US-libritts_r-medium_spk242_pos1.wav,en_US-libritts_r-medium-spk242,en_US-libritts_r-medium,en_US-libritts_r-medium-spk242,validation,synthetic_ground_truth,"tts_positive_whole_clip energy_trim(top_db=40.0) clip=[0,0.8011]",complete,ground_truth,,0.01,0.7782,0.0,0.8010884353741496,synthetic_whole_clip_energy_trim,,,,,,,,,,,True,synthetic_ground_truth,True,0.0,0.0
tts2_en_US-libritts_r-medium_spk244_pos0#gt000,tts2_en_US-libritts_r-medium_spk244_pos0,data/positives/tts2_en_US-libritts_r-medium_spk244_pos0.wav,en_US-libritts_r-medium-spk244,en_US-libritts_r-medium,en_US-libritts_r-medium-spk244,validation,synthetic_ground_truth,"tts_positive_whole_clip energy_trim(top_db=40.0) clip=[0,0.8011]",complete,ground_truth,,0.01,0.7982,0.0,0.8010884353741496,synthetic_whole_clip_energy_trim,,,,,,,,,,,True,synthetic_ground_truth,True,0.0,0.0
tts2_en_US-libritts_r-medium_spk248_pos0#gt000,tts2_en_US-libritts_r-medium_spk248_pos0,data/positives/tts2_en_US-libritts_r-medium_spk248_pos0.wav,en_US-libritts_r-medium-spk248,en_US-libritts_r-medium,en_US-libritts_r-medium-spk248,train,synthetic_ground_truth,"tts_positive_whole_clip energy_trim(top_db=40.0) clip=[0,0.9868]",complete,ground_truth,,0.01,0.9778,0.0,0.9868480725623584,synthetic_whole_clip_energy_trim,,,,,,,,,,,True,synthetic_ground_truth,True,0.0,0.0
tts2_en_US-libritts_r-medium_spk248_pos1#gt000,tts2_en_US-libritts_r-medium_spk248_pos1,data/positives/tts2_en_US-libritts_r-medium_spk248_pos1.wav,en_US-libritts_r-medium-spk248,en_US-libritts_r-medium,en_US-libritts_r-medium-spk248,train,synthetic_ground_truth,"tts_positive_whole_clip energy_trim(top_db=40.0) clip=[0,0.6734]",complete,ground_truth,,0.01,0.6685,0.0,0.6733786848072563,synthetic_whole_clip_energy_trim,,,,,,,,,,,True,synthetic_ground_truth,True,0.0,0.0
tts2_en_US-libritts_r-medium_spk250_pos0#gt000,tts2_en_US-libritts_r-medium_spk250_pos0,data/positives/tts2_en_US-libritts_r-medium_spk250_pos0.wav,en_US-libritts_r-medium-spk250,en_US-libritts_r-medium,en_US-libritts_r-medium-spk250,train,synthetic_ground_truth,"tts_positive_whole_clip energy_trim(top_db=40.0) clip=[0,0.7779]",complete,ground_truth,,0.01,0.7683,0.0,0.7778684807256235,synthetic_whole_clip_energy_trim,,,,,,,,,,,True,synthetic_ground_truth,True,0.0,0.0
tts2_en_US-libritts_r-medium_spk250_pos1#gt000,tts2_en_US-libritts_r-medium_spk250_pos1,data/positives/tts2_en_US-libritts_r-medium_spk250_pos1.wav,en_US-libritts_r-medium-spk250,en_US-libritts_r-medium,en_US-libritts_r-medium-spk250,train,synthetic_ground_truth,"tts_positive_whole_clip energy_trim(top_db=40.0) clip=[0,0.8707]",complete,ground_truth,,0.01,0.868,0.0,0.8707482993197279,synthetic_whole_clip_energy_trim,,,,,,,,,,,True,synthetic_ground_truth,True,0.0,0.0
tts2_en_US-libritts_r-medium_spk253_pos0#gt000,tts2_en_US-libritts_r-medium_spk253_pos0,data/positives/tts2_en_US-libritts_r-medium_spk253_pos0.wav,en_US-libritts_r-medium-spk253,en_US-libritts_r-medium,en_US-libritts_r-medium-spk253,train,synthetic_ground_truth,"tts_positive_whole_clip energy_trim(top_db=40.0) clip=[0,0.9752]",complete,ground_truth,,0.01,0.9678,0.0,0.9752380952380952,synthetic_whole_clip_energy_trim,,,,,,,,,,,True,synthetic_ground_truth,True,0.0,0.0
tts2_en_US-libritts_r-medium_spk253_pos1#gt000,tts2_en_US-libritts_r-medium_spk253_pos1,data/positives/tts2_en_US-libritts_r-medium_spk253_pos1.wav,en_US-libritts_r-medium-spk253,en_US-libritts_r-medium,en_US-libritts_r-medium-spk253,train,synthetic_ground_truth,"tts_positive_whole_clip energy_trim(top_db=40.0) clip=[0,0.7779]",complete,ground_truth,,0.01,0.7683,0.0,0.7778684807256235,synthetic_whole_clip_energy_trim,,,,,,,,,,,True,synthetic_ground_truth,True,0.0,0.0
tts2_en_US-libritts_r-medium_spk261_pos0#gt000,tts2_en_US-libritts_r-medium_spk261_pos0,data/positives/tts2_en_US-libritts_r-medium_spk261_pos0.wav,en_US-libritts_r-medium-spk261,en_US-libritts_r-medium,en_US-libritts_r-medium-spk261,train,synthetic_ground_truth,"tts_positive_whole_clip energy_trim(top_db=40.0) clip=[0,0.7314]",complete,ground_truth,,0.01,0.7283,0.0,0.7314285714285714,synthetic_whole_clip_energy_trim,,,,,,,,,,,True,synthetic_ground_truth,True,0.0,0.0
tts2_en_US-libritts_r-medium_spk261_pos1#gt000,tts2_en_US-libritts_r-medium_spk261_pos1,data/positives/tts2_en_US-libritts_r-medium_spk261_pos1.wav,en_US-libritts_r-medium-spk261,en_US-libritts_r-medium,en_US-libritts_r-medium-spk261,train,synthetic_ground_truth,"tts_positive_whole_clip energy_trim(top_db=40.0) clip=[0,0.8011]",complete,ground_truth,,0.01,0.7982,0.0,0.8010884353741496,synthetic_whole_clip_energy_trim,,,,,,,,,,,True,synthetic_ground_truth,True,0.0,0.0
tts2_en_US-libritts_r-medium_spk266_pos1#gt000,tts2_en_US-libritts_r-medium_spk266_pos1,data/positives/tts2_en_US-libritts_r-medium_spk266_pos1.wav,en_US-libritts_r-medium-spk266,en_US-libritts_r-medium,en_US-libritts_r-medium-spk266,test,synthetic_ground_truth,"tts_positive_whole_clip energy_trim(top_db=40.0) clip=[0,0.9172]",complete,ground_truth,,0.0599,0.9079,0.0,0.91718820861678,synthetic_whole_clip_energy_trim,,,,,,,,,,,True,synthetic_ground_truth,True,0.0,0.0
tts2_en_US-libritts_r-medium_spk267_pos0#gt000,tts2_en_US-libritts_r-medium_spk267_pos0,data/positives/tts2_en_US-libritts_r-medium_spk267_pos0.wav,en_US-libritts_r-medium-spk267,en_US-libritts_r-medium,en_US-libritts_r-medium-spk267,train,synthetic_ground_truth,"tts_positive_whole_clip energy_trim(top_db=40.0) clip=[0,0.7546]",complete,ground_truth,,0.01,0.7483,0.0,0.7546485260770975,synthetic_whole_clip_energy_trim,,,,,,,,,,,True,synthetic_ground_truth,True,0.0,0.0
tts2_en_US-libritts_r-medium_spk267_pos1#gt000,tts2_en_US-libritts_r-medium_spk267_pos1,data/positives/tts2_en_US-libritts_r-medium_spk267_pos1.wav,en_US-libritts_r-medium-spk267,en_US-libritts_r-medium,en_US-libritts_r-medium-spk267,train,synthetic_ground_truth,"tts_positive_whole_clip energy_trim(top_db=40.0) clip=[0,0.9056]",complete,ground_truth,,0.02,0.888,0.0,0.905578231292517,synthetic_whole_clip_energy_trim,,,,,,,,,,,True,synthetic_ground_truth,True,0.0,0.0
tts2_en_US-libritts_r-medium_spk273_pos1#gt000,tts2_en_US-libritts_r-medium_spk273_pos1,data/positives/tts2_en_US-libritts_r-medium_spk273_pos1.wav,en_US-libritts_r-medium-spk273,en_US-libritts_r-medium,en_US-libritts_r-medium-spk273,train,synthetic_ground_truth,"tts_positive_whole_clip energy_trim(top_db=40.0) clip=[0,0.7314]",complete,ground_truth,,0.01,0.7084,0.0,0.7314285714285714,synthetic_whole_clip_energy_trim,,,,,,,,,,,True,synthetic_ground_truth,True,0.0,0.0
tts2_en_US-libritts_r-medium_spk279_pos0#gt000,tts2_en_US-libritts_r-medium_spk279_pos0,data/positives/tts2_en_US-libritts_r-medium_spk279_pos0.wav,en_US-libritts_r-medium-spk279,en_US-libritts_r-medium,en_US-libritts_r-medium-spk279,train,synthetic_ground_truth,"tts_positive_whole_clip energy_trim(top_db=40.0) clip=[0,0.8359]",complete,ground_truth,,0.01,0.8281,0.0,0.8359183673469388,synthetic_whole_clip_energy_trim,,,,,,,,,,,True,synthetic_ground_truth,True,0.0,0.0
tts2_en_US-libritts_r-medium_spk279_pos1#gt000,tts2_en_US-libritts_r-medium_spk279_pos1,data/positives/tts2_en_US-libritts_r-medium_spk279_pos1.wav,en_US-libritts_r-medium-spk279,en_US-libritts_r-medium,en_US-libritts_r-medium-spk279,train,synthetic_ground_truth,"tts_positive_whole_clip energy_trim(top_db=40.0) clip=[0,0.6153]",complete,ground_truth,,0.01,0.6086,0.0,0.615328798185941,synthetic_whole_clip_energy_trim,,,,,,,,,,,True,synthetic_ground_truth,True,0.0,0.0
tts2_en_US-libritts_r-medium_spk285_pos0#gt000,tts2_en_US-libritts_r-medium_spk285_pos0,data/positives/tts2_en_US-libritts_r-medium_spk285_pos0.wav,en_US-libritts_r-medium-spk285,en_US-libritts_r-medium,en_US-libritts_r-medium-spk285,validation,synthetic_ground_truth,"tts_positive_whole_clip energy_trim(top_db=40.0) clip=[0,0.7779]",complete,ground_truth,,0.01,0.7683,0.0,0.7778684807256235,synthetic_whole_clip_energy_trim,,,,,,,,,,,True,synthetic_ground_truth,True,0.0,0.0
tts2_en_US-libritts_r-medium_spk286_pos0#gt000,tts2_en_US-libritts_r-medium_spk286_pos0,data/positives/tts2_en_US-libritts_r-medium_spk286_pos0.wav,en_US-libritts_r-medium-spk286,en_US-libritts_r-medium,en_US-libritts_r-medium-spk286,validation,synthetic_ground_truth,"tts_positive_whole_clip energy_trim(top_db=40.0) clip=[0,1.0565]",complete,ground_truth,,0.01,1.0376,0.0,1.0565079365079366,synthetic_whole_clip_energy_trim,,,,,,,,,,,True,synthetic_ground_truth,True,0.0,0.0
tts2_en_US-libritts_r-medium_spk28_pos0#gt000,tts2_en_US-libritts_r-medium_spk28_pos0,data/positives/tts2_en_US-libritts_r-medium_spk28_pos0.wav,en_US-libritts_r-medium-spk28,en_US-libritts_r-medium,en_US-libritts_r-medium-spk28,test,synthetic_ground_truth,"tts_positive_whole_clip energy_trim(top_db=40.0) clip=[0,0.5573]",complete,ground_truth,,0.01,0.5388,0.0,0.5572789115646258,synthetic_whole_clip_energy_trim,,,,,,,,,,,True,synthetic_ground_truth,True,0.0,0.0
tts2_en_US-libritts_r-medium_spk28_pos1#gt000,tts2_en_US-libritts_r-medium_spk28_pos1,data/positives/tts2_en_US-libritts_r-medium_spk28_pos1.wav,en_US-libritts_r-medium-spk28,en_US-libritts_r-medium,en_US-libritts_r-medium-spk28,test,synthetic_ground_truth,"tts_positive_whole_clip energy_trim(top_db=40.0) clip=[0,0.5921]",complete,ground_truth,,0.01,0.5887,0.0,0.592108843537415,synthetic_whole_clip_energy_trim,,,,,,,,,,,True,synthetic_ground_truth,True,0.0,0.0
tts2_en_US-libritts_r-medium_spk290_pos0#gt000,tts2_en_US-libritts_r-medium_spk290_pos0,data/positives/tts2_en_US-libritts_r-medium_spk290_pos0.wav,en_US-libritts_r-medium-spk290,en_US-libritts_r-medium,en_US-libritts_r-medium-spk290,train,synthetic_ground_truth,"tts_positive_whole_clip energy_trim(top_db=40.0) clip=[0,1.0101]",complete,ground_truth,,0.0,1.0077,0.0,1.0100680272108844,synthetic_whole_clip_energy_trim,,,,,,,,,,,True,synthetic_ground_truth,True,0.0,0.0
tts2_en_US-libritts_r-medium_spk290_pos1#gt000,tts2_en_US-libritts_r-medium_spk290_pos1,data/positives/tts2_en_US-libritts_r-medium_spk290_pos1.wav,en_US-libritts_r-medium-spk290,en_US-libritts_r-medium,en_US-libritts_r-medium-spk290,train,synthetic_ground_truth,"tts_positive_whole_clip energy_trim(top_db=40.0) clip=[0,0.6966]",complete,ground_truth,,0.01,0.6884,0.0,0.6965986394557823,synthetic_whole_clip_energy_trim,,,,,,,,,,,True,synthetic_ground_truth,True,0.0,0.0
tts2_en_US-libritts_r-medium_spk293_pos0#gt000,tts2_en_US-libritts_r-medium_spk293_pos0,data/positives/tts2_en_US-libritts_r-medium_spk293_pos0.wav,en_US-libritts_r-medium-spk293,en_US-libritts_r-medium,en_US-libritts_r-medium-spk293,train,synthetic_ground_truth,"tts_positive_whole_clip energy_trim(top_db=40.0) clip=[0,0.8243]",complete,ground_truth,,0.01,0.8181,0.0,0.8243083900226758,synthetic_whole_clip_energy_trim,,,,,,,,,,,True,synthetic_ground_truth,True,0.0,0.0
tts2_en_US-libritts_r-medium_spk293_pos1#gt000,tts2_en_US-libritts_r-medium_spk293_pos1,data/positives/tts2_en_US-libritts_r-medium_spk293_pos1.wav,en_US-libritts_r-medium-spk293,en_US-libritts_r-medium,en_US-libritts_r-medium-spk293,train,synthetic_ground_truth,"tts_positive_whole_clip energy_trim(top_db=40.0) clip=[0,0.7430]",complete,ground_truth,,0.01,0.7383,0.0,0.7430385487528345,synthetic_whole_clip_energy_trim,,,,,,,,,,,True,synthetic_ground_truth,True,0.0,0.0
tts2_en_US-libritts_r-medium_spk29_pos0#gt000,tts2_en_US-libritts_r-medium_spk29_pos0,data/positives/tts2_en_US-libritts_r-medium_spk29_pos0.wav,en_US-libritts_r-medium-spk29,en_US-libritts_r-medium,en_US-libritts_r-medium-spk29,train,synthetic_ground_truth,"tts_positive_whole_clip energy_trim(top_db=40.0) clip=[0,0.6850]",complete,ground_truth,,0.01,0.6785,0.0,0.6849886621315193,synthetic_whole_clip_energy_trim,,,,,,,,,,,True,synthetic_ground_truth,True,0.0,0.0
tts2_en_US-libritts_r-medium_spk29_pos1#gt000,tts2_en_US-libritts_r-medium_spk29_pos1,data/positives/tts2_en_US-libritts_r-medium_spk29_pos1.wav,en_US-libritts_r-medium-spk29,en_US-libritts_r-medium,en_US-libritts_r-medium-spk29,train,synthetic_ground_truth,"tts_positive_whole_clip energy_trim(top_db=40.0) clip=[0,0.6850]",complete,ground_truth,,0.01,0.6785,0.0,0.6849886621315193,synthetic_whole_clip_energy_trim,,,,,,,,,,,True,synthetic_ground_truth,True,0.0,0.0
tts2_en_US-libritts_r-medium_spk302_pos0#gt000,tts2_en_US-libritts_r-medium_spk302_pos0,data/positives/tts2_en_US-libritts_r-medium_spk302_pos0.wav,en_US-libritts_r-medium-spk302,en_US-libritts_r-medium,en_US-libritts_r-medium-spk302,test,synthetic_ground_truth,"tts_positive_whole_clip energy_trim(top_db=40.0) clip=[0,0.7082]",complete,ground_truth,,0.01,0.6984,0.0,0.7082086167800453,synthetic_whole_clip_energy_trim,,,,,,,,,,,True,synthetic_ground_truth,True,0.0,0.0
tts2_en_US-libritts_r-medium_spk302_pos1#gt000,tts2_en_US-libritts_r-medium_spk302_pos1,data/positives/tts2_en_US-libritts_r-medium_spk302_pos1.wav,en_US-libritts_r-medium-spk302,en_US-libritts_r-medium,en_US-libritts_r-medium-spk302,test,synthetic_ground_truth,"tts_positive_whole_clip energy_trim(top_db=40.0) clip=[0,0.5689]",complete,ground_truth,,0.01,0.5687,0.0,0.5688888888888889,synthetic_whole_clip_energy_trim,,,,,,,,,,,True,synthetic_ground_truth,True,0.0,0.0
tts2_en_US-libritts_r-medium_spk30_pos0#gt000,tts2_en_US-libritts_r-medium_spk30_pos0,data/positives/tts2_en_US-libritts_r-medium_spk30_pos0.wav,en_US-libritts_r-medium-spk30,en_US-libritts_r-medium,en_US-libritts_r-medium-spk30,train,synthetic_ground_truth,"tts_positive_whole_clip energy_trim(top_db=40.0) clip=[0,0.7430]",complete,ground_truth,,0.01,0.7383,0.0,0.7430385487528345,synthetic_whole_clip_energy_trim,,,,,,,,,,,True,synthetic_ground_truth,True,0.0,0.0
tts2_en_US-libritts_r-medium_spk30_pos1#gt000,tts2_en_US-libritts_r-medium_spk30_pos1,data/positives/tts2_en_US-libritts_r-medium_spk30_pos1.wav,en_US-libritts_r-medium-spk30,en_US-libritts_r-medium,en_US-libritts_r-medium-spk30,train,synthetic_ground_truth,"tts_positive_whole_clip energy_trim(top_db=40.0) clip=[0,0.7198]",complete,ground_truth,,0.01,0.7184,0.0,0.7198185941043084,synthetic_whole_clip_energy_trim,,,,,,,,,,,True,synthetic_ground_truth,True,0.0,0.0
tts2_en_US-libritts_r-medium_spk314_pos0#gt000,tts2_en_US-libritts_r-medium_spk314_pos0,data/positives/tts2_en_US-libritts_r-medium_spk314_pos0.wav,en_US-libritts_r-medium-spk314,en_US-libritts_r-medium,en_US-libritts_r-medium-spk314,train,synthetic_ground_truth,"tts_positive_whole_clip energy_trim(top_db=40.0) clip=[0,0.8011]",complete,ground_truth,,0.0499,0.7683,0.0,0.8010884353741496,synthetic_whole_clip_energy_trim,,,,,,,,,,,True,synthetic_ground_truth,True,0.0,0.0
tts2_en_US-libritts_r-medium_spk314_pos1#gt000,tts2_en_US-libritts_r-medium_spk314_pos1,data/positives/tts2_en_US-libritts_r-medium_spk314_pos1.wav,en_US-libritts_r-medium-spk314,en_US-libritts_r-medium,en_US-libritts_r-medium-spk314,train,synthetic_ground_truth,"tts_positive_whole_clip energy_trim(top_db=40.0) clip=[0,0.9520]",complete,ground_truth,,0.0399,0.878,0.0,0.9520181405895692,synthetic_whole_clip_energy_trim,,,,,,,,,,,True,synthetic_ground_truth,True,0.0,0.0
tts2_en_US-libritts_r-medium_spk319_pos0#gt000,tts2_en_US-libritts_r-medium_spk319_pos0,data/positives/tts2_en_US-libritts_r-medium_spk319_pos0.wav,en_US-libritts_r-medium-spk319,en_US-libritts_r-medium,en_US-libritts_r-medium-spk319,train,synthetic_ground_truth,"tts_positive_whole_clip energy_trim(top_db=40.0) clip=[0,1.0797]",complete,ground_truth,,0.01,1.0776,0.0,1.0797278911564625,synthetic_whole_clip_energy_trim,,,,,,,,,,,True,synthetic_ground_truth,True,0.0,0.0
tts2_en_US-libritts_r-medium_spk321_pos0#gt000,tts2_en_US-libritts_r-medium_spk321_pos0,data/positives/tts2_en_US-libritts_r-medium_spk321_pos0.wav,en_US-libritts_r-medium-spk321,en_US-libritts_r-medium,en_US-libritts_r-medium-spk321,train,synthetic_ground_truth,"tts_positive_whole_clip energy_trim(top_db=40.0) clip=[0,1.0681]",complete,ground_truth,,0.01,1.0676,0.0,1.0681179138321997,synthetic_whole_clip_energy_trim,,,,,,,,,,,True,synthetic_ground_truth,True,0.0,0.0
tts2_en_US-libritts_r-medium_spk321_pos1#gt000,tts2_en_US-libritts_r-medium_spk321_pos1,data/positives/tts2_en_US-libritts_r-medium_spk321_pos1.wav,en_US-libritts_r-medium-spk321,en_US-libritts_r-medium,en_US-libritts_r-medium-spk321,train,synthetic_ground_truth,"tts_positive_whole_clip energy_trim(top_db=40.0) clip=[0,0.7895]",complete,ground_truth,,0.01,0.7882,0.0,0.7894784580498866,synthetic_whole_clip_energy_trim,,,,,,,,,,,True,synthetic_ground_truth,True,0.0,0.0
tts2_en_US-libritts_r-medium_spk322_pos0#gt000,tts2_en_US-libritts_r-medium_spk322_pos0,data/positives/tts2_en_US-libritts_r-medium_spk322_pos0.wav,en_US-libritts_r-medium-spk322,en_US-libritts_r-medium,en_US-libritts_r-medium-spk322,train,synthetic_ground_truth,"tts_positive_whole_clip energy_trim(top_db=40.0) clip=[0,0.6502]",complete,ground_truth,,0.01,0.6485,0.0,0.6501587301587302,synthetic_whole_clip_energy_trim,,,,,,,,,,,True,synthetic_ground_truth,True,0.0,0.0
tts2_en_US-libritts_r-medium_spk323_pos0#gt000,tts2_en_US-libritts_r-medium_spk323_pos0,data/positives/tts2_en_US-libritts_r-medium_spk323_pos0.wav,en_US-libritts_r-medium-spk323,en_US-libritts_r-medium,en_US-libritts_r-medium-spk323,train,synthetic_ground_truth,"tts_positive_whole_clip energy_trim(top_db=40.0) clip=[0,0.6502]",complete,ground_truth,,0.01,0.6485,0.0,0.6501587301587302,synthetic_whole_clip_energy_trim,,,,,,,,,,,True,synthetic_ground_truth,True,0.0,0.0
tts2_en_US-libritts_r-medium_spk323_pos1#gt000,tts2_en_US-libritts_r-medium_spk323_pos1,data/positives/tts2_en_US-libritts_r-medium_spk323_pos1.wav,en_US-libritts_r-medium-spk323,en_US-libritts_r-medium,en_US-libritts_r-medium-spk323,train,synthetic_ground_truth,"tts_positive_whole_clip energy_trim(top_db=40.0) clip=[0,0.8940]",complete,ground_truth,,0.01,0.878,0.0,0.893968253968254,synthetic_whole_clip_energy_trim,,,,,,,,,,,True,synthetic_ground_truth,True,0.0,0.0
tts2_en_US-libritts_r-medium_spk324_pos0#gt000,tts2_en_US-libritts_r-medium_spk324_pos0,data/positives/tts2_en_US-libritts_r-medium_spk324_pos0.wav,en_US-libritts_r-medium-spk324,en_US-libritts_r-medium,en_US-libritts_r-medium-spk324,train,synthetic_ground_truth,"tts_positive_whole_clip energy_trim(top_db=40.0) clip=[0,0.6153]",complete,ground_truth,,0.01,0.6086,0.0,0.615328798185941,synthetic_whole_clip_energy_trim,,,,,,,,,,,True,synthetic_ground_truth,True,0.0,0.0
tts2_en_US-libritts_r-medium_spk324_pos1#gt000,tts2_en_US-libritts_r-medium_spk324_pos1,data/positives/tts2_en_US-libritts_r-medium_spk324_pos1.wav,en_US-libritts_r-medium-spk324,en_US-libritts_r-medium,en_US-libritts_r-medium-spk324,train,synthetic_ground_truth,"tts_positive_whole_clip energy_trim(top_db=40.0) clip=[0,0.6734]",complete,ground_truth,,0.01,0.6685,0.0,0.6733786848072563,synthetic_whole_clip_energy_trim,,,,,,,,,,,True,synthetic_ground_truth,True,0.0,0.0
tts2_en_US-libritts_r-medium_spk334_pos0#gt000,tts2_en_US-libritts_r-medium_spk334_pos0,data/positives/tts2_en_US-libritts_r-medium_spk334_pos0.wav,en_US-libritts_r-medium-spk334,en_US-libritts_r-medium,en_US-libritts_r-medium-spk334,train,synthetic_ground_truth,"tts_positive_whole_clip energy_trim(top_db=40.0) clip=[0,1.7647]",complete,ground_truth,,0.01,1.756,0.0,1.7647165532879818,synthetic_whole_clip_energy_trim,,,,,,,,,,,True,synthetic_ground_truth,True,0.0,0.0
tts2_en_US-libritts_r-medium_spk334_pos1#gt000,tts2_en_US-libritts_r-medium_spk334_pos1,data/positives/tts2_en_US-libritts_r-medium_spk334_pos1.wav,en_US-libritts_r-medium-spk334,en_US-libritts_r-medium,en_US-libritts_r-medium-spk334,train,synthetic_ground_truth,"tts_positive_whole_clip energy_trim(top_db=40.0) clip=[0,0.6850]",complete,ground_truth,,0.01,0.6785,0.0,0.6849886621315193,synthetic_whole_clip_energy_trim,,,,,,,,,,,True,synthetic_ground_truth,True,0.0,0.0
tts2_en_US-libritts_r-medium_spk336_pos0#gt000,tts2_en_US-libritts_r-medium_spk336_pos0,data/positives/tts2_en_US-libritts_r-medium_spk336_pos0.wav,en_US-libritts_r-medium-spk336,en_US-libritts_r-medium,en_US-libritts_r-medium-spk336,train,synthetic_ground_truth,"tts_positive_whole_clip energy_trim(top_db=40.0) clip=[0,0.8475]",complete,ground_truth,,0.01,0.8381,0.0,0.8475283446712019,synthetic_whole_clip_energy_trim,,,,,,,,,,,True,synthetic_ground_truth,True,0.0,0.0
tts2_en_US-libritts_r-medium_spk336_pos1#gt000,tts2_en_US-libritts_r-medium_spk336_pos1,data/positives/tts2_en_US-libritts_r-medium_spk336_pos1.wav,en_US-libritts_r-medium-spk336,en_US-libritts_r-medium,en_US-libritts_r-medium-spk336,train,synthetic_ground_truth,"tts_positive_whole_clip energy_trim(top_db=40.0) clip=[0,0.9288]",complete,ground_truth,,0.01,0.9279,0.0,0.9287981859410432,synthetic_whole_clip_energy_trim,,,,,,,,,,,True,synthetic_ground_truth,True,0.0,0.0
tts2_en_US-libritts_r-medium_spk337_pos1#gt000,tts2_en_US-libritts_r-medium_spk337_pos1,data/positives/tts2_en_US-libritts_r-medium_spk337_pos1.wav,en_US-libritts_r-medium-spk337,en_US-libritts_r-medium,en_US-libritts_r-medium-spk337,test,synthetic_ground_truth,"tts_positive_whole_clip energy_trim(top_db=40.0) clip=[0,0.8011]",complete,ground_truth,,0.01,0.7982,0.0,0.8010884353741496,synthetic_whole_clip_energy_trim,,,,,,,,,,,True,synthetic_ground_truth,True,0.0,0.0
tts2_en_US-libritts_r-medium_spk344_pos0#gt000,tts2_en_US-libritts_r-medium_spk344_pos0,data/positives/tts2_en_US-libritts_r-medium_spk344_pos0.wav,en_US-libritts_r-medium-spk344,en_US-libritts_r-medium,en_US-libritts_r-medium-spk344,train,synthetic_ground_truth,"tts_positive_whole_clip energy_trim(top_db=40.0) clip=[0,0.8591]",complete,ground_truth,,0.01,0.858,0.0,0.8591383219954648,synthetic_whole_clip_energy_trim,,,,,,,,,,,True,synthetic_ground_truth,True,0.0,0.0
tts2_en_US-libritts_r-medium_spk344_pos1#gt000,tts2_en_US-libritts_r-medium_spk344_pos1,data/positives/tts2_en_US-libritts_r-medium_spk344_pos1.wav,en_US-libritts_r-medium-spk344,en_US-libritts_r-medium,en_US-libritts_r-medium-spk344,train,synthetic_ground_truth,"tts_positive_whole_clip energy_trim(top_db=40.0) clip=[0,0.8475]",complete,ground_truth,,0.01,0.8381,0.0,0.8475283446712019,synthetic_whole_clip_energy_trim,,,,,,,,,,,True,synthetic_ground_truth,True,0.0,0.0
tts2_en_US-libritts_r-medium_spk348_pos0#gt000,tts2_en_US-libritts_r-medium_spk348_pos0,data/positives/tts2_en_US-libritts_r-medium_spk348_pos0.wav,en_US-libritts_r-medium-spk348,en_US-libritts_r-medium,en_US-libritts_r-medium-spk348,train,synthetic_ground_truth,"tts_positive_whole_clip energy_trim(top_db=40.0) clip=[0,0.8359]",complete,ground_truth,,0.01,0.8281,0.0,0.8359183673469388,synthetic_whole_clip_energy_trim,,,,,,,,,,,True,synthetic_ground_truth,True,0.0,0.0
tts2_en_US-libritts_r-medium_spk348_pos1#gt000,tts2_en_US-libritts_r-medium_spk348_pos1,data/positives/tts2_en_US-libritts_r-medium_spk348_pos1.wav,en_US-libritts_r-medium-spk348,en_US-libritts_r-medium,en_US-libritts_r-medium-spk348,train,synthetic_ground_truth,"tts_positive_whole_clip energy_trim(top_db=40.0) clip=[0,0.7314]",complete,ground_truth,,0.01,0.7283,0.0,0.7314285714285714,synthetic_whole_clip_energy_trim,,,,,,,,,,,True,synthetic_ground_truth,True,0.0,0.0
tts2_en_US-libritts_r-medium_spk34_pos0#gt000,tts2_en_US-libritts_r-medium_spk34_pos0,data/positives/tts2_en_US-libritts_r-medium_spk34_pos0.wav,en_US-libritts_r-medium-spk34,en_US-libritts_r-medium,en_US-libritts_r-medium-spk34,train,synthetic_ground_truth,"tts_positive_whole_clip energy_trim(top_db=40.0) clip=[0,0.7082]",complete,ground_truth,,0.01,0.6984,0.0,0.7082086167800453,synthetic_whole_clip_energy_trim,,,,,,,,,,,True,synthetic_ground_truth,True,0.0,0.0
tts2_en_US-libritts_r-medium_spk34_pos1#gt000,tts2_en_US-libritts_r-medium_spk34_pos1,data/positives/tts2_en_US-libritts_r-medium_spk34_pos1.wav,en_US-libritts_r-medium-spk34,en_US-libritts_r-medium,en_US-libritts_r-medium-spk34,train,synthetic_ground_truth,"tts_positive_whole_clip energy_trim(top_db=40.0) clip=[0,0.6502]",complete,ground_truth,,0.01,0.6286,0.0,0.6501587301587302,synthetic_whole_clip_energy_trim,,,,,,,,,,,True,synthetic_ground_truth,True,0.0,0.0
tts2_en_US-libritts_r-medium_spk354_pos0#gt000,tts2_en_US-libritts_r-medium_spk354_pos0,data/positives/tts2_en_US-libritts_r-medium_spk354_pos0.wav,en_US-libritts_r-medium-spk354,en_US-libritts_r-medium,en_US-libritts_r-medium-spk354,train,synthetic_ground_truth,"tts_positive_whole_clip energy_trim(top_db=40.0) clip=[0,0.8940]",complete,ground_truth,,0.01,0.888,0.0,0.893968253968254,synthetic_whole_clip_energy_trim,,,,,,,,,,,True,synthetic_ground_truth,True,0.0,0.0
tts2_en_US-libritts_r-medium_spk354_pos1#gt000,tts2_en_US-libritts_r-medium_spk354_pos1,data/positives/tts2_en_US-libritts_r-medium_spk354_pos1.wav,en_US-libritts_r-medium-spk354,en_US-libritts_r-medium,en_US-libritts_r-medium-spk354,train,synthetic_ground_truth,"tts_positive_whole_clip energy_trim(top_db=40.0) clip=[0,0.9288]",complete,ground_truth,,0.01,0.9179,0.0,0.9287981859410432,synthetic_whole_clip_energy_trim,,,,,,,,,,,True,synthetic_ground_truth,True,0.0,0.0
tts2_en_US-libritts_r-medium_spk355_pos0#gt000,tts2_en_US-libritts_r-medium_spk355_pos0,data/positives/tts2_en_US-libritts_r-medium_spk355_pos0.wav,en_US-libritts_r-medium-spk355,en_US-libritts_r-medium,en_US-libritts_r-medium-spk355,test,synthetic_ground_truth,"tts_positive_whole_clip energy_trim(top_db=40.0) clip=[0,0.7430]",complete,ground_truth,,0.01,0.7383,0.0,0.7430385487528345,synthetic_whole_clip_energy_trim,,,,,,,,,,,True,synthetic_ground_truth,True,0.0,0.0
tts2_en_US-libritts_r-medium_spk355_pos1#gt000,tts2_en_US-libritts_r-medium_spk355_pos1,data/positives/tts2_en_US-libritts_r-medium_spk355_pos1.wav,en_US-libritts_r-medium-spk355,en_US-libritts_r-medium,en_US-libritts_r-medium-spk355,test,synthetic_ground_truth,"tts_positive_whole_clip energy_trim(top_db=40.0) clip=[0,0.6385]",complete,ground_truth,,0.01,0.6385,0.0,0.6385487528344671,synthetic_whole_clip_energy_trim,,,,,,,,,,,True,synthetic_ground_truth,True,0.0,0.0
tts2_en_US-libritts_r-medium_spk357_pos0#gt000,tts2_en_US-libritts_r-medium_spk357_pos0,data/positives/tts2_en_US-libritts_r-medium_spk357_pos0.wav,en_US-libritts_r-medium-spk357,en_US-libritts_r-medium,en_US-libritts_r-medium-spk357,train,synthetic_ground_truth,"tts_positive_whole_clip energy_trim(top_db=40.0) clip=[0,1.4164]",complete,ground_truth,,0.01,1.4068,0.0,1.4164172335600906,synthetic_whole_clip_energy_trim,,,,,,,,,,,True,synthetic_ground_truth,True,0.0,0.0
tts2_en_US-libritts_r-medium_spk357_pos1#gt000,tts2_en_US-libritts_r-medium_spk357_pos1,data/positives/tts2_en_US-libritts_r-medium_spk357_pos1.wav,en_US-libritts_r-medium-spk357,en_US-libritts_r-medium,en_US-libritts_r-medium-spk357,train,synthetic_ground_truth,"tts_positive_whole_clip energy_trim(top_db=40.0) clip=[0,0.6385]",complete,ground_truth,,0.01,0.6385,0.0,0.6385487528344671,synthetic_whole_clip_energy_trim,,,,,,,,,,,True,synthetic_ground_truth,True,0.0,0.0
tts2_en_US-libritts_r-medium_spk361_pos1#gt000,tts2_en_US-libritts_r-medium_spk361_pos1,data/positives/tts2_en_US-libritts_r-medium_spk361_pos1.wav,en_US-libritts_r-medium-spk361,en_US-libritts_r-medium,en_US-libritts_r-medium-spk361,test,synthetic_ground_truth,"tts_positive_whole_clip energy_trim(top_db=40.0) clip=[0,0.6269]",complete,ground_truth,,0.01,0.6186,0.0,0.626938775510204,synthetic_whole_clip_energy_trim,,,,,,,,,,,True,synthetic_ground_truth,True,0.0,0.0
tts2_en_US-libritts_r-medium_spk364_pos0#gt000,tts2_en_US-libritts_r-medium_spk364_pos0,data/positives/tts2_en_US-libritts_r-medium_spk364_pos0.wav,en_US-libritts_r-medium-spk364,en_US-libritts_r-medium,en_US-libritts_r-medium-spk364,train,synthetic_ground_truth,"tts_positive_whole_clip energy_trim(top_db=40.0) clip=[0,0.7198]",complete,ground_truth,,0.01,0.7184,0.0,0.7198185941043084,synthetic_whole_clip_energy_trim,,,,,,,,,,,True,synthetic_ground_truth,True,0.0,0.0
tts2_en_US-libritts_r-medium_spk373_pos0#gt000,tts2_en_US-libritts_r-medium_spk373_pos0,data/positives/tts2_en_US-libritts_r-medium_spk373_pos0.wav,en_US-libritts_r-medium-spk373,en_US-libritts_r-medium,en_US-libritts_r-medium-spk373,train,synthetic_ground_truth,"tts_positive_whole_clip energy_trim(top_db=40.0) clip=[0,0.8591]",complete,ground_truth,,0.01,0.858,0.0,0.8591383219954648,synthetic_whole_clip_energy_trim,,,,,,,,,,,True,synthetic_ground_truth,True,0.0,0.0
tts2_en_US-libritts_r-medium_spk373_pos1#gt000,tts2_en_US-libritts_r-medium_spk373_pos1,data/positives/tts2_en_US-libritts_r-medium_spk373_pos1.wav,en_US-libritts_r-medium-spk373,en_US-libritts_r-medium,en_US-libritts_r-medium-spk373,train,synthetic_ground_truth,"tts_positive_whole_clip energy_trim(top_db=40.0) clip=[0,0.8243]",complete,ground_truth,,0.01,0.8181,0.0,0.8243083900226758,synthetic_whole_clip_energy_trim,,,,,,,,,,,True,synthetic_ground_truth,True,0.0,0.0
tts2_en_US-libritts_r-medium_spk375_pos0#gt000,tts2_en_US-libritts_r-medium_spk375_pos0,data/positives/tts2_en_US-libritts_r-medium_spk375_pos0.wav,en_US-libritts_r-medium-spk375,en_US-libritts_r-medium,en_US-libritts_r-medium-spk375,train,synthetic_ground_truth,"tts_positive_whole_clip energy_trim(top_db=40.0) clip=[0,0.8591]",complete,ground_truth,,0.01,0.858,0.0,0.8591383219954648,synthetic_whole_clip_energy_trim,,,,,,,,,,,True,synthetic_ground_truth,True,0.0,0.0
tts2_en_US-libritts_r-medium_spk375_pos1#gt000,tts2_en_US-libritts_r-medium_spk375_pos1,data/positives/tts2_en_US-libritts_r-medium_spk375_pos1.wav,en_US-libritts_r-medium-spk375,en_US-libritts_r-medium,en_US-libritts_r-medium-spk375,train,synthetic_ground_truth,"tts_positive_whole_clip energy_trim(top_db=40.0) clip=[0,0.8475]",complete,ground_truth,,0.01,0.8381,0.0,0.8475283446712019,synthetic_whole_clip_energy_trim,,,,,,,,,,,True,synthetic_ground_truth,True,0.0,0.0
tts2_en_US-libritts_r-medium_spk377_pos1#gt000,tts2_en_US-libritts_r-medium_spk377_pos1,data/positives/tts2_en_US-libritts_r-medium_spk377_pos1.wav,en_US-libritts_r-medium-spk377,en_US-libritts_r-medium,en_US-libritts_r-medium-spk377,train,synthetic_ground_truth,"tts_positive_whole_clip energy_trim(top_db=40.0) clip=[0,1.0681]",complete,ground_truth,,0.01,1.0676,0.0,1.0681179138321997,synthetic_whole_clip_energy_trim,,,,,,,,,,,True,synthetic_ground_truth,True,0.0,0.0
tts2_en_US-libritts_r-medium_spk390_pos0#gt000,tts2_en_US-libritts_r-medium_spk390_pos0,data/positives/tts2_en_US-libritts_r-medium_spk390_pos0.wav,en_US-libritts_r-medium-spk390,en_US-libritts_r-medium,en_US-libritts_r-medium-spk390,train,synthetic_ground_truth,"tts_positive_whole_clip energy_trim(top_db=40.0) clip=[0,0.9752]",complete,ground_truth,,0.01,0.9678,0.0,0.9752380952380952,synthetic_whole_clip_energy_trim,,,,,,,,,,,True,synthetic_ground_truth,True,0.0,0.0
tts2_en_US-libritts_r-medium_spk390_pos1#gt000,tts2_en_US-libritts_r-medium_spk390_pos1,data/positives/tts2_en_US-libritts_r-medium_spk390_pos1.wav,en_US-libritts_r-medium-spk390,en_US-libritts_r-medium,en_US-libritts_r-medium-spk390,train,synthetic_ground_truth,"tts_positive_whole_clip energy_trim(top_db=40.0) clip=[0,0.8475]",complete,ground_truth,,0.01,0.8381,0.0,0.8475283446712019,synthetic_whole_clip_energy_trim,,,,,,,,,,,True,synthetic_ground_truth,True,0.0,0.0
tts2_en_US-libritts_r-medium_spk391_pos0#gt000,tts2_en_US-libritts_r-medium_spk391_pos0,data/positives/tts2_en_US-libritts_r-medium_spk391_pos0.wav,en_US-libritts_r-medium-spk391,en_US-libritts_r-medium,en_US-libritts_r-medium-spk391,train,synthetic_ground_truth,"tts_positive_whole_clip energy_trim(top_db=40.0) clip=[0,0.7082]",complete,ground_truth,,0.01,0.6884,0.0,0.7082086167800453,synthetic_whole_clip_energy_trim,,,,,,,,,,,True,synthetic_ground_truth,True,0.0,0.0
tts2_en_US-libritts_r-medium_spk391_pos1#gt000,tts2_en_US-libritts_r-medium_spk391_pos1,data/positives/tts2_en_US-libritts_r-medium_spk391_pos1.wav,en_US-libritts_r-medium-spk391,en_US-libritts_r-medium,en_US-libritts_r-medium-spk391,train,synthetic_ground_truth,"tts_positive_whole_clip energy_trim(top_db=40.0) clip=[0,0.6037]",complete,ground_truth,,0.01,0.5986,0.0,0.603718820861678,synthetic_whole_clip_energy_trim,,,,,,,,,,,True,synthetic_ground_truth,True,0.0,0.0
tts2_en_US-libritts_r-medium_spk401_pos0#gt000,tts2_en_US-libritts_r-medium_spk401_pos0,data/positives/tts2_en_US-libritts_r-medium_spk401_pos0.wav,en_US-libritts_r-medium-spk401,en_US-libritts_r-medium,en_US-libritts_r-medium-spk401,train,synthetic_ground_truth,"tts_positive_whole_clip energy_trim(top_db=40.0) clip=[0,1.0797]",complete,ground_truth,,0.01,1.0476,0.0,1.0797278911564625,synthetic_whole_clip_energy_trim,,,,,,,,,,,True,synthetic_ground_truth,True,0.0,0.0
tts2_en_US-libritts_r-medium_spk401_pos1#gt000,tts2_en_US-libritts_r-medium_spk401_pos1,data/positives/tts2_en_US-libritts_r-medium_spk401_pos1.wav,en_US-libritts_r-medium-spk401,en_US-libritts_r-medium,en_US-libritts_r-medium-spk401,train,synthetic_ground_truth,"tts_positive_whole_clip energy_trim(top_db=40.0) clip=[0,0.8475]",complete,ground_truth,,0.01,0.8381,0.0,0.8475283446712019,synthetic_whole_clip_energy_trim,,,,,,,,,,,True,synthetic_ground_truth,True,0.0,0.0
tts2_en_US-libritts_r-medium_spk405_pos0#gt000,tts2_en_US-libritts_r-medium_spk405_pos0,data/positives/tts2_en_US-libritts_r-medium_spk405_pos0.wav,en_US-libritts_r-medium-spk405,en_US-libritts_r-medium,en_US-libritts_r-medium-spk405,train,synthetic_ground_truth,"tts_positive_whole_clip energy_trim(top_db=40.0) clip=[0,0.9520]",complete,ground_truth,,0.01,0.9478,0.0,0.9520181405895692,synthetic_whole_clip_energy_trim,,,,,,,,,,,True,synthetic_ground_truth,True,0.0,0.0
tts2_en_US-libritts_r-medium_spk405_pos1#gt000,tts2_en_US-libritts_r-medium_spk405_pos1,data/positives/tts2_en_US-libritts_r-medium_spk405_pos1.wav,en_US-libritts_r-medium-spk405,en_US-libritts_r-medium,en_US-libritts_r-medium-spk405,train,synthetic_ground_truth,"tts_positive_whole_clip energy_trim(top_db=40.0) clip=[0,0.5805]",complete,ground_truth,,0.01,0.5787,0.0,0.5804988662131519,synthetic_whole_clip_energy_trim,,,,,,,,,,,True,synthetic_ground_truth,True,0.0,0.0
tts2_en_US-libritts_r-medium_spk406_pos0#gt000,tts2_en_US-libritts_r-medium_spk406_pos0,data/positives/tts2_en_US-libritts_r-medium_spk406_pos0.wav,en_US-libritts_r-medium-spk406,en_US-libritts_r-medium,en_US-libritts_r-medium-spk406,validation,synthetic_ground_truth,"tts_positive_whole_clip energy_trim(top_db=40.0) clip=[0,0.6734]",complete,ground_truth,,0.01,0.6685,0.0,0.6733786848072563,synthetic_whole_clip_energy_trim,,,,,,,,,,,True,synthetic_ground_truth,True,0.0,0.0
tts2_en_US-libritts_r-medium_spk406_pos1#gt000,tts2_en_US-libritts_r-medium_spk406_pos1,data/positives/tts2_en_US-libritts_r-medium_spk406_pos1.wav,en_US-libritts_r-medium-spk406,en_US-libritts_r-medium,en_US-libritts_r-medium-spk406,validation,synthetic_ground_truth,"tts_positive_whole_clip energy_trim(top_db=40.0) clip=[0,0.7198]",complete,ground_truth,,0.01,0.7084,0.0,0.7198185941043084,synthetic_whole_clip_energy_trim,,,,,,,,,,,True,synthetic_ground_truth,True,0.0,0.0
tts2_en_US-libritts_r-medium_spk409_pos0#gt000,tts2_en_US-libritts_r-medium_spk409_pos0,data/positives/tts2_en_US-libritts_r-medium_spk409_pos0.wav,en_US-libritts_r-medium-spk409,en_US-libritts_r-medium,en_US-libritts_r-medium-spk409,train,synthetic_ground_truth,"tts_positive_whole_clip energy_trim(top_db=40.0) clip=[0,0.7430]",complete,ground_truth,,0.0,0.7383,0.0,0.7430385487528345,synthetic_whole_clip_energy_trim,,,,,,,,,,,True,synthetic_ground_truth,True,0.0,0.0
tts2_en_US-libritts_r-medium_spk409_pos1#gt000,tts2_en_US-libritts_r-medium_spk409_pos1,data/positives/tts2_en_US-libritts_r-medium_spk409_pos1.wav,en_US-libritts_r-medium-spk409,en_US-libritts_r-medium,en_US-libritts_r-medium-spk409,train,synthetic_ground_truth,"tts_positive_whole_clip energy_trim(top_db=40.0) clip=[0,0.7430]",complete,ground_truth,,0.01,0.7383,0.0,0.7430385487528345,synthetic_whole_clip_energy_trim,,,,,,,,,,,True,synthetic_ground_truth,True,0.0,0.0
tts2_en_US-libritts_r-medium_spk413_pos0#gt000,tts2_en_US-libritts_r-medium_spk413_pos0,data/positives/tts2_en_US-libritts_r-medium_spk413_pos0.wav,en_US-libritts_r-medium-spk413,en_US-libritts_r-medium,en_US-libritts_r-medium-spk413,train,synthetic_ground_truth,"tts_positive_whole_clip energy_trim(top_db=40.0) clip=[0,0.8940]",complete,ground_truth,,0.01,0.888,0.0,0.893968253968254,synthetic_whole_clip_energy_trim,,,,,,,,,,,True,synthetic_ground_truth,True,0.0,0.0
tts2_en_US-libritts_r-medium_spk413_pos1#gt000,tts2_en_US-libritts_r-medium_spk413_pos1,data/positives/tts2_en_US-libritts_r-medium_spk413_pos1.wav,en_US-libritts_r-medium-spk413,en_US-libritts_r-medium,en_US-libritts_r-medium-spk413,train,synthetic_ground_truth,"tts_positive_whole_clip energy_trim(top_db=40.0) clip=[0,0.9056]",complete,ground_truth,,0.01,0.898,0.0,0.905578231292517,synthetic_whole_clip_energy_trim,,,,,,,,,,,True,synthetic_ground_truth,True,0.0,0.0
tts2_en_US-libritts_r-medium_spk416_pos0#gt000,tts2_en_US-libritts_r-medium_spk416_pos0,data/positives/tts2_en_US-libritts_r-medium_spk416_pos0.wav,en_US-libritts_r-medium-spk416,en_US-libritts_r-medium,en_US-libritts_r-medium-spk416,validation,synthetic_ground_truth,"tts_positive_whole_clip energy_trim(top_db=40.0) clip=[0,0.7314]",complete,ground_truth,,0.01,0.6984,0.0,0.7314285714285714,synthetic_whole_clip_energy_trim,,,,,,,,,,,True,synthetic_ground_truth,True,0.0,0.0
tts2_en_US-libritts_r-medium_spk416_pos1#gt000,tts2_en_US-libritts_r-medium_spk416_pos1,data/positives/tts2_en_US-libritts_r-medium_spk416_pos1.wav,en_US-libritts_r-medium-spk416,en_US-libritts_r-medium,en_US-libritts_r-medium-spk416,validation,synthetic_ground_truth,"tts_positive_whole_clip energy_trim(top_db=40.0) clip=[0,0.7895]",complete,ground_truth,,0.01,0.7882,0.0,0.7894784580498866,synthetic_whole_clip_energy_trim,,,,,,,,,,,True,synthetic_ground_truth,True,0.0,0.0
tts2_en_US-libritts_r-medium_spk421_pos0#gt000,tts2_en_US-libritts_r-medium_spk421_pos0,data/positives/tts2_en_US-libritts_r-medium_spk421_pos0.wav,en_US-libritts_r-medium-spk421,en_US-libritts_r-medium,en_US-libritts_r-medium-spk421,test,synthetic_ground_truth,"tts_positive_whole_clip energy_trim(top_db=40.0) clip=[0,0.8475]",complete,ground_truth,,0.01,0.8381,0.0,0.8475283446712019,synthetic_whole_clip_energy_trim,,,,,,,,,,,True,synthetic_ground_truth,True,0.0,0.0
tts2_en_US-libritts_r-medium_spk428_pos0#gt000,tts2_en_US-libritts_r-medium_spk428_pos0,data/positives/tts2_en_US-libritts_r-medium_spk428_pos0.wav,en_US-libritts_r-medium-spk428,en_US-libritts_r-medium,en_US-libritts_r-medium-spk428,test,synthetic_ground_truth,"tts_positive_whole_clip energy_trim(top_db=40.0) clip=[0,0.6618]",complete,ground_truth,,0.02,0.6585,0.0,0.6617687074829932,synthetic_whole_clip_energy_trim,,,,,,,,,,,True,synthetic_ground_truth,True,0.0,0.0
tts2_en_US-libritts_r-medium_spk428_pos1#gt000,tts2_en_US-libritts_r-medium_spk428_pos1,data/positives/tts2_en_US-libritts_r-medium_spk428_pos1.wav,en_US-libritts_r-medium-spk428,en_US-libritts_r-medium,en_US-libritts_r-medium-spk428,test,synthetic_ground_truth,"tts_positive_whole_clip energy_trim(top_db=40.0) clip=[0,0.6502]",complete,ground_truth,,0.01,0.6485,0.0,0.6501587301587302,synthetic_whole_clip_energy_trim,,,,,,,,,,,True,synthetic_ground_truth,True,0.0,0.0
tts2_en_US-libritts_r-medium_spk443_pos0#gt000,tts2_en_US-libritts_r-medium_spk443_pos0,data/positives/tts2_en_US-libritts_r-medium_spk443_pos0.wav,en_US-libritts_r-medium-spk443,en_US-libritts_r-medium,en_US-libritts_r-medium-spk443,train,synthetic_ground_truth,"tts_positive_whole_clip energy_trim(top_db=40.0) clip=[0,0.8359]",complete,ground_truth,,0.01,0.8281,0.0,0.8359183673469388,synthetic_whole_clip_energy_trim,,,,,,,,,,,True,synthetic_ground_truth,True,0.0,0.0
tts2_en_US-libritts_r-medium_spk443_pos1#gt000,tts2_en_US-libritts_r-medium_spk443_pos1,data/positives/tts2_en_US-libritts_r-medium_spk443_pos1.wav,en_US-libritts_r-medium-spk443,en_US-libritts_r-medium,en_US-libritts_r-medium-spk443,train,synthetic_ground_truth,"tts_positive_whole_clip energy_trim(top_db=40.0) clip=[0,0.8243]",complete,ground_truth,,0.01,0.8181,0.0,0.8243083900226758,synthetic_whole_clip_energy_trim,,,,,,,,,,,True,synthetic_ground_truth,True,0.0,0.0
tts2_en_US-libritts_r-medium_spk444_pos1#gt000,tts2_en_US-libritts_r-medium_spk444_pos1,data/positives/tts2_en_US-libritts_r-medium_spk444_pos1.wav,en_US-libritts_r-medium-spk444,en_US-libritts_r-medium,en_US-libritts_r-medium-spk444,test,synthetic_ground_truth,"tts_positive_whole_clip energy_trim(top_db=40.0) clip=[0,1.2423]",complete,ground_truth,,0.01,1.2372,0.0,1.242267573696145,synthetic_whole_clip_energy_trim,,,,,,,,,,,True,synthetic_ground_truth,True,0.0,0.0
tts2_en_US-libritts_r-medium_spk448_pos0#gt000,tts2_en_US-libritts_r-medium_spk448_pos0,data/positives/tts2_en_US-libritts_r-medium_spk448_pos0.wav,en_US-libritts_r-medium-spk448,en_US-libritts_r-medium,en_US-libritts_r-medium-spk448,train,synthetic_ground_truth,"tts_positive_whole_clip energy_trim(top_db=40.0) clip=[0,0.8243]",complete,ground_truth,,0.01,0.8181,0.0,0.8243083900226758,synthetic_whole_clip_energy_trim,,,,,,,,,,,True,synthetic_ground_truth,True,0.0,0.0
tts2_en_US-libritts_r-medium_spk448_pos1#gt000,tts2_en_US-libritts_r-medium_spk448_pos1,data/positives/tts2_en_US-libritts_r-medium_spk448_pos1.wav,en_US-libritts_r-medium-spk448,en_US-libritts_r-medium,en_US-libritts_r-medium-spk448,train,synthetic_ground_truth,"tts_positive_whole_clip energy_trim(top_db=40.0) clip=[0,0.6153]",complete,ground_truth,,0.01,0.6086,0.0,0.615328798185941,synthetic_whole_clip_energy_trim,,,,,,,,,,,True,synthetic_ground_truth,True,0.0,0.0
tts2_en_US-libritts_r-medium_spk459_pos0#gt000,tts2_en_US-libritts_r-medium_spk459_pos0,data/positives/tts2_en_US-libritts_r-medium_spk459_pos0.wav,en_US-libritts_r-medium-spk459,en_US-libritts_r-medium,en_US-libritts_r-medium-spk459,test,synthetic_ground_truth,"tts_positive_whole_clip energy_trim(top_db=40.0) clip=[0,0.7082]",complete,ground_truth,,0.0399,0.6984,0.0,0.7082086167800453,synthetic_whole_clip_energy_trim,,,,,,,,,,,True,synthetic_ground_truth,True,0.0,0.0
tts2_en_US-libritts_r-medium_spk459_pos1#gt000,tts2_en_US-libritts_r-medium_spk459_pos1,data/positives/tts2_en_US-libritts_r-medium_spk459_pos1.wav,en_US-libritts_r-medium-spk459,en_US-libritts_r-medium,en_US-libritts_r-medium-spk459,test,synthetic_ground_truth,"tts_positive_whole_clip energy_trim(top_db=40.0) clip=[0,0.7198]",complete,ground_truth,,0.01,0.7184,0.0,0.7198185941043084,synthetic_whole_clip_energy_trim,,,,,,,,,,,True,synthetic_ground_truth,True,0.0,0.0
tts2_en_US-libritts_r-medium_spk460_pos0#gt000,tts2_en_US-libritts_r-medium_spk460_pos0,data/positives/tts2_en_US-libritts_r-medium_spk460_pos0.wav,en_US-libritts_r-medium-spk460,en_US-libritts_r-medium,en_US-libritts_r-medium-spk460,train,synthetic_ground_truth,"tts_positive_whole_clip energy_trim(top_db=40.0) clip=[0,0.6734]",complete,ground_truth,,0.01,0.6685,0.0,0.6733786848072563,synthetic_whole_clip_energy_trim,,,,,,,,,,,True,synthetic_ground_truth,True,0.0,0.0
tts2_en_US-libritts_r-medium_spk460_pos1#gt000,tts2_en_US-libritts_r-medium_spk460_pos1,data/positives/tts2_en_US-libritts_r-medium_spk460_pos1.wav,en_US-libritts_r-medium-spk460,en_US-libritts_r-medium,en_US-libritts_r-medium-spk460,train,synthetic_ground_truth,"tts_positive_whole_clip energy_trim(top_db=40.0) clip=[0,0.6734]",complete,ground_truth,,0.01,0.6585,0.0,0.6733786848072563,synthetic_whole_clip_energy_trim,,,,,,,,,,,True,synthetic_ground_truth,True,0.0,0.0
tts2_en_US-libritts_r-medium_spk462_pos0#gt000,tts2_en_US-libritts_r-medium_spk462_pos0,data/positives/tts2_en_US-libritts_r-medium_spk462_pos0.wav,en_US-libritts_r-medium-spk462,en_US-libritts_r-medium,en_US-libritts_r-medium-spk462,train,synthetic_ground_truth,"tts_positive_whole_clip energy_trim(top_db=40.0) clip=[0,0.7663]",complete,ground_truth,,0.01,0.7583,0.0,0.7662585034013606,synthetic_whole_clip_energy_trim,,,,,,,,,,,True,synthetic_ground_truth,True,0.0,0.0
tts2_en_US-libritts_r-medium_spk462_pos1#gt000,tts2_en_US-libritts_r-medium_spk462_pos1,data/positives/tts2_en_US-libritts_r-medium_spk462_pos1.wav,en_US-libritts_r-medium-spk462,en_US-libritts_r-medium,en_US-libritts_r-medium-spk462,train,synthetic_ground_truth,"tts_positive_whole_clip energy_trim(top_db=40.0) clip=[0,1.0565]",complete,ground_truth,,0.01,1.0476,0.0,1.0565079365079366,synthetic_whole_clip_energy_trim,,,,,,,,,,,True,synthetic_ground_truth,True,0.0,0.0
tts2_en_US-libritts_r-medium_spk476_pos0#gt000,tts2_en_US-libritts_r-medium_spk476_pos0,data/positives/tts2_en_US-libritts_r-medium_spk476_pos0.wav,en_US-libritts_r-medium-spk476,en_US-libritts_r-medium,en_US-libritts_r-medium-spk476,train,synthetic_ground_truth,"tts_positive_whole_clip energy_trim(top_db=40.0) clip=[0,0.7430]",complete,ground_truth,,0.01,0.7383,0.0,0.7430385487528345,synthetic_whole_clip_energy_trim,,,,,,,,,,,True,synthetic_ground_truth,True,0.0,0.0
tts2_en_US-libritts_r-medium_spk476_pos1#gt000,tts2_en_US-libritts_r-medium_spk476_pos1,data/positives/tts2_en_US-libritts_r-medium_spk476_pos1.wav,en_US-libritts_r-medium-spk476,en_US-libritts_r-medium,en_US-libritts_r-medium-spk476,train,synthetic_ground_truth,"tts_positive_whole_clip energy_trim(top_db=40.0) clip=[0,0.8475]",complete,ground_truth,,0.01,0.8381,0.0,0.8475283446712019,synthetic_whole_clip_energy_trim,,,,,,,,,,,True,synthetic_ground_truth,True,0.0,0.0
tts2_en_US-libritts_r-medium_spk481_pos0#gt000,tts2_en_US-libritts_r-medium_spk481_pos0,data/positives/tts2_en_US-libritts_r-medium_spk481_pos0.wav,en_US-libritts_r-medium-spk481,en_US-libritts_r-medium,en_US-libritts_r-medium-spk481,train,synthetic_ground_truth,"tts_positive_whole_clip energy_trim(top_db=40.0) clip=[0,1.2307]",complete,ground_truth,,0.01,1.2272,0.0,1.230657596371882,synthetic_whole_clip_energy_trim,,,,,,,,,,,True,synthetic_ground_truth,True,0.0,0.0
tts2_en_US-libritts_r-medium_spk481_pos1#gt000,tts2_en_US-libritts_r-medium_spk481_pos1,data/positives/tts2_en_US-libritts_r-medium_spk481_pos1.wav,en_US-libritts_r-medium-spk481,en_US-libritts_r-medium,en_US-libritts_r-medium-spk481,train,synthetic_ground_truth,"tts_positive_whole_clip energy_trim(top_db=40.0) clip=[0,0.8707]",complete,ground_truth,,0.01,0.868,0.0,0.8707482993197279,synthetic_whole_clip_energy_trim,,,,,,,,,,,True,synthetic_ground_truth,True,0.0,0.0
tts2_en_US-libritts_r-medium_spk484_pos0#gt000,tts2_en_US-libritts_r-medium_spk484_pos0,data/positives/tts2_en_US-libritts_r-medium_spk484_pos0.wav,en_US-libritts_r-medium-spk484,en_US-libritts_r-medium,en_US-libritts_r-medium-spk484,test,synthetic_ground_truth,"tts_positive_whole_clip energy_trim(top_db=40.0) clip=[0,0.6618]",complete,ground_truth,,0.0,0.6585,0.0,0.6617687074829932,synthetic_whole_clip_energy_trim,,,,,,,,,,,True,synthetic_ground_truth,True,0.0,0.0
tts2_en_US-libritts_r-medium_spk484_pos1#gt000,tts2_en_US-libritts_r-medium_spk484_pos1,data/positives/tts2_en_US-libritts_r-medium_spk484_pos1.wav,en_US-libritts_r-medium-spk484,en_US-libritts_r-medium,en_US-libritts_r-medium-spk484,test,synthetic_ground_truth,"tts_positive_whole_clip energy_trim(top_db=40.0) clip=[0,0.6269]",complete,ground_truth,,0.0,0.6186,0.0,0.626938775510204,synthetic_whole_clip_energy_trim,,,,,,,,,,,True,synthetic_ground_truth,True,0.0,0.0
tts2_en_US-libritts_r-medium_spk48_pos0#gt000,tts2_en_US-libritts_r-medium_spk48_pos0,data/positives/tts2_en_US-libritts_r-medium_spk48_pos0.wav,en_US-libritts_r-medium-spk48,en_US-libritts_r-medium,en_US-libritts_r-medium-spk48,train,synthetic_ground_truth,"tts_positive_whole_clip energy_trim(top_db=40.0) clip=[0,0.8475]",complete,ground_truth,,0.01,0.8381,0.0,0.8475283446712019,synthetic_whole_clip_energy_trim,,,,,,,,,,,True,synthetic_ground_truth,True,0.0,0.0
tts2_en_US-libritts_r-medium_spk48_pos1#gt000,tts2_en_US-libritts_r-medium_spk48_pos1,data/positives/tts2_en_US-libritts_r-medium_spk48_pos1.wav,en_US-libritts_r-medium-spk48,en_US-libritts_r-medium,en_US-libritts_r-medium-spk48,train,synthetic_ground_truth,"tts_positive_whole_clip energy_trim(top_db=40.0) clip=[0,0.7198]",complete,ground_truth,,0.01,0.7184,0.0,0.7198185941043084,synthetic_whole_clip_energy_trim,,,,,,,,,,,True,synthetic_ground_truth,True,0.0,0.0
tts2_en_US-libritts_r-medium_spk490_pos0#gt000,tts2_en_US-libritts_r-medium_spk490_pos0,data/positives/tts2_en_US-libritts_r-medium_spk490_pos0.wav,en_US-libritts_r-medium-spk490,en_US-libritts_r-medium,en_US-libritts_r-medium-spk490,train,synthetic_ground_truth,"tts_positive_whole_clip energy_trim(top_db=40.0) clip=[0,0.7314]",complete,ground_truth,,0.01,0.7283,0.0,0.7314285714285714,synthetic_whole_clip_energy_trim,,,,,,,,,,,True,synthetic_ground_truth,True,0.0,0.0
tts2_en_US-libritts_r-medium_spk490_pos1#gt000,tts2_en_US-libritts_r-medium_spk490_pos1,data/positives/tts2_en_US-libritts_r-medium_spk490_pos1.wav,en_US-libritts_r-medium-spk490,en_US-libritts_r-medium,en_US-libritts_r-medium-spk490,train,synthetic_ground_truth,"tts_positive_whole_clip energy_trim(top_db=40.0) clip=[0,0.7779]",complete,ground_truth,,0.01,0.7683,0.0,0.7778684807256235,synthetic_whole_clip_energy_trim,,,,,,,,,,,True,synthetic_ground_truth,True,0.0,0.0
tts2_en_US-libritts_r-medium_spk492_pos0#gt000,tts2_en_US-libritts_r-medium_spk492_pos0,data/positives/tts2_en_US-libritts_r-medium_spk492_pos0.wav,en_US-libritts_r-medium-spk492,en_US-libritts_r-medium,en_US-libritts_r-medium-spk492,test,synthetic_ground_truth,"tts_positive_whole_clip energy_trim(top_db=40.0) clip=[0,0.6269]",complete,ground_truth,,0.01,0.6186,0.0,0.626938775510204,synthetic_whole_clip_energy_trim,,,,,,,,,,,True,synthetic_ground_truth,True,0.0,0.0
tts2_en_US-libritts_r-medium_spk492_pos1#gt000,tts2_en_US-libritts_r-medium_spk492_pos1,data/positives/tts2_en_US-libritts_r-medium_spk492_pos1.wav,en_US-libritts_r-medium-spk492,en_US-libritts_r-medium,en_US-libritts_r-medium-spk492,test,synthetic_ground_truth,"tts_positive_whole_clip energy_trim(top_db=40.0) clip=[0,0.6037]",complete,ground_truth,,0.01,0.5986,0.0,0.603718820861678,synthetic_whole_clip_energy_trim,,,,,,,,,,,True,synthetic_ground_truth,True,0.0,0.0
tts2_en_US-libritts_r-medium_spk49_pos0#gt000,tts2_en_US-libritts_r-medium_spk49_pos0,data/positives/tts2_en_US-libritts_r-medium_spk49_pos0.wav,en_US-libritts_r-medium-spk49,en_US-libritts_r-medium,en_US-libritts_r-medium-spk49,train,synthetic_ground_truth,"tts_positive_whole_clip energy_trim(top_db=40.0) clip=[0,0.8127]",complete,ground_truth,,0.01,0.7982,0.0,0.8126984126984127,synthetic_whole_clip_energy_trim,,,,,,,,,,,True,synthetic_ground_truth,True,0.0,0.0
tts2_en_US-libritts_r-medium_spk49_pos1#gt000,tts2_en_US-libritts_r-medium_spk49_pos1,data/positives/tts2_en_US-libritts_r-medium_spk49_pos1.wav,en_US-libritts_r-medium-spk49,en_US-libritts_r-medium,en_US-libritts_r-medium-spk49,train,synthetic_ground_truth,"tts_positive_whole_clip energy_trim(top_db=40.0) clip=[0,0.9868]",complete,ground_truth,,0.01,0.9778,0.0,0.9868480725623584,synthetic_whole_clip_energy_trim,,,,,,,,,,,True,synthetic_ground_truth,True,0.0,0.0
tts2_en_US-libritts_r-medium_spk501_pos0#gt000,tts2_en_US-libritts_r-medium_spk501_pos0,data/positives/tts2_en_US-libritts_r-medium_spk501_pos0.wav,en_US-libritts_r-medium-spk501,en_US-libritts_r-medium,en_US-libritts_r-medium-spk501,train,synthetic_ground_truth,"tts_positive_whole_clip energy_trim(top_db=40.0) clip=[0,0.6734]",complete,ground_truth,,0.01,0.6685,0.0,0.6733786848072563,synthetic_whole_clip_energy_trim,,,,,,,,,,,True,synthetic_ground_truth,True,0.0,0.0
tts2_en_US-libritts_r-medium_spk501_pos1#gt000,tts2_en_US-libritts_r-medium_spk501_pos1,data/positives/tts2_en_US-libritts_r-medium_spk501_pos1.wav,en_US-libritts_r-medium-spk501,en_US-libritts_r-medium,en_US-libritts_r-medium-spk501,train,synthetic_ground_truth,"tts_positive_whole_clip energy_trim(top_db=40.0) clip=[0,0.8127]",complete,ground_truth,,0.01,0.8082,0.0,0.8126984126984127,synthetic_whole_clip_energy_trim,,,,,,,,,,,True,synthetic_ground_truth,True,0.0,0.0
tts2_en_US-libritts_r-medium_spk506_pos1#gt000,tts2_en_US-libritts_r-medium_spk506_pos1,data/positives/tts2_en_US-libritts_r-medium_spk506_pos1.wav,en_US-libritts_r-medium-spk506,en_US-libritts_r-medium,en_US-libritts_r-medium-spk506,test,synthetic_ground_truth,"tts_positive_whole_clip energy_trim(top_db=40.0) clip=[0,0.7779]",complete,ground_truth,,0.01,0.7683,0.0,0.7778684807256235,synthetic_whole_clip_energy_trim,,,,,,,,,,,True,synthetic_ground_truth,True,0.0,0.0
tts2_en_US-libritts_r-medium_spk508_pos0#gt000,tts2_en_US-libritts_r-medium_spk508_pos0,data/positives/tts2_en_US-libritts_r-medium_spk508_pos0.wav,en_US-libritts_r-medium-spk508,en_US-libritts_r-medium,en_US-libritts_r-medium-spk508,train,synthetic_ground_truth,"tts_positive_whole_clip energy_trim(top_db=40.0) clip=[0,0.7198]",complete,ground_truth,,0.01,0.7184,0.0,0.7198185941043084,synthetic_whole_clip_energy_trim,,,,,,,,,,,True,synthetic_ground_truth,True,0.0,0.0
tts2_en_US-libritts_r-medium_spk508_pos1#gt000,tts2_en_US-libritts_r-medium_spk508_pos1,data/positives/tts2_en_US-libritts_r-medium_spk508_pos1.wav,en_US-libritts_r-medium-spk508,en_US-libritts_r-medium,en_US-libritts_r-medium-spk508,train,synthetic_ground_truth,"tts_positive_whole_clip energy_trim(top_db=40.0) clip=[0,0.7895]",complete,ground_truth,,0.01,0.7782,0.0,0.7894784580498866,synthetic_whole_clip_energy_trim,,,,,,,,,,,True,synthetic_ground_truth,True,0.0,0.0
tts2_en_US-libritts_r-medium_spk510_pos0#gt000,tts2_en_US-libritts_r-medium_spk510_pos0,data/positives/tts2_en_US-libritts_r-medium_spk510_pos0.wav,en_US-libritts_r-medium-spk510,en_US-libritts_r-medium,en_US-libritts_r-medium-spk510,train,synthetic_ground_truth,"tts_positive_whole_clip energy_trim(top_db=40.0) clip=[0,1.0681]",complete,ground_truth,,0.01,1.0676,0.0,1.0681179138321997,synthetic_whole_clip_energy_trim,,,,,,,,,,,True,synthetic_ground_truth,True,0.0,0.0
tts2_en_US-libritts_r-medium_spk510_pos1#gt000,tts2_en_US-libritts_r-medium_spk510_pos1,data/positives/tts2_en_US-libritts_r-medium_spk510_pos1.wav,en_US-libritts_r-medium-spk510,en_US-libritts_r-medium,en_US-libritts_r-medium-spk510,train,synthetic_ground_truth,"tts_positive_whole_clip energy_trim(top_db=40.0) clip=[0,0.8127]",complete,ground_truth,,0.01,0.8082,0.0,0.8126984126984127,synthetic_whole_clip_energy_trim,,,,,,,,,,,True,synthetic_ground_truth,True,0.0,0.0
tts2_en_US-libritts_r-medium_spk514_pos0#gt000,tts2_en_US-libritts_r-medium_spk514_pos0,data/positives/tts2_en_US-libritts_r-medium_spk514_pos0.wav,en_US-libritts_r-medium-spk514,en_US-libritts_r-medium,en_US-libritts_r-medium-spk514,test,synthetic_ground_truth,"tts_positive_whole_clip energy_trim(top_db=40.0) clip=[0,0.6502]",complete,ground_truth,,0.01,0.6485,0.0,0.6501587301587302,synthetic_whole_clip_energy_trim,,,,,,,,,,,True,synthetic_ground_truth,True,0.0,0.0
tts2_en_US-libritts_r-medium_spk514_pos1#gt000,tts2_en_US-libritts_r-medium_spk514_pos1,data/positives/tts2_en_US-libritts_r-medium_spk514_pos1.wav,en_US-libritts_r-medium-spk514,en_US-libritts_r-medium,en_US-libritts_r-medium-spk514,test,synthetic_ground_truth,"tts_positive_whole_clip energy_trim(top_db=40.0) clip=[0,0.6850]",complete,ground_truth,,0.01,0.6785,0.0,0.6849886621315193,synthetic_whole_clip_energy_trim,,,,,,,,,,,True,synthetic_ground_truth,True,0.0,0.0
tts2_en_US-libritts_r-medium_spk516_pos0#gt000,tts2_en_US-libritts_r-medium_spk516_pos0,data/positives/tts2_en_US-libritts_r-medium_spk516_pos0.wav,en_US-libritts_r-medium-spk516,en_US-libritts_r-medium,en_US-libritts_r-medium-spk516,test,synthetic_ground_truth,"tts_positive_whole_clip energy_trim(top_db=40.0) clip=[0,1.0101]",complete,ground_truth,,0.01,1.0077,0.0,1.0100680272108844,synthetic_whole_clip_energy_trim,,,,,,,,,,,True,synthetic_ground_truth,True,0.0,0.0
tts2_en_US-libritts_r-medium_spk51_pos0#gt000,tts2_en_US-libritts_r-medium_spk51_pos0,data/positives/tts2_en_US-libritts_r-medium_spk51_pos0.wav,en_US-libritts_r-medium-spk51,en_US-libritts_r-medium,en_US-libritts_r-medium-spk51,train,synthetic_ground_truth,"tts_positive_whole_clip energy_trim(top_db=40.0) clip=[0,0.5921]",complete,ground_truth,,0.01,0.5887,0.0,0.592108843537415,synthetic_whole_clip_energy_trim,,,,,,,,,,,True,synthetic_ground_truth,True,0.0,0.0
tts2_en_US-libritts_r-medium_spk51_pos1#gt000,tts2_en_US-libritts_r-medium_spk51_pos1,data/positives/tts2_en_US-libritts_r-medium_spk51_pos1.wav,en_US-libritts_r-medium-spk51,en_US-libritts_r-medium,en_US-libritts_r-medium-spk51,train,synthetic_ground_truth,"tts_positive_whole_clip energy_trim(top_db=40.0) clip=[0,0.6618]",complete,ground_truth,,0.01,0.6585,0.0,0.6617687074829932,synthetic_whole_clip_energy_trim,,,,,,,,,,,True,synthetic_ground_truth,True,0.0,0.0
tts2_en_US-libritts_r-medium_spk525_pos0#gt000,tts2_en_US-libritts_r-medium_spk525_pos0,data/positives/tts2_en_US-libritts_r-medium_spk525_pos0.wav,en_US-libritts_r-medium-spk525,en_US-libritts_r-medium,en_US-libritts_r-medium-spk525,train,synthetic_ground_truth,"tts_positive_whole_clip energy_trim(top_db=40.0) clip=[0,0.6618]",complete,ground_truth,,0.01,0.6585,0.0,0.6617687074829932,synthetic_whole_clip_energy_trim,,,,,,,,,,,True,synthetic_ground_truth,True,0.0,0.0
tts2_en_US-libritts_r-medium_spk525_pos1#gt000,tts2_en_US-libritts_r-medium_spk525_pos1,data/positives/tts2_en_US-libritts_r-medium_spk525_pos1.wav,en_US-libritts_r-medium-spk525,en_US-libritts_r-medium,en_US-libritts_r-medium-spk525,train,synthetic_ground_truth,"tts_positive_whole_clip energy_trim(top_db=40.0) clip=[0,0.7314]",complete,ground_truth,,0.01,0.7283,0.0,0.7314285714285714,synthetic_whole_clip_energy_trim,,,,,,,,,,,True,synthetic_ground_truth,True,0.0,0.0
tts2_en_US-libritts_r-medium_spk52_pos0#gt000,tts2_en_US-libritts_r-medium_spk52_pos0,data/positives/tts2_en_US-libritts_r-medium_spk52_pos0.wav,en_US-libritts_r-medium-spk52,en_US-libritts_r-medium,en_US-libritts_r-medium-spk52,test,synthetic_ground_truth,"tts_positive_whole_clip energy_trim(top_db=40.0) clip=[0,0.6850]",complete,ground_truth,,0.0,0.6785,0.0,0.6849886621315193,synthetic_whole_clip_energy_trim,,,,,,,,,,,True,synthetic_ground_truth,True,0.0,0.0
tts2_en_US-libritts_r-medium_spk52_pos1#gt000,tts2_en_US-libritts_r-medium_spk52_pos1,data/positives/tts2_en_US-libritts_r-medium_spk52_pos1.wav,en_US-libritts_r-medium-spk52,en_US-libritts_r-medium,en_US-libritts_r-medium-spk52,test,synthetic_ground_truth,"tts_positive_whole_clip energy_trim(top_db=40.0) clip=[0,0.7082]",complete,ground_truth,,0.0,0.6984,0.0,0.7082086167800453,synthetic_whole_clip_energy_trim,,,,,,,,,,,True,synthetic_ground_truth,True,0.0,0.0
tts2_en_US-libritts_r-medium_spk530_pos0#gt000,tts2_en_US-libritts_r-medium_spk530_pos0,data/positives/tts2_en_US-libritts_r-medium_spk530_pos0.wav,en_US-libritts_r-medium-spk530,en_US-libritts_r-medium,en_US-libritts_r-medium-spk530,train,synthetic_ground_truth,"tts_positive_whole_clip energy_trim(top_db=40.0) clip=[0,0.9868]",complete,ground_truth,,0.0299,0.9778,0.0,0.9868480725623584,synthetic_whole_clip_energy_trim,,,,,,,,,,,True,synthetic_ground_truth,True,0.0,0.0
tts2_en_US-libritts_r-medium_spk530_pos1#gt000,tts2_en_US-libritts_r-medium_spk530_pos1,data/positives/tts2_en_US-libritts_r-medium_spk530_pos1.wav,en_US-libritts_r-medium-spk530,en_US-libritts_r-medium,en_US-libritts_r-medium-spk530,train,synthetic_ground_truth,"tts_positive_whole_clip energy_trim(top_db=40.0) clip=[0,1.1378]",complete,ground_truth,,0.01,1.1374,0.0,1.1377777777777778,synthetic_whole_clip_energy_trim,,,,,,,,,,,True,synthetic_ground_truth,True,0.0,0.0
tts2_en_US-libritts_r-medium_spk540_pos0#gt000,tts2_en_US-libritts_r-medium_spk540_pos0,data/positives/tts2_en_US-libritts_r-medium_spk540_pos0.wav,en_US-libritts_r-medium-spk540,en_US-libritts_r-medium,en_US-libritts_r-medium-spk540,train,synthetic_ground_truth,"tts_positive_whole_clip energy_trim(top_db=40.0) clip=[0,0.9404]",complete,ground_truth,,0.01,0.9379,0.0,0.940408163265306,synthetic_whole_clip_energy_trim,,,,,,,,,,,True,synthetic_ground_truth,True,0.0,0.0
tts2_en_US-libritts_r-medium_spk540_pos1#gt000,tts2_en_US-libritts_r-medium_spk540_pos1,data/positives/tts2_en_US-libritts_r-medium_spk540_pos1.wav,en_US-libritts_r-medium-spk540,en_US-libritts_r-medium,en_US-libritts_r-medium-spk540,train,synthetic_ground_truth,"tts_positive_whole_clip energy_trim(top_db=40.0) clip=[0,0.8359]",complete,ground_truth,,0.01,0.8181,0.0,0.8359183673469388,synthetic_whole_clip_energy_trim,,,,,,,,,,,True,synthetic_ground_truth,True,0.0,0.0
tts2_en_US-libritts_r-medium_spk541_pos1#gt000,tts2_en_US-libritts_r-medium_spk541_pos1,data/positives/tts2_en_US-libritts_r-medium_spk541_pos1.wav,en_US-libritts_r-medium-spk541,en_US-libritts_r-medium,en_US-libritts_r-medium-spk541,train,synthetic_ground_truth,"tts_positive_whole_clip energy_trim(top_db=40.0) clip=[0,0.6153]",complete,ground_truth,,0.01,0.6086,0.0,0.615328798185941,synthetic_whole_clip_energy_trim,,,,,,,,,,,True,synthetic_ground_truth,True,0.0,0.0
tts2_en_US-libritts_r-medium_spk546_pos0#gt000,tts2_en_US-libritts_r-medium_spk546_pos0,data/positives/tts2_en_US-libritts_r-medium_spk546_pos0.wav,en_US-libritts_r-medium-spk546,en_US-libritts_r-medium,en_US-libritts_r-medium-spk546,train,synthetic_ground_truth,"tts_positive_whole_clip energy_trim(top_db=40.0) clip=[0,0.6502]",complete,ground_truth,,0.02,0.6485,0.0,0.6501587301587302,synthetic_whole_clip_energy_trim,,,,,,,,,,,True,synthetic_ground_truth,True,0.0,0.0
tts2_en_US-libritts_r-medium_spk546_pos1#gt000,tts2_en_US-libritts_r-medium_spk546_pos1,data/positives/tts2_en_US-libritts_r-medium_spk546_pos1.wav,en_US-libritts_r-medium-spk546,en_US-libritts_r-medium,en_US-libritts_r-medium-spk546,train,synthetic_ground_truth,"tts_positive_whole_clip energy_trim(top_db=40.0) clip=[0,0.7198]",complete,ground_truth,,0.01,0.6984,0.0,0.7198185941043084,synthetic_whole_clip_energy_trim,,,,,,,,,,,True,synthetic_ground_truth,True,0.0,0.0
tts2_en_US-libritts_r-medium_spk548_pos0#gt000,tts2_en_US-libritts_r-medium_spk548_pos0,data/positives/tts2_en_US-libritts_r-medium_spk548_pos0.wav,en_US-libritts_r-medium-spk548,en_US-libritts_r-medium,en_US-libritts_r-medium-spk548,train,synthetic_ground_truth,"tts_positive_whole_clip energy_trim(top_db=40.0) clip=[0,0.7895]",complete,ground_truth,,0.01,0.7882,0.0,0.7894784580498866,synthetic_whole_clip_energy_trim,,,,,,,,,,,True,synthetic_ground_truth,True,0.0,0.0
tts2_en_US-libritts_r-medium_spk548_pos1#gt000,tts2_en_US-libritts_r-medium_spk548_pos1,data/positives/tts2_en_US-libritts_r-medium_spk548_pos1.wav,en_US-libritts_r-medium-spk548,en_US-libritts_r-medium,en_US-libritts_r-medium-spk548,train,synthetic_ground_truth,"tts_positive_whole_clip energy_trim(top_db=40.0) clip=[0,0.9985]",complete,ground_truth,,0.01,0.9977,0.0,0.9984580498866212,synthetic_whole_clip_energy_trim,,,,,,,,,,,True,synthetic_ground_truth,True,0.0,0.0
tts2_en_US-libritts_r-medium_spk552_pos1#gt000,tts2_en_US-libritts_r-medium_spk552_pos1,data/positives/tts2_en_US-libritts_r-medium_spk552_pos1.wav,en_US-libritts_r-medium-spk552,en_US-libritts_r-medium,en_US-libritts_r-medium-spk552,train,synthetic_ground_truth,"tts_positive_whole_clip energy_trim(top_db=40.0) clip=[0,0.6269]",complete,ground_truth,,0.01,0.6186,0.0,0.626938775510204,synthetic_whole_clip_energy_trim,,,,,,,,,,,True,synthetic_ground_truth,True,0.0,0.0
tts2_en_US-libritts_r-medium_spk554_pos0#gt000,tts2_en_US-libritts_r-medium_spk554_pos0,data/positives/tts2_en_US-libritts_r-medium_spk554_pos0.wav,en_US-libritts_r-medium-spk554,en_US-libritts_r-medium,en_US-libritts_r-medium-spk554,train,synthetic_ground_truth,"tts_positive_whole_clip energy_trim(top_db=40.0) clip=[0,0.6734]",complete,ground_truth,,0.01,0.6685,0.0,0.6733786848072563,synthetic_whole_clip_energy_trim,,,,,,,,,,,True,synthetic_ground_truth,True,0.0,0.0
tts2_en_US-libritts_r-medium_spk554_pos1#gt000,tts2_en_US-libritts_r-medium_spk554_pos1,data/positives/tts2_en_US-libritts_r-medium_spk554_pos1.wav,en_US-libritts_r-medium-spk554,en_US-libritts_r-medium,en_US-libritts_r-medium-spk554,train,synthetic_ground_truth,"tts_positive_whole_clip energy_trim(top_db=40.0) clip=[0,0.7314]",complete,ground_truth,,0.01,0.7283,0.0,0.7314285714285714,synthetic_whole_clip_energy_trim,,,,,,,,,,,True,synthetic_ground_truth,True,0.0,0.0
tts2_en_US-libritts_r-medium_spk556_pos0#gt000,tts2_en_US-libritts_r-medium_spk556_pos0,data/positives/tts2_en_US-libritts_r-medium_spk556_pos0.wav,en_US-libritts_r-medium-spk556,en_US-libritts_r-medium,en_US-libritts_r-medium-spk556,train,synthetic_ground_truth,"tts_positive_whole_clip energy_trim(top_db=40.0) clip=[0,0.7546]",complete,ground_truth,,0.01,0.7483,0.0,0.7546485260770975,synthetic_whole_clip_energy_trim,,,,,,,,,,,True,synthetic_ground_truth,True,0.0,0.0
tts2_en_US-libritts_r-medium_spk556_pos1#gt000,tts2_en_US-libritts_r-medium_spk556_pos1,data/positives/tts2_en_US-libritts_r-medium_spk556_pos1.wav,en_US-libritts_r-medium-spk556,en_US-libritts_r-medium,en_US-libritts_r-medium-spk556,train,synthetic_ground_truth,"tts_positive_whole_clip energy_trim(top_db=40.0) clip=[0,0.8127]",complete,ground_truth,,0.01,0.7982,0.0,0.8126984126984127,synthetic_whole_clip_energy_trim,,,,,,,,,,,True,synthetic_ground_truth,True,0.0,0.0
tts2_en_US-libritts_r-medium_spk557_pos0#gt000,tts2_en_US-libritts_r-medium_spk557_pos0,data/positives/tts2_en_US-libritts_r-medium_spk557_pos0.wav,en_US-libritts_r-medium-spk557,en_US-libritts_r-medium,en_US-libritts_r-medium-spk557,train,synthetic_ground_truth,"tts_positive_whole_clip energy_trim(top_db=40.0) clip=[0,0.6966]",complete,ground_truth,,0.01,0.6884,0.0,0.6965986394557823,synthetic_whole_clip_energy_trim,,,,,,,,,,,True,synthetic_ground_truth,True,0.0,0.0
tts2_en_US-libritts_r-medium_spk557_pos1#gt000,tts2_en_US-libritts_r-medium_spk557_pos1,data/positives/tts2_en_US-libritts_r-medium_spk557_pos1.wav,en_US-libritts_r-medium-spk557,en_US-libritts_r-medium,en_US-libritts_r-medium-spk557,train,synthetic_ground_truth,"tts_positive_whole_clip energy_trim(top_db=40.0) clip=[0,0.6153]",complete,ground_truth,,0.01,0.6086,0.0,0.615328798185941,synthetic_whole_clip_energy_trim,,,,,,,,,,,True,synthetic_ground_truth,True,0.0,0.0
tts2_en_US-libritts_r-medium_spk558_pos0#gt000,tts2_en_US-libritts_r-medium_spk558_pos0,data/positives/tts2_en_US-libritts_r-medium_spk558_pos0.wav,en_US-libritts_r-medium-spk558,en_US-libritts_r-medium,en_US-libritts_r-medium-spk558,validation,synthetic_ground_truth,"tts_positive_whole_clip energy_trim(top_db=40.0) clip=[0,1.0101]",complete,ground_truth,,0.01,1.0077,0.0,1.0100680272108844,synthetic_whole_clip_energy_trim,,,,,,,,,,,True,synthetic_ground_truth,True,0.0,0.0
tts2_en_US-libritts_r-medium_spk559_pos0#gt000,tts2_en_US-libritts_r-medium_spk559_pos0,data/positives/tts2_en_US-libritts_r-medium_spk559_pos0.wav,en_US-libritts_r-medium-spk559,en_US-libritts_r-medium,en_US-libritts_r-medium-spk559,train,synthetic_ground_truth,"tts_positive_whole_clip energy_trim(top_db=40.0) clip=[0,0.5805]",complete,ground_truth,,0.01,0.5787,0.0,0.5804988662131519,synthetic_whole_clip_energy_trim,,,,,,,,,,,True,synthetic_ground_truth,True,0.0,0.0
tts2_en_US-libritts_r-medium_spk559_pos1#gt000,tts2_en_US-libritts_r-medium_spk559_pos1,data/positives/tts2_en_US-libritts_r-medium_spk559_pos1.wav,en_US-libritts_r-medium-spk559,en_US-libritts_r-medium,en_US-libritts_r-medium-spk559,train,synthetic_ground_truth,"tts_positive_whole_clip energy_trim(top_db=40.0) clip=[0,0.8475]",complete,ground_truth,,0.01,0.8381,0.0,0.8475283446712019,synthetic_whole_clip_energy_trim,,,,,,,,,,,True,synthetic_ground_truth,True,0.0,0.0
tts2_en_US-libritts_r-medium_spk55_pos0#gt000,tts2_en_US-libritts_r-medium_spk55_pos0,data/positives/tts2_en_US-libritts_r-medium_spk55_pos0.wav,en_US-libritts_r-medium-spk55,en_US-libritts_r-medium,en_US-libritts_r-medium-spk55,train,synthetic_ground_truth,"tts_positive_whole_clip energy_trim(top_db=40.0) clip=[0,0.7082]",complete,ground_truth,,0.01,0.6984,0.0,0.7082086167800453,synthetic_whole_clip_energy_trim,,,,,,,,,,,True,synthetic_ground_truth,True,0.0,0.0
tts2_en_US-libritts_r-medium_spk55_pos1#gt000,tts2_en_US-libritts_r-medium_spk55_pos1,data/positives/tts2_en_US-libritts_r-medium_spk55_pos1.wav,en_US-libritts_r-medium-spk55,en_US-libritts_r-medium,en_US-libritts_r-medium-spk55,train,synthetic_ground_truth,"tts_positive_whole_clip energy_trim(top_db=40.0) clip=[0,0.8475]",complete,ground_truth,,0.01,0.8381,0.0,0.8475283446712019,synthetic_whole_clip_energy_trim,,,,,,,,,,,True,synthetic_ground_truth,True,0.0,0.0
tts2_en_US-libritts_r-medium_spk565_pos0#gt000,tts2_en_US-libritts_r-medium_spk565_pos0,data/positives/tts2_en_US-libritts_r-medium_spk565_pos0.wav,en_US-libritts_r-medium-spk565,en_US-libritts_r-medium,en_US-libritts_r-medium-spk565,train,synthetic_ground_truth,"tts_positive_whole_clip energy_trim(top_db=40.0) clip=[0,0.7314]",complete,ground_truth,,0.02,0.7184,0.0,0.7314285714285714,synthetic_whole_clip_energy_trim,,,,,,,,,,,True,synthetic_ground_truth,True,0.0,0.0
tts2_en_US-libritts_r-medium_spk565_pos1#gt000,tts2_en_US-libritts_r-medium_spk565_pos1,data/positives/tts2_en_US-libritts_r-medium_spk565_pos1.wav,en_US-libritts_r-medium-spk565,en_US-libritts_r-medium,en_US-libritts_r-medium-spk565,train,synthetic_ground_truth,"tts_positive_whole_clip energy_trim(top_db=40.0) clip=[0,0.7779]",complete,ground_truth,,0.02,0.7683,0.0,0.7778684807256235,synthetic_whole_clip_energy_trim,,,,,,,,,,,True,synthetic_ground_truth,True,0.0,0.0
tts2_en_US-libritts_r-medium_spk572_pos0#gt000,tts2_en_US-libritts_r-medium_spk572_pos0,data/positives/tts2_en_US-libritts_r-medium_spk572_pos0.wav,en_US-libritts_r-medium-spk572,en_US-libritts_r-medium,en_US-libritts_r-medium-spk572,train,synthetic_ground_truth,"tts_positive_whole_clip energy_trim(top_db=40.0) clip=[0,0.6618]",complete,ground_truth,,0.01,0.6585,0.0,0.6617687074829932,synthetic_whole_clip_energy_trim,,,,,,,,,,,True,synthetic_ground_truth,True,0.0,0.0
tts2_en_US-libritts_r-medium_spk572_pos1#gt000,tts2_en_US-libritts_r-medium_spk572_pos1,data/positives/tts2_en_US-libritts_r-medium_spk572_pos1.wav,en_US-libritts_r-medium-spk572,en_US-libritts_r-medium,en_US-libritts_r-medium-spk572,train,synthetic_ground_truth,"tts_positive_whole_clip energy_trim(top_db=40.0) clip=[0,0.8707]",complete,ground_truth,,0.0,0.868,0.0,0.8707482993197279,synthetic_whole_clip_energy_trim,,,,,,,,,,,True,synthetic_ground_truth,True,0.0,0.0
tts2_en_US-libritts_r-medium_spk578_pos0#gt000,tts2_en_US-libritts_r-medium_spk578_pos0,data/positives/tts2_en_US-libritts_r-medium_spk578_pos0.wav,en_US-libritts_r-medium-spk578,en_US-libritts_r-medium,en_US-libritts_r-medium-spk578,train,synthetic_ground_truth,"tts_positive_whole_clip energy_trim(top_db=40.0) clip=[0,0.9172]",complete,ground_truth,,0.01,0.9079,0.0,0.91718820861678,synthetic_whole_clip_energy_trim,,,,,,,,,,,True,synthetic_ground_truth,True,0.0,0.0
tts2_en_US-libritts_r-medium_spk578_pos1#gt000,tts2_en_US-libritts_r-medium_spk578_pos1,data/positives/tts2_en_US-libritts_r-medium_spk578_pos1.wav,en_US-libritts_r-medium-spk578,en_US-libritts_r-medium,en_US-libritts_r-medium-spk578,train,synthetic_ground_truth,"tts_positive_whole_clip energy_trim(top_db=40.0) clip=[0,0.6502]",complete,ground_truth,,0.01,0.6485,0.0,0.6501587301587302,synthetic_whole_clip_energy_trim,,,,,,,,,,,True,synthetic_ground_truth,True,0.0,0.0
tts2_en_US-libritts_r-medium_spk57_pos1#gt000,tts2_en_US-libritts_r-medium_spk57_pos1,data/positives/tts2_en_US-libritts_r-medium_spk57_pos1.wav,en_US-libritts_r-medium-spk57,en_US-libritts_r-medium,en_US-libritts_r-medium-spk57,validation,synthetic_ground_truth,"tts_positive_whole_clip energy_trim(top_db=40.0) clip=[0,1.2074]",complete,ground_truth,,0.01,1.2073,0.0,1.207437641723356,synthetic_whole_clip_energy_trim,,,,,,,,,,,True,synthetic_ground_truth,True,0.0,0.0
tts2_en_US-libritts_r-medium_spk581_pos0#gt000,tts2_en_US-libritts_r-medium_spk581_pos0,data/positives/tts2_en_US-libritts_r-medium_spk581_pos0.wav,en_US-libritts_r-medium-spk581,en_US-libritts_r-medium,en_US-libritts_r-medium-spk581,train,synthetic_ground_truth,"tts_positive_whole_clip energy_trim(top_db=40.0) clip=[0,0.9404]",complete,ground_truth,,0.01,0.9379,0.0,0.940408163265306,synthetic_whole_clip_energy_trim,,,,,,,,,,,True,synthetic_ground_truth,True,0.0,0.0
tts2_en_US-libritts_r-medium_spk581_pos1#gt000,tts2_en_US-libritts_r-medium_spk581_pos1,data/positives/tts2_en_US-libritts_r-medium_spk581_pos1.wav,en_US-libritts_r-medium-spk581,en_US-libritts_r-medium,en_US-libritts_r-medium-spk581,train,synthetic_ground_truth,"tts_positive_whole_clip energy_trim(top_db=40.0) clip=[0,0.8127]",complete,ground_truth,,0.01,0.8082,0.0,0.8126984126984127,synthetic_whole_clip_energy_trim,,,,,,,,,,,True,synthetic_ground_truth,True,0.0,0.0
tts2_en_US-libritts_r-medium_spk598_pos0#gt000,tts2_en_US-libritts_r-medium_spk598_pos0,data/positives/tts2_en_US-libritts_r-medium_spk598_pos0.wav,en_US-libritts_r-medium-spk598,en_US-libritts_r-medium,en_US-libritts_r-medium-spk598,train,synthetic_ground_truth,"tts_positive_whole_clip energy_trim(top_db=40.0) clip=[0,0.8011]",complete,ground_truth,,0.01,0.7882,0.0,0.8010884353741496,synthetic_whole_clip_energy_trim,,,,,,,,,,,True,synthetic_ground_truth,True,0.0,0.0
tts2_en_US-libritts_r-medium_spk598_pos1#gt000,tts2_en_US-libritts_r-medium_spk598_pos1,data/positives/tts2_en_US-libritts_r-medium_spk598_pos1.wav,en_US-libritts_r-medium-spk598,en_US-libritts_r-medium,en_US-libritts_r-medium-spk598,train,synthetic_ground_truth,"tts_positive_whole_clip energy_trim(top_db=40.0) clip=[0,0.9520]",complete,ground_truth,,0.0,0.9478,0.0,0.9520181405895692,synthetic_whole_clip_energy_trim,,,,,,,,,,,True,synthetic_ground_truth,True,0.0,0.0
tts2_en_US-libritts_r-medium_spk599_pos1#gt000,tts2_en_US-libritts_r-medium_spk599_pos1,data/positives/tts2_en_US-libritts_r-medium_spk599_pos1.wav,en_US-libritts_r-medium-spk599,en_US-libritts_r-medium,en_US-libritts_r-medium-spk599,train,synthetic_ground_truth,"tts_positive_whole_clip energy_trim(top_db=40.0) clip=[0,0.8011]",complete,ground_truth,,0.01,0.7982,0.0,0.8010884353741496,synthetic_whole_clip_energy_trim,,,,,,,,,,,True,synthetic_ground_truth,True,0.0,0.0
tts2_en_US-libritts_r-medium_spk5_pos0#gt000,tts2_en_US-libritts_r-medium_spk5_pos0,data/positives/tts2_en_US-libritts_r-medium_spk5_pos0.wav,en_US-libritts_r-medium-spk5,en_US-libritts_r-medium,en_US-libritts_r-medium-spk5,validation,synthetic_ground_truth,"tts_positive_whole_clip energy_trim(top_db=40.0) clip=[0,0.8127]",complete,ground_truth,,0.01,0.8082,0.0,0.8126984126984127,synthetic_whole_clip_energy_trim,,,,,,,,,,,True,synthetic_ground_truth,True,0.0,0.0
tts2_en_US-libritts_r-medium_spk5_pos1#gt000,tts2_en_US-libritts_r-medium_spk5_pos1,data/positives/tts2_en_US-libritts_r-medium_spk5_pos1.wav,en_US-libritts_r-medium-spk5,en_US-libritts_r-medium,en_US-libritts_r-medium-spk5,validation,synthetic_ground_truth,"tts_positive_whole_clip energy_trim(top_db=40.0) clip=[0,0.7430]",complete,ground_truth,,0.01,0.7383,0.0,0.7430385487528345,synthetic_whole_clip_energy_trim,,,,,,,,,,,True,synthetic_ground_truth,True,0.0,0.0
tts2_en_US-libritts_r-medium_spk601_pos0#gt000,tts2_en_US-libritts_r-medium_spk601_pos0,data/positives/tts2_en_US-libritts_r-medium_spk601_pos0.wav,en_US-libritts_r-medium-spk601,en_US-libritts_r-medium,en_US-libritts_r-medium-spk601,train,synthetic_ground_truth,"tts_positive_whole_clip energy_trim(top_db=40.0) clip=[0,0.8243]",complete,ground_truth,,0.01,0.8181,0.0,0.8243083900226758,synthetic_whole_clip_energy_trim,,,,,,,,,,,True,synthetic_ground_truth,True,0.0,0.0
tts2_en_US-libritts_r-medium_spk601_pos1#gt000,tts2_en_US-libritts_r-medium_spk601_pos1,data/positives/tts2_en_US-libritts_r-medium_spk601_pos1.wav,en_US-libritts_r-medium-spk601,en_US-libritts_r-medium,en_US-libritts_r-medium-spk601,train,synthetic_ground_truth,"tts_positive_whole_clip energy_trim(top_db=40.0) clip=[0,0.8824]",complete,ground_truth,,0.01,0.878,0.0,0.8823582766439909,synthetic_whole_clip_energy_trim,,,,,,,,,,,True,synthetic_ground_truth,True,0.0,0.0
tts2_en_US-libritts_r-medium_spk605_pos0#gt000,tts2_en_US-libritts_r-medium_spk605_pos0,data/positives/tts2_en_US-libritts_r-medium_spk605_pos0.wav,en_US-libritts_r-medium-spk605,en_US-libritts_r-medium,en_US-libritts_r-medium-spk605,train,synthetic_ground_truth,"tts_positive_whole_clip energy_trim(top_db=40.0) clip=[0,0.8359]",complete,ground_truth,,0.01,0.8281,0.0,0.8359183673469388,synthetic_whole_clip_energy_trim,,,,,,,,,,,True,synthetic_ground_truth,True,0.0,0.0
tts2_en_US-libritts_r-medium_spk605_pos1#gt000,tts2_en_US-libritts_r-medium_spk605_pos1,data/positives/tts2_en_US-libritts_r-medium_spk605_pos1.wav,en_US-libritts_r-medium-spk605,en_US-libritts_r-medium,en_US-libritts_r-medium-spk605,train,synthetic_ground_truth,"tts_positive_whole_clip energy_trim(top_db=40.0) clip=[0,0.7779]",complete,ground_truth,,0.01,0.7683,0.0,0.7778684807256235,synthetic_whole_clip_energy_trim,,,,,,,,,,,True,synthetic_ground_truth,True,0.0,0.0
tts2_en_US-libritts_r-medium_spk606_pos0#gt000,tts2_en_US-libritts_r-medium_spk606_pos0,data/positives/tts2_en_US-libritts_r-medium_spk606_pos0.wav,en_US-libritts_r-medium-spk606,en_US-libritts_r-medium,en_US-libritts_r-medium-spk606,train,synthetic_ground_truth,"tts_positive_whole_clip energy_trim(top_db=40.0) clip=[0,0.8011]",complete,ground_truth,,0.01,0.7982,0.0,0.8010884353741496,synthetic_whole_clip_energy_trim,,,,,,,,,,,True,synthetic_ground_truth,True,0.0,0.0
tts2_en_US-libritts_r-medium_spk606_pos1#gt000,tts2_en_US-libritts_r-medium_spk606_pos1,data/positives/tts2_en_US-libritts_r-medium_spk606_pos1.wav,en_US-libritts_r-medium-spk606,en_US-libritts_r-medium,en_US-libritts_r-medium-spk606,train,synthetic_ground_truth,"tts_positive_whole_clip energy_trim(top_db=40.0) clip=[0,0.8707]",complete,ground_truth,,0.01,0.868,0.0,0.8707482993197279,synthetic_whole_clip_energy_trim,,,,,,,,,,,True,synthetic_ground_truth,True,0.0,0.0
tts2_en_US-libritts_r-medium_spk607_pos0#gt000,tts2_en_US-libritts_r-medium_spk607_pos0,data/positives/tts2_en_US-libritts_r-medium_spk607_pos0.wav,en_US-libritts_r-medium-spk607,en_US-libritts_r-medium,en_US-libritts_r-medium-spk607,train,synthetic_ground_truth,"tts_positive_whole_clip energy_trim(top_db=40.0) clip=[0,0.7895]",complete,ground_truth,,0.01,0.7882,0.0,0.7894784580498866,synthetic_whole_clip_energy_trim,,,,,,,,,,,True,synthetic_ground_truth,True,0.0,0.0
tts2_en_US-libritts_r-medium_spk607_pos1#gt000,tts2_en_US-libritts_r-medium_spk607_pos1,data/positives/tts2_en_US-libritts_r-medium_spk607_pos1.wav,en_US-libritts_r-medium-spk607,en_US-libritts_r-medium,en_US-libritts_r-medium-spk607,train,synthetic_ground_truth,"tts_positive_whole_clip energy_trim(top_db=40.0) clip=[0,0.7314]",complete,ground_truth,,0.01,0.7283,0.0,0.7314285714285714,synthetic_whole_clip_energy_trim,,,,,,,,,,,True,synthetic_ground_truth,True,0.0,0.0
tts2_en_US-libritts_r-medium_spk612_pos0#gt000,tts2_en_US-libritts_r-medium_spk612_pos0,data/positives/tts2_en_US-libritts_r-medium_spk612_pos0.wav,en_US-libritts_r-medium-spk612,en_US-libritts_r-medium,en_US-libritts_r-medium-spk612,train,synthetic_ground_truth,"tts_positive_whole_clip energy_trim(top_db=40.0) clip=[0,0.7314]",complete,ground_truth,,0.01,0.7283,0.0,0.7314285714285714,synthetic_whole_clip_energy_trim,,,,,,,,,,,True,synthetic_ground_truth,True,0.0,0.0
tts2_en_US-libritts_r-medium_spk612_pos1#gt000,tts2_en_US-libritts_r-medium_spk612_pos1,data/positives/tts2_en_US-libritts_r-medium_spk612_pos1.wav,en_US-libritts_r-medium-spk612,en_US-libritts_r-medium,en_US-libritts_r-medium-spk612,train,synthetic_ground_truth,"tts_positive_whole_clip energy_trim(top_db=40.0) clip=[0,0.6502]",complete,ground_truth,,0.0,0.6485,0.0,0.6501587301587302,synthetic_whole_clip_energy_trim,,,,,,,,,,,True,synthetic_ground_truth,True,0.0,0.0
tts2_en_US-libritts_r-medium_spk619_pos0#gt000,tts2_en_US-libritts_r-medium_spk619_pos0,data/positives/tts2_en_US-libritts_r-medium_spk619_pos0.wav,en_US-libritts_r-medium-spk619,en_US-libritts_r-medium,en_US-libritts_r-medium-spk619,train,synthetic_ground_truth,"tts_positive_whole_clip energy_trim(top_db=40.0) clip=[0,0.8243]",complete,ground_truth,,0.01,0.8181,0.0,0.8243083900226758,synthetic_whole_clip_energy_trim,,,,,,,,,,,True,synthetic_ground_truth,True,0.0,0.0
tts2_en_US-libritts_r-medium_spk619_pos1#gt000,tts2_en_US-libritts_r-medium_spk619_pos1,data/positives/tts2_en_US-libritts_r-medium_spk619_pos1.wav,en_US-libritts_r-medium-spk619,en_US-libritts_r-medium,en_US-libritts_r-medium-spk619,train,synthetic_ground_truth,"tts_positive_whole_clip energy_trim(top_db=40.0) clip=[0,0.7546]",complete,ground_truth,,0.01,0.7483,0.0,0.7546485260770975,synthetic_whole_clip_energy_trim,,,,,,,,,,,True,synthetic_ground_truth,True,0.0,0.0
tts2_en_US-libritts_r-medium_spk624_pos0#gt000,tts2_en_US-libritts_r-medium_spk624_pos0,data/positives/tts2_en_US-libritts_r-medium_spk624_pos0.wav,en_US-libritts_r-medium-spk624,en_US-libritts_r-medium,en_US-libritts_r-medium-spk624,train,synthetic_ground_truth,"tts_positive_whole_clip energy_trim(top_db=40.0) clip=[0,0.7430]",complete,ground_truth,,0.01,0.7383,0.0,0.7430385487528345,synthetic_whole_clip_energy_trim,,,,,,,,,,,True,synthetic_ground_truth,True,0.0,0.0
tts2_en_US-libritts_r-medium_spk624_pos1#gt000,tts2_en_US-libritts_r-medium_spk624_pos1,data/positives/tts2_en_US-libritts_r-medium_spk624_pos1.wav,en_US-libritts_r-medium-spk624,en_US-libritts_r-medium,en_US-libritts_r-medium-spk624,train,synthetic_ground_truth,"tts_positive_whole_clip energy_trim(top_db=40.0) clip=[0,0.7895]",complete,ground_truth,,0.01,0.7882,0.0,0.7894784580498866,synthetic_whole_clip_energy_trim,,,,,,,,,,,True,synthetic_ground_truth,True,0.0,0.0
tts2_en_US-libritts_r-medium_spk62_pos0#gt000,tts2_en_US-libritts_r-medium_spk62_pos0,data/positives/tts2_en_US-libritts_r-medium_spk62_pos0.wav,en_US-libritts_r-medium-spk62,en_US-libritts_r-medium,en_US-libritts_r-medium-spk62,test,synthetic_ground_truth,"tts_positive_whole_clip energy_trim(top_db=40.0) clip=[0,0.7314]",complete,ground_truth,,0.01,0.7283,0.0,0.7314285714285714,synthetic_whole_clip_energy_trim,,,,,,,,,,,True,synthetic_ground_truth,True,0.0,0.0
tts2_en_US-libritts_r-medium_spk636_pos0#gt000,tts2_en_US-libritts_r-medium_spk636_pos0,data/positives/tts2_en_US-libritts_r-medium_spk636_pos0.wav,en_US-libritts_r-medium-spk636,en_US-libritts_r-medium,en_US-libritts_r-medium-spk636,test,synthetic_ground_truth,"tts_positive_whole_clip energy_trim(top_db=40.0) clip=[0,0.5457]",complete,ground_truth,,0.01,0.5388,0.0,0.5456689342403628,synthetic_whole_clip_energy_trim,,,,,,,,,,,True,synthetic_ground_truth,True,0.0,0.0
tts2_en_US-libritts_r-medium_spk636_pos1#gt000,tts2_en_US-libritts_r-medium_spk636_pos1,data/positives/tts2_en_US-libritts_r-medium_spk636_pos1.wav,en_US-libritts_r-medium-spk636,en_US-libritts_r-medium,en_US-libritts_r-medium-spk636,test,synthetic_ground_truth,"tts_positive_whole_clip energy_trim(top_db=40.0) clip=[0,0.8359]",complete,ground_truth,,0.0,0.8281,0.0,0.8359183673469388,synthetic_whole_clip_energy_trim,,,,,,,,,,,True,synthetic_ground_truth,True,0.0,0.0
tts2_en_US-libritts_r-medium_spk639_pos0#gt000,tts2_en_US-libritts_r-medium_spk639_pos0,data/positives/tts2_en_US-libritts_r-medium_spk639_pos0.wav,en_US-libritts_r-medium-spk639,en_US-libritts_r-medium,en_US-libritts_r-medium-spk639,train,synthetic_ground_truth,"tts_positive_whole_clip energy_trim(top_db=40.0) clip=[0,0.8707]",complete,ground_truth,,0.02,0.868,0.0,0.8707482993197279,synthetic_whole_clip_energy_trim,,,,,,,,,,,True,synthetic_ground_truth,True,0.0,0.0
tts2_en_US-libritts_r-medium_spk63_pos0#gt000,tts2_en_US-libritts_r-medium_spk63_pos0,data/positives/tts2_en_US-libritts_r-medium_spk63_pos0.wav,en_US-libritts_r-medium-spk63,en_US-libritts_r-medium,en_US-libritts_r-medium-spk63,train,synthetic_ground_truth,"tts_positive_whole_clip energy_trim(top_db=40.0) clip=[0,0.7895]",complete,ground_truth,,0.01,0.7882,0.0,0.7894784580498866,synthetic_whole_clip_energy_trim,,,,,,,,,,,True,synthetic_ground_truth,True,0.0,0.0
tts2_en_US-libritts_r-medium_spk63_pos1#gt000,tts2_en_US-libritts_r-medium_spk63_pos1,data/positives/tts2_en_US-libritts_r-medium_spk63_pos1.wav,en_US-libritts_r-medium-spk63,en_US-libritts_r-medium,en_US-libritts_r-medium-spk63,train,synthetic_ground_truth,"tts_positive_whole_clip energy_trim(top_db=40.0) clip=[0,0.8707]",complete,ground_truth,,0.01,0.868,0.0,0.8707482993197279,synthetic_whole_clip_energy_trim,,,,,,,,,,,True,synthetic_ground_truth,True,0.0,0.0
tts2_en_US-libritts_r-medium_spk642_pos0#gt000,tts2_en_US-libritts_r-medium_spk642_pos0,data/positives/tts2_en_US-libritts_r-medium_spk642_pos0.wav,en_US-libritts_r-medium-spk642,en_US-libritts_r-medium,en_US-libritts_r-medium-spk642,validation,synthetic_ground_truth,"tts_positive_whole_clip energy_trim(top_db=40.0) clip=[0,0.6850]",complete,ground_truth,,0.0,0.6785,0.0,0.6849886621315193,synthetic_whole_clip_energy_trim,,,,,,,,,,,True,synthetic_ground_truth,True,0.0,0.0
tts2_en_US-libritts_r-medium_spk642_pos1#gt000,tts2_en_US-libritts_r-medium_spk642_pos1,data/positives/tts2_en_US-libritts_r-medium_spk642_pos1.wav,en_US-libritts_r-medium-spk642,en_US-libritts_r-medium,en_US-libritts_r-medium-spk642,validation,synthetic_ground_truth,"tts_positive_whole_clip energy_trim(top_db=40.0) clip=[0,0.8011]",complete,ground_truth,,0.01,0.7982,0.0,0.8010884353741496,synthetic_whole_clip_energy_trim,,,,,,,,,,,True,synthetic_ground_truth,True,0.0,0.0
tts2_en_US-libritts_r-medium_spk648_pos0#gt000,tts2_en_US-libritts_r-medium_spk648_pos0,data/positives/tts2_en_US-libritts_r-medium_spk648_pos0.wav,en_US-libritts_r-medium-spk648,en_US-libritts_r-medium,en_US-libritts_r-medium-spk648,test,synthetic_ground_truth,"tts_positive_whole_clip energy_trim(top_db=40.0) clip=[0,1.4629]",complete,ground_truth,,0.01,1.4567,0.0,1.4628571428571429,synthetic_whole_clip_energy_trim,,,,,,,,,,,True,synthetic_ground_truth,True,0.0,0.0
tts2_en_US-libritts_r-medium_spk64_pos1#gt000,tts2_en_US-libritts_r-medium_spk64_pos1,data/positives/tts2_en_US-libritts_r-medium_spk64_pos1.wav,en_US-libritts_r-medium-spk64,en_US-libritts_r-medium,en_US-libritts_r-medium-spk64,test,synthetic_ground_truth,"tts_positive_whole_clip energy_trim(top_db=40.0) clip=[0,0.6618]",complete,ground_truth,,0.01,0.6585,0.0,0.6617687074829932,synthetic_whole_clip_energy_trim,,,,,,,,,,,True,synthetic_ground_truth,True,0.0,0.0
tts2_en_US-libritts_r-medium_spk656_pos0#gt000,tts2_en_US-libritts_r-medium_spk656_pos0,data/positives/tts2_en_US-libritts_r-medium_spk656_pos0.wav,en_US-libritts_r-medium-spk656,en_US-libritts_r-medium,en_US-libritts_r-medium-spk656,train,synthetic_ground_truth,"tts_positive_whole_clip energy_trim(top_db=40.0) clip=[0,0.9172]",complete,ground_truth,,0.01,0.9079,0.0,0.91718820861678,synthetic_whole_clip_energy_trim,,,,,,,,,,,True,synthetic_ground_truth,True,0.0,0.0
tts2_en_US-libritts_r-medium_spk656_pos1#gt000,tts2_en_US-libritts_r-medium_spk656_pos1,data/positives/tts2_en_US-libritts_r-medium_spk656_pos1.wav,en_US-libritts_r-medium-spk656,en_US-libritts_r-medium,en_US-libritts_r-medium-spk656,train,synthetic_ground_truth,"tts_positive_whole_clip energy_trim(top_db=40.0) clip=[0,0.6734]",complete,ground_truth,,0.01,0.6685,0.0,0.6733786848072563,synthetic_whole_clip_energy_trim,,,,,,,,,,,True,synthetic_ground_truth,True,0.0,0.0
tts2_en_US-libritts_r-medium_spk658_pos0#gt000,tts2_en_US-libritts_r-medium_spk658_pos0,data/positives/tts2_en_US-libritts_r-medium_spk658_pos0.wav,en_US-libritts_r-medium-spk658,en_US-libritts_r-medium,en_US-libritts_r-medium-spk658,test,synthetic_ground_truth,"tts_positive_whole_clip energy_trim(top_db=40.0) clip=[0,0.7779]",complete,ground_truth,,0.0,0.7683,0.0,0.7778684807256235,synthetic_whole_clip_energy_trim,,,,,,,,,,,True,synthetic_ground_truth,True,0.0,0.0
tts2_en_US-libritts_r-medium_spk658_pos1#gt000,tts2_en_US-libritts_r-medium_spk658_pos1,data/positives/tts2_en_US-libritts_r-medium_spk658_pos1.wav,en_US-libritts_r-medium-spk658,en_US-libritts_r-medium,en_US-libritts_r-medium-spk658,test,synthetic_ground_truth,"tts_positive_whole_clip energy_trim(top_db=40.0) clip=[0,0.7546]",complete,ground_truth,,0.0,0.7483,0.0,0.7546485260770975,synthetic_whole_clip_energy_trim,,,,,,,,,,,True,synthetic_ground_truth,True,0.0,0.0
tts2_en_US-libritts_r-medium_spk666_pos0#gt000,tts2_en_US-libritts_r-medium_spk666_pos0,data/positives/tts2_en_US-libritts_r-medium_spk666_pos0.wav,en_US-libritts_r-medium-spk666,en_US-libritts_r-medium,en_US-libritts_r-medium-spk666,train,synthetic_ground_truth,"tts_positive_whole_clip energy_trim(top_db=40.0) clip=[0,0.7430]",complete,ground_truth,,0.0,0.7383,0.0,0.7430385487528345,synthetic_whole_clip_energy_trim,,,,,,,,,,,True,synthetic_ground_truth,True,0.0,0.0
tts2_en_US-libritts_r-medium_spk666_pos1#gt000,tts2_en_US-libritts_r-medium_spk666_pos1,data/positives/tts2_en_US-libritts_r-medium_spk666_pos1.wav,en_US-libritts_r-medium-spk666,en_US-libritts_r-medium,en_US-libritts_r-medium-spk666,train,synthetic_ground_truth,"tts_positive_whole_clip energy_trim(top_db=40.0) clip=[0,0.7895]",complete,ground_truth,,0.01,0.7882,0.0,0.7894784580498866,synthetic_whole_clip_energy_trim,,,,,,,,,,,True,synthetic_ground_truth,True,0.0,0.0
tts2_en_US-libritts_r-medium_spk672_pos0#gt000,tts2_en_US-libritts_r-medium_spk672_pos0,data/positives/tts2_en_US-libritts_r-medium_spk672_pos0.wav,en_US-libritts_r-medium-spk672,en_US-libritts_r-medium,en_US-libritts_r-medium-spk672,train,synthetic_ground_truth,"tts_positive_whole_clip energy_trim(top_db=40.0) clip=[0,0.6618]",complete,ground_truth,,0.01,0.6585,0.0,0.6617687074829932,synthetic_whole_clip_energy_trim,,,,,,,,,,,True,synthetic_ground_truth,True,0.0,0.0
tts2_en_US-libritts_r-medium_spk672_pos1#gt000,tts2_en_US-libritts_r-medium_spk672_pos1,data/positives/tts2_en_US-libritts_r-medium_spk672_pos1.wav,en_US-libritts_r-medium-spk672,en_US-libritts_r-medium,en_US-libritts_r-medium-spk672,train,synthetic_ground_truth,"tts_positive_whole_clip energy_trim(top_db=40.0) clip=[0,0.8591]",complete,ground_truth,,0.01,0.858,0.0,0.8591383219954648,synthetic_whole_clip_energy_trim,,,,,,,,,,,True,synthetic_ground_truth,True,0.0,0.0
tts2_en_US-libritts_r-medium_spk675_pos0#gt000,tts2_en_US-libritts_r-medium_spk675_pos0,data/positives/tts2_en_US-libritts_r-medium_spk675_pos0.wav,en_US-libritts_r-medium-spk675,en_US-libritts_r-medium,en_US-libritts_r-medium-spk675,validation,synthetic_ground_truth,"tts_positive_whole_clip energy_trim(top_db=40.0) clip=[0,0.6966]",complete,ground_truth,,0.0299,0.6884,0.0,0.6965986394557823,synthetic_whole_clip_energy_trim,,,,,,,,,,,True,synthetic_ground_truth,True,0.0,0.0
tts2_en_US-libritts_r-medium_spk675_pos1#gt000,tts2_en_US-libritts_r-medium_spk675_pos1,data/positives/tts2_en_US-libritts_r-medium_spk675_pos1.wav,en_US-libritts_r-medium-spk675,en_US-libritts_r-medium,en_US-libritts_r-medium-spk675,validation,synthetic_ground_truth,"tts_positive_whole_clip energy_trim(top_db=40.0) clip=[0,0.7198]",complete,ground_truth,,0.01,0.7184,0.0,0.7198185941043084,synthetic_whole_clip_energy_trim,,,,,,,,,,,True,synthetic_ground_truth,True,0.0,0.0
tts2_en_US-libritts_r-medium_spk677_pos0#gt000,tts2_en_US-libritts_r-medium_spk677_pos0,data/positives/tts2_en_US-libritts_r-medium_spk677_pos0.wav,en_US-libritts_r-medium-spk677,en_US-libritts_r-medium,en_US-libritts_r-medium-spk677,train,synthetic_ground_truth,"tts_positive_whole_clip energy_trim(top_db=40.0) clip=[0,1.4048]",complete,ground_truth,,0.01,1.3968,0.0,1.4048072562358276,synthetic_whole_clip_energy_trim,,,,,,,,,,,True,synthetic_ground_truth,True,0.0,0.0
tts2_en_US-libritts_r-medium_spk677_pos1#gt000,tts2_en_US-libritts_r-medium_spk677_pos1,data/positives/tts2_en_US-libritts_r-medium_spk677_pos1.wav,en_US-libritts_r-medium-spk677,en_US-libritts_r-medium,en_US-libritts_r-medium-spk677,train,synthetic_ground_truth,"tts_positive_whole_clip energy_trim(top_db=40.0) clip=[0,0.5689]",complete,ground_truth,,0.01,0.5687,0.0,0.5688888888888889,synthetic_whole_clip_energy_trim,,,,,,,,,,,True,synthetic_ground_truth,True,0.0,0.0
tts2_en_US-libritts_r-medium_spk678_pos0#gt000,tts2_en_US-libritts_r-medium_spk678_pos0,data/positives/tts2_en_US-libritts_r-medium_spk678_pos0.wav,en_US-libritts_r-medium-spk678,en_US-libritts_r-medium,en_US-libritts_r-medium-spk678,train,synthetic_ground_truth,"tts_positive_whole_clip energy_trim(top_db=40.0) clip=[0,0.9056]",complete,ground_truth,,0.01,0.898,0.0,0.905578231292517,synthetic_whole_clip_energy_trim,,,,,,,,,,,True,synthetic_ground_truth,True,0.0,0.0
tts2_en_US-libritts_r-medium_spk678_pos1#gt000,tts2_en_US-libritts_r-medium_spk678_pos1,data/positives/tts2_en_US-libritts_r-medium_spk678_pos1.wav,en_US-libritts_r-medium-spk678,en_US-libritts_r-medium,en_US-libritts_r-medium-spk678,train,synthetic_ground_truth,"tts_positive_whole_clip energy_trim(top_db=40.0) clip=[0,0.8359]",complete,ground_truth,,0.0299,0.8281,0.0,0.8359183673469388,synthetic_whole_clip_energy_trim,,,,,,,,,,,True,synthetic_ground_truth,True,0.0,0.0
tts2_en_US-libritts_r-medium_spk681_pos0#gt000,tts2_en_US-libritts_r-medium_spk681_pos0,data/positives/tts2_en_US-libritts_r-medium_spk681_pos0.wav,en_US-libritts_r-medium-spk681,en_US-libritts_r-medium,en_US-libritts_r-medium-spk681,train,synthetic_ground_truth,"tts_positive_whole_clip energy_trim(top_db=40.0) clip=[0,1.0101]",complete,ground_truth,,0.01,1.0077,0.0,1.0100680272108844,synthetic_whole_clip_energy_trim,,,,,,,,,,,True,synthetic_ground_truth,True,0.0,0.0
tts2_en_US-libritts_r-medium_spk681_pos1#gt000,tts2_en_US-libritts_r-medium_spk681_pos1,data/positives/tts2_en_US-libritts_r-medium_spk681_pos1.wav,en_US-libritts_r-medium-spk681,en_US-libritts_r-medium,en_US-libritts_r-medium-spk681,train,synthetic_ground_truth,"tts_positive_whole_clip energy_trim(top_db=40.0) clip=[0,0.8707]",complete,ground_truth,,0.0,0.868,0.0,0.8707482993197279,synthetic_whole_clip_energy_trim,,,,,,,,,,,True,synthetic_ground_truth,True,0.0,0.0
tts2_en_US-libritts_r-medium_spk685_pos0#gt000,tts2_en_US-libritts_r-medium_spk685_pos0,data/positives/tts2_en_US-libritts_r-medium_spk685_pos0.wav,en_US-libritts_r-medium-spk685,en_US-libritts_r-medium,en_US-libritts_r-medium-spk685,train,synthetic_ground_truth,"tts_positive_whole_clip energy_trim(top_db=40.0) clip=[0,0.8475]",complete,ground_truth,,0.01,0.8381,0.0,0.8475283446712019,synthetic_whole_clip_energy_trim,,,,,,,,,,,True,synthetic_ground_truth,True,0.0,0.0
tts2_en_US-libritts_r-medium_spk685_pos1#gt000,tts2_en_US-libritts_r-medium_spk685_pos1,data/positives/tts2_en_US-libritts_r-medium_spk685_pos1.wav,en_US-libritts_r-medium-spk685,en_US-libritts_r-medium,en_US-libritts_r-medium-spk685,train,synthetic_ground_truth,"tts_positive_whole_clip energy_trim(top_db=40.0) clip=[0,1.0913]",complete,ground_truth,,0.01,1.0875,0.0,1.0913378684807256,synthetic_whole_clip_energy_trim,,,,,,,,,,,True,synthetic_ground_truth,True,0.0,0.0
tts2_en_US-libritts_r-medium_spk686_pos0#gt000,tts2_en_US-libritts_r-medium_spk686_pos0,data/positives/tts2_en_US-libritts_r-medium_spk686_pos0.wav,en_US-libritts_r-medium-spk686,en_US-libritts_r-medium,en_US-libritts_r-medium-spk686,test,synthetic_ground_truth,"tts_positive_whole_clip energy_trim(top_db=40.0) clip=[0,0.7546]",complete,ground_truth,,0.01,0.7483,0.0,0.7546485260770975,synthetic_whole_clip_energy_trim,,,,,,,,,,,True,synthetic_ground_truth,True,0.0,0.0
tts2_en_US-libritts_r-medium_spk686_pos1#gt000,tts2_en_US-libritts_r-medium_spk686_pos1,data/positives/tts2_en_US-libritts_r-medium_spk686_pos1.wav,en_US-libritts_r-medium-spk686,en_US-libritts_r-medium,en_US-libritts_r-medium-spk686,test,synthetic_ground_truth,"tts_positive_whole_clip energy_trim(top_db=40.0) clip=[0,0.6153]",complete,ground_truth,,0.01,0.6086,0.0,0.615328798185941,synthetic_whole_clip_energy_trim,,,,,,,,,,,True,synthetic_ground_truth,True,0.0,0.0
tts2_en_US-libritts_r-medium_spk694_pos0#gt000,tts2_en_US-libritts_r-medium_spk694_pos0,data/positives/tts2_en_US-libritts_r-medium_spk694_pos0.wav,en_US-libritts_r-medium-spk694,en_US-libritts_r-medium,en_US-libritts_r-medium-spk694,validation,synthetic_ground_truth,"tts_positive_whole_clip energy_trim(top_db=40.0) clip=[0,0.9404]",complete,ground_truth,,0.01,0.9379,0.0,0.940408163265306,synthetic_whole_clip_energy_trim,,,,,,,,,,,True,synthetic_ground_truth,True,0.0,0.0
tts2_en_US-libritts_r-medium_spk69_pos1#gt000,tts2_en_US-libritts_r-medium_spk69_pos1,data/positives/tts2_en_US-libritts_r-medium_spk69_pos1.wav,en_US-libritts_r-medium-spk69,en_US-libritts_r-medium,en_US-libritts_r-medium-spk69,train,synthetic_ground_truth,"tts_positive_whole_clip energy_trim(top_db=40.0) clip=[0,1.1610]",complete,ground_truth,,0.01,1.1474,0.0,1.160997732426304,synthetic_whole_clip_energy_trim,,,,,,,,,,,True,synthetic_ground_truth,True,0.0,0.0
tts2_en_US-libritts_r-medium_spk704_pos1#gt000,tts2_en_US-libritts_r-medium_spk704_pos1,data/positives/tts2_en_US-libritts_r-medium_spk704_pos1.wav,en_US-libritts_r-medium-spk704,en_US-libritts_r-medium,en_US-libritts_r-medium-spk704,validation,synthetic_ground_truth,"tts_positive_whole_clip energy_trim(top_db=40.0) clip=[0,0.9288]",complete,ground_truth,,0.01,0.9279,0.0,0.9287981859410432,synthetic_whole_clip_energy_trim,,,,,,,,,,,True,synthetic_ground_truth,True,0.0,0.0
tts2_en_US-libritts_r-medium_spk707_pos0#gt000,tts2_en_US-libritts_r-medium_spk707_pos0,data/positives/tts2_en_US-libritts_r-medium_spk707_pos0.wav,en_US-libritts_r-medium-spk707,en_US-libritts_r-medium,en_US-libritts_r-medium-spk707,train,synthetic_ground_truth,"tts_positive_whole_clip energy_trim(top_db=40.0) clip=[0,0.7082]",complete,ground_truth,,0.01,0.6984,0.0,0.7082086167800453,synthetic_whole_clip_energy_trim,,,,,,,,,,,True,synthetic_ground_truth,True,0.0,0.0
tts2_en_US-libritts_r-medium_spk707_pos1#gt000,tts2_en_US-libritts_r-medium_spk707_pos1,data/positives/tts2_en_US-libritts_r-medium_spk707_pos1.wav,en_US-libritts_r-medium-spk707,en_US-libritts_r-medium,en_US-libritts_r-medium-spk707,train,synthetic_ground_truth,"tts_positive_whole_clip energy_trim(top_db=40.0) clip=[0,1.1378]",complete,ground_truth,,0.01,1.1374,0.0,1.1377777777777778,synthetic_whole_clip_energy_trim,,,,,,,,,,,True,synthetic_ground_truth,True,0.0,0.0
tts2_en_US-libritts_r-medium_spk708_pos0#gt000,tts2_en_US-libritts_r-medium_spk708_pos0,data/positives/tts2_en_US-libritts_r-medium_spk708_pos0.wav,en_US-libritts_r-medium-spk708,en_US-libritts_r-medium,en_US-libritts_r-medium-spk708,train,synthetic_ground_truth,"tts_positive_whole_clip energy_trim(top_db=40.0) clip=[0,0.8824]",complete,ground_truth,,0.01,0.878,0.0,0.8823582766439909,synthetic_whole_clip_energy_trim,,,,,,,,,,,True,synthetic_ground_truth,True,0.0,0.0
tts2_en_US-libritts_r-medium_spk708_pos1#gt000,tts2_en_US-libritts_r-medium_spk708_pos1,data/positives/tts2_en_US-libritts_r-medium_spk708_pos1.wav,en_US-libritts_r-medium-spk708,en_US-libritts_r-medium,en_US-libritts_r-medium-spk708,train,synthetic_ground_truth,"tts_positive_whole_clip energy_trim(top_db=40.0) clip=[0,0.8824]",complete,ground_truth,,0.01,0.878,0.0,0.8823582766439909,synthetic_whole_clip_energy_trim,,,,,,,,,,,True,synthetic_ground_truth,True,0.0,0.0
tts2_en_US-libritts_r-medium_spk716_pos0#gt000,tts2_en_US-libritts_r-medium_spk716_pos0,data/positives/tts2_en_US-libritts_r-medium_spk716_pos0.wav,en_US-libritts_r-medium-spk716,en_US-libritts_r-medium,en_US-libritts_r-medium-spk716,validation,synthetic_ground_truth,"tts_positive_whole_clip energy_trim(top_db=40.0) clip=[0,0.7663]",complete,ground_truth,,0.01,0.7583,0.0,0.7662585034013606,synthetic_whole_clip_energy_trim,,,,,,,,,,,True,synthetic_ground_truth,True,0.0,0.0
tts2_en_US-libritts_r-medium_spk719_pos0#gt000,tts2_en_US-libritts_r-medium_spk719_pos0,data/positives/tts2_en_US-libritts_r-medium_spk719_pos0.wav,en_US-libritts_r-medium-spk719,en_US-libritts_r-medium,en_US-libritts_r-medium-spk719,validation,synthetic_ground_truth,"tts_positive_whole_clip energy_trim(top_db=40.0) clip=[0,0.6502]",complete,ground_truth,,0.01,0.6485,0.0,0.6501587301587302,synthetic_whole_clip_energy_trim,,,,,,,,,,,True,synthetic_ground_truth,True,0.0,0.0
tts2_en_US-libritts_r-medium_spk720_pos0#gt000,tts2_en_US-libritts_r-medium_spk720_pos0,data/positives/tts2_en_US-libritts_r-medium_spk720_pos0.wav,en_US-libritts_r-medium-spk720,en_US-libritts_r-medium,en_US-libritts_r-medium-spk720,train,synthetic_ground_truth,"tts_positive_whole_clip energy_trim(top_db=40.0) clip=[0,1.0565]",complete,ground_truth,,0.01,1.0376,0.0,1.0565079365079366,synthetic_whole_clip_energy_trim,,,,,,,,,,,True,synthetic_ground_truth,True,0.0,0.0
tts2_en_US-libritts_r-medium_spk720_pos1#gt000,tts2_en_US-libritts_r-medium_spk720_pos1,data/positives/tts2_en_US-libritts_r-medium_spk720_pos1.wav,en_US-libritts_r-medium-spk720,en_US-libritts_r-medium,en_US-libritts_r-medium-spk720,train,synthetic_ground_truth,"tts_positive_whole_clip energy_trim(top_db=40.0) clip=[0,0.7895]",complete,ground_truth,,0.01,0.7683,0.0,0.7894784580498866,synthetic_whole_clip_energy_trim,,,,,,,,,,,True,synthetic_ground_truth,True,0.0,0.0
tts2_en_US-libritts_r-medium_spk723_pos0#gt000,tts2_en_US-libritts_r-medium_spk723_pos0,data/positives/tts2_en_US-libritts_r-medium_spk723_pos0.wav,en_US-libritts_r-medium-spk723,en_US-libritts_r-medium,en_US-libritts_r-medium-spk723,train,synthetic_ground_truth,"tts_positive_whole_clip energy_trim(top_db=40.0) clip=[0,0.9520]",complete,ground_truth,,0.01,0.9379,0.0,0.9520181405895692,synthetic_whole_clip_energy_trim,,,,,,,,,,,True,synthetic_ground_truth,True,0.0,0.0
tts2_en_US-libritts_r-medium_spk723_pos1#gt000,tts2_en_US-libritts_r-medium_spk723_pos1,data/positives/tts2_en_US-libritts_r-medium_spk723_pos1.wav,en_US-libritts_r-medium-spk723,en_US-libritts_r-medium,en_US-libritts_r-medium-spk723,train,synthetic_ground_truth,"tts_positive_whole_clip energy_trim(top_db=40.0) clip=[0,0.6966]",complete,ground_truth,,0.01,0.6785,0.0,0.6965986394557823,synthetic_whole_clip_energy_trim,,,,,,,,,,,True,synthetic_ground_truth,True,0.0,0.0
tts2_en_US-libritts_r-medium_spk724_pos0#gt000,tts2_en_US-libritts_r-medium_spk724_pos0,data/positives/tts2_en_US-libritts_r-medium_spk724_pos0.wav,en_US-libritts_r-medium-spk724,en_US-libritts_r-medium,en_US-libritts_r-medium-spk724,test,synthetic_ground_truth,"tts_positive_whole_clip energy_trim(top_db=40.0) clip=[0,0.6269]",complete,ground_truth,,0.01,0.6186,0.0,0.626938775510204,synthetic_whole_clip_energy_trim,,,,,,,,,,,True,synthetic_ground_truth,True,0.0,0.0
tts2_en_US-libritts_r-medium_spk724_pos1#gt000,tts2_en_US-libritts_r-medium_spk724_pos1,data/positives/tts2_en_US-libritts_r-medium_spk724_pos1.wav,en_US-libritts_r-medium-spk724,en_US-libritts_r-medium,en_US-libritts_r-medium-spk724,test,synthetic_ground_truth,"tts_positive_whole_clip energy_trim(top_db=40.0) clip=[0,0.6153]",complete,ground_truth,,0.01,0.6086,0.0,0.615328798185941,synthetic_whole_clip_energy_trim,,,,,,,,,,,True,synthetic_ground_truth,True,0.0,0.0
tts2_en_US-libritts_r-medium_spk726_pos0#gt000,tts2_en_US-libritts_r-medium_spk726_pos0,data/positives/tts2_en_US-libritts_r-medium_spk726_pos0.wav,en_US-libritts_r-medium-spk726,en_US-libritts_r-medium,en_US-libritts_r-medium-spk726,train,synthetic_ground_truth,"tts_positive_whole_clip energy_trim(top_db=40.0) clip=[0,0.8359]",complete,ground_truth,,0.01,0.8281,0.0,0.8359183673469388,synthetic_whole_clip_energy_trim,,,,,,,,,,,True,synthetic_ground_truth,True,0.0,0.0
tts2_en_US-libritts_r-medium_spk726_pos1#gt000,tts2_en_US-libritts_r-medium_spk726_pos1,data/positives/tts2_en_US-libritts_r-medium_spk726_pos1.wav,en_US-libritts_r-medium-spk726,en_US-libritts_r-medium,en_US-libritts_r-medium-spk726,train,synthetic_ground_truth,"tts_positive_whole_clip energy_trim(top_db=40.0) clip=[0,1.3816]",complete,ground_truth,,0.01,1.3769,0.0,1.3815873015873017,synthetic_whole_clip_energy_trim,,,,,,,,,,,True,synthetic_ground_truth,True,0.0,0.0
tts2_en_US-libritts_r-medium_spk727_pos0#gt000,tts2_en_US-libritts_r-medium_spk727_pos0,data/positives/tts2_en_US-libritts_r-medium_spk727_pos0.wav,en_US-libritts_r-medium-spk727,en_US-libritts_r-medium,en_US-libritts_r-medium-spk727,train,synthetic_ground_truth,"tts_positive_whole_clip energy_trim(top_db=40.0) clip=[0,0.9752]",complete,ground_truth,,0.01,0.9578,0.0,0.9752380952380952,synthetic_whole_clip_energy_trim,,,,,,,,,,,True,synthetic_ground_truth,True,0.0,0.0
tts2_en_US-libritts_r-medium_spk727_pos1#gt000,tts2_en_US-libritts_r-medium_spk727_pos1,data/positives/tts2_en_US-libritts_r-medium_spk727_pos1.wav,en_US-libritts_r-medium-spk727,en_US-libritts_r-medium,en_US-libritts_r-medium-spk727,train,synthetic_ground_truth,"tts_positive_whole_clip energy_trim(top_db=40.0) clip=[0,1.0217]",complete,ground_truth,,0.01,1.0177,0.0,1.0216780045351477,synthetic_whole_clip_energy_trim,,,,,,,,,,,True,synthetic_ground_truth,True,0.0,0.0
tts2_en_US-libritts_r-medium_spk729_pos0#gt000,tts2_en_US-libritts_r-medium_spk729_pos0,data/positives/tts2_en_US-libritts_r-medium_spk729_pos0.wav,en_US-libritts_r-medium-spk729,en_US-libritts_r-medium,en_US-libritts_r-medium-spk729,validation,synthetic_ground_truth,"tts_positive_whole_clip energy_trim(top_db=40.0) clip=[0,0.7895]",complete,ground_truth,,0.01,0.7782,0.0,0.7894784580498866,synthetic_whole_clip_energy_trim,,,,,,,,,,,True,synthetic_ground_truth,True,0.0,0.0
tts2_en_US-libritts_r-medium_spk729_pos1#gt000,tts2_en_US-libritts_r-medium_spk729_pos1,data/positives/tts2_en_US-libritts_r-medium_spk729_pos1.wav,en_US-libritts_r-medium-spk729,en_US-libritts_r-medium,en_US-libritts_r-medium-spk729,validation,synthetic_ground_truth,"tts_positive_whole_clip energy_trim(top_db=40.0) clip=[0,0.6385]",complete,ground_truth,,0.01,0.6385,0.0,0.6385487528344671,synthetic_whole_clip_energy_trim,,,,,,,,,,,True,synthetic_ground_truth,True,0.0,0.0
tts2_en_US-libritts_r-medium_spk72_pos0#gt000,tts2_en_US-libritts_r-medium_spk72_pos0,data/positives/tts2_en_US-libritts_r-medium_spk72_pos0.wav,en_US-libritts_r-medium-spk72,en_US-libritts_r-medium,en_US-libritts_r-medium-spk72,train,synthetic_ground_truth,"tts_positive_whole_clip energy_trim(top_db=40.0) clip=[0,0.6618]",complete,ground_truth,,0.01,0.6585,0.0,0.6617687074829932,synthetic_whole_clip_energy_trim,,,,,,,,,,,True,synthetic_ground_truth,True,0.0,0.0
tts2_en_US-libritts_r-medium_spk72_pos1#gt000,tts2_en_US-libritts_r-medium_spk72_pos1,data/positives/tts2_en_US-libritts_r-medium_spk72_pos1.wav,en_US-libritts_r-medium-spk72,en_US-libritts_r-medium,en_US-libritts_r-medium-spk72,train,synthetic_ground_truth,"tts_positive_whole_clip energy_trim(top_db=40.0) clip=[0,0.6153]",complete,ground_truth,,0.01,0.6086,0.0,0.615328798185941,synthetic_whole_clip_energy_trim,,,,,,,,,,,True,synthetic_ground_truth,True,0.0,0.0
tts2_en_US-libritts_r-medium_spk731_pos0#gt000,tts2_en_US-libritts_r-medium_spk731_pos0,data/positives/tts2_en_US-libritts_r-medium_spk731_pos0.wav,en_US-libritts_r-medium-spk731,en_US-libritts_r-medium,en_US-libritts_r-medium-spk731,train,synthetic_ground_truth,"tts_positive_whole_clip energy_trim(top_db=40.0) clip=[0,0.6966]",complete,ground_truth,,0.01,0.6884,0.0,0.6965986394557823,synthetic_whole_clip_energy_trim,,,,,,,,,,,True,synthetic_ground_truth,True,0.0,0.0
tts2_en_US-libritts_r-medium_spk731_pos1#gt000,tts2_en_US-libritts_r-medium_spk731_pos1,data/positives/tts2_en_US-libritts_r-medium_spk731_pos1.wav,en_US-libritts_r-medium-spk731,en_US-libritts_r-medium,en_US-libritts_r-medium-spk731,train,synthetic_ground_truth,"tts_positive_whole_clip energy_trim(top_db=40.0) clip=[0,0.8243]",complete,ground_truth,,0.01,0.8181,0.0,0.8243083900226758,synthetic_whole_clip_energy_trim,,,,,,,,,,,True,synthetic_ground_truth,True,0.0,0.0
tts2_en_US-libritts_r-medium_spk744_pos0#gt000,tts2_en_US-libritts_r-medium_spk744_pos0,data/positives/tts2_en_US-libritts_r-medium_spk744_pos0.wav,en_US-libritts_r-medium-spk744,en_US-libritts_r-medium,en_US-libritts_r-medium-spk744,validation,synthetic_ground_truth,"tts_positive_whole_clip energy_trim(top_db=40.0) clip=[0,0.9288]",complete,ground_truth,,0.01,0.9279,0.0,0.9287981859410432,synthetic_whole_clip_energy_trim,,,,,,,,,,,True,synthetic_ground_truth,True,0.0,0.0
tts2_en_US-libritts_r-medium_spk744_pos1#gt000,tts2_en_US-libritts_r-medium_spk744_pos1,data/positives/tts2_en_US-libritts_r-medium_spk744_pos1.wav,en_US-libritts_r-medium-spk744,en_US-libritts_r-medium,en_US-libritts_r-medium-spk744,validation,synthetic_ground_truth,"tts_positive_whole_clip energy_trim(top_db=40.0) clip=[0,0.6502]",complete,ground_truth,,0.01,0.6485,0.0,0.6501587301587302,synthetic_whole_clip_energy_trim,,,,,,,,,,,True,synthetic_ground_truth,True,0.0,0.0
tts2_en_US-libritts_r-medium_spk756_pos0#gt000,tts2_en_US-libritts_r-medium_spk756_pos0,data/positives/tts2_en_US-libritts_r-medium_spk756_pos0.wav,en_US-libritts_r-medium-spk756,en_US-libritts_r-medium,en_US-libritts_r-medium-spk756,train,synthetic_ground_truth,"tts_positive_whole_clip energy_trim(top_db=40.0) clip=[0,0.7430]",complete,ground_truth,,0.01,0.7383,0.0,0.7430385487528345,synthetic_whole_clip_energy_trim,,,,,,,,,,,True,synthetic_ground_truth,True,0.0,0.0
tts2_en_US-libritts_r-medium_spk756_pos1#gt000,tts2_en_US-libritts_r-medium_spk756_pos1,data/positives/tts2_en_US-libritts_r-medium_spk756_pos1.wav,en_US-libritts_r-medium-spk756,en_US-libritts_r-medium,en_US-libritts_r-medium-spk756,train,synthetic_ground_truth,"tts_positive_whole_clip energy_trim(top_db=40.0) clip=[0,0.7663]",complete,ground_truth,,0.01,0.7583,0.0,0.7662585034013606,synthetic_whole_clip_energy_trim,,,,,,,,,,,True,synthetic_ground_truth,True,0.0,0.0
tts2_en_US-libritts_r-medium_spk75_pos0#gt000,tts2_en_US-libritts_r-medium_spk75_pos0,data/positives/tts2_en_US-libritts_r-medium_spk75_pos0.wav,en_US-libritts_r-medium-spk75,en_US-libritts_r-medium,en_US-libritts_r-medium-spk75,train,synthetic_ground_truth,"tts_positive_whole_clip energy_trim(top_db=40.0) clip=[0,0.7779]",complete,ground_truth,,0.01,0.7683,0.0,0.7778684807256235,synthetic_whole_clip_energy_trim,,,,,,,,,,,True,synthetic_ground_truth,True,0.0,0.0
tts2_en_US-libritts_r-medium_spk75_pos1#gt000,tts2_en_US-libritts_r-medium_spk75_pos1,data/positives/tts2_en_US-libritts_r-medium_spk75_pos1.wav,en_US-libritts_r-medium-spk75,en_US-libritts_r-medium,en_US-libritts_r-medium-spk75,train,synthetic_ground_truth,"tts_positive_whole_clip energy_trim(top_db=40.0) clip=[0,0.7663]",complete,ground_truth,,0.01,0.7583,0.0,0.7662585034013606,synthetic_whole_clip_energy_trim,,,,,,,,,,,True,synthetic_ground_truth,True,0.0,0.0
tts2_en_US-libritts_r-medium_spk761_pos1#gt000,tts2_en_US-libritts_r-medium_spk761_pos1,data/positives/tts2_en_US-libritts_r-medium_spk761_pos1.wav,en_US-libritts_r-medium-spk761,en_US-libritts_r-medium,en_US-libritts_r-medium-spk761,train,synthetic_ground_truth,"tts_positive_whole_clip energy_trim(top_db=40.0) clip=[0,0.6850]",complete,ground_truth,,0.01,0.6785,0.0,0.6849886621315193,synthetic_whole_clip_energy_trim,,,,,,,,,,,True,synthetic_ground_truth,True,0.0,0.0
tts2_en_US-libritts_r-medium_spk764_pos0#gt000,tts2_en_US-libritts_r-medium_spk764_pos0,data/positives/tts2_en_US-libritts_r-medium_spk764_pos0.wav,en_US-libritts_r-medium-spk764,en_US-libritts_r-medium,en_US-libritts_r-medium-spk764,train,synthetic_ground_truth,"tts_positive_whole_clip energy_trim(top_db=40.0) clip=[0,1.6718]",complete,ground_truth,,0.01,1.6662,0.0,1.6718367346938776,synthetic_whole_clip_energy_trim,,,,,,,,,,,True,synthetic_ground_truth,True,0.0,0.0
tts2_en_US-libritts_r-medium_spk771_pos1#gt000,tts2_en_US-libritts_r-medium_spk771_pos1,data/positives/tts2_en_US-libritts_r-medium_spk771_pos1.wav,en_US-libritts_r-medium-spk771,en_US-libritts_r-medium,en_US-libritts_r-medium-spk771,test,synthetic_ground_truth,"tts_positive_whole_clip energy_trim(top_db=40.0) clip=[0,0.6850]",complete,ground_truth,,0.01,0.6785,0.0,0.6849886621315193,synthetic_whole_clip_energy_trim,,,,,,,,,,,True,synthetic_ground_truth,True,0.0,0.0
tts2_en_US-libritts_r-medium_spk790_pos0#gt000,tts2_en_US-libritts_r-medium_spk790_pos0,data/positives/tts2_en_US-libritts_r-medium_spk790_pos0.wav,en_US-libritts_r-medium-spk790,en_US-libritts_r-medium,en_US-libritts_r-medium-spk790,train,synthetic_ground_truth,"tts_positive_whole_clip energy_trim(top_db=40.0) clip=[0,0.8591]",complete,ground_truth,,0.01,0.858,0.0,0.8591383219954648,synthetic_whole_clip_energy_trim,,,,,,,,,,,True,synthetic_ground_truth,True,0.0,0.0
tts2_en_US-libritts_r-medium_spk790_pos1#gt000,tts2_en_US-libritts_r-medium_spk790_pos1,data/positives/tts2_en_US-libritts_r-medium_spk790_pos1.wav,en_US-libritts_r-medium-spk790,en_US-libritts_r-medium,en_US-libritts_r-medium-spk790,train,synthetic_ground_truth,"tts_positive_whole_clip energy_trim(top_db=40.0) clip=[0,0.7198]",complete,ground_truth,,0.01,0.7184,0.0,0.7198185941043084,synthetic_whole_clip_energy_trim,,,,,,,,,,,True,synthetic_ground_truth,True,0.0,0.0
tts2_en_US-libritts_r-medium_spk791_pos0#gt000,tts2_en_US-libritts_r-medium_spk791_pos0,data/positives/tts2_en_US-libritts_r-medium_spk791_pos0.wav,en_US-libritts_r-medium-spk791,en_US-libritts_r-medium,en_US-libritts_r-medium-spk791,train,synthetic_ground_truth,"tts_positive_whole_clip energy_trim(top_db=40.0) clip=[0,0.7430]",complete,ground_truth,,0.01,0.7383,0.0,0.7430385487528345,synthetic_whole_clip_energy_trim,,,,,,,,,,,True,synthetic_ground_truth,True,0.0,0.0
tts2_en_US-libritts_r-medium_spk794_pos1#gt000,tts2_en_US-libritts_r-medium_spk794_pos1,data/positives/tts2_en_US-libritts_r-medium_spk794_pos1.wav,en_US-libritts_r-medium-spk794,en_US-libritts_r-medium,en_US-libritts_r-medium-spk794,validation,synthetic_ground_truth,"tts_positive_whole_clip energy_trim(top_db=40.0) clip=[0,0.9288]",complete,ground_truth,,0.01,0.9279,0.0,0.9287981859410432,synthetic_whole_clip_energy_trim,,,,,,,,,,,True,synthetic_ground_truth,True,0.0,0.0
tts2_en_US-libritts_r-medium_spk796_pos0#gt000,tts2_en_US-libritts_r-medium_spk796_pos0,data/positives/tts2_en_US-libritts_r-medium_spk796_pos0.wav,en_US-libritts_r-medium-spk796,en_US-libritts_r-medium,en_US-libritts_r-medium-spk796,train,synthetic_ground_truth,"tts_positive_whole_clip energy_trim(top_db=40.0) clip=[0,0.8475]",complete,ground_truth,,0.0,0.8381,0.0,0.8475283446712019,synthetic_whole_clip_energy_trim,,,,,,,,,,,True,synthetic_ground_truth,True,0.0,0.0
tts2_en_US-libritts_r-medium_spk796_pos1#gt000,tts2_en_US-libritts_r-medium_spk796_pos1,data/positives/tts2_en_US-libritts_r-medium_spk796_pos1.wav,en_US-libritts_r-medium-spk796,en_US-libritts_r-medium,en_US-libritts_r-medium-spk796,train,synthetic_ground_truth,"tts_positive_whole_clip energy_trim(top_db=40.0) clip=[0,0.9520]",complete,ground_truth,,0.01,0.9478,0.0,0.9520181405895692,synthetic_whole_clip_energy_trim,,,,,,,,,,,True,synthetic_ground_truth,True,0.0,0.0
tts2_en_US-libritts_r-medium_spk801_pos0#gt000,tts2_en_US-libritts_r-medium_spk801_pos0,data/positives/tts2_en_US-libritts_r-medium_spk801_pos0.wav,en_US-libritts_r-medium-spk801,en_US-libritts_r-medium,en_US-libritts_r-medium-spk801,train,synthetic_ground_truth,"tts_positive_whole_clip energy_trim(top_db=40.0) clip=[0,0.8824]",complete,ground_truth,,0.01,0.878,0.0,0.8823582766439909,synthetic_whole_clip_energy_trim,,,,,,,,,,,True,synthetic_ground_truth,True,0.0,0.0
tts2_en_US-libritts_r-medium_spk801_pos1#gt000,tts2_en_US-libritts_r-medium_spk801_pos1,data/positives/tts2_en_US-libritts_r-medium_spk801_pos1.wav,en_US-libritts_r-medium-spk801,en_US-libritts_r-medium,en_US-libritts_r-medium-spk801,train,synthetic_ground_truth,"tts_positive_whole_clip energy_trim(top_db=40.0) clip=[0,0.6502]",complete,ground_truth,,0.01,0.6485,0.0,0.6501587301587302,synthetic_whole_clip_energy_trim,,,,,,,,,,,True,synthetic_ground_truth,True,0.0,0.0
tts2_en_US-libritts_r-medium_spk806_pos0#gt000,tts2_en_US-libritts_r-medium_spk806_pos0,data/positives/tts2_en_US-libritts_r-medium_spk806_pos0.wav,en_US-libritts_r-medium-spk806,en_US-libritts_r-medium,en_US-libritts_r-medium-spk806,train,synthetic_ground_truth,"tts_positive_whole_clip energy_trim(top_db=40.0) clip=[0,0.7546]",complete,ground_truth,,0.01,0.7483,0.0,0.7546485260770975,synthetic_whole_clip_energy_trim,,,,,,,,,,,True,synthetic_ground_truth,True,0.0,0.0
tts2_en_US-libritts_r-medium_spk806_pos1#gt000,tts2_en_US-libritts_r-medium_spk806_pos1,data/positives/tts2_en_US-libritts_r-medium_spk806_pos1.wav,en_US-libritts_r-medium-spk806,en_US-libritts_r-medium,en_US-libritts_r-medium-spk806,train,synthetic_ground_truth,"tts_positive_whole_clip energy_trim(top_db=40.0) clip=[0,0.8127]",complete,ground_truth,,0.01,0.7882,0.0,0.8126984126984127,synthetic_whole_clip_energy_trim,,,,,,,,,,,True,synthetic_ground_truth,True,0.0,0.0
tts2_en_US-libritts_r-medium_spk811_pos0#gt000,tts2_en_US-libritts_r-medium_spk811_pos0,data/positives/tts2_en_US-libritts_r-medium_spk811_pos0.wav,en_US-libritts_r-medium-spk811,en_US-libritts_r-medium,en_US-libritts_r-medium-spk811,train,synthetic_ground_truth,"tts_positive_whole_clip energy_trim(top_db=40.0) clip=[0,1.7995]",complete,ground_truth,,0.01,1.7959,0.0,1.799546485260771,synthetic_whole_clip_energy_trim,,,,,,,,,,,True,synthetic_ground_truth,True,0.0,0.0
tts2_en_US-libritts_r-medium_spk811_pos1#gt000,tts2_en_US-libritts_r-medium_spk811_pos1,data/positives/tts2_en_US-libritts_r-medium_spk811_pos1.wav,en_US-libritts_r-medium-spk811,en_US-libritts_r-medium,en_US-libritts_r-medium-spk811,train,synthetic_ground_truth,"tts_positive_whole_clip energy_trim(top_db=40.0) clip=[0,1.3235]",complete,ground_truth,,0.01,1.317,0.0,1.3235374149659864,synthetic_whole_clip_energy_trim,,,,,,,,,,,True,synthetic_ground_truth,True,0.0,0.0
tts2_en_US-libritts_r-medium_spk813_pos0#gt000,tts2_en_US-libritts_r-medium_spk813_pos0,data/positives/tts2_en_US-libritts_r-medium_spk813_pos0.wav,en_US-libritts_r-medium-spk813,en_US-libritts_r-medium,en_US-libritts_r-medium-spk813,train,synthetic_ground_truth,"tts_positive_whole_clip energy_trim(top_db=40.0) clip=[0,0.7663]",complete,ground_truth,,0.01,0.7483,0.0,0.7662585034013606,synthetic_whole_clip_energy_trim,,,,,,,,,,,True,synthetic_ground_truth,True,0.0,0.0
tts2_en_US-libritts_r-medium_spk813_pos1#gt000,tts2_en_US-libritts_r-medium_spk813_pos1,data/positives/tts2_en_US-libritts_r-medium_spk813_pos1.wav,en_US-libritts_r-medium-spk813,en_US-libritts_r-medium,en_US-libritts_r-medium-spk813,train,synthetic_ground_truth,"tts_positive_whole_clip energy_trim(top_db=40.0) clip=[0,0.6502]",complete,ground_truth,,0.01,0.6485,0.0,0.6501587301587302,synthetic_whole_clip_energy_trim,,,,,,,,,,,True,synthetic_ground_truth,True,0.0,0.0
tts2_en_US-libritts_r-medium_spk814_pos0#gt000,tts2_en_US-libritts_r-medium_spk814_pos0,data/positives/tts2_en_US-libritts_r-medium_spk814_pos0.wav,en_US-libritts_r-medium-spk814,en_US-libritts_r-medium,en_US-libritts_r-medium-spk814,train,synthetic_ground_truth,"tts_positive_whole_clip energy_trim(top_db=40.0) clip=[0,0.8591]",complete,ground_truth,,0.01,0.858,0.0,0.8591383219954648,synthetic_whole_clip_energy_trim,,,,,,,,,,,True,synthetic_ground_truth,True,0.0,0.0
tts2_en_US-libritts_r-medium_spk814_pos1#gt000,tts2_en_US-libritts_r-medium_spk814_pos1,data/positives/tts2_en_US-libritts_r-medium_spk814_pos1.wav,en_US-libritts_r-medium-spk814,en_US-libritts_r-medium,en_US-libritts_r-medium-spk814,train,synthetic_ground_truth,"tts_positive_whole_clip energy_trim(top_db=40.0) clip=[0,0.8011]",complete,ground_truth,,0.01,0.7982,0.0,0.8010884353741496,synthetic_whole_clip_energy_trim,,,,,,,,,,,True,synthetic_ground_truth,True,0.0,0.0
tts2_en_US-libritts_r-medium_spk815_pos0#gt000,tts2_en_US-libritts_r-medium_spk815_pos0,data/positives/tts2_en_US-libritts_r-medium_spk815_pos0.wav,en_US-libritts_r-medium-spk815,en_US-libritts_r-medium,en_US-libritts_r-medium-spk815,train,synthetic_ground_truth,"tts_positive_whole_clip energy_trim(top_db=40.0) clip=[0,1.0217]",complete,ground_truth,,0.01,1.0177,0.0,1.0216780045351477,synthetic_whole_clip_energy_trim,,,,,,,,,,,True,synthetic_ground_truth,True,0.0,0.0
tts2_en_US-libritts_r-medium_spk815_pos1#gt000,tts2_en_US-libritts_r-medium_spk815_pos1,data/positives/tts2_en_US-libritts_r-medium_spk815_pos1.wav,en_US-libritts_r-medium-spk815,en_US-libritts_r-medium,en_US-libritts_r-medium-spk815,train,synthetic_ground_truth,"tts_positive_whole_clip energy_trim(top_db=40.0) clip=[0,1.0333]",complete,ground_truth,,0.01,1.0277,0.0,1.0332879818594105,synthetic_whole_clip_energy_trim,,,,,,,,,,,True,synthetic_ground_truth,True,0.0,0.0
tts2_en_US-libritts_r-medium_spk820_pos0#gt000,tts2_en_US-libritts_r-medium_spk820_pos0,data/positives/tts2_en_US-libritts_r-medium_spk820_pos0.wav,en_US-libritts_r-medium-spk820,en_US-libritts_r-medium,en_US-libritts_r-medium-spk820,train,synthetic_ground_truth,"tts_positive_whole_clip energy_trim(top_db=40.0) clip=[0,0.7546]",complete,ground_truth,,0.01,0.7483,0.0,0.7546485260770975,synthetic_whole_clip_energy_trim,,,,,,,,,,,True,synthetic_ground_truth,True,0.0,0.0
tts2_en_US-libritts_r-medium_spk820_pos1#gt000,tts2_en_US-libritts_r-medium_spk820_pos1,data/positives/tts2_en_US-libritts_r-medium_spk820_pos1.wav,en_US-libritts_r-medium-spk820,en_US-libritts_r-medium,en_US-libritts_r-medium-spk820,train,synthetic_ground_truth,"tts_positive_whole_clip energy_trim(top_db=40.0) clip=[0,0.9172]",complete,ground_truth,,0.01,0.9079,0.0,0.91718820861678,synthetic_whole_clip_energy_trim,,,,,,,,,,,True,synthetic_ground_truth,True,0.0,0.0
tts2_en_US-libritts_r-medium_spk825_pos0#gt000,tts2_en_US-libritts_r-medium_spk825_pos0,data/positives/tts2_en_US-libritts_r-medium_spk825_pos0.wav,en_US-libritts_r-medium-spk825,en_US-libritts_r-medium,en_US-libritts_r-medium-spk825,train,synthetic_ground_truth,"tts_positive_whole_clip energy_trim(top_db=40.0) clip=[0,0.6850]",complete,ground_truth,,0.01,0.6785,0.0,0.6849886621315193,synthetic_whole_clip_energy_trim,,,,,,,,,,,True,synthetic_ground_truth,True,0.0,0.0
tts2_en_US-libritts_r-medium_spk825_pos1#gt000,tts2_en_US-libritts_r-medium_spk825_pos1,data/positives/tts2_en_US-libritts_r-medium_spk825_pos1.wav,en_US-libritts_r-medium-spk825,en_US-libritts_r-medium,en_US-libritts_r-medium-spk825,train,synthetic_ground_truth,"tts_positive_whole_clip energy_trim(top_db=40.0) clip=[0,0.9172]",complete,ground_truth,,0.01,0.9079,0.0,0.91718820861678,synthetic_whole_clip_energy_trim,,,,,,,,,,,True,synthetic_ground_truth,True,0.0,0.0
tts2_en_US-libritts_r-medium_spk837_pos0#gt000,tts2_en_US-libritts_r-medium_spk837_pos0,data/positives/tts2_en_US-libritts_r-medium_spk837_pos0.wav,en_US-libritts_r-medium-spk837,en_US-libritts_r-medium,en_US-libritts_r-medium-spk837,train,synthetic_ground_truth,"tts_positive_whole_clip energy_trim(top_db=40.0) clip=[0,0.9404]",complete,ground_truth,,0.01,0.9379,0.0,0.940408163265306,synthetic_whole_clip_energy_trim,,,,,,,,,,,True,synthetic_ground_truth,True,0.0,0.0
tts2_en_US-libritts_r-medium_spk837_pos1#gt000,tts2_en_US-libritts_r-medium_spk837_pos1,data/positives/tts2_en_US-libritts_r-medium_spk837_pos1.wav,en_US-libritts_r-medium-spk837,en_US-libritts_r-medium,en_US-libritts_r-medium-spk837,train,synthetic_ground_truth,"tts_positive_whole_clip energy_trim(top_db=40.0) clip=[0,0.8940]",complete,ground_truth,,0.01,0.888,0.0,0.893968253968254,synthetic_whole_clip_energy_trim,,,,,,,,,,,True,synthetic_ground_truth,True,0.0,0.0
tts2_en_US-libritts_r-medium_spk838_pos0#gt000,tts2_en_US-libritts_r-medium_spk838_pos0,data/positives/tts2_en_US-libritts_r-medium_spk838_pos0.wav,en_US-libritts_r-medium-spk838,en_US-libritts_r-medium,en_US-libritts_r-medium-spk838,train,synthetic_ground_truth,"tts_positive_whole_clip energy_trim(top_db=40.0) clip=[0,0.6269]",complete,ground_truth,,0.01,0.6186,0.0,0.626938775510204,synthetic_whole_clip_energy_trim,,,,,,,,,,,True,synthetic_ground_truth,True,0.0,0.0
tts2_en_US-libritts_r-medium_spk838_pos1#gt000,tts2_en_US-libritts_r-medium_spk838_pos1,data/positives/tts2_en_US-libritts_r-medium_spk838_pos1.wav,en_US-libritts_r-medium-spk838,en_US-libritts_r-medium,en_US-libritts_r-medium-spk838,train,synthetic_ground_truth,"tts_positive_whole_clip energy_trim(top_db=40.0) clip=[0,0.8011]",complete,ground_truth,,0.0,0.7982,0.0,0.8010884353741496,synthetic_whole_clip_energy_trim,,,,,,,,,,,True,synthetic_ground_truth,True,0.0,0.0
tts2_en_US-libritts_r-medium_spk83_pos1#gt000,tts2_en_US-libritts_r-medium_spk83_pos1,data/positives/tts2_en_US-libritts_r-medium_spk83_pos1.wav,en_US-libritts_r-medium-spk83,en_US-libritts_r-medium,en_US-libritts_r-medium-spk83,validation,synthetic_ground_truth,"tts_positive_whole_clip energy_trim(top_db=40.0) clip=[0,0.6037]",complete,ground_truth,,0.01,0.5986,0.0,0.603718820861678,synthetic_whole_clip_energy_trim,,,,,,,,,,,True,synthetic_ground_truth,True,0.0,0.0
tts2_en_US-libritts_r-medium_spk842_pos0#gt000,tts2_en_US-libritts_r-medium_spk842_pos0,data/positives/tts2_en_US-libritts_r-medium_spk842_pos0.wav,en_US-libritts_r-medium-spk842,en_US-libritts_r-medium,en_US-libritts_r-medium-spk842,train,synthetic_ground_truth,"tts_positive_whole_clip energy_trim(top_db=40.0) clip=[0,0.8591]",complete,ground_truth,,0.0,0.858,0.0,0.8591383219954648,synthetic_whole_clip_energy_trim,,,,,,,,,,,True,synthetic_ground_truth,True,0.0,0.0
tts2_en_US-libritts_r-medium_spk842_pos1#gt000,tts2_en_US-libritts_r-medium_spk842_pos1,data/positives/tts2_en_US-libritts_r-medium_spk842_pos1.wav,en_US-libritts_r-medium-spk842,en_US-libritts_r-medium,en_US-libritts_r-medium-spk842,train,synthetic_ground_truth,"tts_positive_whole_clip energy_trim(top_db=40.0) clip=[0,0.6618]",complete,ground_truth,,0.0,0.6585,0.0,0.6617687074829932,synthetic_whole_clip_energy_trim,,,,,,,,,,,True,synthetic_ground_truth,True,0.0,0.0
tts2_en_US-libritts_r-medium_spk846_pos0#gt000,tts2_en_US-libritts_r-medium_spk846_pos0,data/positives/tts2_en_US-libritts_r-medium_spk846_pos0.wav,en_US-libritts_r-medium-spk846,en_US-libritts_r-medium,en_US-libritts_r-medium-spk846,train,synthetic_ground_truth,"tts_positive_whole_clip energy_trim(top_db=40.0) clip=[0,0.6269]",complete,ground_truth,,0.01,0.6186,0.0,0.626938775510204,synthetic_whole_clip_energy_trim,,,,,,,,,,,True,synthetic_ground_truth,True,0.0,0.0
tts2_en_US-libritts_r-medium_spk846_pos1#gt000,tts2_en_US-libritts_r-medium_spk846_pos1,data/positives/tts2_en_US-libritts_r-medium_spk846_pos1.wav,en_US-libritts_r-medium-spk846,en_US-libritts_r-medium,en_US-libritts_r-medium-spk846,train,synthetic_ground_truth,"tts_positive_whole_clip energy_trim(top_db=40.0) clip=[0,0.5108]",complete,ground_truth,,0.01,0.5088,0.0,0.5108390022675737,synthetic_whole_clip_energy_trim,,,,,,,,,,,True,synthetic_ground_truth,True,0.0,0.0
tts2_en_US-libritts_r-medium_spk848_pos0#gt000,tts2_en_US-libritts_r-medium_spk848_pos0,data/positives/tts2_en_US-libritts_r-medium_spk848_pos0.wav,en_US-libritts_r-medium-spk848,en_US-libritts_r-medium,en_US-libritts_r-medium-spk848,test,synthetic_ground_truth,"tts_positive_whole_clip energy_trim(top_db=40.0) clip=[0,0.6618]",complete,ground_truth,,0.01,0.6585,0.0,0.6617687074829932,synthetic_whole_clip_energy_trim,,,,,,,,,,,True,synthetic_ground_truth,True,0.0,0.0
tts2_en_US-libritts_r-medium_spk848_pos1#gt000,tts2_en_US-libritts_r-medium_spk848_pos1,data/positives/tts2_en_US-libritts_r-medium_spk848_pos1.wav,en_US-libritts_r-medium-spk848,en_US-libritts_r-medium,en_US-libritts_r-medium-spk848,test,synthetic_ground_truth,"tts_positive_whole_clip energy_trim(top_db=40.0) clip=[0,0.6153]",complete,ground_truth,,0.01,0.6086,0.0,0.615328798185941,synthetic_whole_clip_energy_trim,,,,,,,,,,,True,synthetic_ground_truth,True,0.0,0.0
tts2_en_US-libritts_r-medium_spk849_pos0#gt000,tts2_en_US-libritts_r-medium_spk849_pos0,data/positives/tts2_en_US-libritts_r-medium_spk849_pos0.wav,en_US-libritts_r-medium-spk849,en_US-libritts_r-medium,en_US-libritts_r-medium-spk849,train,synthetic_ground_truth,"tts_positive_whole_clip energy_trim(top_db=40.0) clip=[0,0.8011]",complete,ground_truth,,0.01,0.7982,0.0,0.8010884353741496,synthetic_whole_clip_energy_trim,,,,,,,,,,,True,synthetic_ground_truth,True,0.0,0.0
tts2_en_US-libritts_r-medium_spk849_pos1#gt000,tts2_en_US-libritts_r-medium_spk849_pos1,data/positives/tts2_en_US-libritts_r-medium_spk849_pos1.wav,en_US-libritts_r-medium-spk849,en_US-libritts_r-medium,en_US-libritts_r-medium-spk849,train,synthetic_ground_truth,"tts_positive_whole_clip energy_trim(top_db=40.0) clip=[0,0.6153]",complete,ground_truth,,0.01,0.6086,0.0,0.615328798185941,synthetic_whole_clip_energy_trim,,,,,,,,,,,True,synthetic_ground_truth,True,0.0,0.0
tts2_en_US-libritts_r-medium_spk850_pos1#gt000,tts2_en_US-libritts_r-medium_spk850_pos1,data/positives/tts2_en_US-libritts_r-medium_spk850_pos1.wav,en_US-libritts_r-medium-spk850,en_US-libritts_r-medium,en_US-libritts_r-medium-spk850,test,synthetic_ground_truth,"tts_positive_whole_clip energy_trim(top_db=40.0) clip=[0,0.7779]",complete,ground_truth,,0.0,0.7683,0.0,0.7778684807256235,synthetic_whole_clip_energy_trim,,,,,,,,,,,True,synthetic_ground_truth,True,0.0,0.0
tts2_en_US-libritts_r-medium_spk857_pos0#gt000,tts2_en_US-libritts_r-medium_spk857_pos0,data/positives/tts2_en_US-libritts_r-medium_spk857_pos0.wav,en_US-libritts_r-medium-spk857,en_US-libritts_r-medium,en_US-libritts_r-medium-spk857,train,synthetic_ground_truth,"tts_positive_whole_clip energy_trim(top_db=40.0) clip=[0,0.9056]",complete,ground_truth,,0.01,0.898,0.0,0.905578231292517,synthetic_whole_clip_energy_trim,,,,,,,,,,,True,synthetic_ground_truth,True,0.0,0.0
tts2_en_US-libritts_r-medium_spk857_pos1#gt000,tts2_en_US-libritts_r-medium_spk857_pos1,data/positives/tts2_en_US-libritts_r-medium_spk857_pos1.wav,en_US-libritts_r-medium-spk857,en_US-libritts_r-medium,en_US-libritts_r-medium-spk857,train,synthetic_ground_truth,"tts_positive_whole_clip energy_trim(top_db=40.0) clip=[0,1.1146]",complete,ground_truth,,0.01,1.1075,0.0,1.1145578231292517,synthetic_whole_clip_energy_trim,,,,,,,,,,,True,synthetic_ground_truth,True,0.0,0.0
tts2_en_US-libritts_r-medium_spk858_pos0#gt000,tts2_en_US-libritts_r-medium_spk858_pos0,data/positives/tts2_en_US-libritts_r-medium_spk858_pos0.wav,en_US-libritts_r-medium-spk858,en_US-libritts_r-medium,en_US-libritts_r-medium-spk858,train,synthetic_ground_truth,"tts_positive_whole_clip energy_trim(top_db=40.0) clip=[0,1.0101]",complete,ground_truth,,0.01,1.0077,0.0,1.0100680272108844,synthetic_whole_clip_energy_trim,,,,,,,,,,,True,synthetic_ground_truth,True,0.0,0.0
tts2_en_US-libritts_r-medium_spk858_pos1#gt000,tts2_en_US-libritts_r-medium_spk858_pos1,data/positives/tts2_en_US-libritts_r-medium_spk858_pos1.wav,en_US-libritts_r-medium-spk858,en_US-libritts_r-medium,en_US-libritts_r-medium-spk858,train,synthetic_ground_truth,"tts_positive_whole_clip energy_trim(top_db=40.0) clip=[0,0.7314]",complete,ground_truth,,0.01,0.7283,0.0,0.7314285714285714,synthetic_whole_clip_energy_trim,,,,,,,,,,,True,synthetic_ground_truth,True,0.0,0.0
tts2_en_US-libritts_r-medium_spk864_pos0#gt000,tts2_en_US-libritts_r-medium_spk864_pos0,data/positives/tts2_en_US-libritts_r-medium_spk864_pos0.wav,en_US-libritts_r-medium-spk864,en_US-libritts_r-medium,en_US-libritts_r-medium-spk864,train,synthetic_ground_truth,"tts_positive_whole_clip energy_trim(top_db=40.0) clip=[0,0.6734]",complete,ground_truth,,0.01,0.6685,0.0,0.6733786848072563,synthetic_whole_clip_energy_trim,,,,,,,,,,,True,synthetic_ground_truth,True,0.0,0.0
tts2_en_US-libritts_r-medium_spk864_pos1#gt000,tts2_en_US-libritts_r-medium_spk864_pos1,data/positives/tts2_en_US-libritts_r-medium_spk864_pos1.wav,en_US-libritts_r-medium-spk864,en_US-libritts_r-medium,en_US-libritts_r-medium-spk864,train,synthetic_ground_truth,"tts_positive_whole_clip energy_trim(top_db=40.0) clip=[0,1.0101]",complete,ground_truth,,0.01,1.0077,0.0,1.0100680272108844,synthetic_whole_clip_energy_trim,,,,,,,,,,,True,synthetic_ground_truth,True,0.0,0.0
tts2_en_US-libritts_r-medium_spk871_pos1#gt000,tts2_en_US-libritts_r-medium_spk871_pos1,data/positives/tts2_en_US-libritts_r-medium_spk871_pos1.wav,en_US-libritts_r-medium-spk871,en_US-libritts_r-medium,en_US-libritts_r-medium-spk871,validation,synthetic_ground_truth,"tts_positive_whole_clip energy_trim(top_db=40.0) clip=[0,0.7663]",complete,ground_truth,,0.01,0.7583,0.0,0.7662585034013606,synthetic_whole_clip_energy_trim,,,,,,,,,,,True,synthetic_ground_truth,True,0.0,0.0
tts2_en_US-libritts_r-medium_spk873_pos0#gt000,tts2_en_US-libritts_r-medium_spk873_pos0,data/positives/tts2_en_US-libritts_r-medium_spk873_pos0.wav,en_US-libritts_r-medium-spk873,en_US-libritts_r-medium,en_US-libritts_r-medium-spk873,train,synthetic_ground_truth,"tts_positive_whole_clip energy_trim(top_db=40.0) clip=[0,0.7895]",complete,ground_truth,,0.01,0.7882,0.0,0.7894784580498866,synthetic_whole_clip_energy_trim,,,,,,,,,,,True,synthetic_ground_truth,True,0.0,0.0
tts2_en_US-libritts_r-medium_spk873_pos1#gt000,tts2_en_US-libritts_r-medium_spk873_pos1,data/positives/tts2_en_US-libritts_r-medium_spk873_pos1.wav,en_US-libritts_r-medium-spk873,en_US-libritts_r-medium,en_US-libritts_r-medium-spk873,train,synthetic_ground_truth,"tts_positive_whole_clip energy_trim(top_db=40.0) clip=[0,0.7314]",complete,ground_truth,,0.0,0.7184,0.0,0.7314285714285714,synthetic_whole_clip_energy_trim,,,,,,,,,,,True,synthetic_ground_truth,True,0.0,0.0
tts2_en_US-libritts_r-medium_spk876_pos0#gt000,tts2_en_US-libritts_r-medium_spk876_pos0,data/positives/tts2_en_US-libritts_r-medium_spk876_pos0.wav,en_US-libritts_r-medium-spk876,en_US-libritts_r-medium,en_US-libritts_r-medium-spk876,train,synthetic_ground_truth,"tts_positive_whole_clip energy_trim(top_db=40.0) clip=[0,0.7198]",complete,ground_truth,,0.01,0.7184,0.0,0.7198185941043084,synthetic_whole_clip_energy_trim,,,,,,,,,,,True,synthetic_ground_truth,True,0.0,0.0
tts2_en_US-libritts_r-medium_spk876_pos1#gt000,tts2_en_US-libritts_r-medium_spk876_pos1,data/positives/tts2_en_US-libritts_r-medium_spk876_pos1.wav,en_US-libritts_r-medium-spk876,en_US-libritts_r-medium,en_US-libritts_r-medium-spk876,train,synthetic_ground_truth,"tts_positive_whole_clip energy_trim(top_db=40.0) clip=[0,1.0565]",complete,ground_truth,,0.0,1.0476,0.0,1.0565079365079366,synthetic_whole_clip_energy_trim,,,,,,,,,,,True,synthetic_ground_truth,True,0.0,0.0
tts2_en_US-libritts_r-medium_spk879_pos1#gt000,tts2_en_US-libritts_r-medium_spk879_pos1,data/positives/tts2_en_US-libritts_r-medium_spk879_pos1.wav,en_US-libritts_r-medium-spk879,en_US-libritts_r-medium,en_US-libritts_r-medium-spk879,test,synthetic_ground_truth,"tts_positive_whole_clip energy_trim(top_db=40.0) clip=[0,0.7082]",complete,ground_truth,,0.01,0.6984,0.0,0.7082086167800453,synthetic_whole_clip_energy_trim,,,,,,,,,,,True,synthetic_ground_truth,True,0.0,0.0
tts2_en_US-libritts_r-medium_spk886_pos0#gt000,tts2_en_US-libritts_r-medium_spk886_pos0,data/positives/tts2_en_US-libritts_r-medium_spk886_pos0.wav,en_US-libritts_r-medium-spk886,en_US-libritts_r-medium,en_US-libritts_r-medium-spk886,train,synthetic_ground_truth,"tts_positive_whole_clip energy_trim(top_db=40.0) clip=[0,0.8359]",complete,ground_truth,,0.01,0.8281,0.0,0.8359183673469388,synthetic_whole_clip_energy_trim,,,,,,,,,,,True,synthetic_ground_truth,True,0.0,0.0
tts2_en_US-libritts_r-medium_spk886_pos1#gt000,tts2_en_US-libritts_r-medium_spk886_pos1,data/positives/tts2_en_US-libritts_r-medium_spk886_pos1.wav,en_US-libritts_r-medium-spk886,en_US-libritts_r-medium,en_US-libritts_r-medium-spk886,train,synthetic_ground_truth,"tts_positive_whole_clip energy_trim(top_db=40.0) clip=[0,1.1494]",complete,ground_truth,,0.01,1.1474,0.0,1.1493877551020408,synthetic_whole_clip_energy_trim,,,,,,,,,,,True,synthetic_ground_truth,True,0.0,0.0
tts2_en_US-libritts_r-medium_spk887_pos0#gt000,tts2_en_US-libritts_r-medium_spk887_pos0,data/positives/tts2_en_US-libritts_r-medium_spk887_pos0.wav,en_US-libritts_r-medium-spk887,en_US-libritts_r-medium,en_US-libritts_r-medium-spk887,train,synthetic_ground_truth,"tts_positive_whole_clip energy_trim(top_db=40.0) clip=[0,0.8475]",complete,ground_truth,,0.01,0.8381,0.0,0.8475283446712019,synthetic_whole_clip_energy_trim,,,,,,,,,,,True,synthetic_ground_truth,True,0.0,0.0
tts2_en_US-libritts_r-medium_spk887_pos1#gt000,tts2_en_US-libritts_r-medium_spk887_pos1,data/positives/tts2_en_US-libritts_r-medium_spk887_pos1.wav,en_US-libritts_r-medium-spk887,en_US-libritts_r-medium,en_US-libritts_r-medium-spk887,train,synthetic_ground_truth,"tts_positive_whole_clip energy_trim(top_db=40.0) clip=[0,0.9868]",complete,ground_truth,,0.01,0.9778,0.0,0.9868480725623584,synthetic_whole_clip_energy_trim,,,,,,,,,,,True,synthetic_ground_truth,True,0.0,0.0
tts2_en_US-libritts_r-medium_spk88_pos0#gt000,tts2_en_US-libritts_r-medium_spk88_pos0,data/positives/tts2_en_US-libritts_r-medium_spk88_pos0.wav,en_US-libritts_r-medium-spk88,en_US-libritts_r-medium,en_US-libritts_r-medium-spk88,validation,synthetic_ground_truth,"tts_positive_whole_clip energy_trim(top_db=40.0) clip=[0,0.6385]",complete,ground_truth,,0.01,0.6385,0.0,0.6385487528344671,synthetic_whole_clip_energy_trim,,,,,,,,,,,True,synthetic_ground_truth,True,0.0,0.0
tts2_en_US-libritts_r-medium_spk88_pos1#gt000,tts2_en_US-libritts_r-medium_spk88_pos1,data/positives/tts2_en_US-libritts_r-medium_spk88_pos1.wav,en_US-libritts_r-medium-spk88,en_US-libritts_r-medium,en_US-libritts_r-medium-spk88,validation,synthetic_ground_truth,"tts_positive_whole_clip energy_trim(top_db=40.0) clip=[0,0.7779]",complete,ground_truth,,0.01,0.7683,0.0,0.7778684807256235,synthetic_whole_clip_energy_trim,,,,,,,,,,,True,synthetic_ground_truth,True,0.0,0.0
tts2_en_US-libritts_r-medium_spk892_pos0#gt000,tts2_en_US-libritts_r-medium_spk892_pos0,data/positives/tts2_en_US-libritts_r-medium_spk892_pos0.wav,en_US-libritts_r-medium-spk892,en_US-libritts_r-medium,en_US-libritts_r-medium-spk892,train,synthetic_ground_truth,"tts_positive_whole_clip energy_trim(top_db=40.0) clip=[0,0.7546]",complete,ground_truth,,0.01,0.7483,0.0,0.7546485260770975,synthetic_whole_clip_energy_trim,,,,,,,,,,,True,synthetic_ground_truth,True,0.0,0.0
tts2_en_US-libritts_r-medium_spk892_pos1#gt000,tts2_en_US-libritts_r-medium_spk892_pos1,data/positives/tts2_en_US-libritts_r-medium_spk892_pos1.wav,en_US-libritts_r-medium-spk892,en_US-libritts_r-medium,en_US-libritts_r-medium-spk892,train,synthetic_ground_truth,"tts_positive_whole_clip energy_trim(top_db=40.0) clip=[0,0.6850]",complete,ground_truth,,0.01,0.6785,0.0,0.6849886621315193,synthetic_whole_clip_energy_trim,,,,,,,,,,,True,synthetic_ground_truth,True,0.0,0.0
tts2_en_US-libritts_r-medium_spk898_pos0#gt000,tts2_en_US-libritts_r-medium_spk898_pos0,data/positives/tts2_en_US-libritts_r-medium_spk898_pos0.wav,en_US-libritts_r-medium-spk898,en_US-libritts_r-medium,en_US-libritts_r-medium-spk898,train,synthetic_ground_truth,"tts_positive_whole_clip energy_trim(top_db=40.0) clip=[0,0.6618]",complete,ground_truth,,0.01,0.6585,0.0,0.6617687074829932,synthetic_whole_clip_energy_trim,,,,,,,,,,,True,synthetic_ground_truth,True,0.0,0.0
tts2_en_US-libritts_r-medium_spk898_pos1#gt000,tts2_en_US-libritts_r-medium_spk898_pos1,data/positives/tts2_en_US-libritts_r-medium_spk898_pos1.wav,en_US-libritts_r-medium-spk898,en_US-libritts_r-medium,en_US-libritts_r-medium-spk898,train,synthetic_ground_truth,"tts_positive_whole_clip energy_trim(top_db=40.0) clip=[0,1.1610]",complete,ground_truth,,0.01,1.1574,0.0,1.160997732426304,synthetic_whole_clip_energy_trim,,,,,,,,,,,True,synthetic_ground_truth,True,0.0,0.0
tts2_en_US-libritts_r-medium_spk900_pos0#gt000,tts2_en_US-libritts_r-medium_spk900_pos0,data/positives/tts2_en_US-libritts_r-medium_spk900_pos0.wav,en_US-libritts_r-medium-spk900,en_US-libritts_r-medium,en_US-libritts_r-medium-spk900,train,synthetic_ground_truth,"tts_positive_whole_clip energy_trim(top_db=40.0) clip=[0,0.7314]",complete,ground_truth,,0.0299,0.7283,0.0,0.7314285714285714,synthetic_whole_clip_energy_trim,,,,,,,,,,,True,synthetic_ground_truth,True,0.0,0.0
tts2_en_US-libritts_r-medium_spk900_pos1#gt000,tts2_en_US-libritts_r-medium_spk900_pos1,data/positives/tts2_en_US-libritts_r-medium_spk900_pos1.wav,en_US-libritts_r-medium-spk900,en_US-libritts_r-medium,en_US-libritts_r-medium-spk900,train,synthetic_ground_truth,"tts_positive_whole_clip energy_trim(top_db=40.0) clip=[0,0.8359]",complete,ground_truth,,0.01,0.8281,0.0,0.8359183673469388,synthetic_whole_clip_energy_trim,,,,,,,,,,,True,synthetic_ground_truth,True,0.0,0.0
tts2_en_US-libritts_r-medium_spk94_pos0#gt000,tts2_en_US-libritts_r-medium_spk94_pos0,data/positives/tts2_en_US-libritts_r-medium_spk94_pos0.wav,en_US-libritts_r-medium-spk94,en_US-libritts_r-medium,en_US-libritts_r-medium-spk94,train,synthetic_ground_truth,"tts_positive_whole_clip energy_trim(top_db=40.0) clip=[0,1.2655]",complete,ground_truth,,0.01,1.1973,0.0,1.2654875283446712,synthetic_whole_clip_energy_trim,,,,,,,,,,,True,synthetic_ground_truth,True,0.0,0.0
tts2_en_US-libritts_r-medium_spk94_pos1#gt000,tts2_en_US-libritts_r-medium_spk94_pos1,data/positives/tts2_en_US-libritts_r-medium_spk94_pos1.wav,en_US-libritts_r-medium-spk94,en_US-libritts_r-medium,en_US-libritts_r-medium-spk94,train,synthetic_ground_truth,"tts_positive_whole_clip energy_trim(top_db=40.0) clip=[0,1.0797]",complete,ground_truth,,0.01,1.0776,0.0,1.0797278911564625,synthetic_whole_clip_energy_trim,,,,,,,,,,,True,synthetic_ground_truth,True,0.0,0.0
tts2_en_US-libritts_r-medium_spk9_pos0#gt000,tts2_en_US-libritts_r-medium_spk9_pos0,data/positives/tts2_en_US-libritts_r-medium_spk9_pos0.wav,en_US-libritts_r-medium-spk9,en_US-libritts_r-medium,en_US-libritts_r-medium-spk9,train,synthetic_ground_truth,"tts_positive_whole_clip energy_trim(top_db=40.0) clip=[0,1.5441]",complete,ground_truth,,0.01,1.5365,0.0,1.5441269841269842,synthetic_whole_clip_energy_trim,,,,,,,,,,,True,synthetic_ground_truth,True,0.0,0.0
tts2_en_US-libritts_r-medium_spk9_pos1#gt000,tts2_en_US-libritts_r-medium_spk9_pos1,data/positives/tts2_en_US-libritts_r-medium_spk9_pos1.wav,en_US-libritts_r-medium-spk9,en_US-libritts_r-medium,en_US-libritts_r-medium-spk9,train,synthetic_ground_truth,"tts_positive_whole_clip energy_trim(top_db=40.0) clip=[0,0.6618]",complete,ground_truth,,0.01,0.6585,0.0,0.6617687074829932,synthetic_whole_clip_energy_trim,,,,,,,,,,,True,synthetic_ground_truth,True,0.0,0.0
tts2_en_US-ljspeech-medium_spk0_pos0#gt000,tts2_en_US-ljspeech-medium_spk0_pos0,data/positives/tts2_en_US-ljspeech-medium_spk0_pos0.wav,en_US-ljspeech-medium-spk0,en_US-ljspeech-medium,en_US-ljspeech-medium-spk0,train,synthetic_ground_truth,"tts_positive_whole_clip energy_trim(top_db=40.0) clip=[0,0.9636]",complete,ground_truth,,0.0,0.8281,0.0,0.9636281179138322,synthetic_whole_clip_energy_trim,,,,,,,,,,,True,synthetic_ground_truth,True,0.0,0.0
tts2_en_US-ljspeech-medium_spk0_pos1#gt000,tts2_en_US-ljspeech-medium_spk0_pos1,data/positives/tts2_en_US-ljspeech-medium_spk0_pos1.wav,en_US-ljspeech-medium-spk0,en_US-ljspeech-medium,en_US-ljspeech-medium-spk0,train,synthetic_ground_truth,"tts_positive_whole_clip energy_trim(top_db=40.0) clip=[0,0.8707]",complete,ground_truth,,0.0,0.8281,0.0,0.8707482993197279,synthetic_whole_clip_energy_trim,,,,,,,,,,,True,synthetic_ground_truth,True,0.0,0.0
tts2_en_US-mike-medium_spk0_pos0#gt000,tts2_en_US-mike-medium_spk0_pos0,data/positives/tts2_en_US-mike-medium_spk0_pos0.wav,en_US-mike-medium-spk0,en_US-mike-medium,en_US-mike-medium-spk0,train,synthetic_ground_truth,"tts_positive_whole_clip energy_trim(top_db=40.0) clip=[0,0.8359]",complete,ground_truth,,0.0798,0.6785,0.0,0.8359183673469388,synthetic_whole_clip_energy_trim,,,,,,,,,,,True,synthetic_ground_truth,True,0.0,0.0
tts2_en_US-mike-medium_spk0_pos1#gt000,tts2_en_US-mike-medium_spk0_pos1,data/positives/tts2_en_US-mike-medium_spk0_pos1.wav,en_US-mike-medium-spk0,en_US-mike-medium,en_US-mike-medium-spk0,train,synthetic_ground_truth,"tts_positive_whole_clip energy_trim(top_db=40.0) clip=[0,0.7663]",complete,ground_truth,,0.0499,0.6585,0.0,0.7662585034013606,synthetic_whole_clip_energy_trim,,,,,,,,,,,True,synthetic_ground_truth,True,0.0,0.0
tts2_en_US-sam-medium_spk0_pos0#gt000,tts2_en_US-sam-medium_spk0_pos0,data/positives/tts2_en_US-sam-medium_spk0_pos0.wav,en_US-sam-medium-spk0,en_US-sam-medium,en_US-sam-medium-spk0,train,synthetic_ground_truth,"tts_positive_whole_clip energy_trim(top_db=40.0) clip=[0,1.0681]",complete,ground_truth,,0.1297,0.858,0.0,1.0681179138321997,synthetic_whole_clip_energy_trim,,,,,,,,,,,True,synthetic_ground_truth,True,0.0,0.0
tts2_en_US-sam-medium_spk0_pos1#gt000,tts2_en_US-sam-medium_spk0_pos1,data/positives/tts2_en_US-sam-medium_spk0_pos1.wav,en_US-sam-medium-spk0,en_US-sam-medium,en_US-sam-medium-spk0,train,synthetic_ground_truth,"tts_positive_whole_clip energy_trim(top_db=40.0) clip=[0,0.9985]",complete,ground_truth,,0.1197,0.7583,0.0,0.9984580498866212,synthetic_whole_clip_energy_trim,,,,,,,,,,,True,synthetic_ground_truth,True,0.0,0.0
Manual-Fil-RPI10#humanhuman-0000,Manual-Fil-RPI10,data/positives/Manual-Fil-RPI10.wav,Manual-Fil-RPI10,,Manual-Fil-RPI10,train,human,,complete,reviewed,,0.45,1.413,0.45,1.413,human,,,,,,,recording_owner,2026-09-28T00:00:00Z,owner listened: Hey Delta bounds marked by ear,add,True,human,True,0.0,0.0
Manual-Fil-RPI11#humanhuman-0001,Manual-Fil-RPI11,data/positives/Manual-Fil-RPI11.wav,Manual-Fil-RPI11,,Manual-Fil-RPI11,validation,human,,complete,reviewed,,0.47,1.392,0.47,1.392,human,,,,,,,recording_owner,2026-09-28T00:00:00Z,owner listened: Hey Delta bounds marked by ear,add,True,human,True,0.0,0.0
Manual-Fil-RPI16#humanhuman-0002,Manual-Fil-RPI16,data/positives/Manual-Fil-RPI16.wav,Manual-Fil-RPI16,,Manual-Fil-RPI16,train,human,,complete,reviewed,,0.42,1.445,0.42,1.445,human,,,,,,,recording_owner,2026-09-28T00:00:00Z,owner listened: Hey Delta bounds marked by ear,add,True,human,True,0.0,0.0
Manual-Fil-RPI17#humanhuman-0003,Manual-Fil-RPI17,data/positives/Manual-Fil-RPI17.wav,Manual-Fil-RPI17,,Manual-Fil-RPI17,train,human,,complete,reviewed,,0.6,1.691,0.6,1.691,human,,,,,,,recording_owner,2026-09-28T00:00:00Z,owner listened: Hey Delta bounds marked by ear,add,True,human,True,0.0,0.0
Manual-Fil-RPI18#humanhuman-0004,Manual-Fil-RPI18,data/positives/Manual-Fil-RPI18.wav,Manual-Fil-RPI18,,Manual-Fil-RPI18,train,human,,complete,reviewed,,0.8,1.6962,0.8,1.6962,human,,,,,,,recording_owner,2026-09-28T00:00:00Z,owner listened: Hey Delta bounds marked by ear,add,True,human,True,0.0,0.0
Manual-Fil-RPI29#humanhuman-0005,Manual-Fil-RPI29,data/positives/Manual-Fil-RPI29.wav,Manual-Fil-RPI29,,Manual-Fil-RPI29,validation,human,,complete,reviewed,,0.35,1.594,0.35,1.594,human,,,,,,,recording_owner,2026-09-28T00:00:00Z,owner listened: Hey Delta bounds marked by ear,add,True,human,True,0.0,0.0
Manual-Fil-RPI30#humanhuman-0006,Manual-Fil-RPI30,data/positives/Manual-Fil-RPI30.wav,Manual-Fil-RPI30,,Manual-Fil-RPI30,train,human,,complete,reviewed,,0.3,1.493,0.3,1.493,human,,,,,,,recording_owner,2026-09-28T00:00:00Z,owner listened: Hey Delta bounds marked by ear,add,True,human,True,0.0,0.0
Manual-Fil-RPI31#humanhuman-0007,Manual-Fil-RPI31,data/positives/Manual-Fil-RPI31.wav,Manual-Fil-RPI31,,Manual-Fil-RPI31,train,human,,complete,reviewed,,0.42,1.675,0.42,1.675,human,,,,,,,recording_owner,2026-09-28T00:00:00Z,owner listened: Hey Delta bounds marked by ear,add,True,human,True,0.0,0.0
Manual-Fil-RPI32#humanhuman-0008,Manual-Fil-RPI32,data/positives/Manual-Fil-RPI32.wav,Manual-Fil-RPI32,,Manual-Fil-RPI32,train,human,,complete,reviewed,,0.65,1.76,0.65,1.76,human,,,,,,,recording_owner,2026-09-28T00:00:00Z,owner listened: Hey Delta bounds marked by ear,add,True,human,True,0.0,0.0
Manual-Fil-RPI33#humanhuman-0009,Manual-Fil-RPI33,data/positives/Manual-Fil-RPI33.wav,Manual-Fil-RPI33,,Manual-Fil-RPI33,test,human,,complete,reviewed,,0.5,1.435,0.5,1.435,human,,,,,,,recording_owner,2026-09-28T00:00:00Z,owner listened: Hey Delta bounds marked by ear,add,True,human,True,0.0,0.0
Manual-Fil-RPI34#humanhuman-0010,Manual-Fil-RPI34,data/positives/Manual-Fil-RPI34.wav,Manual-Fil-RPI34,,Manual-Fil-RPI34,train,human,,complete,reviewed,,0.56,1.643,0.56,1.643,human,,,,,,,recording_owner,2026-09-28T00:00:00Z,owner listened: Hey Delta bounds marked by ear,add,True,human,True,0.0,0.0
Manual-Fil-RPI35#humanhuman-0011,Manual-Fil-RPI35,data/positives/Manual-Fil-RPI35.wav,Manual-Fil-RPI35,,Manual-Fil-RPI35,train,human,,complete,reviewed,,0.45,1.53,0.45,1.53,human,,,,,,,recording_owner,2026-09-28T00:00:00Z,owner listened: Hey Delta bounds marked by ear,add,True,human,True,0.0,0.0
Manual-Fil-RPI42#humanhuman-0012,Manual-Fil-RPI42,data/positives/Manual-Fil-RPI42.wav,Manual-Fil-RPI42,,Manual-Fil-RPI42,train,human,,complete,reviewed,,0.55,1.56,0.55,1.56,human,,,,,,,recording_owner,2026-09-28T00:00:00Z,owner listened: Hey Delta bounds marked by ear,add,True,human,True,0.0,0.0
Manual-Fil-RPI43#humanhuman-0013,Manual-Fil-RPI43,data/positives/Manual-Fil-RPI43.wav,Manual-Fil-RPI43,,Manual-Fil-RPI43,train,human,,complete,reviewed,,0.4,1.525,0.4,1.525,human,,,,,,,recording_owner,2026-09-28T00:00:00Z,owner listened: Hey Delta bounds marked by ear,add,True,human,True,0.0,0.0
Manual-Fil-RPI45#humanhuman-0014,Manual-Fil-RPI45,data/positives/Manual-Fil-RPI45.wav,Manual-Fil-RPI45,,Manual-Fil-RPI45,test,human,,complete,reviewed,,0.32,1.344,0.32,1.344,human,,,,,,,recording_owner,2026-09-28T00:00:00Z,owner listened: Hey Delta bounds marked by ear,add,True,human,True,0.0,0.0
Manual-Fil-RPI47#humanhuman-0015,Manual-Fil-RPI47,data/positives/Manual-Fil-RPI47.wav,Manual-Fil-RPI47,,Manual-Fil-RPI47,train,human,,complete,reviewed,,0.4,1.547,0.4,1.547,human,,,,,,,recording_owner,2026-09-28T00:00:00Z,owner listened: Hey Delta bounds marked by ear,add,True,human,True,0.0,0.0
Manual-Fil-RPI48#humanhuman-0016,Manual-Fil-RPI48,data/positives/Manual-Fil-RPI48.wav,Manual-Fil-RPI48,,Manual-Fil-RPI48,train,human,,complete,reviewed,,0.43,1.547,0.43,1.547,human,,,,,,,recording_owner,2026-09-28T00:00:00Z,owner listened: Hey Delta bounds marked by ear,add,True,human,True,0.0,0.0
Manual-Fil-RPI50#humanhuman-0017,Manual-Fil-RPI50,data/positives/Manual-Fil-RPI50.wav,Manual-Fil-RPI50,,Manual-Fil-RPI50,train,human,,complete,reviewed,,0.96,2.1,0.96,2.1,human,,,,,,,recording_owner,2026-09-28T00:00:00Z,owner listened: Hey Delta bounds marked by ear,add,True,human,True,0.0,0.0
Manual-Fil-RPI51#humanhuman-0018,Manual-Fil-RPI51,data/positives/Manual-Fil-RPI51.wav,Manual-Fil-RPI51,,Manual-Fil-RPI51,train,human,,complete,reviewed,,0.475,1.611,0.475,1.611,human,,,,,,,recording_owner,2026-09-28T00:00:00Z,owner listened: Hey Delta bounds marked by ear,add,True,human,True,0.0,0.0
Manual-Fil-RPI52#humanhuman-0019,Manual-Fil-RPI52,data/positives/Manual-Fil-RPI52.wav,Manual-Fil-RPI52,,Manual-Fil-RPI52,train,human,,complete,reviewed,,0.6,1.707,0.6,1.707,human,,,,,,,recording_owner,2026-09-28T00:00:00Z,owner listened: Hey Delta bounds marked by ear,add,True,human,True,0.0,0.0
Manual-Fil-RPI53#humanhuman-0020,Manual-Fil-RPI53,data/positives/Manual-Fil-RPI53.wav,Manual-Fil-RPI53,,Manual-Fil-RPI53,train,human,,complete,reviewed,,0.7,1.627,0.7,1.627,human,,,,,,,recording_owner,2026-09-28T00:00:00Z,owner listened: Hey Delta bounds marked by ear,add,True,human,True,0.0,0.0
Manual-Fil-RPI54#humanhuman-0021,Manual-Fil-RPI54,data/positives/Manual-Fil-RPI54.wav,Manual-Fil-RPI54,,Manual-Fil-RPI54,train,human,,complete,reviewed,,0.5,1.659,0.5,1.659,human,,,,,,,recording_owner,2026-09-28T00:00:00Z,owner listened: Hey Delta bounds marked by ear,add,True,human,True,0.0,0.0
Manual-Fil-RPI55#humanhuman-0022,Manual-Fil-RPI55,data/positives/Manual-Fil-RPI55.wav,Manual-Fil-RPI55,,Manual-Fil-RPI55,train,human,,complete,reviewed,,0.66,1.589,0.66,1.589,human,,,,,,,recording_owner,2026-09-28T00:00:00Z,owner listened: Hey Delta bounds marked by ear,add,True,human,True,0.0,0.0
Manual-Fil-RPI56#humanhuman-0023,Manual-Fil-RPI56,data/positives/Manual-Fil-RPI56.wav,Manual-Fil-RPI56,,Manual-Fil-RPI56,train,human,,complete,reviewed,,0.528,1.424,0.528,1.424,human,,,,,,,recording_owner,2026-09-28T00:00:00Z,owner listened: Hey Delta bounds marked by ear,add,True,human,True,0.0,0.0
Manual-Fil-RPI57#humanhuman-0024,Manual-Fil-RPI57,data/positives/Manual-Fil-RPI57.wav,Manual-Fil-RPI57,,Manual-Fil-RPI57,train,human,,complete,reviewed,,0.45,1.541,0.45,1.541,human,,,,,,,recording_owner,2026-09-28T00:00:00Z,owner listened: Hey Delta bounds marked by ear,add,True,human,True,0.0,0.0
Manual-Fil-RPI58#humanhuman-0025,Manual-Fil-RPI58,data/positives/Manual-Fil-RPI58.wav,Manual-Fil-RPI58,,Manual-Fil-RPI58,train,human,,complete,reviewed,,0.65,1.659,0.65,1.659,human,,,,,,,recording_owner,2026-09-28T00:00:00Z,owner listened: Hey Delta bounds marked by ear,add,True,human,True,0.0,0.0
Manual-Fil-RPI59#humanhuman-0026,Manual-Fil-RPI59,data/positives/Manual-Fil-RPI59.wav,Manual-Fil-RPI59,,Manual-Fil-RPI59,train,human,,complete,reviewed,,0.8,1.803,0.8,1.803,human,,,,,,,recording_owner,2026-09-28T00:00:00Z,owner listened: Hey Delta bounds marked by ear,add,True,human,True,0.0,0.0
Manual-Fil-RPI60#humanhuman-0027,Manual-Fil-RPI60,data/positives/Manual-Fil-RPI60.wav,Manual-Fil-RPI60,,Manual-Fil-RPI60,validation,human,,complete,reviewed,,0.58,1.5,0.58,1.5,human,,,,,,,recording_owner,2026-09-28T00:00:00Z,owner listened: Hey Delta bounds marked by ear,add,True,human,True,0.0,0.0
Manual-Fil-RPI61#humanhuman-0028,Manual-Fil-RPI61,data/positives/Manual-Fil-RPI61.wav,Manual-Fil-RPI61,,Manual-Fil-RPI61,train,human,,complete,reviewed,,0.58,1.632,0.58,1.632,human,,,,,,,recording_owner,2026-09-28T00:00:00Z,owner listened: Hey Delta bounds marked by ear,add,True,human,True,0.0,0.0
Manual-Fil-RPI41#humanhuman-0029,Manual-Fil-RPI41,data/positives/Manual-Fil-RPI41.wav,Manual-Fil-RPI41,,Manual-Fil-RPI41,train,human,,complete,reviewed,,1.4,2.557,1.4,2.557,human,,,,,,,recording_owner,2026-09-28T00:00:00Z,owner listened: Hey Delta bounds marked by ear,add,True,human,True,0.0,0.0
Manual-Fil-RPI49#humanhuman-0030,Manual-Fil-RPI49,data/positives/Manual-Fil-RPI49.wav,Manual-Fil-RPI49,,Manual-Fil-RPI49,train,human,,complete,reviewed,,0.923,1.9,0.923,1.9,human,,,,,,,recording_owner,2026-09-28T00:00:00Z,owner listened: Hey Delta bounds marked by ear,add,True,human,True,0.0,0.0
Manual-Fil-RPI23#humanhuman-0031,Manual-Fil-RPI23,data/positives/Manual-Fil-RPI23.wav,Manual-Fil-RPI23,,Manual-Fil-RPI23,train,human,,complete,reviewed,,0.5,1.259,0.5,1.259,human,,,,,,,recording_owner,2026-09-28T00:00:00Z,owner listened: 1 of 9 Hey Delta in file; bounds marked by ear,add,True,human,True,0.0,0.0
Manual-Fil-RPI23#humanhuman-0032,Manual-Fil-RPI23,data/positives/Manual-Fil-RPI23.wav,Manual-Fil-RPI23,,Manual-Fil-RPI23,train,human,,complete,reviewed,,1.5,2.75,1.5,2.75,human,,,,,,,recording_owner,2026-09-28T00:00:00Z,owner listened: 2 of 9 Hey Delta in file; bounds marked by ear,add,True,human,True,0.0,0.0
Manual-Fil-RPI23#humanhuman-0033,Manual-Fil-RPI23,data/positives/Manual-Fil-RPI23.wav,Manual-Fil-RPI23,,Manual-Fil-RPI23,train,human,,complete,reviewed,,3.0,3.9,3.0,3.9,human,,,,,,,recording_owner,2026-09-28T00:00:00Z,owner listened: 3 of 9 Hey Delta in file; bounds marked by ear,add,True,human,True,0.0,0.0
Manual-Fil-RPI23#humanhuman-0034,Manual-Fil-RPI23,data/positives/Manual-Fil-RPI23.wav,Manual-Fil-RPI23,,Manual-Fil-RPI23,train,human,,complete,reviewed,,4.5,5.3,4.5,5.3,human,,,,,,,recording_owner,2026-09-28T00:00:00Z,owner listened: 4 of 9 Hey Delta in file; bounds marked by ear,add,True,human,True,0.0,0.0
Manual-Fil-RPI23#humanhuman-0035,Manual-Fil-RPI23,data/positives/Manual-Fil-RPI23.wav,Manual-Fil-RPI23,,Manual-Fil-RPI23,train,human,,complete,reviewed,,6.0,7.1,6.0,7.1,human,,,,,,,recording_owner,2026-09-28T00:00:00Z,owner listened: 5 of 9 Hey Delta in file; bounds marked by ear,add,True,human,True,0.0,0.0
Manual-Fil-RPI23#humanhuman-0036,Manual-Fil-RPI23,data/positives/Manual-Fil-RPI23.wav,Manual-Fil-RPI23,,Manual-Fil-RPI23,train,human,,complete,reviewed,,7.8,8.6,7.8,8.6,human,,,,,,,recording_owner,2026-09-28T00:00:00Z,owner listened: 6 of 9 Hey Delta in file; bounds marked by ear,add,True,human,True,0.0,0.0
Manual-Fil-RPI23#humanhuman-0037,Manual-Fil-RPI23,data/positives/Manual-Fil-RPI23.wav,Manual-Fil-RPI23,,Manual-Fil-RPI23,train,human,,complete,reviewed,,9.3,10.5,9.3,10.5,human,,,,,,,recording_owner,2026-09-28T00:00:00Z,owner listened: 7 of 9 Hey Delta in file; bounds marked by ear,add,True,human,True,0.0,0.0
Manual-Fil-RPI23#humanhuman-0038,Manual-Fil-RPI23,data/positives/Manual-Fil-RPI23.wav,Manual-Fil-RPI23,,Manual-Fil-RPI23,train,human,,complete,reviewed,,10.9,11.9,10.9,11.9,human,,,,,,,recording_owner,2026-09-28T00:00:00Z,owner listened: 8 of 9 Hey Delta in file; bounds marked by ear,add,True,human,True,0.0,0.0
Manual-Fil-RPI23#humanhuman-0039,Manual-Fil-RPI23,data/positives/Manual-Fil-RPI23.wav,Manual-Fil-RPI23,,Manual-Fil-RPI23,train,human,,complete,reviewed,,12.5,13.3,12.5,13.3,human,,,,,,,recording_owner,2026-09-28T00:00:00Z,owner listened: 9 of 9 Hey Delta in file; bounds marked by ear,add,True,human,True,0.0,0.0
Manual-Fil-RPI65#humanhuman-0040,Manual-Fil-RPI65,data/positives/Manual-Fil-RPI65.wav,Manual-Fil-RPI65,,Manual-Fil-RPI65,train,human,,complete,reviewed,,0.68,1.8,0.68,1.8,human,,,,,,,recording_owner,2026-09-29T00:00:00Z,owner listened: 1 of 8 Hey Delta in file; bounds marked by ear (owner_timing_2026-09-29.csv); Wakeword on media,add,True,human,True,0.0,0.0
Manual-Fil-RPI65#humanhuman-0041,Manual-Fil-RPI65,data/positives/Manual-Fil-RPI65.wav,Manual-Fil-RPI65,,Manual-Fil-RPI65,train,human,,complete,reviewed,,3.8,4.73,3.8,4.73,human,,,,,,,recording_owner,2026-09-29T00:00:00Z,owner listened: 2 of 8 Hey Delta in file; bounds marked by ear (owner_timing_2026-09-29.csv); Wakeword on media,add,True,human,True,0.0,0.0
Manual-Fil-RPI65#humanhuman-0042,Manual-Fil-RPI65,data/positives/Manual-Fil-RPI65.wav,Manual-Fil-RPI65,,Manual-Fil-RPI65,train,human,,complete,reviewed,,6.25,7.4,6.25,7.4,human,,,,,,,recording_owner,2026-09-29T00:00:00Z,owner listened: 3 of 8 Hey Delta in file; bounds marked by ear (owner_timing_2026-09-29.csv); Wakeword on media,add,True,human,True,0.0,0.0
Manual-Fil-RPI65#humanhuman-0043,Manual-Fil-RPI65,data/positives/Manual-Fil-RPI65.wav,Manual-Fil-RPI65,,Manual-Fil-RPI65,train,human,,complete,reviewed,,9.6,10.6,9.6,10.6,human,,,,,,,recording_owner,2026-09-29T00:00:00Z,owner listened: 4 of 8 Hey Delta in file; bounds marked by ear (owner_timing_2026-09-29.csv); Wakeword on media,add,True,human,True,0.0,0.0
Manual-Fil-RPI65#humanhuman-0044,Manual-Fil-RPI65,data/positives/Manual-Fil-RPI65.wav,Manual-Fil-RPI65,,Manual-Fil-RPI65,train,human,,complete,reviewed,,15.8,16.95,15.8,16.95,human,,,,,,,recording_owner,2026-09-29T00:00:00Z,owner listened: 5 of 8 Hey Delta in file; bounds marked by ear (owner_timing_2026-09-29.csv); Wakeword on media,add,True,human,True,0.0,0.0
Manual-Fil-RPI65#humanhuman-0045,Manual-Fil-RPI65,data/positives/Manual-Fil-RPI65.wav,Manual-Fil-RPI65,,Manual-Fil-RPI65,train,human,,complete,reviewed,,17.5,18.7,17.5,18.7,human,,,,,,,recording_owner,2026-09-29T00:00:00Z,owner listened: 6 of 8 Hey Delta in file; bounds marked by ear (owner_timing_2026-09-29.csv); Wakeword on media,add,True,human,True,0.0,0.0
Manual-Fil-RPI65#humanhuman-0046,Manual-Fil-RPI65,data/positives/Manual-Fil-RPI65.wav,Manual-Fil-RPI65,,Manual-Fil-RPI65,train,human,,complete,reviewed,,20.4,21.54,20.4,21.54,human,,,,,,,recording_owner,2026-09-29T00:00:00Z,owner listened: 7 of 8 Hey Delta in file; bounds marked by ear (owner_timing_2026-09-29.csv); Wakeword on media,add,True,human,True,0.0,0.0
Manual-Fil-RPI65#humanhuman-0047,Manual-Fil-RPI65,data/positives/Manual-Fil-RPI65.wav,Manual-Fil-RPI65,,Manual-Fil-RPI65,train,human,,complete,reviewed,,24.46,25.55,24.46,25.55,human,,,,,,,recording_owner,2026-09-29T00:00:00Z,owner listened: 8 of 8 Hey Delta in file; bounds marked by ear (owner_timing_2026-09-29.csv); Wakeword on media,add,True,human,True,0.0,0.0
Manual-Fil-RPI66#humanhuman-0048,Manual-Fil-RPI66,data/positives/Manual-Fil-RPI66.wav,Manual-Fil-RPI66,,Manual-Fil-RPI66,train,human,,complete,reviewed,,0.6,1.73,0.6,1.73,human,,,,,,,recording_owner,2026-09-29T00:00:00Z,owner listened: 1 of 7 Hey Delta in file; bounds marked by ear (owner_timing_2026-09-29.csv); quiet background,add,True,human,True,0.0,0.0
Manual-Fil-RPI66#humanhuman-0049,Manual-Fil-RPI66,data/positives/Manual-Fil-RPI66.wav,Manual-Fil-RPI66,,Manual-Fil-RPI66,train,human,,complete,reviewed,,3.5,4.76,3.5,4.76,human,,,,,,,recording_owner,2026-09-29T00:00:00Z,owner listened: 2 of 7 Hey Delta in file; bounds marked by ear (owner_timing_2026-09-29.csv); quiet background,add,True,human,True,0.0,0.0
Manual-Fil-RPI66#humanhuman-0050,Manual-Fil-RPI66,data/positives/Manual-Fil-RPI66.wav,Manual-Fil-RPI66,,Manual-Fil-RPI66,train,human,,complete,reviewed,,5.8,6.5,5.8,6.5,human,,,,,,,recording_owner,2026-09-29T00:00:00Z,owner listened: 3 of 7 Hey Delta in file; bounds marked by ear (owner_timing_2026-09-29.csv); quiet background,add,True,human,True,0.0,0.0
Manual-Fil-RPI66#humanhuman-0051,Manual-Fil-RPI66,data/positives/Manual-Fil-RPI66.wav,Manual-Fil-RPI66,,Manual-Fil-RPI66,train,human,,complete,reviewed,,7.58,8.43,7.58,8.43,human,,,,,,,recording_owner,2026-09-29T00:00:00Z,owner listened: 4 of 7 Hey Delta in file; bounds marked by ear (owner_timing_2026-09-29.csv); quiet background,add,True,human,True,0.0,0.0
Manual-Fil-RPI66#humanhuman-0052,Manual-Fil-RPI66,data/positives/Manual-Fil-RPI66.wav,Manual-Fil-RPI66,,Manual-Fil-RPI66,train,human,,complete,reviewed,,11.4,12.64,11.4,12.64,human,,,,,,,recording_owner,2026-09-29T00:00:00Z,owner listened: 5 of 7 Hey Delta in file; bounds marked by ear (owner_timing_2026-09-29.csv); quiet background,add,True,human,True,0.0,0.0
Manual-Fil-RPI66#humanhuman-0053,Manual-Fil-RPI66,data/positives/Manual-Fil-RPI66.wav,Manual-Fil-RPI66,,Manual-Fil-RPI66,train,human,,complete,reviewed,,13.3,14.4,13.3,14.4,human,,,,,,,recording_owner,2026-09-29T00:00:00Z,owner listened: 6 of 7 Hey Delta in file; bounds marked by ear (owner_timing_2026-09-29.csv); quiet background,add,True,human,True,0.0,0.0
Manual-Fil-RPI66#humanhuman-0054,Manual-Fil-RPI66,data/positives/Manual-Fil-RPI66.wav,Manual-Fil-RPI66,,Manual-Fil-RPI66,train,human,,complete,reviewed,,15.9,16.97,15.9,16.97,human,,,,,,,recording_owner,2026-09-29T00:00:00Z,owner listened: 7 of 7 Hey Delta in file; bounds marked by ear (owner_timing_2026-09-29.csv); quiet background,add,True,human,True,0.0,0.0
Manual-Fil-RPI67#humanhuman-0055,Manual-Fil-RPI67,data/positives/Manual-Fil-RPI67.wav,Manual-Fil-RPI67,,Manual-Fil-RPI67,train,human,,complete,reviewed,,0.4,1.56,0.4,1.56,human,,,,,,,recording_owner,2026-09-29T00:00:00Z,owner listened: 1 of 13 Hey Delta in file; bounds marked by ear (owner_timing_2026-09-29.csv); with music and AEC,add,True,human,True,0.0,0.0
Manual-Fil-RPI67#humanhuman-0056,Manual-Fil-RPI67,data/positives/Manual-Fil-RPI67.wav,Manual-Fil-RPI67,,Manual-Fil-RPI67,train,human,,complete,reviewed,,3.6,4.89,3.6,4.89,human,,,,,,,recording_owner,2026-09-29T00:00:00Z,owner listened: 2 of 13 Hey Delta in file; bounds marked by ear (owner_timing_2026-09-29.csv); with music and AEC,add,True,human,True,0.0,0.0
Manual-Fil-RPI67#humanhuman-0057,Manual-Fil-RPI67,data/positives/Manual-Fil-RPI67.wav,Manual-Fil-RPI67,,Manual-Fil-RPI67,train,human,,complete,reviewed,,6.89,8.13,6.89,8.13,human,,,,,,,recording_owner,2026-09-29T00:00:00Z,owner listened: 3 of 13 Hey Delta in file; bounds marked by ear (owner_timing_2026-09-29.csv); with music and AEC,add,True,human,True,0.0,0.0
Manual-Fil-RPI67#humanhuman-0058,Manual-Fil-RPI67,data/positives/Manual-Fil-RPI67.wav,Manual-Fil-RPI67,,Manual-Fil-RPI67,train,human,,complete,reviewed,,10.2,11.0,10.2,11.0,human,,,,,,,recording_owner,2026-09-29T00:00:00Z,owner listened: 4 of 13 Hey Delta in file; bounds marked by ear (owner_timing_2026-09-29.csv); with music and AEC,add,True,human,True,0.0,0.0
Manual-Fil-RPI67#humanhuman-0059,Manual-Fil-RPI67,data/positives/Manual-Fil-RPI67.wav,Manual-Fil-RPI67,,Manual-Fil-RPI67,train,human,,complete,reviewed,,11.9,12.95,11.9,12.95,human,,,,,,,recording_owner,2026-09-29T00:00:00Z,owner listened: 5 of 13 Hey Delta in file; bounds marked by ear (owner_timing_2026-09-29.csv); with music and AEC,add,True,human,True,0.0,0.0
Manual-Fil-RPI67#humanhuman-0060,Manual-Fil-RPI67,data/positives/Manual-Fil-RPI67.wav,Manual-Fil-RPI67,,Manual-Fil-RPI67,train,human,,complete,reviewed,,13.79,14.78,13.79,14.78,human,,,,,,,recording_owner,2026-09-29T00:00:00Z,owner listened: 6 of 13 Hey Delta in file; bounds marked by ear (owner_timing_2026-09-29.csv); with music and AEC,add,True,human,True,0.0,0.0
Manual-Fil-RPI67#humanhuman-0061,Manual-Fil-RPI67,data/positives/Manual-Fil-RPI67.wav,Manual-Fil-RPI67,,Manual-Fil-RPI67,train,human,,complete,reviewed,,15.2,16.4,15.2,16.4,human,,,,,,,recording_owner,2026-09-29T00:00:00Z,owner listened: 7 of 13 Hey Delta in file; bounds marked by ear (owner_timing_2026-09-29.csv); with music and AEC,add,True,human,True,0.0,0.0
Manual-Fil-RPI67#humanhuman-0062,Manual-Fil-RPI67,data/positives/Manual-Fil-RPI67.wav,Manual-Fil-RPI67,,Manual-Fil-RPI67,train,human,,complete,reviewed,,19.2,20.3,19.2,20.3,human,,,,,,,recording_owner,2026-09-29T00:00:00Z,owner listened: 8 of 13 Hey Delta in file; bounds marked by ear (owner_timing_2026-09-29.csv); with music and AEC,add,True,human,True,0.0,0.0
Manual-Fil-RPI67#humanhuman-0063,Manual-Fil-RPI67,data/positives/Manual-Fil-RPI67.wav,Manual-Fil-RPI67,,Manual-Fil-RPI67,train,human,,complete,reviewed,,21.0,22.25,21.0,22.25,human,,,,,,,recording_owner,2026-09-29T00:00:00Z,owner listened: 9 of 13 Hey Delta in file; bounds marked by ear (owner_timing_2026-09-29.csv); with music and AEC,add,True,human,True,0.0,0.0
Manual-Fil-RPI67#humanhuman-0064,Manual-Fil-RPI67,data/positives/Manual-Fil-RPI67.wav,Manual-Fil-RPI67,,Manual-Fil-RPI67,train,human,,complete,reviewed,,23.0,24.18,23.0,24.18,human,,,,,,,recording_owner,2026-09-29T00:00:00Z,owner listened: 10 of 13 Hey Delta in file; bounds marked by ear (owner_timing_2026-09-29.csv); with music and AEC,add,True,human,True,0.0,0.0
Manual-Fil-RPI67#humanhuman-0065,Manual-Fil-RPI67,data/positives/Manual-Fil-RPI67.wav,Manual-Fil-RPI67,,Manual-Fil-RPI67,train,human,,complete,reviewed,,25.2,26.35,25.2,26.35,human,,,,,,,recording_owner,2026-09-29T00:00:00Z,owner listened: 11 of 13 Hey Delta in file; bounds marked by ear (owner_timing_2026-09-29.csv); with music and AEC,add,True,human,True,0.0,0.0
Manual-Fil-RPI67#humanhuman-0066,Manual-Fil-RPI67,data/positives/Manual-Fil-RPI67.wav,Manual-Fil-RPI67,,Manual-Fil-RPI67,train,human,,complete,reviewed,,28.0,29.28,28.0,29.28,human,,,,,,,recording_owner,2026-09-29T00:00:00Z,owner listened: 12 of 13 Hey Delta in file; bounds marked by ear (owner_timing_2026-09-29.csv); with music and AEC,add,True,human,True,0.0,0.0
Manual-Fil-RPI67#humanhuman-0067,Manual-Fil-RPI67,data/positives/Manual-Fil-RPI67.wav,Manual-Fil-RPI67,,Manual-Fil-RPI67,train,human,,complete,reviewed,,31.4,32.58,31.4,32.58,human,,,,,,,recording_owner,2026-09-29T00:00:00Z,owner listened: 13 of 13 Hey Delta in file; bounds marked by ear (owner_timing_2026-09-29.csv); with music and AEC,add,True,human,True,0.0,0.0
Manual-Fil-RPI68#humanhuman-0068,Manual-Fil-RPI68,data/positives/Manual-Fil-RPI68.wav,Manual-Fil-RPI68,,Manual-Fil-RPI68,test,human,,complete,reviewed,,0.27,1.36,0.27,1.36,human,,,,,,,recording_owner,2026-09-29T00:00:00Z,owner listened: 1 of 7 Hey Delta in file; bounds marked by ear (owner_timing_2026-09-29.csv); quiet,add,True,human,True,0.0,0.0
Manual-Fil-RPI68#humanhuman-0069,Manual-Fil-RPI68,data/positives/Manual-Fil-RPI68.wav,Manual-Fil-RPI68,,Manual-Fil-RPI68,test,human,,complete,reviewed,,3.3,4.38,3.3,4.38,human,,,,,,,recording_owner,2026-09-29T00:00:00Z,owner listened: 2 of 7 Hey Delta in file; bounds marked by ear (owner_timing_2026-09-29.csv); quiet,add,True,human,True,0.0,0.0
Manual-Fil-RPI68#humanhuman-0070,Manual-Fil-RPI68,data/positives/Manual-Fil-RPI68.wav,Manual-Fil-RPI68,,Manual-Fil-RPI68,test,human,,complete,reviewed,,5.4,6.65,5.4,6.65,human,,,,,,,recording_owner,2026-09-29T00:00:00Z,owner listened: 3 of 7 Hey Delta in file; bounds marked by ear (owner_timing_2026-09-29.csv); quiet,add,True,human,True,0.0,0.0
Manual-Fil-RPI68#humanhuman-0071,Manual-Fil-RPI68,data/positives/Manual-Fil-RPI68.wav,Manual-Fil-RPI68,,Manual-Fil-RPI68,test,human,,complete,reviewed,,7.2,8.32,7.2,8.32,human,,,,,,,recording_owner,2026-09-29T00:00:00Z,owner listened: 4 of 7 Hey Delta in file; bounds marked by ear (owner_timing_2026-09-29.csv); quiet,add,True,human,True,0.0,0.0
Manual-Fil-RPI68#humanhuman-0072,Manual-Fil-RPI68,data/positives/Manual-Fil-RPI68.wav,Manual-Fil-RPI68,,Manual-Fil-RPI68,test,human,,complete,reviewed,,13.3,14.6,13.3,14.6,human,,,,,,,recording_owner,2026-09-29T00:00:00Z,owner listened: 5 of 7 Hey Delta in file; bounds marked by ear (owner_timing_2026-09-29.csv); quiet,add,True,human,True,0.0,0.0
Manual-Fil-RPI68#humanhuman-0073,Manual-Fil-RPI68,data/positives/Manual-Fil-RPI68.wav,Manual-Fil-RPI68,,Manual-Fil-RPI68,test,human,,complete,reviewed,,16.8,18.0,16.8,18.0,human,,,,,,,recording_owner,2026-09-29T00:00:00Z,owner listened: 6 of 7 Hey Delta in file; bounds marked by ear (owner_timing_2026-09-29.csv); quiet,add,True,human,True,0.0,0.0
Manual-Fil-RPI68#humanhuman-0074,Manual-Fil-RPI68,data/positives/Manual-Fil-RPI68.wav,Manual-Fil-RPI68,,Manual-Fil-RPI68,test,human,,complete,reviewed,,23.3,24.5,23.3,24.5,human,,,,,,,recording_owner,2026-09-29T00:00:00Z,owner listened: 7 of 7 Hey Delta in file; bounds marked by ear (owner_timing_2026-09-29.csv); quiet,add,True,human,True,0.0,0.0
Manual-Fil-RPI70#humanhuman-0075,Manual-Fil-RPI70,data/positives/Manual-Fil-RPI70.wav,Manual-Fil-RPI70,,Manual-Fil-RPI70,train,human,,complete,reviewed,,1.0,2.36,1.0,2.36,human,,,,,,,recording_owner,2026-09-29T00:00:00Z,owner listened: 1 of 8 Hey Delta in file; bounds marked by ear (owner_timing_2026-09-29.csv); with classical music and AEC,add,True,human,True,0.0,0.0
Manual-Fil-RPI70#humanhuman-0076,Manual-Fil-RPI70,data/positives/Manual-Fil-RPI70.wav,Manual-Fil-RPI70,,Manual-Fil-RPI70,train,human,,complete,reviewed,,3.8,5.2,3.8,5.2,human,,,,,,,recording_owner,2026-09-29T00:00:00Z,owner listened: 2 of 8 Hey Delta in file; bounds marked by ear (owner_timing_2026-09-29.csv); with classical music and AEC,add,True,human,True,0.0,0.0
Manual-Fil-RPI70#humanhuman-0077,Manual-Fil-RPI70,data/positives/Manual-Fil-RPI70.wav,Manual-Fil-RPI70,,Manual-Fil-RPI70,train,human,,complete,reviewed,,6.95,8.33,6.95,8.33,human,,,,,,,recording_owner,2026-09-29T00:00:00Z,owner listened: 3 of 8 Hey Delta in file; bounds marked by ear (owner_timing_2026-09-29.csv); with classical music and AEC,add,True,human,True,0.0,0.0
Manual-Fil-RPI70#humanhuman-0078,Manual-Fil-RPI70,data/positives/Manual-Fil-RPI70.wav,Manual-Fil-RPI70,,Manual-Fil-RPI70,train,human,,complete,reviewed,,10.56,11.78,10.56,11.78,human,,,,,,,recording_owner,2026-09-29T00:00:00Z,owner listened: 4 of 8 Hey Delta in file; bounds marked by ear (owner_timing_2026-09-29.csv); with classical music and AEC,add,True,human,True,0.0,0.0
Manual-Fil-RPI70#humanhuman-0079,Manual-Fil-RPI70,data/positives/Manual-Fil-RPI70.wav,Manual-Fil-RPI70,,Manual-Fil-RPI70,train,human,,complete,reviewed,,20.3,21.57,20.3,21.57,human,,,,,,,recording_owner,2026-09-29T00:00:00Z,owner listened: 5 of 8 Hey Delta in file; bounds marked by ear (owner_timing_2026-09-29.csv); with classical music and AEC,add,True,human,True,0.0,0.0
Manual-Fil-RPI70#humanhuman-0080,Manual-Fil-RPI70,data/positives/Manual-Fil-RPI70.wav,Manual-Fil-RPI70,,Manual-Fil-RPI70,train,human,,complete,reviewed,,23.8,25.18,23.8,25.18,human,,,,,,,recording_owner,2026-09-29T00:00:00Z,owner listened: 6 of 8 Hey Delta in file; bounds marked by ear (owner_timing_2026-09-29.csv); with classical music and AEC,add,True,human,True,0.0,0.0
Manual-Fil-RPI70#humanhuman-0081,Manual-Fil-RPI70,data/positives/Manual-Fil-RPI70.wav,Manual-Fil-RPI70,,Manual-Fil-RPI70,train,human,,complete,reviewed,,26.29,27.31,26.29,27.31,human,,,,,,,recording_owner,2026-09-29T00:00:00Z,owner listened: 7 of 8 Hey Delta in file; bounds marked by ear (owner_timing_2026-09-29.csv); with classical music and AEC,add,True,human,True,0.0,0.0
Manual-Fil-RPI70#humanhuman-0082,Manual-Fil-RPI70,data/positives/Manual-Fil-RPI70.wav,Manual-Fil-RPI70,,Manual-Fil-RPI70,train,human,,complete,reviewed,,28.2,29.38,28.2,29.38,human,,,,,,,recording_owner,2026-09-29T00:00:00Z,owner listened: 8 of 8 Hey Delta in file; bounds marked by ear (owner_timing_2026-09-29.csv); with classical music and AEC,add,True,human,True,0.0,0.0
Manual-Fil-RPI71#humanhuman-0083,Manual-Fil-RPI71,data/positives/Manual-Fil-RPI71.wav,Manual-Fil-RPI71,,Manual-Fil-RPI71,train,human,,complete,reviewed,,7.4,8.67,7.4,8.67,human,,,,,,,recording_owner,2026-09-29T00:00:00Z,owner listened: 1 of 8 Hey Delta in file; bounds marked by ear (owner_timing_2026-09-29.csv); with background media playing,add,True,human,True,0.0,0.0
Manual-Fil-RPI71#humanhuman-0084,Manual-Fil-RPI71,data/positives/Manual-Fil-RPI71.wav,Manual-Fil-RPI71,,Manual-Fil-RPI71,train,human,,complete,reviewed,,13.15,14.17,13.15,14.17,human,,,,,,,recording_owner,2026-09-29T00:00:00Z,owner listened: 2 of 8 Hey Delta in file; bounds marked by ear (owner_timing_2026-09-29.csv); with background media playing,add,True,human,True,0.0,0.0
Manual-Fil-RPI71#humanhuman-0085,Manual-Fil-RPI71,data/positives/Manual-Fil-RPI71.wav,Manual-Fil-RPI71,,Manual-Fil-RPI71,train,human,,complete,reviewed,,17.28,18.18,17.28,18.18,human,,,,,,,recording_owner,2026-09-29T00:00:00Z,owner listened: 3 of 8 Hey Delta in file; bounds marked by ear (owner_timing_2026-09-29.csv); with background media playing,add,True,human,True,0.0,0.0
Manual-Fil-RPI71#humanhuman-0086,Manual-Fil-RPI71,data/positives/Manual-Fil-RPI71.wav,Manual-Fil-RPI71,,Manual-Fil-RPI71,train,human,,complete,reviewed,,19.6,20.57,19.6,20.57,human,,,,,,,recording_owner,2026-09-29T00:00:00Z,owner listened: 4 of 8 Hey Delta in file; bounds marked by ear (owner_timing_2026-09-29.csv); with background media playing,add,True,human,True,0.0,0.0
Manual-Fil-RPI71#humanhuman-0087,Manual-Fil-RPI71,data/positives/Manual-Fil-RPI71.wav,Manual-Fil-RPI71,,Manual-Fil-RPI71,train,human,,complete,reviewed,,22.0,23.0,22.0,23.0,human,,,,,,,recording_owner,2026-09-29T00:00:00Z,owner listened: 5 of 8 Hey Delta in file; bounds marked by ear (owner_timing_2026-09-29.csv); with background media playing,add,True,human,True,0.0,0.0
Manual-Fil-RPI71#humanhuman-0088,Manual-Fil-RPI71,data/positives/Manual-Fil-RPI71.wav,Manual-Fil-RPI71,,Manual-Fil-RPI71,train,human,,complete,reviewed,,26.3,27.5,26.3,27.5,human,,,,,,,recording_owner,2026-09-29T00:00:00Z,owner listened: 6 of 8 Hey Delta in file; bounds marked by ear (owner_timing_2026-09-29.csv); with background media playing,add,True,human,True,0.0,0.0
Manual-Fil-RPI71#humanhuman-0089,Manual-Fil-RPI71,data/positives/Manual-Fil-RPI71.wav,Manual-Fil-RPI71,,Manual-Fil-RPI71,train,human,,complete,reviewed,,29.49,30.38,29.49,30.38,human,,,,,,,recording_owner,2026-09-29T00:00:00Z,owner listened: 7 of 8 Hey Delta in file; bounds marked by ear (owner_timing_2026-09-29.csv); with background media playing,add,True,human,True,0.0,0.0
Manual-Fil-RPI71#humanhuman-0090,Manual-Fil-RPI71,data/positives/Manual-Fil-RPI71.wav,Manual-Fil-RPI71,,Manual-Fil-RPI71,train,human,,complete,reviewed,,32.3,33.13,32.3,33.13,human,,,,,,,recording_owner,2026-09-29T00:00:00Z,owner listened: 8 of 8 Hey Delta in file; bounds marked by ear (owner_timing_2026-09-29.csv); with background media playing,add,True,human,True,0.0,0.0
Manual-Fil-RPI73#humanhuman-0091,Manual-Fil-RPI73,data/positives/Manual-Fil-RPI73.wav,Manual-Fil-RPI73,,Manual-Fil-RPI73,train,human,,complete,reviewed,,0.6,1.9,0.6,1.9,human,,,,,,,recording_owner,2026-09-29T00:00:00Z,owner listened: 1 of 11 Hey Delta in file; bounds marked by ear (owner_timing_2026-09-29.csv),add,True,human,True,0.0,0.0
Manual-Fil-RPI73#humanhuman-0092,Manual-Fil-RPI73,data/positives/Manual-Fil-RPI73.wav,Manual-Fil-RPI73,,Manual-Fil-RPI73,train,human,,complete,reviewed,,2.8,4.0,2.8,4.0,human,,,,,,,recording_owner,2026-09-29T00:00:00Z,owner listened: 2 of 11 Hey Delta in file; bounds marked by ear (owner_timing_2026-09-29.csv),add,True,human,True,0.0,0.0
Manual-Fil-RPI73#humanhuman-0093,Manual-Fil-RPI73,data/positives/Manual-Fil-RPI73.wav,Manual-Fil-RPI73,,Manual-Fil-RPI73,train,human,,complete,reviewed,,5.5,6.89,5.5,6.89,human,,,,,,,recording_owner,2026-09-29T00:00:00Z,owner listened: 3 of 11 Hey Delta in file; bounds marked by ear (owner_timing_2026-09-29.csv),add,True,human,True,0.0,0.0
Manual-Fil-RPI73#humanhuman-0094,Manual-Fil-RPI73,data/positives/Manual-Fil-RPI73.wav,Manual-Fil-RPI73,,Manual-Fil-RPI73,train,human,,complete,reviewed,,7.95,9.11,7.95,9.11,human,,,,,,,recording_owner,2026-09-29T00:00:00Z,owner listened: 4 of 11 Hey Delta in file; bounds marked by ear (owner_timing_2026-09-29.csv),add,True,human,True,0.0,0.0
Manual-Fil-RPI73#humanhuman-0095,Manual-Fil-RPI73,data/positives/Manual-Fil-RPI73.wav,Manual-Fil-RPI73,,Manual-Fil-RPI73,train,human,,complete,reviewed,,9.46,10.43,9.46,10.43,human,,,,,,,recording_owner,2026-09-29T00:00:00Z,owner listened: 5 of 11 Hey Delta in file; bounds marked by ear (owner_timing_2026-09-29.csv),add,True,human,True,0.0,0.0
Manual-Fil-RPI73#humanhuman-0096,Manual-Fil-RPI73,data/positives/Manual-Fil-RPI73.wav,Manual-Fil-RPI73,,Manual-Fil-RPI73,train,human,,complete,reviewed,,10.98,11.99,10.98,11.99,human,,,,,,,recording_owner,2026-09-29T00:00:00Z,owner listened: 6 of 11 Hey Delta in file; bounds marked by ear (owner_timing_2026-09-29.csv),add,True,human,True,0.0,0.0
Manual-Fil-RPI73#humanhuman-0097,Manual-Fil-RPI73,data/positives/Manual-Fil-RPI73.wav,Manual-Fil-RPI73,,Manual-Fil-RPI73,train,human,,complete,reviewed,,12.6,13.73,12.6,13.73,human,,,,,,,recording_owner,2026-09-29T00:00:00Z,owner listened: 7 of 11 Hey Delta in file; bounds marked by ear (owner_timing_2026-09-29.csv),add,True,human,True,0.0,0.0
Manual-Fil-RPI73#humanhuman-0098,Manual-Fil-RPI73,data/positives/Manual-Fil-RPI73.wav,Manual-Fil-RPI73,,Manual-Fil-RPI73,train,human,,complete,reviewed,,15.37,16.53,15.37,16.53,human,,,,,,,recording_owner,2026-09-29T00:00:00Z,owner listened: 8 of 11 Hey Delta in file; bounds marked by ear (owner_timing_2026-09-29.csv),add,True,human,True,0.0,0.0
Manual-Fil-RPI73#humanhuman-0099,Manual-Fil-RPI73,data/positives/Manual-Fil-RPI73.wav,Manual-Fil-RPI73,,Manual-Fil-RPI73,train,human,,complete,reviewed,,16.8,18.0,16.8,18.0,human,,,,,,,recording_owner,2026-09-29T00:00:00Z,owner listened: 9 of 11 Hey Delta in file; bounds marked by ear (owner_timing_2026-09-29.csv),add,True,human,True,0.0,0.0
Manual-Fil-RPI73#humanhuman-0100,Manual-Fil-RPI73,data/positives/Manual-Fil-RPI73.wav,Manual-Fil-RPI73,,Manual-Fil-RPI73,train,human,,complete,reviewed,,21.5,22.79,21.5,22.79,human,,,,,,,recording_owner,2026-09-29T00:00:00Z,owner listened: 10 of 11 Hey Delta in file; bounds marked by ear (owner_timing_2026-09-29.csv),add,True,human,True,0.0,0.0
Manual-Fil-RPI73#humanhuman-0101,Manual-Fil-RPI73,data/positives/Manual-Fil-RPI73.wav,Manual-Fil-RPI73,,Manual-Fil-RPI73,train,human,,complete,reviewed,,24.0,25.1,24.0,25.1,human,,,,,,,recording_owner,2026-09-29T00:00:00Z,owner listened: 11 of 11 Hey Delta in file; bounds marked by ear (owner_timing_2026-09-29.csv),add,True,human,True,0.0,0.0
Manual-Fil-RPI74#humanhuman-0102,Manual-Fil-RPI74,data/positives/Manual-Fil-RPI74.wav,Manual-Fil-RPI74,,Manual-Fil-RPI74,validation,human,,complete,reviewed,,0.8,2.12,0.8,2.12,human,,,,,,,recording_owner,2026-09-29T00:00:00Z,owner listened: 1 of 2 Hey Delta in file; bounds marked by ear (owner_timing_2026-09-29.csv),add,True,human,True,0.0,0.0
Manual-Fil-RPI74#humanhuman-0103,Manual-Fil-RPI74,data/positives/Manual-Fil-RPI74.wav,Manual-Fil-RPI74,,Manual-Fil-RPI74,validation,human,,complete,reviewed,,3.16,4.27,3.16,4.27,human,,,,,,,recording_owner,2026-09-29T00:00:00Z,owner listened: 2 of 2 Hey Delta in file; bounds marked by ear (owner_timing_2026-09-29.csv),add,True,human,True,0.0,0.0
Manual-Fil-RPI75#humanhuman-0104,Manual-Fil-RPI75,data/positives/Manual-Fil-RPI75.wav,Manual-Fil-RPI75,,Manual-Fil-RPI75,test,human,,complete,reviewed,,1.0,2.35,1.0,2.35,human,,,,,,,recording_owner,2026-09-29T00:00:00Z,owner listened: 1 of 3 Hey Delta in file; bounds marked by ear (owner_timing_2026-09-29.csv); with background media playing,add,True,human,True,0.0,0.0
Manual-Fil-RPI75#humanhuman-0105,Manual-Fil-RPI75,data/positives/Manual-Fil-RPI75.wav,Manual-Fil-RPI75,,Manual-Fil-RPI75,test,human,,complete,reviewed,,5.1,6.34,5.1,6.34,human,,,,,,,recording_owner,2026-09-29T00:00:00Z,owner listened: 2 of 3 Hey Delta in file; bounds marked by ear (owner_timing_2026-09-29.csv); with background media playing,add,True,human,True,0.0,0.0
Manual-Fil-RPI75#humanhuman-0106,Manual-Fil-RPI75,data/positives/Manual-Fil-RPI75.wav,Manual-Fil-RPI75,,Manual-Fil-RPI75,test,human,,complete,reviewed,,7.9,9.15,7.9,9.15,human,,,,,,,recording_owner,2026-09-29T00:00:00Z,owner listened: 3 of 3 Hey Delta in file; bounds marked by ear (owner_timing_2026-09-29.csv); with background media playing,add,True,human,True,0.0,0.0
Manual-Fil-RPI76#humanhuman-0107,Manual-Fil-RPI76,data/positives/Manual-Fil-RPI76.wav,Manual-Fil-RPI76,,Manual-Fil-RPI76,validation,human,,complete,reviewed,,0.6,1.89,0.6,1.89,human,,,,,,,recording_owner,2026-09-29T00:00:00Z,owner listened: 1 of 6 Hey Delta in file; bounds marked by ear (owner_timing_2026-09-29.csv); with background classical music and AEC,add,True,human,True,0.0,0.0
Manual-Fil-RPI76#humanhuman-0108,Manual-Fil-RPI76,data/positives/Manual-Fil-RPI76.wav,Manual-Fil-RPI76,,Manual-Fil-RPI76,validation,human,,complete,reviewed,,5.5,6.47,5.5,6.47,human,,,,,,,recording_owner,2026-09-29T00:00:00Z,owner listened: 2 of 6 Hey Delta in file; bounds marked by ear (owner_timing_2026-09-29.csv); with background classical music and AEC,add,True,human,True,0.0,0.0
Manual-Fil-RPI76#humanhuman-0109,Manual-Fil-RPI76,data/positives/Manual-Fil-RPI76.wav,Manual-Fil-RPI76,,Manual-Fil-RPI76,validation,human,,complete,reviewed,,9.2,10.27,9.2,10.27,human,,,,,,,recording_owner,2026-09-29T00:00:00Z,owner listened: 3 of 6 Hey Delta in file; bounds marked by ear (owner_timing_2026-09-29.csv); with background classical music and AEC,add,True,human,True,0.0,0.0
Manual-Fil-RPI76#humanhuman-0110,Manual-Fil-RPI76,data/positives/Manual-Fil-RPI76.wav,Manual-Fil-RPI76,,Manual-Fil-RPI76,validation,human,,complete,reviewed,,12.8,13.98,12.8,13.98,human,,,,,,,recording_owner,2026-09-29T00:00:00Z,owner listened: 4 of 6 Hey Delta in file; bounds marked by ear (owner_timing_2026-09-29.csv); with background classical music and AEC,add,True,human,True,0.0,0.0
Manual-Fil-RPI76#humanhuman-0111,Manual-Fil-RPI76,data/positives/Manual-Fil-RPI76.wav,Manual-Fil-RPI76,,Manual-Fil-RPI76,validation,human,,complete,reviewed,,17.1,18.28,17.1,18.28,human,,,,,,,recording_owner,2026-09-29T00:00:00Z,owner listened: 5 of 6 Hey Delta in file; bounds marked by ear (owner_timing_2026-09-29.csv); with background classical music and AEC,add,True,human,True,0.0,0.0
Manual-Fil-RPI76#humanhuman-0112,Manual-Fil-RPI76,data/positives/Manual-Fil-RPI76.wav,Manual-Fil-RPI76,,Manual-Fil-RPI76,validation,human,,complete,reviewed,,20.2,21.39,20.2,21.39,human,,,,,,,recording_owner,2026-09-29T00:00:00Z,owner listened: 6 of 6 Hey Delta in file; bounds marked by ear (owner_timing_2026-09-29.csv); with background classical music and AEC,add,True,human,True,0.0,0.0
Manual-Fil-RPI77#humanhuman-0113,Manual-Fil-RPI77,data/positives/Manual-Fil-RPI77.wav,Manual-Fil-RPI77,,Manual-Fil-RPI77,train,human,,complete,reviewed,,6.4,7.7,6.4,7.7,human,,,,,,,recording_owner,2026-09-29T00:00:00Z,owner listened: 1 of 2 Hey Delta in file; bounds marked by ear (owner_timing_2026-09-29.csv); with classical music and AEC,add,True,human,True,0.0,0.0
Manual-Fil-RPI77#humanhuman-0114,Manual-Fil-RPI77,data/positives/Manual-Fil-RPI77.wav,Manual-Fil-RPI77,,Manual-Fil-RPI77,train,human,,complete,reviewed,,10.6,11.64,10.6,11.64,human,,,,,,,recording_owner,2026-09-29T00:00:00Z,owner listened: 2 of 2 Hey Delta in file; bounds marked by ear (owner_timing_2026-09-29.csv); with classical music and AEC,add,True,human,True,0.0,0.0
Manual-Fil-RPI78#humanhuman-0115,Manual-Fil-RPI78,data/positives/Manual-Fil-RPI78.wav,Manual-Fil-RPI78,,Manual-Fil-RPI78,validation,human,,complete,reviewed,,0.7,1.98,0.7,1.98,human,,,,,,,recording_owner,2026-09-29T00:00:00Z,owner listened: 1 of 4 Hey Delta in file; bounds marked by ear (owner_timing_2026-09-29.csv); with background party music and AEC,add,True,human,True,0.0,0.0
Manual-Fil-RPI78#humanhuman-0116,Manual-Fil-RPI78,data/positives/Manual-Fil-RPI78.wav,Manual-Fil-RPI78,,Manual-Fil-RPI78,validation,human,,complete,reviewed,,4.1,5.42,4.1,5.42,human,,,,,,,recording_owner,2026-09-29T00:00:00Z,owner listened: 2 of 4 Hey Delta in file; bounds marked by ear (owner_timing_2026-09-29.csv); with background party music and AEC,add,True,human,True,0.0,0.0
Manual-Fil-RPI78#humanhuman-0117,Manual-Fil-RPI78,data/positives/Manual-Fil-RPI78.wav,Manual-Fil-RPI78,,Manual-Fil-RPI78,validation,human,,complete,reviewed,,6.65,7.6,6.65,7.6,human,,,,,,,recording_owner,2026-09-29T00:00:00Z,owner listened: 3 of 4 Hey Delta in file; bounds marked by ear (owner_timing_2026-09-29.csv); with background party music and AEC,add,True,human,True,0.0,0.0
Manual-Fil-RPI78#humanhuman-0118,Manual-Fil-RPI78,data/positives/Manual-Fil-RPI78.wav,Manual-Fil-RPI78,,Manual-Fil-RPI78,validation,human,,complete,reviewed,,9.8,10.88,9.8,10.88,human,,,,,,,recording_owner,2026-09-29T00:00:00Z,owner listened: 4 of 4 Hey Delta in file; bounds marked by ear (owner_timing_2026-09-29.csv); with background party music and AEC,add,True,human,True,0.0,0.0
Manual-Fil-RPI79#humanhuman-0119,Manual-Fil-RPI79,data/positives/Manual-Fil-RPI79.wav,Manual-Fil-RPI79,,Manual-Fil-RPI79,train,human,,complete,reviewed,,0.8,2.16,0.8,2.16,human,,,,,,,recording_owner,2026-09-29T00:00:00Z,owner listened: 1 of 2 Hey Delta in file; bounds marked by ear (owner_timing_2026-09-29.csv); with background party music and AEC,add,True,human,True,0.0,0.0
Manual-Fil-RPI79#humanhuman-0120,Manual-Fil-RPI79,data/positives/Manual-Fil-RPI79.wav,Manual-Fil-RPI79,,Manual-Fil-RPI79,train,human,,complete,reviewed,,7.0,8.1,7.0,8.1,human,,,,,,,recording_owner,2026-09-29T00:00:00Z,owner listened: 2 of 2 Hey Delta in file; bounds marked by ear (owner_timing_2026-09-29.csv); with background party music and AEC; bounds tightened by owner 2026-09-29 (was 6.8-8.26),add,True,human,True,0.0,0.0
Manual-Fil-RPI80#humanhuman-0121,Manual-Fil-RPI80,data/positives/Manual-Fil-RPI80.wav,Manual-Fil-RPI80,,Manual-Fil-RPI80,train,human,,complete,reviewed,,0.8,2.18,0.8,2.18,human,,,,,,,recording_owner,2026-09-29T00:00:00Z,owner listened: 1 of 9 Hey Delta in file; bounds marked by ear (owner_timing_2026-09-29.csv),add,True,human,True,0.0,0.0
Manual-Fil-RPI80#humanhuman-0122,Manual-Fil-RPI80,data/positives/Manual-Fil-RPI80.wav,Manual-Fil-RPI80,,Manual-Fil-RPI80,train,human,,complete,reviewed,,4.18,5.16,4.18,5.16,human,,,,,,,recording_owner,2026-09-29T00:00:00Z,owner listened: 2 of 9 Hey Delta in file; bounds marked by ear (owner_timing_2026-09-29.csv),add,True,human,True,0.0,0.0
Manual-Fil-RPI80#humanhuman-0123,Manual-Fil-RPI80,data/positives/Manual-Fil-RPI80.wav,Manual-Fil-RPI80,,Manual-Fil-RPI80,train,human,,complete,reviewed,,7.4,8.5,7.4,8.5,human,,,,,,,recording_owner,2026-09-29T00:00:00Z,owner listened: 3 of 9 Hey Delta in file; bounds marked by ear (owner_timing_2026-09-29.csv),add,True,human,True,0.0,0.0
Manual-Fil-RPI80#humanhuman-0124,Manual-Fil-RPI80,data/positives/Manual-Fil-RPI80.wav,Manual-Fil-RPI80,,Manual-Fil-RPI80,train,human,,complete,reviewed,,9.4,10.7,9.4,10.7,human,,,,,,,recording_owner,2026-09-29T00:00:00Z,owner listened: 4 of 9 Hey Delta in file; bounds marked by ear (owner_timing_2026-09-29.csv); bounds tightened by owner 2026-09-29 (was 9.2-10.7),add,True,human,True,0.0,0.0
Manual-Fil-RPI80#humanhuman-0125,Manual-Fil-RPI80,data/positives/Manual-Fil-RPI80.wav,Manual-Fil-RPI80,,Manual-Fil-RPI80,train,human,,complete,reviewed,,12.1,13.5,12.1,13.5,human,,,,,,,recording_owner,2026-09-29T00:00:00Z,owner listened: 5 of 9 Hey Delta in file; bounds marked by ear (owner_timing_2026-09-29.csv); bounds tightened by owner 2026-09-29 (was 12-13.5),add,True,human,True,0.0,0.0
Manual-Fil-RPI80#humanhuman-0126,Manual-Fil-RPI80,data/positives/Manual-Fil-RPI80.wav,Manual-Fil-RPI80,,Manual-Fil-RPI80,train,human,,complete,reviewed,,17.1,18.5,17.1,18.5,human,,,,,,,recording_owner,2026-09-29T00:00:00Z,owner listened: 6 of 9 Hey Delta in file; bounds marked by ear (owner_timing_2026-09-29.csv); bounds tightened by owner 2026-09-29 (was 17-18.75),add,True,human,True,0.0,0.0
Manual-Fil-RPI80#humanhuman-0127,Manual-Fil-RPI80,data/positives/Manual-Fil-RPI80.wav,Manual-Fil-RPI80,,Manual-Fil-RPI80,train,human,,complete,reviewed,,20.48,21.68,20.48,21.68,human,,,,,,,recording_owner,2026-09-29T00:00:00Z,owner listened: 7 of 9 Hey Delta in file; bounds marked by ear (owner_timing_2026-09-29.csv); bounds tightened by owner 2026-09-29 (was 20.2-21.68),add,True,human,True,0.0,0.0
Manual-Fil-RPI80#humanhuman-0128,Manual-Fil-RPI80,data/positives/Manual-Fil-RPI80.wav,Manual-Fil-RPI80,,Manual-Fil-RPI80,train,human,,complete,reviewed,,23.3,24.49,23.3,24.49,human,,,,,,,recording_owner,2026-09-29T00:00:00Z,owner listened: 8 of 9 Hey Delta in file; bounds marked by ear (owner_timing_2026-09-29.csv),add,True,human,True,0.0,0.0
Manual-Fil-RPI80#humanhuman-0129,Manual-Fil-RPI80,data/positives/Manual-Fil-RPI80.wav,Manual-Fil-RPI80,,Manual-Fil-RPI80,train,human,,complete,reviewed,,26.4,27.61,26.4,27.61,human,,,,,,,recording_owner,2026-09-29T00:00:00Z,owner listened: 9 of 9 Hey Delta in file; bounds marked by ear (owner_timing_2026-09-29.csv); bounds tightened by owner 2026-09-29 (was 26.2-27.61),add,True,human,True,0.0,0.0
Manual-Fil-RPI81#humanhuman-0130,Manual-Fil-RPI81,data/positives/Manual-Fil-RPI81.wav,Manual-Fil-RPI81,,Manual-Fil-RPI81,train,human,,complete,reviewed,,0.89,2.1,0.89,2.1,human,,,,,,,recording_owner,2026-09-29T00:00:00Z,owner listened: 1 of 2 Hey Delta in file; bounds marked by ear (owner_timing_2026-09-29.csv); with background media,add,True,human,True,0.0,0.0
Manual-Fil-RPI81#humanhuman-0131,Manual-Fil-RPI81,data/positives/Manual-Fil-RPI81.wav,Manual-Fil-RPI81,,Manual-Fil-RPI81,train,human,,complete,reviewed,,2.9,4.16,2.9,4.16,human,,,,,,,recording_owner,2026-09-29T00:00:00Z,owner listened: 2 of 2 Hey Delta in file; bounds marked by ear (owner_timing_2026-09-29.csv); with background media,add,True,human,True,0.0,0.0
Manual-Fil-RPI82#humanhuman-0132,Manual-Fil-RPI82,data/positives/Manual-Fil-RPI82.wav,Manual-Fil-RPI82,,Manual-Fil-RPI82,test,human,,complete,reviewed,,0.9,2.1,0.9,2.1,human,,,,,,,recording_owner,2026-09-29T00:00:00Z,owner listened: 1 of 3 Hey Delta in file; bounds marked by ear (owner_timing_2026-09-29.csv); with background media,add,True,human,True,0.0,0.0
Manual-Fil-RPI82#humanhuman-0133,Manual-Fil-RPI82,data/positives/Manual-Fil-RPI82.wav,Manual-Fil-RPI82,,Manual-Fil-RPI82,test,human,,complete,reviewed,,2.7,3.96,2.7,3.96,human,,,,,,,recording_owner,2026-09-29T00:00:00Z,owner listened: 2 of 3 Hey Delta in file; bounds marked by ear (owner_timing_2026-09-29.csv); with background media,add,True,human,True,0.0,0.0
Manual-Fil-RPI82#humanhuman-0134,Manual-Fil-RPI82,data/positives/Manual-Fil-RPI82.wav,Manual-Fil-RPI82,,Manual-Fil-RPI82,test,human,,complete,reviewed,,5.4,6.63,5.4,6.63,human,,,,,,,recording_owner,2026-09-29T00:00:00Z,owner listened: 3 of 3 Hey Delta in file; bounds marked by ear (owner_timing_2026-09-29.csv); with background media; bounds tightened by owner 2026-09-29 (was 5.4-6.84),add,True,human,True,0.0,0.0
Manual-Fil-Phonemic1#humanhuman-0135,Manual-Fil-Phonemic1,data/positives/Manual-Fil-Phonemic1.wav,Manual-Fil-Phonemic1,,Manual-Fil-Phonemic1,test,human,,complete,reviewed,,3.0,4.1,3.0,4.1,human,,,,,,,recording_owner,2026-09-29T00:00:00Z,owner listened: Hey Delta bounds marked by ear (ASR span too long for a window),add,True,human,True,0.0,0.0
Manual-Fil-Phonemic2#humanhuman-0136,Manual-Fil-Phonemic2,data/positives/Manual-Fil-Phonemic2.wav,Manual-Fil-Phonemic2,,Manual-Fil-Phonemic2,validation,human,,complete,reviewed,,0.7,2.1,0.7,2.1,human,,,,,,,recording_owner,2026-09-29T00:00:00Z,owner listened: Hey Delta bounds marked by ear (ASR span too long for a window),add,True,human,True,0.0,0.0
Manual-Fil-RPI19#humanowner-0053,Manual-Fil-RPI19,data/positives/Manual-Fil-RPI19.wav,Manual-Fil-RPI19,,Manual-Fil-RPI19,validation,human,,complete,reviewed,,0.0,1.1946666666666668,0.0,1.1946666666666668,human_clip_extent,,,,,,,recording_owner,2026-09-25T00:00:00Z,"owner: file holds one complete Hey Delta (whole clip fits one window); owner listened: low signal, complete Hey Delta",clip_level_positive,True,human,True,0.0,0.0
Manual-Fil-RPI20#humanowner-0057,Manual-Fil-RPI20,data/positives/Manual-Fil-RPI20.wav,Manual-Fil-RPI20,,Manual-Fil-RPI20,test,human,,complete,reviewed,,0.0,1.1306666666666667,0.0,1.1306666666666667,human_clip_extent,,,,,,,recording_owner,2026-09-25T00:00:00Z,"owner: file holds one complete Hey Delta (whole clip fits one window); owner listened: low signal, complete Hey Delta",clip_level_positive,True,human,True,0.0,0.0
Manual-Fil-RPI21#humanowner-0060,Manual-Fil-RPI21,data/positives/Manual-Fil-RPI21.wav,Manual-Fil-RPI21,,Manual-Fil-RPI21,test,human,,complete,reviewed,,0.0,1.312,0.0,1.312,human_clip_extent,,,,,,,recording_owner,2026-09-25T00:00:00Z,"owner: file holds one complete Hey Delta (whole clip fits one window); owner listened: low signal, complete Hey Delta",clip_level_positive,True,human,True,0.0,0.0
Manual-Fil-RPI22#humanowner-0063,Manual-Fil-RPI22,data/positives/Manual-Fil-RPI22.wav,Manual-Fil-RPI22,,Manual-Fil-RPI22,test,human,,complete,reviewed,,0.0,1.3226666666666669,0.0,1.3226666666666669,human_clip_extent,,,,,,,recording_owner,2026-09-25T00:00:00Z,owner: file holds one complete Hey Delta (whole clip fits one window),clip_level_positive,True,human,True,0.0,0.0
Manual-Fil-RPI4#humanowner-0094,Manual-Fil-RPI4,data/positives/Manual-Fil-RPI4.wav,Manual-Fil-RPI4,,Manual-Fil-RPI4,train,human,,complete,reviewed,,0.0,1.3226666666666669,0.0,1.3226666666666669,human_clip_extent,,,,,,,recording_owner,2026-09-25T00:00:00Z,owner: file holds one complete Hey Delta (whole clip fits one window),clip_level_positive,True,human,True,0.0,0.0
Manual-Fil-RPI6#humanowner-0134,Manual-Fil-RPI6,data/positives/Manual-Fil-RPI6.wav,Manual-Fil-RPI6,,Manual-Fil-RPI6,validation,human,,complete,reviewed,,0.0,1.3866666666666667,0.0,1.3866666666666667,human_clip_extent,,,,,,,recording_owner,2026-09-25T00:00:00Z,owner: file holds one complete Hey Delta (whole clip fits one window),clip_level_positive,True,human,True,0.0,0.0
Manual-Fil-RPI7#humanowner-0184,Manual-Fil-RPI7,data/positives/Manual-Fil-RPI7.wav,Manual-Fil-RPI7,,Manual-Fil-RPI7,train,human,,complete,reviewed,,0.0,1.216,0.0,1.216,human_clip_extent,,,,,,,recording_owner,2026-09-25T00:00:00Z,owner: file holds one complete Hey Delta (whole clip fits one window),clip_level_positive,True,human,True,0.0,0.0
Manual-Fil-RPI8#humanowner-0222,Manual-Fil-RPI8,data/positives/Manual-Fil-RPI8.wav,Manual-Fil-RPI8,,Manual-Fil-RPI8,train,human,,complete,reviewed,,0.0,1.3866666666666667,0.0,1.3866666666666667,human_clip_extent,,,,,,,recording_owner,2026-09-25T00:00:00Z,owner: file holds one complete Hey Delta (whole clip fits one window),clip_level_positive,True,human,True,0.0,0.0
