source_group,canonical_category,stratum_device,duration_sec,split,assignment_method
en_GB-semaine-medium-spk0,negative_confusable,unknown,1.8808,train,split_extension_append_abs_deficit
en_GB-vctk-medium-spk100,negative_confusable,unknown,1.7299,train,split_extension_append_abs_deficit
en_GB-vctk-medium-spk13,negative_confusable,unknown,1.6951,train,split_extension_append_abs_deficit
en_GB-vctk-medium-spk17,negative_confusable,unknown,1.8228,train,split_extension_append_abs_deficit
en_GB-vctk-medium-spk2,negative_confusable,unknown,1.7299,train,split_extension_append_abs_deficit
en_GB-vctk-medium-spk3,negative_confusable,unknown,1.2307,validation,split_extension_append_abs_deficit
en_GB-vctk-medium-spk34,negative_confusable,unknown,1.1262,test,split_extension_append_abs_deficit
en_GB-vctk-medium-spk39,negative_confusable,unknown,1.428,train,split_extension_append_abs_deficit
en_GB-vctk-medium-spk46,negative_confusable,unknown,1.6254,train,split_extension_append_abs_deficit
en_GB-vctk-medium-spk53,negative_confusable,unknown,1.7183,train,split_extension_append_abs_deficit
en_GB-vctk-medium-spk55,negative_confusable,unknown,1.2307,train,split_extension_append_abs_deficit
en_GB-vctk-medium-spk63,negative_confusable,unknown,1.37,test,split_extension_append_abs_deficit
en_GB-vctk-medium-spk67,negative_confusable,unknown,1.3932,train,split_extension_append_abs_deficit
en_GB-vctk-medium-spk8,negative_confusable,unknown,1.5093,train,split_extension_append_abs_deficit
en_GB-vctk-medium-spk86,negative_confusable,unknown,1.4629,train,split_extension_append_abs_deficit
en_GB-vctk-medium-spk99,negative_confusable,unknown,1.6022,train,split_extension_append_abs_deficit
en_US-arctic-medium-spk0,negative_confusable,unknown,1.7879,train,split_extension_append_abs_deficit
en_US-l2arctic-medium-spk1,negative_confusable,unknown,1.7299,train,split_extension_append_abs_deficit
en_US-l2arctic-medium-spk10,negative_confusable,unknown,1.4396,validation,split_extension_append_abs_deficit
en_US-l2arctic-medium-spk15,negative_confusable,unknown,1.9273,train,split_extension_append_abs_deficit
en_US-l2arctic-medium-spk16,negative_confusable,unknown,2.0317,train,split_extension_append_abs_deficit
en_US-l2arctic-medium-spk17,negative_confusable,unknown,1.4048,test,split_extension_append_abs_deficit
en_US-l2arctic-medium-spk2,negative_confusable,unknown,1.0913,validation,split_extension_append_abs_deficit
en_US-l2arctic-medium-spk21,negative_confusable,unknown,1.579,train,split_extension_append_abs_deficit
en_US-l2arctic-medium-spk23,negative_confusable,unknown,1.8808,train,split_extension_append_abs_deficit
en_US-l2arctic-medium-spk4,negative_confusable,unknown,1.4977,train,split_extension_append_abs_deficit
en_US-l2arctic-medium-spk6,negative_confusable,unknown,1.428,validation,split_extension_append_abs_deficit
en_US-l2arctic-medium-spk7,negative_confusable,unknown,1.7995,train,split_extension_append_abs_deficit
en_US-l2arctic-medium-spk9,negative_confusable,unknown,1.7415,train,split_extension_append_abs_deficit
en_US-libritts_r-medium-spk23,negative_confusable,unknown,1.6718,train,split_extension_append_abs_deficit
en_US-libritts_r-medium-spk487,negative_confusable,unknown,1.428,test,split_extension_append_abs_deficit
en_US-libritts_r-medium-spk539,negative_confusable,unknown,1.1146,train,split_extension_append_abs_deficit
en_US-libritts_r-medium-spk573,negative_confusable,unknown,1.1726,validation,split_extension_append_abs_deficit
en_US-libritts_r-medium-spk860,negative_confusable,unknown,1.579,train,split_extension_append_abs_deficit
en_US-norman-medium-spk0,negative_confusable,unknown,1.4977,train,split_extension_append_abs_deficit
en_US-reza_ibrahim-medium-spk0,negative_confusable,unknown,2.531,train,split_extension_append_abs_deficit
mswc-0003db1a5ec04d0a,negative_confusable,unknown,1.0,test,split_extension_append_abs_deficit
mswc-0019109e68dc3374,negative_confusable,unknown,1.0,validation,split_extension_append_abs_deficit
mswc-0054096726e85e0f,negative_confusable,unknown,1.0,train,split_extension_append_abs_deficit
mswc-0061fc0c7be3c9aa,negative_confusable,unknown,1.0,train,split_extension_append_abs_deficit
mswc-008e44c706f7ea54,negative_confusable,unknown,2.0,train,split_extension_append_abs_deficit
mswc-008f1e5e50d2af13,negative_confusable,unknown,10.0,train,split_extension_append_abs_deficit
mswc-009883dad29d5477,negative_confusable,unknown,1.0,train,split_extension_append_abs_deficit
mswc-009aa75e7252be55,negative_confusable,unknown,2.0,train,split_extension_append_abs_deficit
mswc-00a53049a1ac577b,negative_confusable,unknown,1.0,train,split_extension_append_abs_deficit
mswc-00c8cb07fe0cbb88,negative_confusable,unknown,1.0,train,split_extension_append_abs_deficit
mswc-00ec79213f948a57,negative_confusable,unknown,1.0,train,split_extension_append_abs_deficit
mswc-00ef5fd88b379468,negative_confusable,unknown,1.0,train,split_extension_append_abs_deficit
mswc-01002b878b3655e6,negative_confusable,unknown,1.0,train,split_extension_append_abs_deficit
mswc-0101d0f84ab5eec2,negative_confusable,unknown,1.0,train,split_extension_append_abs_deficit
mswc-011a1888aaaf832f,negative_confusable,unknown,1.0,train,split_extension_append_abs_deficit
mswc-012db56ab039c2e6,negative_confusable,unknown,1.0,test,split_extension_append_abs_deficit
mswc-0133c86e67abe278,negative_confusable,unknown,1.0,train,split_extension_append_abs_deficit
mswc-0142f8ea06eabc6d,negative_confusable,unknown,1.0,validation,split_extension_append_abs_deficit
mswc-0159ebc5e03cbdb8,negative_confusable,unknown,1.0,test,split_extension_append_abs_deficit
mswc-015a806dec64c99f,negative_confusable,unknown,1.0,train,split_extension_append_abs_deficit
mswc-01629efbca6393c6,negative_confusable,unknown,1.0,train,split_extension_append_abs_deficit
mswc-016646916a2ff092,negative_confusable,unknown,1.0,validation,split_extension_append_abs_deficit
mswc-0167255c01d91c40,negative_confusable,unknown,1.0,train,split_extension_append_abs_deficit
mswc-016e15e58e2d93cb,negative_confusable,unknown,1.0,train,split_extension_append_abs_deficit
mswc-016e2450dc3fae44,negative_confusable,unknown,1.0,train,split_extension_append_abs_deficit
mswc-017aafd48c06c44a,negative_confusable,unknown,1.0,train,split_extension_append_abs_deficit
mswc-018ca64e90eca7b6,negative_confusable,unknown,1.0,test,split_extension_append_abs_deficit
mswc-018f31016ef5047d,negative_confusable,unknown,1.0,validation,split_extension_append_abs_deficit
mswc-01bd414599e9b127,negative_confusable,unknown,1.0,train,split_extension_append_abs_deficit
mswc-01d132f05bd83f8b,negative_confusable,unknown,1.0,validation,split_extension_append_abs_deficit
mswc-01daa7b00685d4af,negative_confusable,unknown,5.0,train,split_extension_append_abs_deficit
mswc-01e00597ed07d4c6,negative_confusable,unknown,1.0,train,split_extension_append_abs_deficit
mswc-020269c293cdfc0e,negative_confusable,unknown,2.0,train,split_extension_append_abs_deficit
mswc-0212a6646cd3447d,negative_confusable,unknown,3.0,train,split_extension_append_abs_deficit
mswc-023a2afd67692241,negative_confusable,unknown,1.0,train,split_extension_append_abs_deficit
mswc-02408ad5993818a0,negative_confusable,unknown,1.0,test,split_extension_append_abs_deficit
mswc-025887233a1ff9c2,negative_confusable,unknown,1.0,train,split_extension_append_abs_deficit
mswc-025b854813489108,negative_confusable,unknown,1.0,train,split_extension_append_abs_deficit
mswc-0260c38731fcd4db,negative_confusable,unknown,1.0,train,split_extension_append_abs_deficit
mswc-02718e6068e2d429,negative_confusable,unknown,5.0,train,split_extension_append_abs_deficit
mswc-02891c7f20efefae,negative_confusable,unknown,1.0,test,split_extension_append_abs_deficit
mswc-0296b383659fb0c5,negative_confusable,unknown,2.0,train,split_extension_append_abs_deficit
mswc-02c3a050f02af7d4,negative_confusable,unknown,1.0,test,split_extension_append_abs_deficit
mswc-02c5f78c690b2ddc,negative_confusable,unknown,1.0,validation,split_extension_append_abs_deficit
mswc-02cb893287feb15b,negative_confusable,unknown,2.0,train,split_extension_append_abs_deficit
mswc-02ce7cb59a235dfb,negative_confusable,unknown,1.0,train,split_extension_append_abs_deficit
mswc-02db6434275133df,negative_confusable,unknown,1.0,test,split_extension_append_abs_deficit
mswc-02dce8fb45698934,negative_confusable,unknown,2.0,train,split_extension_append_abs_deficit
mswc-02e17b95b1d3bf32,negative_confusable,unknown,1.0,train,split_extension_append_abs_deficit
mswc-02eca2dfbbdf2d0a,negative_confusable,unknown,1.0,train,split_extension_append_abs_deficit
mswc-02fd9d4d920f44c2,negative_confusable,unknown,1.0,train,split_extension_append_abs_deficit
mswc-0300a119755e5a9d,negative_confusable,unknown,1.0,validation,split_extension_append_abs_deficit
mswc-0312e427ff1c06f2,negative_confusable,unknown,1.0,validation,split_extension_append_abs_deficit
mswc-03135e133bcd9fc4,negative_confusable,unknown,1.0,train,split_extension_append_abs_deficit
mswc-03775a0322e9b6d1,negative_confusable,unknown,2.0,train,split_extension_append_abs_deficit
mswc-038024c56e11cc58,negative_confusable,unknown,1.0,validation,split_extension_append_abs_deficit
mswc-039c81b1f5878343,negative_confusable,unknown,1.0,train,split_extension_append_abs_deficit
mswc-03b5893a41c3d558,negative_confusable,unknown,1.0,train,split_extension_append_abs_deficit
mswc-03c63a366e94fbf4,negative_confusable,unknown,1.0,validation,split_extension_append_abs_deficit
mswc-03d768f1ef802970,negative_confusable,unknown,1.0,test,split_extension_append_abs_deficit
mswc-03d7a138e8ac4402,negative_confusable,unknown,1.0,train,split_extension_append_abs_deficit
mswc-03d9c85c372f21fa,negative_confusable,unknown,2.0,train,split_extension_append_abs_deficit
mswc-03de560328d44ed0,negative_confusable,unknown,4.0,train,split_extension_append_abs_deficit
mswc-03e023dd2128d8a0,negative_confusable,unknown,2.0,train,split_extension_append_abs_deficit
mswc-03f0138e249e7ac0,negative_confusable,unknown,1.0,train,split_extension_append_abs_deficit
mswc-040651c727b28922,negative_confusable,unknown,7.0,train,split_extension_append_abs_deficit
mswc-0412fee833a7f773,negative_confusable,unknown,1.0,train,split_extension_append_abs_deficit
mswc-0424bfc641c4f4e2,negative_confusable,unknown,1.0,train,split_extension_append_abs_deficit
mswc-044303394faac9f5,negative_confusable,unknown,1.0,validation,split_extension_append_abs_deficit
mswc-0477226c95173ee0,negative_confusable,unknown,1.0,test,split_extension_append_abs_deficit
mswc-0481317f2b759cee,negative_confusable,unknown,1.0,train,split_extension_append_abs_deficit
mswc-048a809638c0a1ab,negative_confusable,unknown,1.0,train,split_extension_append_abs_deficit
mswc-048bd03e288559bb,negative_confusable,unknown,1.0,train,split_extension_append_abs_deficit
mswc-048be59a4fbd6bc8,negative_confusable,unknown,1.0,train,split_extension_append_abs_deficit
mswc-04a80145f8d7e36d,negative_confusable,unknown,1.0,train,split_extension_append_abs_deficit
mswc-04aba4f469087981,negative_confusable,unknown,3.0,train,split_extension_append_abs_deficit
mswc-04bf6941747cd53a,negative_confusable,unknown,1.0,train,split_extension_append_abs_deficit
mswc-04c0852c4eb59407,negative_confusable,unknown,1.0,test,split_extension_append_abs_deficit
mswc-04c2658f047c39f8,negative_confusable,unknown,1.0,train,split_extension_append_abs_deficit
mswc-04d7362d4e660b90,negative_confusable,unknown,1.0,train,split_extension_append_abs_deficit
mswc-04e40386f00c1199,negative_confusable,unknown,1.0,validation,split_extension_append_abs_deficit
mswc-04ec629dc8e56932,negative_confusable,unknown,1.0,train,split_extension_append_abs_deficit
mswc-0501269e71a7ef54,negative_confusable,unknown,1.0,validation,split_extension_append_abs_deficit
mswc-050b7c721443d809,negative_confusable,unknown,7.0,train,split_extension_append_abs_deficit
mswc-051396f6fe349879,negative_confusable,unknown,1.0,test,split_extension_append_abs_deficit
mswc-05355b758f400e56,negative_confusable,unknown,1.0,validation,split_extension_append_abs_deficit
mswc-054bcf074445a2cf,negative_confusable,unknown,1.0,test,split_extension_append_abs_deficit
mswc-0556918792c0a32f,negative_confusable,unknown,6.0,train,split_extension_append_abs_deficit
mswc-056861a8563bcd33,negative_confusable,unknown,4.0,train,split_extension_append_abs_deficit
mswc-0569ba51e13e197f,negative_confusable,unknown,1.0,train,split_extension_append_abs_deficit
mswc-05812a8b0aa7547d,negative_confusable,unknown,1.0,train,split_extension_append_abs_deficit
mswc-0587888be58e30ae,negative_confusable,unknown,6.0,train,split_extension_append_abs_deficit
mswc-05a249c7d85f37ec,negative_confusable,unknown,1.0,validation,split_extension_append_abs_deficit
mswc-05a268a321702343,negative_confusable,unknown,1.0,train,split_extension_append_abs_deficit
mswc-05d4e155445b11e2,negative_confusable,unknown,1.0,train,split_extension_append_abs_deficit
mswc-05d7f7b58bf82a30,negative_confusable,unknown,1.0,test,split_extension_append_abs_deficit
mswc-05ddb5fcea9a29f6,negative_confusable,unknown,1.0,train,split_extension_append_abs_deficit
mswc-05de509eb6cc61c1,negative_confusable,unknown,4.0,train,split_extension_append_abs_deficit
mswc-05f0c617d0bb26cf,negative_confusable,unknown,5.0,train,split_extension_append_abs_deficit
mswc-05fc274aaf940156,negative_confusable,unknown,1.0,train,split_extension_append_abs_deficit
mswc-060207e464d1e418,negative_confusable,unknown,1.0,train,split_extension_append_abs_deficit
mswc-061793793520a993,negative_confusable,unknown,3.0,train,split_extension_append_abs_deficit
mswc-0632483e52eb21d2,negative_confusable,unknown,1.0,validation,split_extension_append_abs_deficit
mswc-0632807f41b1829b,negative_confusable,unknown,1.0,train,split_extension_append_abs_deficit
mswc-063402478598671e,negative_confusable,unknown,1.0,train,split_extension_append_abs_deficit
mswc-064a2016c00e4edd,negative_confusable,unknown,12.0,train,split_extension_append_abs_deficit
mswc-0665460ecafa10c5,negative_confusable,unknown,1.0,validation,split_extension_append_abs_deficit
mswc-067fc5b331cf8a65,negative_confusable,unknown,1.0,test,split_extension_append_abs_deficit
mswc-0680221ee0509037,negative_confusable,unknown,1.0,validation,split_extension_append_abs_deficit
mswc-06b4440301b65e92,negative_confusable,unknown,1.0,train,split_extension_append_abs_deficit
mswc-06c53aec09bca54d,negative_confusable,unknown,2.0,train,split_extension_append_abs_deficit
mswc-06e06e869a21f0a0,negative_confusable,unknown,1.0,train,split_extension_append_abs_deficit
mswc-06eaffe4a981a7be,negative_confusable,unknown,1.0,test,split_extension_append_abs_deficit
mswc-0704ac5fd58c0ff2,negative_confusable,unknown,1.0,test,split_extension_append_abs_deficit
mswc-07103d2981a79a5e,negative_confusable,unknown,1.974,train,split_extension_append_abs_deficit
mswc-071551331df21d11,negative_confusable,unknown,1.0,test,split_extension_append_abs_deficit
mswc-071929baea4de16c,negative_confusable,unknown,1.0,train,split_extension_append_abs_deficit
mswc-073bc2ef68ecf524,negative_confusable,unknown,1.0,validation,split_extension_append_abs_deficit
mswc-074e332de8120cf5,negative_confusable,unknown,1.0,validation,split_extension_append_abs_deficit
mswc-077388cc42b7a77e,negative_confusable,unknown,1.0,train,split_extension_append_abs_deficit
mswc-07863b53c0ec5f7e,negative_confusable,unknown,1.0,train,split_extension_append_abs_deficit
mswc-078bd7c0d377e1fa,negative_confusable,unknown,1.0,train,split_extension_append_abs_deficit
mswc-0798e32bf545e865,negative_confusable,unknown,1.0,train,split_extension_append_abs_deficit
mswc-07a6ba10f4e90b57,negative_confusable,unknown,1.0,train,split_extension_append_abs_deficit
mswc-07a7db773acd156d,negative_confusable,unknown,1.0,train,split_extension_append_abs_deficit
mswc-07aaf0a5ce24ca5d,negative_confusable,unknown,1.0,train,split_extension_append_abs_deficit
mswc-07b1dea617194cf1,negative_confusable,unknown,1.0,train,split_extension_append_abs_deficit
mswc-07b5ac7fe63a95a0,negative_confusable,unknown,1.0,validation,split_extension_append_abs_deficit
mswc-07b62f999e270494,negative_confusable,unknown,3.0,train,split_extension_append_abs_deficit
mswc-07c1875290be3dbf,negative_confusable,unknown,2.0,train,split_extension_append_abs_deficit
mswc-07cb30aef102e0d5,negative_confusable,unknown,3.0,train,split_extension_append_abs_deficit
mswc-07d5e3c888e57195,negative_confusable,unknown,1.0,train,split_extension_append_abs_deficit
mswc-07e00b28be7668f1,negative_confusable,unknown,1.0,train,split_extension_append_abs_deficit
mswc-07e8ffadbf68e630,negative_confusable,unknown,1.0,train,split_extension_append_abs_deficit
mswc-07f24c854718d8cd,negative_confusable,unknown,1.0,train,split_extension_append_abs_deficit
mswc-07fb8524ea441b1d,negative_confusable,unknown,1.0,validation,split_extension_append_abs_deficit
mswc-0804c7d42866b5af,negative_confusable,unknown,1.0,train,split_extension_append_abs_deficit
mswc-080ee8944a329855,negative_confusable,unknown,1.0,train,split_extension_append_abs_deficit
mswc-081c9a9bd57f8d17,negative_confusable,unknown,1.0,test,split_extension_append_abs_deficit
mswc-0837ae83a8a77bbb,negative_confusable,unknown,1.0,train,split_extension_append_abs_deficit
mswc-0841ddfb8592ae1f,negative_confusable,unknown,1.0,train,split_extension_append_abs_deficit
mswc-085da0d2d420d3b0,negative_confusable,unknown,3.0,train,split_extension_append_abs_deficit
mswc-086a469543f50778,negative_confusable,unknown,1.0,validation,split_extension_append_abs_deficit
mswc-086bd18c9c28b0c6,negative_confusable,unknown,1.0,train,split_extension_append_abs_deficit
mswc-087300363848c24c,negative_confusable,unknown,1.0,train,split_extension_append_abs_deficit
mswc-08930728bedf2893,negative_confusable,unknown,1.0,test,split_extension_append_abs_deficit
mswc-08cc8dc94800e34d,negative_confusable,unknown,1.0,train,split_extension_append_abs_deficit
mswc-08cd1b54f4b80d58,negative_confusable,unknown,1.0,train,split_extension_append_abs_deficit
mswc-08d247c7adb1abe6,negative_confusable,unknown,1.0,train,split_extension_append_abs_deficit
mswc-08eb61f0c97618d2,negative_confusable,unknown,1.0,test,split_extension_append_abs_deficit
mswc-08f91bd5adcdf93b,negative_confusable,unknown,1.0,train,split_extension_append_abs_deficit
mswc-091b9c61a534e512,negative_confusable,unknown,3.0,train,split_extension_append_abs_deficit
mswc-091e32f0309c4f3d,negative_confusable,unknown,1.0,train,split_extension_append_abs_deficit
mswc-0929be45841dec14,negative_confusable,unknown,1.0,train,split_extension_append_abs_deficit
mswc-0933d2da13592762,negative_confusable,unknown,1.0,train,split_extension_append_abs_deficit
mswc-0933d3fdcc6d5103,negative_confusable,unknown,6.0,train,split_extension_append_abs_deficit
mswc-0959518a71d13533,negative_confusable,unknown,1.0,validation,split_extension_append_abs_deficit
mswc-096c97b86d44ba6e,negative_confusable,unknown,1.0,train,split_extension_append_abs_deficit
mswc-0979b0ad5076ac8c,negative_confusable,unknown,1.0,validation,split_extension_append_abs_deficit
mswc-097ecdda9d45e386,negative_confusable,unknown,1.0,validation,split_extension_append_abs_deficit
mswc-098d7540bd934e39,negative_confusable,unknown,1.0,train,split_extension_append_abs_deficit
mswc-099ebf9246345c96,negative_confusable,unknown,1.0,train,split_extension_append_abs_deficit
mswc-09ac065cec6458bd,negative_confusable,unknown,1.0,test,split_extension_append_abs_deficit
mswc-09bda23908fc032f,negative_confusable,unknown,1.0,train,split_extension_append_abs_deficit
mswc-09e3e3c09d56cab9,negative_confusable,unknown,1.0,validation,split_extension_append_abs_deficit
mswc-09e94d0818258097,negative_confusable,unknown,1.0,train,split_extension_append_abs_deficit
mswc-0a1032dd4d86f3eb,negative_confusable,unknown,1.0,validation,split_extension_append_abs_deficit
mswc-0a3796ac4f18b17d,negative_confusable,unknown,2.0,train,split_extension_append_abs_deficit
mswc-0a38b21d3126cafc,negative_confusable,unknown,1.0,train,split_extension_append_abs_deficit
mswc-0a3b44eeff2d1b32,negative_confusable,unknown,1.0,validation,split_extension_append_abs_deficit
mswc-0a418a5678721353,negative_confusable,unknown,3.0,train,split_extension_append_abs_deficit
mswc-0a8d35c989c73ae4,negative_confusable,unknown,2.0,train,split_extension_append_abs_deficit
mswc-0a977d4b658bee81,negative_confusable,unknown,1.0,train,split_extension_append_abs_deficit
mswc-0aac4e9ba9dddf00,negative_confusable,unknown,1.0,validation,split_extension_append_abs_deficit
mswc-0aade66525792e7d,negative_confusable,unknown,1.0,train,split_extension_append_abs_deficit
mswc-0acf313028bfe2af,negative_confusable,unknown,2.0,train,split_extension_append_abs_deficit
mswc-0ad163a890a78994,negative_confusable,unknown,0.972,train,split_extension_append_abs_deficit
mswc-0ad78e5fb8d41f75,negative_confusable,unknown,1.0,train,split_extension_append_abs_deficit
mswc-0aebbe78ba36cbe5,negative_confusable,unknown,1.0,test,split_extension_append_abs_deficit
mswc-0aedd0e24f1db5b1,negative_confusable,unknown,1.0,train,split_extension_append_abs_deficit
mswc-0b06298e6ca36b01,negative_confusable,unknown,2.0,train,split_extension_append_abs_deficit
mswc-0b1367f75919eb75,negative_confusable,unknown,2.0,train,split_extension_append_abs_deficit
mswc-0b314d9ca80d269e,negative_confusable,unknown,9.998,train,split_extension_append_abs_deficit
mswc-0b4e60313b768ff7,negative_confusable,unknown,1.0,validation,split_extension_append_abs_deficit
mswc-0b5a04ea8f07a6fd,negative_confusable,unknown,1.0,test,split_extension_append_abs_deficit
mswc-0b5bba653c73a841,negative_confusable,unknown,1.0,test,split_extension_append_abs_deficit
mswc-0b5e6a16f4e8de2c,negative_confusable,unknown,1.0,train,split_extension_append_abs_deficit
mswc-0b64cedb9abde3a5,negative_confusable,unknown,1.0,train,split_extension_append_abs_deficit
mswc-0b655c668c770cfe,negative_confusable,unknown,2.0,train,split_extension_append_abs_deficit
mswc-0b8eb68e67ee2add,negative_confusable,unknown,1.972,train,split_extension_append_abs_deficit
mswc-0b8f11c13a833f64,negative_confusable,unknown,1.0,train,split_extension_append_abs_deficit
mswc-0b8f6a72403797d4,negative_confusable,unknown,1.0,train,split_extension_append_abs_deficit
mswc-0b93e3ca92f789ef,negative_confusable,unknown,2.0,train,split_extension_append_abs_deficit
mswc-0ba55de950598305,negative_confusable,unknown,2.0,train,split_extension_append_abs_deficit
mswc-0ba5a16d170b8bdb,negative_confusable,unknown,1.0,train,split_extension_append_abs_deficit
mswc-0ba926336645c9e2,negative_confusable,unknown,1.0,test,split_extension_append_abs_deficit
mswc-0bb986f0850975e1,negative_confusable,unknown,1.0,train,split_extension_append_abs_deficit
mswc-0bd36300b31ec3bf,negative_confusable,unknown,1.0,test,split_extension_append_abs_deficit
mswc-0bd650fb7e4a1bce,negative_confusable,unknown,1.0,train,split_extension_append_abs_deficit
mswc-0bde6fbd4a53b277,negative_confusable,unknown,1.0,train,split_extension_append_abs_deficit
mswc-0be824902e31d600,negative_confusable,unknown,2.0,train,split_extension_append_abs_deficit
mswc-0bf1e8c5d5c021ca,negative_confusable,unknown,1.0,train,split_extension_append_abs_deficit
mswc-0bf25a5b1e5e952f,negative_confusable,unknown,1.0,validation,split_extension_append_abs_deficit
mswc-0bf85b92b261f4cc,negative_confusable,unknown,1.0,train,split_extension_append_abs_deficit
mswc-0bffbe889d69cd5e,negative_confusable,unknown,1.0,train,split_extension_append_abs_deficit
mswc-0c0004ed9fa78849,negative_confusable,unknown,1.0,train,split_extension_append_abs_deficit
mswc-0c003e301f78d458,negative_confusable,unknown,3.0,train,split_extension_append_abs_deficit
mswc-0c02292cc4155545,negative_confusable,unknown,1.0,validation,split_extension_append_abs_deficit
mswc-0c049a2eeae0db1b,negative_confusable,unknown,1.0,validation,split_extension_append_abs_deficit
mswc-0c0ca33229185090,negative_confusable,unknown,1.0,train,split_extension_append_abs_deficit
mswc-0c0e2388d96a0306,negative_confusable,unknown,1.0,train,split_extension_append_abs_deficit
mswc-0c497906358dc1b9,negative_confusable,unknown,1.0,train,split_extension_append_abs_deficit
mswc-0c62e7bc794b5380,negative_confusable,unknown,3.0,train,split_extension_append_abs_deficit
mswc-0c6e8cab68e3812e,negative_confusable,unknown,1.0,validation,split_extension_append_abs_deficit
mswc-0c761b99d9f7073a,negative_confusable,unknown,1.0,test,split_extension_append_abs_deficit
mswc-0c7d7c153845a1a2,negative_confusable,unknown,1.0,train,split_extension_append_abs_deficit
mswc-0c88fc4b6e392b27,negative_confusable,unknown,1.0,train,split_extension_append_abs_deficit
mswc-0c8b3781ece6a031,negative_confusable,unknown,1.0,train,split_extension_append_abs_deficit
mswc-0ca969269aeed244,negative_confusable,unknown,1.0,train,split_extension_append_abs_deficit
mswc-0cc47b7f6a6f0000,negative_confusable,unknown,2.0,train,split_extension_append_abs_deficit
mswc-0cc809981c62668d,negative_confusable,unknown,1.0,test,split_extension_append_abs_deficit
mswc-0cc900c32aa3bd30,negative_confusable,unknown,0.972,train,split_extension_append_abs_deficit
mswc-0ce28528281eeea9,negative_confusable,unknown,1.0,train,split_extension_append_abs_deficit
mswc-0cee8e7f581882cf,negative_confusable,unknown,1.0,validation,split_extension_append_abs_deficit
mswc-0d071699a4ef1a30,negative_confusable,unknown,2.0,train,split_extension_append_abs_deficit
mswc-0d280c2def15b40b,negative_confusable,unknown,1.0,train,split_extension_append_abs_deficit
mswc-0d2caee2cc12dbdd,negative_confusable,unknown,1.0,validation,split_extension_append_abs_deficit
mswc-0d3f5c2047a98207,negative_confusable,unknown,1.0,test,split_extension_append_abs_deficit
mswc-0d505357e8d102b7,negative_confusable,unknown,1.0,train,split_extension_append_abs_deficit
mswc-0d6ada81660e533b,negative_confusable,unknown,1.0,train,split_extension_append_abs_deficit
mswc-0d9f17895c1725bf,negative_confusable,unknown,1.0,train,split_extension_append_abs_deficit
mswc-0da21fbf170462d8,negative_confusable,unknown,2.0,train,split_extension_append_abs_deficit
mswc-0da86bd9e055c001,negative_confusable,unknown,1.0,train,split_extension_append_abs_deficit
mswc-0dad0525226c63be,negative_confusable,unknown,1.0,train,split_extension_append_abs_deficit
mswc-0daf46594f811bb3,negative_confusable,unknown,1.0,test,split_extension_append_abs_deficit
mswc-0db465d830e651a7,negative_confusable,unknown,1.0,train,split_extension_append_abs_deficit
mswc-0db5fac9c3dcbaac,negative_confusable,unknown,1.0,train,split_extension_append_abs_deficit
mswc-0dc3da46dc4c38b3,negative_confusable,unknown,1.0,test,split_extension_append_abs_deficit
mswc-0dde5b225cd388e2,negative_confusable,unknown,2.0,train,split_extension_append_abs_deficit
mswc-0dde7c611efe1244,negative_confusable,unknown,1.0,test,split_extension_append_abs_deficit
mswc-0e117f892d2a7681,negative_confusable,unknown,1.0,test,split_extension_append_abs_deficit
mswc-0e2fb32eaf9d8033,negative_confusable,unknown,1.0,train,split_extension_append_abs_deficit
mswc-0e3061a8f2f34962,negative_confusable,unknown,1.0,validation,split_extension_append_abs_deficit
mswc-0e538c1a22db0f0f,negative_confusable,unknown,1.0,train,split_extension_append_abs_deficit
mswc-0e53ce7f00983f4f,negative_confusable,unknown,1.0,train,split_extension_append_abs_deficit
mswc-0e5663cd280e9467,negative_confusable,unknown,4.0,train,split_extension_append_abs_deficit
mswc-0e5d10a1b8fb13b7,negative_confusable,unknown,1.0,validation,split_extension_append_abs_deficit
mswc-0e695e10c660702b,negative_confusable,unknown,1.0,validation,split_extension_append_abs_deficit
mswc-0e6f8381334da284,negative_confusable,unknown,1.0,test,split_extension_append_abs_deficit
mswc-0e847c6452b9e907,negative_confusable,unknown,1.0,train,split_extension_append_abs_deficit
mswc-0e9b0098e72395d7,negative_confusable,unknown,1.0,train,split_extension_append_abs_deficit
mswc-0eb36968e11dec39,negative_confusable,unknown,3.0,train,split_extension_append_abs_deficit
mswc-0ebf349be001f5b2,negative_confusable,unknown,1.0,validation,split_extension_append_abs_deficit
mswc-0ebfd531c396be3d,negative_confusable,unknown,1.0,validation,split_extension_append_abs_deficit
mswc-0ecf684dd722ab2d,negative_confusable,unknown,1.0,validation,split_extension_append_abs_deficit
mswc-0ed3b57ca215ff1a,negative_confusable,unknown,1.0,validation,split_extension_append_abs_deficit
mswc-0ee15608c30ac737,negative_confusable,unknown,1.0,train,split_extension_append_abs_deficit
mswc-0ef1ab57d873b4f0,negative_confusable,unknown,1.0,train,split_extension_append_abs_deficit
mswc-0ef9960b450a2065,negative_confusable,unknown,1.0,train,split_extension_append_abs_deficit
mswc-0f1b4afce8a837ad,negative_confusable,unknown,1.0,validation,split_extension_append_abs_deficit
mswc-0f1d0904edcfda91,negative_confusable,unknown,1.0,train,split_extension_append_abs_deficit
mswc-0f36cca31360fb33,negative_confusable,unknown,1.0,train,split_extension_append_abs_deficit
mswc-0f46e59dae0deb4b,negative_confusable,unknown,1.0,train,split_extension_append_abs_deficit
mswc-0f4a9d2a8ea79d48,negative_confusable,unknown,1.0,train,split_extension_append_abs_deficit
mswc-0f5525dfa033975d,negative_confusable,unknown,1.0,train,split_extension_append_abs_deficit
mswc-0f74d0800bd9f25c,negative_confusable,unknown,1.0,train,split_extension_append_abs_deficit
mswc-0f776b90af95a5ac,negative_confusable,unknown,1.0,train,split_extension_append_abs_deficit
mswc-0f997bb52e250c33,negative_confusable,unknown,1.0,train,split_extension_append_abs_deficit
mswc-0fa230e59f322714,negative_confusable,unknown,1.0,test,split_extension_append_abs_deficit
mswc-0fae0fe3961aee12,negative_confusable,unknown,1.0,test,split_extension_append_abs_deficit
mswc-0feb962cd447d64e,negative_confusable,unknown,1.0,train,split_extension_append_abs_deficit
mswc-1017b4ce000c9ff3,negative_confusable,unknown,1.0,validation,split_extension_append_abs_deficit
mswc-101c7a72dd3c8438,negative_confusable,unknown,1.0,test,split_extension_append_abs_deficit
mswc-1021e146675cfa01,negative_confusable,unknown,5.0,train,split_extension_append_abs_deficit
mswc-10226743a8ae0d7d,negative_confusable,unknown,1.0,validation,split_extension_append_abs_deficit
mswc-103b0eb5778efbfc,negative_confusable,unknown,5.0,train,split_extension_append_abs_deficit
mswc-104135cd838d2033,negative_confusable,unknown,1.0,test,split_extension_append_abs_deficit
mswc-1047350e87c1cf4b,negative_confusable,unknown,1.0,train,split_extension_append_abs_deficit
mswc-1061994e4b538ebf,negative_confusable,unknown,1.0,validation,split_extension_append_abs_deficit
mswc-1061f5acd424342c,negative_confusable,unknown,3.0,train,split_extension_append_abs_deficit
mswc-106b363322989896,negative_confusable,unknown,1.0,test,split_extension_append_abs_deficit
mswc-108582469c2971f1,negative_confusable,unknown,1.0,test,split_extension_append_abs_deficit
mswc-1089e134e5ae1093,negative_confusable,unknown,1.0,test,split_extension_append_abs_deficit
mswc-108ed24d65e2758f,negative_confusable,unknown,1.0,validation,split_extension_append_abs_deficit
mswc-10902e8aa4cc4685,negative_confusable,unknown,1.0,train,split_extension_append_abs_deficit
mswc-10931c3ebf4997f3,negative_confusable,unknown,1.0,train,split_extension_append_abs_deficit
mswc-109a7049e126afee,negative_confusable,unknown,1.0,test,split_extension_append_abs_deficit
mswc-10d77551d4b7f6c2,negative_confusable,unknown,1.0,validation,split_extension_append_abs_deficit
mswc-10db771390c481d2,negative_confusable,unknown,1.0,train,split_extension_append_abs_deficit
mswc-110fe5315e099833,negative_confusable,unknown,1.0,train,split_extension_append_abs_deficit
mswc-1113ce50038cb66a,negative_confusable,unknown,1.0,train,split_extension_append_abs_deficit
mswc-11162d3ec225eb18,negative_confusable,unknown,2.0,train,split_extension_append_abs_deficit
mswc-118248cb1c597979,negative_confusable,unknown,1.0,validation,split_extension_append_abs_deficit
mswc-11a135280196f9fc,negative_confusable,unknown,7.0,train,split_extension_append_abs_deficit
mswc-11b15dbff5f78db7,negative_confusable,unknown,1.0,train,split_extension_append_abs_deficit
mswc-11d55937d8c11575,negative_confusable,unknown,1.0,train,split_extension_append_abs_deficit
mswc-11d65d6cd604c13c,negative_confusable,unknown,1.0,test,split_extension_append_abs_deficit
mswc-11e458a2948ddcdb,negative_confusable,unknown,3.0,train,split_extension_append_abs_deficit
mswc-11ec372417df77b0,negative_confusable,unknown,12.0,train,split_extension_append_abs_deficit
mswc-11fd518cafacfc14,negative_confusable,unknown,1.0,train,split_extension_append_abs_deficit
mswc-1210428c207c63e3,negative_confusable,unknown,1.0,validation,split_extension_append_abs_deficit
mswc-122f67ea5ffd9456,negative_confusable,unknown,1.0,train,split_extension_append_abs_deficit
mswc-124888cf4f7b76bb,negative_confusable,unknown,1.0,train,split_extension_append_abs_deficit
mswc-125d8913d232ad3c,negative_confusable,unknown,1.0,validation,split_extension_append_abs_deficit
mswc-125eb4314b9a07e6,negative_confusable,unknown,1.0,train,split_extension_append_abs_deficit
mswc-1261f76428b1dca2,negative_confusable,unknown,1.0,validation,split_extension_append_abs_deficit
mswc-126d3ec8a9de73c2,negative_confusable,unknown,1.0,train,split_extension_append_abs_deficit
mswc-127e3bf029d6c0ff,negative_confusable,unknown,1.0,validation,split_extension_append_abs_deficit
mswc-129dfb122eea8f2a,negative_confusable,unknown,1.0,test,split_extension_append_abs_deficit
mswc-12a8849d8f2e0d14,negative_confusable,unknown,2.0,train,split_extension_append_abs_deficit
mswc-12b67bfec1a44e77,negative_confusable,unknown,1.0,train,split_extension_append_abs_deficit
mswc-12bcb69821b133c6,negative_confusable,unknown,1.0,train,split_extension_append_abs_deficit
mswc-12d1d4ba570c443d,negative_confusable,unknown,1.0,validation,split_extension_append_abs_deficit
mswc-12d25e99ac936b01,negative_confusable,unknown,1.0,train,split_extension_append_abs_deficit
mswc-1324aef8092cae67,negative_confusable,unknown,1.0,train,split_extension_append_abs_deficit
mswc-133716162ee46e59,negative_confusable,unknown,1.0,train,split_extension_append_abs_deficit
mswc-134aa239f9368fd5,negative_confusable,unknown,1.0,train,split_extension_append_abs_deficit
mswc-13625e98c5c0f1e9,negative_confusable,unknown,2.97,train,split_extension_append_abs_deficit
mswc-1379192322054be1,negative_confusable,unknown,1.0,test,split_extension_append_abs_deficit
mswc-13839708fefc576e,negative_confusable,unknown,1.0,train,split_extension_append_abs_deficit
mswc-1389aa6394a426e5,negative_confusable,unknown,1.0,test,split_extension_append_abs_deficit
mswc-139aecf5d077a48c,negative_confusable,unknown,1.0,train,split_extension_append_abs_deficit
mswc-139b4a10b1e16d21,negative_confusable,unknown,1.0,train,split_extension_append_abs_deficit
mswc-13b2b6baf488fe49,negative_confusable,unknown,1.0,validation,split_extension_append_abs_deficit
mswc-13b504abbb11cf8c,negative_confusable,unknown,2.0,train,split_extension_append_abs_deficit
mswc-140b4f1f2bd1135a,negative_confusable,unknown,1.0,validation,split_extension_append_abs_deficit
mswc-141672013b34d683,negative_confusable,unknown,1.0,train,split_extension_append_abs_deficit
mswc-14391b7f62c3f9bb,negative_confusable,unknown,1.0,validation,split_extension_append_abs_deficit
mswc-144392f602c94d8b,negative_confusable,unknown,2.0,train,split_extension_append_abs_deficit
mswc-144a668b4643b941,negative_confusable,unknown,1.0,train,split_extension_append_abs_deficit
mswc-146709d7d9bdcb3b,negative_confusable,unknown,1.0,train,split_extension_append_abs_deficit
mswc-1476c13940c901d1,negative_confusable,unknown,1.0,train,split_extension_append_abs_deficit
mswc-147cef3bfa8142de,negative_confusable,unknown,3.0,train,split_extension_append_abs_deficit
mswc-14834dab4d2d3ecb,negative_confusable,unknown,1.0,train,split_extension_append_abs_deficit
mswc-148f5771e8a06bfe,negative_confusable,unknown,1.0,validation,split_extension_append_abs_deficit
mswc-14c89496eeb2b84d,negative_confusable,unknown,1.0,train,split_extension_append_abs_deficit
mswc-14c8d69ceed7d1eb,negative_confusable,unknown,1.0,train,split_extension_append_abs_deficit
mswc-14cdc220bce78820,negative_confusable,unknown,4.0,train,split_extension_append_abs_deficit
mswc-14dfe7d9eb210bb4,negative_confusable,unknown,1.0,train,split_extension_append_abs_deficit
mswc-14e01f256ba08e30,negative_confusable,unknown,1.0,train,split_extension_append_abs_deficit
mswc-14e4cb11d03bfac0,negative_confusable,unknown,1.0,train,split_extension_append_abs_deficit
mswc-14ef50c164c4c77e,negative_confusable,unknown,3.0,train,split_extension_append_abs_deficit
mswc-14f5e987d9e4b48c,negative_confusable,unknown,1.0,train,split_extension_append_abs_deficit
mswc-1522bcd9fdc3fdc0,negative_confusable,unknown,3.0,train,split_extension_append_abs_deficit
mswc-1534d6ca32e51550,negative_confusable,unknown,2.0,train,split_extension_append_abs_deficit
mswc-153e51653e68a483,negative_confusable,unknown,1.0,train,split_extension_append_abs_deficit
mswc-1546ec6d59f08409,negative_confusable,unknown,2.0,train,split_extension_append_abs_deficit
mswc-154c06c324abe6b9,negative_confusable,unknown,1.0,train,split_extension_append_abs_deficit
mswc-15502dee7a6312b4,negative_confusable,unknown,1.0,validation,split_extension_append_abs_deficit
mswc-155550550cef4821,negative_confusable,unknown,3.0,train,split_extension_append_abs_deficit
mswc-1555c6dd360ca738,negative_confusable,unknown,3.0,train,split_extension_append_abs_deficit
mswc-155db53a87c9753c,negative_confusable,unknown,3.998,train,split_extension_append_abs_deficit
mswc-15612607bade792a,negative_confusable,unknown,1.0,train,split_extension_append_abs_deficit
mswc-1577b6b06f37badf,negative_confusable,unknown,1.0,train,split_extension_append_abs_deficit
mswc-157d90b43651d053,negative_confusable,unknown,1.0,train,split_extension_append_abs_deficit
mswc-159048f3358b0c29,negative_confusable,unknown,5.0,train,split_extension_append_abs_deficit
mswc-159c1c977222daf5,negative_confusable,unknown,1.0,test,split_extension_append_abs_deficit
mswc-15a7f3ff43ca876b,negative_confusable,unknown,2.0,train,split_extension_append_abs_deficit
mswc-15a95045e84e7a9b,negative_confusable,unknown,1.0,train,split_extension_append_abs_deficit
mswc-15b694717573e867,negative_confusable,unknown,2.0,train,split_extension_append_abs_deficit
mswc-15bea30589e107ba,negative_confusable,unknown,1.0,test,split_extension_append_abs_deficit
mswc-15cb828120f01434,negative_confusable,unknown,1.0,validation,split_extension_append_abs_deficit
mswc-15d7ee9e00fa2ead,negative_confusable,unknown,1.0,test,split_extension_append_abs_deficit
mswc-15e9526cf01af2ce,negative_confusable,unknown,1.0,test,split_extension_append_abs_deficit
mswc-15ea62ec204aab31,negative_confusable,unknown,1.0,train,split_extension_append_abs_deficit
mswc-15f5d75682514c29,negative_confusable,unknown,2.0,train,split_extension_append_abs_deficit
mswc-15fe250ee147e794,negative_confusable,unknown,1.0,train,split_extension_append_abs_deficit
mswc-1613167116b703c3,negative_confusable,unknown,1.0,validation,split_extension_append_abs_deficit
mswc-162064a83893d658,negative_confusable,unknown,3.0,train,split_extension_append_abs_deficit
mswc-162c15fe262e6e90,negative_confusable,unknown,1.0,train,split_extension_append_abs_deficit
mswc-162ea6bfe7d134d8,negative_confusable,unknown,1.0,validation,split_extension_append_abs_deficit
mswc-1645aca50c6f33f9,negative_confusable,unknown,7.0,train,split_extension_append_abs_deficit
mswc-1655b1cb4525aff5,negative_confusable,unknown,1.0,train,split_extension_append_abs_deficit
mswc-165768305182d1bc,negative_confusable,unknown,1.0,train,split_extension_append_abs_deficit
mswc-169a5360e9208fee,negative_confusable,unknown,1.0,train,split_extension_append_abs_deficit
mswc-16abf5744355c3af,negative_confusable,unknown,1.0,train,split_extension_append_abs_deficit
mswc-16b7769e15832bd1,negative_confusable,unknown,1.0,train,split_extension_append_abs_deficit
mswc-16cd79b43c1673d8,negative_confusable,unknown,1.0,train,split_extension_append_abs_deficit
mswc-16d8bf7f0884807b,negative_confusable,unknown,1.0,train,split_extension_append_abs_deficit
mswc-16daa53b3eb4df2b,negative_confusable,unknown,5.0,train,split_extension_append_abs_deficit
mswc-16de93e616fc4295,negative_confusable,unknown,1.0,test,split_extension_append_abs_deficit
mswc-16f13e0dc64ffe13,negative_confusable,unknown,1.0,train,split_extension_append_abs_deficit
mswc-16f1e0be2f3709ac,negative_confusable,unknown,4.0,train,split_extension_append_abs_deficit
mswc-16f384bd7017874f,negative_confusable,unknown,1.0,train,split_extension_append_abs_deficit
mswc-1710dcacb55f0131,negative_confusable,unknown,2.0,train,split_extension_append_abs_deficit
mswc-173016de4544f012,negative_confusable,unknown,1.0,train,split_extension_append_abs_deficit
mswc-173240f9528630df,negative_confusable,unknown,1.0,train,split_extension_append_abs_deficit
mswc-173924b6a1d494aa,negative_confusable,unknown,1.0,train,split_extension_append_abs_deficit
mswc-17498c4fdb7a2969,negative_confusable,unknown,2.0,train,split_extension_append_abs_deficit
mswc-1768d7e913178875,negative_confusable,unknown,1.0,train,split_extension_append_abs_deficit
mswc-17ac622b25d7d8e6,negative_confusable,unknown,1.0,test,split_extension_append_abs_deficit
mswc-17b1d15b30376636,negative_confusable,unknown,1.0,validation,split_extension_append_abs_deficit
mswc-17b262821b322e1c,negative_confusable,unknown,1.0,train,split_extension_append_abs_deficit
mswc-17b4b7a72bc02166,negative_confusable,unknown,4.0,train,split_extension_append_abs_deficit
mswc-17f6f526effd48d6,negative_confusable,unknown,1.0,test,split_extension_append_abs_deficit
mswc-180254c54fc90087,negative_confusable,unknown,1.0,train,split_extension_append_abs_deficit
mswc-180939dcd2d8ef7c,negative_confusable,unknown,1.0,train,split_extension_append_abs_deficit
mswc-18106895605eb960,negative_confusable,unknown,1.0,test,split_extension_append_abs_deficit
mswc-18140a4d5e88199e,negative_confusable,unknown,1.0,train,split_extension_append_abs_deficit
mswc-181bc8210f7261c0,negative_confusable,unknown,1.0,validation,split_extension_append_abs_deficit
mswc-18235c1fbfa421a4,negative_confusable,unknown,1.0,test,split_extension_append_abs_deficit
mswc-1827e8ff8e088ec1,negative_confusable,unknown,1.0,test,split_extension_append_abs_deficit
mswc-18326b9457c82891,negative_confusable,unknown,5.0,train,split_extension_append_abs_deficit
mswc-18576fa5be5640a1,negative_confusable,unknown,1.0,train,split_extension_append_abs_deficit
mswc-185a19520056bd31,negative_confusable,unknown,4.0,train,split_extension_append_abs_deficit
mswc-18604a3f65e75b8c,negative_confusable,unknown,1.0,train,split_extension_append_abs_deficit
mswc-186711890e0d357f,negative_confusable,unknown,2.0,train,split_extension_append_abs_deficit
mswc-187bf1e652593b1b,negative_confusable,unknown,1.0,train,split_extension_append_abs_deficit
mswc-187e26d86bd4f637,negative_confusable,unknown,1.0,test,split_extension_append_abs_deficit
mswc-18913debe8311a0b,negative_confusable,unknown,1.0,train,split_extension_append_abs_deficit
mswc-18ae3b317f15a738,negative_confusable,unknown,6.0,train,split_extension_append_abs_deficit
mswc-18b951dc2813f581,negative_confusable,unknown,1.0,train,split_extension_append_abs_deficit
mswc-18bc79ca4dfdad1b,negative_confusable,unknown,1.0,train,split_extension_append_abs_deficit
mswc-18c79b1f20149fb7,negative_confusable,unknown,1.0,train,split_extension_append_abs_deficit
mswc-18cdbb8a98d9e592,negative_confusable,unknown,2.0,train,split_extension_append_abs_deficit
mswc-18d185121681af86,negative_confusable,unknown,1.0,validation,split_extension_append_abs_deficit
mswc-19149de6773e2e11,negative_confusable,unknown,1.0,test,split_extension_append_abs_deficit
mswc-1914c54a3e9581b6,negative_confusable,unknown,1.0,validation,split_extension_append_abs_deficit
mswc-192ccfb9afd9ab8d,negative_confusable,unknown,1.0,train,split_extension_append_abs_deficit
mswc-192e47bdbde2bb62,negative_confusable,unknown,2.0,train,split_extension_append_abs_deficit
mswc-19420e396a521545,negative_confusable,unknown,1.0,test,split_extension_append_abs_deficit
mswc-194875abc05277ec,negative_confusable,unknown,1.0,test,split_extension_append_abs_deficit
mswc-1950c0c96b18c615,negative_confusable,unknown,1.0,train,split_extension_append_abs_deficit
mswc-1953594d0e676f3b,negative_confusable,unknown,1.0,train,split_extension_append_abs_deficit
mswc-196b71f8ff9d2a01,negative_confusable,unknown,1.0,train,split_extension_append_abs_deficit
mswc-196fcd501e626766,negative_confusable,unknown,1.0,train,split_extension_append_abs_deficit
mswc-19728bddc3e09033,negative_confusable,unknown,6.0,train,split_extension_append_abs_deficit
mswc-19735da80e4a8c6a,negative_confusable,unknown,1.0,train,split_extension_append_abs_deficit
mswc-197b283d2eabb40d,negative_confusable,unknown,1.0,train,split_extension_append_abs_deficit
mswc-197dd6156c583d54,negative_confusable,unknown,2.0,train,split_extension_append_abs_deficit
mswc-19b2046ab57dcd17,negative_confusable,unknown,1.0,validation,split_extension_append_abs_deficit
mswc-19cf97d68dc97bc5,negative_confusable,unknown,2.0,train,split_extension_append_abs_deficit
mswc-19d68310cbcbd04a,negative_confusable,unknown,1.0,train,split_extension_append_abs_deficit
mswc-1a0446d48b2fe111,negative_confusable,unknown,20.0,train,split_extension_append_abs_deficit
mswc-1a130519e09bc9f1,negative_confusable,unknown,1.0,validation,split_extension_append_abs_deficit
mswc-1a1b6fe616790499,negative_confusable,unknown,3.0,train,split_extension_append_abs_deficit
mswc-1a402c09a7192330,negative_confusable,unknown,1.0,train,split_extension_append_abs_deficit
mswc-1a68f79290a912d0,negative_confusable,unknown,1.0,train,split_extension_append_abs_deficit
mswc-1a6e6200ee06b7f5,negative_confusable,unknown,1.0,train,split_extension_append_abs_deficit
mswc-1a7f92612f2f1535,negative_confusable,unknown,1.0,train,split_extension_append_abs_deficit
mswc-1a83436743df5662,negative_confusable,unknown,2.0,train,split_extension_append_abs_deficit
mswc-1a89d88e5613b49b,negative_confusable,unknown,5.0,train,split_extension_append_abs_deficit
mswc-1a922227ae3147d8,negative_confusable,unknown,2.0,train,split_extension_append_abs_deficit
mswc-1a970fd0fa06d763,negative_confusable,unknown,1.0,train,split_extension_append_abs_deficit
mswc-1a9bc923df2f2d6b,negative_confusable,unknown,3.0,train,split_extension_append_abs_deficit
mswc-1abbb71e245b4082,negative_confusable,unknown,1.0,test,split_extension_append_abs_deficit
mswc-1adde4d2e7e5095c,negative_confusable,unknown,1.0,train,split_extension_append_abs_deficit
mswc-1ae3395eae41c165,negative_confusable,unknown,1.0,train,split_extension_append_abs_deficit
mswc-1ae716ec41f6ee16,negative_confusable,unknown,1.0,test,split_extension_append_abs_deficit
mswc-1b0c7aa8056b61bd,negative_confusable,unknown,1.0,train,split_extension_append_abs_deficit
mswc-1b0d7b4194bd75b3,negative_confusable,unknown,2.0,train,split_extension_append_abs_deficit
mswc-1b0f6923c88b734f,negative_confusable,unknown,3.0,train,split_extension_append_abs_deficit
mswc-1b1ac39889bef690,negative_confusable,unknown,2.0,train,split_extension_append_abs_deficit
mswc-1b237505aa873784,negative_confusable,unknown,1.0,train,split_extension_append_abs_deficit
mswc-1b3822fecb6f1951,negative_confusable,unknown,1.0,test,split_extension_append_abs_deficit
mswc-1b38cf2c27422d0f,negative_confusable,unknown,1.0,train,split_extension_append_abs_deficit
mswc-1b6d216382b6f998,negative_confusable,unknown,3.0,train,split_extension_append_abs_deficit
mswc-1b6f243cb9a3eae0,negative_confusable,unknown,1.0,train,split_extension_append_abs_deficit
mswc-1bc3dc0bc84f16ba,negative_confusable,unknown,2.0,train,split_extension_append_abs_deficit
mswc-1bc59edc17728358,negative_confusable,unknown,1.0,train,split_extension_append_abs_deficit
mswc-1bc6f6cc91f5d6db,negative_confusable,unknown,1.0,train,split_extension_append_abs_deficit
mswc-1bc98d87a82be85b,negative_confusable,unknown,1.0,train,split_extension_append_abs_deficit
mswc-1bec6f0f88689d3b,negative_confusable,unknown,1.0,validation,split_extension_append_abs_deficit
mswc-1bf5ab6c7163f3df,negative_confusable,unknown,1.0,train,split_extension_append_abs_deficit
mswc-1bfea1f80c332605,negative_confusable,unknown,1.0,train,split_extension_append_abs_deficit
mswc-1c080252d57f47a9,negative_confusable,unknown,1.0,train,split_extension_append_abs_deficit
mswc-1c0921393dbcfb35,negative_confusable,unknown,1.0,test,split_extension_append_abs_deficit
mswc-1c156a2d876d229b,negative_confusable,unknown,2.0,train,split_extension_append_abs_deficit
mswc-1c17308ab1a47ff1,negative_confusable,unknown,1.0,train,split_extension_append_abs_deficit
mswc-1c2e56345b912a6c,negative_confusable,unknown,1.0,train,split_extension_append_abs_deficit
mswc-1c39527e88182334,negative_confusable,unknown,1.0,train,split_extension_append_abs_deficit
mswc-1c3d70609baf8b34,negative_confusable,unknown,1.0,test,split_extension_append_abs_deficit
mswc-1c43db9e650ebc6a,negative_confusable,unknown,1.0,train,split_extension_append_abs_deficit
mswc-1c4b412bc76ba382,negative_confusable,unknown,1.0,train,split_extension_append_abs_deficit
mswc-1c4f5cb282025349,negative_confusable,unknown,2.0,train,split_extension_append_abs_deficit
mswc-1c5e5329bd12e3e8,negative_confusable,unknown,1.0,train,split_extension_append_abs_deficit
mswc-1c62a7ef9b244e0c,negative_confusable,unknown,1.0,train,split_extension_append_abs_deficit
mswc-1c673b0209f32b42,negative_confusable,unknown,2.0,train,split_extension_append_abs_deficit
mswc-1c6ee56bd83ef239,negative_confusable,unknown,1.0,train,split_extension_append_abs_deficit
mswc-1c7401c1902f2071,negative_confusable,unknown,1.0,test,split_extension_append_abs_deficit
mswc-1c760e72c43cc89b,negative_confusable,unknown,1.0,train,split_extension_append_abs_deficit
mswc-1c7b53b824458822,negative_confusable,unknown,1.0,test,split_extension_append_abs_deficit
mswc-1c94bf2c3bf87887,negative_confusable,unknown,1.0,validation,split_extension_append_abs_deficit
mswc-1c9d7be648186833,negative_confusable,unknown,2.0,train,split_extension_append_abs_deficit
mswc-1ccbaee1bf030993,negative_confusable,unknown,1.0,test,split_extension_append_abs_deficit
mswc-1cd99b248a029794,negative_confusable,unknown,1.0,train,split_extension_append_abs_deficit
mswc-1ce26fecd41f78b1,negative_confusable,unknown,1.0,test,split_extension_append_abs_deficit
mswc-1cf8ca33394522fc,negative_confusable,unknown,1.0,train,split_extension_append_abs_deficit
mswc-1d268fd633c89330,negative_confusable,unknown,1.0,validation,split_extension_append_abs_deficit
mswc-1d5071063730fea7,negative_confusable,unknown,1.0,train,split_extension_append_abs_deficit
mswc-1d5fc16e653de664,negative_confusable,unknown,1.0,test,split_extension_append_abs_deficit
mswc-1d6a501a96c5b8e7,negative_confusable,unknown,1.0,train,split_extension_append_abs_deficit
mswc-1d7b7170e6582075,negative_confusable,unknown,1.0,train,split_extension_append_abs_deficit
mswc-1d8a5a86ea20aa36,negative_confusable,unknown,22.0,train,split_extension_append_abs_deficit
mswc-1d9427acc5f17c32,negative_confusable,unknown,1.0,test,split_extension_append_abs_deficit
mswc-1da450b6301a8d23,negative_confusable,unknown,2.0,train,split_extension_append_abs_deficit
mswc-1dad25d71a365e0b,negative_confusable,unknown,3.0,train,split_extension_append_abs_deficit
mswc-1db54cbe460fa3f3,negative_confusable,unknown,1.0,train,split_extension_append_abs_deficit
mswc-1db8fda02ed93c18,negative_confusable,unknown,1.0,train,split_extension_append_abs_deficit
mswc-1ddb22d92eb0cf86,negative_confusable,unknown,1.0,validation,split_extension_append_abs_deficit
mswc-1de70a3277762289,negative_confusable,unknown,1.0,train,split_extension_append_abs_deficit
mswc-1dfb6c24b6bd25a6,negative_confusable,unknown,1.0,train,split_extension_append_abs_deficit
mswc-1e113c388bf2060f,negative_confusable,unknown,1.0,validation,split_extension_append_abs_deficit
mswc-1e227517cb6b6320,negative_confusable,unknown,1.0,train,split_extension_append_abs_deficit
mswc-1e2f9a7accdbc8f5,negative_confusable,unknown,1.0,train,split_extension_append_abs_deficit
mswc-1e45dd3a4a50ef77,negative_confusable,unknown,1.0,train,split_extension_append_abs_deficit
mswc-1e4dde4d2bc96562,negative_confusable,unknown,1.0,train,split_extension_append_abs_deficit
mswc-1e63a298a679b7b4,negative_confusable,unknown,2.0,train,split_extension_append_abs_deficit
mswc-1e67aa6c4eb9e28c,negative_confusable,unknown,1.0,train,split_extension_append_abs_deficit
mswc-1e96e4da92f5ad7a,negative_confusable,unknown,2.0,train,split_extension_append_abs_deficit
mswc-1e9950055b2caa9d,negative_confusable,unknown,1.0,train,split_extension_append_abs_deficit
mswc-1edb5fa38bdf3fb5,negative_confusable,unknown,1.0,train,split_extension_append_abs_deficit
mswc-1ee7b8daea34d3f3,negative_confusable,unknown,1.0,train,split_extension_append_abs_deficit
mswc-1ef07e3c813d82a1,negative_confusable,unknown,1.0,test,split_extension_append_abs_deficit
mswc-1ef414c9abc5c39e,negative_confusable,unknown,2.0,train,split_extension_append_abs_deficit
mswc-1f069d145ac22200,negative_confusable,unknown,1.0,train,split_extension_append_abs_deficit
mswc-1f0f35da8acd3ceb,negative_confusable,unknown,1.0,train,split_extension_append_abs_deficit
mswc-1f1205fee0647a32,negative_confusable,unknown,1.0,test,split_extension_append_abs_deficit
mswc-1f149cd636e42f0a,negative_confusable,unknown,1.0,test,split_extension_append_abs_deficit
mswc-1f150fa72ab4ef62,negative_confusable,unknown,2.0,train,split_extension_append_abs_deficit
mswc-1f1ecbae49c46a2a,negative_confusable,unknown,1.0,validation,split_extension_append_abs_deficit
mswc-1f2103c8f164c98c,negative_confusable,unknown,1.0,train,split_extension_append_abs_deficit
mswc-1f3f4efcb75ed41e,negative_confusable,unknown,4.0,train,split_extension_append_abs_deficit
mswc-1f48854a0a0f002c,negative_confusable,unknown,1.0,test,split_extension_append_abs_deficit
mswc-1f4a908155f75bb2,negative_confusable,unknown,4.0,train,split_extension_append_abs_deficit
mswc-1f4e890a95e2848c,negative_confusable,unknown,1.0,validation,split_extension_append_abs_deficit
mswc-1f829ede5b664b77,negative_confusable,unknown,2.0,train,split_extension_append_abs_deficit
mswc-1f88a1fc8fbe8813,negative_confusable,unknown,1.0,test,split_extension_append_abs_deficit
mswc-1f9f5f5dedb7dfeb,negative_confusable,unknown,1.0,train,split_extension_append_abs_deficit
mswc-1fa90b3f7281c259,negative_confusable,unknown,1.0,test,split_extension_append_abs_deficit
mswc-1fbd5ad025f2e3fd,negative_confusable,unknown,1.0,test,split_extension_append_abs_deficit
mswc-1fc2230568ac79fe,negative_confusable,unknown,1.0,validation,split_extension_append_abs_deficit
mswc-1fdb0a41c1b30fd2,negative_confusable,unknown,1.0,train,split_extension_append_abs_deficit
mswc-1ff23c9259a73c7a,negative_confusable,unknown,1.0,train,split_extension_append_abs_deficit
mswc-1ffcd33f01696b22,negative_confusable,unknown,1.0,train,split_extension_append_abs_deficit
mswc-200744f7ce0415e9,negative_confusable,unknown,1.0,train,split_extension_append_abs_deficit
mswc-20177a7257db547f,negative_confusable,unknown,1.0,validation,split_extension_append_abs_deficit
mswc-201ed0a6148e0a14,negative_confusable,unknown,1.0,train,split_extension_append_abs_deficit
mswc-20369b898b8e75c7,negative_confusable,unknown,1.0,validation,split_extension_append_abs_deficit
mswc-204fe91596f538f0,negative_confusable,unknown,1.0,train,split_extension_append_abs_deficit
mswc-20509f057f3f56e6,negative_confusable,unknown,1.0,train,split_extension_append_abs_deficit
mswc-205155067163a7e1,negative_confusable,unknown,2.0,train,split_extension_append_abs_deficit
mswc-205e0c205e55a398,negative_confusable,unknown,2.0,train,split_extension_append_abs_deficit
mswc-206da4690cabd1c8,negative_confusable,unknown,1.0,test,split_extension_append_abs_deficit
mswc-2085b24252ef0943,negative_confusable,unknown,1.0,validation,split_extension_append_abs_deficit
mswc-20a379bb77c28d4f,negative_confusable,unknown,1.0,validation,split_extension_append_abs_deficit
mswc-20a6b3f5eae8cb97,negative_confusable,unknown,1.0,train,split_extension_append_abs_deficit
mswc-20b2535e5d41f074,negative_confusable,unknown,1.0,train,split_extension_append_abs_deficit
mswc-20b3776cdcb6d427,negative_confusable,unknown,1.0,test,split_extension_append_abs_deficit
mswc-20c5cd198dcc6e43,negative_confusable,unknown,1.0,train,split_extension_append_abs_deficit
mswc-20e18bb3ab6c160e,negative_confusable,unknown,2.0,train,split_extension_append_abs_deficit
mswc-21174435c3dbcc2d,negative_confusable,unknown,1.0,validation,split_extension_append_abs_deficit
mswc-211a983908a285df,negative_confusable,unknown,1.0,validation,split_extension_append_abs_deficit
mswc-211b02be01019673,negative_confusable,unknown,1.0,train,split_extension_append_abs_deficit
mswc-212f9c8f823467ee,negative_confusable,unknown,1.0,train,split_extension_append_abs_deficit
mswc-213f7fb26b8d1be7,negative_confusable,unknown,1.0,train,split_extension_append_abs_deficit
mswc-21499f3d05e48ece,negative_confusable,unknown,1.0,validation,split_extension_append_abs_deficit
mswc-2149cd02e1419915,negative_confusable,unknown,1.0,test,split_extension_append_abs_deficit
mswc-21580cd2b189178f,negative_confusable,unknown,1.0,test,split_extension_append_abs_deficit
mswc-216942e94d3647ff,negative_confusable,unknown,2.0,train,split_extension_append_abs_deficit
mswc-216cbfd1b16f5fbc,negative_confusable,unknown,1.0,validation,split_extension_append_abs_deficit
mswc-2178161a81e4580f,negative_confusable,unknown,1.0,test,split_extension_append_abs_deficit
mswc-21b31aaabed7bc69,negative_confusable,unknown,1.0,train,split_extension_append_abs_deficit
mswc-21c39fcffd522f42,negative_confusable,unknown,1.0,train,split_extension_append_abs_deficit
mswc-21d86794233ae3d5,negative_confusable,unknown,1.0,test,split_extension_append_abs_deficit
mswc-21eaa1762007aaf1,negative_confusable,unknown,1.0,train,split_extension_append_abs_deficit
mswc-221aeee7b2299fc2,negative_confusable,unknown,1.0,train,split_extension_append_abs_deficit
mswc-223648ec0ddad528,negative_confusable,unknown,2.0,train,split_extension_append_abs_deficit
mswc-22375c66b69d4f07,negative_confusable,unknown,1.0,test,split_extension_append_abs_deficit
mswc-2239ba515d809225,negative_confusable,unknown,1.0,train,split_extension_append_abs_deficit
mswc-22504279014d9a26,negative_confusable,unknown,1.0,train,split_extension_append_abs_deficit
mswc-2258771ac47a6ade,negative_confusable,unknown,3.0,train,split_extension_append_abs_deficit
mswc-226455dd4e5576e6,negative_confusable,unknown,1.0,train,split_extension_append_abs_deficit
mswc-22645b0a0f10e558,negative_confusable,unknown,2.0,train,split_extension_append_abs_deficit
mswc-2272bf2a97d61239,negative_confusable,unknown,1.0,train,split_extension_append_abs_deficit
mswc-229c5e26d09aa37f,negative_confusable,unknown,1.0,train,split_extension_append_abs_deficit
mswc-229fc0e581e49397,negative_confusable,unknown,3.0,train,split_extension_append_abs_deficit
mswc-22a63b85a1013ec9,negative_confusable,unknown,1.0,train,split_extension_append_abs_deficit
mswc-22a6ee1e72bc423a,negative_confusable,unknown,1.0,train,split_extension_append_abs_deficit
mswc-22b138f233bef083,negative_confusable,unknown,1.0,test,split_extension_append_abs_deficit
mswc-22dd21ffb5a94b48,negative_confusable,unknown,4.0,train,split_extension_append_abs_deficit
mswc-22de5adbb6681c06,negative_confusable,unknown,1.0,train,split_extension_append_abs_deficit
mswc-22fe39845631e307,negative_confusable,unknown,1.0,validation,split_extension_append_abs_deficit
mswc-2300d16be727c0f0,negative_confusable,unknown,2.0,train,split_extension_append_abs_deficit
mswc-2305cfda8ded0646,negative_confusable,unknown,1.0,train,split_extension_append_abs_deficit
mswc-2309910b82591bb7,negative_confusable,unknown,1.0,validation,split_extension_append_abs_deficit
mswc-23288e1f021dddfd,negative_confusable,unknown,1.0,train,split_extension_append_abs_deficit
mswc-232bbd2765a290f0,negative_confusable,unknown,1.0,train,split_extension_append_abs_deficit
mswc-232d76eb16608cd1,negative_confusable,unknown,1.0,validation,split_extension_append_abs_deficit
mswc-233c00c211164b84,negative_confusable,unknown,1.0,test,split_extension_append_abs_deficit
mswc-236f8cf0fdccf533,negative_confusable,unknown,1.0,test,split_extension_append_abs_deficit
mswc-2389ac3e3c8b4f68,negative_confusable,unknown,1.0,train,split_extension_append_abs_deficit
mswc-239e6bb2ac4b76da,negative_confusable,unknown,1.0,train,split_extension_append_abs_deficit
mswc-23b9b4264f18302e,negative_confusable,unknown,1.0,train,split_extension_append_abs_deficit
mswc-23f791835ca0ed35,negative_confusable,unknown,1.0,test,split_extension_append_abs_deficit
mswc-240487d8e783ccd2,negative_confusable,unknown,1.0,train,split_extension_append_abs_deficit
mswc-241164199b168c35,negative_confusable,unknown,1.0,train,split_extension_append_abs_deficit
mswc-242fc1556d05f7dc,negative_confusable,unknown,1.0,train,split_extension_append_abs_deficit
mswc-243833ea4384a1cc,negative_confusable,unknown,1.0,train,split_extension_append_abs_deficit
mswc-243b7a02470203c2,negative_confusable,unknown,1.0,validation,split_extension_append_abs_deficit
mswc-243c0d90f6145edc,negative_confusable,unknown,3.0,train,split_extension_append_abs_deficit
mswc-24425ff3e1c31cf7,negative_confusable,unknown,1.0,train,split_extension_append_abs_deficit
mswc-244734ce234dd2fd,negative_confusable,unknown,1.0,train,split_extension_append_abs_deficit
mswc-244be25a6e6393ac,negative_confusable,unknown,4.0,train,split_extension_append_abs_deficit
mswc-24540bbbba73ec24,negative_confusable,unknown,1.0,train,split_extension_append_abs_deficit
mswc-2467c801c6f01157,negative_confusable,unknown,1.0,test,split_extension_append_abs_deficit
mswc-2480840bfec2b73c,negative_confusable,unknown,2.0,train,split_extension_append_abs_deficit
mswc-248a84eca47ed8ee,negative_confusable,unknown,1.0,train,split_extension_append_abs_deficit
mswc-24978a2a9679a4f1,negative_confusable,unknown,1.0,train,split_extension_append_abs_deficit
mswc-249f963a2dd00a8e,negative_confusable,unknown,1.0,train,split_extension_append_abs_deficit
mswc-24b826689feef8f4,negative_confusable,unknown,1.0,test,split_extension_append_abs_deficit
mswc-24d3c2ddc2e6a28e,negative_confusable,unknown,1.0,test,split_extension_append_abs_deficit
mswc-24dbda63e42cf09c,negative_confusable,unknown,1.0,validation,split_extension_append_abs_deficit
mswc-24f12bc2408c2227,negative_confusable,unknown,1.0,validation,split_extension_append_abs_deficit
mswc-24f33ff12cd16e5c,negative_confusable,unknown,1.0,train,split_extension_append_abs_deficit
mswc-24f40f95e741c533,negative_confusable,unknown,1.0,train,split_extension_append_abs_deficit
mswc-24f52c8253fd4acf,negative_confusable,unknown,1.0,validation,split_extension_append_abs_deficit
mswc-24ffc5844d609a36,negative_confusable,unknown,1.0,train,split_extension_append_abs_deficit
mswc-250bd4ac47b9d31f,negative_confusable,unknown,1.0,train,split_extension_append_abs_deficit
mswc-2516b77f6c37c731,negative_confusable,unknown,1.0,train,split_extension_append_abs_deficit
mswc-2518a03c8099a156,negative_confusable,unknown,2.0,train,split_extension_append_abs_deficit
mswc-25260ce4b27a1cb3,negative_confusable,unknown,1.0,train,split_extension_append_abs_deficit
mswc-2529eeb20107400c,negative_confusable,unknown,1.0,validation,split_extension_append_abs_deficit
mswc-253d27f0f36ac554,negative_confusable,unknown,1.0,train,split_extension_append_abs_deficit
mswc-25704960f36222a1,negative_confusable,unknown,1.0,train,split_extension_append_abs_deficit
mswc-257a3d5dea74adf8,negative_confusable,unknown,1.0,train,split_extension_append_abs_deficit
mswc-257ba65a85787e9e,negative_confusable,unknown,1.0,train,split_extension_append_abs_deficit
mswc-2586ad0e2a356f53,negative_confusable,unknown,1.0,test,split_extension_append_abs_deficit
mswc-258ad3eb4f5e65e5,negative_confusable,unknown,1.0,validation,split_extension_append_abs_deficit
mswc-259d590fc48caf91,negative_confusable,unknown,2.0,train,split_extension_append_abs_deficit
mswc-25a41b70c942ca3a,negative_confusable,unknown,1.0,test,split_extension_append_abs_deficit
mswc-25a952e6b446a866,negative_confusable,unknown,1.0,test,split_extension_append_abs_deficit
mswc-25bc1fb5e8fb8c59,negative_confusable,unknown,2.0,train,split_extension_append_abs_deficit
mswc-25ca185ec57bf9ea,negative_confusable,unknown,1.0,validation,split_extension_append_abs_deficit
mswc-25d54c8258654db4,negative_confusable,unknown,1.0,train,split_extension_append_abs_deficit
mswc-25fc7b8dafc64ff8,negative_confusable,unknown,2.0,train,split_extension_append_abs_deficit
mswc-2606d2d345a731ea,negative_confusable,unknown,1.0,train,split_extension_append_abs_deficit
mswc-260c6111bf5e3fed,negative_confusable,unknown,1.0,validation,split_extension_append_abs_deficit
mswc-26119d8875376e99,negative_confusable,unknown,4.0,train,split_extension_append_abs_deficit
mswc-2616e7a9595a9e57,negative_confusable,unknown,1.0,train,split_extension_append_abs_deficit
mswc-2617bb6fa2ddd678,negative_confusable,unknown,1.0,train,split_extension_append_abs_deficit
mswc-2622c654201573be,negative_confusable,unknown,1.0,train,split_extension_append_abs_deficit
mswc-26320aeea0edf851,negative_confusable,unknown,1.0,validation,split_extension_append_abs_deficit
mswc-2648b9233842ccd3,negative_confusable,unknown,3.0,train,split_extension_append_abs_deficit
mswc-2655a024f966ecb8,negative_confusable,unknown,1.0,validation,split_extension_append_abs_deficit
mswc-26679114260e896c,negative_confusable,unknown,1.0,validation,split_extension_append_abs_deficit
mswc-269f5953cc5ca22c,negative_confusable,unknown,1.0,train,split_extension_append_abs_deficit
mswc-26c57bc3bb2db8b4,negative_confusable,unknown,1.0,test,split_extension_append_abs_deficit
mswc-26c6abd99c2f7a08,negative_confusable,unknown,1.0,train,split_extension_append_abs_deficit
mswc-26c7c4032c9e6f86,negative_confusable,unknown,1.0,train,split_extension_append_abs_deficit
mswc-26df4893d79bcbbf,negative_confusable,unknown,3.0,train,split_extension_append_abs_deficit
mswc-26f472c1d50da135,negative_confusable,unknown,1.0,train,split_extension_append_abs_deficit
mswc-26f7879798fb272f,negative_confusable,unknown,1.0,test,split_extension_append_abs_deficit
mswc-271fa0131a1704c0,negative_confusable,unknown,1.0,validation,split_extension_append_abs_deficit
mswc-272fc1542434fd7c,negative_confusable,unknown,1.0,train,split_extension_append_abs_deficit
mswc-273027b041aa9dca,negative_confusable,unknown,2.0,train,split_extension_append_abs_deficit
mswc-273c198c2dac149b,negative_confusable,unknown,2.0,train,split_extension_append_abs_deficit
mswc-2759f085cbf391d0,negative_confusable,unknown,1.0,train,split_extension_append_abs_deficit
mswc-27684391c8f60956,negative_confusable,unknown,1.0,validation,split_extension_append_abs_deficit
mswc-277808990e97e950,negative_confusable,unknown,1.0,validation,split_extension_append_abs_deficit
mswc-277f59c4be7cfa9e,negative_confusable,unknown,1.0,validation,split_extension_append_abs_deficit
mswc-2788e54cdb73c1e2,negative_confusable,unknown,1.0,train,split_extension_append_abs_deficit
mswc-27914bdaffdbac3a,negative_confusable,unknown,1.0,train,split_extension_append_abs_deficit
mswc-27a431e717892671,negative_confusable,unknown,1.0,train,split_extension_append_abs_deficit
mswc-27ba59fbd95e2ed0,negative_confusable,unknown,1.0,validation,split_extension_append_abs_deficit
mswc-27cea290b117a7d5,negative_confusable,unknown,1.0,train,split_extension_append_abs_deficit
mswc-27d8878f479253ab,negative_confusable,unknown,1.0,test,split_extension_append_abs_deficit
mswc-2809db856e0b05c0,negative_confusable,unknown,1.0,validation,split_extension_append_abs_deficit
mswc-2812e2bf75cd1447,negative_confusable,unknown,1.0,test,split_extension_append_abs_deficit
mswc-2817b9dbf3bd7f97,negative_confusable,unknown,1.0,test,split_extension_append_abs_deficit
mswc-2831bd58a12949f3,negative_confusable,unknown,1.0,train,split_extension_append_abs_deficit
mswc-2840e1708b3432b9,negative_confusable,unknown,9.974,train,split_extension_append_abs_deficit
mswc-2863c7bc58ab2c3c,negative_confusable,unknown,1.0,validation,split_extension_append_abs_deficit
mswc-2870ef921dc57658,negative_confusable,unknown,6.0,train,split_extension_append_abs_deficit
mswc-289036ab8d0c1b80,negative_confusable,unknown,1.0,test,split_extension_append_abs_deficit
mswc-28988d522f45686c,negative_confusable,unknown,1.0,test,split_extension_append_abs_deficit
mswc-2899fa1f19cceae5,negative_confusable,unknown,1.0,train,split_extension_append_abs_deficit
mswc-289d813c085ba68f,negative_confusable,unknown,1.0,validation,split_extension_append_abs_deficit
mswc-289ff5e648c4407a,negative_confusable,unknown,1.974,train,split_extension_append_abs_deficit
mswc-28ab389a08425253,negative_confusable,unknown,1.0,train,split_extension_append_abs_deficit
mswc-28bd37842deb8d04,negative_confusable,unknown,1.0,train,split_extension_append_abs_deficit
mswc-28ddad6ab531df15,negative_confusable,unknown,1.0,train,split_extension_append_abs_deficit
mswc-28ea6caf602e5533,negative_confusable,unknown,1.0,validation,split_extension_append_abs_deficit
mswc-28fd47811e740c45,negative_confusable,unknown,2.0,train,split_extension_append_abs_deficit
mswc-290039c696b7e3a5,negative_confusable,unknown,1.0,test,split_extension_append_abs_deficit
mswc-29015754543a7433,negative_confusable,unknown,1.0,train,split_extension_append_abs_deficit
mswc-291d9dee87c44e4a,negative_confusable,unknown,3.0,train,split_extension_append_abs_deficit
mswc-295294c457d8341c,negative_confusable,unknown,4.0,train,split_extension_append_abs_deficit
mswc-2959ae549da9e04b,negative_confusable,unknown,1.0,train,split_extension_append_abs_deficit
mswc-299153fcbb2523b0,negative_confusable,unknown,1.0,train,split_extension_append_abs_deficit
mswc-299f0dd85f2861f6,negative_confusable,unknown,1.0,train,split_extension_append_abs_deficit
mswc-29b1e5a58d1667d4,negative_confusable,unknown,4.0,train,split_extension_append_abs_deficit
mswc-29b2860fb1a646a1,negative_confusable,unknown,1.0,train,split_extension_append_abs_deficit
mswc-29b8505586cd4338,negative_confusable,unknown,19.0,train,split_extension_append_abs_deficit
mswc-29bef2447a8b5541,negative_confusable,unknown,1.0,train,split_extension_append_abs_deficit
mswc-29ca16eb2c0faea0,negative_confusable,unknown,1.0,train,split_extension_append_abs_deficit
mswc-2a10d7dc116ffe63,negative_confusable,unknown,1.0,train,split_extension_append_abs_deficit
mswc-2a1c65ef7a8fc201,negative_confusable,unknown,1.0,validation,split_extension_append_abs_deficit
mswc-2a3510cd8a1368c8,negative_confusable,unknown,1.0,train,split_extension_append_abs_deficit
mswc-2a36173db96ee0e1,negative_confusable,unknown,1.0,train,split_extension_append_abs_deficit
mswc-2a3f77ca432e0cea,negative_confusable,unknown,1.0,train,split_extension_append_abs_deficit
mswc-2a4698fdef9d5e56,negative_confusable,unknown,1.0,train,split_extension_append_abs_deficit
mswc-2a593aadb67d929e,negative_confusable,unknown,1.0,train,split_extension_append_abs_deficit
mswc-2a66b494a387c21e,negative_confusable,unknown,1.0,train,split_extension_append_abs_deficit
mswc-2a68baba5d171744,negative_confusable,unknown,1.0,train,split_extension_append_abs_deficit
mswc-2a7726e9ac7fd6b7,negative_confusable,unknown,3.0,train,split_extension_append_abs_deficit
mswc-2a7d18396924f030,negative_confusable,unknown,1.0,train,split_extension_append_abs_deficit
mswc-2a810fb593a3d930,negative_confusable,unknown,1.0,train,split_extension_append_abs_deficit
mswc-2a81378bc338c945,negative_confusable,unknown,1.0,train,split_extension_append_abs_deficit
mswc-2a86f9aefb1a5b1a,negative_confusable,unknown,1.0,train,split_extension_append_abs_deficit
mswc-2a9f3c4be615ae82,negative_confusable,unknown,2.0,train,split_extension_append_abs_deficit
mswc-2a9f7002368202b2,negative_confusable,unknown,1.0,test,split_extension_append_abs_deficit
mswc-2aade749552cf524,negative_confusable,unknown,1.0,train,split_extension_append_abs_deficit
mswc-2ac2ab933c5cb6cb,negative_confusable,unknown,1.0,validation,split_extension_append_abs_deficit
mswc-2af0f17fd9712d84,negative_confusable,unknown,2.0,train,split_extension_append_abs_deficit
mswc-2b04ca6fad71cfd1,negative_confusable,unknown,1.0,train,split_extension_append_abs_deficit
mswc-2b377201db93d93f,negative_confusable,unknown,3.0,train,split_extension_append_abs_deficit
mswc-2b786e3f0a1ea62e,negative_confusable,unknown,1.0,train,split_extension_append_abs_deficit
mswc-2b837cb1f584d422,negative_confusable,unknown,1.0,train,split_extension_append_abs_deficit
mswc-2b88ad585ef88621,negative_confusable,unknown,1.0,train,split_extension_append_abs_deficit
mswc-2b90d259a618e023,negative_confusable,unknown,1.0,train,split_extension_append_abs_deficit
mswc-2b92673a001a26d1,negative_confusable,unknown,1.0,test,split_extension_append_abs_deficit
mswc-2b97d18296d2eed8,negative_confusable,unknown,1.0,train,split_extension_append_abs_deficit
mswc-2b9a5cb2a42235de,negative_confusable,unknown,1.0,train,split_extension_append_abs_deficit
mswc-2ba4b23aee1e14c4,negative_confusable,unknown,1.0,validation,split_extension_append_abs_deficit
mswc-2ba7b6cef822a394,negative_confusable,unknown,2.0,train,split_extension_append_abs_deficit
mswc-2bb17634ba688529,negative_confusable,unknown,1.0,train,split_extension_append_abs_deficit
mswc-2bdc72a0201343c1,negative_confusable,unknown,1.0,train,split_extension_append_abs_deficit
mswc-2bf414e258e932d7,negative_confusable,unknown,1.0,validation,split_extension_append_abs_deficit
mswc-2c313479f5a1ceba,negative_confusable,unknown,1.0,test,split_extension_append_abs_deficit
mswc-2c3ffd78f56f2fef,negative_confusable,unknown,3.0,train,split_extension_append_abs_deficit
mswc-2c516e4d5cc3f895,negative_confusable,unknown,1.0,train,split_extension_append_abs_deficit
mswc-2c735ec8e48dcbf8,negative_confusable,unknown,1.0,validation,split_extension_append_abs_deficit
mswc-2c764c8d920bbf7a,negative_confusable,unknown,2.0,train,split_extension_append_abs_deficit
mswc-2c7c55025921d33d,negative_confusable,unknown,1.0,train,split_extension_append_abs_deficit
mswc-2c8d8da47cb3749e,negative_confusable,unknown,1.0,test,split_extension_append_abs_deficit
mswc-2c8fd6db9eed6749,negative_confusable,unknown,1.0,train,split_extension_append_abs_deficit
mswc-2c952cc799413a59,negative_confusable,unknown,1.0,train,split_extension_append_abs_deficit
mswc-2c9b4fb136dff2be,negative_confusable,unknown,1.0,train,split_extension_append_abs_deficit
mswc-2ca8e257db4b74ca,negative_confusable,unknown,3.0,train,split_extension_append_abs_deficit
mswc-2cabcb2c2e02e505,negative_confusable,unknown,2.0,train,split_extension_append_abs_deficit
mswc-2cd160c1be2113c9,negative_confusable,unknown,1.0,test,split_extension_append_abs_deficit
mswc-2cd8509133b7d43c,negative_confusable,unknown,1.0,test,split_extension_append_abs_deficit
mswc-2cd89cba45f3969a,negative_confusable,unknown,1.0,train,split_extension_append_abs_deficit
mswc-2cde9df187a2dea4,negative_confusable,unknown,2.0,train,split_extension_append_abs_deficit
mswc-2cf8606821aac03a,negative_confusable,unknown,1.0,train,split_extension_append_abs_deficit
mswc-2d010db08aafe5f7,negative_confusable,unknown,1.0,validation,split_extension_append_abs_deficit
mswc-2d124e161db8db5c,negative_confusable,unknown,1.0,test,split_extension_append_abs_deficit
mswc-2d140518af97db9c,negative_confusable,unknown,1.0,train,split_extension_append_abs_deficit
mswc-2d1965241408c8c6,negative_confusable,unknown,1.0,train,split_extension_append_abs_deficit
mswc-2d2b14738d5eb6c8,negative_confusable,unknown,1.0,train,split_extension_append_abs_deficit
mswc-2d40164f2c84a82a,negative_confusable,unknown,1.0,validation,split_extension_append_abs_deficit
mswc-2d411aa9ee88afa4,negative_confusable,unknown,1.0,train,split_extension_append_abs_deficit
mswc-2d4ec0ad052c1310,negative_confusable,unknown,3.0,train,split_extension_append_abs_deficit
mswc-2d5f1fb4124cbe3e,negative_confusable,unknown,1.0,train,split_extension_append_abs_deficit
mswc-2d63055fdf7d0820,negative_confusable,unknown,2.0,train,split_extension_append_abs_deficit
mswc-2d76592b48120f38,negative_confusable,unknown,1.0,train,split_extension_append_abs_deficit
mswc-2d822c97321ba177,negative_confusable,unknown,1.0,train,split_extension_append_abs_deficit
mswc-2d8b9a112fef9a8a,negative_confusable,unknown,2.0,train,split_extension_append_abs_deficit
mswc-2d9a2da4e109b2d7,negative_confusable,unknown,1.0,train,split_extension_append_abs_deficit
mswc-2db5a49b39d9e80d,negative_confusable,unknown,1.0,validation,split_extension_append_abs_deficit
mswc-2dba3ff6f8c9a960,negative_confusable,unknown,1.0,train,split_extension_append_abs_deficit
mswc-2dc9ab97bc3cf195,negative_confusable,unknown,1.0,train,split_extension_append_abs_deficit
mswc-2dd0085a51773b5c,negative_confusable,unknown,1.0,test,split_extension_append_abs_deficit
mswc-2dd9416583e91f29,negative_confusable,unknown,1.0,test,split_extension_append_abs_deficit
mswc-2ddb95163a9f057d,negative_confusable,unknown,1.0,validation,split_extension_append_abs_deficit
mswc-2de4cd86311bed73,negative_confusable,unknown,4.0,train,split_extension_append_abs_deficit
mswc-2dea92e27147cc95,negative_confusable,unknown,1.0,train,split_extension_append_abs_deficit
mswc-2decbacd5944ee31,negative_confusable,unknown,1.0,test,split_extension_append_abs_deficit
mswc-2df91395aad35713,negative_confusable,unknown,1.0,train,split_extension_append_abs_deficit
mswc-2e061ca2b56546df,negative_confusable,unknown,1.0,validation,split_extension_append_abs_deficit
mswc-2e157792cb4f6f41,negative_confusable,unknown,1.0,validation,split_extension_append_abs_deficit
mswc-2e50a600d8e9ea4c,negative_confusable,unknown,2.0,train,split_extension_append_abs_deficit
mswc-2e5474fe1f9b4436,negative_confusable,unknown,1.0,validation,split_extension_append_abs_deficit
mswc-2e5cccbb7779d063,negative_confusable,unknown,1.0,validation,split_extension_append_abs_deficit
mswc-2e634508ea65b390,negative_confusable,unknown,2.0,train,split_extension_append_abs_deficit
mswc-2e76af42d8126d6d,negative_confusable,unknown,1.0,test,split_extension_append_abs_deficit
mswc-2e887ec51e48e72b,negative_confusable,unknown,1.0,train,split_extension_append_abs_deficit
mswc-2e8f95ac5b927662,negative_confusable,unknown,3.0,train,split_extension_append_abs_deficit
mswc-2e9a80074e7c0866,negative_confusable,unknown,1.0,train,split_extension_append_abs_deficit
mswc-2e9ccb385e344d65,negative_confusable,unknown,1.0,validation,split_extension_append_abs_deficit
mswc-2ebb41e6ce990910,negative_confusable,unknown,1.0,train,split_extension_append_abs_deficit
mswc-2ec83f7b270ee438,negative_confusable,unknown,3.0,train,split_extension_append_abs_deficit
mswc-2ecfff40b0617b6f,negative_confusable,unknown,1.0,train,split_extension_append_abs_deficit
mswc-2eecab3fafd30aee,negative_confusable,unknown,1.0,test,split_extension_append_abs_deficit
mswc-2ef15a6434138b41,negative_confusable,unknown,1.0,validation,split_extension_append_abs_deficit
mswc-2ef7a6216689117d,negative_confusable,unknown,1.0,train,split_extension_append_abs_deficit
mswc-2f030a36830854b7,negative_confusable,unknown,1.0,train,split_extension_append_abs_deficit
mswc-2f1b507e91c05349,negative_confusable,unknown,2.0,train,split_extension_append_abs_deficit
mswc-2f208c5faca2479e,negative_confusable,unknown,2.0,train,split_extension_append_abs_deficit
mswc-2f26a5d42d70df29,negative_confusable,unknown,1.0,train,split_extension_append_abs_deficit
mswc-2f51e974cd293d26,negative_confusable,unknown,1.0,train,split_extension_append_abs_deficit
mswc-2f561cb0b97147db,negative_confusable,unknown,2.0,train,split_extension_append_abs_deficit
mswc-2f5b4a834b09c019,negative_confusable,unknown,6.0,train,split_extension_append_abs_deficit
mswc-2f5baec923e6c50d,negative_confusable,unknown,1.0,train,split_extension_append_abs_deficit
mswc-2f5f7c30bb6bba04,negative_confusable,unknown,1.0,test,split_extension_append_abs_deficit
mswc-2f77cfbbc331538d,negative_confusable,unknown,1.0,test,split_extension_append_abs_deficit
mswc-2f829e008f126150,negative_confusable,unknown,1.0,test,split_extension_append_abs_deficit
mswc-2f87ab1f2f29f9a9,negative_confusable,unknown,1.0,test,split_extension_append_abs_deficit
mswc-2f986d70190ac870,negative_confusable,unknown,5.0,train,split_extension_append_abs_deficit
mswc-2f9bddac93845201,negative_confusable,unknown,1.0,validation,split_extension_append_abs_deficit
mswc-2fcb45ac9d55ed2d,negative_confusable,unknown,1.0,train,split_extension_append_abs_deficit
mswc-2fd309fa9844ef50,negative_confusable,unknown,1.0,train,split_extension_append_abs_deficit
mswc-2ff276f0843876c7,negative_confusable,unknown,1.0,train,split_extension_append_abs_deficit
mswc-2ff5973b68ecafb0,negative_confusable,unknown,2.0,train,split_extension_append_abs_deficit
mswc-2ff5dbb837896b89,negative_confusable,unknown,1.0,train,split_extension_append_abs_deficit
mswc-2fffa8d2c5daa02c,negative_confusable,unknown,2.0,train,split_extension_append_abs_deficit
mswc-3001fae086475499,negative_confusable,unknown,1.0,train,split_extension_append_abs_deficit
mswc-3008333f340a5367,negative_confusable,unknown,1.0,train,split_extension_append_abs_deficit
mswc-301c7279166275bb,negative_confusable,unknown,1.0,validation,split_extension_append_abs_deficit
mswc-302bae7c628d1fbe,negative_confusable,unknown,1.0,validation,split_extension_append_abs_deficit
mswc-3032238fd3b7c3e9,negative_confusable,unknown,1.0,train,split_extension_append_abs_deficit
mswc-3033341a33d4bb34,negative_confusable,unknown,1.0,validation,split_extension_append_abs_deficit
mswc-3038516934e33d4d,negative_confusable,unknown,1.0,test,split_extension_append_abs_deficit
mswc-3043eb47273da0ae,negative_confusable,unknown,1.0,validation,split_extension_append_abs_deficit
mswc-304e6386225f85ef,negative_confusable,unknown,1.0,test,split_extension_append_abs_deficit
mswc-3061f5bbeb3ae472,negative_confusable,unknown,1.0,validation,split_extension_append_abs_deficit
mswc-3067100600b638ec,negative_confusable,unknown,1.0,train,split_extension_append_abs_deficit
mswc-306cf522c7eca89b,negative_confusable,unknown,1.0,train,split_extension_append_abs_deficit
mswc-3074f9b0a5a67932,negative_confusable,unknown,1.0,train,split_extension_append_abs_deficit
mswc-307d66856a8a242e,negative_confusable,unknown,2.0,train,split_extension_append_abs_deficit
mswc-3080493bd700c8ce,negative_confusable,unknown,1.0,train,split_extension_append_abs_deficit
mswc-3081dde6eada885f,negative_confusable,unknown,1.0,test,split_extension_append_abs_deficit
mswc-308389d89bd2b788,negative_confusable,unknown,1.0,train,split_extension_append_abs_deficit
mswc-30901304351dcada,negative_confusable,unknown,1.0,validation,split_extension_append_abs_deficit
mswc-30a29b5af4ec425d,negative_confusable,unknown,1.0,test,split_extension_append_abs_deficit
mswc-30a3217a37f50873,negative_confusable,unknown,3.996,train,split_extension_append_abs_deficit
mswc-30be33cc0eb14e77,negative_confusable,unknown,1.0,test,split_extension_append_abs_deficit
mswc-30cd7a526019c81d,negative_confusable,unknown,1.0,train,split_extension_append_abs_deficit
mswc-30cfea20a6cb2a40,negative_confusable,unknown,1.0,validation,split_extension_append_abs_deficit
mswc-30ddef824b54c254,negative_confusable,unknown,1.0,test,split_extension_append_abs_deficit
mswc-30ec96cc7a6f158f,negative_confusable,unknown,1.0,test,split_extension_append_abs_deficit
mswc-30eec770d79592d1,negative_confusable,unknown,1.0,train,split_extension_append_abs_deficit
mswc-310b8a9c79f67ec0,negative_confusable,unknown,3.0,train,split_extension_append_abs_deficit
mswc-3120cfb3010d528d,negative_confusable,unknown,1.0,train,split_extension_append_abs_deficit
mswc-3125189dbfc82d13,negative_confusable,unknown,1.0,train,split_extension_append_abs_deficit
mswc-312fbdc612e936a2,negative_confusable,unknown,1.0,train,split_extension_append_abs_deficit
mswc-314958f441636258,negative_confusable,unknown,2.0,train,split_extension_append_abs_deficit
mswc-31587f27984006c3,negative_confusable,unknown,1.0,train,split_extension_append_abs_deficit
mswc-3165d8136a996ed4,negative_confusable,unknown,1.0,validation,split_extension_append_abs_deficit
mswc-316e22daa95af1b0,negative_confusable,unknown,2.0,train,split_extension_append_abs_deficit
mswc-318d218dba42c9bc,negative_confusable,unknown,1.0,train,split_extension_append_abs_deficit
mswc-318d65bdf3e064e0,negative_confusable,unknown,1.0,train,split_extension_append_abs_deficit
mswc-318f2f6ffb99fb23,negative_confusable,unknown,1.0,train,split_extension_append_abs_deficit
mswc-319cc3c0e1f76fe4,negative_confusable,unknown,2.0,train,split_extension_append_abs_deficit
mswc-31b57fd2702611c6,negative_confusable,unknown,1.0,train,split_extension_append_abs_deficit
mswc-31cd3e6fa6221c57,negative_confusable,unknown,1.0,train,split_extension_append_abs_deficit
mswc-31fbf86784c6d2b4,negative_confusable,unknown,1.0,validation,split_extension_append_abs_deficit
mswc-32091bf71fe1ec65,negative_confusable,unknown,1.0,train,split_extension_append_abs_deficit
mswc-321d2ef6071c3bf9,negative_confusable,unknown,1.0,train,split_extension_append_abs_deficit
mswc-321f9db659ff4c54,negative_confusable,unknown,4.0,train,split_extension_append_abs_deficit
mswc-32389a9fee2ae59b,negative_confusable,unknown,1.0,test,split_extension_append_abs_deficit
mswc-323dad2cece67f8c,negative_confusable,unknown,2.0,train,split_extension_append_abs_deficit
mswc-324d0f6d565f80ac,negative_confusable,unknown,1.0,train,split_extension_append_abs_deficit
mswc-3281882d8eb418b3,negative_confusable,unknown,1.0,validation,split_extension_append_abs_deficit
mswc-3281f1a57d5d4030,negative_confusable,unknown,1.0,train,split_extension_append_abs_deficit
mswc-328d9b13b78f227e,negative_confusable,unknown,1.0,train,split_extension_append_abs_deficit
mswc-329597f25495bcfc,negative_confusable,unknown,1.0,train,split_extension_append_abs_deficit
mswc-329851dd38f75896,negative_confusable,unknown,1.0,validation,split_extension_append_abs_deficit
mswc-329e341f220a279a,negative_confusable,unknown,1.0,validation,split_extension_append_abs_deficit
mswc-32a790a0a2de4f48,negative_confusable,unknown,1.0,test,split_extension_append_abs_deficit
mswc-32a7ae60af819285,negative_confusable,unknown,1.0,train,split_extension_append_abs_deficit
mswc-32b1515bc346924b,negative_confusable,unknown,2.0,train,split_extension_append_abs_deficit
mswc-32b205a1fea0c9d8,negative_confusable,unknown,1.0,train,split_extension_append_abs_deficit
mswc-32b9547641a947b3,negative_confusable,unknown,2.0,train,split_extension_append_abs_deficit
mswc-32d74e6a642a3e19,negative_confusable,unknown,1.0,train,split_extension_append_abs_deficit
mswc-32da51ea6f13edcf,negative_confusable,unknown,1.0,train,split_extension_append_abs_deficit
mswc-32dc6ac668471e03,negative_confusable,unknown,1.0,train,split_extension_append_abs_deficit
mswc-32ef689910d78bd1,negative_confusable,unknown,1.0,train,split_extension_append_abs_deficit
mswc-32fbd7f9b185efe0,negative_confusable,unknown,4.0,train,split_extension_append_abs_deficit
mswc-331d949fc821dded,negative_confusable,unknown,1.0,test,split_extension_append_abs_deficit
mswc-3323444bddf0caee,negative_confusable,unknown,1.0,train,split_extension_append_abs_deficit
mswc-3326ad5c83379606,negative_confusable,unknown,1.0,test,split_extension_append_abs_deficit
mswc-332721a70256e791,negative_confusable,unknown,3.0,train,split_extension_append_abs_deficit
mswc-332c62f2e047781a,negative_confusable,unknown,1.0,train,split_extension_append_abs_deficit
mswc-333168e41407c3d9,negative_confusable,unknown,1.0,test,split_extension_append_abs_deficit
mswc-33450eb388de60fa,negative_confusable,unknown,1.0,validation,split_extension_append_abs_deficit
mswc-33555ff035dcda7a,negative_confusable,unknown,2.0,train,split_extension_append_abs_deficit
mswc-335ce2c9f5898683,negative_confusable,unknown,1.0,train,split_extension_append_abs_deficit
mswc-3369aacc6538c677,negative_confusable,unknown,1.0,train,split_extension_append_abs_deficit
mswc-3379866f22e66f1a,negative_confusable,unknown,1.0,train,split_extension_append_abs_deficit
mswc-337ebecec86c27e1,negative_confusable,unknown,1.0,train,split_extension_append_abs_deficit
mswc-338a1a2a15091509,negative_confusable,unknown,1.0,train,split_extension_append_abs_deficit
mswc-3394774a540c7bce,negative_confusable,unknown,1.0,validation,split_extension_append_abs_deficit
mswc-3394eca51035b760,negative_confusable,unknown,1.0,train,split_extension_append_abs_deficit
mswc-3397a5063f6630ec,negative_confusable,unknown,1.0,train,split_extension_append_abs_deficit
mswc-33a18c48ee634032,negative_confusable,unknown,8.0,train,split_extension_append_abs_deficit
mswc-33a4c412fa1864b1,negative_confusable,unknown,1.0,test,split_extension_append_abs_deficit
mswc-33b1c74a4d6cb745,negative_confusable,unknown,2.0,train,split_extension_append_abs_deficit
mswc-33b5b80430dd5bd1,negative_confusable,unknown,3.0,train,split_extension_append_abs_deficit
mswc-33b7bd43cdec6645,negative_confusable,unknown,1.0,train,split_extension_append_abs_deficit
mswc-33c9e01f800918c2,negative_confusable,unknown,1.0,test,split_extension_append_abs_deficit
mswc-33df08ec67a12021,negative_confusable,unknown,1.0,test,split_extension_append_abs_deficit
mswc-33e6b4378d70f11e,negative_confusable,unknown,1.0,train,split_extension_append_abs_deficit
mswc-33f649d48a5122b4,negative_confusable,unknown,7.0,train,split_extension_append_abs_deficit
mswc-33fdaa56f23f43bb,negative_confusable,unknown,2.0,train,split_extension_append_abs_deficit
mswc-34010034385bcb42,negative_confusable,unknown,1.0,train,split_extension_append_abs_deficit
mswc-340e27f8b383f14a,negative_confusable,unknown,1.0,train,split_extension_append_abs_deficit
mswc-340eb8f4339d5739,negative_confusable,unknown,1.0,test,split_extension_append_abs_deficit
mswc-3414be85903dad77,negative_confusable,unknown,1.0,validation,split_extension_append_abs_deficit
mswc-341c058784368b51,negative_confusable,unknown,1.0,test,split_extension_append_abs_deficit
mswc-344908c02bd9ae43,negative_confusable,unknown,2.0,train,split_extension_append_abs_deficit
mswc-344bf332f298134d,negative_confusable,unknown,6.0,train,split_extension_append_abs_deficit
mswc-344c8d7e1e6fd996,negative_confusable,unknown,1.0,train,split_extension_append_abs_deficit
mswc-34519ea0be019ad3,negative_confusable,unknown,1.0,train,split_extension_append_abs_deficit
mswc-3453c32525bb346c,negative_confusable,unknown,1.0,train,split_extension_append_abs_deficit
mswc-345be5d4e0c336d0,negative_confusable,unknown,1.0,test,split_extension_append_abs_deficit
mswc-3479a772ac21ba94,negative_confusable,unknown,3.0,train,split_extension_append_abs_deficit
mswc-3479ba11b3d8988e,negative_confusable,unknown,15.0,train,split_extension_append_abs_deficit
mswc-347ca047cdbb121e,negative_confusable,unknown,3.0,train,split_extension_append_abs_deficit
mswc-34c1ecab6b51a7b3,negative_confusable,unknown,1.0,train,split_extension_append_abs_deficit
mswc-34c345be64c22995,negative_confusable,unknown,1.0,train,split_extension_append_abs_deficit
mswc-34cf47070d06110c,negative_confusable,unknown,2.0,train,split_extension_append_abs_deficit
mswc-34d84429d1e6ac9b,negative_confusable,unknown,1.0,train,split_extension_append_abs_deficit
mswc-34f2f98b0235d44b,negative_confusable,unknown,1.0,train,split_extension_append_abs_deficit
mswc-34f4c9a5705ad35c,negative_confusable,unknown,1.0,test,split_extension_append_abs_deficit
mswc-34fb7b2e53022c11,negative_confusable,unknown,1.0,train,split_extension_append_abs_deficit
mswc-34ff5ad8db33561f,negative_confusable,unknown,3.0,train,split_extension_append_abs_deficit
mswc-35155bf7fe351664,negative_confusable,unknown,1.0,train,split_extension_append_abs_deficit
mswc-3519ac588de960aa,negative_confusable,unknown,1.0,train,split_extension_append_abs_deficit
mswc-3527ccaf8607bc0e,negative_confusable,unknown,1.0,train,split_extension_append_abs_deficit
mswc-3527dc84c896c9df,negative_confusable,unknown,1.0,train,split_extension_append_abs_deficit
mswc-35287ad9ca7ca2e4,negative_confusable,unknown,1.0,train,split_extension_append_abs_deficit
mswc-3534e53f515b095a,negative_confusable,unknown,1.0,train,split_extension_append_abs_deficit
mswc-355d0dc20b27104e,negative_confusable,unknown,1.0,train,split_extension_append_abs_deficit
mswc-3565c0c02aa636a4,negative_confusable,unknown,2.0,train,split_extension_append_abs_deficit
mswc-35664c0a8df682f3,negative_confusable,unknown,1.0,train,split_extension_append_abs_deficit
mswc-3570352fb6bcc99b,negative_confusable,unknown,1.0,train,split_extension_append_abs_deficit
mswc-357208a91f3bd887,negative_confusable,unknown,1.0,test,split_extension_append_abs_deficit
mswc-35c026b79e72e171,negative_confusable,unknown,1.0,train,split_extension_append_abs_deficit
mswc-35da8c65c5073736,negative_confusable,unknown,1.0,train,split_extension_append_abs_deficit
mswc-35dee37c53c42613,negative_confusable,unknown,1.0,train,split_extension_append_abs_deficit
mswc-35e396229327fa9b,negative_confusable,unknown,2.0,train,split_extension_append_abs_deficit
mswc-35f39f47fe683051,negative_confusable,unknown,1.0,test,split_extension_append_abs_deficit
mswc-35fac6aec3caae65,negative_confusable,unknown,2.0,train,split_extension_append_abs_deficit
mswc-360ccdff600ad4bc,negative_confusable,unknown,1.0,train,split_extension_append_abs_deficit
mswc-36236dd0e97c9308,negative_confusable,unknown,1.0,validation,split_extension_append_abs_deficit
mswc-3626fa6b9645ba85,negative_confusable,unknown,6.0,train,split_extension_append_abs_deficit
mswc-363149b55f48ae2b,negative_confusable,unknown,2.0,train,split_extension_append_abs_deficit
mswc-36329bd7e5e24c1a,negative_confusable,unknown,1.0,validation,split_extension_append_abs_deficit
mswc-3646524ed06920bd,negative_confusable,unknown,1.0,validation,split_extension_append_abs_deficit
mswc-36518a4744a1ad9f,negative_confusable,unknown,1.0,train,split_extension_append_abs_deficit
mswc-365be1ddff0b3cba,negative_confusable,unknown,1.0,train,split_extension_append_abs_deficit
mswc-36691bc471efcc0f,negative_confusable,unknown,1.0,validation,split_extension_append_abs_deficit
mswc-3669853b28e5a216,negative_confusable,unknown,1.0,train,split_extension_append_abs_deficit
mswc-367e0d518021f926,negative_confusable,unknown,1.0,validation,split_extension_append_abs_deficit
mswc-3698d23f76964507,negative_confusable,unknown,1.0,train,split_extension_append_abs_deficit
mswc-36aa24c8ddecc11b,negative_confusable,unknown,1.0,train,split_extension_append_abs_deficit
mswc-36b83dc2895ee7ca,negative_confusable,unknown,2.0,train,split_extension_append_abs_deficit
mswc-36c7792ceb7c6abc,negative_confusable,unknown,1.0,train,split_extension_append_abs_deficit
mswc-36cc19641f5d3925,negative_confusable,unknown,1.0,train,split_extension_append_abs_deficit
mswc-36d316a5e50b88ab,negative_confusable,unknown,1.0,train,split_extension_append_abs_deficit
mswc-36dfafc8848dbe83,negative_confusable,unknown,1.0,test,split_extension_append_abs_deficit
mswc-36e204cdbe7435aa,negative_confusable,unknown,2.0,train,split_extension_append_abs_deficit
mswc-36e802f0311794e3,negative_confusable,unknown,1.0,train,split_extension_append_abs_deficit
mswc-3712863f0b2b17c8,negative_confusable,unknown,1.0,test,split_extension_append_abs_deficit
mswc-372293e65cdab887,negative_confusable,unknown,32.0,train,split_extension_append_abs_deficit
mswc-3732d6d58d2f6479,negative_confusable,unknown,1.0,test,split_extension_append_abs_deficit
mswc-373d01c6ba799437,negative_confusable,unknown,2.0,train,split_extension_append_abs_deficit
mswc-3742174ae31b78b1,negative_confusable,unknown,1.0,train,split_extension_append_abs_deficit
mswc-375b83abf735082e,negative_confusable,unknown,1.0,train,split_extension_append_abs_deficit
mswc-3762011825e7367b,negative_confusable,unknown,1.0,train,split_extension_append_abs_deficit
mswc-376633fc1e847725,negative_confusable,unknown,7.0,train,split_extension_append_abs_deficit
mswc-376f49ef560cc8bd,negative_confusable,unknown,1.0,train,split_extension_append_abs_deficit
mswc-377cf24cc8f5e101,negative_confusable,unknown,2.0,train,split_extension_append_abs_deficit
mswc-378b801120b4716c,negative_confusable,unknown,2.0,train,split_extension_append_abs_deficit
mswc-379299e1fbb4df4d,negative_confusable,unknown,1.0,train,split_extension_append_abs_deficit
mswc-379bd0f494a92395,negative_confusable,unknown,1.0,train,split_extension_append_abs_deficit
mswc-379dd19cb981e4e0,negative_confusable,unknown,11.0,train,split_extension_append_abs_deficit
mswc-37abd31ca70a6ad8,negative_confusable,unknown,1.0,test,split_extension_append_abs_deficit
mswc-37b9cd1f6abdd1fe,negative_confusable,unknown,1.0,train,split_extension_append_abs_deficit
mswc-37e9dfc52e1eec1c,negative_confusable,unknown,1.0,validation,split_extension_append_abs_deficit
mswc-37fcf2a1b6d5c484,negative_confusable,unknown,1.0,validation,split_extension_append_abs_deficit
mswc-3813c4c708b68544,negative_confusable,unknown,1.0,validation,split_extension_append_abs_deficit
mswc-382f4245a3b24812,negative_confusable,unknown,2.0,train,split_extension_append_abs_deficit
mswc-3834bc79b772c49e,negative_confusable,unknown,1.0,validation,split_extension_append_abs_deficit
mswc-3844ddcc182c016e,negative_confusable,unknown,1.0,train,split_extension_append_abs_deficit
mswc-3850e79e11a50388,negative_confusable,unknown,1.0,test,split_extension_append_abs_deficit
mswc-3861e04ac9f059df,negative_confusable,unknown,1.0,test,split_extension_append_abs_deficit
mswc-387affd85a890dcf,negative_confusable,unknown,2.0,train,split_extension_append_abs_deficit
mswc-3883f719d95b1d18,negative_confusable,unknown,2.972,train,split_extension_append_abs_deficit
mswc-388f90d787edbb66,negative_confusable,unknown,1.0,test,split_extension_append_abs_deficit
mswc-389c482a8681e30e,negative_confusable,unknown,1.0,test,split_extension_append_abs_deficit
mswc-38b8f690490de6ac,negative_confusable,unknown,1.0,train,split_extension_append_abs_deficit
mswc-390e9dc4766d422a,negative_confusable,unknown,1.0,train,split_extension_append_abs_deficit
mswc-3910727ceff0888f,negative_confusable,unknown,1.0,validation,split_extension_append_abs_deficit
mswc-3914532e1545cbf7,negative_confusable,unknown,2.0,train,split_extension_append_abs_deficit
mswc-391dfb211c370fba,negative_confusable,unknown,1.0,train,split_extension_append_abs_deficit
mswc-391f19cc56c80b71,negative_confusable,unknown,1.0,train,split_extension_append_abs_deficit
mswc-392c0beffdd3617b,negative_confusable,unknown,3.0,train,split_extension_append_abs_deficit
mswc-39323888aa469303,negative_confusable,unknown,2.0,train,split_extension_append_abs_deficit
mswc-393361fe111ac710,negative_confusable,unknown,1.0,test,split_extension_append_abs_deficit
mswc-3935c83996bc79d7,negative_confusable,unknown,1.0,validation,split_extension_append_abs_deficit
mswc-3936ee20286d5545,negative_confusable,unknown,2.0,train,split_extension_append_abs_deficit
mswc-393ab743f2ad52ce,negative_confusable,unknown,1.0,train,split_extension_append_abs_deficit
mswc-39610faa9ae31476,negative_confusable,unknown,2.0,train,split_extension_append_abs_deficit
mswc-39839133ff2979c9,negative_confusable,unknown,1.0,test,split_extension_append_abs_deficit
mswc-39b25954489041e3,negative_confusable,unknown,2.0,train,split_extension_append_abs_deficit
mswc-39b5803ed72006f4,negative_confusable,unknown,5.0,train,split_extension_append_abs_deficit
mswc-39bca195e7648b02,negative_confusable,unknown,1.0,train,split_extension_append_abs_deficit
mswc-39c059829ffe8fb6,negative_confusable,unknown,1.0,train,split_extension_append_abs_deficit
mswc-39cfa45844868f8d,negative_confusable,unknown,1.0,validation,split_extension_append_abs_deficit
mswc-3a00bd9c1d4bba6b,negative_confusable,unknown,1.0,train,split_extension_append_abs_deficit
mswc-3a082479871f6c7f,negative_confusable,unknown,1.0,test,split_extension_append_abs_deficit
mswc-3a25c033b0333952,negative_confusable,unknown,1.0,train,split_extension_append_abs_deficit
mswc-3a28ea1482c92166,negative_confusable,unknown,1.0,train,split_extension_append_abs_deficit
mswc-3a4af89c3ed68ba2,negative_confusable,unknown,1.0,train,split_extension_append_abs_deficit
mswc-3a5134052f38c4ca,negative_confusable,unknown,2.0,train,split_extension_append_abs_deficit
mswc-3a56288b2e2d0be4,negative_confusable,unknown,1.0,train,split_extension_append_abs_deficit
mswc-3a69235748c24cdf,negative_confusable,unknown,3.0,train,split_extension_append_abs_deficit
mswc-3a77bd64bf5c27eb,negative_confusable,unknown,1.0,train,split_extension_append_abs_deficit
mswc-3a871b6daf8d3640,negative_confusable,unknown,1.0,train,split_extension_append_abs_deficit
mswc-3a8d53910365ffca,negative_confusable,unknown,1.0,train,split_extension_append_abs_deficit
mswc-3a90673b441eb9a9,negative_confusable,unknown,1.0,train,split_extension_append_abs_deficit
mswc-3aa1301ad68a62b0,negative_confusable,unknown,1.0,test,split_extension_append_abs_deficit
mswc-3ab4aff151e9e5e8,negative_confusable,unknown,1.0,test,split_extension_append_abs_deficit
mswc-3afdc15e864644a5,negative_confusable,unknown,1.0,train,split_extension_append_abs_deficit
mswc-3b251e405197711c,negative_confusable,unknown,1.972,train,split_extension_append_abs_deficit
mswc-3b39230bbf48bf3f,negative_confusable,unknown,2.0,train,split_extension_append_abs_deficit
mswc-3b5388d21332a7d8,negative_confusable,unknown,1.0,test,split_extension_append_abs_deficit
mswc-3b65d41be24a367f,negative_confusable,unknown,1.0,train,split_extension_append_abs_deficit
mswc-3b69d5161b3a57b3,negative_confusable,unknown,1.0,train,split_extension_append_abs_deficit
mswc-3b6d38e7c6839eb4,negative_confusable,unknown,2.0,train,split_extension_append_abs_deficit
mswc-3b8cb6be398390c9,negative_confusable,unknown,1.0,train,split_extension_append_abs_deficit
mswc-3ba05f7f539ab92e,negative_confusable,unknown,2.0,train,split_extension_append_abs_deficit
mswc-3ba4f207dd073eaa,negative_confusable,unknown,0.996,validation,split_extension_append_abs_deficit
mswc-3bc17351c38c3951,negative_confusable,unknown,4.0,train,split_extension_append_abs_deficit
mswc-3c071a122a86b24f,negative_confusable,unknown,1.0,train,split_extension_append_abs_deficit
mswc-3c0d9d6a3b88c937,negative_confusable,unknown,6.0,train,split_extension_append_abs_deficit
mswc-3c2661a96b36024b,negative_confusable,unknown,1.0,validation,split_extension_append_abs_deficit
mswc-3c2787afc197c640,negative_confusable,unknown,1.0,test,split_extension_append_abs_deficit
mswc-3c2cdac62dc45aae,negative_confusable,unknown,1.0,train,split_extension_append_abs_deficit
mswc-3c3b13e26c67af85,negative_confusable,unknown,3.0,train,split_extension_append_abs_deficit
mswc-3c4f246489065609,negative_confusable,unknown,1.0,train,split_extension_append_abs_deficit
mswc-3c533717df23e777,negative_confusable,unknown,2.0,train,split_extension_append_abs_deficit
mswc-3c54f19c9da1f019,negative_confusable,unknown,1.0,train,split_extension_append_abs_deficit
mswc-3c8cb76160a00326,negative_confusable,unknown,2.0,train,split_extension_append_abs_deficit
mswc-3c98be4a18166249,negative_confusable,unknown,1.0,test,split_extension_append_abs_deficit
mswc-3cc70fc991b68974,negative_confusable,unknown,1.0,test,split_extension_append_abs_deficit
mswc-3cc7585991e52406,negative_confusable,unknown,1.0,validation,split_extension_append_abs_deficit
mswc-3cd9c877796cdd8d,negative_confusable,unknown,1.0,test,split_extension_append_abs_deficit
mswc-3ce7491a3828705b,negative_confusable,unknown,1.0,train,split_extension_append_abs_deficit
mswc-3cfd9f3a1fac2d5f,negative_confusable,unknown,1.0,train,split_extension_append_abs_deficit
mswc-3d123ed13a8d89b0,negative_confusable,unknown,1.0,test,split_extension_append_abs_deficit
mswc-3d3770e5ea85628c,negative_confusable,unknown,1.0,test,split_extension_append_abs_deficit
mswc-3d38bcdd4d219a2a,negative_confusable,unknown,1.0,validation,split_extension_append_abs_deficit
mswc-3d426387091d7851,negative_confusable,unknown,1.0,train,split_extension_append_abs_deficit
mswc-3d6260ca0a9630f5,negative_confusable,unknown,0.996,validation,split_extension_append_abs_deficit
mswc-3d65c6fc6ccbc7d4,negative_confusable,unknown,1.0,train,split_extension_append_abs_deficit
mswc-3d6cbb292b204368,negative_confusable,unknown,1.0,test,split_extension_append_abs_deficit
mswc-3d72f427be009e0c,negative_confusable,unknown,1.0,test,split_extension_append_abs_deficit
mswc-3d7896f3168a0b4a,negative_confusable,unknown,1.0,test,split_extension_append_abs_deficit
mswc-3d7edfec2061099b,negative_confusable,unknown,1.0,test,split_extension_append_abs_deficit
mswc-3d88508f76981f8b,negative_confusable,unknown,1.0,train,split_extension_append_abs_deficit
mswc-3d991a61b3e56ce4,negative_confusable,unknown,3.0,train,split_extension_append_abs_deficit
mswc-3d9b206433157f53,negative_confusable,unknown,1.0,train,split_extension_append_abs_deficit
mswc-3db4d991b3de584e,negative_confusable,unknown,1.0,train,split_extension_append_abs_deficit
mswc-3dc96094f97daf24,negative_confusable,unknown,1.0,test,split_extension_append_abs_deficit
mswc-3dcb13529af383b1,negative_confusable,unknown,1.0,train,split_extension_append_abs_deficit
mswc-3dcbf5cf0f4908d5,negative_confusable,unknown,1.0,train,split_extension_append_abs_deficit
mswc-3dd178b07fd16e57,negative_confusable,unknown,1.0,train,split_extension_append_abs_deficit
mswc-3dd48230a771bb40,negative_confusable,unknown,1.0,test,split_extension_append_abs_deficit
mswc-3df789eb66593568,negative_confusable,unknown,1.0,test,split_extension_append_abs_deficit
mswc-3df7ab92a8561225,negative_confusable,unknown,1.0,train,split_extension_append_abs_deficit
mswc-3dfefd527a814a8c,negative_confusable,unknown,1.0,train,split_extension_append_abs_deficit
mswc-3e05b9fa03830995,negative_confusable,unknown,1.0,validation,split_extension_append_abs_deficit
mswc-3e0938d71630fde4,negative_confusable,unknown,3.0,train,split_extension_append_abs_deficit
mswc-3e568040f7686325,negative_confusable,unknown,1.0,train,split_extension_append_abs_deficit
mswc-3e56ca5aec867cbe,negative_confusable,unknown,1.0,train,split_extension_append_abs_deficit
mswc-3e5726d12b07d988,negative_confusable,unknown,1.0,train,split_extension_append_abs_deficit
mswc-3e6ce773541549eb,negative_confusable,unknown,2.0,train,split_extension_append_abs_deficit
mswc-3e83c0bfd4c59e95,negative_confusable,unknown,1.0,train,split_extension_append_abs_deficit
mswc-3e958d68bdb4e53e,negative_confusable,unknown,1.0,train,split_extension_append_abs_deficit
mswc-3ea9e652d653f0c0,negative_confusable,unknown,1.0,test,split_extension_append_abs_deficit
mswc-3eb0694eb0909899,negative_confusable,unknown,1.0,train,split_extension_append_abs_deficit
mswc-3ee87767b4fe7506,negative_confusable,unknown,2.0,train,split_extension_append_abs_deficit
mswc-3f056906850924f5,negative_confusable,unknown,1.0,train,split_extension_append_abs_deficit
mswc-3f0b50344ded46b1,negative_confusable,unknown,1.0,validation,split_extension_append_abs_deficit
mswc-3f15e2fece31ee93,negative_confusable,unknown,4.0,train,split_extension_append_abs_deficit
mswc-3f291c773aa2bc7b,negative_confusable,unknown,2.0,train,split_extension_append_abs_deficit
mswc-3f43fdb1b0dddb0d,negative_confusable,unknown,1.0,validation,split_extension_append_abs_deficit
mswc-3f5d92c3cbb1528e,negative_confusable,unknown,1.0,test,split_extension_append_abs_deficit
mswc-3f65d9831768b6a5,negative_confusable,unknown,1.0,train,split_extension_append_abs_deficit
mswc-3f6956714cd28499,negative_confusable,unknown,1.0,train,split_extension_append_abs_deficit
mswc-3f7e0c53c7690f57,negative_confusable,unknown,1.0,train,split_extension_append_abs_deficit
mswc-3f96c5f432bbd6fa,negative_confusable,unknown,1.0,train,split_extension_append_abs_deficit
mswc-3f972e5414d56ac9,negative_confusable,unknown,1.0,validation,split_extension_append_abs_deficit
mswc-3fa0234a4a61ea51,negative_confusable,unknown,1.0,train,split_extension_append_abs_deficit
mswc-3fa4c2d9123e9723,negative_confusable,unknown,1.0,train,split_extension_append_abs_deficit
mswc-3fa688d27c0fc0e2,negative_confusable,unknown,1.0,validation,split_extension_append_abs_deficit
mswc-3fadff8ece3f1891,negative_confusable,unknown,1.0,train,split_extension_append_abs_deficit
mswc-3fc290012d7ffef6,negative_confusable,unknown,1.0,train,split_extension_append_abs_deficit
mswc-3fe3dac870197a0c,negative_confusable,unknown,1.0,train,split_extension_append_abs_deficit
mswc-3fe46a7714f78d3f,negative_confusable,unknown,1.0,test,split_extension_append_abs_deficit
mswc-3fea5eb846b20fcc,negative_confusable,unknown,2.0,train,split_extension_append_abs_deficit
mswc-3ff67ffcb6408571,negative_confusable,unknown,1.0,train,split_extension_append_abs_deficit
mswc-40006f01e94f77a8,negative_confusable,unknown,1.0,validation,split_extension_append_abs_deficit
mswc-401db19ceefa85c0,negative_confusable,unknown,1.0,validation,split_extension_append_abs_deficit
mswc-40204ba8b760c62e,negative_confusable,unknown,2.0,train,split_extension_append_abs_deficit
mswc-40252feacd6b9c7b,negative_confusable,unknown,1.0,train,split_extension_append_abs_deficit
mswc-4050aaa2bf3cc653,negative_confusable,unknown,1.0,validation,split_extension_append_abs_deficit
mswc-405d2ec665620c28,negative_confusable,unknown,1.0,validation,split_extension_append_abs_deficit
mswc-4067a1c911503049,negative_confusable,unknown,2.0,train,split_extension_append_abs_deficit
mswc-4082f39402a8ebd4,negative_confusable,unknown,1.0,validation,split_extension_append_abs_deficit
mswc-4084e0cf2e63ca96,negative_confusable,unknown,1.0,train,split_extension_append_abs_deficit
mswc-40a73cb8df3dabff,negative_confusable,unknown,1.0,train,split_extension_append_abs_deficit
mswc-410661559628642e,negative_confusable,unknown,1.0,test,split_extension_append_abs_deficit
mswc-4106f49f5aaa6b0c,negative_confusable,unknown,2.0,train,split_extension_append_abs_deficit
mswc-41247cc40f3afb01,negative_confusable,unknown,1.0,train,split_extension_append_abs_deficit
mswc-412883aa7bf82954,negative_confusable,unknown,5.0,train,split_extension_append_abs_deficit
mswc-413f26c8c20e5814,negative_confusable,unknown,1.0,train,split_extension_append_abs_deficit
mswc-413f570f051c61d3,negative_confusable,unknown,1.0,train,split_extension_append_abs_deficit
mswc-4145b33cc30cacf8,negative_confusable,unknown,1.0,test,split_extension_append_abs_deficit
mswc-414f82f724e624df,negative_confusable,unknown,1.0,train,split_extension_append_abs_deficit
mswc-415181dd3f1c55f1,negative_confusable,unknown,2.0,train,split_extension_append_abs_deficit
mswc-415eb298f2a869f9,negative_confusable,unknown,2.0,train,split_extension_append_abs_deficit
mswc-4169360096f95256,negative_confusable,unknown,1.0,train,split_extension_append_abs_deficit
mswc-41706ac5959246bb,negative_confusable,unknown,1.0,train,split_extension_append_abs_deficit
mswc-41868f6799714cdd,negative_confusable,unknown,1.0,test,split_extension_append_abs_deficit
mswc-418913b1bf8a1e4f,negative_confusable,unknown,1.0,train,split_extension_append_abs_deficit
mswc-41ac56a476905224,negative_confusable,unknown,1.0,train,split_extension_append_abs_deficit
mswc-41b7e0fed2c7c4a5,negative_confusable,unknown,1.0,validation,split_extension_append_abs_deficit
mswc-41ba83c1dbdc3a16,negative_confusable,unknown,1.0,train,split_extension_append_abs_deficit
mswc-41c37c2a84223fe8,negative_confusable,unknown,1.0,train,split_extension_append_abs_deficit
mswc-41cd4a2995a61246,negative_confusable,unknown,1.0,test,split_extension_append_abs_deficit
mswc-41e59938ff4f79f5,negative_confusable,unknown,1.0,test,split_extension_append_abs_deficit
mswc-4201285771e8844f,negative_confusable,unknown,1.0,train,split_extension_append_abs_deficit
mswc-421b69d0e46dfca2,negative_confusable,unknown,1.0,train,split_extension_append_abs_deficit
mswc-421cc862733c5e57,negative_confusable,unknown,1.0,train,split_extension_append_abs_deficit
mswc-4234fc2931aec859,negative_confusable,unknown,1.0,test,split_extension_append_abs_deficit
mswc-42363c36da9a73e6,negative_confusable,unknown,1.0,train,split_extension_append_abs_deficit
mswc-42652ae43caaa6d6,negative_confusable,unknown,1.0,validation,split_extension_append_abs_deficit
mswc-427e56474702e65b,negative_confusable,unknown,1.0,test,split_extension_append_abs_deficit
mswc-428bffa120f2bdc4,negative_confusable,unknown,1.0,test,split_extension_append_abs_deficit
mswc-42a053a6c2796844,negative_confusable,unknown,1.0,train,split_extension_append_abs_deficit
mswc-42cb3e4d8f0344c4,negative_confusable,unknown,2.0,train,split_extension_append_abs_deficit
mswc-42d507d44b19779e,negative_confusable,unknown,1.0,validation,split_extension_append_abs_deficit
mswc-42f818125142c5f7,negative_confusable,unknown,1.0,test,split_extension_append_abs_deficit
mswc-4302eabb69f8a7f3,negative_confusable,unknown,2.0,train,split_extension_append_abs_deficit
mswc-4311ac2c9248c11f,negative_confusable,unknown,4.0,train,split_extension_append_abs_deficit
mswc-4320a11637efce2b,negative_confusable,unknown,1.0,train,split_extension_append_abs_deficit
mswc-4322b0a4dcd68529,negative_confusable,unknown,1.0,test,split_extension_append_abs_deficit
mswc-4322c47c95771ee6,negative_confusable,unknown,1.0,validation,split_extension_append_abs_deficit
mswc-432a48a777864481,negative_confusable,unknown,1.0,train,split_extension_append_abs_deficit
mswc-432e6bea731f7d68,negative_confusable,unknown,2.0,train,split_extension_append_abs_deficit
mswc-433e3ca4b6a8971f,negative_confusable,unknown,1.0,validation,split_extension_append_abs_deficit
mswc-43520fa6580690c8,negative_confusable,unknown,1.0,train,split_extension_append_abs_deficit
mswc-4357beb8693ec157,negative_confusable,unknown,4.0,train,split_extension_append_abs_deficit
mswc-435a3f30e3bd02e6,negative_confusable,unknown,1.0,train,split_extension_append_abs_deficit
mswc-435fb74c25c3c55c,negative_confusable,unknown,1.0,validation,split_extension_append_abs_deficit
mswc-438060e3e6bec0c1,negative_confusable,unknown,1.0,test,split_extension_append_abs_deficit
mswc-4389a887e6409a9d,negative_confusable,unknown,1.0,train,split_extension_append_abs_deficit
mswc-439a57d3d2a6ef21,negative_confusable,unknown,1.0,train,split_extension_append_abs_deficit
mswc-439c4a0c1fe58462,negative_confusable,unknown,1.0,test,split_extension_append_abs_deficit
mswc-43ae9b5e619bba00,negative_confusable,unknown,1.0,train,split_extension_append_abs_deficit
mswc-43afdff99ff58012,negative_confusable,unknown,1.0,validation,split_extension_append_abs_deficit
mswc-43bc48e600335927,negative_confusable,unknown,4.0,train,split_extension_append_abs_deficit
mswc-43c611fe017d045c,negative_confusable,unknown,1.0,train,split_extension_append_abs_deficit
mswc-43ccf9f4dce9e8a8,negative_confusable,unknown,2.0,train,split_extension_append_abs_deficit
mswc-43d1e10789b27936,negative_confusable,unknown,1.0,train,split_extension_append_abs_deficit
mswc-43d5948d64575646,negative_confusable,unknown,1.0,train,split_extension_append_abs_deficit
mswc-43d5bd0276931bd5,negative_confusable,unknown,1.0,validation,split_extension_append_abs_deficit
mswc-4400aac4c8f8729b,negative_confusable,unknown,1.0,train,split_extension_append_abs_deficit
mswc-4401102bd840fcab,negative_confusable,unknown,2.0,train,split_extension_append_abs_deficit
mswc-440240609e214eef,negative_confusable,unknown,1.0,train,split_extension_append_abs_deficit
mswc-440909e600c7c1c8,negative_confusable,unknown,1.0,train,split_extension_append_abs_deficit
mswc-44294aaba114cf41,negative_confusable,unknown,1.0,validation,split_extension_append_abs_deficit
mswc-442cb9dd27af0705,negative_confusable,unknown,1.0,test,split_extension_append_abs_deficit
mswc-4444d59b6fcf0e63,negative_confusable,unknown,1.0,train,split_extension_append_abs_deficit
mswc-44482b64eed1615b,negative_confusable,unknown,1.0,train,split_extension_append_abs_deficit
mswc-444ff6629d7cfd4b,negative_confusable,unknown,1.0,test,split_extension_append_abs_deficit
mswc-4459d380d2a931d0,negative_confusable,unknown,2.0,train,split_extension_append_abs_deficit
mswc-445f72afc2f387a2,negative_confusable,unknown,1.0,train,split_extension_append_abs_deficit
mswc-44646075aa462219,negative_confusable,unknown,1.0,train,split_extension_append_abs_deficit
mswc-446eb35473ac7497,negative_confusable,unknown,1.0,validation,split_extension_append_abs_deficit
mswc-4485bb363ed3f07d,negative_confusable,unknown,1.0,train,split_extension_append_abs_deficit
mswc-449b149f7f226837,negative_confusable,unknown,1.0,train,split_extension_append_abs_deficit
mswc-449e47b69e3ece6b,negative_confusable,unknown,1.0,validation,split_extension_append_abs_deficit
mswc-44a775a229218198,negative_confusable,unknown,1.0,test,split_extension_append_abs_deficit
mswc-44b80637fb18a406,negative_confusable,unknown,1.0,train,split_extension_append_abs_deficit
mswc-44b856fd289c76b4,negative_confusable,unknown,5.0,train,split_extension_append_abs_deficit
mswc-44c80063991b3d84,negative_confusable,unknown,1.0,validation,split_extension_append_abs_deficit
mswc-44caa25081145913,negative_confusable,unknown,1.0,train,split_extension_append_abs_deficit
mswc-44cce59cd9d24838,negative_confusable,unknown,1.0,train,split_extension_append_abs_deficit
mswc-44ec2e06bd8d729e,negative_confusable,unknown,1.0,train,split_extension_append_abs_deficit
mswc-44f1e7848cef8c9a,negative_confusable,unknown,1.0,validation,split_extension_append_abs_deficit
mswc-44fa04c3fdf55810,negative_confusable,unknown,1.0,train,split_extension_append_abs_deficit
mswc-4504a7f522fed14a,negative_confusable,unknown,1.0,train,split_extension_append_abs_deficit
mswc-450cce2c74362067,negative_confusable,unknown,2.0,train,split_extension_append_abs_deficit
mswc-4527959eda3cc91c,negative_confusable,unknown,1.0,validation,split_extension_append_abs_deficit
mswc-4537958feb44e392,negative_confusable,unknown,1.0,validation,split_extension_append_abs_deficit
mswc-45582f772d1f1ada,negative_confusable,unknown,1.0,test,split_extension_append_abs_deficit
mswc-4559e536e3a6be4c,negative_confusable,unknown,1.0,train,split_extension_append_abs_deficit
mswc-456085d6db9b4d91,negative_confusable,unknown,4.0,train,split_extension_append_abs_deficit
mswc-45677df2de51c464,negative_confusable,unknown,1.0,train,split_extension_append_abs_deficit
mswc-457ea7eec889a945,negative_confusable,unknown,1.0,train,split_extension_append_abs_deficit
mswc-457ed45e84c5886e,negative_confusable,unknown,1.0,train,split_extension_append_abs_deficit
mswc-458968a82dc9b66d,negative_confusable,unknown,1.0,validation,split_extension_append_abs_deficit
mswc-4591d904283256d0,negative_confusable,unknown,1.0,train,split_extension_append_abs_deficit
mswc-459245e87bc94a13,negative_confusable,unknown,1.0,test,split_extension_append_abs_deficit
mswc-45acba30df55b96c,negative_confusable,unknown,2.0,train,split_extension_append_abs_deficit
mswc-45b2987368108fb9,negative_confusable,unknown,1.0,validation,split_extension_append_abs_deficit
mswc-45c067d3e2d9bce9,negative_confusable,unknown,1.0,train,split_extension_append_abs_deficit
mswc-45d83f95f4993630,negative_confusable,unknown,1.0,test,split_extension_append_abs_deficit
mswc-45dd8e770aef0c93,negative_confusable,unknown,3.0,train,split_extension_append_abs_deficit
mswc-45f09fef48be55ff,negative_confusable,unknown,2.0,train,split_extension_append_abs_deficit
mswc-460129eab6a77aee,negative_confusable,unknown,1.0,train,split_extension_append_abs_deficit
mswc-4604f72b2e3ff585,negative_confusable,unknown,1.0,train,split_extension_append_abs_deficit
mswc-461fee6ff72866b4,negative_confusable,unknown,1.0,train,split_extension_append_abs_deficit
mswc-46239fd517bcf59e,negative_confusable,unknown,2.0,train,split_extension_append_abs_deficit
mswc-4625d817627c80ce,negative_confusable,unknown,1.0,test,split_extension_append_abs_deficit
mswc-462cc936e36d4d73,negative_confusable,unknown,1.0,test,split_extension_append_abs_deficit
mswc-466184b520df80f4,negative_confusable,unknown,1.0,train,split_extension_append_abs_deficit
mswc-46665fab0f4e670a,negative_confusable,unknown,1.0,validation,split_extension_append_abs_deficit
mswc-466d9de9236331be,negative_confusable,unknown,1.0,train,split_extension_append_abs_deficit
mswc-46757a34de93c2dc,negative_confusable,unknown,1.0,test,split_extension_append_abs_deficit
mswc-467bcdabc8b644cf,negative_confusable,unknown,1.0,train,split_extension_append_abs_deficit
mswc-46959e92c06d35be,negative_confusable,unknown,1.0,train,split_extension_append_abs_deficit
mswc-46a7d69b7350681a,negative_confusable,unknown,1.0,test,split_extension_append_abs_deficit
mswc-46aec8cd216e7a84,negative_confusable,unknown,4.0,train,split_extension_append_abs_deficit
mswc-46d810ac2fe154ab,negative_confusable,unknown,2.0,train,split_extension_append_abs_deficit
mswc-46eaa5affa552785,negative_confusable,unknown,1.0,train,split_extension_append_abs_deficit
mswc-46f773cf2d69c0cc,negative_confusable,unknown,1.0,test,split_extension_append_abs_deficit
mswc-46fd86a720d1ff10,negative_confusable,unknown,1.0,test,split_extension_append_abs_deficit
mswc-46ffcec2a2ce4577,negative_confusable,unknown,1.0,validation,split_extension_append_abs_deficit
mswc-47070bb27d2f66b3,negative_confusable,unknown,0.998,test,split_extension_append_abs_deficit
mswc-470c7ee56249ae1e,negative_confusable,unknown,1.0,test,split_extension_append_abs_deficit
mswc-472627540d731305,negative_confusable,unknown,1.0,test,split_extension_append_abs_deficit
mswc-474652f448403f5b,negative_confusable,unknown,1.0,train,split_extension_append_abs_deficit
mswc-4777fe412f62daf6,negative_confusable,unknown,1.0,train,split_extension_append_abs_deficit
mswc-477c3d6b0530345d,negative_confusable,unknown,1.0,train,split_extension_append_abs_deficit
mswc-4786f3d364abfffe,negative_confusable,unknown,1.0,train,split_extension_append_abs_deficit
mswc-47875c8b8d3a1b4d,negative_confusable,unknown,1.0,test,split_extension_append_abs_deficit
mswc-47c3ee83b46d5e4a,negative_confusable,unknown,2.0,train,split_extension_append_abs_deficit
mswc-47d7f8488de75120,negative_confusable,unknown,1.0,train,split_extension_append_abs_deficit
mswc-47ded68f2cb9de4c,negative_confusable,unknown,1.0,train,split_extension_append_abs_deficit
mswc-47f44e1cbab3ec6b,negative_confusable,unknown,1.0,train,split_extension_append_abs_deficit
mswc-4831636ba3af2967,negative_confusable,unknown,1.0,validation,split_extension_append_abs_deficit
mswc-484156b6441ac266,negative_confusable,unknown,1.0,test,split_extension_append_abs_deficit
mswc-48528338442073e0,negative_confusable,unknown,1.0,train,split_extension_append_abs_deficit
mswc-4875a5fc17c39363,negative_confusable,unknown,2.0,train,split_extension_append_abs_deficit
mswc-4895292db4dc4b95,negative_confusable,unknown,3.0,train,split_extension_append_abs_deficit
mswc-48aecd6bc7a918cc,negative_confusable,unknown,1.0,train,split_extension_append_abs_deficit
mswc-48c2e41644aad62b,negative_confusable,unknown,1.0,validation,split_extension_append_abs_deficit
mswc-48c628bea19ad554,negative_confusable,unknown,1.0,train,split_extension_append_abs_deficit
mswc-48c9f000ecd4adc4,negative_confusable,unknown,1.0,train,split_extension_append_abs_deficit
mswc-48cd4de4d5fb85ed,negative_confusable,unknown,1.0,test,split_extension_append_abs_deficit
mswc-48f7b2da1254eaea,negative_confusable,unknown,1.0,train,split_extension_append_abs_deficit
mswc-494b348fd86d8a33,negative_confusable,unknown,1.0,train,split_extension_append_abs_deficit
mswc-494d9e5b28d63ab0,negative_confusable,unknown,1.0,train,split_extension_append_abs_deficit
mswc-494f8ff085fe2b3c,negative_confusable,unknown,1.0,train,split_extension_append_abs_deficit
mswc-496aa083de2d07f2,negative_confusable,unknown,1.0,train,split_extension_append_abs_deficit
mswc-498358dde158a9aa,negative_confusable,unknown,6.0,train,split_extension_append_abs_deficit
mswc-49876aa81081f96e,negative_confusable,unknown,1.0,validation,split_extension_append_abs_deficit
mswc-498c0e5cd8dbc3c0,negative_confusable,unknown,1.0,validation,split_extension_append_abs_deficit
mswc-4991e82bf5b539bc,negative_confusable,unknown,1.0,train,split_extension_append_abs_deficit
mswc-4999c34fc744da84,negative_confusable,unknown,1.0,test,split_extension_append_abs_deficit
mswc-49b67f9192824286,negative_confusable,unknown,1.0,train,split_extension_append_abs_deficit
mswc-49b922019594c331,negative_confusable,unknown,1.0,validation,split_extension_append_abs_deficit
mswc-49c6b5e3d9b384b3,negative_confusable,unknown,1.0,train,split_extension_append_abs_deficit
mswc-49e278386636b5f6,negative_confusable,unknown,1.0,train,split_extension_append_abs_deficit
mswc-49e39fd544ceac89,negative_confusable,unknown,1.0,train,split_extension_append_abs_deficit
mswc-4a00438437172376,negative_confusable,unknown,1.0,validation,split_extension_append_abs_deficit
mswc-4a13ff9f8450ebb8,negative_confusable,unknown,1.0,train,split_extension_append_abs_deficit
mswc-4a16379d2a9c3ce5,negative_confusable,unknown,1.0,validation,split_extension_append_abs_deficit
mswc-4a2f245a12366026,negative_confusable,unknown,1.0,validation,split_extension_append_abs_deficit
mswc-4a3830f20f31fe8e,negative_confusable,unknown,1.0,validation,split_extension_append_abs_deficit
mswc-4a3a1eb6f61a5736,negative_confusable,unknown,1.0,train,split_extension_append_abs_deficit
mswc-4a4e4a24326b8112,negative_confusable,unknown,1.0,validation,split_extension_append_abs_deficit
mswc-4a770a081fe46ad7,negative_confusable,unknown,1.0,train,split_extension_append_abs_deficit
mswc-4a8ca5468142b119,negative_confusable,unknown,1.0,train,split_extension_append_abs_deficit
mswc-4aa0be43c14e92a8,negative_confusable,unknown,1.0,train,split_extension_append_abs_deficit
mswc-4ab2959938f59643,negative_confusable,unknown,1.0,test,split_extension_append_abs_deficit
mswc-4ab5b9423e02219f,negative_confusable,unknown,1.0,train,split_extension_append_abs_deficit
mswc-4abc72f9b040fe20,negative_confusable,unknown,1.0,validation,split_extension_append_abs_deficit
mswc-4ac6ea54eb4d1685,negative_confusable,unknown,1.0,train,split_extension_append_abs_deficit
mswc-4ad9eea58f6dba2b,negative_confusable,unknown,1.0,validation,split_extension_append_abs_deficit
mswc-4aeecab365c3d16b,negative_confusable,unknown,1.0,validation,split_extension_append_abs_deficit
mswc-4af00d130e731449,negative_confusable,unknown,2.0,train,split_extension_append_abs_deficit
mswc-4af39e484d833a23,negative_confusable,unknown,1.0,train,split_extension_append_abs_deficit
mswc-4afc0f1fb9190832,negative_confusable,unknown,4.0,train,split_extension_append_abs_deficit
mswc-4b03506d979b28ec,negative_confusable,unknown,1.0,train,split_extension_append_abs_deficit
mswc-4b1d6105259b03e7,negative_confusable,unknown,1.0,train,split_extension_append_abs_deficit
mswc-4b202dc5283d2782,negative_confusable,unknown,1.0,validation,split_extension_append_abs_deficit
mswc-4b2e315f48e0e1eb,negative_confusable,unknown,1.0,train,split_extension_append_abs_deficit
mswc-4b30b42d6c48f687,negative_confusable,unknown,1.0,test,split_extension_append_abs_deficit
mswc-4b5bbdcf3221c4de,negative_confusable,unknown,2.0,train,split_extension_append_abs_deficit
mswc-4b5fca5d8b93de9c,negative_confusable,unknown,1.0,train,split_extension_append_abs_deficit
mswc-4b729c3e3f9f2f6c,negative_confusable,unknown,1.0,validation,split_extension_append_abs_deficit
mswc-4b73b1a6ce5d86b7,negative_confusable,unknown,1.0,train,split_extension_append_abs_deficit
mswc-4b799abf92c31baa,negative_confusable,unknown,6.996,train,split_extension_append_abs_deficit
mswc-4b800f7801f842a5,negative_confusable,unknown,2.0,train,split_extension_append_abs_deficit
mswc-4b81b3762df326da,negative_confusable,unknown,1.0,train,split_extension_append_abs_deficit
mswc-4b8f1afc56cfe5cf,negative_confusable,unknown,1.0,train,split_extension_append_abs_deficit
mswc-4bed800735a80eb6,negative_confusable,unknown,1.0,validation,split_extension_append_abs_deficit
mswc-4bf6a8447c3ff99d,negative_confusable,unknown,5.0,train,split_extension_append_abs_deficit
mswc-4c226fcd33a7b6d6,negative_confusable,unknown,1.0,train,split_extension_append_abs_deficit
mswc-4c273905de309ad5,negative_confusable,unknown,1.0,test,split_extension_append_abs_deficit
mswc-4c2e43e2ce807348,negative_confusable,unknown,2.0,train,split_extension_append_abs_deficit
mswc-4c36f6a78e66716b,negative_confusable,unknown,1.0,test,split_extension_append_abs_deficit
mswc-4c407a51103a79d2,negative_confusable,unknown,4.0,train,split_extension_append_abs_deficit
mswc-4c5b09f989215420,negative_confusable,unknown,1.0,train,split_extension_append_abs_deficit
mswc-4c608f5629aef410,negative_confusable,unknown,2.0,train,split_extension_append_abs_deficit
mswc-4c64bbb056490798,negative_confusable,unknown,1.0,test,split_extension_append_abs_deficit
mswc-4c7f121c143ab484,negative_confusable,unknown,1.0,train,split_extension_append_abs_deficit
mswc-4c804d7fd6f8888e,negative_confusable,unknown,1.0,test,split_extension_append_abs_deficit
mswc-4c9353f872c1a69e,negative_confusable,unknown,1.0,validation,split_extension_append_abs_deficit
mswc-4c9ddfc24673b8df,negative_confusable,unknown,1.0,train,split_extension_append_abs_deficit
mswc-4cc687b83c22e2b6,negative_confusable,unknown,1.0,test,split_extension_append_abs_deficit
mswc-4cd66b2827c8666b,negative_confusable,unknown,1.0,test,split_extension_append_abs_deficit
mswc-4cdb401b6bde2a12,negative_confusable,unknown,1.0,train,split_extension_append_abs_deficit
mswc-4d09dcbb25b97fb7,negative_confusable,unknown,1.0,test,split_extension_append_abs_deficit
mswc-4d419a91b7de9354,negative_confusable,unknown,1.0,train,split_extension_append_abs_deficit
mswc-4d5dfc40220dd143,negative_confusable,unknown,1.0,train,split_extension_append_abs_deficit
mswc-4d7457dbea767446,negative_confusable,unknown,1.0,train,split_extension_append_abs_deficit
mswc-4d98989ac8c80bac,negative_confusable,unknown,2.0,train,split_extension_append_abs_deficit
mswc-4d999d7128e07ac0,negative_confusable,unknown,1.0,train,split_extension_append_abs_deficit
mswc-4d9add0556c4a756,negative_confusable,unknown,1.0,train,split_extension_append_abs_deficit
mswc-4da31e87577b3a62,negative_confusable,unknown,2.0,train,split_extension_append_abs_deficit
mswc-4dd03076930bf96b,negative_confusable,unknown,1.0,train,split_extension_append_abs_deficit
mswc-4dd092547992c414,negative_confusable,unknown,1.0,train,split_extension_append_abs_deficit
mswc-4de4d5c48347e463,negative_confusable,unknown,2.0,train,split_extension_append_abs_deficit
mswc-4df3d539d7a133f8,negative_confusable,unknown,1.0,test,split_extension_append_abs_deficit
mswc-4e01cef3f6493aa1,negative_confusable,unknown,1.0,train,split_extension_append_abs_deficit
mswc-4e0e69a762d432a1,negative_confusable,unknown,1.0,train,split_extension_append_abs_deficit
mswc-4e10156c1d2835da,negative_confusable,unknown,1.0,train,split_extension_append_abs_deficit
mswc-4e215358b95f44df,negative_confusable,unknown,2.0,train,split_extension_append_abs_deficit
mswc-4e222cb6ddd622b0,negative_confusable,unknown,2.0,train,split_extension_append_abs_deficit
mswc-4e33ca20d75b9416,negative_confusable,unknown,2.0,train,split_extension_append_abs_deficit
mswc-4e4cd248da155d4c,negative_confusable,unknown,1.0,train,split_extension_append_abs_deficit
mswc-4e530a3682b7a22b,negative_confusable,unknown,1.0,train,split_extension_append_abs_deficit
mswc-4e5c08cc543e8614,negative_confusable,unknown,1.0,test,split_extension_append_abs_deficit
mswc-4e81e6a511e8b436,negative_confusable,unknown,2.0,train,split_extension_append_abs_deficit
mswc-4e89cdebc2c938ab,negative_confusable,unknown,1.0,validation,split_extension_append_abs_deficit
mswc-4e997ed327447136,negative_confusable,unknown,1.0,validation,split_extension_append_abs_deficit
mswc-4e9d362cad82da05,negative_confusable,unknown,1.0,validation,split_extension_append_abs_deficit
mswc-4ef870c4193803d0,negative_confusable,unknown,1.0,train,split_extension_append_abs_deficit
mswc-4f0b6210777e0cca,negative_confusable,unknown,1.0,test,split_extension_append_abs_deficit
mswc-4f218ce27bfe5a17,negative_confusable,unknown,1.0,test,split_extension_append_abs_deficit
mswc-4f245631e3015aee,negative_confusable,unknown,1.0,validation,split_extension_append_abs_deficit
mswc-4f29be8fe932d773,negative_confusable,unknown,1.0,train,split_extension_append_abs_deficit
mswc-4f38f5d7ac809d15,negative_confusable,unknown,1.0,validation,split_extension_append_abs_deficit
mswc-4f3b69348cb65923,negative_confusable,unknown,1.0,train,split_extension_append_abs_deficit
mswc-4f4ab5006988910c,negative_confusable,unknown,1.0,train,split_extension_append_abs_deficit
mswc-4f565e2449112763,negative_confusable,unknown,1.0,train,split_extension_append_abs_deficit
mswc-4f5bac1857707a79,negative_confusable,unknown,1.0,train,split_extension_append_abs_deficit
mswc-4f614e6a1cd5abf3,negative_confusable,unknown,1.0,test,split_extension_append_abs_deficit
mswc-4f67bb544cb72fe3,negative_confusable,unknown,1.0,train,split_extension_append_abs_deficit
mswc-4f6c70edbbaae01d,negative_confusable,unknown,1.0,train,split_extension_append_abs_deficit
mswc-4f7787af9817c128,negative_confusable,unknown,1.0,validation,split_extension_append_abs_deficit
mswc-4f9a1be4ac6b5236,negative_confusable,unknown,2.0,train,split_extension_append_abs_deficit
mswc-4fd572057403b24f,negative_confusable,unknown,1.0,train,split_extension_append_abs_deficit
mswc-4fd617de575d99e7,negative_confusable,unknown,3.0,train,split_extension_append_abs_deficit
mswc-4fe313b29861b4b5,negative_confusable,unknown,1.0,test,split_extension_append_abs_deficit
mswc-4fe5fcb1f6fbdb08,negative_confusable,unknown,1.0,validation,split_extension_append_abs_deficit
mswc-4ff2c5de8385814b,negative_confusable,unknown,1.0,train,split_extension_append_abs_deficit
mswc-4ff35daaf8c2a300,negative_confusable,unknown,1.0,train,split_extension_append_abs_deficit
mswc-4ffd87071ca6d73a,negative_confusable,unknown,1.0,train,split_extension_append_abs_deficit
mswc-5010b63eacf8b5e5,negative_confusable,unknown,1.0,validation,split_extension_append_abs_deficit
mswc-501a975d572b7856,negative_confusable,unknown,1.0,validation,split_extension_append_abs_deficit
mswc-501e837569689993,negative_confusable,unknown,1.0,train,split_extension_append_abs_deficit
mswc-503a67f00e07c153,negative_confusable,unknown,1.0,train,split_extension_append_abs_deficit
mswc-503f057968a8bbe1,negative_confusable,unknown,1.0,test,split_extension_append_abs_deficit
mswc-504170cb709a86cf,negative_confusable,unknown,1.0,validation,split_extension_append_abs_deficit
mswc-5055c443927321b6,negative_confusable,unknown,1.0,train,split_extension_append_abs_deficit
mswc-5063dac3e666a1f3,negative_confusable,unknown,1.0,test,split_extension_append_abs_deficit
mswc-50733120bb46f4d0,negative_confusable,unknown,1.0,train,split_extension_append_abs_deficit
mswc-5079bec62ab8bb14,negative_confusable,unknown,1.0,train,split_extension_append_abs_deficit
mswc-509abc74e776df81,negative_confusable,unknown,1.0,train,split_extension_append_abs_deficit
mswc-50a6703a49e99b95,negative_confusable,unknown,1.0,train,split_extension_append_abs_deficit
mswc-50b7e72cea733fc1,negative_confusable,unknown,4.0,train,split_extension_append_abs_deficit
mswc-50c7aa85991b019c,negative_confusable,unknown,1.0,train,split_extension_append_abs_deficit
mswc-50d38022f3c5e250,negative_confusable,unknown,1.0,train,split_extension_append_abs_deficit
mswc-50df373221c9fdf5,negative_confusable,unknown,1.0,train,split_extension_append_abs_deficit
mswc-50e98a7c9d6cf511,negative_confusable,unknown,1.0,validation,split_extension_append_abs_deficit
mswc-50f66938a739d948,negative_confusable,unknown,1.0,train,split_extension_append_abs_deficit
mswc-50fe7dfbaafe08a3,negative_confusable,unknown,1.0,validation,split_extension_append_abs_deficit
mswc-51087fb6a9273f66,negative_confusable,unknown,1.0,train,split_extension_append_abs_deficit
mswc-5120cc4c83bca6ca,negative_confusable,unknown,1.0,train,split_extension_append_abs_deficit
mswc-5152eb8ca78035e6,negative_confusable,unknown,1.0,test,split_extension_append_abs_deficit
mswc-5163ad7f89847a48,negative_confusable,unknown,3.0,train,split_extension_append_abs_deficit
mswc-51707f1bb17115cc,negative_confusable,unknown,1.0,train,split_extension_append_abs_deficit
mswc-51909ca81acd889d,negative_confusable,unknown,1.0,train,split_extension_append_abs_deficit
mswc-51ae2e4ecebfbdb2,negative_confusable,unknown,1.0,train,split_extension_append_abs_deficit
mswc-51ae697fce5d6e0c,negative_confusable,unknown,1.0,train,split_extension_append_abs_deficit
mswc-51c0a06d2018086c,negative_confusable,unknown,1.0,train,split_extension_append_abs_deficit
mswc-51de6a4824d808ac,negative_confusable,unknown,2.0,train,split_extension_append_abs_deficit
mswc-51e58a2dd2b16dca,negative_confusable,unknown,1.0,test,split_extension_append_abs_deficit
mswc-51e9c739bf8e0b5b,negative_confusable,unknown,1.0,train,split_extension_append_abs_deficit
mswc-51ed0f3da4c70fb1,negative_confusable,unknown,1.0,train,split_extension_append_abs_deficit
mswc-51f5e191e1386898,negative_confusable,unknown,1.0,validation,split_extension_append_abs_deficit
mswc-5205226237e35c7a,negative_confusable,unknown,1.0,train,split_extension_append_abs_deficit
mswc-5226d85fc31c1540,negative_confusable,unknown,1.0,test,split_extension_append_abs_deficit
mswc-5254a406c45e5cc9,negative_confusable,unknown,1.0,test,split_extension_append_abs_deficit
mswc-5278f015cb2766a6,negative_confusable,unknown,1.0,test,split_extension_append_abs_deficit
mswc-5298122e175d9cb4,negative_confusable,unknown,1.0,validation,split_extension_append_abs_deficit
mswc-529b0c09a9f097fb,negative_confusable,unknown,1.0,validation,split_extension_append_abs_deficit
mswc-529e3646bee874bc,negative_confusable,unknown,2.0,train,split_extension_append_abs_deficit
mswc-52a61ab1811ea0f8,negative_confusable,unknown,1.0,test,split_extension_append_abs_deficit
mswc-52aa942804fa8211,negative_confusable,unknown,1.0,validation,split_extension_append_abs_deficit
mswc-52ad31c714f9ed06,negative_confusable,unknown,3.0,train,split_extension_append_abs_deficit
mswc-52b4189a5bc099e7,negative_confusable,unknown,1.0,train,split_extension_append_abs_deficit
mswc-52c2549cf9cdf3ba,negative_confusable,unknown,1.0,validation,split_extension_append_abs_deficit
mswc-52cee84cbed4c6a8,negative_confusable,unknown,1.0,train,split_extension_append_abs_deficit
mswc-53106eb779d5851f,negative_confusable,unknown,1.0,train,split_extension_append_abs_deficit
mswc-532326acab6cab31,negative_confusable,unknown,1.0,train,split_extension_append_abs_deficit
mswc-5343923425ea4e94,negative_confusable,unknown,1.0,train,split_extension_append_abs_deficit
mswc-535810f407b6c7dd,negative_confusable,unknown,10.0,train,split_extension_append_abs_deficit
mswc-53698fe244f84875,negative_confusable,unknown,1.0,train,split_extension_append_abs_deficit
mswc-5370869a4cac1f40,negative_confusable,unknown,1.0,train,split_extension_append_abs_deficit
mswc-53743969c7096804,negative_confusable,unknown,1.0,train,split_extension_append_abs_deficit
mswc-5382771dc1bc934c,negative_confusable,unknown,1.0,train,split_extension_append_abs_deficit
mswc-538fb4014343a7f8,negative_confusable,unknown,1.0,train,split_extension_append_abs_deficit
mswc-53a2cb3a53e79692,negative_confusable,unknown,1.0,validation,split_extension_append_abs_deficit
mswc-53bbc25c0e0724ca,negative_confusable,unknown,1.0,validation,split_extension_append_abs_deficit
mswc-53c5cc9598e5a801,negative_confusable,unknown,1.0,validation,split_extension_append_abs_deficit
mswc-53c9efb954b92d60,negative_confusable,unknown,1.0,test,split_extension_append_abs_deficit
mswc-53cac6377ddf08df,negative_confusable,unknown,1.0,train,split_extension_append_abs_deficit
mswc-53d9cf3912f27bef,negative_confusable,unknown,3.0,train,split_extension_append_abs_deficit
mswc-53f3a1ababf2543e,negative_confusable,unknown,1.0,test,split_extension_append_abs_deficit
mswc-53ff25090ccf1dc1,negative_confusable,unknown,1.0,test,split_extension_append_abs_deficit
mswc-541b66de21fa4187,negative_confusable,unknown,1.0,validation,split_extension_append_abs_deficit
mswc-54206df95ca18960,negative_confusable,unknown,1.0,test,split_extension_append_abs_deficit
mswc-5435f6233d118fe3,negative_confusable,unknown,3.0,train,split_extension_append_abs_deficit
mswc-5461a73c96726928,negative_confusable,unknown,1.0,test,split_extension_append_abs_deficit
mswc-546226eb3f486b66,negative_confusable,unknown,1.0,train,split_extension_append_abs_deficit
mswc-549a60876ad6f6df,negative_confusable,unknown,1.0,validation,split_extension_append_abs_deficit
mswc-549b886294cf3021,negative_confusable,unknown,1.0,validation,split_extension_append_abs_deficit
mswc-549f4aa08c8b4d0c,negative_confusable,unknown,1.0,train,split_extension_append_abs_deficit
mswc-54aacc591ddc5d2a,negative_confusable,unknown,1.0,test,split_extension_append_abs_deficit
mswc-54adcc0b82ed4d25,negative_confusable,unknown,1.0,train,split_extension_append_abs_deficit
mswc-54b6b783b689d923,negative_confusable,unknown,2.0,train,split_extension_append_abs_deficit
mswc-54b86c65535062a6,negative_confusable,unknown,2.0,train,split_extension_append_abs_deficit
mswc-54bed0d7ac5160e4,negative_confusable,unknown,1.0,validation,split_extension_append_abs_deficit
mswc-54c2402adef78bdd,negative_confusable,unknown,1.0,train,split_extension_append_abs_deficit
mswc-54c78ad6adee4df6,negative_confusable,unknown,1.0,test,split_extension_append_abs_deficit
mswc-54d62d5cbc1cde03,negative_confusable,unknown,1.0,train,split_extension_append_abs_deficit
mswc-54dc820077b05bf5,negative_confusable,unknown,6.0,train,split_extension_append_abs_deficit
mswc-54dd4f8270a9a72f,negative_confusable,unknown,1.0,validation,split_extension_append_abs_deficit
mswc-54fdd5f424b8b0f8,negative_confusable,unknown,2.0,train,split_extension_append_abs_deficit
mswc-5500312511b203e1,negative_confusable,unknown,1.0,train,split_extension_append_abs_deficit
mswc-55066d8d6922c2f1,negative_confusable,unknown,2.0,train,split_extension_append_abs_deficit
mswc-551d5ea36eb46269,negative_confusable,unknown,4.0,train,split_extension_append_abs_deficit
mswc-55261db75e3453b1,negative_confusable,unknown,1.0,train,split_extension_append_abs_deficit
mswc-553d6f5293f55380,negative_confusable,unknown,2.0,train,split_extension_append_abs_deficit
mswc-5560ae0e93452df2,negative_confusable,unknown,2.0,train,split_extension_append_abs_deficit
mswc-557c13f21b6f9b5a,negative_confusable,unknown,1.0,train,split_extension_append_abs_deficit
mswc-5582022b25494e7b,negative_confusable,unknown,1.0,validation,split_extension_append_abs_deficit
mswc-5584575d6b626158,negative_confusable,unknown,1.0,train,split_extension_append_abs_deficit
mswc-558b3346ddec03f7,negative_confusable,unknown,1.0,validation,split_extension_append_abs_deficit
mswc-55cb52029eb99359,negative_confusable,unknown,1.0,train,split_extension_append_abs_deficit
mswc-55ead87df2847256,negative_confusable,unknown,1.0,train,split_extension_append_abs_deficit
mswc-55f28b9a0cff2ff5,negative_confusable,unknown,1.0,train,split_extension_append_abs_deficit
mswc-55f617b37a0ab885,negative_confusable,unknown,1.0,test,split_extension_append_abs_deficit
mswc-55f812f78a670d7f,negative_confusable,unknown,1.0,train,split_extension_append_abs_deficit
mswc-5633df4160c8d2cb,negative_confusable,unknown,1.0,test,split_extension_append_abs_deficit
mswc-563e665a7f641b42,negative_confusable,unknown,1.0,train,split_extension_append_abs_deficit
mswc-5665877b3fa65388,negative_confusable,unknown,1.0,validation,split_extension_append_abs_deficit
mswc-566ff4c5860177f0,negative_confusable,unknown,1.0,test,split_extension_append_abs_deficit
mswc-567d10cebb039c95,negative_confusable,unknown,1.0,train,split_extension_append_abs_deficit
mswc-5681391aa0a9b424,negative_confusable,unknown,1.0,train,split_extension_append_abs_deficit
mswc-568e78dcb47fe9b7,negative_confusable,unknown,2.0,train,split_extension_append_abs_deficit
mswc-56b0808fd6651ab5,negative_confusable,unknown,1.0,train,split_extension_append_abs_deficit
mswc-56c5d6d3f521b63a,negative_confusable,unknown,1.0,train,split_extension_append_abs_deficit
mswc-56c5efdbbdbc765d,negative_confusable,unknown,1.0,train,split_extension_append_abs_deficit
mswc-56cc83adfbca21ec,negative_confusable,unknown,2.0,train,split_extension_append_abs_deficit
mswc-56d83fdf0e8efb1d,negative_confusable,unknown,2.0,train,split_extension_append_abs_deficit
mswc-56ef6218bdd27655,negative_confusable,unknown,1.0,test,split_extension_append_abs_deficit
mswc-56fe7487ce852a3c,negative_confusable,unknown,1.0,test,split_extension_append_abs_deficit
mswc-571f1a222c85d046,negative_confusable,unknown,1.0,train,split_extension_append_abs_deficit
mswc-57426bc95b63e202,negative_confusable,unknown,1.0,validation,split_extension_append_abs_deficit
mswc-57455f0c1d706204,negative_confusable,unknown,1.0,test,split_extension_append_abs_deficit
mswc-574d3518937d50e3,negative_confusable,unknown,1.0,train,split_extension_append_abs_deficit
mswc-5752ba5fb069ba52,negative_confusable,unknown,1.0,train,split_extension_append_abs_deficit
mswc-575a93a8a230d655,negative_confusable,unknown,2.0,train,split_extension_append_abs_deficit
mswc-57703d2538938cf3,negative_confusable,unknown,1.0,train,split_extension_append_abs_deficit
mswc-57722cb1f23dc7ed,negative_confusable,unknown,1.0,test,split_extension_append_abs_deficit
mswc-5782fef4f9acbf06,negative_confusable,unknown,1.0,validation,split_extension_append_abs_deficit
mswc-57906cdb97e4fc75,negative_confusable,unknown,1.0,train,split_extension_append_abs_deficit
mswc-57b7a3febf5adc74,negative_confusable,unknown,2.0,train,split_extension_append_abs_deficit
mswc-57bfb70e1510b4d1,negative_confusable,unknown,1.0,train,split_extension_append_abs_deficit
mswc-57d9be2eeda5fbaa,negative_confusable,unknown,14.0,train,split_extension_append_abs_deficit
mswc-57df887fa1313ebe,negative_confusable,unknown,2.0,train,split_extension_append_abs_deficit
mswc-57ef5a4a078e0124,negative_confusable,unknown,1.0,validation,split_extension_append_abs_deficit
mswc-58173bde203aeaac,negative_confusable,unknown,1.0,test,split_extension_append_abs_deficit
mswc-58177122b72c5bb7,negative_confusable,unknown,1.0,train,split_extension_append_abs_deficit
mswc-582d32de3df7d09d,negative_confusable,unknown,1.0,train,split_extension_append_abs_deficit
mswc-5872d18c2bfff562,negative_confusable,unknown,1.0,test,split_extension_append_abs_deficit
mswc-588d0c3ebb605b8f,negative_confusable,unknown,1.0,train,split_extension_append_abs_deficit
mswc-588db62e2c7c4e7b,negative_confusable,unknown,2.0,train,split_extension_append_abs_deficit
mswc-58927dcf8a8e981d,negative_confusable,unknown,1.0,validation,split_extension_append_abs_deficit
mswc-5899e8bd8f4bbecb,negative_confusable,unknown,2.0,train,split_extension_append_abs_deficit
mswc-589b94147d1d8b40,negative_confusable,unknown,1.0,validation,split_extension_append_abs_deficit
mswc-58b5cbe5da132542,negative_confusable,unknown,1.0,train,split_extension_append_abs_deficit
mswc-58b821fcb14ab766,negative_confusable,unknown,4.0,train,split_extension_append_abs_deficit
mswc-58cf5c0ff03c770d,negative_confusable,unknown,1.0,train,split_extension_append_abs_deficit
mswc-58fde7e9d507eb11,negative_confusable,unknown,2.0,train,split_extension_append_abs_deficit
mswc-593038b627d4b5db,negative_confusable,unknown,4.0,train,split_extension_append_abs_deficit
mswc-59480438402ee9da,negative_confusable,unknown,8.0,train,split_extension_append_abs_deficit
mswc-594b3c6a1d1ef93d,negative_confusable,unknown,1.0,test,split_extension_append_abs_deficit
mswc-59a350ba345823f7,negative_confusable,unknown,2.0,train,split_extension_append_abs_deficit
mswc-59ab73d07219d13d,negative_confusable,unknown,1.0,validation,split_extension_append_abs_deficit
mswc-59d1ec8273b815b1,negative_confusable,unknown,1.0,validation,split_extension_append_abs_deficit
mswc-59de81d6d5b12252,negative_confusable,unknown,1.0,validation,split_extension_append_abs_deficit
mswc-59fbc29e0c0d3cc9,negative_confusable,unknown,1.0,validation,split_extension_append_abs_deficit
mswc-5a04d3cc40a5c593,negative_confusable,unknown,1.0,train,split_extension_append_abs_deficit
mswc-5a25851cc4a3b684,negative_confusable,unknown,1.0,train,split_extension_append_abs_deficit
mswc-5a32837096616668,negative_confusable,unknown,1.0,train,split_extension_append_abs_deficit
mswc-5a3fa09d2ad50816,negative_confusable,unknown,2.0,train,split_extension_append_abs_deficit
mswc-5a4ddc67657fcc62,negative_confusable,unknown,1.0,train,split_extension_append_abs_deficit
mswc-5a5c462b583ae419,negative_confusable,unknown,4.0,train,split_extension_append_abs_deficit
mswc-5a70a93d9db0f95d,negative_confusable,unknown,1.0,validation,split_extension_append_abs_deficit
mswc-5a71dc906698142a,negative_confusable,unknown,1.0,validation,split_extension_append_abs_deficit
mswc-5a8172ee72d6ef45,negative_confusable,unknown,2.0,train,split_extension_append_abs_deficit
mswc-5a9267042ed2d7c0,negative_confusable,unknown,1.0,train,split_extension_append_abs_deficit
mswc-5a92f8c95e38598f,negative_confusable,unknown,1.0,train,split_extension_append_abs_deficit
mswc-5aa4ca06759b785c,negative_confusable,unknown,1.0,validation,split_extension_append_abs_deficit
mswc-5aa9c4e432074e38,negative_confusable,unknown,1.0,train,split_extension_append_abs_deficit
mswc-5aab0b6a6e4621b9,negative_confusable,unknown,1.0,train,split_extension_append_abs_deficit
mswc-5aacb3171a7a06a6,negative_confusable,unknown,1.0,validation,split_extension_append_abs_deficit
mswc-5ab3558b4bf9862b,negative_confusable,unknown,1.0,train,split_extension_append_abs_deficit
mswc-5abee4ea5ed88102,negative_confusable,unknown,1.0,test,split_extension_append_abs_deficit
mswc-5ad00b611b5b4803,negative_confusable,unknown,1.0,validation,split_extension_append_abs_deficit
mswc-5adc2d208fcb901f,negative_confusable,unknown,1.0,validation,split_extension_append_abs_deficit
mswc-5afd681c3ca64d19,negative_confusable,unknown,1.0,train,split_extension_append_abs_deficit
mswc-5b0781f9cd331ee0,negative_confusable,unknown,2.0,train,split_extension_append_abs_deficit
mswc-5b26aa5089d8ac55,negative_confusable,unknown,1.0,train,split_extension_append_abs_deficit
mswc-5b3242b9a2c72967,negative_confusable,unknown,2.0,train,split_extension_append_abs_deficit
mswc-5b330c179a0e8a50,negative_confusable,unknown,3.0,train,split_extension_append_abs_deficit
mswc-5b473e799924717a,negative_confusable,unknown,3.0,train,split_extension_append_abs_deficit
mswc-5b492f4264f48d5b,negative_confusable,unknown,1.0,train,split_extension_append_abs_deficit
mswc-5b530d21c9387e49,negative_confusable,unknown,0.996,test,split_extension_append_abs_deficit
mswc-5b5705150e96fdb0,negative_confusable,unknown,1.0,train,split_extension_append_abs_deficit
mswc-5b6da28793f5d084,negative_confusable,unknown,3.0,train,split_extension_append_abs_deficit
mswc-5b6fb0cffd8d5d4e,negative_confusable,unknown,1.0,train,split_extension_append_abs_deficit
mswc-5b7527e8f62ec1d6,negative_confusable,unknown,1.0,train,split_extension_append_abs_deficit
mswc-5b85ef5a5e848bf2,negative_confusable,unknown,2.0,train,split_extension_append_abs_deficit
mswc-5ba9dd8bc01ff215,negative_confusable,unknown,4.0,train,split_extension_append_abs_deficit
mswc-5bcd73045d8f3817,negative_confusable,unknown,1.0,train,split_extension_append_abs_deficit
mswc-5bd4d6bd4cdb9d0b,negative_confusable,unknown,1.0,validation,split_extension_append_abs_deficit
mswc-5bdce9be5ea2267a,negative_confusable,unknown,2.0,train,split_extension_append_abs_deficit
mswc-5be997e1b0c7c296,negative_confusable,unknown,1.0,validation,split_extension_append_abs_deficit
mswc-5bfb0afa2b6f9550,negative_confusable,unknown,1.0,train,split_extension_append_abs_deficit
mswc-5bffdefc6775ee14,negative_confusable,unknown,1.0,test,split_extension_append_abs_deficit
mswc-5c029a07010c0b57,negative_confusable,unknown,2.0,train,split_extension_append_abs_deficit
mswc-5c035ae447506d81,negative_confusable,unknown,1.0,train,split_extension_append_abs_deficit
mswc-5c073405d239a49d,negative_confusable,unknown,1.0,test,split_extension_append_abs_deficit
mswc-5c144d22a0c4e806,negative_confusable,unknown,1.0,test,split_extension_append_abs_deficit
mswc-5c275968f650c926,negative_confusable,unknown,1.0,train,split_extension_append_abs_deficit
mswc-5c2a494f4d488e6f,negative_confusable,unknown,1.0,test,split_extension_append_abs_deficit
mswc-5c403eb06778ffcb,negative_confusable,unknown,1.0,train,split_extension_append_abs_deficit
mswc-5c4f021f1fedf3a1,negative_confusable,unknown,1.0,train,split_extension_append_abs_deficit
mswc-5c51fd823c0a96fc,negative_confusable,unknown,1.0,train,split_extension_append_abs_deficit
mswc-5c59a10ca0c51b18,negative_confusable,unknown,3.972,train,split_extension_append_abs_deficit
mswc-5c6a1fd3239c3508,negative_confusable,unknown,1.0,train,split_extension_append_abs_deficit
mswc-5c721422b9e8278f,negative_confusable,unknown,1.0,validation,split_extension_append_abs_deficit
mswc-5c749329209fac1e,negative_confusable,unknown,1.0,train,split_extension_append_abs_deficit
mswc-5c88e62b335c2a95,negative_confusable,unknown,1.0,train,split_extension_append_abs_deficit
mswc-5cbb1f8dce403129,negative_confusable,unknown,2.0,train,split_extension_append_abs_deficit
mswc-5cd95c7c22c6fd21,negative_confusable,unknown,10.0,train,split_extension_append_abs_deficit
mswc-5cee08ed0e999cd3,negative_confusable,unknown,1.0,train,split_extension_append_abs_deficit
mswc-5d2c87d53f64e9a1,negative_confusable,unknown,1.0,train,split_extension_append_abs_deficit
mswc-5d475c26306ea803,negative_confusable,unknown,1.0,train,split_extension_append_abs_deficit
mswc-5d4cc69e1de649c5,negative_confusable,unknown,1.0,train,split_extension_append_abs_deficit
mswc-5d5b7701c440d3e5,negative_confusable,unknown,1.0,train,split_extension_append_abs_deficit
mswc-5d720a1abb6e6477,negative_confusable,unknown,1.0,test,split_extension_append_abs_deficit
mswc-5d73a7f6e6625946,negative_confusable,unknown,1.0,train,split_extension_append_abs_deficit
mswc-5dbde8d3cfff5755,negative_confusable,unknown,1.0,train,split_extension_append_abs_deficit
mswc-5dc55fe80f7cf6ec,negative_confusable,unknown,1.0,test,split_extension_append_abs_deficit
mswc-5dda6a9f5ba31695,negative_confusable,unknown,1.0,test,split_extension_append_abs_deficit
mswc-5ddb65c402b70cfc,negative_confusable,unknown,1.0,train,split_extension_append_abs_deficit
mswc-5de9aec92cf0e63e,negative_confusable,unknown,1.0,train,split_extension_append_abs_deficit
mswc-5dfb6c3cef147133,negative_confusable,unknown,2.0,train,split_extension_append_abs_deficit
mswc-5e012743c3ee6623,negative_confusable,unknown,5.0,train,split_extension_append_abs_deficit
mswc-5e014502e8ca5159,negative_confusable,unknown,1.0,train,split_extension_append_abs_deficit
mswc-5e121644ee945cbe,negative_confusable,unknown,1.0,test,split_extension_append_abs_deficit
mswc-5e16e1b205622769,negative_confusable,unknown,1.0,validation,split_extension_append_abs_deficit
mswc-5e216546cfc4655d,negative_confusable,unknown,2.0,train,split_extension_append_abs_deficit
mswc-5e36a2f329d7cf05,negative_confusable,unknown,1.0,train,split_extension_append_abs_deficit
mswc-5e3cad9fb6d721ad,negative_confusable,unknown,3.0,train,split_extension_append_abs_deficit
mswc-5e49e03608a66fb9,negative_confusable,unknown,1.0,train,split_extension_append_abs_deficit
mswc-5e594dbf28614ebf,negative_confusable,unknown,1.0,train,split_extension_append_abs_deficit
mswc-5e6f9561876216ae,negative_confusable,unknown,1.0,validation,split_extension_append_abs_deficit
mswc-5e7bf775118b2a88,negative_confusable,unknown,7.0,train,split_extension_append_abs_deficit
mswc-5e8f8b99f00643a2,negative_confusable,unknown,1.0,train,split_extension_append_abs_deficit
mswc-5e993cc04ddf098b,negative_confusable,unknown,1.0,train,split_extension_append_abs_deficit
mswc-5ead87f337a66fa2,negative_confusable,unknown,1.0,train,split_extension_append_abs_deficit
mswc-5ed7a33ccb323a30,negative_confusable,unknown,1.0,train,split_extension_append_abs_deficit
mswc-5f047713c8bdb300,negative_confusable,unknown,6.0,train,split_extension_append_abs_deficit
mswc-5f109a44af2c305a,negative_confusable,unknown,1.0,train,split_extension_append_abs_deficit
mswc-5f28a60bdaf6a48e,negative_confusable,unknown,1.0,test,split_extension_append_abs_deficit
mswc-5f28ce8e71505da4,negative_confusable,unknown,4.0,train,split_extension_append_abs_deficit
mswc-5f292c07690e5bda,negative_confusable,unknown,1.0,train,split_extension_append_abs_deficit
mswc-5f4c3d28aac0fd6c,negative_confusable,unknown,2.0,train,split_extension_append_abs_deficit
mswc-5f8df2fe6dc1c68a,negative_confusable,unknown,1.0,train,split_extension_append_abs_deficit
mswc-5f9fa5e02dc82da8,negative_confusable,unknown,1.0,train,split_extension_append_abs_deficit
mswc-5fad1cf68be8a17b,negative_confusable,unknown,1.0,validation,split_extension_append_abs_deficit
mswc-5fb18c2345fe5ab8,negative_confusable,unknown,2.0,train,split_extension_append_abs_deficit
mswc-5fb5af30b269b39b,negative_confusable,unknown,1.0,validation,split_extension_append_abs_deficit
mswc-5fe7a6b09d14eb1d,negative_confusable,unknown,3.974,train,split_extension_append_abs_deficit
mswc-5ff922b0ea9c1115,negative_confusable,unknown,1.0,validation,split_extension_append_abs_deficit
mswc-600cddff30cc6f4a,negative_confusable,unknown,1.0,validation,split_extension_append_abs_deficit
mswc-600dc22223383fe5,negative_confusable,unknown,1.0,train,split_extension_append_abs_deficit
mswc-6011a934c67c4faf,negative_confusable,unknown,1.0,train,split_extension_append_abs_deficit
mswc-601fbea0286b69a1,negative_confusable,unknown,1.0,train,split_extension_append_abs_deficit
mswc-602b41b84f5197f6,negative_confusable,unknown,1.0,train,split_extension_append_abs_deficit
mswc-6035fc89697e3f19,negative_confusable,unknown,1.0,train,split_extension_append_abs_deficit
mswc-60434eed52208f33,negative_confusable,unknown,1.0,test,split_extension_append_abs_deficit
mswc-605ce8e12c4a00d1,negative_confusable,unknown,1.0,train,split_extension_append_abs_deficit
mswc-6069b747f2e9e3f2,negative_confusable,unknown,1.0,train,split_extension_append_abs_deficit
mswc-607f278b3ea32ee4,negative_confusable,unknown,1.0,train,split_extension_append_abs_deficit
mswc-6090e6b48a9db3f0,negative_confusable,unknown,2.0,train,split_extension_append_abs_deficit
mswc-60b8649c46f38b1e,negative_confusable,unknown,1.0,train,split_extension_append_abs_deficit
mswc-60c15f29d5fec190,negative_confusable,unknown,2.0,train,split_extension_append_abs_deficit
mswc-60de1b145b0f1c9d,negative_confusable,unknown,1.0,test,split_extension_append_abs_deficit
mswc-60e45fe6f2e94a4b,negative_confusable,unknown,3.968,train,split_extension_append_abs_deficit
mswc-60e4c2ced50f442c,negative_confusable,unknown,1.0,train,split_extension_append_abs_deficit
mswc-60f3184d1f24feec,negative_confusable,unknown,1.0,train,split_extension_append_abs_deficit
mswc-60f972f33a3b29af,negative_confusable,unknown,1.0,test,split_extension_append_abs_deficit
mswc-60fe42aa00f722c1,negative_confusable,unknown,1.0,train,split_extension_append_abs_deficit
mswc-61181b04ca881fc5,negative_confusable,unknown,1.0,test,split_extension_append_abs_deficit
mswc-611fc16c4637f488,negative_confusable,unknown,1.0,train,split_extension_append_abs_deficit
mswc-612f4ea51efad1b4,negative_confusable,unknown,2.0,train,split_extension_append_abs_deficit
mswc-613afed1c6dd6364,negative_confusable,unknown,2.0,train,split_extension_append_abs_deficit
mswc-614100e6988ca7b5,negative_confusable,unknown,2.0,train,split_extension_append_abs_deficit
mswc-616805717b33c1ea,negative_confusable,unknown,1.0,validation,split_extension_append_abs_deficit
mswc-61691cde8375f1b3,negative_confusable,unknown,1.0,test,split_extension_append_abs_deficit
mswc-6172dbd8ad356504,negative_confusable,unknown,1.0,train,split_extension_append_abs_deficit
mswc-6188c850945f1061,negative_confusable,unknown,2.0,train,split_extension_append_abs_deficit
mswc-619320b512a9db80,negative_confusable,unknown,1.0,validation,split_extension_append_abs_deficit
mswc-6195c07d70df174a,negative_confusable,unknown,3.0,train,split_extension_append_abs_deficit
mswc-61a89672d3ffb57a,negative_confusable,unknown,1.0,test,split_extension_append_abs_deficit
mswc-61bed3d96b12c08d,negative_confusable,unknown,5.0,train,split_extension_append_abs_deficit
mswc-61c5bca0f3eb4385,negative_confusable,unknown,1.0,train,split_extension_append_abs_deficit
mswc-61cc39e6480c3e14,negative_confusable,unknown,1.0,train,split_extension_append_abs_deficit
mswc-61d4a96f2dd54943,negative_confusable,unknown,2.0,train,split_extension_append_abs_deficit
mswc-61d6b73a753015f3,negative_confusable,unknown,1.0,train,split_extension_append_abs_deficit
mswc-61dae7b1e0bc7c78,negative_confusable,unknown,1.0,train,split_extension_append_abs_deficit
mswc-61f28a3466fdcec4,negative_confusable,unknown,1.0,train,split_extension_append_abs_deficit
mswc-61fa95f3e4126361,negative_confusable,unknown,2.0,train,split_extension_append_abs_deficit
mswc-620559f599958d3a,negative_confusable,unknown,1.0,test,split_extension_append_abs_deficit
mswc-6213fe2b3a56b82e,negative_confusable,unknown,1.0,train,split_extension_append_abs_deficit
mswc-621cfa454d2f490b,negative_confusable,unknown,1.0,train,split_extension_append_abs_deficit
mswc-622e05f170c9b2a2,negative_confusable,unknown,2.0,train,split_extension_append_abs_deficit
mswc-622e6181fea2fa95,negative_confusable,unknown,6.0,train,split_extension_append_abs_deficit
mswc-622e6882c3871339,negative_confusable,unknown,1.0,test,split_extension_append_abs_deficit
mswc-623ae1f39865e5e8,negative_confusable,unknown,1.0,train,split_extension_append_abs_deficit
mswc-623db967d3f86709,negative_confusable,unknown,1.0,test,split_extension_append_abs_deficit
mswc-6258d9d124d8b974,negative_confusable,unknown,1.0,train,split_extension_append_abs_deficit
mswc-62651fb9c70559a4,negative_confusable,unknown,1.0,train,split_extension_append_abs_deficit
mswc-626c6859fc15bbfd,negative_confusable,unknown,1.0,test,split_extension_append_abs_deficit
mswc-627b2d4484053969,negative_confusable,unknown,1.0,train,split_extension_append_abs_deficit
mswc-62937aac345cc709,negative_confusable,unknown,2.0,train,split_extension_append_abs_deficit
mswc-6294a62c943ca371,negative_confusable,unknown,1.0,validation,split_extension_append_abs_deficit
mswc-6296811467713ab3,negative_confusable,unknown,1.0,train,split_extension_append_abs_deficit
mswc-62abd17be41541d8,negative_confusable,unknown,1.0,train,split_extension_append_abs_deficit
mswc-62b48baecc015e25,negative_confusable,unknown,1.0,train,split_extension_append_abs_deficit
mswc-62baa9434f0c7773,negative_confusable,unknown,1.0,train,split_extension_append_abs_deficit
mswc-62d03f483b3180d4,negative_confusable,unknown,1.0,train,split_extension_append_abs_deficit
mswc-62d29037666df104,negative_confusable,unknown,1.0,test,split_extension_append_abs_deficit
mswc-62f46fa35aa87563,negative_confusable,unknown,1.0,train,split_extension_append_abs_deficit
mswc-62f6ade73f82c09d,negative_confusable,unknown,1.0,test,split_extension_append_abs_deficit
mswc-62fef80ea72407aa,negative_confusable,unknown,1.0,test,split_extension_append_abs_deficit
mswc-630180088abfcee2,negative_confusable,unknown,1.0,train,split_extension_append_abs_deficit
mswc-63293ff4cc67280b,negative_confusable,unknown,6.0,train,split_extension_append_abs_deficit
mswc-633d89bf8a4bbb89,negative_confusable,unknown,1.0,test,split_extension_append_abs_deficit
mswc-634299df0f03526c,negative_confusable,unknown,1.0,validation,split_extension_append_abs_deficit
mswc-635a380665335d7d,negative_confusable,unknown,1.0,test,split_extension_append_abs_deficit
mswc-6365add6766bf077,negative_confusable,unknown,1.0,validation,split_extension_append_abs_deficit
mswc-63662c6f50d4a42d,negative_confusable,unknown,2.0,train,split_extension_append_abs_deficit
mswc-636cebc4e05f6a64,negative_confusable,unknown,1.0,train,split_extension_append_abs_deficit
mswc-6389bca95318636b,negative_confusable,unknown,1.0,validation,split_extension_append_abs_deficit
mswc-6389ff5e369aff47,negative_confusable,unknown,1.0,train,split_extension_append_abs_deficit
mswc-638a7aa21b93dc88,negative_confusable,unknown,1.0,validation,split_extension_append_abs_deficit
mswc-63911082d10dd700,negative_confusable,unknown,1.0,train,split_extension_append_abs_deficit
mswc-639f341eacc1ebec,negative_confusable,unknown,1.0,test,split_extension_append_abs_deficit
mswc-63a3ed5668339303,negative_confusable,unknown,1.0,validation,split_extension_append_abs_deficit
mswc-63cf30b62eb97a12,negative_confusable,unknown,1.0,train,split_extension_append_abs_deficit
mswc-63e2659d2ae278fc,negative_confusable,unknown,7.0,train,split_extension_append_abs_deficit
mswc-63e6b057fdbade52,negative_confusable,unknown,1.0,train,split_extension_append_abs_deficit
mswc-63f6bc85fbdbbbce,negative_confusable,unknown,1.0,train,split_extension_append_abs_deficit
mswc-641ac009d4eed85d,negative_confusable,unknown,1.0,test,split_extension_append_abs_deficit
mswc-64349860a8d4acee,negative_confusable,unknown,1.0,train,split_extension_append_abs_deficit
mswc-6453b2f7a7f77e82,negative_confusable,unknown,1.0,train,split_extension_append_abs_deficit
mswc-6479855b60ef0cbf,negative_confusable,unknown,1.0,train,split_extension_append_abs_deficit
mswc-647d64e8c1abc45d,negative_confusable,unknown,1.0,train,split_extension_append_abs_deficit
mswc-647e32374876c223,negative_confusable,unknown,1.0,test,split_extension_append_abs_deficit
mswc-648cf151c5bb3ed4,negative_confusable,unknown,1.0,train,split_extension_append_abs_deficit
mswc-64990342875d180b,negative_confusable,unknown,2.0,train,split_extension_append_abs_deficit
mswc-64ae135244fcb110,negative_confusable,unknown,1.0,test,split_extension_append_abs_deficit
mswc-64b9623abc2396d2,negative_confusable,unknown,20.0,train,split_extension_append_abs_deficit
mswc-64c7791cf909e54d,negative_confusable,unknown,1.0,validation,split_extension_append_abs_deficit
mswc-650de4b1edd089c7,negative_confusable,unknown,1.0,train,split_extension_append_abs_deficit
mswc-6513db79ae2bb4f9,negative_confusable,unknown,1.0,test,split_extension_append_abs_deficit
mswc-6518d60c8d9f562f,negative_confusable,unknown,1.0,train,split_extension_append_abs_deficit
mswc-652c7033fef1554f,negative_confusable,unknown,1.0,train,split_extension_append_abs_deficit
mswc-6548ae96e797c82d,negative_confusable,unknown,2.0,train,split_extension_append_abs_deficit
mswc-657e529fcd707cb6,negative_confusable,unknown,1.0,validation,split_extension_append_abs_deficit
mswc-657e83b517c36de9,negative_confusable,unknown,1.0,test,split_extension_append_abs_deficit
mswc-65a10ce4de039b45,negative_confusable,unknown,1.0,test,split_extension_append_abs_deficit
mswc-65bdc9cfa2aaf414,negative_confusable,unknown,1.0,test,split_extension_append_abs_deficit
mswc-65e4db551f3892e4,negative_confusable,unknown,1.0,train,split_extension_append_abs_deficit
mswc-65e66d234c1b6841,negative_confusable,unknown,2.0,train,split_extension_append_abs_deficit
mswc-6607a6f3c6be7c20,negative_confusable,unknown,2.0,train,split_extension_append_abs_deficit
mswc-660d0be2869887c8,negative_confusable,unknown,1.0,validation,split_extension_append_abs_deficit
mswc-66103240f319165f,negative_confusable,unknown,1.0,test,split_extension_append_abs_deficit
mswc-6623776780718ebd,negative_confusable,unknown,1.0,test,split_extension_append_abs_deficit
mswc-66337f48be95500f,negative_confusable,unknown,1.0,train,split_extension_append_abs_deficit
mswc-664dbd65eaf75533,negative_confusable,unknown,2.0,train,split_extension_append_abs_deficit
mswc-66591bcbf5ed64c7,negative_confusable,unknown,1.0,train,split_extension_append_abs_deficit
mswc-6664a66e36a903e3,negative_confusable,unknown,1.0,train,split_extension_append_abs_deficit
mswc-666c1e79cac665c8,negative_confusable,unknown,1.0,validation,split_extension_append_abs_deficit
mswc-666d8a75b930da22,negative_confusable,unknown,3.0,train,split_extension_append_abs_deficit
mswc-666e3346d924c504,negative_confusable,unknown,1.0,train,split_extension_append_abs_deficit
mswc-66877bbb75819c3d,negative_confusable,unknown,1.0,train,split_extension_append_abs_deficit
mswc-66896d78c6c1023d,negative_confusable,unknown,1.0,test,split_extension_append_abs_deficit
mswc-668fc6e1c46b0008,negative_confusable,unknown,1.0,train,split_extension_append_abs_deficit
mswc-66aa190effe1fea6,negative_confusable,unknown,1.0,test,split_extension_append_abs_deficit
mswc-66bebca97e885f04,negative_confusable,unknown,1.0,train,split_extension_append_abs_deficit
mswc-66d28daa84296144,negative_confusable,unknown,1.0,train,split_extension_append_abs_deficit
mswc-66d5a56b9bc93f27,negative_confusable,unknown,1.0,validation,split_extension_append_abs_deficit
mswc-66da89b38f6c6ca5,negative_confusable,unknown,1.0,validation,split_extension_append_abs_deficit
mswc-66f017b80e6d6268,negative_confusable,unknown,1.0,validation,split_extension_append_abs_deficit
mswc-66f0ab0f5d48f7bb,negative_confusable,unknown,4.0,train,split_extension_append_abs_deficit
mswc-66f6093f2997374f,negative_confusable,unknown,1.0,train,split_extension_append_abs_deficit
mswc-670a8adc5352c155,negative_confusable,unknown,1.0,train,split_extension_append_abs_deficit
mswc-67120e33b0e9cca3,negative_confusable,unknown,1.0,validation,split_extension_append_abs_deficit
mswc-6714ce671c809fcb,negative_confusable,unknown,1.0,train,split_extension_append_abs_deficit
mswc-671e96eb7b97299f,negative_confusable,unknown,1.0,validation,split_extension_append_abs_deficit
mswc-672a3259269b9706,negative_confusable,unknown,3.0,train,split_extension_append_abs_deficit
mswc-673873cfcb5ba7a3,negative_confusable,unknown,2.0,train,split_extension_append_abs_deficit
mswc-673ec37aef56d63d,negative_confusable,unknown,0.972,test,split_extension_append_abs_deficit
mswc-677406e19db61b96,negative_confusable,unknown,1.0,train,split_extension_append_abs_deficit
mswc-67758b4fbaa26581,negative_confusable,unknown,1.0,train,split_extension_append_abs_deficit
mswc-677fde9631271f1f,negative_confusable,unknown,1.0,test,split_extension_append_abs_deficit
mswc-67981261f4994278,negative_confusable,unknown,2.0,train,split_extension_append_abs_deficit
mswc-679d15f0bcb6453a,negative_confusable,unknown,2.0,train,split_extension_append_abs_deficit
mswc-67a6a6a008178f6a,negative_confusable,unknown,2.0,train,split_extension_append_abs_deficit
mswc-67b4dd0405bd7751,negative_confusable,unknown,2.0,train,split_extension_append_abs_deficit
mswc-67bc6f35cef5e85d,negative_confusable,unknown,2.0,train,split_extension_append_abs_deficit
mswc-67c0ede3824aa6c4,negative_confusable,unknown,1.0,train,split_extension_append_abs_deficit
mswc-67eb9373405a89e8,negative_confusable,unknown,1.0,validation,split_extension_append_abs_deficit
mswc-67f7bad0302a7615,negative_confusable,unknown,1.0,validation,split_extension_append_abs_deficit
mswc-68004f794ee18de8,negative_confusable,unknown,1.0,train,split_extension_append_abs_deficit
mswc-6803ac237a713e2d,negative_confusable,unknown,1.0,train,split_extension_append_abs_deficit
mswc-680644fac032bf58,negative_confusable,unknown,6.0,train,split_extension_append_abs_deficit
mswc-6815114d94b7d9aa,negative_confusable,unknown,1.0,validation,split_extension_append_abs_deficit
mswc-6816824c9eebb065,negative_confusable,unknown,1.0,train,split_extension_append_abs_deficit
mswc-681cf401a2373089,negative_confusable,unknown,1.0,validation,split_extension_append_abs_deficit
mswc-68205a154dfe85c8,negative_confusable,unknown,1.0,test,split_extension_append_abs_deficit
mswc-6837127d7f136a98,negative_confusable,unknown,1.0,train,split_extension_append_abs_deficit
mswc-684f00dd139b01d5,negative_confusable,unknown,1.0,train,split_extension_append_abs_deficit
mswc-686cd3e8e4116ace,negative_confusable,unknown,2.0,train,split_extension_append_abs_deficit
mswc-6871d7e2602a2dca,negative_confusable,unknown,2.0,train,split_extension_append_abs_deficit
mswc-687c23d18ebbae7f,negative_confusable,unknown,1.0,test,split_extension_append_abs_deficit
mswc-688632e24cd4ce59,negative_confusable,unknown,2.0,train,split_extension_append_abs_deficit
mswc-68871d5f10759d5d,negative_confusable,unknown,1.0,train,split_extension_append_abs_deficit
mswc-6898a87e6c751805,negative_confusable,unknown,1.0,train,split_extension_append_abs_deficit
mswc-689e025322b49ae0,negative_confusable,unknown,2.0,train,split_extension_append_abs_deficit
mswc-68caa2b2f7b2ea77,negative_confusable,unknown,1.0,train,split_extension_append_abs_deficit
mswc-68cd366d37b2c358,negative_confusable,unknown,1.0,train,split_extension_append_abs_deficit
mswc-68d428b794cde8d1,negative_confusable,unknown,1.0,train,split_extension_append_abs_deficit
mswc-68ebee7ef68e0e57,negative_confusable,unknown,1.0,test,split_extension_append_abs_deficit
mswc-68f4905edf8e3088,negative_confusable,unknown,5.0,train,split_extension_append_abs_deficit
mswc-68ff506792c0fa71,negative_confusable,unknown,3.0,train,split_extension_append_abs_deficit
mswc-6934ea90f68dd79d,negative_confusable,unknown,6.0,train,split_extension_append_abs_deficit
mswc-693b417c21240590,negative_confusable,unknown,1.0,train,split_extension_append_abs_deficit
mswc-693bd6163d1e9e57,negative_confusable,unknown,1.0,validation,split_extension_append_abs_deficit
mswc-694ceab12e9760aa,negative_confusable,unknown,1.0,train,split_extension_append_abs_deficit
mswc-6952b100f2f5eeda,negative_confusable,unknown,1.0,test,split_extension_append_abs_deficit
mswc-695365f53da8d29e,negative_confusable,unknown,1.0,test,split_extension_append_abs_deficit
mswc-69a0609f88e19937,negative_confusable,unknown,3.0,train,split_extension_append_abs_deficit
mswc-69a495674a7d640f,negative_confusable,unknown,2.0,train,split_extension_append_abs_deficit
mswc-69a6a95964e60000,negative_confusable,unknown,1.0,train,split_extension_append_abs_deficit
mswc-69a9a3ae6df9fd3d,negative_confusable,unknown,1.0,train,split_extension_append_abs_deficit
mswc-69b78713276496e2,negative_confusable,unknown,1.0,train,split_extension_append_abs_deficit
mswc-69b9f7fabb3e5672,negative_confusable,unknown,1.0,validation,split_extension_append_abs_deficit
mswc-69c0116d9aefef9f,negative_confusable,unknown,1.0,train,split_extension_append_abs_deficit
mswc-69c08c95d697ab6d,negative_confusable,unknown,1.0,train,split_extension_append_abs_deficit
mswc-69c752fd116019ca,negative_confusable,unknown,2.0,train,split_extension_append_abs_deficit
mswc-69d5fca0377334a3,negative_confusable,unknown,1.0,validation,split_extension_append_abs_deficit
mswc-69d77462824f202f,negative_confusable,unknown,2.0,train,split_extension_append_abs_deficit
mswc-69d77f1bee375081,negative_confusable,unknown,1.0,train,split_extension_append_abs_deficit
mswc-69eac5a237b87423,negative_confusable,unknown,1.0,train,split_extension_append_abs_deficit
mswc-69f200fcad8e26ec,negative_confusable,unknown,2.0,train,split_extension_append_abs_deficit
mswc-69fe8e1f1f0b7972,negative_confusable,unknown,1.0,train,split_extension_append_abs_deficit
mswc-6a1b0d6ef2d60cb7,negative_confusable,unknown,1.0,train,split_extension_append_abs_deficit
mswc-6a28d6fbc6aedf83,negative_confusable,unknown,1.0,validation,split_extension_append_abs_deficit
mswc-6a29d35914aa2e01,negative_confusable,unknown,1.0,train,split_extension_append_abs_deficit
mswc-6a2b237583e81219,negative_confusable,unknown,1.0,train,split_extension_append_abs_deficit
mswc-6a2d9399c20cd16b,negative_confusable,unknown,1.0,validation,split_extension_append_abs_deficit
mswc-6a5a2b2fa6362b24,negative_confusable,unknown,1.0,test,split_extension_append_abs_deficit
mswc-6a6b32832defa516,negative_confusable,unknown,2.0,train,split_extension_append_abs_deficit
mswc-6a8c1a14620661b7,negative_confusable,unknown,2.0,train,split_extension_append_abs_deficit
mswc-6a9137ba750e90ef,negative_confusable,unknown,2.0,train,split_extension_append_abs_deficit
mswc-6aab797ac2fc291f,negative_confusable,unknown,1.0,train,split_extension_append_abs_deficit
mswc-6ab1732ed0b6fdd7,negative_confusable,unknown,2.0,train,split_extension_append_abs_deficit
mswc-6aba7cb87d58a39f,negative_confusable,unknown,1.0,test,split_extension_append_abs_deficit
mswc-6ad11d8ffcd3af11,negative_confusable,unknown,1.0,test,split_extension_append_abs_deficit
mswc-6ad58fe73772cf5d,negative_confusable,unknown,1.0,train,split_extension_append_abs_deficit
mswc-6adaf7d2aa561268,negative_confusable,unknown,1.0,train,split_extension_append_abs_deficit
mswc-6b010eec481ddbe7,negative_confusable,unknown,1.0,test,split_extension_append_abs_deficit
mswc-6b099135b2d329bd,negative_confusable,unknown,1.0,train,split_extension_append_abs_deficit
mswc-6b3579133fec8726,negative_confusable,unknown,4.0,train,split_extension_append_abs_deficit
mswc-6b3dea408fa18a20,negative_confusable,unknown,1.0,test,split_extension_append_abs_deficit
mswc-6b691ca55955f3a8,negative_confusable,unknown,1.0,validation,split_extension_append_abs_deficit
mswc-6b85eadf155dc5ff,negative_confusable,unknown,1.0,train,split_extension_append_abs_deficit
mswc-6bb7eef3d0f3af93,negative_confusable,unknown,2.0,train,split_extension_append_abs_deficit
mswc-6bdd3289db65b4f1,negative_confusable,unknown,1.0,validation,split_extension_append_abs_deficit
mswc-6bde166a02c709e2,negative_confusable,unknown,1.0,train,split_extension_append_abs_deficit
mswc-6bf02a4d910f3e68,negative_confusable,unknown,1.0,train,split_extension_append_abs_deficit
mswc-6bfe9d82f22302f5,negative_confusable,unknown,1.0,train,split_extension_append_abs_deficit
mswc-6c1bdef01eb8df8e,negative_confusable,unknown,1.0,train,split_extension_append_abs_deficit
mswc-6c29a7874dc2697f,negative_confusable,unknown,1.0,validation,split_extension_append_abs_deficit
mswc-6c5f4517cd3f37a0,negative_confusable,unknown,1.0,train,split_extension_append_abs_deficit
mswc-6c67776f64d720ec,negative_confusable,unknown,1.0,test,split_extension_append_abs_deficit
mswc-6c6bc465f2da4506,negative_confusable,unknown,1.0,train,split_extension_append_abs_deficit
mswc-6c6bd1bbd5914a67,negative_confusable,unknown,1.0,train,split_extension_append_abs_deficit
mswc-6c6be44833f89fc7,negative_confusable,unknown,1.0,train,split_extension_append_abs_deficit
mswc-6c72a5d96814c025,negative_confusable,unknown,1.0,train,split_extension_append_abs_deficit
mswc-6c744b2ebb6c7ab1,negative_confusable,unknown,1.0,train,split_extension_append_abs_deficit
mswc-6c96b7301f0be260,negative_confusable,unknown,1.0,test,split_extension_append_abs_deficit
mswc-6ca5d00d20e223de,negative_confusable,unknown,1.0,train,split_extension_append_abs_deficit
mswc-6cc2efcd4f97d3ff,negative_confusable,unknown,1.0,train,split_extension_append_abs_deficit
mswc-6cc80bd6aee7d28c,negative_confusable,unknown,1.0,train,split_extension_append_abs_deficit
mswc-6cda3afae1eac237,negative_confusable,unknown,1.0,train,split_extension_append_abs_deficit
mswc-6cdf55ba62e539e5,negative_confusable,unknown,1.0,validation,split_extension_append_abs_deficit
mswc-6ce3160d18ffa2cb,negative_confusable,unknown,4.0,train,split_extension_append_abs_deficit
mswc-6cf032f0c740262e,negative_confusable,unknown,1.0,train,split_extension_append_abs_deficit
mswc-6cf454ffe74dd4c2,negative_confusable,unknown,1.0,train,split_extension_append_abs_deficit
mswc-6d10b28433163a04,negative_confusable,unknown,1.0,train,split_extension_append_abs_deficit
mswc-6d17502294c15a8c,negative_confusable,unknown,3.0,train,split_extension_append_abs_deficit
mswc-6d1836a850445c15,negative_confusable,unknown,1.0,validation,split_extension_append_abs_deficit
mswc-6d238ae74f7ff347,negative_confusable,unknown,1.0,train,split_extension_append_abs_deficit
mswc-6d247c3e8117d4b4,negative_confusable,unknown,1.0,train,split_extension_append_abs_deficit
mswc-6d28bc4d876b12f0,negative_confusable,unknown,2.0,train,split_extension_append_abs_deficit
mswc-6d2d4f98f415075f,negative_confusable,unknown,1.0,validation,split_extension_append_abs_deficit
mswc-6d3f047c35646a7b,negative_confusable,unknown,2.0,train,split_extension_append_abs_deficit
mswc-6d45089a46d70c15,negative_confusable,unknown,1.0,train,split_extension_append_abs_deficit
mswc-6d52a15d7d5da229,negative_confusable,unknown,1.0,train,split_extension_append_abs_deficit
mswc-6d5c92481ac19032,negative_confusable,unknown,1.0,test,split_extension_append_abs_deficit
mswc-6d6d4d6193567193,negative_confusable,unknown,1.0,train,split_extension_append_abs_deficit
mswc-6d87e7e8ef0f7cdf,negative_confusable,unknown,2.0,train,split_extension_append_abs_deficit
mswc-6da09a0f14894079,negative_confusable,unknown,3.0,train,split_extension_append_abs_deficit
mswc-6dcaa3b26fd76f60,negative_confusable,unknown,1.0,validation,split_extension_append_abs_deficit
mswc-6ddb59b2645ddee8,negative_confusable,unknown,1.0,validation,split_extension_append_abs_deficit
mswc-6decda3c2949d842,negative_confusable,unknown,1.0,train,split_extension_append_abs_deficit
mswc-6df0e2ffe00f4ea6,negative_confusable,unknown,1.0,validation,split_extension_append_abs_deficit
mswc-6df207be7ccedf51,negative_confusable,unknown,1.0,test,split_extension_append_abs_deficit
mswc-6e026c015c10e277,negative_confusable,unknown,1.0,test,split_extension_append_abs_deficit
mswc-6e1206f16d7e7f28,negative_confusable,unknown,1.0,test,split_extension_append_abs_deficit
mswc-6e1bf1f96f22c6ba,negative_confusable,unknown,1.0,test,split_extension_append_abs_deficit
mswc-6e2dd5308891032b,negative_confusable,unknown,1.0,train,split_extension_append_abs_deficit
mswc-6e30fd12c0dbf7a1,negative_confusable,unknown,1.0,train,split_extension_append_abs_deficit
mswc-6e32fc29566c0be5,negative_confusable,unknown,2.0,train,split_extension_append_abs_deficit
mswc-6e431a4148a8389e,negative_confusable,unknown,1.0,test,split_extension_append_abs_deficit
mswc-6e489e00b4da8e96,negative_confusable,unknown,2.0,train,split_extension_append_abs_deficit
mswc-6e511f6eea71ca4d,negative_confusable,unknown,1.0,train,split_extension_append_abs_deficit
mswc-6e556da7449650f6,negative_confusable,unknown,1.0,train,split_extension_append_abs_deficit
mswc-6e5b576b4dd26c0a,negative_confusable,unknown,1.0,validation,split_extension_append_abs_deficit
mswc-6e650e3e34ed48a4,negative_confusable,unknown,1.0,validation,split_extension_append_abs_deficit
mswc-6e6528b822213e5c,negative_confusable,unknown,2.0,train,split_extension_append_abs_deficit
mswc-6e7c90c50ad6b369,negative_confusable,unknown,1.0,test,split_extension_append_abs_deficit
mswc-6e888efff4a221f6,negative_confusable,unknown,1.0,train,split_extension_append_abs_deficit
mswc-6e8b7ff1a62e6a5f,negative_confusable,unknown,1.0,test,split_extension_append_abs_deficit
mswc-6e9b4c450717fdd0,negative_confusable,unknown,5.0,train,split_extension_append_abs_deficit
mswc-6eb41b659b655ad2,negative_confusable,unknown,1.0,train,split_extension_append_abs_deficit
mswc-6eb58f500fa58185,negative_confusable,unknown,1.0,validation,split_extension_append_abs_deficit
mswc-6ebd63c088807f2e,negative_confusable,unknown,1.0,train,split_extension_append_abs_deficit
mswc-6ec58358777d3c19,negative_confusable,unknown,1.0,train,split_extension_append_abs_deficit
mswc-6edb36d4aa06a45e,negative_confusable,unknown,1.0,train,split_extension_append_abs_deficit
mswc-6edeebea45049b98,negative_confusable,unknown,1.0,validation,split_extension_append_abs_deficit
mswc-6eed81f7feb81e2a,negative_confusable,unknown,1.0,test,split_extension_append_abs_deficit
mswc-6ef5ded5a41985a1,negative_confusable,unknown,1.0,train,split_extension_append_abs_deficit
mswc-6f14b093065038d5,negative_confusable,unknown,5.0,train,split_extension_append_abs_deficit
mswc-6f1e1b0fde97fbc5,negative_confusable,unknown,1.0,test,split_extension_append_abs_deficit
mswc-6f25f1ae1ad2755d,negative_confusable,unknown,1.0,validation,split_extension_append_abs_deficit
mswc-6f2e474417e18ed5,negative_confusable,unknown,1.0,train,split_extension_append_abs_deficit
mswc-6f3cc026755d5d5b,negative_confusable,unknown,1.0,train,split_extension_append_abs_deficit
mswc-6f539d306a550791,negative_confusable,unknown,1.0,train,split_extension_append_abs_deficit
mswc-6f53f637e51b0ab5,negative_confusable,unknown,1.0,validation,split_extension_append_abs_deficit
mswc-6f5582beb796c84b,negative_confusable,unknown,1.0,test,split_extension_append_abs_deficit
mswc-6f7bd47314e2bc6d,negative_confusable,unknown,1.0,train,split_extension_append_abs_deficit
mswc-6f836735700ee8bb,negative_confusable,unknown,1.0,validation,split_extension_append_abs_deficit
mswc-6f9a4bceb9d202fd,negative_confusable,unknown,3.0,train,split_extension_append_abs_deficit
mswc-6fa7551be0b10bb3,negative_confusable,unknown,1.0,train,split_extension_append_abs_deficit
mswc-6fa89309adaa0d66,negative_confusable,unknown,2.0,train,split_extension_append_abs_deficit
mswc-6fd87ec17b848cf4,negative_confusable,unknown,1.0,validation,split_extension_append_abs_deficit
mswc-6fdd643718ef9297,negative_confusable,unknown,1.0,train,split_extension_append_abs_deficit
mswc-6fe62c281ce59aad,negative_confusable,unknown,2.0,train,split_extension_append_abs_deficit
mswc-6ff1ad550464fd90,negative_confusable,unknown,1.0,train,split_extension_append_abs_deficit
mswc-6ff7553ee202eab5,negative_confusable,unknown,1.0,train,split_extension_append_abs_deficit
mswc-700ff43c25a1aad8,negative_confusable,unknown,1.0,train,split_extension_append_abs_deficit
mswc-701a0466c1eb4e16,negative_confusable,unknown,1.0,train,split_extension_append_abs_deficit
mswc-7020ea9a1788aa30,negative_confusable,unknown,1.0,validation,split_extension_append_abs_deficit
mswc-70233738f3514c8e,negative_confusable,unknown,1.0,test,split_extension_append_abs_deficit
mswc-703bbbe4832fd433,negative_confusable,unknown,2.0,train,split_extension_append_abs_deficit
mswc-7047b21b5be54463,negative_confusable,unknown,1.0,validation,split_extension_append_abs_deficit
mswc-7069234231fd98c4,negative_confusable,unknown,1.0,train,split_extension_append_abs_deficit
mswc-706a2a2460f635a6,negative_confusable,unknown,1.0,train,split_extension_append_abs_deficit
mswc-707005144e866f63,negative_confusable,unknown,1.0,test,split_extension_append_abs_deficit
mswc-7072c3cdd80eb943,negative_confusable,unknown,2.0,train,split_extension_append_abs_deficit
mswc-7078ebf4d56856a4,negative_confusable,unknown,3.0,train,split_extension_append_abs_deficit
mswc-70961df0d7a82f5d,negative_confusable,unknown,1.0,test,split_extension_append_abs_deficit
mswc-70ab717bdb99ba7a,negative_confusable,unknown,1.0,validation,split_extension_append_abs_deficit
mswc-70b1c6a38c977821,negative_confusable,unknown,1.0,train,split_extension_append_abs_deficit
mswc-70b50e489d1fa9b1,negative_confusable,unknown,1.0,train,split_extension_append_abs_deficit
mswc-70c21ca1cc3de05f,negative_confusable,unknown,8.0,train,split_extension_append_abs_deficit
mswc-70c61a2c7e77d408,negative_confusable,unknown,1.0,train,split_extension_append_abs_deficit
mswc-70ef874053b3651d,negative_confusable,unknown,3.0,train,split_extension_append_abs_deficit
mswc-70f24de194fb02d7,negative_confusable,unknown,2.0,train,split_extension_append_abs_deficit
mswc-70f701a29ce11c94,negative_confusable,unknown,1.0,train,split_extension_append_abs_deficit
mswc-70fb7470e2565aad,negative_confusable,unknown,1.0,train,split_extension_append_abs_deficit
mswc-70fef054f571f66d,negative_confusable,unknown,2.0,train,split_extension_append_abs_deficit
mswc-7111a640c09c03d6,negative_confusable,unknown,1.0,train,split_extension_append_abs_deficit
mswc-711768e92272592e,negative_confusable,unknown,1.0,test,split_extension_append_abs_deficit
mswc-711e01cbea0650e3,negative_confusable,unknown,4.0,train,split_extension_append_abs_deficit
mswc-71332980c4525852,negative_confusable,unknown,1.0,train,split_extension_append_abs_deficit
mswc-7141beb040e9cdfd,negative_confusable,unknown,1.0,train,split_extension_append_abs_deficit
mswc-715205fbd37111fe,negative_confusable,unknown,1.0,train,split_extension_append_abs_deficit
mswc-71712cc6997c842a,negative_confusable,unknown,1.0,train,split_extension_append_abs_deficit
mswc-71714f24506a7525,negative_confusable,unknown,1.0,train,split_extension_append_abs_deficit
mswc-7186530c102b7bbd,negative_confusable,unknown,1.0,test,split_extension_append_abs_deficit
mswc-71a2f918e96e0846,negative_confusable,unknown,1.0,train,split_extension_append_abs_deficit
mswc-71a40115e6683175,negative_confusable,unknown,1.0,train,split_extension_append_abs_deficit
mswc-71b818291a275171,negative_confusable,unknown,1.0,train,split_extension_append_abs_deficit
mswc-71c82cd2e1e11612,negative_confusable,unknown,1.0,validation,split_extension_append_abs_deficit
mswc-71efcf88a8c61bca,negative_confusable,unknown,2.0,train,split_extension_append_abs_deficit
mswc-71f2e79aef61a18b,negative_confusable,unknown,1.0,validation,split_extension_append_abs_deficit
mswc-71fdbc6676f14d0f,negative_confusable,unknown,1.0,test,split_extension_append_abs_deficit
mswc-7203517808f81fa5,negative_confusable,unknown,1.0,train,split_extension_append_abs_deficit
mswc-72076f6929106845,negative_confusable,unknown,1.0,validation,split_extension_append_abs_deficit
mswc-72299c3e24b2139a,negative_confusable,unknown,2.0,train,split_extension_append_abs_deficit
mswc-723684947112146b,negative_confusable,unknown,1.0,validation,split_extension_append_abs_deficit
mswc-72384e582e15053a,negative_confusable,unknown,3.0,train,split_extension_append_abs_deficit
mswc-725c5dc8d6be932a,negative_confusable,unknown,1.0,train,split_extension_append_abs_deficit
mswc-725f1a75831e62c7,negative_confusable,unknown,1.0,test,split_extension_append_abs_deficit
mswc-726fa8b0d0142072,negative_confusable,unknown,1.0,train,split_extension_append_abs_deficit
mswc-72778e2b27af7877,negative_confusable,unknown,1.0,validation,split_extension_append_abs_deficit
mswc-728e0c6965f877ed,negative_confusable,unknown,2.0,train,split_extension_append_abs_deficit
mswc-72aa7be22e63b6a1,negative_confusable,unknown,1.0,train,split_extension_append_abs_deficit
mswc-72ac0dfe79623583,negative_confusable,unknown,1.0,train,split_extension_append_abs_deficit
mswc-72b3a315118e5882,negative_confusable,unknown,1.0,train,split_extension_append_abs_deficit
mswc-72be7d87a0fe5a80,negative_confusable,unknown,1.0,train,split_extension_append_abs_deficit
mswc-72d32ce32f19b4bc,negative_confusable,unknown,1.0,train,split_extension_append_abs_deficit
mswc-730f2411f380ba2d,negative_confusable,unknown,1.0,validation,split_extension_append_abs_deficit
mswc-731b2d6a64109c00,negative_confusable,unknown,1.0,train,split_extension_append_abs_deficit
mswc-732769b7302bc3c8,negative_confusable,unknown,1.0,train,split_extension_append_abs_deficit
mswc-733fe4d51a4325cf,negative_confusable,unknown,1.0,test,split_extension_append_abs_deficit
mswc-734d28fafd8b7163,negative_confusable,unknown,1.0,train,split_extension_append_abs_deficit
mswc-7353ed7a2e715d87,negative_confusable,unknown,1.0,train,split_extension_append_abs_deficit
mswc-73611dd4a5f06718,negative_confusable,unknown,1.0,train,split_extension_append_abs_deficit
mswc-736550af141bbddd,negative_confusable,unknown,1.0,train,split_extension_append_abs_deficit
mswc-73945fcc55f21646,negative_confusable,unknown,1.0,train,split_extension_append_abs_deficit
mswc-739dad3f7991939c,negative_confusable,unknown,1.0,train,split_extension_append_abs_deficit
mswc-73a931d5f7bb11eb,negative_confusable,unknown,0.974,test,split_extension_append_abs_deficit
mswc-73aee4c550b16b53,negative_confusable,unknown,14.0,train,split_extension_append_abs_deficit
mswc-73babc8ede7e2677,negative_confusable,unknown,1.0,train,split_extension_append_abs_deficit
mswc-73d38d5336b860d3,negative_confusable,unknown,1.0,train,split_extension_append_abs_deficit
mswc-73d67a05f100bb2c,negative_confusable,unknown,1.0,train,split_extension_append_abs_deficit
mswc-73e05e8ec1da679b,negative_confusable,unknown,1.0,train,split_extension_append_abs_deficit
mswc-73e8a395a2162293,negative_confusable,unknown,1.0,train,split_extension_append_abs_deficit
mswc-7410f053ecf7464b,negative_confusable,unknown,1.0,train,split_extension_append_abs_deficit
mswc-74217b2d365b2585,negative_confusable,unknown,6.0,train,split_extension_append_abs_deficit
mswc-742c9ee13621e4df,negative_confusable,unknown,1.0,validation,split_extension_append_abs_deficit
mswc-742ee4aff98b196f,negative_confusable,unknown,1.0,train,split_extension_append_abs_deficit
mswc-7431be6bd76d2cc8,negative_confusable,unknown,1.0,train,split_extension_append_abs_deficit
mswc-7441a660a4739db6,negative_confusable,unknown,1.0,train,split_extension_append_abs_deficit
mswc-74491ccd3495e209,negative_confusable,unknown,11.0,train,split_extension_append_abs_deficit
mswc-7456ec8b40142e18,negative_confusable,unknown,3.0,train,split_extension_append_abs_deficit
mswc-745897736ce81b75,negative_confusable,unknown,1.0,train,split_extension_append_abs_deficit
mswc-7485d1e4fd50cc38,negative_confusable,unknown,1.0,train,split_extension_append_abs_deficit
mswc-74990a01ac1c378e,negative_confusable,unknown,1.0,train,split_extension_append_abs_deficit
mswc-749b6e24a8b8e990,negative_confusable,unknown,1.0,train,split_extension_append_abs_deficit
mswc-749d016481b702b5,negative_confusable,unknown,1.0,train,split_extension_append_abs_deficit
mswc-74ab7e6204e66f41,negative_confusable,unknown,1.0,test,split_extension_append_abs_deficit
mswc-74bbcf45da305ac7,negative_confusable,unknown,1.0,train,split_extension_append_abs_deficit
mswc-74c1e9d9374c8a9d,negative_confusable,unknown,1.0,test,split_extension_append_abs_deficit
mswc-74d6dab4be0bac57,negative_confusable,unknown,3.0,train,split_extension_append_abs_deficit
mswc-74e51f990ea88c19,negative_confusable,unknown,2.0,train,split_extension_append_abs_deficit
mswc-74e74dc7f84f1242,negative_confusable,unknown,1.0,train,split_extension_append_abs_deficit
mswc-74ef621ccb767f93,negative_confusable,unknown,2.0,train,split_extension_append_abs_deficit
mswc-74fbeff7f8a0ee99,negative_confusable,unknown,1.0,train,split_extension_append_abs_deficit
mswc-75045fd34ed4cc37,negative_confusable,unknown,1.0,validation,split_extension_append_abs_deficit
mswc-750f3b8d22639304,negative_confusable,unknown,4.0,train,split_extension_append_abs_deficit
mswc-7518246f936926de,negative_confusable,unknown,1.0,test,split_extension_append_abs_deficit
mswc-751a662ff5ce1854,negative_confusable,unknown,1.0,train,split_extension_append_abs_deficit
mswc-752c16177463a099,negative_confusable,unknown,2.0,train,split_extension_append_abs_deficit
mswc-755903253712a605,negative_confusable,unknown,1.0,train,split_extension_append_abs_deficit
mswc-756ae4d4034638ef,negative_confusable,unknown,1.0,test,split_extension_append_abs_deficit
mswc-757d2e7627143c0c,negative_confusable,unknown,1.0,test,split_extension_append_abs_deficit
mswc-7586972828cb14b3,negative_confusable,unknown,2.0,train,split_extension_append_abs_deficit
mswc-759083f58df166fc,negative_confusable,unknown,1.0,train,split_extension_append_abs_deficit
mswc-75916377658b4cab,negative_confusable,unknown,1.0,validation,split_extension_append_abs_deficit
mswc-75940fbd22397336,negative_confusable,unknown,0.972,validation,split_extension_append_abs_deficit
mswc-75986a7fc7c38de6,negative_confusable,unknown,1.0,validation,split_extension_append_abs_deficit
mswc-759c1b4f009844fb,negative_confusable,unknown,1.0,train,split_extension_append_abs_deficit
mswc-75b487e44b0aa152,negative_confusable,unknown,1.0,train,split_extension_append_abs_deficit
mswc-75bd8280446ee019,negative_confusable,unknown,2.0,train,split_extension_append_abs_deficit
mswc-75bf5feae040aafd,negative_confusable,unknown,0.998,train,split_extension_append_abs_deficit
mswc-75ce236b568c4d99,negative_confusable,unknown,1.0,validation,split_extension_append_abs_deficit
mswc-75de62a4fb3e5aa6,negative_confusable,unknown,1.0,train,split_extension_append_abs_deficit
mswc-75deab14e0a33aab,negative_confusable,unknown,2.0,train,split_extension_append_abs_deficit
mswc-760d3165d3a07ad9,negative_confusable,unknown,2.0,train,split_extension_append_abs_deficit
mswc-7623cc0981633060,negative_confusable,unknown,2.0,train,split_extension_append_abs_deficit
mswc-76339f11a548c63d,negative_confusable,unknown,1.0,test,split_extension_append_abs_deficit
mswc-7633e88d8d94bc5a,negative_confusable,unknown,5.0,train,split_extension_append_abs_deficit
mswc-7634623c21316704,negative_confusable,unknown,1.0,validation,split_extension_append_abs_deficit
mswc-765cb3e5327944df,negative_confusable,unknown,1.0,train,split_extension_append_abs_deficit
mswc-7674f069ee9b8044,negative_confusable,unknown,1.0,validation,split_extension_append_abs_deficit
mswc-76754358a3cd3418,negative_confusable,unknown,3.0,train,split_extension_append_abs_deficit
mswc-768475ccbf2684f5,negative_confusable,unknown,1.0,test,split_extension_append_abs_deficit
mswc-7694c15be6003cea,negative_confusable,unknown,2.0,train,split_extension_append_abs_deficit
mswc-76956aaee4d5310b,negative_confusable,unknown,1.0,train,split_extension_append_abs_deficit
mswc-76a334ae99231d97,negative_confusable,unknown,1.0,train,split_extension_append_abs_deficit
mswc-76c31d83cb1a0a62,negative_confusable,unknown,1.0,train,split_extension_append_abs_deficit
mswc-76c9f8a8f018cb1a,negative_confusable,unknown,15.0,train,split_extension_append_abs_deficit
mswc-76d612bf09b16fb9,negative_confusable,unknown,1.0,train,split_extension_append_abs_deficit
mswc-76e40e1063db4527,negative_confusable,unknown,1.0,train,split_extension_append_abs_deficit
mswc-76f457bbaac4d56b,negative_confusable,unknown,1.0,validation,split_extension_append_abs_deficit
mswc-76fbe8fdc8d36f83,negative_confusable,unknown,1.0,train,split_extension_append_abs_deficit
mswc-76fd466400956ea3,negative_confusable,unknown,1.0,train,split_extension_append_abs_deficit
mswc-770cc7b1116daa2f,negative_confusable,unknown,1.0,test,split_extension_append_abs_deficit
mswc-77106b3d5604cc8c,negative_confusable,unknown,1.0,train,split_extension_append_abs_deficit
mswc-771662210642ca9e,negative_confusable,unknown,2.0,train,split_extension_append_abs_deficit
mswc-7728f960ec7f36e6,negative_confusable,unknown,1.0,test,split_extension_append_abs_deficit
mswc-772bfe07742f2c76,negative_confusable,unknown,1.0,test,split_extension_append_abs_deficit
mswc-772c8bbef1b38669,negative_confusable,unknown,1.0,train,split_extension_append_abs_deficit
mswc-773276f768f99e21,negative_confusable,unknown,1.0,test,split_extension_append_abs_deficit
mswc-7746e1ef1f3de6c5,negative_confusable,unknown,1.0,test,split_extension_append_abs_deficit
mswc-77559c5adfdfbdce,negative_confusable,unknown,1.0,train,split_extension_append_abs_deficit
mswc-77635b086c1ad944,negative_confusable,unknown,1.0,train,split_extension_append_abs_deficit
mswc-7777069bacc61785,negative_confusable,unknown,1.0,train,split_extension_append_abs_deficit
mswc-777b80baf475ddc3,negative_confusable,unknown,4.0,train,split_extension_append_abs_deficit
mswc-777c014d742cdcc2,negative_confusable,unknown,8.0,train,split_extension_append_abs_deficit
mswc-777d6da9c25d7dbb,negative_confusable,unknown,1.0,train,split_extension_append_abs_deficit
mswc-7781af96eabe51de,negative_confusable,unknown,1.0,train,split_extension_append_abs_deficit
mswc-77857e57f8b6e189,negative_confusable,unknown,1.0,train,split_extension_append_abs_deficit
mswc-778a25accddeffa4,negative_confusable,unknown,1.0,train,split_extension_append_abs_deficit
mswc-77999155de356fab,negative_confusable,unknown,1.0,train,split_extension_append_abs_deficit
mswc-77b54351510c2e7a,negative_confusable,unknown,1.0,train,split_extension_append_abs_deficit
mswc-77bb35f7a65a92de,negative_confusable,unknown,1.0,validation,split_extension_append_abs_deficit
mswc-77ce342b80a242bc,negative_confusable,unknown,2.0,train,split_extension_append_abs_deficit
mswc-77cf0e4caa294d5d,negative_confusable,unknown,1.0,test,split_extension_append_abs_deficit
mswc-77db96c46aced964,negative_confusable,unknown,1.0,validation,split_extension_append_abs_deficit
mswc-77f1089e97091823,negative_confusable,unknown,1.0,validation,split_extension_append_abs_deficit
mswc-77f4b6eeda4675f5,negative_confusable,unknown,1.0,train,split_extension_append_abs_deficit
mswc-77fe678a926f1f4b,negative_confusable,unknown,1.0,train,split_extension_append_abs_deficit
mswc-781684bb466a870e,negative_confusable,unknown,1.0,train,split_extension_append_abs_deficit
mswc-781d60023bd16480,negative_confusable,unknown,4.0,train,split_extension_append_abs_deficit
mswc-783f5aa8bfda8609,negative_confusable,unknown,1.0,validation,split_extension_append_abs_deficit
mswc-7855ff6d88432b31,negative_confusable,unknown,2.0,train,split_extension_append_abs_deficit
mswc-78592417cbc525c7,negative_confusable,unknown,1.994,train,split_extension_append_abs_deficit
mswc-786d4183b4d08fba,negative_confusable,unknown,1.0,validation,split_extension_append_abs_deficit
mswc-7875ea99b2d4ba95,negative_confusable,unknown,1.0,train,split_extension_append_abs_deficit
mswc-78898e245d797bff,negative_confusable,unknown,2.972,train,split_extension_append_abs_deficit
mswc-78a29cfb4cde3010,negative_confusable,unknown,2.0,train,split_extension_append_abs_deficit
mswc-78cb8454fcda374d,negative_confusable,unknown,1.0,validation,split_extension_append_abs_deficit
mswc-78e28f5495f1f134,negative_confusable,unknown,1.0,validation,split_extension_append_abs_deficit
mswc-78e67a34deebfed9,negative_confusable,unknown,5.0,train,split_extension_append_abs_deficit
mswc-79115d50d6fc7a9d,negative_confusable,unknown,1.0,validation,split_extension_append_abs_deficit
mswc-793d882de94ef017,negative_confusable,unknown,1.0,test,split_extension_append_abs_deficit
mswc-7963691c43c8cc49,negative_confusable,unknown,29.974,train,split_extension_append_abs_deficit
mswc-796a0dd72576d53b,negative_confusable,unknown,1.0,train,split_extension_append_abs_deficit
mswc-79729eb5001c820f,negative_confusable,unknown,2.0,train,split_extension_append_abs_deficit
mswc-7987ea957425616b,negative_confusable,unknown,1.0,test,split_extension_append_abs_deficit
mswc-7992ee59c8a9af9b,negative_confusable,unknown,6.0,train,split_extension_append_abs_deficit
mswc-79a0db946ae71f5d,negative_confusable,unknown,1.0,train,split_extension_append_abs_deficit
mswc-79ac6335e90ef6eb,negative_confusable,unknown,2.0,train,split_extension_append_abs_deficit
mswc-79c6f9d36a3ad187,negative_confusable,unknown,2.0,train,split_extension_append_abs_deficit
mswc-79cc8f45154fa3f1,negative_confusable,unknown,1.0,train,split_extension_append_abs_deficit
mswc-79cd40bb1c9dbff9,negative_confusable,unknown,1.0,validation,split_extension_append_abs_deficit
mswc-79d4905c42ad2576,negative_confusable,unknown,1.0,train,split_extension_append_abs_deficit
mswc-79d506fadbab047b,negative_confusable,unknown,3.0,train,split_extension_append_abs_deficit
mswc-79db408518ae01a7,negative_confusable,unknown,1.0,test,split_extension_append_abs_deficit
mswc-79e4320f424fbf8a,negative_confusable,unknown,2.0,train,split_extension_append_abs_deficit
mswc-79e7204c3900bf27,negative_confusable,unknown,2.0,train,split_extension_append_abs_deficit
mswc-79e9b0fd6a245309,negative_confusable,unknown,1.0,train,split_extension_append_abs_deficit
mswc-7a03fc332cc58d47,negative_confusable,unknown,1.0,train,split_extension_append_abs_deficit
mswc-7a0e5123e1fd10ed,negative_confusable,unknown,1.0,validation,split_extension_append_abs_deficit
mswc-7a1d271f9c906ad3,negative_confusable,unknown,0.968,train,split_extension_append_abs_deficit
mswc-7a3a314e38034b1d,negative_confusable,unknown,1.0,train,split_extension_append_abs_deficit
mswc-7a3ce6aac10d81cd,negative_confusable,unknown,1.0,test,split_extension_append_abs_deficit
mswc-7a4e1a9c91a9e1b5,negative_confusable,unknown,1.0,validation,split_extension_append_abs_deficit
mswc-7a51203674d93d3f,negative_confusable,unknown,1.0,train,split_extension_append_abs_deficit
mswc-7a676181b510c61e,negative_confusable,unknown,1.0,validation,split_extension_append_abs_deficit
mswc-7a6ec35b3e32b82c,negative_confusable,unknown,1.0,validation,split_extension_append_abs_deficit
mswc-7a7cf5a8b083d810,negative_confusable,unknown,1.0,train,split_extension_append_abs_deficit
mswc-7a7d6945b17d78be,negative_confusable,unknown,1.0,validation,split_extension_append_abs_deficit
mswc-7a8749b1697ff3b5,negative_confusable,unknown,1.0,test,split_extension_append_abs_deficit
mswc-7a8ac382628b48d2,negative_confusable,unknown,2.0,train,split_extension_append_abs_deficit
mswc-7a909549491f0f1e,negative_confusable,unknown,1.0,validation,split_extension_append_abs_deficit
mswc-7a98f7b0d06b2789,negative_confusable,unknown,1.0,train,split_extension_append_abs_deficit
mswc-7a9d32cb766d61a5,negative_confusable,unknown,3.0,train,split_extension_append_abs_deficit
mswc-7ab14a010982fbfb,negative_confusable,unknown,1.0,train,split_extension_append_abs_deficit
mswc-7ac1a27571479281,negative_confusable,unknown,1.0,train,split_extension_append_abs_deficit
mswc-7ae0391cc919e2ed,negative_confusable,unknown,1.0,train,split_extension_append_abs_deficit
mswc-7aeb4aabb75a38e0,negative_confusable,unknown,3.0,train,split_extension_append_abs_deficit
mswc-7af4e22e90bce9b4,negative_confusable,unknown,1.0,train,split_extension_append_abs_deficit
mswc-7b0bd5c26bc53f8b,negative_confusable,unknown,1.0,train,split_extension_append_abs_deficit
mswc-7b31a636d315ec8c,negative_confusable,unknown,1.0,train,split_extension_append_abs_deficit
mswc-7b3f9e7c4fe2e3fe,negative_confusable,unknown,1.0,train,split_extension_append_abs_deficit
mswc-7b4b3dfa53b8f600,negative_confusable,unknown,1.0,train,split_extension_append_abs_deficit
mswc-7b57789c506b6658,negative_confusable,unknown,1.0,train,split_extension_append_abs_deficit
mswc-7b72fe84249e5677,negative_confusable,unknown,1.0,validation,split_extension_append_abs_deficit
mswc-7b8e4001c52eb1ad,negative_confusable,unknown,1.0,train,split_extension_append_abs_deficit
mswc-7b9dc25d5e538cb5,negative_confusable,unknown,1.0,test,split_extension_append_abs_deficit
mswc-7ba17794d7140c3c,negative_confusable,unknown,2.0,train,split_extension_append_abs_deficit
mswc-7be9237c600b3b71,negative_confusable,unknown,1.0,validation,split_extension_append_abs_deficit
mswc-7beab13f31288c5f,negative_confusable,unknown,1.0,train,split_extension_append_abs_deficit
mswc-7bf8e335b222c8f3,negative_confusable,unknown,1.0,train,split_extension_append_abs_deficit
mswc-7bff1632360ff127,negative_confusable,unknown,1.0,test,split_extension_append_abs_deficit
mswc-7c0bdc7505ad76e5,negative_confusable,unknown,1.0,train,split_extension_append_abs_deficit
mswc-7c1c153872cfca16,negative_confusable,unknown,1.0,train,split_extension_append_abs_deficit
mswc-7c2668eab47bff39,negative_confusable,unknown,1.0,train,split_extension_append_abs_deficit
mswc-7c33d7ffb4029473,negative_confusable,unknown,1.0,train,split_extension_append_abs_deficit
mswc-7c378b6ea7c89d65,negative_confusable,unknown,1.0,validation,split_extension_append_abs_deficit
mswc-7c4519c6543de36a,negative_confusable,unknown,1.0,test,split_extension_append_abs_deficit
mswc-7c4b0b9b672dc7cc,negative_confusable,unknown,1.0,train,split_extension_append_abs_deficit
mswc-7c51aafe4c92a9f2,negative_confusable,unknown,1.0,train,split_extension_append_abs_deficit
mswc-7c682dcb40997468,negative_confusable,unknown,1.0,train,split_extension_append_abs_deficit
mswc-7c7117fbdd3d9243,negative_confusable,unknown,1.0,test,split_extension_append_abs_deficit
mswc-7c787e4d23767e36,negative_confusable,unknown,1.0,train,split_extension_append_abs_deficit
mswc-7c7a87336ff835df,negative_confusable,unknown,1.0,train,split_extension_append_abs_deficit
mswc-7c7e401ed372ab84,negative_confusable,unknown,1.0,validation,split_extension_append_abs_deficit
mswc-7c846f3c76b8de51,negative_confusable,unknown,1.0,test,split_extension_append_abs_deficit
mswc-7c9bf0a875495449,negative_confusable,unknown,1.0,train,split_extension_append_abs_deficit
mswc-7ca19daadce9aa17,negative_confusable,unknown,1.0,train,split_extension_append_abs_deficit
mswc-7cba7455872358bb,negative_confusable,unknown,2.0,train,split_extension_append_abs_deficit
mswc-7cbf197695734dc8,negative_confusable,unknown,1.0,test,split_extension_append_abs_deficit
mswc-7cc59b14ae724f03,negative_confusable,unknown,4.0,train,split_extension_append_abs_deficit
mswc-7cd4a3484dd3443c,negative_confusable,unknown,1.0,train,split_extension_append_abs_deficit
mswc-7cde66a2e930fb25,negative_confusable,unknown,1.0,test,split_extension_append_abs_deficit
mswc-7ce22025f979117a,negative_confusable,unknown,1.0,train,split_extension_append_abs_deficit
mswc-7cf216ad3a08dc7f,negative_confusable,unknown,1.0,train,split_extension_append_abs_deficit
mswc-7cf441b3a285a561,negative_confusable,unknown,1.0,train,split_extension_append_abs_deficit
mswc-7d1004b0fae183ee,negative_confusable,unknown,1.0,train,split_extension_append_abs_deficit
mswc-7d475fe91a91f0a7,negative_confusable,unknown,1.0,train,split_extension_append_abs_deficit
mswc-7d49e065897c96c1,negative_confusable,unknown,1.0,train,split_extension_append_abs_deficit
mswc-7d6a9de973d5bf61,negative_confusable,unknown,2.0,train,split_extension_append_abs_deficit
mswc-7d776921a8f02973,negative_confusable,unknown,1.0,validation,split_extension_append_abs_deficit
mswc-7d89888d2dc24788,negative_confusable,unknown,2.0,train,split_extension_append_abs_deficit
mswc-7d909c2b38467131,negative_confusable,unknown,1.0,test,split_extension_append_abs_deficit
mswc-7d9e644e7f28d0a3,negative_confusable,unknown,1.0,test,split_extension_append_abs_deficit
mswc-7da02e8f8ec2e836,negative_confusable,unknown,1.0,validation,split_extension_append_abs_deficit
mswc-7dacf336d93ba05e,negative_confusable,unknown,1.0,train,split_extension_append_abs_deficit
mswc-7dae701a9a3bac2f,negative_confusable,unknown,1.972,train,split_extension_append_abs_deficit
mswc-7db5d9a08e504bca,negative_confusable,unknown,1.0,train,split_extension_append_abs_deficit
mswc-7dcf9adf7be6308e,negative_confusable,unknown,1.0,validation,split_extension_append_abs_deficit
mswc-7ddb0c79fdd3c6a9,negative_confusable,unknown,1.0,train,split_extension_append_abs_deficit
mswc-7e206a2a591983db,negative_confusable,unknown,1.0,train,split_extension_append_abs_deficit
mswc-7e427cc2e20db428,negative_confusable,unknown,1.0,train,split_extension_append_abs_deficit
mswc-7e648349eb0d84a9,negative_confusable,unknown,1.0,train,split_extension_append_abs_deficit
mswc-7e6c320444343906,negative_confusable,unknown,1.0,validation,split_extension_append_abs_deficit
mswc-7e7f4dfbb850d986,negative_confusable,unknown,1.0,train,split_extension_append_abs_deficit
mswc-7e861d497fee48b6,negative_confusable,unknown,1.0,validation,split_extension_append_abs_deficit
mswc-7ec1938af2b9ee9a,negative_confusable,unknown,3.0,train,split_extension_append_abs_deficit
mswc-7ed6b6fc7425cf5a,negative_confusable,unknown,1.0,train,split_extension_append_abs_deficit
mswc-7edc1bfa646ff0a9,negative_confusable,unknown,1.0,train,split_extension_append_abs_deficit
mswc-7edcfaf92dd43029,negative_confusable,unknown,1.0,train,split_extension_append_abs_deficit
mswc-7ede86cac4d15a7b,negative_confusable,unknown,1.0,validation,split_extension_append_abs_deficit
mswc-7ef2aaa49f8335f4,negative_confusable,unknown,1.0,test,split_extension_append_abs_deficit
mswc-7ef7685e8052be9f,negative_confusable,unknown,1.0,validation,split_extension_append_abs_deficit
mswc-7eff9a54bdb0619d,negative_confusable,unknown,24.0,train,split_extension_append_abs_deficit
mswc-7f063542b2f854fd,negative_confusable,unknown,1.0,train,split_extension_append_abs_deficit
mswc-7f0f33a88f90b8b1,negative_confusable,unknown,1.0,train,split_extension_append_abs_deficit
mswc-7f20652f07285797,negative_confusable,unknown,3.0,train,split_extension_append_abs_deficit
mswc-7f2ac695b615e850,negative_confusable,unknown,1.0,validation,split_extension_append_abs_deficit
mswc-7f4dd47005418aec,negative_confusable,unknown,1.0,train,split_extension_append_abs_deficit
mswc-7f61dcbf6a645d15,negative_confusable,unknown,1.0,train,split_extension_append_abs_deficit
mswc-7f6b6c3ece7fa573,negative_confusable,unknown,1.0,train,split_extension_append_abs_deficit
mswc-7f8af90ce37d84b2,negative_confusable,unknown,1.0,train,split_extension_append_abs_deficit
mswc-7f9a5f3ccfc7c431,negative_confusable,unknown,1.0,validation,split_extension_append_abs_deficit
mswc-7fb429f5eb992b67,negative_confusable,unknown,1.0,test,split_extension_append_abs_deficit
mswc-7fbac0873d8effa5,negative_confusable,unknown,2.0,train,split_extension_append_abs_deficit
mswc-7fc06d5593581b84,negative_confusable,unknown,1.0,train,split_extension_append_abs_deficit
mswc-7fcdd659891fba26,negative_confusable,unknown,1.0,train,split_extension_append_abs_deficit
mswc-80159ae2f1ed0d0e,negative_confusable,unknown,1.0,train,split_extension_append_abs_deficit
mswc-802125f63717e7a0,negative_confusable,unknown,1.0,validation,split_extension_append_abs_deficit
mswc-80799958260ab774,negative_confusable,unknown,1.0,test,split_extension_append_abs_deficit
mswc-8083b3ecefe1bd9e,negative_confusable,unknown,1.0,test,split_extension_append_abs_deficit
mswc-80964add6d527b3c,negative_confusable,unknown,1.0,train,split_extension_append_abs_deficit
mswc-8099471d9245d7ef,negative_confusable,unknown,1.0,train,split_extension_append_abs_deficit
mswc-809f0941da3c46d8,negative_confusable,unknown,1.0,train,split_extension_append_abs_deficit
mswc-80aebc6ab23ac56d,negative_confusable,unknown,2.0,train,split_extension_append_abs_deficit
mswc-80b8af28b6b684f9,negative_confusable,unknown,1.0,validation,split_extension_append_abs_deficit
mswc-80bc1b579e4a1c26,negative_confusable,unknown,3.0,train,split_extension_append_abs_deficit
mswc-80e5fdd0808bbda9,negative_confusable,unknown,1.0,train,split_extension_append_abs_deficit
mswc-80fe87c588f62fbb,negative_confusable,unknown,1.0,validation,split_extension_append_abs_deficit
mswc-80ff5dbbe38528aa,negative_confusable,unknown,1.0,train,split_extension_append_abs_deficit
mswc-810f5159a779b128,negative_confusable,unknown,1.0,train,split_extension_append_abs_deficit
mswc-81189d7a62d4bd22,negative_confusable,unknown,1.0,validation,split_extension_append_abs_deficit
mswc-814121055a7f6eaf,negative_confusable,unknown,1.0,train,split_extension_append_abs_deficit
mswc-814843657117bbba,negative_confusable,unknown,1.0,test,split_extension_append_abs_deficit
mswc-815c2d953cb16544,negative_confusable,unknown,1.0,test,split_extension_append_abs_deficit
mswc-81600527df366e2d,negative_confusable,unknown,1.0,test,split_extension_append_abs_deficit
mswc-8182e9bbace35377,negative_confusable,unknown,1.0,test,split_extension_append_abs_deficit
mswc-81885439f82dbbef,negative_confusable,unknown,1.0,train,split_extension_append_abs_deficit
mswc-818d2a155beb5aa8,negative_confusable,unknown,1.0,train,split_extension_append_abs_deficit
mswc-81b0bd1eb02e55a4,negative_confusable,unknown,1.0,test,split_extension_append_abs_deficit
mswc-81bb7c3f721e07aa,negative_confusable,unknown,1.0,train,split_extension_append_abs_deficit
mswc-81bfe08c9160e43a,negative_confusable,unknown,2.0,train,split_extension_append_abs_deficit
mswc-81c523c71342948e,negative_confusable,unknown,1.0,train,split_extension_append_abs_deficit
mswc-81c6ca6181d08878,negative_confusable,unknown,1.0,train,split_extension_append_abs_deficit
mswc-81c82470e7f884a1,negative_confusable,unknown,1.0,validation,split_extension_append_abs_deficit
mswc-81d2c839741fbcb9,negative_confusable,unknown,1.0,train,split_extension_append_abs_deficit
mswc-81dbaea33265d17e,negative_confusable,unknown,1.0,train,split_extension_append_abs_deficit
mswc-81e5065fc031740e,negative_confusable,unknown,1.0,train,split_extension_append_abs_deficit
mswc-81e6c4e30fe4fa2d,negative_confusable,unknown,1.0,test,split_extension_append_abs_deficit
mswc-81f064e6ec7f8f40,negative_confusable,unknown,3.0,train,split_extension_append_abs_deficit
mswc-81f531ed3fe0063f,negative_confusable,unknown,1.0,train,split_extension_append_abs_deficit
mswc-81f6c6f90817a8f1,negative_confusable,unknown,2.0,train,split_extension_append_abs_deficit
mswc-8202e7611813cdc1,negative_confusable,unknown,1.0,train,split_extension_append_abs_deficit
mswc-822393875d8f593f,negative_confusable,unknown,1.0,train,split_extension_append_abs_deficit
mswc-822615f9eee2a8c3,negative_confusable,unknown,5.0,train,split_extension_append_abs_deficit
mswc-822d128a011efe71,negative_confusable,unknown,1.0,test,split_extension_append_abs_deficit
mswc-8249a3c60ac1ec75,negative_confusable,unknown,1.0,train,split_extension_append_abs_deficit
mswc-82567bf6e1fb2bed,negative_confusable,unknown,1.0,validation,split_extension_append_abs_deficit
mswc-8269f4c9f8374184,negative_confusable,unknown,1.0,test,split_extension_append_abs_deficit
mswc-826e691d1e77a31a,negative_confusable,unknown,1.0,train,split_extension_append_abs_deficit
mswc-82a1f3c67e254eb7,negative_confusable,unknown,1.0,train,split_extension_append_abs_deficit
mswc-82a373b5c1e91542,negative_confusable,unknown,1.0,train,split_extension_append_abs_deficit
mswc-82b26861bf9b086b,negative_confusable,unknown,1.0,train,split_extension_append_abs_deficit
mswc-82bec36f1cccbf3a,negative_confusable,unknown,1.0,test,split_extension_append_abs_deficit
mswc-82c350fef9500405,negative_confusable,unknown,1.0,train,split_extension_append_abs_deficit
mswc-82cb414622ff3f54,negative_confusable,unknown,1.0,validation,split_extension_append_abs_deficit
mswc-82d9adc2bf406741,negative_confusable,unknown,1.0,validation,split_extension_append_abs_deficit
mswc-82f06e82477cf1a9,negative_confusable,unknown,1.0,train,split_extension_append_abs_deficit
mswc-82f63a0d0c125823,negative_confusable,unknown,1.0,train,split_extension_append_abs_deficit
mswc-82f6efc51109b0bf,negative_confusable,unknown,4.0,train,split_extension_append_abs_deficit
mswc-82f87ec8fc6fbf0a,negative_confusable,unknown,1.0,train,split_extension_append_abs_deficit
mswc-8320d3cb4e4e3a60,negative_confusable,unknown,6.0,train,split_extension_append_abs_deficit
mswc-8329b2e9ca7e8839,negative_confusable,unknown,1.0,validation,split_extension_append_abs_deficit
mswc-832aab949679751f,negative_confusable,unknown,1.0,validation,split_extension_append_abs_deficit
mswc-832c1c84da4a0a59,negative_confusable,unknown,1.0,train,split_extension_append_abs_deficit
mswc-8335c69c255e6564,negative_confusable,unknown,1.0,train,split_extension_append_abs_deficit
mswc-834381c9daac1bfe,negative_confusable,unknown,2.0,train,split_extension_append_abs_deficit
mswc-835a11f3bfed1de5,negative_confusable,unknown,1.0,train,split_extension_append_abs_deficit
mswc-836346e2e63480d1,negative_confusable,unknown,2.0,train,split_extension_append_abs_deficit
mswc-836627c3266f5b8d,negative_confusable,unknown,1.0,train,split_extension_append_abs_deficit
mswc-839a96284e630926,negative_confusable,unknown,1.0,validation,split_extension_append_abs_deficit
mswc-83a2539732375aee,negative_confusable,unknown,1.0,test,split_extension_append_abs_deficit
mswc-83af1e6f2f8a7212,negative_confusable,unknown,1.0,train,split_extension_append_abs_deficit
mswc-83c732b3430d8ad2,negative_confusable,unknown,1.0,train,split_extension_append_abs_deficit
mswc-83c93a9cfb906951,negative_confusable,unknown,1.0,validation,split_extension_append_abs_deficit
mswc-83e7a591c7fc124c,negative_confusable,unknown,1.0,train,split_extension_append_abs_deficit
mswc-83ea7bf72cf6dbf7,negative_confusable,unknown,5.0,train,split_extension_append_abs_deficit
mswc-83f822a798ac7849,negative_confusable,unknown,1.0,train,split_extension_append_abs_deficit
mswc-84188a561d366f1e,negative_confusable,unknown,1.0,train,split_extension_append_abs_deficit
mswc-8429ba2ac031792c,negative_confusable,unknown,2.0,train,split_extension_append_abs_deficit
mswc-84453bb08483045d,negative_confusable,unknown,1.0,train,split_extension_append_abs_deficit
mswc-8447eb5889a3f287,negative_confusable,unknown,1.0,train,split_extension_append_abs_deficit
mswc-8449194e8b74b81d,negative_confusable,unknown,5.0,train,split_extension_append_abs_deficit
mswc-8451dbce5ea45015,negative_confusable,unknown,1.0,train,split_extension_append_abs_deficit
mswc-846118c9344be683,negative_confusable,unknown,1.0,validation,split_extension_append_abs_deficit
mswc-8490877495889b6c,negative_confusable,unknown,1.0,validation,split_extension_append_abs_deficit
mswc-84981076531cd1d9,negative_confusable,unknown,2.0,train,split_extension_append_abs_deficit
mswc-84a6521052633c01,negative_confusable,unknown,1.0,test,split_extension_append_abs_deficit
mswc-84ace744b4aa86a4,negative_confusable,unknown,3.97,train,split_extension_append_abs_deficit
mswc-84b019df353bc458,negative_confusable,unknown,1.0,train,split_extension_append_abs_deficit
mswc-84b0fcb88ba6048d,negative_confusable,unknown,1.0,train,split_extension_append_abs_deficit
mswc-84b374be6a1a70a8,negative_confusable,unknown,1.0,train,split_extension_append_abs_deficit
mswc-84c054f1016fdcbe,negative_confusable,unknown,1.0,validation,split_extension_append_abs_deficit
mswc-84ca8fb38fe9077e,negative_confusable,unknown,1.0,validation,split_extension_append_abs_deficit
mswc-84d0b2ae2e4d7c89,negative_confusable,unknown,1.0,train,split_extension_append_abs_deficit
mswc-84d619a78fe20733,negative_confusable,unknown,1.0,train,split_extension_append_abs_deficit
mswc-84d8298eaca4c317,negative_confusable,unknown,1.0,train,split_extension_append_abs_deficit
mswc-84dcb1f5ff100a87,negative_confusable,unknown,5.0,train,split_extension_append_abs_deficit
mswc-84efa8f37f7a1229,negative_confusable,unknown,1.0,test,split_extension_append_abs_deficit
mswc-84f3198c4b413e6a,negative_confusable,unknown,3.0,train,split_extension_append_abs_deficit
mswc-84f65aad6c38ed6c,negative_confusable,unknown,1.0,train,split_extension_append_abs_deficit
mswc-8517fc9620808aaa,negative_confusable,unknown,1.0,test,split_extension_append_abs_deficit
mswc-854af9db1e20a825,negative_confusable,unknown,1.0,train,split_extension_append_abs_deficit
mswc-854befad7ea8f8da,negative_confusable,unknown,1.0,test,split_extension_append_abs_deficit
mswc-8552c1f4612e2514,negative_confusable,unknown,1.0,train,split_extension_append_abs_deficit
mswc-8553a5a70c541ee3,negative_confusable,unknown,1.0,train,split_extension_append_abs_deficit
mswc-85670ad6fa74da94,negative_confusable,unknown,1.0,test,split_extension_append_abs_deficit
mswc-8567d785e1390e9c,negative_confusable,unknown,1.0,train,split_extension_append_abs_deficit
mswc-8570ba22c0ea9b65,negative_confusable,unknown,1.0,train,split_extension_append_abs_deficit
mswc-85a09085479dd73f,negative_confusable,unknown,1.0,validation,split_extension_append_abs_deficit
mswc-85ac2eeb1a55f951,negative_confusable,unknown,1.0,train,split_extension_append_abs_deficit
mswc-85bece655bbcfba2,negative_confusable,unknown,2.0,train,split_extension_append_abs_deficit
mswc-85c443d2a3b5ca0c,negative_confusable,unknown,1.0,train,split_extension_append_abs_deficit
mswc-85c53f9f21858243,negative_confusable,unknown,1.0,test,split_extension_append_abs_deficit
mswc-85d75d83a0e0d1be,negative_confusable,unknown,1.0,test,split_extension_append_abs_deficit
mswc-85d977a4b1a4a490,negative_confusable,unknown,1.0,train,split_extension_append_abs_deficit
mswc-85e4159bf009696e,negative_confusable,unknown,1.0,train,split_extension_append_abs_deficit
mswc-85e455b8df35a767,negative_confusable,unknown,1.0,train,split_extension_append_abs_deficit
mswc-860c7fac761c10a7,negative_confusable,unknown,1.0,train,split_extension_append_abs_deficit
mswc-86131dfd428f88ef,negative_confusable,unknown,1.0,train,split_extension_append_abs_deficit
mswc-861d368ee4691533,negative_confusable,unknown,2.0,train,split_extension_append_abs_deficit
mswc-86235680508c4e7e,negative_confusable,unknown,1.0,validation,split_extension_append_abs_deficit
mswc-862d569c1af2f6db,negative_confusable,unknown,2.0,train,split_extension_append_abs_deficit
mswc-863713fb625a013b,negative_confusable,unknown,2.0,train,split_extension_append_abs_deficit
mswc-863ff2a23862cc88,negative_confusable,unknown,1.0,test,split_extension_append_abs_deficit
mswc-8646fdfe29412b16,negative_confusable,unknown,1.0,train,split_extension_append_abs_deficit
mswc-865a13a78f9f886f,negative_confusable,unknown,1.0,train,split_extension_append_abs_deficit
mswc-8670872877c020a5,negative_confusable,unknown,1.0,validation,split_extension_append_abs_deficit
mswc-867697416dd83fa1,negative_confusable,unknown,1.0,train,split_extension_append_abs_deficit
mswc-8678077723ee42f8,negative_confusable,unknown,1.0,train,split_extension_append_abs_deficit
mswc-8679a06558683ec1,negative_confusable,unknown,1.0,train,split_extension_append_abs_deficit
mswc-867e5657234331d8,negative_confusable,unknown,1.0,validation,split_extension_append_abs_deficit
mswc-869a27af7e579b48,negative_confusable,unknown,3.0,train,split_extension_append_abs_deficit
mswc-86b1891cfaab6a6f,negative_confusable,unknown,1.0,train,split_extension_append_abs_deficit
mswc-86c2b4516fb1385f,negative_confusable,unknown,1.0,train,split_extension_append_abs_deficit
mswc-86d0d2bae48fdc57,negative_confusable,unknown,1.0,train,split_extension_append_abs_deficit
mswc-86d17ff9f03937e7,negative_confusable,unknown,1.0,train,split_extension_append_abs_deficit
mswc-86d583c61907752d,negative_confusable,unknown,1.0,test,split_extension_append_abs_deficit
mswc-87034f50ce06537e,negative_confusable,unknown,1.0,test,split_extension_append_abs_deficit
mswc-870921f0e5f81e01,negative_confusable,unknown,1.0,train,split_extension_append_abs_deficit
mswc-870c9c57429ee2dc,negative_confusable,unknown,1.0,validation,split_extension_append_abs_deficit
mswc-871930dc2037bc99,negative_confusable,unknown,1.0,train,split_extension_append_abs_deficit
mswc-873a05e81d6e2f6d,negative_confusable,unknown,1.0,test,split_extension_append_abs_deficit
mswc-873edcae611e876e,negative_confusable,unknown,1.0,validation,split_extension_append_abs_deficit
mswc-874468ff4a4253c6,negative_confusable,unknown,1.0,train,split_extension_append_abs_deficit
mswc-8744eab28831d87d,negative_confusable,unknown,1.0,test,split_extension_append_abs_deficit
mswc-875385ffbceab136,negative_confusable,unknown,1.0,train,split_extension_append_abs_deficit
mswc-8758843eb59a7419,negative_confusable,unknown,1.0,train,split_extension_append_abs_deficit
mswc-8761fb4c96596a0f,negative_confusable,unknown,1.0,train,split_extension_append_abs_deficit
mswc-8768c3b4f0c4b232,negative_confusable,unknown,1.0,validation,split_extension_append_abs_deficit
mswc-8775d54cc9228ec8,negative_confusable,unknown,1.0,train,split_extension_append_abs_deficit
mswc-879ad56602b6c9d3,negative_confusable,unknown,1.0,train,split_extension_append_abs_deficit
mswc-87a703fd7594e07b,negative_confusable,unknown,1.0,test,split_extension_append_abs_deficit
mswc-87b49632f8e8aadd,negative_confusable,unknown,1.0,train,split_extension_append_abs_deficit
mswc-87c09aef4022433e,negative_confusable,unknown,1.0,train,split_extension_append_abs_deficit
mswc-87cecc125e113cbc,negative_confusable,unknown,3.0,train,split_extension_append_abs_deficit
mswc-87e2683ece5d6bf4,negative_confusable,unknown,1.0,train,split_extension_append_abs_deficit
mswc-87e38ca7403b1e69,negative_confusable,unknown,2.0,train,split_extension_append_abs_deficit
mswc-87f3f16179817071,negative_confusable,unknown,1.0,train,split_extension_append_abs_deficit
mswc-87f44452a5dba3aa,negative_confusable,unknown,1.0,train,split_extension_append_abs_deficit
mswc-87faea8f2c74fac2,negative_confusable,unknown,1.0,validation,split_extension_append_abs_deficit
mswc-882cf6789c78c865,negative_confusable,unknown,1.0,test,split_extension_append_abs_deficit
mswc-882fb6681762dcf1,negative_confusable,unknown,1.0,train,split_extension_append_abs_deficit
mswc-884f2eb5cad222e7,negative_confusable,unknown,1.0,validation,split_extension_append_abs_deficit
mswc-8855b02b29036c5e,negative_confusable,unknown,2.0,train,split_extension_append_abs_deficit
mswc-8860ed9ae02c6991,negative_confusable,unknown,1.0,train,split_extension_append_abs_deficit
mswc-886340f3cdf77830,negative_confusable,unknown,1.996,train,split_extension_append_abs_deficit
mswc-8866098ece868ffc,negative_confusable,unknown,1.0,test,split_extension_append_abs_deficit
mswc-8866bfc25b32587a,negative_confusable,unknown,1.0,test,split_extension_append_abs_deficit
mswc-88837639990a9631,negative_confusable,unknown,1.0,train,split_extension_append_abs_deficit
mswc-8896d41f6bc03a32,negative_confusable,unknown,1.0,train,split_extension_append_abs_deficit
mswc-88a9cc3068c24e14,negative_confusable,unknown,1.0,train,split_extension_append_abs_deficit
mswc-88c473e8fc007257,negative_confusable,unknown,1.0,train,split_extension_append_abs_deficit
mswc-88cb399f17bf89e2,negative_confusable,unknown,2.0,train,split_extension_append_abs_deficit
mswc-88d7b5a127c6a5f8,negative_confusable,unknown,1.0,validation,split_extension_append_abs_deficit
mswc-88dbf49428282e43,negative_confusable,unknown,1.0,validation,split_extension_append_abs_deficit
mswc-88f62b8c6170cb72,negative_confusable,unknown,1.0,validation,split_extension_append_abs_deficit
mswc-88fde4b0f40b217e,negative_confusable,unknown,1.0,train,split_extension_append_abs_deficit
mswc-89149ebd874873e2,negative_confusable,unknown,1.0,validation,split_extension_append_abs_deficit
mswc-891fce7d598b45bc,negative_confusable,unknown,1.0,train,split_extension_append_abs_deficit
mswc-892757b5c6209903,negative_confusable,unknown,1.0,train,split_extension_append_abs_deficit
mswc-892d7b5085f638ba,negative_confusable,unknown,1.0,test,split_extension_append_abs_deficit
mswc-8938a7f3d08b3fe6,negative_confusable,unknown,1.0,train,split_extension_append_abs_deficit
mswc-895f2d4bf294edfd,negative_confusable,unknown,1.0,test,split_extension_append_abs_deficit
mswc-8979358bf2407b8d,negative_confusable,unknown,7.0,train,split_extension_append_abs_deficit
mswc-8979a1fff74a1a6e,negative_confusable,unknown,1.0,test,split_extension_append_abs_deficit
mswc-89813e634e216efe,negative_confusable,unknown,2.0,train,split_extension_append_abs_deficit
mswc-8987c78b1cae26ef,negative_confusable,unknown,1.0,train,split_extension_append_abs_deficit
mswc-8999c6389b4b2558,negative_confusable,unknown,1.0,train,split_extension_append_abs_deficit
mswc-899a274f6dcb081b,negative_confusable,unknown,1.0,train,split_extension_append_abs_deficit
mswc-89ad1ddac68bd3de,negative_confusable,unknown,1.0,train,split_extension_append_abs_deficit
mswc-89b4d024f4689877,negative_confusable,unknown,1.0,train,split_extension_append_abs_deficit
mswc-89e35b6f0ab4e73d,negative_confusable,unknown,1.0,train,split_extension_append_abs_deficit
mswc-89f1fe765238442b,negative_confusable,unknown,1.0,train,split_extension_append_abs_deficit
mswc-89f28d1f905e3d0c,negative_confusable,unknown,1.0,train,split_extension_append_abs_deficit
mswc-8a074d05f1acdde7,negative_confusable,unknown,1.0,train,split_extension_append_abs_deficit
mswc-8a159c7cd342f29d,negative_confusable,unknown,1.0,test,split_extension_append_abs_deficit
mswc-8a3b0e7832cec48d,negative_confusable,unknown,1.0,train,split_extension_append_abs_deficit
mswc-8a3d59cac493147d,negative_confusable,unknown,1.0,train,split_extension_append_abs_deficit
mswc-8a4f483d82152190,negative_confusable,unknown,1.0,train,split_extension_append_abs_deficit
mswc-8a501fcf63b9f3dd,negative_confusable,unknown,1.0,train,split_extension_append_abs_deficit
mswc-8a5ead1d653b9973,negative_confusable,unknown,1.0,train,split_extension_append_abs_deficit
mswc-8a72a68c94acddf9,negative_confusable,unknown,1.0,train,split_extension_append_abs_deficit
mswc-8a8222dab0c0c427,negative_confusable,unknown,1.0,test,split_extension_append_abs_deficit
mswc-8a881253ec8a5500,negative_confusable,unknown,1.0,test,split_extension_append_abs_deficit
mswc-8a88ce7c5875e0b6,negative_confusable,unknown,2.0,train,split_extension_append_abs_deficit
mswc-8a8aef48c6f43e29,negative_confusable,unknown,1.0,test,split_extension_append_abs_deficit
mswc-8aab92c3319f29fb,negative_confusable,unknown,2.0,train,split_extension_append_abs_deficit
mswc-8aee4a318eb8d190,negative_confusable,unknown,2.0,train,split_extension_append_abs_deficit
mswc-8b02a488765e2a90,negative_confusable,unknown,2.0,train,split_extension_append_abs_deficit
mswc-8b0334a4aef1e84c,negative_confusable,unknown,4.0,train,split_extension_append_abs_deficit
mswc-8b05e1088d4096df,negative_confusable,unknown,1.0,train,split_extension_append_abs_deficit
mswc-8b09d2eb65ea95f0,negative_confusable,unknown,1.0,train,split_extension_append_abs_deficit
mswc-8b23c5963a28a7fa,negative_confusable,unknown,1.0,train,split_extension_append_abs_deficit
mswc-8b3b07826121a7fe,negative_confusable,unknown,1.0,train,split_extension_append_abs_deficit
mswc-8b3bfefd2870c4de,negative_confusable,unknown,1.0,train,split_extension_append_abs_deficit
mswc-8b3ccf9e879d6143,negative_confusable,unknown,1.0,train,split_extension_append_abs_deficit
mswc-8b566036f33e2087,negative_confusable,unknown,1.0,train,split_extension_append_abs_deficit
mswc-8b5ee04eeb116799,negative_confusable,unknown,1.0,test,split_extension_append_abs_deficit
mswc-8b66869c8a71c0a0,negative_confusable,unknown,1.0,test,split_extension_append_abs_deficit
mswc-8b75625d7d64fa59,negative_confusable,unknown,1.0,train,split_extension_append_abs_deficit
mswc-8b7c57162dc11ace,negative_confusable,unknown,1.0,train,split_extension_append_abs_deficit
mswc-8b8908ae55bd98fd,negative_confusable,unknown,1.0,train,split_extension_append_abs_deficit
mswc-8b954f9a99ec73ca,negative_confusable,unknown,2.0,train,split_extension_append_abs_deficit
mswc-8bc7ef082511c12d,negative_confusable,unknown,1.0,test,split_extension_append_abs_deficit
mswc-8c0abd5a3a743329,negative_confusable,unknown,1.0,train,split_extension_append_abs_deficit
mswc-8c36c5f0deeeaf50,negative_confusable,unknown,2.0,train,split_extension_append_abs_deficit
mswc-8c48c715580f87e3,negative_confusable,unknown,2.0,train,split_extension_append_abs_deficit
mswc-8c7397b7ee9bcc38,negative_confusable,unknown,1.0,train,split_extension_append_abs_deficit
mswc-8c94b690cd6f6a75,negative_confusable,unknown,1.0,validation,split_extension_append_abs_deficit
mswc-8c95472e14e0b5b5,negative_confusable,unknown,1.0,validation,split_extension_append_abs_deficit
mswc-8c9e68b73f992af7,negative_confusable,unknown,1.0,train,split_extension_append_abs_deficit
mswc-8ca02df62d55bc3c,negative_confusable,unknown,1.0,train,split_extension_append_abs_deficit
mswc-8cbea52aa26bdf09,negative_confusable,unknown,4.0,train,split_extension_append_abs_deficit
mswc-8cc6ddd26e3ca639,negative_confusable,unknown,1.0,train,split_extension_append_abs_deficit
mswc-8cc960ae4dc2e48a,negative_confusable,unknown,1.0,train,split_extension_append_abs_deficit
mswc-8ccfde9550dd6e59,negative_confusable,unknown,2.0,train,split_extension_append_abs_deficit
mswc-8cd87e8a7a0af541,negative_confusable,unknown,2.0,train,split_extension_append_abs_deficit
mswc-8cdb6fbbcaab6a55,negative_confusable,unknown,1.0,validation,split_extension_append_abs_deficit
mswc-8ce945651cf3f3d1,negative_confusable,unknown,2.0,train,split_extension_append_abs_deficit
mswc-8d0a6af00251fed0,negative_confusable,unknown,9.0,train,split_extension_append_abs_deficit
mswc-8d0afa6c9b305ace,negative_confusable,unknown,1.0,test,split_extension_append_abs_deficit
mswc-8d12542950a1f442,negative_confusable,unknown,1.0,train,split_extension_append_abs_deficit
mswc-8d14d9edeabcdebe,negative_confusable,unknown,3.0,train,split_extension_append_abs_deficit
mswc-8d1c6a66bd6a3803,negative_confusable,unknown,1.0,train,split_extension_append_abs_deficit
mswc-8d1dabfdbf3ebefa,negative_confusable,unknown,1.0,train,split_extension_append_abs_deficit
mswc-8d35d8879342d73a,negative_confusable,unknown,1.0,train,split_extension_append_abs_deficit
mswc-8d420f53a26d9d11,negative_confusable,unknown,3.0,train,split_extension_append_abs_deficit
mswc-8d549bc936ccedd2,negative_confusable,unknown,3.974,train,split_extension_append_abs_deficit
mswc-8d730a3e00a296c6,negative_confusable,unknown,1.0,validation,split_extension_append_abs_deficit
mswc-8d8ad3a04ed5ce72,negative_confusable,unknown,1.0,train,split_extension_append_abs_deficit
mswc-8d9933bc194f614b,negative_confusable,unknown,1.0,test,split_extension_append_abs_deficit
mswc-8d9df3e829a4fd73,negative_confusable,unknown,2.0,train,split_extension_append_abs_deficit
mswc-8d9f2fdceb751188,negative_confusable,unknown,6.0,train,split_extension_append_abs_deficit
mswc-8d9ff51096dc06e5,negative_confusable,unknown,1.0,train,split_extension_append_abs_deficit
mswc-8da53f691201deb9,negative_confusable,unknown,2.0,train,split_extension_append_abs_deficit
mswc-8dabc56d5c1cb508,negative_confusable,unknown,1.0,test,split_extension_append_abs_deficit
mswc-8db0499804c0807a,negative_confusable,unknown,1.0,train,split_extension_append_abs_deficit
mswc-8db90bb4e7bd6645,negative_confusable,unknown,1.0,train,split_extension_append_abs_deficit
mswc-8dd8ce187f656cfb,negative_confusable,unknown,1.0,validation,split_extension_append_abs_deficit
mswc-8e05a9762bba8885,negative_confusable,unknown,2.0,train,split_extension_append_abs_deficit
mswc-8e28c46eb97259ef,negative_confusable,unknown,1.0,train,split_extension_append_abs_deficit
mswc-8e2cd8dd32b39c70,negative_confusable,unknown,1.0,train,split_extension_append_abs_deficit
mswc-8e2d55861fbb2f00,negative_confusable,unknown,1.0,train,split_extension_append_abs_deficit
mswc-8e364ebc81215fb6,negative_confusable,unknown,1.0,train,split_extension_append_abs_deficit
mswc-8e3b0024246c9226,negative_confusable,unknown,1.0,train,split_extension_append_abs_deficit
mswc-8e492797b5d940c3,negative_confusable,unknown,1.0,validation,split_extension_append_abs_deficit
mswc-8e68651007124cc9,negative_confusable,unknown,1.0,train,split_extension_append_abs_deficit
mswc-8e82e505cb0e749a,negative_confusable,unknown,1.0,train,split_extension_append_abs_deficit
mswc-8e88ebe4542114fc,negative_confusable,unknown,1.0,train,split_extension_append_abs_deficit
mswc-8e8bb1f7105492cf,negative_confusable,unknown,1.0,train,split_extension_append_abs_deficit
mswc-8e93f9eab492a1ad,negative_confusable,unknown,2.0,train,split_extension_append_abs_deficit
mswc-8eb1b183f8507b2f,negative_confusable,unknown,1.0,test,split_extension_append_abs_deficit
mswc-8eb94507df5c4774,negative_confusable,unknown,1.0,train,split_extension_append_abs_deficit
mswc-8ecf21ec70dc639e,negative_confusable,unknown,1.0,train,split_extension_append_abs_deficit
mswc-8ed6f2b2fc104577,negative_confusable,unknown,1.0,test,split_extension_append_abs_deficit
mswc-8ed772bcb6e68611,negative_confusable,unknown,2.0,train,split_extension_append_abs_deficit
mswc-8ed8314f90af532a,negative_confusable,unknown,2.0,train,split_extension_append_abs_deficit
mswc-8efadf989d3ad6ea,negative_confusable,unknown,1.0,validation,split_extension_append_abs_deficit
mswc-8f065081f3d4083e,negative_confusable,unknown,1.0,test,split_extension_append_abs_deficit
mswc-8f0f450b6098e56a,negative_confusable,unknown,1.0,train,split_extension_append_abs_deficit
mswc-8f2e121f476a5cf5,negative_confusable,unknown,1.0,train,split_extension_append_abs_deficit
mswc-8f3462b6ebc30112,negative_confusable,unknown,1.0,validation,split_extension_append_abs_deficit
mswc-8f382e07a9cfa8eb,negative_confusable,unknown,1.0,train,split_extension_append_abs_deficit
mswc-8f403fc4f508ed7f,negative_confusable,unknown,1.0,train,split_extension_append_abs_deficit
mswc-8f404dc732288549,negative_confusable,unknown,1.0,validation,split_extension_append_abs_deficit
mswc-8f6ba629516229a8,negative_confusable,unknown,1.0,train,split_extension_append_abs_deficit
mswc-8f7a77857e833d88,negative_confusable,unknown,5.0,train,split_extension_append_abs_deficit
mswc-8f8ade03c593d85f,negative_confusable,unknown,1.0,validation,split_extension_append_abs_deficit
mswc-8fae5668740de955,negative_confusable,unknown,1.0,train,split_extension_append_abs_deficit
mswc-8fceafa8b0ff8a73,negative_confusable,unknown,1.0,train,split_extension_append_abs_deficit
mswc-8fd67ad8e1174cfa,negative_confusable,unknown,1.0,test,split_extension_append_abs_deficit
mswc-8fd72f3e1bb0aa78,negative_confusable,unknown,1.0,test,split_extension_append_abs_deficit
mswc-8fe5856031c28d35,negative_confusable,unknown,1.0,validation,split_extension_append_abs_deficit
mswc-9014378cff103f86,negative_confusable,unknown,1.0,train,split_extension_append_abs_deficit
mswc-9019be43cacea5fa,negative_confusable,unknown,1.0,train,split_extension_append_abs_deficit
mswc-90352156db3c00f6,negative_confusable,unknown,3.0,train,split_extension_append_abs_deficit
mswc-904bf0eff8ed17d3,negative_confusable,unknown,3.976,train,split_extension_append_abs_deficit
mswc-9059066de28684cd,negative_confusable,unknown,1.0,validation,split_extension_append_abs_deficit
mswc-90774ec0f6ec48f6,negative_confusable,unknown,2.0,train,split_extension_append_abs_deficit
mswc-907c23b7fa9bfd33,negative_confusable,unknown,1.0,train,split_extension_append_abs_deficit
mswc-908439d7bd89f3f2,negative_confusable,unknown,1.0,train,split_extension_append_abs_deficit
mswc-908f4acf974a47ea,negative_confusable,unknown,1.0,validation,split_extension_append_abs_deficit
mswc-909ad398d7962004,negative_confusable,unknown,1.0,train,split_extension_append_abs_deficit
mswc-909b625474ec4a76,negative_confusable,unknown,1.0,train,split_extension_append_abs_deficit
mswc-90a2539a7010c22f,negative_confusable,unknown,3.0,train,split_extension_append_abs_deficit
mswc-90a83e3ec4a0f189,negative_confusable,unknown,1.0,train,split_extension_append_abs_deficit
mswc-90d6d58e3bac55d4,negative_confusable,unknown,4.0,train,split_extension_append_abs_deficit
mswc-90f9774663781df3,negative_confusable,unknown,1.0,train,split_extension_append_abs_deficit
mswc-911a40893e117ad3,negative_confusable,unknown,1.0,train,split_extension_append_abs_deficit
mswc-911be709bac88853,negative_confusable,unknown,1.0,validation,split_extension_append_abs_deficit
mswc-911e80a9a801b1ff,negative_confusable,unknown,1.0,train,split_extension_append_abs_deficit
mswc-9142399043c20068,negative_confusable,unknown,2.0,train,split_extension_append_abs_deficit
mswc-914a61e8b5c5b088,negative_confusable,unknown,1.0,validation,split_extension_append_abs_deficit
mswc-914bce42c87d18a9,negative_confusable,unknown,1.0,validation,split_extension_append_abs_deficit
mswc-917146dfd3598afa,negative_confusable,unknown,2.0,train,split_extension_append_abs_deficit
mswc-9173b13665e4534f,negative_confusable,unknown,1.0,validation,split_extension_append_abs_deficit
mswc-9176a75216f4f383,negative_confusable,unknown,3.0,train,split_extension_append_abs_deficit
mswc-918021bba65159bb,negative_confusable,unknown,1.0,train,split_extension_append_abs_deficit
mswc-91850754b0dc3b39,negative_confusable,unknown,2.0,train,split_extension_append_abs_deficit
mswc-918eb89a6fb38987,negative_confusable,unknown,1.0,train,split_extension_append_abs_deficit
mswc-9198a0443e00fe68,negative_confusable,unknown,3.0,train,split_extension_append_abs_deficit
mswc-91a7812c2e13a87a,negative_confusable,unknown,1.0,validation,split_extension_append_abs_deficit
mswc-91c4680efd91b89a,negative_confusable,unknown,2.0,train,split_extension_append_abs_deficit
mswc-91d09be4f18b45b1,negative_confusable,unknown,3.0,train,split_extension_append_abs_deficit
mswc-91d8d1deb86c99c2,negative_confusable,unknown,1.0,validation,split_extension_append_abs_deficit
mswc-91dd626883b92d90,negative_confusable,unknown,1.0,test,split_extension_append_abs_deficit
mswc-91ed02c850a40491,negative_confusable,unknown,1.0,train,split_extension_append_abs_deficit
mswc-91f608a4ee682bfa,negative_confusable,unknown,1.0,test,split_extension_append_abs_deficit
mswc-9202bf1060790272,negative_confusable,unknown,1.0,train,split_extension_append_abs_deficit
mswc-921911e90d89c1e9,negative_confusable,unknown,1.0,train,split_extension_append_abs_deficit
mswc-922297b29e0245a8,negative_confusable,unknown,1.0,test,split_extension_append_abs_deficit
mswc-923d18708f2b76a2,negative_confusable,unknown,4.0,train,split_extension_append_abs_deficit
mswc-923f8e50e10ee7fa,negative_confusable,unknown,1.0,test,split_extension_append_abs_deficit
mswc-9257a63d0742ae8a,negative_confusable,unknown,1.0,train,split_extension_append_abs_deficit
mswc-9278d9c59a1d87fa,negative_confusable,unknown,4.0,train,split_extension_append_abs_deficit
mswc-928db2f23ff2e851,negative_confusable,unknown,1.0,validation,split_extension_append_abs_deficit
mswc-9299dd55908d375e,negative_confusable,unknown,1.0,train,split_extension_append_abs_deficit
mswc-929d2e419aa679a2,negative_confusable,unknown,1.0,train,split_extension_append_abs_deficit
mswc-92b6b8f6f15e63d2,negative_confusable,unknown,1.0,train,split_extension_append_abs_deficit
mswc-92c90597b570ecb7,negative_confusable,unknown,1.0,train,split_extension_append_abs_deficit
mswc-92e1242ae0971a44,negative_confusable,unknown,1.0,train,split_extension_append_abs_deficit
mswc-92e56f88589c69f5,negative_confusable,unknown,1.0,train,split_extension_append_abs_deficit
mswc-92e5ce7ed63ea651,negative_confusable,unknown,2.0,train,split_extension_append_abs_deficit
mswc-9312594b09f72b5a,negative_confusable,unknown,1.0,train,split_extension_append_abs_deficit
mswc-931d4183d5ac106e,negative_confusable,unknown,1.0,train,split_extension_append_abs_deficit
mswc-932bcfa705ccd947,negative_confusable,unknown,1.0,train,split_extension_append_abs_deficit
mswc-935db15e6a5b3801,negative_confusable,unknown,1.0,train,split_extension_append_abs_deficit
mswc-9371842eb0a999f5,negative_confusable,unknown,5.0,train,split_extension_append_abs_deficit
mswc-9380c0b75334aaab,negative_confusable,unknown,1.0,train,split_extension_append_abs_deficit
mswc-938d9a3dd28b11ba,negative_confusable,unknown,1.0,test,split_extension_append_abs_deficit
mswc-939991dfcf12d825,negative_confusable,unknown,27.0,train,split_extension_append_abs_deficit
mswc-939f0a0097d962f3,negative_confusable,unknown,7.0,train,split_extension_append_abs_deficit
mswc-93a5d68bb49a2aa8,negative_confusable,unknown,3.0,train,split_extension_append_abs_deficit
mswc-93aa321e433d132c,negative_confusable,unknown,2.0,train,split_extension_append_abs_deficit
mswc-93e18ac13b0140f5,negative_confusable,unknown,1.0,train,split_extension_append_abs_deficit
mswc-943a7053e36b1c55,negative_confusable,unknown,1.0,test,split_extension_append_abs_deficit
mswc-943e92cb62c66469,negative_confusable,unknown,1.0,train,split_extension_append_abs_deficit
mswc-946301dae678140d,negative_confusable,unknown,1.0,validation,split_extension_append_abs_deficit
mswc-9465b940fe24fd02,negative_confusable,unknown,1.0,validation,split_extension_append_abs_deficit
mswc-9468e4143c1679f6,negative_confusable,unknown,1.0,validation,split_extension_append_abs_deficit
mswc-946a1d5d005916d1,negative_confusable,unknown,3.0,train,split_extension_append_abs_deficit
mswc-946a216e225746e9,negative_confusable,unknown,2.0,train,split_extension_append_abs_deficit
mswc-9480f15bce168921,negative_confusable,unknown,1.0,test,split_extension_append_abs_deficit
mswc-94841d90a26f9ce0,negative_confusable,unknown,1.0,train,split_extension_append_abs_deficit
mswc-94b61e6c803d264a,negative_confusable,unknown,1.0,test,split_extension_append_abs_deficit
mswc-94c1618c443ef852,negative_confusable,unknown,3.0,train,split_extension_append_abs_deficit
mswc-94c6ce0362eed89e,negative_confusable,unknown,1.0,train,split_extension_append_abs_deficit
mswc-94c71f5af8e0dc3a,negative_confusable,unknown,4.0,train,split_extension_append_abs_deficit
mswc-94e0029173b383f6,negative_confusable,unknown,1.0,test,split_extension_append_abs_deficit
mswc-94e016b1b8f76ba3,negative_confusable,unknown,1.0,validation,split_extension_append_abs_deficit
mswc-94e650927baea390,negative_confusable,unknown,1.0,train,split_extension_append_abs_deficit
mswc-94edf36a81ba1e5a,negative_confusable,unknown,1.0,test,split_extension_append_abs_deficit
mswc-94fe2664db5d2bb7,negative_confusable,unknown,1.0,train,split_extension_append_abs_deficit
mswc-95092bd910f33122,negative_confusable,unknown,1.0,validation,split_extension_append_abs_deficit
mswc-9509a6e8be1cda8b,negative_confusable,unknown,1.0,train,split_extension_append_abs_deficit
mswc-9512ce701610c861,negative_confusable,unknown,1.0,test,split_extension_append_abs_deficit
mswc-9514ecdf23383786,negative_confusable,unknown,1.0,train,split_extension_append_abs_deficit
mswc-951e7d05a712fe4a,negative_confusable,unknown,2.0,train,split_extension_append_abs_deficit
mswc-9535d32bdf77fce3,negative_confusable,unknown,1.0,train,split_extension_append_abs_deficit
mswc-9536cb4d38ccf462,negative_confusable,unknown,1.0,train,split_extension_append_abs_deficit
mswc-9542495b59dd106f,negative_confusable,unknown,3.0,train,split_extension_append_abs_deficit
mswc-9549f4e13612076e,negative_confusable,unknown,1.0,train,split_extension_append_abs_deficit
mswc-9550a590a3453307,negative_confusable,unknown,1.0,validation,split_extension_append_abs_deficit
mswc-9561039d54bd1dca,negative_confusable,unknown,2.0,train,split_extension_append_abs_deficit
mswc-9589554d8179c222,negative_confusable,unknown,1.0,test,split_extension_append_abs_deficit
mswc-95940f759cfa7bd6,negative_confusable,unknown,1.0,train,split_extension_append_abs_deficit
mswc-959c769d9a0863eb,negative_confusable,unknown,1.0,train,split_extension_append_abs_deficit
mswc-95a57f9186decfd8,negative_confusable,unknown,1.0,train,split_extension_append_abs_deficit
mswc-95a73912451cab3d,negative_confusable,unknown,1.0,validation,split_extension_append_abs_deficit
mswc-95c606338c5ac070,negative_confusable,unknown,2.0,train,split_extension_append_abs_deficit
mswc-95ccb62815053780,negative_confusable,unknown,1.0,train,split_extension_append_abs_deficit
mswc-95d3290505378516,negative_confusable,unknown,1.0,train,split_extension_append_abs_deficit
mswc-95fb41edd78ce76b,negative_confusable,unknown,1.0,test,split_extension_append_abs_deficit
mswc-961a52d2f1dde17e,negative_confusable,unknown,1.0,train,split_extension_append_abs_deficit
mswc-96256a681ac140c1,negative_confusable,unknown,1.0,train,split_extension_append_abs_deficit
mswc-965377be8c22a326,negative_confusable,unknown,1.0,train,split_extension_append_abs_deficit
mswc-966409e2b901274e,negative_confusable,unknown,1.0,validation,split_extension_append_abs_deficit
mswc-96ab29a2abbbfdec,negative_confusable,unknown,1.0,validation,split_extension_append_abs_deficit
mswc-96ce6a86930b7b17,negative_confusable,unknown,3.0,train,split_extension_append_abs_deficit
mswc-96e16890c13e2515,negative_confusable,unknown,1.0,train,split_extension_append_abs_deficit
mswc-96e210b2d9b47382,negative_confusable,unknown,1.0,train,split_extension_append_abs_deficit
mswc-96f5b1200f4da8d3,negative_confusable,unknown,1.0,train,split_extension_append_abs_deficit
mswc-9719e3c346b91d8d,negative_confusable,unknown,1.0,train,split_extension_append_abs_deficit
mswc-973436b31a035e5a,negative_confusable,unknown,1.0,train,split_extension_append_abs_deficit
mswc-974001595e1cbd8e,negative_confusable,unknown,1.0,train,split_extension_append_abs_deficit
mswc-975af1d646359912,negative_confusable,unknown,1.0,train,split_extension_append_abs_deficit
mswc-9770fb36c8a3ad88,negative_confusable,unknown,5.0,train,split_extension_append_abs_deficit
mswc-977736dc88a35160,negative_confusable,unknown,1.0,train,split_extension_append_abs_deficit
mswc-977e60de454203e5,negative_confusable,unknown,1.0,train,split_extension_append_abs_deficit
mswc-9780525cdf51a5e6,negative_confusable,unknown,1.0,train,split_extension_append_abs_deficit
mswc-9789cf53aadda8f9,negative_confusable,unknown,1.0,train,split_extension_append_abs_deficit
mswc-97ab2f73736127ef,negative_confusable,unknown,2.0,train,split_extension_append_abs_deficit
mswc-97b5754c2b7322d0,negative_confusable,unknown,15.976,train,split_extension_append_abs_deficit
mswc-97d1751a2c902ab8,negative_confusable,unknown,1.0,test,split_extension_append_abs_deficit
mswc-97d9f77abedc7a8a,negative_confusable,unknown,1.0,validation,split_extension_append_abs_deficit
mswc-98086c5e63a83af9,negative_confusable,unknown,1.0,train,split_extension_append_abs_deficit
mswc-981c80138e019351,negative_confusable,unknown,1.0,train,split_extension_append_abs_deficit
mswc-982b7079bfec084f,negative_confusable,unknown,1.0,train,split_extension_append_abs_deficit
mswc-982fba1201cfd9a7,negative_confusable,unknown,1.0,train,split_extension_append_abs_deficit
mswc-98319808978ee7d2,negative_confusable,unknown,1.0,train,split_extension_append_abs_deficit
mswc-98434a9a8b4630d9,negative_confusable,unknown,2.0,train,split_extension_append_abs_deficit
mswc-98596537ce1a630f,negative_confusable,unknown,1.0,train,split_extension_append_abs_deficit
mswc-9863694286a48beb,negative_confusable,unknown,1.0,test,split_extension_append_abs_deficit
mswc-9864ef5f7d860012,negative_confusable,unknown,1.0,train,split_extension_append_abs_deficit
mswc-987c78a08143513e,negative_confusable,unknown,2.0,train,split_extension_append_abs_deficit
mswc-98904e8b063840ff,negative_confusable,unknown,1.0,train,split_extension_append_abs_deficit
mswc-9895db0e92fce1cc,negative_confusable,unknown,1.0,train,split_extension_append_abs_deficit
mswc-98a5324a8e5ff02a,negative_confusable,unknown,2.0,train,split_extension_append_abs_deficit
mswc-98a64cc957323a4e,negative_confusable,unknown,1.0,test,split_extension_append_abs_deficit
mswc-98cfd9f3c99239b5,negative_confusable,unknown,5.0,train,split_extension_append_abs_deficit
mswc-98f0c0c42616d160,negative_confusable,unknown,1.0,test,split_extension_append_abs_deficit
mswc-9913597be61492e4,negative_confusable,unknown,2.0,train,split_extension_append_abs_deficit
mswc-9947fa6a153e0e2b,negative_confusable,unknown,1.0,train,split_extension_append_abs_deficit
mswc-9950397b02327cb5,negative_confusable,unknown,1.0,test,split_extension_append_abs_deficit
mswc-9956da3f2f75cb8b,negative_confusable,unknown,0.972,validation,split_extension_append_abs_deficit
mswc-995e028794f85b21,negative_confusable,unknown,7.0,train,split_extension_append_abs_deficit
mswc-99675bc85f78b6a5,negative_confusable,unknown,1.0,train,split_extension_append_abs_deficit
mswc-9982de469db90645,negative_confusable,unknown,1.0,train,split_extension_append_abs_deficit
mswc-99ab442cc8b8dbc8,negative_confusable,unknown,1.0,test,split_extension_append_abs_deficit
mswc-99b5fd904c880422,negative_confusable,unknown,1.0,train,split_extension_append_abs_deficit
mswc-99ca3c5c4c43456f,negative_confusable,unknown,1.0,train,split_extension_append_abs_deficit
mswc-99cc91c563e653aa,negative_confusable,unknown,1.0,validation,split_extension_append_abs_deficit
mswc-99da90f81d28074d,negative_confusable,unknown,1.0,train,split_extension_append_abs_deficit
mswc-9a00f1714f822646,negative_confusable,unknown,1.0,train,split_extension_append_abs_deficit
mswc-9a073ef61d8e3c5d,negative_confusable,unknown,1.0,train,split_extension_append_abs_deficit
mswc-9a3e0b7d1ba7b4ef,negative_confusable,unknown,1.0,train,split_extension_append_abs_deficit
mswc-9a5220ced3987b25,negative_confusable,unknown,1.0,train,split_extension_append_abs_deficit
mswc-9a7766df648b1c3e,negative_confusable,unknown,1.0,test,split_extension_append_abs_deficit
mswc-9a91a00fa1c8844d,negative_confusable,unknown,7.0,train,split_extension_append_abs_deficit
mswc-9ab616263022b258,negative_confusable,unknown,1.0,validation,split_extension_append_abs_deficit
mswc-9ab71e27baa936c7,negative_confusable,unknown,1.0,train,split_extension_append_abs_deficit
mswc-9adb2efc26142e14,negative_confusable,unknown,1.0,test,split_extension_append_abs_deficit
mswc-9ae15c773916dd15,negative_confusable,unknown,1.0,train,split_extension_append_abs_deficit
mswc-9ae272cfa601e19b,negative_confusable,unknown,2.0,train,split_extension_append_abs_deficit
mswc-9ae38f4d7bed9cb0,negative_confusable,unknown,1.0,validation,split_extension_append_abs_deficit
mswc-9affb55b969be204,negative_confusable,unknown,1.0,train,split_extension_append_abs_deficit
mswc-9b0d1362bfb9a5dc,negative_confusable,unknown,1.0,validation,split_extension_append_abs_deficit
mswc-9b19e3b15e1a152f,negative_confusable,unknown,7.0,train,split_extension_append_abs_deficit
mswc-9b1a21c96038cc48,negative_confusable,unknown,1.0,validation,split_extension_append_abs_deficit
mswc-9b1f51f12cf7515c,negative_confusable,unknown,1.0,train,split_extension_append_abs_deficit
mswc-9b23d8df15f7e4d4,negative_confusable,unknown,1.0,train,split_extension_append_abs_deficit
mswc-9b2eab99fa9b524a,negative_confusable,unknown,1.0,train,split_extension_append_abs_deficit
mswc-9b3364a4fd75c7fc,negative_confusable,unknown,1.0,train,split_extension_append_abs_deficit
mswc-9b607c2890420105,negative_confusable,unknown,1.0,train,split_extension_append_abs_deficit
mswc-9b668cb44d936eca,negative_confusable,unknown,2.0,train,split_extension_append_abs_deficit
mswc-9b6af4c8f8588c14,negative_confusable,unknown,1.0,test,split_extension_append_abs_deficit
mswc-9b6c1b27a0b779c3,negative_confusable,unknown,1.0,train,split_extension_append_abs_deficit
mswc-9b8f6fa48a5fd290,negative_confusable,unknown,1.0,test,split_extension_append_abs_deficit
mswc-9ba6ba83a1f5cabf,negative_confusable,unknown,1.0,train,split_extension_append_abs_deficit
mswc-9ba833aea9a917f0,negative_confusable,unknown,1.0,train,split_extension_append_abs_deficit
mswc-9bb45839a6169769,negative_confusable,unknown,1.0,train,split_extension_append_abs_deficit
mswc-9bba2b75eaea4322,negative_confusable,unknown,1.0,train,split_extension_append_abs_deficit
mswc-9bc070aeec70cf09,negative_confusable,unknown,2.0,train,split_extension_append_abs_deficit
mswc-9bc396d7230c882b,negative_confusable,unknown,1.0,test,split_extension_append_abs_deficit
mswc-9bd9b098953511bd,negative_confusable,unknown,1.0,train,split_extension_append_abs_deficit
mswc-9be5d39935ba9a26,negative_confusable,unknown,1.0,train,split_extension_append_abs_deficit
mswc-9c04088358e61d1a,negative_confusable,unknown,2.0,train,split_extension_append_abs_deficit
mswc-9c1d3389d52fbf3b,negative_confusable,unknown,1.0,train,split_extension_append_abs_deficit
mswc-9c3a238f027fb71a,negative_confusable,unknown,2.0,train,split_extension_append_abs_deficit
mswc-9c67446227c0d67e,negative_confusable,unknown,2.0,train,split_extension_append_abs_deficit
mswc-9c716ffab3fa7882,negative_confusable,unknown,1.0,train,split_extension_append_abs_deficit
mswc-9c756395b4befe7f,negative_confusable,unknown,2.0,train,split_extension_append_abs_deficit
mswc-9c83dc419e8b5399,negative_confusable,unknown,1.0,train,split_extension_append_abs_deficit
mswc-9c88718c7c514348,negative_confusable,unknown,1.0,validation,split_extension_append_abs_deficit
mswc-9cd4e64594b5f1b3,negative_confusable,unknown,1.0,test,split_extension_append_abs_deficit
mswc-9cda2749734101fa,negative_confusable,unknown,16.0,train,split_extension_append_abs_deficit
mswc-9cf14381247fde15,negative_confusable,unknown,1.0,train,split_extension_append_abs_deficit
mswc-9cf2cf2df4ca132b,negative_confusable,unknown,1.0,validation,split_extension_append_abs_deficit
mswc-9cf45c1fb4a1a10c,negative_confusable,unknown,1.0,train,split_extension_append_abs_deficit
mswc-9cf673ab7c386938,negative_confusable,unknown,2.0,train,split_extension_append_abs_deficit
mswc-9d08da5520cd551e,negative_confusable,unknown,1.0,train,split_extension_append_abs_deficit
mswc-9d19dd83e7e83795,negative_confusable,unknown,2.0,train,split_extension_append_abs_deficit
mswc-9d25f5188c0ec55a,negative_confusable,unknown,1.0,test,split_extension_append_abs_deficit
mswc-9d297ead773991ed,negative_confusable,unknown,1.0,train,split_extension_append_abs_deficit
mswc-9d3e2a6ae787ab0c,negative_confusable,unknown,1.0,test,split_extension_append_abs_deficit
mswc-9d57aeaf822cf699,negative_confusable,unknown,5.0,train,split_extension_append_abs_deficit
mswc-9d5ab772c133af51,negative_confusable,unknown,1.0,train,split_extension_append_abs_deficit
mswc-9d755377c0b77c31,negative_confusable,unknown,1.0,train,split_extension_append_abs_deficit
mswc-9d850ca61be6b156,negative_confusable,unknown,2.0,train,split_extension_append_abs_deficit
mswc-9d8748ea706080de,negative_confusable,unknown,1.0,test,split_extension_append_abs_deficit
mswc-9d8c2a127192ca1c,negative_confusable,unknown,1.0,train,split_extension_append_abs_deficit
mswc-9da54c548d5edc15,negative_confusable,unknown,1.0,train,split_extension_append_abs_deficit
mswc-9db071da66e5b08a,negative_confusable,unknown,7.0,train,split_extension_append_abs_deficit
mswc-9db555e24714069b,negative_confusable,unknown,1.0,train,split_extension_append_abs_deficit
mswc-9dcceeb9a5d4e1be,negative_confusable,unknown,1.0,train,split_extension_append_abs_deficit
mswc-9dcfd325f67620e6,negative_confusable,unknown,1.0,train,split_extension_append_abs_deficit
mswc-9de0a66b5ac953e1,negative_confusable,unknown,1.0,train,split_extension_append_abs_deficit
mswc-9de1b8e0243f4fa8,negative_confusable,unknown,1.0,train,split_extension_append_abs_deficit
mswc-9e06b0915da2d976,negative_confusable,unknown,5.0,train,split_extension_append_abs_deficit
mswc-9e0bee93503ad8be,negative_confusable,unknown,1.0,train,split_extension_append_abs_deficit
mswc-9e112f1395c5c09e,negative_confusable,unknown,1.0,test,split_extension_append_abs_deficit
mswc-9e158ca820a43163,negative_confusable,unknown,1.0,train,split_extension_append_abs_deficit
mswc-9e1a4f5bbc9c5ec8,negative_confusable,unknown,1.0,test,split_extension_append_abs_deficit
mswc-9e2abcf15b5ef671,negative_confusable,unknown,1.0,validation,split_extension_append_abs_deficit
mswc-9e3dc7e5a90dd5fa,negative_confusable,unknown,1.0,test,split_extension_append_abs_deficit
mswc-9e47f32689674f96,negative_confusable,unknown,1.0,test,split_extension_append_abs_deficit
mswc-9e48c6229f1f1906,negative_confusable,unknown,1.996,train,split_extension_append_abs_deficit
mswc-9e5ab05a3420d5ab,negative_confusable,unknown,1.0,validation,split_extension_append_abs_deficit
mswc-9e6394468460cbb7,negative_confusable,unknown,1.0,test,split_extension_append_abs_deficit
mswc-9e6b16071aec16d6,negative_confusable,unknown,1.0,train,split_extension_append_abs_deficit
mswc-9e79d949c8b09706,negative_confusable,unknown,2.0,train,split_extension_append_abs_deficit
mswc-9e7b14d64a1b2589,negative_confusable,unknown,1.0,test,split_extension_append_abs_deficit
mswc-9eb48b93568156e5,negative_confusable,unknown,1.0,validation,split_extension_append_abs_deficit
mswc-9ed3a5e0e708824b,negative_confusable,unknown,2.0,train,split_extension_append_abs_deficit
mswc-9ee92509acddf09b,negative_confusable,unknown,1.0,train,split_extension_append_abs_deficit
mswc-9f05adfc2683695d,negative_confusable,unknown,1.0,validation,split_extension_append_abs_deficit
mswc-9f0c24a23597f7b1,negative_confusable,unknown,1.0,train,split_extension_append_abs_deficit
mswc-9f1275e6f562c6fe,negative_confusable,unknown,1.0,train,split_extension_append_abs_deficit
mswc-9f183061270724bf,negative_confusable,unknown,1.0,test,split_extension_append_abs_deficit
mswc-9f233d229308d840,negative_confusable,unknown,1.0,train,split_extension_append_abs_deficit
mswc-9f233ea8ef73db83,negative_confusable,unknown,1.0,test,split_extension_append_abs_deficit
mswc-9f2563b3cc20089c,negative_confusable,unknown,2.0,train,split_extension_append_abs_deficit
mswc-9f28c40e983c75e5,negative_confusable,unknown,1.0,validation,split_extension_append_abs_deficit
mswc-9f2aa5f3b43f9425,negative_confusable,unknown,1.0,train,split_extension_append_abs_deficit
mswc-9f46b26151e1445e,negative_confusable,unknown,1.0,train,split_extension_append_abs_deficit
mswc-9f4f972be086c251,negative_confusable,unknown,1.0,validation,split_extension_append_abs_deficit
mswc-9f55bc42668ae45d,negative_confusable,unknown,2.0,train,split_extension_append_abs_deficit
mswc-9f57927e45c85ac1,negative_confusable,unknown,2.0,train,split_extension_append_abs_deficit
mswc-9f5db28c66a9e11e,negative_confusable,unknown,1.0,train,split_extension_append_abs_deficit
mswc-9f7326b656e26664,negative_confusable,unknown,1.0,train,split_extension_append_abs_deficit
mswc-9f8acb04e3415dc8,negative_confusable,unknown,1.0,train,split_extension_append_abs_deficit
mswc-9fd4e995e2a1006f,negative_confusable,unknown,4.0,train,split_extension_append_abs_deficit
mswc-9feb6ccb9a8bffff,negative_confusable,unknown,1.0,train,split_extension_append_abs_deficit
mswc-a00c961c655fde6e,negative_confusable,unknown,1.0,validation,split_extension_append_abs_deficit
mswc-a042182e6ebf78a6,negative_confusable,unknown,2.0,train,split_extension_append_abs_deficit
mswc-a04b52988e333de2,negative_confusable,unknown,2.0,train,split_extension_append_abs_deficit
mswc-a05fcb2dfec34cfd,negative_confusable,unknown,1.0,train,split_extension_append_abs_deficit
mswc-a07ecca7fc0f48d0,negative_confusable,unknown,1.0,validation,split_extension_append_abs_deficit
mswc-a0943abcca5cf1f2,negative_confusable,unknown,3.0,train,split_extension_append_abs_deficit
mswc-a09563b4338e526a,negative_confusable,unknown,1.0,train,split_extension_append_abs_deficit
mswc-a0978272ac9c9a8b,negative_confusable,unknown,2.0,train,split_extension_append_abs_deficit
mswc-a0a1c555b550106e,negative_confusable,unknown,1.0,train,split_extension_append_abs_deficit
mswc-a0a2c01a201b79e0,negative_confusable,unknown,1.0,train,split_extension_append_abs_deficit
mswc-a0a796ea20cc8bec,negative_confusable,unknown,1.0,train,split_extension_append_abs_deficit
mswc-a0a9320b0fe3c9d3,negative_confusable,unknown,1.0,train,split_extension_append_abs_deficit
mswc-a0b5f320c328683f,negative_confusable,unknown,1.0,train,split_extension_append_abs_deficit
mswc-a0b69e99fd093148,negative_confusable,unknown,1.0,test,split_extension_append_abs_deficit
mswc-a0bf70b416b3c9c0,negative_confusable,unknown,1.0,test,split_extension_append_abs_deficit
mswc-a0e7169a40c00d90,negative_confusable,unknown,1.0,train,split_extension_append_abs_deficit
mswc-a0ea43c5fc2f1272,negative_confusable,unknown,1.0,validation,split_extension_append_abs_deficit
mswc-a0ea8412dec28aa4,negative_confusable,unknown,1.0,validation,split_extension_append_abs_deficit
mswc-a0f1a35bad49f634,negative_confusable,unknown,1.0,train,split_extension_append_abs_deficit
mswc-a0ff72d3a991e81f,negative_confusable,unknown,2.0,train,split_extension_append_abs_deficit
mswc-a10a55d198d33f8d,negative_confusable,unknown,1.0,train,split_extension_append_abs_deficit
mswc-a12434f3d1b8ed64,negative_confusable,unknown,1.0,train,split_extension_append_abs_deficit
mswc-a141d4a535ad3c6c,negative_confusable,unknown,1.0,validation,split_extension_append_abs_deficit
mswc-a146ad7bfd0fefe2,negative_confusable,unknown,1.0,train,split_extension_append_abs_deficit
mswc-a1551f396d4d35ad,negative_confusable,unknown,1.0,train,split_extension_append_abs_deficit
mswc-a1573f20b82d1823,negative_confusable,unknown,3.0,train,split_extension_append_abs_deficit
mswc-a15d380fa01a8e64,negative_confusable,unknown,1.0,train,split_extension_append_abs_deficit
mswc-a1607f9e577e7935,negative_confusable,unknown,1.0,train,split_extension_append_abs_deficit
mswc-a17d5cc4029ccdd4,negative_confusable,unknown,1.0,validation,split_extension_append_abs_deficit
mswc-a18168a7bcdb1b2b,negative_confusable,unknown,1.0,train,split_extension_append_abs_deficit
mswc-a1936145f66bda28,negative_confusable,unknown,1.0,train,split_extension_append_abs_deficit
mswc-a198f3bd92a07e0f,negative_confusable,unknown,1.0,train,split_extension_append_abs_deficit
mswc-a1a9261c4d87a26c,negative_confusable,unknown,1.0,train,split_extension_append_abs_deficit
mswc-a1b9bcaf8302d314,negative_confusable,unknown,2.0,train,split_extension_append_abs_deficit
mswc-a1bacb0f1e745703,negative_confusable,unknown,1.0,train,split_extension_append_abs_deficit
mswc-a1c0ad8c497b325f,negative_confusable,unknown,1.0,train,split_extension_append_abs_deficit
mswc-a1ce8c86c4ef8927,negative_confusable,unknown,1.0,train,split_extension_append_abs_deficit
mswc-a1e62e8e91e045ae,negative_confusable,unknown,2.0,train,split_extension_append_abs_deficit
mswc-a204b20d4c37a9b6,negative_confusable,unknown,1.0,train,split_extension_append_abs_deficit
mswc-a211b8ae3a9fd420,negative_confusable,unknown,1.0,train,split_extension_append_abs_deficit
mswc-a22721fa679ec702,negative_confusable,unknown,5.0,train,split_extension_append_abs_deficit
mswc-a23b01c24f1040f7,negative_confusable,unknown,1.0,test,split_extension_append_abs_deficit
mswc-a2562a7cb11e48b4,negative_confusable,unknown,1.0,test,split_extension_append_abs_deficit
mswc-a2576ccf04ad8c0d,negative_confusable,unknown,1.0,train,split_extension_append_abs_deficit
mswc-a25b25fbd998196c,negative_confusable,unknown,1.0,train,split_extension_append_abs_deficit
mswc-a2643cb681b7914e,negative_confusable,unknown,1.0,train,split_extension_append_abs_deficit
mswc-a26ec48a5f949e4a,negative_confusable,unknown,2.0,train,split_extension_append_abs_deficit
mswc-a27cb1834cb36ad8,negative_confusable,unknown,2.0,train,split_extension_append_abs_deficit
mswc-a292448d59437fcc,negative_confusable,unknown,1.0,train,split_extension_append_abs_deficit
mswc-a2a0a3569d69a406,negative_confusable,unknown,1.0,validation,split_extension_append_abs_deficit
mswc-a2ccc30424aeb0df,negative_confusable,unknown,1.0,train,split_extension_append_abs_deficit
mswc-a2d6af23d32ba11a,negative_confusable,unknown,3.0,train,split_extension_append_abs_deficit
mswc-a30b12508542c71a,negative_confusable,unknown,1.0,validation,split_extension_append_abs_deficit
mswc-a312f96248074c42,negative_confusable,unknown,1.0,train,split_extension_append_abs_deficit
mswc-a32fa3891e79fa9c,negative_confusable,unknown,1.0,train,split_extension_append_abs_deficit
mswc-a33a67c9b837b058,negative_confusable,unknown,1.0,validation,split_extension_append_abs_deficit
mswc-a33c64fe8a492d60,negative_confusable,unknown,1.0,test,split_extension_append_abs_deficit
mswc-a367bcf844edf2b5,negative_confusable,unknown,1.0,train,split_extension_append_abs_deficit
mswc-a36c57d289e4e242,negative_confusable,unknown,1.0,train,split_extension_append_abs_deficit
mswc-a37e1d24891e49e4,negative_confusable,unknown,1.0,train,split_extension_append_abs_deficit
mswc-a385aee1dba4d334,negative_confusable,unknown,1.0,train,split_extension_append_abs_deficit
mswc-a38c683ea3889ad8,negative_confusable,unknown,2.0,train,split_extension_append_abs_deficit
mswc-a3a3ef05115aceb6,negative_confusable,unknown,1.0,train,split_extension_append_abs_deficit
mswc-a3a5fcd6f9bbac58,negative_confusable,unknown,1.0,train,split_extension_append_abs_deficit
mswc-a3a99893bcc3561f,negative_confusable,unknown,1.0,train,split_extension_append_abs_deficit
mswc-a3af360541a9ce3b,negative_confusable,unknown,1.0,validation,split_extension_append_abs_deficit
mswc-a3c7b260bdaa6289,negative_confusable,unknown,1.0,test,split_extension_append_abs_deficit
mswc-a3d23d1c2f87e70d,negative_confusable,unknown,1.0,validation,split_extension_append_abs_deficit
mswc-a3d36e77c4c0ebff,negative_confusable,unknown,1.0,validation,split_extension_append_abs_deficit
mswc-a3d885e0e97d569f,negative_confusable,unknown,1.0,validation,split_extension_append_abs_deficit
mswc-a3e48ef7c2990d09,negative_confusable,unknown,3.0,train,split_extension_append_abs_deficit
mswc-a3ec7e3dfb94a0ac,negative_confusable,unknown,1.0,train,split_extension_append_abs_deficit
mswc-a3fd08402396f094,negative_confusable,unknown,1.0,validation,split_extension_append_abs_deficit
mswc-a4063873d7095fa6,negative_confusable,unknown,1.0,test,split_extension_append_abs_deficit
mswc-a41b49f8d6eeb4e6,negative_confusable,unknown,3.0,train,split_extension_append_abs_deficit
mswc-a43057d8a3e4bdd9,negative_confusable,unknown,1.0,validation,split_extension_append_abs_deficit
mswc-a432c747098202bc,negative_confusable,unknown,1.0,train,split_extension_append_abs_deficit
mswc-a4561d3fe762981f,negative_confusable,unknown,1.0,test,split_extension_append_abs_deficit
mswc-a457d6cd2e9be32b,negative_confusable,unknown,3.0,train,split_extension_append_abs_deficit
mswc-a460ef58d75de3ef,negative_confusable,unknown,1.0,test,split_extension_append_abs_deficit
mswc-a46471bf4ad3b8cd,negative_confusable,unknown,1.0,train,split_extension_append_abs_deficit
mswc-a466259a2f3e0c55,negative_confusable,unknown,1.0,validation,split_extension_append_abs_deficit
mswc-a468458059ab4f4d,negative_confusable,unknown,1.0,train,split_extension_append_abs_deficit
mswc-a491ba2dcca624b7,negative_confusable,unknown,1.0,train,split_extension_append_abs_deficit
mswc-a49b73b831a37a78,negative_confusable,unknown,1.0,train,split_extension_append_abs_deficit
mswc-a4b8b616e344a9ee,negative_confusable,unknown,1.0,train,split_extension_append_abs_deficit
mswc-a4b8fb516632f6c4,negative_confusable,unknown,1.0,validation,split_extension_append_abs_deficit
mswc-a4c630fb852029ab,negative_confusable,unknown,2.0,train,split_extension_append_abs_deficit
mswc-a4ee526e2273e838,negative_confusable,unknown,1.0,test,split_extension_append_abs_deficit
mswc-a4efb9b0f66c1722,negative_confusable,unknown,1.0,train,split_extension_append_abs_deficit
mswc-a4f99a4387d65560,negative_confusable,unknown,1.0,validation,split_extension_append_abs_deficit
mswc-a50586056a7cb1bf,negative_confusable,unknown,1.0,validation,split_extension_append_abs_deficit
mswc-a52045ce86e9346a,negative_confusable,unknown,1.0,test,split_extension_append_abs_deficit
mswc-a5255ee46c3be408,negative_confusable,unknown,1.0,train,split_extension_append_abs_deficit
mswc-a526ebb1639544a1,negative_confusable,unknown,1.0,test,split_extension_append_abs_deficit
mswc-a5356824b31b2de1,negative_confusable,unknown,1.0,train,split_extension_append_abs_deficit
mswc-a5357d7f718cdea3,negative_confusable,unknown,1.0,test,split_extension_append_abs_deficit
mswc-a54f4d3ee4a58aae,negative_confusable,unknown,1.0,train,split_extension_append_abs_deficit
mswc-a552ff567c68158a,negative_confusable,unknown,1.0,train,split_extension_append_abs_deficit
mswc-a559e92571d9cea2,negative_confusable,unknown,1.0,test,split_extension_append_abs_deficit
mswc-a57ba7ae1cc8d0f3,negative_confusable,unknown,2.0,train,split_extension_append_abs_deficit
mswc-a5a47603dc74982d,negative_confusable,unknown,3.0,train,split_extension_append_abs_deficit
mswc-a5c8b73edef6bfe0,negative_confusable,unknown,1.0,train,split_extension_append_abs_deficit
mswc-a5c9f132162eea65,negative_confusable,unknown,2.0,train,split_extension_append_abs_deficit
mswc-a5dda09284677db0,negative_confusable,unknown,1.0,train,split_extension_append_abs_deficit
mswc-a5e123f7caa48f7d,negative_confusable,unknown,1.0,train,split_extension_append_abs_deficit
mswc-a5e1eb37001d5065,negative_confusable,unknown,2.0,train,split_extension_append_abs_deficit
mswc-a5ee5314815ec6cb,negative_confusable,unknown,1.0,validation,split_extension_append_abs_deficit
mswc-a5f0870d3265304b,negative_confusable,unknown,1.0,train,split_extension_append_abs_deficit
mswc-a5f93a441dfd5b59,negative_confusable,unknown,2.0,train,split_extension_append_abs_deficit
mswc-a5f97be6bbafae81,negative_confusable,unknown,1.0,train,split_extension_append_abs_deficit
mswc-a5f9eb7d51c1d814,negative_confusable,unknown,1.0,validation,split_extension_append_abs_deficit
mswc-a5fd1e48f68ab055,negative_confusable,unknown,5.0,train,split_extension_append_abs_deficit
mswc-a60ee37bb6b4b573,negative_confusable,unknown,2.0,train,split_extension_append_abs_deficit
mswc-a60f4550b71734ff,negative_confusable,unknown,1.0,train,split_extension_append_abs_deficit
mswc-a615cd433b46fc70,negative_confusable,unknown,2.0,train,split_extension_append_abs_deficit
mswc-a61f49b2dc22fabe,negative_confusable,unknown,1.0,test,split_extension_append_abs_deficit
mswc-a6367aeda5425751,negative_confusable,unknown,1.0,train,split_extension_append_abs_deficit
mswc-a64c57158e6aba25,negative_confusable,unknown,1.0,train,split_extension_append_abs_deficit
mswc-a6652d780eafc003,negative_confusable,unknown,1.0,train,split_extension_append_abs_deficit
mswc-a68f7a8322ae676a,negative_confusable,unknown,2.0,train,split_extension_append_abs_deficit
mswc-a694a64f1c9b1b90,negative_confusable,unknown,1.0,validation,split_extension_append_abs_deficit
mswc-a69b78a5b405ec7e,negative_confusable,unknown,6.0,train,split_extension_append_abs_deficit
mswc-a6abe3b932c270e7,negative_confusable,unknown,1.0,test,split_extension_append_abs_deficit
mswc-a6b114d6323bc33c,negative_confusable,unknown,4.0,train,split_extension_append_abs_deficit
mswc-a6ba35fb94e2419e,negative_confusable,unknown,1.0,train,split_extension_append_abs_deficit
mswc-a6c0729a29647040,negative_confusable,unknown,1.0,train,split_extension_append_abs_deficit
mswc-a6c95cb1f228ff8b,negative_confusable,unknown,1.0,train,split_extension_append_abs_deficit
mswc-a6cf12acd6d1d9a4,negative_confusable,unknown,1.0,test,split_extension_append_abs_deficit
mswc-a6d5cab0bcd05600,negative_confusable,unknown,1.0,train,split_extension_append_abs_deficit
mswc-a6e396b55c9648f3,negative_confusable,unknown,1.0,validation,split_extension_append_abs_deficit
mswc-a6fefb61639c0a1a,negative_confusable,unknown,1.0,train,split_extension_append_abs_deficit
mswc-a6ff754df7d88ca3,negative_confusable,unknown,1.0,train,split_extension_append_abs_deficit
mswc-a7350ad33871811e,negative_confusable,unknown,1.0,train,split_extension_append_abs_deficit
mswc-a745a27d724d5241,negative_confusable,unknown,1.0,train,split_extension_append_abs_deficit
mswc-a74a2e9171e15d74,negative_confusable,unknown,1.0,train,split_extension_append_abs_deficit
mswc-a756a523466820ed,negative_confusable,unknown,1.0,train,split_extension_append_abs_deficit
mswc-a75d9faa70991299,negative_confusable,unknown,1.0,test,split_extension_append_abs_deficit
mswc-a776763f0a4b697e,negative_confusable,unknown,1.0,validation,split_extension_append_abs_deficit
mswc-a77d8ecbcc7f08fd,negative_confusable,unknown,1.0,test,split_extension_append_abs_deficit
mswc-a78a5f204ce9cc01,negative_confusable,unknown,1.0,train,split_extension_append_abs_deficit
mswc-a78d2623a67e838e,negative_confusable,unknown,1.0,test,split_extension_append_abs_deficit
mswc-a79209d40b9b6896,negative_confusable,unknown,1.0,train,split_extension_append_abs_deficit
mswc-a79cbe4bac5633d9,negative_confusable,unknown,3.0,train,split_extension_append_abs_deficit
mswc-a7b1db5f82512a77,negative_confusable,unknown,1.0,validation,split_extension_append_abs_deficit
mswc-a7b40d12a2d8f1b9,negative_confusable,unknown,1.0,train,split_extension_append_abs_deficit
mswc-a7b706154f6e03be,negative_confusable,unknown,1.0,test,split_extension_append_abs_deficit
mswc-a7ba9fae02339ab5,negative_confusable,unknown,1.0,validation,split_extension_append_abs_deficit
mswc-a7bb973c564bb75f,negative_confusable,unknown,1.0,train,split_extension_append_abs_deficit
mswc-a7bd1f76645b4629,negative_confusable,unknown,1.0,validation,split_extension_append_abs_deficit
mswc-a7c9d70a5e351045,negative_confusable,unknown,1.0,validation,split_extension_append_abs_deficit
mswc-a7f9c0772d00d671,negative_confusable,unknown,1.0,test,split_extension_append_abs_deficit
mswc-a7fd0808e0942c46,negative_confusable,unknown,1.0,train,split_extension_append_abs_deficit
mswc-a7fd7ac58b7becc2,negative_confusable,unknown,2.0,train,split_extension_append_abs_deficit
mswc-a80be13481df881b,negative_confusable,unknown,2.0,train,split_extension_append_abs_deficit
mswc-a812084d7919d7e0,negative_confusable,unknown,1.0,train,split_extension_append_abs_deficit
mswc-a83b3eca99d046b4,negative_confusable,unknown,1.0,test,split_extension_append_abs_deficit
mswc-a83e63e65a6efb2c,negative_confusable,unknown,1.0,validation,split_extension_append_abs_deficit
mswc-a8541ebafa45956f,negative_confusable,unknown,1.0,train,split_extension_append_abs_deficit
mswc-a8658d6476e4aa3f,negative_confusable,unknown,1.0,validation,split_extension_append_abs_deficit
mswc-a86d25c2c281ec97,negative_confusable,unknown,1.0,train,split_extension_append_abs_deficit
mswc-a88bf7598a06fc35,negative_confusable,unknown,3.0,train,split_extension_append_abs_deficit
mswc-a8a44e572b1f34c4,negative_confusable,unknown,1.0,test,split_extension_append_abs_deficit
mswc-a8b31eeb14fd468e,negative_confusable,unknown,1.0,train,split_extension_append_abs_deficit
mswc-a8bdec4856974a8f,negative_confusable,unknown,1.0,train,split_extension_append_abs_deficit
mswc-a8e690747c316bd2,negative_confusable,unknown,1.0,train,split_extension_append_abs_deficit
mswc-a8f49bdf011bbb77,negative_confusable,unknown,1.0,validation,split_extension_append_abs_deficit
mswc-a8ff5736c22a4cdd,negative_confusable,unknown,1.0,train,split_extension_append_abs_deficit
mswc-a91353e64024852c,negative_confusable,unknown,3.0,train,split_extension_append_abs_deficit
mswc-a914c6da447c240a,negative_confusable,unknown,1.0,train,split_extension_append_abs_deficit
mswc-a9529eefe2a1fccf,negative_confusable,unknown,1.0,train,split_extension_append_abs_deficit
mswc-a95e7085992ec69c,negative_confusable,unknown,1.0,test,split_extension_append_abs_deficit
mswc-a96f49ba23dcec45,negative_confusable,unknown,1.0,test,split_extension_append_abs_deficit
mswc-a9835abc8fd0cf44,negative_confusable,unknown,1.0,test,split_extension_append_abs_deficit
mswc-a9876d0fcd7fdea9,negative_confusable,unknown,1.0,train,split_extension_append_abs_deficit
mswc-a98cd7f834637c1e,negative_confusable,unknown,1.0,train,split_extension_append_abs_deficit
mswc-a99bcf6d196a60b1,negative_confusable,unknown,1.0,train,split_extension_append_abs_deficit
mswc-a9a05a120ee32215,negative_confusable,unknown,1.0,train,split_extension_append_abs_deficit
mswc-a9a2c8f348feea3a,negative_confusable,unknown,1.0,train,split_extension_append_abs_deficit
mswc-a9ca63bad1487efa,negative_confusable,unknown,1.0,validation,split_extension_append_abs_deficit
mswc-a9cdb905dc40d333,negative_confusable,unknown,1.0,test,split_extension_append_abs_deficit
mswc-a9cdc02f8a5162a3,negative_confusable,unknown,1.0,train,split_extension_append_abs_deficit
mswc-a9da0775897ce6e8,negative_confusable,unknown,1.0,validation,split_extension_append_abs_deficit
mswc-a9df4cef1a951446,negative_confusable,unknown,1.0,test,split_extension_append_abs_deficit
mswc-a9ee322737caffc6,negative_confusable,unknown,1.0,train,split_extension_append_abs_deficit
mswc-a9f9dcd9aaff8774,negative_confusable,unknown,2.0,train,split_extension_append_abs_deficit
mswc-aa09942f3f15f3f2,negative_confusable,unknown,1.0,train,split_extension_append_abs_deficit
mswc-aa0e7338fe14064f,negative_confusable,unknown,1.0,train,split_extension_append_abs_deficit
mswc-aa229274711f2b10,negative_confusable,unknown,5.0,train,split_extension_append_abs_deficit
mswc-aa308a6660bba7cb,negative_confusable,unknown,10.0,train,split_extension_append_abs_deficit
mswc-aa37c018a5a8c5e1,negative_confusable,unknown,1.0,train,split_extension_append_abs_deficit
mswc-aa4562cb72a9063d,negative_confusable,unknown,1.0,validation,split_extension_append_abs_deficit
mswc-aa4fa5da3770183f,negative_confusable,unknown,1.0,train,split_extension_append_abs_deficit
mswc-aa6a3aa058c055c0,negative_confusable,unknown,4.0,train,split_extension_append_abs_deficit
mswc-aa75410de786f371,negative_confusable,unknown,1.0,train,split_extension_append_abs_deficit
mswc-aa776fbaeacab000,negative_confusable,unknown,1.0,train,split_extension_append_abs_deficit
mswc-aa7f3149570d9ccd,negative_confusable,unknown,1.0,train,split_extension_append_abs_deficit
mswc-aa834d4e6d181a7d,negative_confusable,unknown,1.0,test,split_extension_append_abs_deficit
mswc-aa83703e72ae37e1,negative_confusable,unknown,1.0,train,split_extension_append_abs_deficit
mswc-aa93161250aa2033,negative_confusable,unknown,1.0,train,split_extension_append_abs_deficit
mswc-aa9deee85bb83d18,negative_confusable,unknown,2.0,train,split_extension_append_abs_deficit
mswc-aab39a2f4641f82d,negative_confusable,unknown,1.0,validation,split_extension_append_abs_deficit
mswc-aae32c1b58fd466a,negative_confusable,unknown,1.0,validation,split_extension_append_abs_deficit
mswc-aaf0741fc66869d5,negative_confusable,unknown,1.0,train,split_extension_append_abs_deficit
mswc-aafd07274715a824,negative_confusable,unknown,1.0,train,split_extension_append_abs_deficit
mswc-ab1678716a0296f1,negative_confusable,unknown,1.0,train,split_extension_append_abs_deficit
mswc-ab1cbf98bbc64c43,negative_confusable,unknown,1.0,train,split_extension_append_abs_deficit
mswc-ab5841370fb3ffc7,negative_confusable,unknown,1.0,train,split_extension_append_abs_deficit
mswc-ab72e9ab22713aec,negative_confusable,unknown,25.0,train,split_extension_append_abs_deficit
mswc-ab8303cfca0da75f,negative_confusable,unknown,1.0,validation,split_extension_append_abs_deficit
mswc-ab9d8e5ffc273ca9,negative_confusable,unknown,1.0,train,split_extension_append_abs_deficit
mswc-aba8c4ba30c7bc89,negative_confusable,unknown,2.0,train,split_extension_append_abs_deficit
mswc-abb4be135da56c3e,negative_confusable,unknown,1.0,train,split_extension_append_abs_deficit
mswc-abd6db574e00dfbc,negative_confusable,unknown,1.0,validation,split_extension_append_abs_deficit
mswc-abdd95b4ff3de880,negative_confusable,unknown,1.0,train,split_extension_append_abs_deficit
mswc-abf6f2930167fc56,negative_confusable,unknown,2.0,train,split_extension_append_abs_deficit
mswc-ac11ef1d4abdfe25,negative_confusable,unknown,1.0,validation,split_extension_append_abs_deficit
mswc-ac1544950ff0b2cc,negative_confusable,unknown,1.0,train,split_extension_append_abs_deficit
mswc-ac4fa17daca75573,negative_confusable,unknown,1.0,train,split_extension_append_abs_deficit
mswc-ac556f6edf20d0a9,negative_confusable,unknown,1.0,train,split_extension_append_abs_deficit
mswc-ac5618f16ead1532,negative_confusable,unknown,1.0,train,split_extension_append_abs_deficit
mswc-ac5d02ef33e07b9a,negative_confusable,unknown,1.0,train,split_extension_append_abs_deficit
mswc-ac5fc0cc78c00836,negative_confusable,unknown,1.0,train,split_extension_append_abs_deficit
mswc-ac5fea9cacdfa4a2,negative_confusable,unknown,2.0,train,split_extension_append_abs_deficit
mswc-ac6c32f959398d49,negative_confusable,unknown,14.0,train,split_extension_append_abs_deficit
mswc-ac70e449858506b1,negative_confusable,unknown,1.0,validation,split_extension_append_abs_deficit
mswc-ac72cd6faae30d30,negative_confusable,unknown,1.0,test,split_extension_append_abs_deficit
mswc-ac78a2a1348db2f1,negative_confusable,unknown,2.0,train,split_extension_append_abs_deficit
mswc-ac8383de61de99e2,negative_confusable,unknown,1.0,test,split_extension_append_abs_deficit
mswc-aca0bdcf684b98ad,negative_confusable,unknown,1.0,train,split_extension_append_abs_deficit
mswc-aca3ddd9bc9e4058,negative_confusable,unknown,2.0,train,split_extension_append_abs_deficit
mswc-accae170c3dbfa45,negative_confusable,unknown,1.0,train,split_extension_append_abs_deficit
mswc-accaf4fdcd2f5f7f,negative_confusable,unknown,1.0,train,split_extension_append_abs_deficit
mswc-acda0520059ab20a,negative_confusable,unknown,1.0,train,split_extension_append_abs_deficit
mswc-acdc87dda5065165,negative_confusable,unknown,1.0,train,split_extension_append_abs_deficit
mswc-ad02318a1f81be60,negative_confusable,unknown,1.0,test,split_extension_append_abs_deficit
mswc-ad12cd9f43df2419,negative_confusable,unknown,1.0,train,split_extension_append_abs_deficit
mswc-ad15e51e52a3eb2f,negative_confusable,unknown,1.0,train,split_extension_append_abs_deficit
mswc-ad18305eb8ef4812,negative_confusable,unknown,2.0,train,split_extension_append_abs_deficit
mswc-ad3f377e212376fe,negative_confusable,unknown,1.0,train,split_extension_append_abs_deficit
mswc-ad4dffac89046f9f,negative_confusable,unknown,1.0,validation,split_extension_append_abs_deficit
mswc-ad4ea5a248f02369,negative_confusable,unknown,1.0,train,split_extension_append_abs_deficit
mswc-ad6d49c78235c74a,negative_confusable,unknown,1.0,validation,split_extension_append_abs_deficit
mswc-ad6ee5dfc2c0964e,negative_confusable,unknown,2.0,train,split_extension_append_abs_deficit
mswc-ad7e7a92440e9d2b,negative_confusable,unknown,1.0,train,split_extension_append_abs_deficit
mswc-ad8bc12be997ebe0,negative_confusable,unknown,2.0,train,split_extension_append_abs_deficit
mswc-ad900faa1f74bd77,negative_confusable,unknown,2.0,train,split_extension_append_abs_deficit
mswc-ad95e92260ba9aeb,negative_confusable,unknown,3.0,train,split_extension_append_abs_deficit
mswc-adaff2ab0413841d,negative_confusable,unknown,1.0,train,split_extension_append_abs_deficit
mswc-adcdfe601c29b7ff,negative_confusable,unknown,1.0,train,split_extension_append_abs_deficit
mswc-add467545a59909f,negative_confusable,unknown,6.0,train,split_extension_append_abs_deficit
mswc-adf473c3415a6203,negative_confusable,unknown,2.0,train,split_extension_append_abs_deficit
mswc-ae0009d1b01790b0,negative_confusable,unknown,1.0,test,split_extension_append_abs_deficit
mswc-ae03df73c5079b45,negative_confusable,unknown,1.0,validation,split_extension_append_abs_deficit
mswc-ae0983fc98008a2a,negative_confusable,unknown,1.0,validation,split_extension_append_abs_deficit
mswc-ae0a598c04ce6d03,negative_confusable,unknown,2.0,train,split_extension_append_abs_deficit
mswc-ae0b0f734d57293e,negative_confusable,unknown,1.0,train,split_extension_append_abs_deficit
mswc-ae13a4a776cf3019,negative_confusable,unknown,5.0,train,split_extension_append_abs_deficit
mswc-ae2bbec69aab1485,negative_confusable,unknown,1.0,test,split_extension_append_abs_deficit
mswc-ae3195e1430d7b9b,negative_confusable,unknown,1.0,validation,split_extension_append_abs_deficit
mswc-ae35c1fbc4f1fbe8,negative_confusable,unknown,1.0,train,split_extension_append_abs_deficit
mswc-ae36d03e114859d3,negative_confusable,unknown,1.0,train,split_extension_append_abs_deficit
mswc-ae401ac9b603e811,negative_confusable,unknown,4.0,train,split_extension_append_abs_deficit
mswc-ae470d4864dd6dd3,negative_confusable,unknown,1.0,test,split_extension_append_abs_deficit
mswc-ae49ac5f2cd90bb9,negative_confusable,unknown,1.0,validation,split_extension_append_abs_deficit
mswc-ae68cf68a713de70,negative_confusable,unknown,1.0,test,split_extension_append_abs_deficit
mswc-aec0db8667fd6347,negative_confusable,unknown,1.0,train,split_extension_append_abs_deficit
mswc-aec17bb24b7ec58b,negative_confusable,unknown,2.0,train,split_extension_append_abs_deficit
mswc-aec4ae6acb6bb290,negative_confusable,unknown,1.0,train,split_extension_append_abs_deficit
mswc-aeca993728c113f1,negative_confusable,unknown,1.0,train,split_extension_append_abs_deficit
mswc-aeccb1d8e0764394,negative_confusable,unknown,1.0,train,split_extension_append_abs_deficit
mswc-aed94d1c3f4986d9,negative_confusable,unknown,1.0,validation,split_extension_append_abs_deficit
mswc-aee23079e17c448b,negative_confusable,unknown,1.0,train,split_extension_append_abs_deficit
mswc-aeea4b94087062e0,negative_confusable,unknown,1.0,test,split_extension_append_abs_deficit
mswc-aeef30f5cac512b0,negative_confusable,unknown,1.0,train,split_extension_append_abs_deficit
mswc-af10e84df9bf4d04,negative_confusable,unknown,1.0,validation,split_extension_append_abs_deficit
mswc-af1c722c2f64e198,negative_confusable,unknown,1.0,validation,split_extension_append_abs_deficit
mswc-af285ede08f3890f,negative_confusable,unknown,1.0,train,split_extension_append_abs_deficit
mswc-af2cb2cd54059e9c,negative_confusable,unknown,1.0,train,split_extension_append_abs_deficit
mswc-af3acb2416c8746f,negative_confusable,unknown,2.0,train,split_extension_append_abs_deficit
mswc-af4678b0d099fa4c,negative_confusable,unknown,1.0,train,split_extension_append_abs_deficit
mswc-af6e8a74cff158f7,negative_confusable,unknown,1.0,train,split_extension_append_abs_deficit
mswc-af6eabb1520a0a17,negative_confusable,unknown,1.0,validation,split_extension_append_abs_deficit
mswc-af792daf088a6aa1,negative_confusable,unknown,4.0,train,split_extension_append_abs_deficit
mswc-af7eb8ab466084df,negative_confusable,unknown,1.0,validation,split_extension_append_abs_deficit
mswc-af97798522c5937c,negative_confusable,unknown,1.0,train,split_extension_append_abs_deficit
mswc-afa78716d54d8858,negative_confusable,unknown,1.0,train,split_extension_append_abs_deficit
mswc-afb414d76e7bb8e7,negative_confusable,unknown,1.0,train,split_extension_append_abs_deficit
mswc-afbc32fa9461857a,negative_confusable,unknown,1.0,test,split_extension_append_abs_deficit
mswc-afc69772efa3cf93,negative_confusable,unknown,1.0,train,split_extension_append_abs_deficit
mswc-afd0e736eb59ae41,negative_confusable,unknown,1.0,train,split_extension_append_abs_deficit
mswc-aff5bb70a672bed6,negative_confusable,unknown,3.0,train,split_extension_append_abs_deficit
mswc-b00573e8183d0e30,negative_confusable,unknown,2.0,train,split_extension_append_abs_deficit
mswc-b0058552fe8bf052,negative_confusable,unknown,2.0,train,split_extension_append_abs_deficit
mswc-b00ce3041281a8e6,negative_confusable,unknown,1.0,train,split_extension_append_abs_deficit
mswc-b020a737f6071a74,negative_confusable,unknown,2.0,train,split_extension_append_abs_deficit
mswc-b0274b7c59e62662,negative_confusable,unknown,1.0,validation,split_extension_append_abs_deficit
mswc-b0293c99fd0574fe,negative_confusable,unknown,2.0,train,split_extension_append_abs_deficit
mswc-b031f54490e7d664,negative_confusable,unknown,1.0,train,split_extension_append_abs_deficit
mswc-b0364aff905c8b57,negative_confusable,unknown,2.0,train,split_extension_append_abs_deficit
mswc-b04e3d4f36bae41d,negative_confusable,unknown,1.0,validation,split_extension_append_abs_deficit
mswc-b05609a661f092d0,negative_confusable,unknown,1.0,test,split_extension_append_abs_deficit
mswc-b05ccc76fb7d28a4,negative_confusable,unknown,1.0,validation,split_extension_append_abs_deficit
mswc-b067e4a64d0c78c7,negative_confusable,unknown,1.0,train,split_extension_append_abs_deficit
mswc-b08770ad75ecc341,negative_confusable,unknown,1.0,train,split_extension_append_abs_deficit
mswc-b097af335e2d4ad5,negative_confusable,unknown,1.0,test,split_extension_append_abs_deficit
mswc-b0a89244b8284aed,negative_confusable,unknown,1.0,validation,split_extension_append_abs_deficit
mswc-b0b79274733d9828,negative_confusable,unknown,2.0,train,split_extension_append_abs_deficit
mswc-b0bdf4ba1041ee41,negative_confusable,unknown,1.0,train,split_extension_append_abs_deficit
mswc-b0c3b9ef5bdbce1c,negative_confusable,unknown,1.0,train,split_extension_append_abs_deficit
mswc-b0c472c77b16f217,negative_confusable,unknown,1.0,train,split_extension_append_abs_deficit
mswc-b0dec8b933595f7b,negative_confusable,unknown,2.0,train,split_extension_append_abs_deficit
mswc-b0df3b46edbe4220,negative_confusable,unknown,2.0,train,split_extension_append_abs_deficit
mswc-b0e92d077f3a4e88,negative_confusable,unknown,1.0,train,split_extension_append_abs_deficit
mswc-b0e973750df83d2b,negative_confusable,unknown,2.0,train,split_extension_append_abs_deficit
mswc-b0f3404bf2238c54,negative_confusable,unknown,1.0,train,split_extension_append_abs_deficit
mswc-b0f75ecbd18ad808,negative_confusable,unknown,1.0,test,split_extension_append_abs_deficit
mswc-b1385a0cd2411003,negative_confusable,unknown,1.0,test,split_extension_append_abs_deficit
mswc-b13f02ef2eccf74b,negative_confusable,unknown,1.0,train,split_extension_append_abs_deficit
mswc-b150336678b73882,negative_confusable,unknown,1.0,validation,split_extension_append_abs_deficit
mswc-b1565d502a63f871,negative_confusable,unknown,2.0,train,split_extension_append_abs_deficit
mswc-b15d4bf1cec79fab,negative_confusable,unknown,1.0,train,split_extension_append_abs_deficit
mswc-b169f29ea4179ed2,negative_confusable,unknown,1.0,train,split_extension_append_abs_deficit
mswc-b16aec5eaefe46b9,negative_confusable,unknown,4.0,train,split_extension_append_abs_deficit
mswc-b1739b02a6faacce,negative_confusable,unknown,1.0,train,split_extension_append_abs_deficit
mswc-b176bca64f4cfe07,negative_confusable,unknown,1.0,validation,split_extension_append_abs_deficit
mswc-b18ef2052d6158d2,negative_confusable,unknown,1.0,train,split_extension_append_abs_deficit
mswc-b1998e41bd06cc08,negative_confusable,unknown,1.0,train,split_extension_append_abs_deficit
mswc-b1a3e6cdc3c145ea,negative_confusable,unknown,1.0,validation,split_extension_append_abs_deficit
mswc-b1a720cf7f2c8cd1,negative_confusable,unknown,2.0,train,split_extension_append_abs_deficit
mswc-b1c70f39b17461cf,negative_confusable,unknown,1.0,train,split_extension_append_abs_deficit
mswc-b1ca160e3afc0eab,negative_confusable,unknown,1.0,validation,split_extension_append_abs_deficit
mswc-b1caee227de1fb6a,negative_confusable,unknown,1.0,test,split_extension_append_abs_deficit
mswc-b1dfbc59f9db853b,negative_confusable,unknown,1.0,test,split_extension_append_abs_deficit
mswc-b231d136f43eb91f,negative_confusable,unknown,1.0,train,split_extension_append_abs_deficit
mswc-b23c9e5b3f705f41,negative_confusable,unknown,2.0,train,split_extension_append_abs_deficit
mswc-b2400833b235ea5c,negative_confusable,unknown,1.0,test,split_extension_append_abs_deficit
mswc-b25d10da3ab1df21,negative_confusable,unknown,2.0,train,split_extension_append_abs_deficit
mswc-b2649e006e2953b5,negative_confusable,unknown,1.0,validation,split_extension_append_abs_deficit
mswc-b26ec63cff0dbcc6,negative_confusable,unknown,1.0,validation,split_extension_append_abs_deficit
mswc-b281fb23c1d494d6,negative_confusable,unknown,1.0,train,split_extension_append_abs_deficit
mswc-b2850d10874d164b,negative_confusable,unknown,1.0,train,split_extension_append_abs_deficit
mswc-b28ac3e587344318,negative_confusable,unknown,1.0,test,split_extension_append_abs_deficit
mswc-b28f486b414dbb5f,negative_confusable,unknown,4.0,train,split_extension_append_abs_deficit
mswc-b2b2030e7c0a0926,negative_confusable,unknown,1.0,validation,split_extension_append_abs_deficit
mswc-b2b56ad42dbfd9b1,negative_confusable,unknown,1.0,train,split_extension_append_abs_deficit
mswc-b2c5d632df01672b,negative_confusable,unknown,1.0,test,split_extension_append_abs_deficit
mswc-b2c73bfce0ac0914,negative_confusable,unknown,1.0,train,split_extension_append_abs_deficit
mswc-b2e6ab6e09902afe,negative_confusable,unknown,5.0,train,split_extension_append_abs_deficit
mswc-b2edbaf2449d2051,negative_confusable,unknown,1.0,train,split_extension_append_abs_deficit
mswc-b2edf172d89b0653,negative_confusable,unknown,1.0,train,split_extension_append_abs_deficit
mswc-b2f3a432dc42a61f,negative_confusable,unknown,1.0,validation,split_extension_append_abs_deficit
mswc-b2fad5bb3a4ea745,negative_confusable,unknown,1.0,train,split_extension_append_abs_deficit
mswc-b300f4234b49301e,negative_confusable,unknown,1.0,train,split_extension_append_abs_deficit
mswc-b31374d1ecc33690,negative_confusable,unknown,1.0,train,split_extension_append_abs_deficit
mswc-b321f13752fb638b,negative_confusable,unknown,1.0,validation,split_extension_append_abs_deficit
mswc-b334dfd8aa47c9f8,negative_confusable,unknown,1.0,train,split_extension_append_abs_deficit
mswc-b3352e887b94b845,negative_confusable,unknown,1.0,train,split_extension_append_abs_deficit
mswc-b340e6ac712cfae5,negative_confusable,unknown,1.0,train,split_extension_append_abs_deficit
mswc-b34f200ffe5a44b2,negative_confusable,unknown,1.0,train,split_extension_append_abs_deficit
mswc-b35adc724ddd279b,negative_confusable,unknown,2.0,train,split_extension_append_abs_deficit
mswc-b36a0f5d49f88a1f,negative_confusable,unknown,1.972,train,split_extension_append_abs_deficit
mswc-b36b7de0a8efdb21,negative_confusable,unknown,1.0,validation,split_extension_append_abs_deficit
mswc-b3740150ad4779de,negative_confusable,unknown,1.0,train,split_extension_append_abs_deficit
mswc-b37f4cb1d6fce0b8,negative_confusable,unknown,1.0,test,split_extension_append_abs_deficit
mswc-b386b519a6e9647c,negative_confusable,unknown,1.0,validation,split_extension_append_abs_deficit
mswc-b38b88f0aa5821ad,negative_confusable,unknown,3.0,train,split_extension_append_abs_deficit
mswc-b3c3c3af79b846c1,negative_confusable,unknown,3.0,train,split_extension_append_abs_deficit
mswc-b3c44bf5f4e792cb,negative_confusable,unknown,1.0,validation,split_extension_append_abs_deficit
mswc-b3c941a95fb77325,negative_confusable,unknown,1.0,validation,split_extension_append_abs_deficit
mswc-b402e69d99a96843,negative_confusable,unknown,2.0,train,split_extension_append_abs_deficit
mswc-b4114163d201648c,negative_confusable,unknown,1.0,test,split_extension_append_abs_deficit
mswc-b416782fb5a40579,negative_confusable,unknown,1.0,validation,split_extension_append_abs_deficit
mswc-b41887200545da75,negative_confusable,unknown,1.0,train,split_extension_append_abs_deficit
mswc-b419faab633f2099,negative_confusable,unknown,30.0,train,split_extension_append_abs_deficit
mswc-b45e7e1935eb4b3b,negative_confusable,unknown,1.0,test,split_extension_append_abs_deficit
mswc-b465aae1710c9ce2,negative_confusable,unknown,1.0,train,split_extension_append_abs_deficit
mswc-b46d39377dbd8cdc,negative_confusable,unknown,6.0,train,split_extension_append_abs_deficit
mswc-b472b8e317e24c77,negative_confusable,unknown,2.0,train,split_extension_append_abs_deficit
mswc-b494974816355eee,negative_confusable,unknown,1.0,train,split_extension_append_abs_deficit
mswc-b4a14b04feed742b,negative_confusable,unknown,1.0,validation,split_extension_append_abs_deficit
mswc-b4a9c6b15e1ad103,negative_confusable,unknown,1.0,validation,split_extension_append_abs_deficit
mswc-b4d18560897fdb41,negative_confusable,unknown,1.0,train,split_extension_append_abs_deficit
mswc-b4d845a37560ac8c,negative_confusable,unknown,1.0,train,split_extension_append_abs_deficit
mswc-b4faa70902393151,negative_confusable,unknown,1.0,train,split_extension_append_abs_deficit
mswc-b50376acc28f5eae,negative_confusable,unknown,1.0,train,split_extension_append_abs_deficit
mswc-b50ddd0c9a91c70c,negative_confusable,unknown,2.0,train,split_extension_append_abs_deficit
mswc-b518f1e920e6c754,negative_confusable,unknown,1.0,test,split_extension_append_abs_deficit
mswc-b52ae8cc2e4e7ee5,negative_confusable,unknown,1.0,validation,split_extension_append_abs_deficit
mswc-b53f1e1ca07421b2,negative_confusable,unknown,1.0,train,split_extension_append_abs_deficit
mswc-b54335ce95b5b62c,negative_confusable,unknown,3.974,train,split_extension_append_abs_deficit
mswc-b564feab9d3c31af,negative_confusable,unknown,1.0,validation,split_extension_append_abs_deficit
mswc-b587085408b4a61b,negative_confusable,unknown,2.0,train,split_extension_append_abs_deficit
mswc-b5a227dd211a6234,negative_confusable,unknown,1.0,test,split_extension_append_abs_deficit
mswc-b5c193823764868c,negative_confusable,unknown,2.0,train,split_extension_append_abs_deficit
mswc-b5c1bf4933211564,negative_confusable,unknown,1.0,train,split_extension_append_abs_deficit
mswc-b5c6eb9fcb6cf714,negative_confusable,unknown,1.0,train,split_extension_append_abs_deficit
mswc-b5cfe2d11199f45f,negative_confusable,unknown,1.0,train,split_extension_append_abs_deficit
mswc-b610c705ed2eee7e,negative_confusable,unknown,1.0,train,split_extension_append_abs_deficit
mswc-b612387b7b798ed5,negative_confusable,unknown,1.0,train,split_extension_append_abs_deficit
mswc-b619beb059f27441,negative_confusable,unknown,1.0,train,split_extension_append_abs_deficit
mswc-b61e414a03ff8681,negative_confusable,unknown,2.0,train,split_extension_append_abs_deficit
mswc-b6245332d4bf33d8,negative_confusable,unknown,3.0,train,split_extension_append_abs_deficit
mswc-b63992afbc989c34,negative_confusable,unknown,2.0,train,split_extension_append_abs_deficit
mswc-b6624bbbf99e0b2b,negative_confusable,unknown,1.0,validation,split_extension_append_abs_deficit
mswc-b66fd4b00cdff35e,negative_confusable,unknown,1.0,train,split_extension_append_abs_deficit
mswc-b68d35e57012336f,negative_confusable,unknown,4.0,train,split_extension_append_abs_deficit
mswc-b692a561b7223bb0,negative_confusable,unknown,1.0,train,split_extension_append_abs_deficit
mswc-b6989713d8e456c7,negative_confusable,unknown,1.0,train,split_extension_append_abs_deficit
mswc-b6db9f7b932185cf,negative_confusable,unknown,1.0,test,split_extension_append_abs_deficit
mswc-b6dc6d3febfe8917,negative_confusable,unknown,1.0,test,split_extension_append_abs_deficit
mswc-b704db01da1fb783,negative_confusable,unknown,1.0,train,split_extension_append_abs_deficit
mswc-b70ac79c9504b70e,negative_confusable,unknown,1.0,test,split_extension_append_abs_deficit
mswc-b71d1dbbf0de2079,negative_confusable,unknown,1.0,train,split_extension_append_abs_deficit
mswc-b7268b35f26968f5,negative_confusable,unknown,1.0,test,split_extension_append_abs_deficit
mswc-b7357ad4db030a78,negative_confusable,unknown,1.0,train,split_extension_append_abs_deficit
mswc-b73bda870066af15,negative_confusable,unknown,1.0,train,split_extension_append_abs_deficit
mswc-b73d56632a8ff0e7,negative_confusable,unknown,1.0,validation,split_extension_append_abs_deficit
mswc-b74ab1c0d457168b,negative_confusable,unknown,2.0,train,split_extension_append_abs_deficit
mswc-b7514ef9385f8d81,negative_confusable,unknown,1.0,validation,split_extension_append_abs_deficit
mswc-b77124c3f64c124e,negative_confusable,unknown,4.0,train,split_extension_append_abs_deficit
mswc-b783d82585b4bd17,negative_confusable,unknown,1.0,train,split_extension_append_abs_deficit
mswc-b7998902bc18c0b9,negative_confusable,unknown,1.0,train,split_extension_append_abs_deficit
mswc-b7cf4b26f56ced1c,negative_confusable,unknown,1.0,train,split_extension_append_abs_deficit
mswc-b7dcfb1f807e2685,negative_confusable,unknown,1.0,train,split_extension_append_abs_deficit
mswc-b7e8f1b8f12cb288,negative_confusable,unknown,1.0,validation,split_extension_append_abs_deficit
mswc-b7f319c40ebad035,negative_confusable,unknown,2.0,train,split_extension_append_abs_deficit
mswc-b800185e6da2dc03,negative_confusable,unknown,3.0,train,split_extension_append_abs_deficit
mswc-b80d5c3b1665f2a9,negative_confusable,unknown,1.0,validation,split_extension_append_abs_deficit
mswc-b814041b2297b4dd,negative_confusable,unknown,1.0,train,split_extension_append_abs_deficit
mswc-b82546c8994d7ece,negative_confusable,unknown,1.0,train,split_extension_append_abs_deficit
mswc-b82f62013407b24d,negative_confusable,unknown,1.0,train,split_extension_append_abs_deficit
mswc-b82f890c90ca66dc,negative_confusable,unknown,1.0,validation,split_extension_append_abs_deficit
mswc-b849d917bbd89935,negative_confusable,unknown,1.0,validation,split_extension_append_abs_deficit
mswc-b85b3db9157e7a37,negative_confusable,unknown,1.0,train,split_extension_append_abs_deficit
mswc-b85b43aa8d03213f,negative_confusable,unknown,1.0,validation,split_extension_append_abs_deficit
mswc-b86bc67dc3879e3d,negative_confusable,unknown,1.0,validation,split_extension_append_abs_deficit
mswc-b8733bf167caa90f,negative_confusable,unknown,1.0,train,split_extension_append_abs_deficit
mswc-b873533c553615d2,negative_confusable,unknown,1.0,train,split_extension_append_abs_deficit
mswc-b8777dffc64a19aa,negative_confusable,unknown,1.0,test,split_extension_append_abs_deficit
mswc-b8887686994cf91a,negative_confusable,unknown,1.0,train,split_extension_append_abs_deficit
mswc-b88a74882b701741,negative_confusable,unknown,2.0,train,split_extension_append_abs_deficit
mswc-b891f702cffc7f6a,negative_confusable,unknown,1.0,train,split_extension_append_abs_deficit
mswc-b89439ecd9820d93,negative_confusable,unknown,1.0,test,split_extension_append_abs_deficit
mswc-b89faafd100bff33,negative_confusable,unknown,1.0,validation,split_extension_append_abs_deficit
mswc-b8a11f6ca446148b,negative_confusable,unknown,1.0,train,split_extension_append_abs_deficit
mswc-b8becbd03f560c0c,negative_confusable,unknown,1.0,validation,split_extension_append_abs_deficit
mswc-b8d5e51d33caaf17,negative_confusable,unknown,1.0,validation,split_extension_append_abs_deficit
mswc-b8e6a206b5dd57db,negative_confusable,unknown,1.0,train,split_extension_append_abs_deficit
mswc-b8f3f43a6dc3d161,negative_confusable,unknown,2.0,train,split_extension_append_abs_deficit
mswc-b92501fa87c29a62,negative_confusable,unknown,1.0,train,split_extension_append_abs_deficit
mswc-b9516172490290e7,negative_confusable,unknown,1.0,validation,split_extension_append_abs_deficit
mswc-b952fcf197768e46,negative_confusable,unknown,1.0,validation,split_extension_append_abs_deficit
mswc-b956dcfd5b4e9a06,negative_confusable,unknown,1.0,test,split_extension_append_abs_deficit
mswc-b97b7d9482144aa5,negative_confusable,unknown,2.0,train,split_extension_append_abs_deficit
mswc-b98c3985904b1a29,negative_confusable,unknown,1.0,train,split_extension_append_abs_deficit
mswc-b99daa6555506c44,negative_confusable,unknown,1.0,validation,split_extension_append_abs_deficit
mswc-b9b914f4081fb9fb,negative_confusable,unknown,1.0,test,split_extension_append_abs_deficit
mswc-b9bcdd3fffc86cd4,negative_confusable,unknown,2.0,train,split_extension_append_abs_deficit
mswc-b9cef310eb41e8ad,negative_confusable,unknown,1.0,train,split_extension_append_abs_deficit
mswc-b9d0f332a54aa9cc,negative_confusable,unknown,1.0,validation,split_extension_append_abs_deficit
mswc-b9d5b4440171f27c,negative_confusable,unknown,1.0,test,split_extension_append_abs_deficit
mswc-b9db4e5fd24c684a,negative_confusable,unknown,1.0,train,split_extension_append_abs_deficit
mswc-ba001b8981452b0f,negative_confusable,unknown,4.0,train,split_extension_append_abs_deficit
mswc-ba0d793f321c1ebd,negative_confusable,unknown,1.0,test,split_extension_append_abs_deficit
mswc-ba1062eee68a35b5,negative_confusable,unknown,1.0,validation,split_extension_append_abs_deficit
mswc-ba10b9c4dae8ba70,negative_confusable,unknown,1.0,train,split_extension_append_abs_deficit
mswc-ba194fcf0dd199a9,negative_confusable,unknown,1.0,train,split_extension_append_abs_deficit
mswc-ba1c7c469210df78,negative_confusable,unknown,1.0,validation,split_extension_append_abs_deficit
mswc-ba26cfd7b1c57948,negative_confusable,unknown,2.0,train,split_extension_append_abs_deficit
mswc-ba35cf05abd0d454,negative_confusable,unknown,1.0,train,split_extension_append_abs_deficit
mswc-ba399d302a8062a2,negative_confusable,unknown,1.0,validation,split_extension_append_abs_deficit
mswc-ba3c47147cd73da8,negative_confusable,unknown,1.0,train,split_extension_append_abs_deficit
mswc-ba42879127bcb1f4,negative_confusable,unknown,1.0,train,split_extension_append_abs_deficit
mswc-ba4623eedaac7b5a,negative_confusable,unknown,1.0,validation,split_extension_append_abs_deficit
mswc-ba49e79c8bf7a740,negative_confusable,unknown,1.0,train,split_extension_append_abs_deficit
mswc-ba4a2b271e0a2abc,negative_confusable,unknown,1.0,validation,split_extension_append_abs_deficit
mswc-ba51df63bfb3fd07,negative_confusable,unknown,1.0,train,split_extension_append_abs_deficit
mswc-ba57bab3856c7b79,negative_confusable,unknown,1.0,train,split_extension_append_abs_deficit
mswc-ba5bdc5a3692d03d,negative_confusable,unknown,1.0,validation,split_extension_append_abs_deficit
mswc-baa6bdc21f1a0e81,negative_confusable,unknown,1.0,train,split_extension_append_abs_deficit
mswc-bab25eca7e49f530,negative_confusable,unknown,1.0,test,split_extension_append_abs_deficit
mswc-babf2346a276c87b,negative_confusable,unknown,2.0,train,split_extension_append_abs_deficit
mswc-bac345449386791c,negative_confusable,unknown,1.0,train,split_extension_append_abs_deficit
mswc-baf18f49afa25da9,negative_confusable,unknown,5.0,train,split_extension_append_abs_deficit
mswc-bafbfd6941a78880,negative_confusable,unknown,1.0,train,split_extension_append_abs_deficit
mswc-bb082ef60882fe86,negative_confusable,unknown,1.0,train,split_extension_append_abs_deficit
mswc-bb11b3d2b69d5c67,negative_confusable,unknown,1.0,test,split_extension_append_abs_deficit
mswc-bb13c0921674c788,negative_confusable,unknown,3.0,train,split_extension_append_abs_deficit
mswc-bb1775d77f61d301,negative_confusable,unknown,2.0,train,split_extension_append_abs_deficit
mswc-bb1e5d029d2b0659,negative_confusable,unknown,1.0,train,split_extension_append_abs_deficit
mswc-bb1fc865e5185cf9,negative_confusable,unknown,1.0,train,split_extension_append_abs_deficit
mswc-bb22d47d9cff42bd,negative_confusable,unknown,1.0,test,split_extension_append_abs_deficit
mswc-bb3038cbb3130fee,negative_confusable,unknown,3.0,train,split_extension_append_abs_deficit
mswc-bb3de0f53dfc6232,negative_confusable,unknown,1.0,train,split_extension_append_abs_deficit
mswc-bb4033728a6666b1,negative_confusable,unknown,1.0,validation,split_extension_append_abs_deficit
mswc-bb40d3c0fdbb3fb2,negative_confusable,unknown,1.0,train,split_extension_append_abs_deficit
mswc-bb517e0f9fcf63d3,negative_confusable,unknown,1.0,test,split_extension_append_abs_deficit
mswc-bb6cff6f9118330e,negative_confusable,unknown,4.0,train,split_extension_append_abs_deficit
mswc-bb7cfdb5f0f338ce,negative_confusable,unknown,1.0,train,split_extension_append_abs_deficit
mswc-bb8d652b1f85446f,negative_confusable,unknown,2.0,train,split_extension_append_abs_deficit
mswc-bbb38b1455e067b5,negative_confusable,unknown,1.0,train,split_extension_append_abs_deficit
mswc-bbbaca18df89413d,negative_confusable,unknown,2.0,train,split_extension_append_abs_deficit
mswc-bbbf95f925eb7f7c,negative_confusable,unknown,1.0,train,split_extension_append_abs_deficit
mswc-bbc6b926f2d6f44a,negative_confusable,unknown,2.0,train,split_extension_append_abs_deficit
mswc-bbc702972b034a3c,negative_confusable,unknown,1.0,test,split_extension_append_abs_deficit
mswc-bbe1380a0d3f88f8,negative_confusable,unknown,1.0,train,split_extension_append_abs_deficit
mswc-bbe3ec9e9746fdb7,negative_confusable,unknown,1.0,test,split_extension_append_abs_deficit
mswc-bc000361bb308482,negative_confusable,unknown,9.0,train,split_extension_append_abs_deficit
mswc-bc0423d5c88beb3b,negative_confusable,unknown,1.0,train,split_extension_append_abs_deficit
mswc-bc0e52b7e2d16998,negative_confusable,unknown,1.0,test,split_extension_append_abs_deficit
mswc-bc11199cb4e721a4,negative_confusable,unknown,4.0,train,split_extension_append_abs_deficit
mswc-bc1df4b2679e6eb3,negative_confusable,unknown,1.0,train,split_extension_append_abs_deficit
mswc-bc20794aebfacbdc,negative_confusable,unknown,1.0,test,split_extension_append_abs_deficit
mswc-bc397a607dcdee6a,negative_confusable,unknown,2.0,train,split_extension_append_abs_deficit
mswc-bc3acd42488caaaa,negative_confusable,unknown,1.0,validation,split_extension_append_abs_deficit
mswc-bc419658ba2c7169,negative_confusable,unknown,1.0,test,split_extension_append_abs_deficit
mswc-bc4503e89f64b803,negative_confusable,unknown,1.0,train,split_extension_append_abs_deficit
mswc-bc5f6c63de1f3873,negative_confusable,unknown,1.0,train,split_extension_append_abs_deficit
mswc-bc8f67a1a1162d91,negative_confusable,unknown,1.0,train,split_extension_append_abs_deficit
mswc-bc8fdf00790899bd,negative_confusable,unknown,1.0,test,split_extension_append_abs_deficit
mswc-bc980cfa87715caf,negative_confusable,unknown,2.0,train,split_extension_append_abs_deficit
mswc-bca218cab72e853d,negative_confusable,unknown,1.0,train,split_extension_append_abs_deficit
mswc-bca3c0318d2ff86b,negative_confusable,unknown,1.0,train,split_extension_append_abs_deficit
mswc-bcdb86e60ec32342,negative_confusable,unknown,1.0,train,split_extension_append_abs_deficit
mswc-bcfba1e62dbbd909,negative_confusable,unknown,2.0,train,split_extension_append_abs_deficit
mswc-bcfd21845bba0e10,negative_confusable,unknown,1.0,test,split_extension_append_abs_deficit
mswc-bcfe8f68519f7058,negative_confusable,unknown,1.0,train,split_extension_append_abs_deficit
mswc-bcff2cf641b29abf,negative_confusable,unknown,1.0,train,split_extension_append_abs_deficit
mswc-bd06df2ef995fa16,negative_confusable,unknown,1.0,validation,split_extension_append_abs_deficit
mswc-bd2a40f9ab15de67,negative_confusable,unknown,1.0,train,split_extension_append_abs_deficit
mswc-bd305a4bcfae91c2,negative_confusable,unknown,2.0,train,split_extension_append_abs_deficit
mswc-bd3a04f4d1f1e2e4,negative_confusable,unknown,3.0,train,split_extension_append_abs_deficit
mswc-bd4715caa5442f94,negative_confusable,unknown,1.0,train,split_extension_append_abs_deficit
mswc-bd60ddb095c6497a,negative_confusable,unknown,2.0,train,split_extension_append_abs_deficit
mswc-bd631b28464f4d82,negative_confusable,unknown,3.0,train,split_extension_append_abs_deficit
mswc-bd692cd9354ad402,negative_confusable,unknown,2.0,train,split_extension_append_abs_deficit
mswc-bd8aea2d079d11ba,negative_confusable,unknown,1.0,validation,split_extension_append_abs_deficit
mswc-bd8fde1c5e7b0891,negative_confusable,unknown,1.0,train,split_extension_append_abs_deficit
mswc-bd98ebfb54dc1a86,negative_confusable,unknown,1.0,validation,split_extension_append_abs_deficit
mswc-bda9735882bdfc8c,negative_confusable,unknown,2.0,train,split_extension_append_abs_deficit
mswc-bdab056214144f3d,negative_confusable,unknown,1.0,validation,split_extension_append_abs_deficit
mswc-bdb9e7b61df6b421,negative_confusable,unknown,5.974,train,split_extension_append_abs_deficit
mswc-bdc2f87224cdfd37,negative_confusable,unknown,1.0,test,split_extension_append_abs_deficit
mswc-bdc35eab7a8f1e3b,negative_confusable,unknown,2.0,train,split_extension_append_abs_deficit
mswc-bddbe878ccece919,negative_confusable,unknown,2.0,train,split_extension_append_abs_deficit
mswc-bde364866f349bae,negative_confusable,unknown,1.0,train,split_extension_append_abs_deficit
mswc-bde70ad6e8a0abba,negative_confusable,unknown,1.0,test,split_extension_append_abs_deficit
mswc-bdea72a9d47e9444,negative_confusable,unknown,6.0,train,split_extension_append_abs_deficit
mswc-bdf609f474bef739,negative_confusable,unknown,1.0,test,split_extension_append_abs_deficit
mswc-be0a220b9a195b18,negative_confusable,unknown,1.0,train,split_extension_append_abs_deficit
mswc-be2d568efa5c0ed4,negative_confusable,unknown,8.0,train,split_extension_append_abs_deficit
mswc-be349663882400f4,negative_confusable,unknown,4.0,train,split_extension_append_abs_deficit
mswc-be3529c12a6357e0,negative_confusable,unknown,1.0,train,split_extension_append_abs_deficit
mswc-be44f94270464fbd,negative_confusable,unknown,1.0,validation,split_extension_append_abs_deficit
mswc-be4c73d9d2a13a82,negative_confusable,unknown,1.0,validation,split_extension_append_abs_deficit
mswc-be4d6c000ddacd19,negative_confusable,unknown,3.0,train,split_extension_append_abs_deficit
mswc-be5ceff8c1e697ca,negative_confusable,unknown,1.0,train,split_extension_append_abs_deficit
mswc-be6769a1a45b9b68,negative_confusable,unknown,1.0,train,split_extension_append_abs_deficit
mswc-be690f1bc45b4760,negative_confusable,unknown,1.0,train,split_extension_append_abs_deficit
mswc-be7545aeff572323,negative_confusable,unknown,1.0,validation,split_extension_append_abs_deficit
mswc-be841f1cd79379ce,negative_confusable,unknown,1.0,validation,split_extension_append_abs_deficit
mswc-be9701e69f88341e,negative_confusable,unknown,1.0,validation,split_extension_append_abs_deficit
mswc-be978913f0484e83,negative_confusable,unknown,1.0,train,split_extension_append_abs_deficit
mswc-bec13e6a5c7aea33,negative_confusable,unknown,1.0,test,split_extension_append_abs_deficit
mswc-bec57ffe84e3e164,negative_confusable,unknown,1.0,train,split_extension_append_abs_deficit
mswc-bed8af533c1cce65,negative_confusable,unknown,1.0,train,split_extension_append_abs_deficit
mswc-beedf7d43e34fcd6,negative_confusable,unknown,1.0,train,split_extension_append_abs_deficit
mswc-bef32e9dd85ea610,negative_confusable,unknown,1.0,train,split_extension_append_abs_deficit
mswc-befad7802768602b,negative_confusable,unknown,5.0,train,split_extension_append_abs_deficit
mswc-bf0112340584037f,negative_confusable,unknown,1.0,validation,split_extension_append_abs_deficit
mswc-bf01519d9e98425e,negative_confusable,unknown,1.0,train,split_extension_append_abs_deficit
mswc-bf129ea1ac1cca50,negative_confusable,unknown,2.0,train,split_extension_append_abs_deficit
mswc-bf1a8638dcc091ad,negative_confusable,unknown,1.0,validation,split_extension_append_abs_deficit
mswc-bf207c5048f8ee04,negative_confusable,unknown,2.0,train,split_extension_append_abs_deficit
mswc-bf30ec8c389cd0e5,negative_confusable,unknown,1.0,test,split_extension_append_abs_deficit
mswc-bf30febd37e9e059,negative_confusable,unknown,1.0,train,split_extension_append_abs_deficit
mswc-bf45f7bb357fbe40,negative_confusable,unknown,1.0,train,split_extension_append_abs_deficit
mswc-bf53bc8dbbf660dc,negative_confusable,unknown,1.0,train,split_extension_append_abs_deficit
mswc-bf71b2bcef9bd00f,negative_confusable,unknown,1.0,test,split_extension_append_abs_deficit
mswc-bf74f5fbc11b2c50,negative_confusable,unknown,2.0,train,split_extension_append_abs_deficit
mswc-bf84d765ae67b13a,negative_confusable,unknown,1.0,train,split_extension_append_abs_deficit
mswc-bfb06f1135833f59,negative_confusable,unknown,1.0,test,split_extension_append_abs_deficit
mswc-bfb8015724e61aba,negative_confusable,unknown,1.0,train,split_extension_append_abs_deficit
mswc-bfbb012f3672e6d3,negative_confusable,unknown,1.0,train,split_extension_append_abs_deficit
mswc-bfc5b28dfb00554c,negative_confusable,unknown,2.0,train,split_extension_append_abs_deficit
mswc-bfc750078d385d3e,negative_confusable,unknown,2.0,train,split_extension_append_abs_deficit
mswc-bfcb49f84296926d,negative_confusable,unknown,1.0,train,split_extension_append_abs_deficit
mswc-c02553c0faaf7d94,negative_confusable,unknown,1.0,test,split_extension_append_abs_deficit
mswc-c037d55d5dae717f,negative_confusable,unknown,1.0,test,split_extension_append_abs_deficit
mswc-c05745e44dcbdd93,negative_confusable,unknown,3.0,train,split_extension_append_abs_deficit
mswc-c05f4d75adbbb5f2,negative_confusable,unknown,1.0,train,split_extension_append_abs_deficit
mswc-c071230195c99112,negative_confusable,unknown,1.0,train,split_extension_append_abs_deficit
mswc-c079ab2e0e84ec52,negative_confusable,unknown,1.0,test,split_extension_append_abs_deficit
mswc-c084baba1bda5cd9,negative_confusable,unknown,5.972,train,split_extension_append_abs_deficit
mswc-c0925e6e28094368,negative_confusable,unknown,4.0,train,split_extension_append_abs_deficit
mswc-c0965dbbb8ffc328,negative_confusable,unknown,0.998,validation,split_extension_append_abs_deficit
mswc-c0adb1fdacdd1282,negative_confusable,unknown,1.0,train,split_extension_append_abs_deficit
mswc-c0b583476807fc51,negative_confusable,unknown,4.0,train,split_extension_append_abs_deficit
mswc-c0c2b5145685ffa8,negative_confusable,unknown,1.0,train,split_extension_append_abs_deficit
mswc-c0db9d9daa16d98d,negative_confusable,unknown,3.0,train,split_extension_append_abs_deficit
mswc-c0e7070c60e261a9,negative_confusable,unknown,2.0,train,split_extension_append_abs_deficit
mswc-c0ee37e2ded41a49,negative_confusable,unknown,1.0,train,split_extension_append_abs_deficit
mswc-c0f4880b534a1e8f,negative_confusable,unknown,1.0,train,split_extension_append_abs_deficit
mswc-c1014a0b4165ed74,negative_confusable,unknown,1.0,train,split_extension_append_abs_deficit
mswc-c10ec2374fe4ae5d,negative_confusable,unknown,1.0,train,split_extension_append_abs_deficit
mswc-c120fad620599194,negative_confusable,unknown,1.0,train,split_extension_append_abs_deficit
mswc-c14b9bbd3e1cd4f7,negative_confusable,unknown,5.0,train,split_extension_append_abs_deficit
mswc-c17441254c5d7126,negative_confusable,unknown,4.0,train,split_extension_append_abs_deficit
mswc-c18edd1606f067ed,negative_confusable,unknown,1.0,train,split_extension_append_abs_deficit
mswc-c19a0d9e9ceb5ddd,negative_confusable,unknown,1.0,train,split_extension_append_abs_deficit
mswc-c1be94fdb941bc4f,negative_confusable,unknown,1.0,train,split_extension_append_abs_deficit
mswc-c1e93478f1891e77,negative_confusable,unknown,2.0,train,split_extension_append_abs_deficit
mswc-c1ea9914f987e4ea,negative_confusable,unknown,1.0,validation,split_extension_append_abs_deficit
mswc-c1eccc85c3d52e5d,negative_confusable,unknown,3.0,train,split_extension_append_abs_deficit
mswc-c1f1d96d5ce505cb,negative_confusable,unknown,1.0,train,split_extension_append_abs_deficit
mswc-c1f601dc9658d956,negative_confusable,unknown,3.0,train,split_extension_append_abs_deficit
mswc-c1f705d7204e4547,negative_confusable,unknown,1.0,test,split_extension_append_abs_deficit
mswc-c1fa7d0d6b0aac70,negative_confusable,unknown,1.0,test,split_extension_append_abs_deficit
mswc-c1fd111817ac9c39,negative_confusable,unknown,1.0,test,split_extension_append_abs_deficit
mswc-c22bf60e3f2f1ec2,negative_confusable,unknown,1.0,test,split_extension_append_abs_deficit
mswc-c2369f2ab0cc3df0,negative_confusable,unknown,3.0,train,split_extension_append_abs_deficit
mswc-c25f7cda0edd3679,negative_confusable,unknown,1.0,train,split_extension_append_abs_deficit
mswc-c281ba3632246ac4,negative_confusable,unknown,2.0,train,split_extension_append_abs_deficit
mswc-c2a11d0758de9c05,negative_confusable,unknown,1.0,train,split_extension_append_abs_deficit
mswc-c2b4aa13eaadba6c,negative_confusable,unknown,1.0,train,split_extension_append_abs_deficit
mswc-c2c17b1ec16c0d49,negative_confusable,unknown,1.0,validation,split_extension_append_abs_deficit
mswc-c2e85f2e78e58d91,negative_confusable,unknown,1.0,validation,split_extension_append_abs_deficit
mswc-c2fbf2fb9a6e0ace,negative_confusable,unknown,2.0,train,split_extension_append_abs_deficit
mswc-c3006bc142c09a08,negative_confusable,unknown,1.0,test,split_extension_append_abs_deficit
mswc-c303a825c4351b2e,negative_confusable,unknown,1.0,train,split_extension_append_abs_deficit
mswc-c34cad469fe21002,negative_confusable,unknown,1.0,test,split_extension_append_abs_deficit
mswc-c34e41937f171ae3,negative_confusable,unknown,1.0,train,split_extension_append_abs_deficit
mswc-c351c258fb7f6fd9,negative_confusable,unknown,1.0,validation,split_extension_append_abs_deficit
mswc-c3600058cfb8d13b,negative_confusable,unknown,1.0,test,split_extension_append_abs_deficit
mswc-c365d0e6751a5a95,negative_confusable,unknown,1.0,validation,split_extension_append_abs_deficit
mswc-c387889277337f4c,negative_confusable,unknown,1.0,train,split_extension_append_abs_deficit
mswc-c3969c8c16507161,negative_confusable,unknown,3.0,train,split_extension_append_abs_deficit
mswc-c3b9d9444c098000,negative_confusable,unknown,1.0,validation,split_extension_append_abs_deficit
mswc-c3be192f4fdace9a,negative_confusable,unknown,1.0,train,split_extension_append_abs_deficit
mswc-c3d1dd219c8f7b29,negative_confusable,unknown,1.0,validation,split_extension_append_abs_deficit
mswc-c3d26657a4e04c70,negative_confusable,unknown,1.0,train,split_extension_append_abs_deficit
mswc-c3e2ccef914c19b8,negative_confusable,unknown,1.0,train,split_extension_append_abs_deficit
mswc-c3e31ea2f538bbe6,negative_confusable,unknown,1.0,test,split_extension_append_abs_deficit
mswc-c3f5a2268b911e9c,negative_confusable,unknown,1.0,test,split_extension_append_abs_deficit
mswc-c3fc06207857876c,negative_confusable,unknown,1.0,train,split_extension_append_abs_deficit
mswc-c41475fedc758a9d,negative_confusable,unknown,1.0,train,split_extension_append_abs_deficit
mswc-c4215a63594a310a,negative_confusable,unknown,18.0,train,split_extension_append_abs_deficit
mswc-c42a23f67177dda1,negative_confusable,unknown,1.0,train,split_extension_append_abs_deficit
mswc-c42aa2bd7fa8f60c,negative_confusable,unknown,1.0,train,split_extension_append_abs_deficit
mswc-c43d3a6967333768,negative_confusable,unknown,1.0,train,split_extension_append_abs_deficit
mswc-c444b222cc72405f,negative_confusable,unknown,4.0,train,split_extension_append_abs_deficit
mswc-c45e4416e6e821ef,negative_confusable,unknown,1.0,test,split_extension_append_abs_deficit
mswc-c4763d392a2800fe,negative_confusable,unknown,1.0,test,split_extension_append_abs_deficit
mswc-c478d39b5e2897d8,negative_confusable,unknown,1.0,train,split_extension_append_abs_deficit
mswc-c47ad152d02840e4,negative_confusable,unknown,1.0,test,split_extension_append_abs_deficit
mswc-c48e8094c1e85ccd,negative_confusable,unknown,1.0,train,split_extension_append_abs_deficit
mswc-c499e99d3ed16615,negative_confusable,unknown,3.0,train,split_extension_append_abs_deficit
mswc-c4a05f45f97d490b,negative_confusable,unknown,2.0,train,split_extension_append_abs_deficit
mswc-c4ae0c3e1cedceab,negative_confusable,unknown,1.0,train,split_extension_append_abs_deficit
mswc-c4b2536f7d4b9073,negative_confusable,unknown,1.0,train,split_extension_append_abs_deficit
mswc-c5039b41fb779fea,negative_confusable,unknown,0.97,validation,split_extension_append_abs_deficit
mswc-c5066133fe44b85b,negative_confusable,unknown,1.0,validation,split_extension_append_abs_deficit
mswc-c506ddf2354d9acf,negative_confusable,unknown,1.0,train,split_extension_append_abs_deficit
mswc-c5092eed842a6d30,negative_confusable,unknown,1.0,test,split_extension_append_abs_deficit
mswc-c50a7fa2be30eb53,negative_confusable,unknown,1.0,train,split_extension_append_abs_deficit
mswc-c519469b0f08c008,negative_confusable,unknown,1.0,validation,split_extension_append_abs_deficit
mswc-c51a33b3689c7918,negative_confusable,unknown,1.0,validation,split_extension_append_abs_deficit
mswc-c5643d389be441a6,negative_confusable,unknown,1.0,validation,split_extension_append_abs_deficit
mswc-c56a8f6d69daa04c,negative_confusable,unknown,1.0,train,split_extension_append_abs_deficit
mswc-c583a16a7b518d2c,negative_confusable,unknown,1.0,validation,split_extension_append_abs_deficit
mswc-c585d2bd4c229e20,negative_confusable,unknown,1.0,train,split_extension_append_abs_deficit
mswc-c5881cd363a924fd,negative_confusable,unknown,1.0,train,split_extension_append_abs_deficit
mswc-c588f6772806335c,negative_confusable,unknown,1.0,train,split_extension_append_abs_deficit
mswc-c58a34fec55f2556,negative_confusable,unknown,1.0,train,split_extension_append_abs_deficit
mswc-c59b31522c665ca2,negative_confusable,unknown,1.0,train,split_extension_append_abs_deficit
mswc-c5a2863d131632e2,negative_confusable,unknown,1.0,validation,split_extension_append_abs_deficit
mswc-c5a920ca93e6f47c,negative_confusable,unknown,1.0,validation,split_extension_append_abs_deficit
mswc-c5c0cb681cf6fddd,negative_confusable,unknown,2.0,train,split_extension_append_abs_deficit
mswc-c5d41c1cf20243ba,negative_confusable,unknown,1.0,test,split_extension_append_abs_deficit
mswc-c5d8d131cae93e95,negative_confusable,unknown,1.0,test,split_extension_append_abs_deficit
mswc-c5e0c32cbc228c55,negative_confusable,unknown,1.0,validation,split_extension_append_abs_deficit
mswc-c5e6fd979dbd161a,negative_confusable,unknown,5.0,train,split_extension_append_abs_deficit
mswc-c64a3aac378a2a03,negative_confusable,unknown,1.0,train,split_extension_append_abs_deficit
mswc-c64b4711651ebeaa,negative_confusable,unknown,1.0,train,split_extension_append_abs_deficit
mswc-c64cdcb5825cad92,negative_confusable,unknown,1.0,train,split_extension_append_abs_deficit
mswc-c6544da5d2796c9e,negative_confusable,unknown,1.0,train,split_extension_append_abs_deficit
mswc-c66a49d87f4671f1,negative_confusable,unknown,1.0,test,split_extension_append_abs_deficit
mswc-c66a62660c8fc916,negative_confusable,unknown,1.0,train,split_extension_append_abs_deficit
mswc-c687209da934850d,negative_confusable,unknown,1.0,train,split_extension_append_abs_deficit
mswc-c69130a3e19945c0,negative_confusable,unknown,3.0,train,split_extension_append_abs_deficit
mswc-c6934ca65d7a4585,negative_confusable,unknown,2.0,train,split_extension_append_abs_deficit
mswc-c69e1e909df0ab72,negative_confusable,unknown,1.0,test,split_extension_append_abs_deficit
mswc-c6c66d12702e7883,negative_confusable,unknown,1.0,train,split_extension_append_abs_deficit
mswc-c6c909c87500b3e5,negative_confusable,unknown,1.0,train,split_extension_append_abs_deficit
mswc-c6ca356b14867132,negative_confusable,unknown,1.0,test,split_extension_append_abs_deficit
mswc-c6ce200c5c834efc,negative_confusable,unknown,1.0,test,split_extension_append_abs_deficit
mswc-c6e365adbb5bfcab,negative_confusable,unknown,1.0,train,split_extension_append_abs_deficit
mswc-c6ec7cefadd0c5e0,negative_confusable,unknown,1.0,train,split_extension_append_abs_deficit
mswc-c6eceecdc22e807e,negative_confusable,unknown,2.0,train,split_extension_append_abs_deficit
mswc-c6fe04e5f77ba971,negative_confusable,unknown,3.0,train,split_extension_append_abs_deficit
mswc-c711177a15795ff3,negative_confusable,unknown,1.0,train,split_extension_append_abs_deficit
mswc-c711e8be2b0a2625,negative_confusable,unknown,1.0,validation,split_extension_append_abs_deficit
mswc-c716fe4a1522f934,negative_confusable,unknown,1.0,test,split_extension_append_abs_deficit
mswc-c72766a38e81a297,negative_confusable,unknown,1.0,validation,split_extension_append_abs_deficit
mswc-c74273970369165a,negative_confusable,unknown,1.0,train,split_extension_append_abs_deficit
mswc-c7474b331a938aae,negative_confusable,unknown,1.0,train,split_extension_append_abs_deficit
mswc-c754a04608b9015c,negative_confusable,unknown,1.0,train,split_extension_append_abs_deficit
mswc-c7552ef51351ab0e,negative_confusable,unknown,1.0,train,split_extension_append_abs_deficit
mswc-c75de6aa8bcbf2b1,negative_confusable,unknown,1.0,train,split_extension_append_abs_deficit
mswc-c76480a746bf16c4,negative_confusable,unknown,1.0,validation,split_extension_append_abs_deficit
mswc-c769d59b53a0c6e6,negative_confusable,unknown,1.0,train,split_extension_append_abs_deficit
mswc-c77769458a732dc6,negative_confusable,unknown,1.0,test,split_extension_append_abs_deficit
mswc-c77e7d45ead44d16,negative_confusable,unknown,1.0,train,split_extension_append_abs_deficit
mswc-c7822e63e810d5c6,negative_confusable,unknown,1.0,test,split_extension_append_abs_deficit
mswc-c7850ea87bfb940c,negative_confusable,unknown,1.0,train,split_extension_append_abs_deficit
mswc-c78acd584c797f47,negative_confusable,unknown,1.0,test,split_extension_append_abs_deficit
mswc-c7982ee253280dfb,negative_confusable,unknown,1.0,train,split_extension_append_abs_deficit
mswc-c7b791e15be93091,negative_confusable,unknown,1.0,validation,split_extension_append_abs_deficit
mswc-c7bd55afdc00b9f6,negative_confusable,unknown,1.0,train,split_extension_append_abs_deficit
mswc-c7c7fc358ed5c212,negative_confusable,unknown,1.0,test,split_extension_append_abs_deficit
mswc-c7d4650a7bacf8b6,negative_confusable,unknown,2.0,train,split_extension_append_abs_deficit
mswc-c7de2dbdfdf2702b,negative_confusable,unknown,2.0,train,split_extension_append_abs_deficit
mswc-c7ec823b5dfe4161,negative_confusable,unknown,3.0,train,split_extension_append_abs_deficit
mswc-c7fa9b2502b716b5,negative_confusable,unknown,18.0,train,split_extension_append_abs_deficit
mswc-c7fdd871bab94bb1,negative_confusable,unknown,3.0,train,split_extension_append_abs_deficit
mswc-c81b544cb322e316,negative_confusable,unknown,1.0,validation,split_extension_append_abs_deficit
mswc-c82ae5259b977be9,negative_confusable,unknown,1.0,train,split_extension_append_abs_deficit
mswc-c82b62365bfcfe85,negative_confusable,unknown,1.0,train,split_extension_append_abs_deficit
mswc-c8515b1325ed7b84,negative_confusable,unknown,1.0,validation,split_extension_append_abs_deficit
mswc-c859fa622bc63cbb,negative_confusable,unknown,1.0,test,split_extension_append_abs_deficit
mswc-c86b21de1eb4adef,negative_confusable,unknown,3.0,train,split_extension_append_abs_deficit
mswc-c86de5d7cd182243,negative_confusable,unknown,1.0,train,split_extension_append_abs_deficit
mswc-c86df9825d02d692,negative_confusable,unknown,1.0,train,split_extension_append_abs_deficit
mswc-c88e53270cb755f8,negative_confusable,unknown,1.0,train,split_extension_append_abs_deficit
mswc-c891b3370620fe60,negative_confusable,unknown,3.0,train,split_extension_append_abs_deficit
mswc-c895f6ffc789443e,negative_confusable,unknown,15.0,train,split_extension_append_abs_deficit
mswc-c89f3560b62905bf,negative_confusable,unknown,1.0,train,split_extension_append_abs_deficit
mswc-c8a5aaca0cffbbc6,negative_confusable,unknown,1.0,train,split_extension_append_abs_deficit
mswc-c8bb82af665be357,negative_confusable,unknown,1.0,train,split_extension_append_abs_deficit
mswc-c8c2941bfa8cde20,negative_confusable,unknown,1.0,validation,split_extension_append_abs_deficit
mswc-c8c4e0361ef35760,negative_confusable,unknown,1.0,train,split_extension_append_abs_deficit
mswc-c8cc72d712ed99a9,negative_confusable,unknown,1.0,test,split_extension_append_abs_deficit
mswc-c8cd20d060f39c2e,negative_confusable,unknown,5.0,train,split_extension_append_abs_deficit
mswc-c8d5238f733c607c,negative_confusable,unknown,1.0,train,split_extension_append_abs_deficit
mswc-c8d6c9ac863fadab,negative_confusable,unknown,1.0,train,split_extension_append_abs_deficit
mswc-c8d899e829be62e3,negative_confusable,unknown,1.0,train,split_extension_append_abs_deficit
mswc-c8da766c3383e34d,negative_confusable,unknown,1.0,validation,split_extension_append_abs_deficit
mswc-c8ddcd3ff6b6fb8e,negative_confusable,unknown,1.0,test,split_extension_append_abs_deficit
mswc-c8e2a858ca9c41eb,negative_confusable,unknown,1.0,train,split_extension_append_abs_deficit
mswc-c8e491f3530dd903,negative_confusable,unknown,1.0,test,split_extension_append_abs_deficit
mswc-c8fa344b9ea51aac,negative_confusable,unknown,1.0,test,split_extension_append_abs_deficit
mswc-c903a25c6f11805f,negative_confusable,unknown,1.0,train,split_extension_append_abs_deficit
mswc-c90b53f826ff8183,negative_confusable,unknown,3.0,train,split_extension_append_abs_deficit
mswc-c90bfe47d74a6507,negative_confusable,unknown,1.0,train,split_extension_append_abs_deficit
mswc-c92c752d8793ea89,negative_confusable,unknown,1.0,train,split_extension_append_abs_deficit
mswc-c92fa8db4dd42161,negative_confusable,unknown,1.0,train,split_extension_append_abs_deficit
mswc-c941ebb56cbe0d87,negative_confusable,unknown,1.0,train,split_extension_append_abs_deficit
mswc-c948b5166ffa7f0a,negative_confusable,unknown,14.92,train,split_extension_append_abs_deficit
mswc-c962017b3269c7f7,negative_confusable,unknown,1.0,test,split_extension_append_abs_deficit
mswc-c9680dcb2388be26,negative_confusable,unknown,1.0,train,split_extension_append_abs_deficit
mswc-c977d33bca3a0806,negative_confusable,unknown,2.0,train,split_extension_append_abs_deficit
mswc-c98026a658bc77c0,negative_confusable,unknown,1.0,train,split_extension_append_abs_deficit
mswc-c9820ce08a68633a,negative_confusable,unknown,1.0,train,split_extension_append_abs_deficit
mswc-c9a53379f05baeec,negative_confusable,unknown,2.0,train,split_extension_append_abs_deficit
mswc-c9edc7536dfd3f57,negative_confusable,unknown,1.0,test,split_extension_append_abs_deficit
mswc-c9f1d445301711a7,negative_confusable,unknown,2.0,train,split_extension_append_abs_deficit
mswc-ca0c40e57f1b0c6e,negative_confusable,unknown,1.0,train,split_extension_append_abs_deficit
mswc-ca236d7db2782efd,negative_confusable,unknown,1.0,train,split_extension_append_abs_deficit
mswc-ca3757778ac16103,negative_confusable,unknown,1.0,train,split_extension_append_abs_deficit
mswc-ca39e8ed65144dbe,negative_confusable,unknown,1.0,train,split_extension_append_abs_deficit
mswc-ca402dbe2d7515fa,negative_confusable,unknown,1.0,train,split_extension_append_abs_deficit
mswc-ca783811bde8c099,negative_confusable,unknown,1.0,validation,split_extension_append_abs_deficit
mswc-ca7b9a9fd3dfc6bd,negative_confusable,unknown,2.0,train,split_extension_append_abs_deficit
mswc-caba000254f77198,negative_confusable,unknown,1.0,test,split_extension_append_abs_deficit
mswc-cad641a96fe9d2a5,negative_confusable,unknown,1.0,train,split_extension_append_abs_deficit
mswc-cad8f7e95be4fc86,negative_confusable,unknown,1.0,test,split_extension_append_abs_deficit
mswc-cafa39e3e50966c0,negative_confusable,unknown,1.0,train,split_extension_append_abs_deficit
mswc-cafe70eaae6fca5e,negative_confusable,unknown,1.0,validation,split_extension_append_abs_deficit
mswc-cb006b78483eaf17,negative_confusable,unknown,2.0,train,split_extension_append_abs_deficit
mswc-cb10039326bbca40,negative_confusable,unknown,1.0,train,split_extension_append_abs_deficit
mswc-cb15d9a93a0e7b6e,negative_confusable,unknown,1.0,test,split_extension_append_abs_deficit
mswc-cb1dc882c3ed68dd,negative_confusable,unknown,1.0,train,split_extension_append_abs_deficit
mswc-cb2250a619b9f0ef,negative_confusable,unknown,1.0,validation,split_extension_append_abs_deficit
mswc-cb24255580fc8129,negative_confusable,unknown,1.0,test,split_extension_append_abs_deficit
mswc-cb24fefa8779228a,negative_confusable,unknown,1.0,train,split_extension_append_abs_deficit
mswc-cb2eaaa7e35284f5,negative_confusable,unknown,1.0,validation,split_extension_append_abs_deficit
mswc-cb3fb4c2edfd1d2c,negative_confusable,unknown,1.0,test,split_extension_append_abs_deficit
mswc-cb4ab01d9d5df067,negative_confusable,unknown,1.0,train,split_extension_append_abs_deficit
mswc-cb8e006dfe0cdf51,negative_confusable,unknown,1.0,train,split_extension_append_abs_deficit
mswc-cb90b4dabd1d5657,negative_confusable,unknown,1.0,train,split_extension_append_abs_deficit
mswc-cba69cadd7529fb0,negative_confusable,unknown,1.0,train,split_extension_append_abs_deficit
mswc-cbbf0b4896d532ed,negative_confusable,unknown,7.0,train,split_extension_append_abs_deficit
mswc-cbdc96bb52886097,negative_confusable,unknown,1.0,train,split_extension_append_abs_deficit
mswc-cbe5ebf5c32d8ebe,negative_confusable,unknown,11.0,train,split_extension_append_abs_deficit
mswc-cbeae2c03dab0460,negative_confusable,unknown,6.0,train,split_extension_append_abs_deficit
mswc-cbf8d1ddbf140aaf,negative_confusable,unknown,1.0,test,split_extension_append_abs_deficit
mswc-cc040a8d455cf99f,negative_confusable,unknown,1.0,train,split_extension_append_abs_deficit
mswc-cc12abeea764a0fb,negative_confusable,unknown,1.0,train,split_extension_append_abs_deficit
mswc-cc3564ba9160b09d,negative_confusable,unknown,1.0,validation,split_extension_append_abs_deficit
mswc-cc39e4214824562f,negative_confusable,unknown,2.0,train,split_extension_append_abs_deficit
mswc-cc4bd37410bf21ca,negative_confusable,unknown,1.0,train,split_extension_append_abs_deficit
mswc-cc50bd5f79555d85,negative_confusable,unknown,1.0,train,split_extension_append_abs_deficit
mswc-cc51c2403f0e8078,negative_confusable,unknown,1.0,train,split_extension_append_abs_deficit
mswc-cc69ed4c510e4a56,negative_confusable,unknown,1.0,train,split_extension_append_abs_deficit
mswc-cc71554e788dc0ce,negative_confusable,unknown,1.0,train,split_extension_append_abs_deficit
mswc-cc7cc15dbf1966fe,negative_confusable,unknown,7.0,train,split_extension_append_abs_deficit
mswc-cc7e6dc7797985d7,negative_confusable,unknown,9.0,train,split_extension_append_abs_deficit
mswc-cc82a91658da3c6e,negative_confusable,unknown,1.0,train,split_extension_append_abs_deficit
mswc-cc96f4927ce7ded7,negative_confusable,unknown,1.0,train,split_extension_append_abs_deficit
mswc-cc991a46b2dc7206,negative_confusable,unknown,1.0,train,split_extension_append_abs_deficit
mswc-cca22c623b8bc5dd,negative_confusable,unknown,1.0,train,split_extension_append_abs_deficit
mswc-cca67af5d0396b81,negative_confusable,unknown,1.0,train,split_extension_append_abs_deficit
mswc-ccb3301ad6fbd154,negative_confusable,unknown,1.0,train,split_extension_append_abs_deficit
mswc-ccb512822a7d7ea3,negative_confusable,unknown,1.0,train,split_extension_append_abs_deficit
mswc-ccdd604614fd3fe9,negative_confusable,unknown,1.0,train,split_extension_append_abs_deficit
mswc-ccdfd05e77575cef,negative_confusable,unknown,2.0,train,split_extension_append_abs_deficit
mswc-cce5b9c441fd41f7,negative_confusable,unknown,1.0,train,split_extension_append_abs_deficit
mswc-cce7f9792f6b6e35,negative_confusable,unknown,3.0,train,split_extension_append_abs_deficit
mswc-ccecbc30303f04a2,negative_confusable,unknown,1.0,train,split_extension_append_abs_deficit
mswc-ccf7a409143080e1,negative_confusable,unknown,1.0,test,split_extension_append_abs_deficit
mswc-cd185c1ab8659ae6,negative_confusable,unknown,2.0,train,split_extension_append_abs_deficit
mswc-cd29ece785ace00f,negative_confusable,unknown,1.0,validation,split_extension_append_abs_deficit
mswc-cd2c1b304d40251d,negative_confusable,unknown,1.0,validation,split_extension_append_abs_deficit
mswc-cd4c816d655333be,negative_confusable,unknown,1.0,train,split_extension_append_abs_deficit
mswc-cd7036da9e8ba76e,negative_confusable,unknown,1.0,test,split_extension_append_abs_deficit
mswc-cd7a1ed8add381b1,negative_confusable,unknown,2.0,train,split_extension_append_abs_deficit
mswc-cd804765adb1e73c,negative_confusable,unknown,1.0,validation,split_extension_append_abs_deficit
mswc-cd9a88fbd9ebc569,negative_confusable,unknown,3.0,train,split_extension_append_abs_deficit
mswc-cdc4d0a5da1a7a8b,negative_confusable,unknown,2.0,train,split_extension_append_abs_deficit
mswc-cdde9f7d982271e5,negative_confusable,unknown,1.0,validation,split_extension_append_abs_deficit
mswc-cddecb6c71ba6be3,negative_confusable,unknown,1.0,validation,split_extension_append_abs_deficit
mswc-cde3a54cd80691eb,negative_confusable,unknown,2.0,train,split_extension_append_abs_deficit
mswc-cde3de7bdd12e9a2,negative_confusable,unknown,1.0,train,split_extension_append_abs_deficit
mswc-cdf737176b314600,negative_confusable,unknown,1.0,train,split_extension_append_abs_deficit
mswc-cdfd339cc8e98fd7,negative_confusable,unknown,1.0,train,split_extension_append_abs_deficit
mswc-cdff491f9a19fd0b,negative_confusable,unknown,1.0,test,split_extension_append_abs_deficit
mswc-ce09e8b6f08592b2,negative_confusable,unknown,2.0,train,split_extension_append_abs_deficit
mswc-ce2d472f472ca0da,negative_confusable,unknown,1.0,test,split_extension_append_abs_deficit
mswc-ce4cb565402b68ff,negative_confusable,unknown,2.0,train,split_extension_append_abs_deficit
mswc-ce72da759902e903,negative_confusable,unknown,4.0,train,split_extension_append_abs_deficit
mswc-ce754454f7a36005,negative_confusable,unknown,1.0,train,split_extension_append_abs_deficit
mswc-ce78c53638ea3899,negative_confusable,unknown,1.0,test,split_extension_append_abs_deficit
mswc-ce82bd6c56daed13,negative_confusable,unknown,1.0,train,split_extension_append_abs_deficit
mswc-ce8690acf1df02f3,negative_confusable,unknown,1.0,validation,split_extension_append_abs_deficit
mswc-ce9b38616fbd1e1b,negative_confusable,unknown,1.0,train,split_extension_append_abs_deficit
mswc-ceb29bce299d412c,negative_confusable,unknown,1.0,train,split_extension_append_abs_deficit
mswc-cebc5ef32fcbbbb7,negative_confusable,unknown,1.0,train,split_extension_append_abs_deficit
mswc-cec9c9e34606347d,negative_confusable,unknown,1.0,train,split_extension_append_abs_deficit
mswc-ced67a901ab17d82,negative_confusable,unknown,1.0,train,split_extension_append_abs_deficit
mswc-cedcdd0d269a2517,negative_confusable,unknown,1.0,train,split_extension_append_abs_deficit
mswc-cede2ef6eb8711b5,negative_confusable,unknown,1.0,train,split_extension_append_abs_deficit
mswc-ceed91bf742141ce,negative_confusable,unknown,1.0,train,split_extension_append_abs_deficit
mswc-cf0de03c3a9efce1,negative_confusable,unknown,1.0,validation,split_extension_append_abs_deficit
mswc-cf210e65469016f8,negative_confusable,unknown,1.0,test,split_extension_append_abs_deficit
mswc-cf276ce438b66479,negative_confusable,unknown,1.0,validation,split_extension_append_abs_deficit
mswc-cf2be38ec70dcc46,negative_confusable,unknown,1.0,train,split_extension_append_abs_deficit
mswc-cf3e735ad6a3fbbb,negative_confusable,unknown,0.976,train,split_extension_append_abs_deficit
mswc-cf3fa1353b521fb9,negative_confusable,unknown,1.0,validation,split_extension_append_abs_deficit
mswc-cf516f0dce6873c6,negative_confusable,unknown,1.0,train,split_extension_append_abs_deficit
mswc-cf54dfa870993f46,negative_confusable,unknown,1.0,validation,split_extension_append_abs_deficit
mswc-cf5d5763e4da7f21,negative_confusable,unknown,2.0,train,split_extension_append_abs_deficit
mswc-cf678b7b9c8f5b16,negative_confusable,unknown,1.0,test,split_extension_append_abs_deficit
mswc-cf7a9896ab6816f6,negative_confusable,unknown,1.0,validation,split_extension_append_abs_deficit
mswc-cf7d3904560811eb,negative_confusable,unknown,1.0,train,split_extension_append_abs_deficit
mswc-cf8a4971b1d4b02e,negative_confusable,unknown,1.0,train,split_extension_append_abs_deficit
mswc-cf9133b9525f4fa2,negative_confusable,unknown,1.0,test,split_extension_append_abs_deficit
mswc-cf98014ffd3caad8,negative_confusable,unknown,3.0,train,split_extension_append_abs_deficit
mswc-cfa17624f34a26cc,negative_confusable,unknown,1.0,train,split_extension_append_abs_deficit
mswc-cfa86bcfae2d3f1c,negative_confusable,unknown,1.0,validation,split_extension_append_abs_deficit
mswc-cfdccc57d3ed119c,negative_confusable,unknown,1.0,test,split_extension_append_abs_deficit
mswc-cff6293b5ad15f4e,negative_confusable,unknown,1.0,test,split_extension_append_abs_deficit
mswc-cffa246da8968c85,negative_confusable,unknown,1.0,test,split_extension_append_abs_deficit
mswc-cffeda21821af92a,negative_confusable,unknown,2.0,train,split_extension_append_abs_deficit
mswc-d01b59cc37997624,negative_confusable,unknown,2.0,train,split_extension_append_abs_deficit
mswc-d0281120d390887f,negative_confusable,unknown,1.0,test,split_extension_append_abs_deficit
mswc-d02835e98bfbbfcc,negative_confusable,unknown,1.0,train,split_extension_append_abs_deficit
mswc-d04440670963e34d,negative_confusable,unknown,1.0,test,split_extension_append_abs_deficit
mswc-d0537822503cda8b,negative_confusable,unknown,2.0,train,split_extension_append_abs_deficit
mswc-d060afd1692d8e36,negative_confusable,unknown,1.0,train,split_extension_append_abs_deficit
mswc-d06512058d47db67,negative_confusable,unknown,1.0,train,split_extension_append_abs_deficit
mswc-d067203756153809,negative_confusable,unknown,1.0,train,split_extension_append_abs_deficit
mswc-d068f59217f240b7,negative_confusable,unknown,1.0,train,split_extension_append_abs_deficit
mswc-d06a6e7c381503b4,negative_confusable,unknown,1.0,train,split_extension_append_abs_deficit
mswc-d0acb6bdb872a421,negative_confusable,unknown,1.0,train,split_extension_append_abs_deficit
mswc-d0b62ac1e57e267f,negative_confusable,unknown,4.0,train,split_extension_append_abs_deficit
mswc-d0b66ab15fe2a2c3,negative_confusable,unknown,1.0,train,split_extension_append_abs_deficit
mswc-d0f5527b20e2319f,negative_confusable,unknown,1.0,train,split_extension_append_abs_deficit
mswc-d105592fa7f9dd6b,negative_confusable,unknown,1.0,train,split_extension_append_abs_deficit
mswc-d10b0ca1120c3bfb,negative_confusable,unknown,1.0,test,split_extension_append_abs_deficit
mswc-d111275e067cea22,negative_confusable,unknown,1.0,validation,split_extension_append_abs_deficit
mswc-d1239589424ff80f,negative_confusable,unknown,2.0,train,split_extension_append_abs_deficit
mswc-d125e01fc2dc0ebf,negative_confusable,unknown,1.0,validation,split_extension_append_abs_deficit
mswc-d1315fa8af59135e,negative_confusable,unknown,1.0,train,split_extension_append_abs_deficit
mswc-d13d514cbb3282ec,negative_confusable,unknown,1.0,train,split_extension_append_abs_deficit
mswc-d1413283d7946516,negative_confusable,unknown,9.0,train,split_extension_append_abs_deficit
mswc-d17ed09adecdd86c,negative_confusable,unknown,1.0,train,split_extension_append_abs_deficit
mswc-d1813b3a39bbd5d6,negative_confusable,unknown,6.0,train,split_extension_append_abs_deficit
mswc-d18c467a83ec3a64,negative_confusable,unknown,1.0,train,split_extension_append_abs_deficit
mswc-d18fb90f4374913e,negative_confusable,unknown,1.0,train,split_extension_append_abs_deficit
mswc-d19a9070170d77fb,negative_confusable,unknown,1.0,train,split_extension_append_abs_deficit
mswc-d1a0faa3f35e2454,negative_confusable,unknown,1.0,test,split_extension_append_abs_deficit
mswc-d1ba12717bb002a0,negative_confusable,unknown,1.0,test,split_extension_append_abs_deficit
mswc-d1c6d302d4af7caa,negative_confusable,unknown,1.0,train,split_extension_append_abs_deficit
mswc-d1d2d872e4674a94,negative_confusable,unknown,1.0,validation,split_extension_append_abs_deficit
mswc-d1e91d9fbce3be10,negative_confusable,unknown,1.0,train,split_extension_append_abs_deficit
mswc-d1fb31a6a92a63ef,negative_confusable,unknown,1.0,test,split_extension_append_abs_deficit
mswc-d1fcba8c5f527225,negative_confusable,unknown,2.0,train,split_extension_append_abs_deficit
mswc-d217a4989ef8dc1f,negative_confusable,unknown,1.0,train,split_extension_append_abs_deficit
mswc-d226e4598f5a6c80,negative_confusable,unknown,5.0,train,split_extension_append_abs_deficit
mswc-d22fd1620098d52a,negative_confusable,unknown,1.0,train,split_extension_append_abs_deficit
mswc-d23184a74c338d1a,negative_confusable,unknown,1.0,train,split_extension_append_abs_deficit
mswc-d2354974382f7098,negative_confusable,unknown,1.0,train,split_extension_append_abs_deficit
mswc-d235f453c1c50078,negative_confusable,unknown,2.0,train,split_extension_append_abs_deficit
mswc-d24e955086590711,negative_confusable,unknown,1.0,train,split_extension_append_abs_deficit
mswc-d257b2c15b4716ef,negative_confusable,unknown,2.0,train,split_extension_append_abs_deficit
mswc-d2597c59fb7987ac,negative_confusable,unknown,1.0,train,split_extension_append_abs_deficit
mswc-d2769be9c4bd381d,negative_confusable,unknown,1.0,train,split_extension_append_abs_deficit
mswc-d28bbbb79dd443cb,negative_confusable,unknown,1.0,test,split_extension_append_abs_deficit
mswc-d28f3be1dd4343a8,negative_confusable,unknown,1.0,train,split_extension_append_abs_deficit
mswc-d2931792338be469,negative_confusable,unknown,1.0,validation,split_extension_append_abs_deficit
mswc-d29868f303ff652b,negative_confusable,unknown,1.0,train,split_extension_append_abs_deficit
mswc-d2a81118f1331415,negative_confusable,unknown,2.0,train,split_extension_append_abs_deficit
mswc-d2b152013556d160,negative_confusable,unknown,1.0,train,split_extension_append_abs_deficit
mswc-d2b8c9ffb3c32741,negative_confusable,unknown,1.0,train,split_extension_append_abs_deficit
mswc-d2b95fa00b5c8045,negative_confusable,unknown,1.0,test,split_extension_append_abs_deficit
mswc-d2c639fcfca24b1a,negative_confusable,unknown,1.0,validation,split_extension_append_abs_deficit
mswc-d2da6700819342b5,negative_confusable,unknown,1.0,train,split_extension_append_abs_deficit
mswc-d2df2798485d95bc,negative_confusable,unknown,1.0,train,split_extension_append_abs_deficit
mswc-d2f20344739505c6,negative_confusable,unknown,2.0,train,split_extension_append_abs_deficit
mswc-d2f556ed1a16e6a1,negative_confusable,unknown,2.0,train,split_extension_append_abs_deficit
mswc-d3096754d9a56e30,negative_confusable,unknown,2.0,train,split_extension_append_abs_deficit
mswc-d30c93d1ab1d84bd,negative_confusable,unknown,1.0,test,split_extension_append_abs_deficit
mswc-d30dc674a0fd6e1e,negative_confusable,unknown,1.0,validation,split_extension_append_abs_deficit
mswc-d316f47e0ffd60cd,negative_confusable,unknown,1.0,train,split_extension_append_abs_deficit
mswc-d32fd29f532489d2,negative_confusable,unknown,1.0,train,split_extension_append_abs_deficit
mswc-d33c17f7a99a80fa,negative_confusable,unknown,2.0,train,split_extension_append_abs_deficit
mswc-d33e1307fc847ca5,negative_confusable,unknown,2.0,train,split_extension_append_abs_deficit
mswc-d344855c896237fe,negative_confusable,unknown,4.0,train,split_extension_append_abs_deficit
mswc-d36b995e3b768d7e,negative_confusable,unknown,1.0,train,split_extension_append_abs_deficit
mswc-d390abab49047085,negative_confusable,unknown,1.0,test,split_extension_append_abs_deficit
mswc-d3a0913fe71858f0,negative_confusable,unknown,4.972,train,split_extension_append_abs_deficit
mswc-d3c7e454c72c6c8d,negative_confusable,unknown,1.0,train,split_extension_append_abs_deficit
mswc-d3ceab83e5f15678,negative_confusable,unknown,1.0,validation,split_extension_append_abs_deficit
mswc-d3db2b40c9656838,negative_confusable,unknown,1.0,train,split_extension_append_abs_deficit
mswc-d3eef119da4a5353,negative_confusable,unknown,1.0,validation,split_extension_append_abs_deficit
mswc-d3f993b9144f3c20,negative_confusable,unknown,1.0,train,split_extension_append_abs_deficit
mswc-d40a58913c75e3b9,negative_confusable,unknown,4.0,train,split_extension_append_abs_deficit
mswc-d419a0aeb9cf156e,negative_confusable,unknown,1.0,train,split_extension_append_abs_deficit
mswc-d422e7db8962e565,negative_confusable,unknown,1.0,train,split_extension_append_abs_deficit
mswc-d4398c67fe528a64,negative_confusable,unknown,1.0,train,split_extension_append_abs_deficit
mswc-d44768b0a2ba19e5,negative_confusable,unknown,1.0,train,split_extension_append_abs_deficit
mswc-d45c0ad6b2d209ba,negative_confusable,unknown,1.0,train,split_extension_append_abs_deficit
mswc-d45dc874d979b91d,negative_confusable,unknown,1.0,test,split_extension_append_abs_deficit
mswc-d461ea23a9911083,negative_confusable,unknown,5.0,train,split_extension_append_abs_deficit
mswc-d467570c14751d38,negative_confusable,unknown,1.0,validation,split_extension_append_abs_deficit
mswc-d470b91fe9681970,negative_confusable,unknown,1.0,train,split_extension_append_abs_deficit
mswc-d479fd3c69fee4c5,negative_confusable,unknown,1.0,train,split_extension_append_abs_deficit
mswc-d4ad0c165e042ffc,negative_confusable,unknown,1.0,train,split_extension_append_abs_deficit
mswc-d4bab49a464a3e29,negative_confusable,unknown,1.0,validation,split_extension_append_abs_deficit
mswc-d4c4fc93061c3dd4,negative_confusable,unknown,1.0,train,split_extension_append_abs_deficit
mswc-d4c902737f6e0f94,negative_confusable,unknown,1.0,train,split_extension_append_abs_deficit
mswc-d4cbbe9a6432f43b,negative_confusable,unknown,1.0,train,split_extension_append_abs_deficit
mswc-d4db400119753189,negative_confusable,unknown,1.0,train,split_extension_append_abs_deficit
mswc-d4de4d50d202fb06,negative_confusable,unknown,1.0,test,split_extension_append_abs_deficit
mswc-d4df474be9e896c0,negative_confusable,unknown,1.0,train,split_extension_append_abs_deficit
mswc-d4eac1b841900d51,negative_confusable,unknown,1.0,train,split_extension_append_abs_deficit
mswc-d4f874aef75274da,negative_confusable,unknown,2.0,train,split_extension_append_abs_deficit
mswc-d5116b8108f23d16,negative_confusable,unknown,1.0,train,split_extension_append_abs_deficit
mswc-d52202b0e6502a29,negative_confusable,unknown,3.972,train,split_extension_append_abs_deficit
mswc-d52386f9c7b80fc3,negative_confusable,unknown,1.0,train,split_extension_append_abs_deficit
mswc-d523cb2173d295f4,negative_confusable,unknown,1.0,train,split_extension_append_abs_deficit
mswc-d52bb0adfdab7792,negative_confusable,unknown,1.0,validation,split_extension_append_abs_deficit
mswc-d52eb7f4c7b4b3ce,negative_confusable,unknown,2.0,train,split_extension_append_abs_deficit
mswc-d5915e967239075e,negative_confusable,unknown,1.0,train,split_extension_append_abs_deficit
mswc-d593cda48aeae3cb,negative_confusable,unknown,1.0,train,split_extension_append_abs_deficit
mswc-d5a07718ff64c48f,negative_confusable,unknown,2.0,train,split_extension_append_abs_deficit
mswc-d5a67d7ffd3a6cc6,negative_confusable,unknown,1.0,test,split_extension_append_abs_deficit
mswc-d5af1d76997f3ae5,negative_confusable,unknown,1.0,train,split_extension_append_abs_deficit
mswc-d5b9580d19050d7f,negative_confusable,unknown,1.0,train,split_extension_append_abs_deficit
mswc-d5bcadb5b7561c23,negative_confusable,unknown,1.0,validation,split_extension_append_abs_deficit
mswc-d5dae2980c6be86d,negative_confusable,unknown,1.0,train,split_extension_append_abs_deficit
mswc-d5e3383000cef71b,negative_confusable,unknown,1.0,validation,split_extension_append_abs_deficit
mswc-d5e9998149be4742,negative_confusable,unknown,1.0,train,split_extension_append_abs_deficit
mswc-d5f7be717f090f47,negative_confusable,unknown,2.0,train,split_extension_append_abs_deficit
mswc-d5fe4001138aa3ce,negative_confusable,unknown,1.0,train,split_extension_append_abs_deficit
mswc-d60d5a3cd035e5ec,negative_confusable,unknown,1.0,train,split_extension_append_abs_deficit
mswc-d651f6b407028625,negative_confusable,unknown,1.0,validation,split_extension_append_abs_deficit
mswc-d66763d8f8e50a5a,negative_confusable,unknown,1.0,train,split_extension_append_abs_deficit
mswc-d669264af12a2a8a,negative_confusable,unknown,2.0,train,split_extension_append_abs_deficit
mswc-d674b453b299c013,negative_confusable,unknown,1.0,train,split_extension_append_abs_deficit
mswc-d67a0dd8ca5be8a1,negative_confusable,unknown,1.0,test,split_extension_append_abs_deficit
mswc-d6839d6f081edc8d,negative_confusable,unknown,1.0,train,split_extension_append_abs_deficit
mswc-d684f19be8f54257,negative_confusable,unknown,1.0,train,split_extension_append_abs_deficit
mswc-d687e66fd2d9c2b7,negative_confusable,unknown,1.0,train,split_extension_append_abs_deficit
mswc-d691e108a74b50b6,negative_confusable,unknown,1.0,train,split_extension_append_abs_deficit
mswc-d69af0add255b4d8,negative_confusable,unknown,1.0,validation,split_extension_append_abs_deficit
mswc-d6a157016f2afc15,negative_confusable,unknown,1.0,test,split_extension_append_abs_deficit
mswc-d6b651212a1054c5,negative_confusable,unknown,1.0,train,split_extension_append_abs_deficit
mswc-d6c388c8f672f9f3,negative_confusable,unknown,1.0,train,split_extension_append_abs_deficit
mswc-d6dc207358c4d01e,negative_confusable,unknown,1.0,validation,split_extension_append_abs_deficit
mswc-d6e37845bc29bd20,negative_confusable,unknown,1.0,train,split_extension_append_abs_deficit
mswc-d6e76aaaabdc92f6,negative_confusable,unknown,2.0,train,split_extension_append_abs_deficit
mswc-d70f46b4d5e450ed,negative_confusable,unknown,1.0,train,split_extension_append_abs_deficit
mswc-d725750a6a8e1d2c,negative_confusable,unknown,2.0,train,split_extension_append_abs_deficit
mswc-d7310f355efbaef4,negative_confusable,unknown,1.0,train,split_extension_append_abs_deficit
mswc-d7485d8940154b34,negative_confusable,unknown,2.0,train,split_extension_append_abs_deficit
mswc-d76424ea445d5f9d,negative_confusable,unknown,1.0,train,split_extension_append_abs_deficit
mswc-d768b7fc5746994c,negative_confusable,unknown,2.0,train,split_extension_append_abs_deficit
mswc-d76a272b430efce8,negative_confusable,unknown,1.0,train,split_extension_append_abs_deficit
mswc-d7911b6a626896fe,negative_confusable,unknown,1.0,train,split_extension_append_abs_deficit
mswc-d7ad9c724171aad1,negative_confusable,unknown,1.0,validation,split_extension_append_abs_deficit
mswc-d7ae3bbaad800a5e,negative_confusable,unknown,1.0,test,split_extension_append_abs_deficit
mswc-d7c6358f45cfa7ff,negative_confusable,unknown,1.0,validation,split_extension_append_abs_deficit
mswc-d7c73ae2de660adf,negative_confusable,unknown,3.0,train,split_extension_append_abs_deficit
mswc-d7db3ce6ac8c9039,negative_confusable,unknown,1.0,train,split_extension_append_abs_deficit
mswc-d7e80ab083ebc80f,negative_confusable,unknown,1.0,test,split_extension_append_abs_deficit
mswc-d7f2a6b3aa913f97,negative_confusable,unknown,1.0,train,split_extension_append_abs_deficit
mswc-d7f73d183fd95c0b,negative_confusable,unknown,1.0,test,split_extension_append_abs_deficit
mswc-d7f9704846a8ddcb,negative_confusable,unknown,2.0,train,split_extension_append_abs_deficit
mswc-d7fd3ca000e17229,negative_confusable,unknown,1.0,train,split_extension_append_abs_deficit
mswc-d80376b4949db041,negative_confusable,unknown,1.0,train,split_extension_append_abs_deficit
mswc-d806a645940fdb3e,negative_confusable,unknown,1.0,train,split_extension_append_abs_deficit
mswc-d80d17fa679917ae,negative_confusable,unknown,7.0,train,split_extension_append_abs_deficit
mswc-d80e53528a9644bd,negative_confusable,unknown,1.0,train,split_extension_append_abs_deficit
mswc-d81061501ee31588,negative_confusable,unknown,1.0,train,split_extension_append_abs_deficit
mswc-d821ec95d3bbd51e,negative_confusable,unknown,2.0,train,split_extension_append_abs_deficit
mswc-d82466bf1288bbd6,negative_confusable,unknown,1.0,validation,split_extension_append_abs_deficit
mswc-d82a80cc72d67db0,negative_confusable,unknown,3.0,train,split_extension_append_abs_deficit
mswc-d83b00ac9a6ec0e2,negative_confusable,unknown,2.0,train,split_extension_append_abs_deficit
mswc-d8829a2d29eb8225,negative_confusable,unknown,2.0,train,split_extension_append_abs_deficit
mswc-d89374738154cdf0,negative_confusable,unknown,1.0,test,split_extension_append_abs_deficit
mswc-d89ce09516019b7b,negative_confusable,unknown,1.0,train,split_extension_append_abs_deficit
mswc-d8a602da0f6be330,negative_confusable,unknown,3.0,train,split_extension_append_abs_deficit
mswc-d8abe273c4b368a8,negative_confusable,unknown,1.0,validation,split_extension_append_abs_deficit
mswc-d8b691813b5bf621,negative_confusable,unknown,1.0,train,split_extension_append_abs_deficit
mswc-d8b948ccc90d4187,negative_confusable,unknown,1.0,validation,split_extension_append_abs_deficit
mswc-d8d25e8e3914a3bc,negative_confusable,unknown,2.0,train,split_extension_append_abs_deficit
mswc-d8d54edd0b467465,negative_confusable,unknown,1.0,train,split_extension_append_abs_deficit
mswc-d8d84b14bb5732b1,negative_confusable,unknown,1.0,train,split_extension_append_abs_deficit
mswc-d8f79af55e5db3e7,negative_confusable,unknown,2.0,train,split_extension_append_abs_deficit
mswc-d8fd588f573a5616,negative_confusable,unknown,2.0,train,split_extension_append_abs_deficit
mswc-d90cf3237cd13243,negative_confusable,unknown,1.0,test,split_extension_append_abs_deficit
mswc-d912cce499c0e1b1,negative_confusable,unknown,1.0,validation,split_extension_append_abs_deficit
mswc-d914b510a0efe4e2,negative_confusable,unknown,1.0,train,split_extension_append_abs_deficit
mswc-d9209da74d2487bd,negative_confusable,unknown,1.0,train,split_extension_append_abs_deficit
mswc-d9279bf3cc3a647b,negative_confusable,unknown,1.0,train,split_extension_append_abs_deficit
mswc-d927ad858d766947,negative_confusable,unknown,1.0,test,split_extension_append_abs_deficit
mswc-d92cb3c8adb74116,negative_confusable,unknown,1.0,validation,split_extension_append_abs_deficit
mswc-d935c0048696c166,negative_confusable,unknown,3.0,train,split_extension_append_abs_deficit
mswc-d935ca6ce2fcd7d9,negative_confusable,unknown,3.0,train,split_extension_append_abs_deficit
mswc-d9577a367e82d584,negative_confusable,unknown,1.0,test,split_extension_append_abs_deficit
mswc-d9685b3072e3c4a7,negative_confusable,unknown,2.0,train,split_extension_append_abs_deficit
mswc-d973b93de9add8b5,negative_confusable,unknown,1.0,train,split_extension_append_abs_deficit
mswc-d9815736630ea07b,negative_confusable,unknown,1.0,test,split_extension_append_abs_deficit
mswc-d9826dfa0d5bb6fa,negative_confusable,unknown,1.0,train,split_extension_append_abs_deficit
mswc-d9a7c7a1f86bcf16,negative_confusable,unknown,2.0,train,split_extension_append_abs_deficit
mswc-d9c1bd854129bae2,negative_confusable,unknown,1.0,test,split_extension_append_abs_deficit
mswc-d9c287b975246bd9,negative_confusable,unknown,1.0,train,split_extension_append_abs_deficit
mswc-d9c422f6a89d8091,negative_confusable,unknown,1.0,train,split_extension_append_abs_deficit
mswc-d9cd6f5eca073586,negative_confusable,unknown,3.0,train,split_extension_append_abs_deficit
mswc-d9d4cb69c3a0fe51,negative_confusable,unknown,1.0,train,split_extension_append_abs_deficit
mswc-d9dc51de5a176954,negative_confusable,unknown,1.0,train,split_extension_append_abs_deficit
mswc-d9dd926664356b89,negative_confusable,unknown,1.0,train,split_extension_append_abs_deficit
mswc-d9e82ec9f789aa41,negative_confusable,unknown,1.0,test,split_extension_append_abs_deficit
mswc-d9fcc23d4e97516e,negative_confusable,unknown,1.0,validation,split_extension_append_abs_deficit
mswc-da080c57d82304f1,negative_confusable,unknown,1.0,validation,split_extension_append_abs_deficit
mswc-da0b40ac95126a09,negative_confusable,unknown,1.0,validation,split_extension_append_abs_deficit
mswc-da2174735363e215,negative_confusable,unknown,1.0,train,split_extension_append_abs_deficit
mswc-da217e980d7edaf4,negative_confusable,unknown,1.0,train,split_extension_append_abs_deficit
mswc-da22b37f301904e9,negative_confusable,unknown,1.0,train,split_extension_append_abs_deficit
mswc-da28a8db4e960e3a,negative_confusable,unknown,1.0,train,split_extension_append_abs_deficit
mswc-da2a94ee34925d0d,negative_confusable,unknown,3.0,train,split_extension_append_abs_deficit
mswc-da2bcb0042887b8c,negative_confusable,unknown,1.0,train,split_extension_append_abs_deficit
mswc-da31675700f251d7,negative_confusable,unknown,1.0,test,split_extension_append_abs_deficit
mswc-da373e548726686a,negative_confusable,unknown,1.0,train,split_extension_append_abs_deficit
mswc-da4b02000397155b,negative_confusable,unknown,1.0,train,split_extension_append_abs_deficit
mswc-da6efb7132c9706d,negative_confusable,unknown,1.0,validation,split_extension_append_abs_deficit
mswc-da7adcfefc565051,negative_confusable,unknown,1.0,train,split_extension_append_abs_deficit
mswc-da8a03b87a3f5b75,negative_confusable,unknown,1.0,test,split_extension_append_abs_deficit
mswc-da8f941a3146e67d,negative_confusable,unknown,1.0,test,split_extension_append_abs_deficit
mswc-da908908e4c8b5ef,negative_confusable,unknown,1.0,train,split_extension_append_abs_deficit
mswc-da92d1cf70ad8356,negative_confusable,unknown,0.992,test,split_extension_append_abs_deficit
mswc-daa9b0e528322889,negative_confusable,unknown,1.0,train,split_extension_append_abs_deficit
mswc-dad33cf2c7360206,negative_confusable,unknown,2.0,train,split_extension_append_abs_deficit
mswc-dadf75057dc74c39,negative_confusable,unknown,1.0,train,split_extension_append_abs_deficit
mswc-db006305dada82c8,negative_confusable,unknown,1.0,train,split_extension_append_abs_deficit
mswc-db16e328c42741c1,negative_confusable,unknown,3.0,train,split_extension_append_abs_deficit
mswc-db258f2bcaf7e259,negative_confusable,unknown,2.0,train,split_extension_append_abs_deficit
mswc-db2d866833d5767e,negative_confusable,unknown,2.0,train,split_extension_append_abs_deficit
mswc-db3105debd557279,negative_confusable,unknown,5.0,train,split_extension_append_abs_deficit
mswc-db3432981615ee1b,negative_confusable,unknown,1.0,train,split_extension_append_abs_deficit
mswc-db3c1a53cdfc2709,negative_confusable,unknown,1.0,test,split_extension_append_abs_deficit
mswc-db3f0282ab55e11b,negative_confusable,unknown,1.0,train,split_extension_append_abs_deficit
mswc-db48fecb039c9a6f,negative_confusable,unknown,1.0,validation,split_extension_append_abs_deficit
mswc-db4b5a84fdf8aafa,negative_confusable,unknown,1.0,train,split_extension_append_abs_deficit
mswc-db55d8a180f0c826,negative_confusable,unknown,1.0,train,split_extension_append_abs_deficit
mswc-db5fa33657b42c43,negative_confusable,unknown,1.0,validation,split_extension_append_abs_deficit
mswc-db62c877d5905317,negative_confusable,unknown,2.0,train,split_extension_append_abs_deficit
mswc-db706f02d5f9c854,negative_confusable,unknown,1.0,train,split_extension_append_abs_deficit
mswc-db7307d85e14ed30,negative_confusable,unknown,1.0,train,split_extension_append_abs_deficit
mswc-db85fc7a71a3e080,negative_confusable,unknown,1.0,train,split_extension_append_abs_deficit
mswc-db93320dcb2d0b85,negative_confusable,unknown,1.0,test,split_extension_append_abs_deficit
mswc-db94fba2e15010f1,negative_confusable,unknown,1.0,train,split_extension_append_abs_deficit
mswc-db981170085606a0,negative_confusable,unknown,1.0,train,split_extension_append_abs_deficit
mswc-dbade84edb933933,negative_confusable,unknown,1.0,test,split_extension_append_abs_deficit
mswc-dbb391764ce08b63,negative_confusable,unknown,1.0,train,split_extension_append_abs_deficit
mswc-dbc6f12a891e8767,negative_confusable,unknown,1.0,test,split_extension_append_abs_deficit
mswc-dbd23191848b703d,negative_confusable,unknown,1.0,test,split_extension_append_abs_deficit
mswc-dbe05618322a7cd1,negative_confusable,unknown,1.0,validation,split_extension_append_abs_deficit
mswc-dbf38ca5b331ca78,negative_confusable,unknown,1.0,test,split_extension_append_abs_deficit
mswc-dc363c0be5a4605e,negative_confusable,unknown,2.0,train,split_extension_append_abs_deficit
mswc-dc3db1a53620d85b,negative_confusable,unknown,4.0,train,split_extension_append_abs_deficit
mswc-dc42b0ae753f0064,negative_confusable,unknown,2.0,train,split_extension_append_abs_deficit
mswc-dc5b72816230a6d8,negative_confusable,unknown,1.0,test,split_extension_append_abs_deficit
mswc-dc625ad2599a36d3,negative_confusable,unknown,2.0,train,split_extension_append_abs_deficit
mswc-dc83d61cebf28826,negative_confusable,unknown,2.0,train,split_extension_append_abs_deficit
mswc-dc8a782284c1801b,negative_confusable,unknown,1.0,train,split_extension_append_abs_deficit
mswc-dca22228c83f6c1c,negative_confusable,unknown,6.0,train,split_extension_append_abs_deficit
mswc-dcbef8c454c8f20b,negative_confusable,unknown,1.0,train,split_extension_append_abs_deficit
mswc-dccbb1c5114a0f6b,negative_confusable,unknown,2.0,train,split_extension_append_abs_deficit
mswc-dcd57f29aca94bc4,negative_confusable,unknown,1.0,train,split_extension_append_abs_deficit
mswc-dceffda472276858,negative_confusable,unknown,1.0,test,split_extension_append_abs_deficit
mswc-dcf0e7aa55ce205c,negative_confusable,unknown,1.0,train,split_extension_append_abs_deficit
mswc-dcf4becb4723a6f7,negative_confusable,unknown,2.0,train,split_extension_append_abs_deficit
mswc-dcf645b5faf7fb05,negative_confusable,unknown,1.0,train,split_extension_append_abs_deficit
mswc-dcf680c0b23ac0fa,negative_confusable,unknown,1.0,test,split_extension_append_abs_deficit
mswc-dd00030b6150bcc2,negative_confusable,unknown,1.0,train,split_extension_append_abs_deficit
mswc-dd056fe9e7f3b903,negative_confusable,unknown,2.0,train,split_extension_append_abs_deficit
mswc-dd1004bbe547bf8a,negative_confusable,unknown,1.0,validation,split_extension_append_abs_deficit
mswc-dd140cf144848947,negative_confusable,unknown,1.0,train,split_extension_append_abs_deficit
mswc-dd1bee8b2694a0bd,negative_confusable,unknown,1.0,train,split_extension_append_abs_deficit
mswc-dd203085253d2225,negative_confusable,unknown,2.0,train,split_extension_append_abs_deficit
mswc-dd27896c4f11a4b3,negative_confusable,unknown,1.0,train,split_extension_append_abs_deficit
mswc-dd2947a2ba3175e8,negative_confusable,unknown,1.0,test,split_extension_append_abs_deficit
mswc-dd2d8faaa2e134b5,negative_confusable,unknown,1.0,train,split_extension_append_abs_deficit
mswc-dd3e41c5267d6831,negative_confusable,unknown,1.0,validation,split_extension_append_abs_deficit
mswc-dd5657a8bbbfe0b5,negative_confusable,unknown,1.0,validation,split_extension_append_abs_deficit
mswc-dd883c56080c8067,negative_confusable,unknown,3.0,train,split_extension_append_abs_deficit
mswc-ddb990ca062bd970,negative_confusable,unknown,1.0,train,split_extension_append_abs_deficit
mswc-ddcc0dd6dc1db710,negative_confusable,unknown,1.0,test,split_extension_append_abs_deficit
mswc-ddd54d8e77e24d3d,negative_confusable,unknown,1.0,test,split_extension_append_abs_deficit
mswc-dde1f4296142e9ed,negative_confusable,unknown,1.0,train,split_extension_append_abs_deficit
mswc-ddea2254f78629b1,negative_confusable,unknown,1.0,train,split_extension_append_abs_deficit
mswc-ddf1696823e32bee,negative_confusable,unknown,2.0,train,split_extension_append_abs_deficit
mswc-ddf83a385544deda,negative_confusable,unknown,2.0,train,split_extension_append_abs_deficit
mswc-de132a8bd5cf0c64,negative_confusable,unknown,1.0,train,split_extension_append_abs_deficit
mswc-de144f36c29e5a51,negative_confusable,unknown,1.0,train,split_extension_append_abs_deficit
mswc-de2afcd83f933c3e,negative_confusable,unknown,2.0,train,split_extension_append_abs_deficit
mswc-de319f3b46649a0b,negative_confusable,unknown,1.0,train,split_extension_append_abs_deficit
mswc-de6fd414aab0edac,negative_confusable,unknown,1.0,train,split_extension_append_abs_deficit
mswc-de7ffe13a40869ae,negative_confusable,unknown,1.0,train,split_extension_append_abs_deficit
mswc-de9cb49c368ea0cd,negative_confusable,unknown,1.0,train,split_extension_append_abs_deficit
mswc-deb3861357dd0cc3,negative_confusable,unknown,1.0,train,split_extension_append_abs_deficit
mswc-deb482532a4ccf3b,negative_confusable,unknown,1.0,validation,split_extension_append_abs_deficit
mswc-deb6460d40a97e19,negative_confusable,unknown,1.0,train,split_extension_append_abs_deficit
mswc-deb84f2071c433e6,negative_confusable,unknown,1.0,train,split_extension_append_abs_deficit
mswc-dec652d2b260becc,negative_confusable,unknown,1.0,validation,split_extension_append_abs_deficit
mswc-decfdb0b5217960f,negative_confusable,unknown,1.0,train,split_extension_append_abs_deficit
mswc-ded6bd8d2f2db374,negative_confusable,unknown,1.0,train,split_extension_append_abs_deficit
mswc-dee25d0cc9adbbbd,negative_confusable,unknown,1.0,train,split_extension_append_abs_deficit
mswc-dee3c2608ee5b64e,negative_confusable,unknown,1.0,train,split_extension_append_abs_deficit
mswc-dee76950d3f4f94f,negative_confusable,unknown,1.0,train,split_extension_append_abs_deficit
mswc-df15bae4768487b9,negative_confusable,unknown,1.0,test,split_extension_append_abs_deficit
mswc-df21c6ff5f20578b,negative_confusable,unknown,1.0,train,split_extension_append_abs_deficit
mswc-df25a92ae26c074a,negative_confusable,unknown,2.0,train,split_extension_append_abs_deficit
mswc-df32d495222a8fee,negative_confusable,unknown,1.0,train,split_extension_append_abs_deficit
mswc-df36468b57a4b532,negative_confusable,unknown,1.0,train,split_extension_append_abs_deficit
mswc-df63857d032395d4,negative_confusable,unknown,1.0,train,split_extension_append_abs_deficit
mswc-df667ab0a3a631b8,negative_confusable,unknown,1.0,validation,split_extension_append_abs_deficit
mswc-df8af972bc51416e,negative_confusable,unknown,1.0,test,split_extension_append_abs_deficit
mswc-dfb4df6872854d3f,negative_confusable,unknown,1.0,train,split_extension_append_abs_deficit
mswc-dfbf2922b675387c,negative_confusable,unknown,1.0,test,split_extension_append_abs_deficit
mswc-dfc797bddf7864a4,negative_confusable,unknown,1.0,test,split_extension_append_abs_deficit
mswc-dfc7d3e2534fe7f6,negative_confusable,unknown,3.0,train,split_extension_append_abs_deficit
mswc-dfce20c32381821f,negative_confusable,unknown,1.0,test,split_extension_append_abs_deficit
mswc-dfd06b9646aa57fe,negative_confusable,unknown,1.0,train,split_extension_append_abs_deficit
mswc-dfee4c9c067eba3b,negative_confusable,unknown,1.0,train,split_extension_append_abs_deficit
mswc-e00e2113bc5b6092,negative_confusable,unknown,1.0,validation,split_extension_append_abs_deficit
mswc-e0168da2f66d6602,negative_confusable,unknown,1.0,train,split_extension_append_abs_deficit
mswc-e02080d020421f52,negative_confusable,unknown,2.0,train,split_extension_append_abs_deficit
mswc-e034041982a5a1bb,negative_confusable,unknown,1.0,train,split_extension_append_abs_deficit
mswc-e0477bf422072261,negative_confusable,unknown,1.0,train,split_extension_append_abs_deficit
mswc-e049e1fcb864daad,negative_confusable,unknown,3.0,train,split_extension_append_abs_deficit
mswc-e051704b86011688,negative_confusable,unknown,1.0,train,split_extension_append_abs_deficit
mswc-e057da23aa4390ea,negative_confusable,unknown,1.0,train,split_extension_append_abs_deficit
mswc-e06820c0779fe2a1,negative_confusable,unknown,1.0,train,split_extension_append_abs_deficit
mswc-e0a15e6fb8c2f419,negative_confusable,unknown,1.0,test,split_extension_append_abs_deficit
mswc-e0a333d6e7586c97,negative_confusable,unknown,1.0,train,split_extension_append_abs_deficit
mswc-e0b23f9b41923c32,negative_confusable,unknown,1.0,train,split_extension_append_abs_deficit
mswc-e0b7d7e4c71c7950,negative_confusable,unknown,3.0,train,split_extension_append_abs_deficit
mswc-e0c53befebc9b177,negative_confusable,unknown,1.0,train,split_extension_append_abs_deficit
mswc-e0c793019374916c,negative_confusable,unknown,1.0,train,split_extension_append_abs_deficit
mswc-e0d258b3c6b96838,negative_confusable,unknown,1.0,train,split_extension_append_abs_deficit
mswc-e0e2a4b0b6d984bb,negative_confusable,unknown,1.0,train,split_extension_append_abs_deficit
mswc-e0e45102bccd63c2,negative_confusable,unknown,1.0,test,split_extension_append_abs_deficit
mswc-e0e4d1cd7c5b678b,negative_confusable,unknown,2.0,train,split_extension_append_abs_deficit
mswc-e0e4f2ecc07153b5,negative_confusable,unknown,1.0,train,split_extension_append_abs_deficit
mswc-e0f07296f9d7d1af,negative_confusable,unknown,1.0,validation,split_extension_append_abs_deficit
mswc-e0f58b4ce0241735,negative_confusable,unknown,1.0,train,split_extension_append_abs_deficit
mswc-e10190eb9378f756,negative_confusable,unknown,1.0,test,split_extension_append_abs_deficit
mswc-e104eeeff4ac37ac,negative_confusable,unknown,2.0,train,split_extension_append_abs_deficit
mswc-e10cf3cb782746c7,negative_confusable,unknown,1.0,test,split_extension_append_abs_deficit
mswc-e1129a90cc709e88,negative_confusable,unknown,1.0,train,split_extension_append_abs_deficit
mswc-e11b2e9c33ba3237,negative_confusable,unknown,1.0,train,split_extension_append_abs_deficit
mswc-e12cd242f82b9019,negative_confusable,unknown,1.0,test,split_extension_append_abs_deficit
mswc-e13852c2f4e13fa8,negative_confusable,unknown,1.0,validation,split_extension_append_abs_deficit
mswc-e140a69135f35bc8,negative_confusable,unknown,2.0,train,split_extension_append_abs_deficit
mswc-e1411eea33201eb4,negative_confusable,unknown,1.0,train,split_extension_append_abs_deficit
mswc-e1530dcd8f3660d6,negative_confusable,unknown,1.0,validation,split_extension_append_abs_deficit
mswc-e165131cebf56d8a,negative_confusable,unknown,1.0,train,split_extension_append_abs_deficit
mswc-e1759f659cb1cac8,negative_confusable,unknown,1.0,train,split_extension_append_abs_deficit
mswc-e17a1a20e9a53171,negative_confusable,unknown,1.0,train,split_extension_append_abs_deficit
mswc-e18cda8c10fbd23d,negative_confusable,unknown,1.0,test,split_extension_append_abs_deficit
mswc-e190459aeb9c0918,negative_confusable,unknown,1.0,train,split_extension_append_abs_deficit
mswc-e1b2d1310e177edb,negative_confusable,unknown,1.0,train,split_extension_append_abs_deficit
mswc-e1b401d4366a4498,negative_confusable,unknown,1.0,validation,split_extension_append_abs_deficit
mswc-e1b76c52e8da14f8,negative_confusable,unknown,1.0,train,split_extension_append_abs_deficit
mswc-e1c5efb157148ab7,negative_confusable,unknown,1.0,train,split_extension_append_abs_deficit
mswc-e1c6a85ace8106a7,negative_confusable,unknown,1.0,test,split_extension_append_abs_deficit
mswc-e1d39da2cbbb75b9,negative_confusable,unknown,1.0,train,split_extension_append_abs_deficit
mswc-e1e9672e6c0b889d,negative_confusable,unknown,1.0,train,split_extension_append_abs_deficit
mswc-e1efab83ae3a00f6,negative_confusable,unknown,1.0,train,split_extension_append_abs_deficit
mswc-e1f32bf3781c98e8,negative_confusable,unknown,0.996,train,split_extension_append_abs_deficit
mswc-e2096c5f8dd77099,negative_confusable,unknown,1.0,test,split_extension_append_abs_deficit
mswc-e23ed038165f6d9b,negative_confusable,unknown,1.0,train,split_extension_append_abs_deficit
mswc-e2401e27067c578c,negative_confusable,unknown,1.0,train,split_extension_append_abs_deficit
mswc-e2501636040968bb,negative_confusable,unknown,1.0,train,split_extension_append_abs_deficit
mswc-e251065cc1abb01b,negative_confusable,unknown,1.0,test,split_extension_append_abs_deficit
mswc-e25ee692a05a814c,negative_confusable,unknown,1.0,train,split_extension_append_abs_deficit
mswc-e2688542012c49d3,negative_confusable,unknown,1.0,train,split_extension_append_abs_deficit
mswc-e27296854422d97e,negative_confusable,unknown,1.0,train,split_extension_append_abs_deficit
mswc-e27c7d38497445c0,negative_confusable,unknown,2.0,train,split_extension_append_abs_deficit
mswc-e2b25b63d51bc81d,negative_confusable,unknown,6.0,train,split_extension_append_abs_deficit
mswc-e2b6354e98965d27,negative_confusable,unknown,1.0,train,split_extension_append_abs_deficit
mswc-e2bbf32791de1d6c,negative_confusable,unknown,1.0,train,split_extension_append_abs_deficit
mswc-e2d3a1965a47adb9,negative_confusable,unknown,1.0,train,split_extension_append_abs_deficit
mswc-e2d5fad2925c3bb5,negative_confusable,unknown,1.0,train,split_extension_append_abs_deficit
mswc-e2dc371105331c21,negative_confusable,unknown,1.0,train,split_extension_append_abs_deficit
mswc-e2e7dd4ec175f06b,negative_confusable,unknown,1.0,train,split_extension_append_abs_deficit
mswc-e2e8397fd4874e90,negative_confusable,unknown,1.0,test,split_extension_append_abs_deficit
mswc-e2e9a6ac6c1b4377,negative_confusable,unknown,1.0,train,split_extension_append_abs_deficit
mswc-e2f4be0400664749,negative_confusable,unknown,1.0,test,split_extension_append_abs_deficit
mswc-e314cedfbcc6ecb0,negative_confusable,unknown,2.0,train,split_extension_append_abs_deficit
mswc-e31eb4f2739df6dd,negative_confusable,unknown,1.0,train,split_extension_append_abs_deficit
mswc-e3397f9b7805705b,negative_confusable,unknown,1.0,train,split_extension_append_abs_deficit
mswc-e352256ed88ad1b0,negative_confusable,unknown,1.0,train,split_extension_append_abs_deficit
mswc-e373c8e024eba016,negative_confusable,unknown,1.0,train,split_extension_append_abs_deficit
mswc-e3765e1fa41845c0,negative_confusable,unknown,1.0,train,split_extension_append_abs_deficit
mswc-e37fd02d0c929514,negative_confusable,unknown,1.0,validation,split_extension_append_abs_deficit
mswc-e387f1fa43036bb9,negative_confusable,unknown,1.0,validation,split_extension_append_abs_deficit
mswc-e38aec5ad8f4a46e,negative_confusable,unknown,3.0,train,split_extension_append_abs_deficit
mswc-e38dc18e32808d01,negative_confusable,unknown,1.0,test,split_extension_append_abs_deficit
mswc-e390c7ce8f17fe55,negative_confusable,unknown,1.0,validation,split_extension_append_abs_deficit
mswc-e3928afa98c10f82,negative_confusable,unknown,1.0,train,split_extension_append_abs_deficit
mswc-e396ac045c1bd393,negative_confusable,unknown,1.0,train,split_extension_append_abs_deficit
mswc-e3a7f8774f9b55f5,negative_confusable,unknown,1.0,validation,split_extension_append_abs_deficit
mswc-e3b3dc608aa8b800,negative_confusable,unknown,1.0,train,split_extension_append_abs_deficit
mswc-e3d067e15c2940f2,negative_confusable,unknown,1.0,train,split_extension_append_abs_deficit
mswc-e3e728505e4deb82,negative_confusable,unknown,1.0,test,split_extension_append_abs_deficit
mswc-e3f0de3a7db77d89,negative_confusable,unknown,1.0,train,split_extension_append_abs_deficit
mswc-e3f5273b82283f00,negative_confusable,unknown,1.0,train,split_extension_append_abs_deficit
mswc-e40432c607380771,negative_confusable,unknown,1.972,train,split_extension_append_abs_deficit
mswc-e4181f16d2d0e94b,negative_confusable,unknown,3.0,train,split_extension_append_abs_deficit
mswc-e41c7cb98b77d355,negative_confusable,unknown,1.0,test,split_extension_append_abs_deficit
mswc-e426bcb05ec87eb3,negative_confusable,unknown,1.0,train,split_extension_append_abs_deficit
mswc-e4592c2490cff021,negative_confusable,unknown,2.0,train,split_extension_append_abs_deficit
mswc-e45e331fec0a53f9,negative_confusable,unknown,1.0,validation,split_extension_append_abs_deficit
mswc-e492fdf34ec7ba28,negative_confusable,unknown,1.0,test,split_extension_append_abs_deficit
mswc-e4a9f157112dd7db,negative_confusable,unknown,1.0,train,split_extension_append_abs_deficit
mswc-e4b58e76a72a9f11,negative_confusable,unknown,1.0,train,split_extension_append_abs_deficit
mswc-e4be2da4bb6fdbd6,negative_confusable,unknown,1.0,train,split_extension_append_abs_deficit
mswc-e4c212ed1deb5018,negative_confusable,unknown,1.0,train,split_extension_append_abs_deficit
mswc-e4df8f42f9ed9226,negative_confusable,unknown,1.0,train,split_extension_append_abs_deficit
mswc-e4e1a06a319d037f,negative_confusable,unknown,1.0,train,split_extension_append_abs_deficit
mswc-e4e5683b253308b0,negative_confusable,unknown,1.0,train,split_extension_append_abs_deficit
mswc-e4ec8236a5639fff,negative_confusable,unknown,1.0,test,split_extension_append_abs_deficit
mswc-e4fb42606f87fbbe,negative_confusable,unknown,1.0,train,split_extension_append_abs_deficit
mswc-e52a28d767575f4c,negative_confusable,unknown,2.0,train,split_extension_append_abs_deficit
mswc-e537696be68b6cc0,negative_confusable,unknown,1.0,test,split_extension_append_abs_deficit
mswc-e551bace17e7180c,negative_confusable,unknown,1.0,train,split_extension_append_abs_deficit
mswc-e5534c3ff1e2bb38,negative_confusable,unknown,1.0,train,split_extension_append_abs_deficit
mswc-e561469ecbf98c10,negative_confusable,unknown,2.0,train,split_extension_append_abs_deficit
mswc-e59a624a314e1d10,negative_confusable,unknown,1.0,test,split_extension_append_abs_deficit
mswc-e59d17310bb3b545,negative_confusable,unknown,1.0,train,split_extension_append_abs_deficit
mswc-e5bfe647dfa181ce,negative_confusable,unknown,2.0,train,split_extension_append_abs_deficit
mswc-e5c49349b46a5471,negative_confusable,unknown,3.0,train,split_extension_append_abs_deficit
mswc-e5d4017b67250d51,negative_confusable,unknown,1.0,validation,split_extension_append_abs_deficit
mswc-e5e48c871c1d18bf,negative_confusable,unknown,1.0,test,split_extension_append_abs_deficit
mswc-e61afd9861bad26b,negative_confusable,unknown,1.0,train,split_extension_append_abs_deficit
mswc-e6201be07a2499fc,negative_confusable,unknown,1.0,train,split_extension_append_abs_deficit
mswc-e6212a9ecb66fb9a,negative_confusable,unknown,1.0,validation,split_extension_append_abs_deficit
mswc-e62c252e7b793b2e,negative_confusable,unknown,2.0,train,split_extension_append_abs_deficit
mswc-e6385527e1e47232,negative_confusable,unknown,2.0,train,split_extension_append_abs_deficit
mswc-e64314ffcdfbf6b1,negative_confusable,unknown,1.0,validation,split_extension_append_abs_deficit
mswc-e64c030743dda1ea,negative_confusable,unknown,1.0,train,split_extension_append_abs_deficit
mswc-e66418e3dbafbcd2,negative_confusable,unknown,2.0,train,split_extension_append_abs_deficit
mswc-e66509a7f96a4caa,negative_confusable,unknown,8.0,train,split_extension_append_abs_deficit
mswc-e672f807b4c044d9,negative_confusable,unknown,2.0,train,split_extension_append_abs_deficit
mswc-e67dc5aca8ee15b1,negative_confusable,unknown,1.0,train,split_extension_append_abs_deficit
mswc-e69c5eefc7c7cf09,negative_confusable,unknown,1.0,test,split_extension_append_abs_deficit
mswc-e6be2cd14a77da4a,negative_confusable,unknown,1.0,train,split_extension_append_abs_deficit
mswc-e6cff8dff89bc8ef,negative_confusable,unknown,1.0,validation,split_extension_append_abs_deficit
mswc-e6d72d1e97e93450,negative_confusable,unknown,1.0,test,split_extension_append_abs_deficit
mswc-e6d74b40aec88ca4,negative_confusable,unknown,2.0,train,split_extension_append_abs_deficit
mswc-e6dbbe39377aa0fe,negative_confusable,unknown,14.0,train,split_extension_append_abs_deficit
mswc-e6e54998f6088bbd,negative_confusable,unknown,1.0,validation,split_extension_append_abs_deficit
mswc-e6f82bc9b2488e24,negative_confusable,unknown,1.0,test,split_extension_append_abs_deficit
mswc-e6fee26e65b516e1,negative_confusable,unknown,4.0,train,split_extension_append_abs_deficit
mswc-e703cd57be2217ea,negative_confusable,unknown,1.0,validation,split_extension_append_abs_deficit
mswc-e70ed1e1328a820d,negative_confusable,unknown,1.0,train,split_extension_append_abs_deficit
mswc-e725473ad8a4ea90,negative_confusable,unknown,1.0,train,split_extension_append_abs_deficit
mswc-e72809d5f4ad0cfd,negative_confusable,unknown,1.0,train,split_extension_append_abs_deficit
mswc-e7354d3c2cfcd564,negative_confusable,unknown,1.0,validation,split_extension_append_abs_deficit
mswc-e7386db616b939d0,negative_confusable,unknown,1.0,train,split_extension_append_abs_deficit
mswc-e743f0bdd8efe737,negative_confusable,unknown,1.0,train,split_extension_append_abs_deficit
mswc-e75052c6a3137f84,negative_confusable,unknown,1.0,validation,split_extension_append_abs_deficit
mswc-e75c3a169d454c66,negative_confusable,unknown,1.0,train,split_extension_append_abs_deficit
mswc-e76bf275d7fa7029,negative_confusable,unknown,2.0,train,split_extension_append_abs_deficit
mswc-e7799090a60a7079,negative_confusable,unknown,1.0,train,split_extension_append_abs_deficit
mswc-e77d47eec3327d47,negative_confusable,unknown,1.0,train,split_extension_append_abs_deficit
mswc-e785c50441f0540d,negative_confusable,unknown,1.0,train,split_extension_append_abs_deficit
mswc-e790d1a6d652b49b,negative_confusable,unknown,20.0,train,split_extension_append_abs_deficit
mswc-e7968078afb0dc41,negative_confusable,unknown,2.0,train,split_extension_append_abs_deficit
mswc-e7982913cae29086,negative_confusable,unknown,1.0,test,split_extension_append_abs_deficit
mswc-e79993c49838b530,negative_confusable,unknown,1.0,train,split_extension_append_abs_deficit
mswc-e7b5bd07bf59193d,negative_confusable,unknown,1.0,train,split_extension_append_abs_deficit
mswc-e7bcba155b228456,negative_confusable,unknown,1.0,validation,split_extension_append_abs_deficit
mswc-e7c8ecfb690d06ad,negative_confusable,unknown,2.0,train,split_extension_append_abs_deficit
mswc-e7d6d6e98431d51e,negative_confusable,unknown,1.0,train,split_extension_append_abs_deficit
mswc-e7dbf7f4ac965186,negative_confusable,unknown,1.0,train,split_extension_append_abs_deficit
mswc-e7e5e67f8d3b7d44,negative_confusable,unknown,1.0,train,split_extension_append_abs_deficit
mswc-e7fe5c7fc85b7bbb,negative_confusable,unknown,1.0,train,split_extension_append_abs_deficit
mswc-e808b88c77a7bcbf,negative_confusable,unknown,3.996,train,split_extension_append_abs_deficit
mswc-e82084999a6c6a84,negative_confusable,unknown,2.0,train,split_extension_append_abs_deficit
mswc-e826ef098787b9d6,negative_confusable,unknown,1.0,train,split_extension_append_abs_deficit
mswc-e86013fe669f7e38,negative_confusable,unknown,1.0,validation,split_extension_append_abs_deficit
mswc-e86871c9affd547c,negative_confusable,unknown,1.0,validation,split_extension_append_abs_deficit
mswc-e87c87c4d62bfdc0,negative_confusable,unknown,1.0,test,split_extension_append_abs_deficit
mswc-e883159b9d9a2ee4,negative_confusable,unknown,1.0,train,split_extension_append_abs_deficit
mswc-e8acbd9e3724ff5f,negative_confusable,unknown,5.0,train,split_extension_append_abs_deficit
mswc-e8cbbe8a2492398a,negative_confusable,unknown,1.0,train,split_extension_append_abs_deficit
mswc-e8d005a43d0f1611,negative_confusable,unknown,1.0,train,split_extension_append_abs_deficit
mswc-e8ece803db1463ee,negative_confusable,unknown,1.0,train,split_extension_append_abs_deficit
mswc-e8f49aae730c4eb1,negative_confusable,unknown,1.0,train,split_extension_append_abs_deficit
mswc-e8f5bfa458e9e1f3,negative_confusable,unknown,3.0,train,split_extension_append_abs_deficit
mswc-e9123a4d2246082f,negative_confusable,unknown,1.0,train,split_extension_append_abs_deficit
mswc-e93a430705a528b4,negative_confusable,unknown,2.99,train,split_extension_append_abs_deficit
mswc-e945c685fd95f7f1,negative_confusable,unknown,1.0,train,split_extension_append_abs_deficit
mswc-e9564decb19350be,negative_confusable,unknown,2.0,train,split_extension_append_abs_deficit
mswc-e9597e64f385d5d6,negative_confusable,unknown,2.0,train,split_extension_append_abs_deficit
mswc-e97c05d1bff9c37e,negative_confusable,unknown,1.0,train,split_extension_append_abs_deficit
mswc-e98991e479da1b4f,negative_confusable,unknown,1.0,train,split_extension_append_abs_deficit
mswc-e98d85ca1586a1bd,negative_confusable,unknown,1.0,train,split_extension_append_abs_deficit
mswc-e99dc447979bdb0a,negative_confusable,unknown,1.0,train,split_extension_append_abs_deficit
mswc-e9a289d366bdd03d,negative_confusable,unknown,1.0,train,split_extension_append_abs_deficit
mswc-e9ac12df3329fad7,negative_confusable,unknown,1.0,train,split_extension_append_abs_deficit
mswc-e9b63fbe74734760,negative_confusable,unknown,1.0,train,split_extension_append_abs_deficit
mswc-e9c3a3fbc3bdfb85,negative_confusable,unknown,1.0,train,split_extension_append_abs_deficit
mswc-e9c64d7bfc39e40f,negative_confusable,unknown,1.0,test,split_extension_append_abs_deficit
mswc-e9fce241a40f1215,negative_confusable,unknown,1.0,train,split_extension_append_abs_deficit
mswc-ea32613a550070bb,negative_confusable,unknown,8.0,train,split_extension_append_abs_deficit
mswc-ea37b365dcd8b5fa,negative_confusable,unknown,2.0,train,split_extension_append_abs_deficit
mswc-ea3869abbeb191e4,negative_confusable,unknown,1.0,train,split_extension_append_abs_deficit
mswc-ea39526c6d741883,negative_confusable,unknown,1.0,train,split_extension_append_abs_deficit
mswc-ea49bf51bc539a48,negative_confusable,unknown,1.0,train,split_extension_append_abs_deficit
mswc-ea7e4ac1e69ff320,negative_confusable,unknown,1.0,train,split_extension_append_abs_deficit
mswc-eadee38afdade97e,negative_confusable,unknown,1.0,test,split_extension_append_abs_deficit
mswc-eae1a0c1027b6b98,negative_confusable,unknown,1.0,train,split_extension_append_abs_deficit
mswc-eafce02c170400bb,negative_confusable,unknown,0.972,test,split_extension_append_abs_deficit
mswc-eb0f59fc2da0ca1b,negative_confusable,unknown,3.0,train,split_extension_append_abs_deficit
mswc-eb171463e0b8beec,negative_confusable,unknown,1.0,validation,split_extension_append_abs_deficit
mswc-eb17f37a29c11c87,negative_confusable,unknown,1.0,train,split_extension_append_abs_deficit
mswc-eb2135c3de7c711c,negative_confusable,unknown,1.0,validation,split_extension_append_abs_deficit
mswc-eb27648d36ffbae5,negative_confusable,unknown,2.968,train,split_extension_append_abs_deficit
mswc-eb2cde58e72c1127,negative_confusable,unknown,2.0,train,split_extension_append_abs_deficit
mswc-eb6a03716537b7f8,negative_confusable,unknown,1.0,train,split_extension_append_abs_deficit
mswc-eb89de7394d6f270,negative_confusable,unknown,3.0,train,split_extension_append_abs_deficit
mswc-eb9077114ebd8c01,negative_confusable,unknown,2.0,train,split_extension_append_abs_deficit
mswc-eba6832785b435c1,negative_confusable,unknown,2.0,train,split_extension_append_abs_deficit
mswc-ebb876f17b5fe320,negative_confusable,unknown,2.0,train,split_extension_append_abs_deficit
mswc-ebb9e258d7be3fd6,negative_confusable,unknown,3.0,train,split_extension_append_abs_deficit
mswc-ebc46741691262fd,negative_confusable,unknown,1.0,train,split_extension_append_abs_deficit
mswc-ebc505de09d815de,negative_confusable,unknown,1.0,train,split_extension_append_abs_deficit
mswc-ebd039b47fc09ee5,negative_confusable,unknown,1.0,test,split_extension_append_abs_deficit
mswc-ebe454c119e62a1f,negative_confusable,unknown,1.0,validation,split_extension_append_abs_deficit
mswc-ebf973c89d6a8416,negative_confusable,unknown,1.0,train,split_extension_append_abs_deficit
mswc-ec21c716b5c8e572,negative_confusable,unknown,1.0,train,split_extension_append_abs_deficit
mswc-ec293248c910c280,negative_confusable,unknown,5.0,train,split_extension_append_abs_deficit
mswc-ec2d3daa019d42fb,negative_confusable,unknown,2.0,train,split_extension_append_abs_deficit
mswc-ec30abe371d14b3e,negative_confusable,unknown,1.0,train,split_extension_append_abs_deficit
mswc-ec4835bfdc3c7346,negative_confusable,unknown,1.0,train,split_extension_append_abs_deficit
mswc-ec6575515e443363,negative_confusable,unknown,1.0,train,split_extension_append_abs_deficit
mswc-ec919ed8d3d16697,negative_confusable,unknown,1.0,test,split_extension_append_abs_deficit
mswc-ec9a2ef40355c30d,negative_confusable,unknown,1.0,train,split_extension_append_abs_deficit
mswc-eca1087452a577c4,negative_confusable,unknown,1.0,train,split_extension_append_abs_deficit
mswc-eca148680b1f6619,negative_confusable,unknown,1.0,train,split_extension_append_abs_deficit
mswc-eca2c9a3e9959b40,negative_confusable,unknown,1.0,validation,split_extension_append_abs_deficit
mswc-ecb68ffb011aeeec,negative_confusable,unknown,1.0,train,split_extension_append_abs_deficit
mswc-ecb9cf52c5180e2f,negative_confusable,unknown,1.0,validation,split_extension_append_abs_deficit
mswc-ecc648ba1831c662,negative_confusable,unknown,2.0,train,split_extension_append_abs_deficit
mswc-eccbee85af9c0599,negative_confusable,unknown,1.0,test,split_extension_append_abs_deficit
mswc-ece8fbb05034cbba,negative_confusable,unknown,1.0,train,split_extension_append_abs_deficit
mswc-eceb5aceb55713c0,negative_confusable,unknown,1.0,train,split_extension_append_abs_deficit
mswc-ecfcc205b3797b1a,negative_confusable,unknown,1.0,test,split_extension_append_abs_deficit
mswc-ecfee986deadbc2e,negative_confusable,unknown,1.0,train,split_extension_append_abs_deficit
mswc-ed098e9daae9b91b,negative_confusable,unknown,1.0,validation,split_extension_append_abs_deficit
mswc-ed0e4d79c6c28894,negative_confusable,unknown,2.0,train,split_extension_append_abs_deficit
mswc-ed2d5718f7eda16b,negative_confusable,unknown,1.0,train,split_extension_append_abs_deficit
mswc-ed55c433392b75d7,negative_confusable,unknown,1.0,train,split_extension_append_abs_deficit
mswc-ed5fc8d80cf23c79,negative_confusable,unknown,3.0,train,split_extension_append_abs_deficit
mswc-ed6598e8399fa7e7,negative_confusable,unknown,1.0,test,split_extension_append_abs_deficit
mswc-ed75ae53db41cd70,negative_confusable,unknown,1.0,train,split_extension_append_abs_deficit
mswc-ed7a24240bb0b433,negative_confusable,unknown,1.0,train,split_extension_append_abs_deficit
mswc-ed80bf42ae3ef469,negative_confusable,unknown,1.0,train,split_extension_append_abs_deficit
mswc-ed8da4fdbfaa14a0,negative_confusable,unknown,2.0,train,split_extension_append_abs_deficit
mswc-eda6aa00b1339a26,negative_confusable,unknown,1.0,train,split_extension_append_abs_deficit
mswc-edab3d1d26423f4a,negative_confusable,unknown,1.0,train,split_extension_append_abs_deficit
mswc-edadbf12a928eb20,negative_confusable,unknown,1.0,train,split_extension_append_abs_deficit
mswc-edbb754781a51a40,negative_confusable,unknown,1.0,train,split_extension_append_abs_deficit
mswc-edbd4e64163508ea,negative_confusable,unknown,1.0,train,split_extension_append_abs_deficit
mswc-edc7cb5fa08eef9d,negative_confusable,unknown,3.0,train,split_extension_append_abs_deficit
mswc-edcdcde87161c738,negative_confusable,unknown,1.0,train,split_extension_append_abs_deficit
mswc-edd5b7722b90facf,negative_confusable,unknown,1.0,train,split_extension_append_abs_deficit
mswc-edf1766579adaa1e,negative_confusable,unknown,3.0,train,split_extension_append_abs_deficit
mswc-ee0dd2cf4383159a,negative_confusable,unknown,10.0,train,split_extension_append_abs_deficit
mswc-ee1502916c14e9f0,negative_confusable,unknown,1.0,train,split_extension_append_abs_deficit
mswc-ee1963bf389a73f2,negative_confusable,unknown,1.0,train,split_extension_append_abs_deficit
mswc-ee1e37b7cb9afbf3,negative_confusable,unknown,1.0,train,split_extension_append_abs_deficit
mswc-ee227fc801eef20e,negative_confusable,unknown,3.0,train,split_extension_append_abs_deficit
mswc-ee2a5fc526dab6d9,negative_confusable,unknown,1.0,train,split_extension_append_abs_deficit
mswc-ee2a8d6b2c2b0b7a,negative_confusable,unknown,1.0,train,split_extension_append_abs_deficit
mswc-ee3792c469888b1a,negative_confusable,unknown,1.0,train,split_extension_append_abs_deficit
mswc-ee3ac7744c02eea3,negative_confusable,unknown,2.0,train,split_extension_append_abs_deficit
mswc-ee5430117d8a6970,negative_confusable,unknown,1.0,train,split_extension_append_abs_deficit
mswc-ee55581519d85813,negative_confusable,unknown,2.0,train,split_extension_append_abs_deficit
mswc-ee66be09ab0986ea,negative_confusable,unknown,1.0,test,split_extension_append_abs_deficit
mswc-ee6fb335a8606954,negative_confusable,unknown,1.0,train,split_extension_append_abs_deficit
mswc-ee7189cab68743b4,negative_confusable,unknown,1.0,train,split_extension_append_abs_deficit
mswc-ee74e15cc2cfe71d,negative_confusable,unknown,2.0,train,split_extension_append_abs_deficit
mswc-ee909233f3093ef7,negative_confusable,unknown,1.0,train,split_extension_append_abs_deficit
mswc-ee90f691a2c08fae,negative_confusable,unknown,1.0,train,split_extension_append_abs_deficit
mswc-ee962cc53bbe6d1a,negative_confusable,unknown,2.0,train,split_extension_append_abs_deficit
mswc-ee99f4cb09aa1229,negative_confusable,unknown,1.0,validation,split_extension_append_abs_deficit
mswc-ee9b8cdbf22dd1ad,negative_confusable,unknown,1.0,test,split_extension_append_abs_deficit
mswc-ee9c8b5f0e32de0f,negative_confusable,unknown,1.0,train,split_extension_append_abs_deficit
mswc-eea8d2ee4c44ec15,negative_confusable,unknown,1.0,test,split_extension_append_abs_deficit
mswc-eeaa2abc90153b34,negative_confusable,unknown,1.0,train,split_extension_append_abs_deficit
mswc-eeb001abc2922936,negative_confusable,unknown,3.0,train,split_extension_append_abs_deficit
mswc-eec14d70f2b84887,negative_confusable,unknown,1.0,train,split_extension_append_abs_deficit
mswc-eecbb95f85422334,negative_confusable,unknown,1.0,validation,split_extension_append_abs_deficit
mswc-eeef41d2e7269667,negative_confusable,unknown,5.0,train,split_extension_append_abs_deficit
mswc-eeef9c73d6411931,negative_confusable,unknown,1.0,train,split_extension_append_abs_deficit
mswc-eefa3829b59f325d,negative_confusable,unknown,1.0,test,split_extension_append_abs_deficit
mswc-ef00576e78d24da6,negative_confusable,unknown,1.0,train,split_extension_append_abs_deficit
mswc-ef1a20b83b108fa0,negative_confusable,unknown,1.0,train,split_extension_append_abs_deficit
mswc-ef1ac428a5d4055b,negative_confusable,unknown,1.0,test,split_extension_append_abs_deficit
mswc-ef37e70e7d40e2d6,negative_confusable,unknown,2.0,train,split_extension_append_abs_deficit
mswc-ef4cbbaf5d5a3194,negative_confusable,unknown,1.0,validation,split_extension_append_abs_deficit
mswc-ef598685681cf73f,negative_confusable,unknown,1.0,train,split_extension_append_abs_deficit
mswc-ef6fe51e8f298f43,negative_confusable,unknown,1.0,validation,split_extension_append_abs_deficit
mswc-ef818dc4fb4ba68c,negative_confusable,unknown,4.0,train,split_extension_append_abs_deficit
mswc-ef8c7d32c1074b7b,negative_confusable,unknown,1.0,validation,split_extension_append_abs_deficit
mswc-ef8e1240aec12f93,negative_confusable,unknown,1.0,train,split_extension_append_abs_deficit
mswc-ef9c5c20305baa26,negative_confusable,unknown,1.0,test,split_extension_append_abs_deficit
mswc-efc1ed2a3b999598,negative_confusable,unknown,1.0,train,split_extension_append_abs_deficit
mswc-efc4a25339d53f5a,negative_confusable,unknown,3.0,train,split_extension_append_abs_deficit
mswc-efcec6355fdb427f,negative_confusable,unknown,1.0,train,split_extension_append_abs_deficit
mswc-efdbbb5f87973bcb,negative_confusable,unknown,1.0,validation,split_extension_append_abs_deficit
mswc-efe9323dff76c38b,negative_confusable,unknown,2.0,train,split_extension_append_abs_deficit
mswc-eff05a733cdc4bcb,negative_confusable,unknown,1.0,train,split_extension_append_abs_deficit
mswc-effdc24575676c89,negative_confusable,unknown,1.0,validation,split_extension_append_abs_deficit
mswc-f004ed2aab8d69ef,negative_confusable,unknown,1.0,train,split_extension_append_abs_deficit
mswc-f00d8e53e47fb885,negative_confusable,unknown,3.0,train,split_extension_append_abs_deficit
mswc-f02077f36c9f0e54,negative_confusable,unknown,1.0,test,split_extension_append_abs_deficit
mswc-f0214af87200d1fb,negative_confusable,unknown,1.0,train,split_extension_append_abs_deficit
mswc-f03ae0c41ea66426,negative_confusable,unknown,1.0,train,split_extension_append_abs_deficit
mswc-f0510f928872f915,negative_confusable,unknown,1.0,test,split_extension_append_abs_deficit
mswc-f0537e3c554e3122,negative_confusable,unknown,1.0,train,split_extension_append_abs_deficit
mswc-f054a5bef406ba6e,negative_confusable,unknown,4.0,train,split_extension_append_abs_deficit
mswc-f06264a5b1709ada,negative_confusable,unknown,1.0,train,split_extension_append_abs_deficit
mswc-f0699ec83ec10d00,negative_confusable,unknown,1.0,train,split_extension_append_abs_deficit
mswc-f074ac8f544ba0bc,negative_confusable,unknown,1.0,validation,split_extension_append_abs_deficit
mswc-f078fdee6a48fe7d,negative_confusable,unknown,1.0,train,split_extension_append_abs_deficit
mswc-f08b2549abea8d97,negative_confusable,unknown,1.0,test,split_extension_append_abs_deficit
mswc-f09a8666bffcb814,negative_confusable,unknown,1.0,test,split_extension_append_abs_deficit
mswc-f0beb332e973f011,negative_confusable,unknown,1.0,train,split_extension_append_abs_deficit
mswc-f0d0fa646fd93e84,negative_confusable,unknown,1.0,train,split_extension_append_abs_deficit
mswc-f0ea206776edd98e,negative_confusable,unknown,8.0,train,split_extension_append_abs_deficit
mswc-f0f230fc0317ded0,negative_confusable,unknown,1.0,test,split_extension_append_abs_deficit
mswc-f10f2d35a7e480d9,negative_confusable,unknown,1.0,train,split_extension_append_abs_deficit
mswc-f11bbaf10dbb365a,negative_confusable,unknown,1.0,train,split_extension_append_abs_deficit
mswc-f1202191d99e47f8,negative_confusable,unknown,3.0,train,split_extension_append_abs_deficit
mswc-f12a988e9d251485,negative_confusable,unknown,1.0,train,split_extension_append_abs_deficit
mswc-f137b8fcec3b281c,negative_confusable,unknown,1.0,test,split_extension_append_abs_deficit
mswc-f13a9ab3bfdd67a9,negative_confusable,unknown,1.0,train,split_extension_append_abs_deficit
mswc-f146a92ae8e57861,negative_confusable,unknown,1.0,train,split_extension_append_abs_deficit
mswc-f14731457933a2da,negative_confusable,unknown,1.0,validation,split_extension_append_abs_deficit
mswc-f148bbf4cd305610,negative_confusable,unknown,1.0,train,split_extension_append_abs_deficit
mswc-f14c3f454ba97401,negative_confusable,unknown,1.0,train,split_extension_append_abs_deficit
mswc-f159a1eed1ec2c94,negative_confusable,unknown,1.0,validation,split_extension_append_abs_deficit
mswc-f15ab3355bac7424,negative_confusable,unknown,2.0,train,split_extension_append_abs_deficit
mswc-f166740e5730bca8,negative_confusable,unknown,1.0,test,split_extension_append_abs_deficit
mswc-f166b5b4a1a8c7e9,negative_confusable,unknown,1.0,test,split_extension_append_abs_deficit
mswc-f167f15441c3969f,negative_confusable,unknown,1.0,validation,split_extension_append_abs_deficit
mswc-f17ec2f264aed439,negative_confusable,unknown,1.0,train,split_extension_append_abs_deficit
mswc-f19185f2d00a9dd5,negative_confusable,unknown,3.0,train,split_extension_append_abs_deficit
mswc-f1aab91c60738996,negative_confusable,unknown,1.0,train,split_extension_append_abs_deficit
mswc-f1cbd35c15a046b5,negative_confusable,unknown,1.0,validation,split_extension_append_abs_deficit
mswc-f1d2003fb1b042cf,negative_confusable,unknown,1.0,train,split_extension_append_abs_deficit
mswc-f1d91af9c994bc8d,negative_confusable,unknown,1.0,train,split_extension_append_abs_deficit
mswc-f1e639097ee4059f,negative_confusable,unknown,1.0,test,split_extension_append_abs_deficit
mswc-f1eea3ba0999b1a5,negative_confusable,unknown,1.0,train,split_extension_append_abs_deficit
mswc-f1eed52c1779383e,negative_confusable,unknown,1.0,train,split_extension_append_abs_deficit
mswc-f1f9bb2eeebc8cf5,negative_confusable,unknown,1.0,train,split_extension_append_abs_deficit
mswc-f20b0ddc60a21ecf,negative_confusable,unknown,1.0,train,split_extension_append_abs_deficit
mswc-f22579bbf2a6f8f9,negative_confusable,unknown,1.0,train,split_extension_append_abs_deficit
mswc-f22799b9561d8188,negative_confusable,unknown,6.0,train,split_extension_append_abs_deficit
mswc-f2555a91e03af6b0,negative_confusable,unknown,1.0,test,split_extension_append_abs_deficit
mswc-f278b9b9804093fe,negative_confusable,unknown,1.0,test,split_extension_append_abs_deficit
mswc-f28bf0ffcd123d32,negative_confusable,unknown,1.0,validation,split_extension_append_abs_deficit
mswc-f2909ec9143e4ff4,negative_confusable,unknown,1.0,train,split_extension_append_abs_deficit
mswc-f29c2fa8319b3bd7,negative_confusable,unknown,1.0,train,split_extension_append_abs_deficit
mswc-f2a12e5deaae4e7f,negative_confusable,unknown,1.0,validation,split_extension_append_abs_deficit
mswc-f2a1ba57344b05e8,negative_confusable,unknown,2.0,train,split_extension_append_abs_deficit
mswc-f2adee81e18fa6c8,negative_confusable,unknown,1.0,test,split_extension_append_abs_deficit
mswc-f2ee111b33852910,negative_confusable,unknown,2.0,train,split_extension_append_abs_deficit
mswc-f2f311a37a65224d,negative_confusable,unknown,2.0,train,split_extension_append_abs_deficit
mswc-f305d0e04a6c1734,negative_confusable,unknown,1.0,validation,split_extension_append_abs_deficit
mswc-f32e00f08a7363e1,negative_confusable,unknown,1.0,train,split_extension_append_abs_deficit
mswc-f35f1a70ddfb337f,negative_confusable,unknown,1.0,train,split_extension_append_abs_deficit
mswc-f360cadd4886e835,negative_confusable,unknown,2.0,train,split_extension_append_abs_deficit
mswc-f361275665da0686,negative_confusable,unknown,1.0,validation,split_extension_append_abs_deficit
mswc-f365bd1bdf901370,negative_confusable,unknown,1.0,train,split_extension_append_abs_deficit
mswc-f3708601f7d9bbaf,negative_confusable,unknown,1.0,train,split_extension_append_abs_deficit
mswc-f37d55c9f75456a2,negative_confusable,unknown,3.0,train,split_extension_append_abs_deficit
mswc-f3ac10969fbbc05e,negative_confusable,unknown,1.0,train,split_extension_append_abs_deficit
mswc-f3aeae51b61e8560,negative_confusable,unknown,1.0,train,split_extension_append_abs_deficit
mswc-f3b03649f72a2112,negative_confusable,unknown,1.0,validation,split_extension_append_abs_deficit
mswc-f3b9c255f9d2fff7,negative_confusable,unknown,1.0,validation,split_extension_append_abs_deficit
mswc-f3cdfa49be1c7941,negative_confusable,unknown,1.0,train,split_extension_append_abs_deficit
mswc-f3e9f93b5f020a59,negative_confusable,unknown,1.0,train,split_extension_append_abs_deficit
mswc-f42f7defd38fd107,negative_confusable,unknown,1.0,test,split_extension_append_abs_deficit
mswc-f440713f3836b1fe,negative_confusable,unknown,2.0,train,split_extension_append_abs_deficit
mswc-f45312184588db8f,negative_confusable,unknown,1.0,train,split_extension_append_abs_deficit
mswc-f454a07fa8830d07,negative_confusable,unknown,2.0,train,split_extension_append_abs_deficit
mswc-f47fe430d9242916,negative_confusable,unknown,1.0,validation,split_extension_append_abs_deficit
mswc-f49b4907006d1c1d,negative_confusable,unknown,1.0,validation,split_extension_append_abs_deficit
mswc-f4c130c5c1d7e06e,negative_confusable,unknown,2.0,train,split_extension_append_abs_deficit
mswc-f4c52a7fa71f422a,negative_confusable,unknown,1.0,train,split_extension_append_abs_deficit
mswc-f4cd081950e44c8a,negative_confusable,unknown,2.0,train,split_extension_append_abs_deficit
mswc-f4f0c4eaaef29d18,negative_confusable,unknown,1.0,train,split_extension_append_abs_deficit
mswc-f53715ec7f24f867,negative_confusable,unknown,1.0,train,split_extension_append_abs_deficit
mswc-f5535d8894fde26e,negative_confusable,unknown,9.0,train,split_extension_append_abs_deficit
mswc-f561872569274332,negative_confusable,unknown,1.0,test,split_extension_append_abs_deficit
mswc-f5686c318ba056de,negative_confusable,unknown,1.0,test,split_extension_append_abs_deficit
mswc-f58908ce28699573,negative_confusable,unknown,2.0,train,split_extension_append_abs_deficit
mswc-f589e969687884b8,negative_confusable,unknown,1.0,train,split_extension_append_abs_deficit
mswc-f58c4141a437703f,negative_confusable,unknown,1.0,train,split_extension_append_abs_deficit
mswc-f5922651d525a856,negative_confusable,unknown,1.0,test,split_extension_append_abs_deficit
mswc-f5a5b171e0234563,negative_confusable,unknown,1.0,validation,split_extension_append_abs_deficit
mswc-f5bc62f7b08771d3,negative_confusable,unknown,1.0,train,split_extension_append_abs_deficit
mswc-f5dea994b99c0568,negative_confusable,unknown,1.0,train,split_extension_append_abs_deficit
mswc-f5e6cbe172f46c49,negative_confusable,unknown,1.0,validation,split_extension_append_abs_deficit
mswc-f5f5f4e11ecf941f,negative_confusable,unknown,1.0,train,split_extension_append_abs_deficit
mswc-f5f7947a10efacc7,negative_confusable,unknown,1.0,validation,split_extension_append_abs_deficit
mswc-f5f7f0b8164e74ae,negative_confusable,unknown,1.0,validation,split_extension_append_abs_deficit
mswc-f5f8d827bdfb7d96,negative_confusable,unknown,1.0,validation,split_extension_append_abs_deficit
mswc-f6157963d5fbaf3e,negative_confusable,unknown,1.0,validation,split_extension_append_abs_deficit
mswc-f628c84c85d0f564,negative_confusable,unknown,1.0,test,split_extension_append_abs_deficit
mswc-f62a5c90271486a9,negative_confusable,unknown,1.0,train,split_extension_append_abs_deficit
mswc-f636e132bb6efc2d,negative_confusable,unknown,1.0,train,split_extension_append_abs_deficit
mswc-f63788aefc20610b,negative_confusable,unknown,1.0,train,split_extension_append_abs_deficit
mswc-f638487a58c6b072,negative_confusable,unknown,2.0,train,split_extension_append_abs_deficit
mswc-f648ef524f600983,negative_confusable,unknown,1.0,validation,split_extension_append_abs_deficit
mswc-f64efdead095df4e,negative_confusable,unknown,3.0,train,split_extension_append_abs_deficit
mswc-f65d29b715f4bc83,negative_confusable,unknown,1.0,validation,split_extension_append_abs_deficit
mswc-f663793363dcb42a,negative_confusable,unknown,1.0,train,split_extension_append_abs_deficit
mswc-f685352546727bd1,negative_confusable,unknown,1.0,train,split_extension_append_abs_deficit
mswc-f686d32b26c56e44,negative_confusable,unknown,1.0,train,split_extension_append_abs_deficit
mswc-f69b738003afc6f7,negative_confusable,unknown,1.0,validation,split_extension_append_abs_deficit
mswc-f69e103ea9e8eb96,negative_confusable,unknown,1.0,train,split_extension_append_abs_deficit
mswc-f6abc71ab15faf37,negative_confusable,unknown,1.0,train,split_extension_append_abs_deficit
mswc-f6acfe940ba602bb,negative_confusable,unknown,1.0,train,split_extension_append_abs_deficit
mswc-f6d4306b84bb2f2f,negative_confusable,unknown,1.0,train,split_extension_append_abs_deficit
mswc-f704208fc93e66fd,negative_confusable,unknown,2.0,train,split_extension_append_abs_deficit
mswc-f708772ad3026e55,negative_confusable,unknown,2.0,train,split_extension_append_abs_deficit
mswc-f72cca0343d7bb13,negative_confusable,unknown,1.0,train,split_extension_append_abs_deficit
mswc-f731090692bb4066,negative_confusable,unknown,1.0,train,split_extension_append_abs_deficit
mswc-f735ddd90c8400c6,negative_confusable,unknown,1.0,train,split_extension_append_abs_deficit
mswc-f748c3446cc12be4,negative_confusable,unknown,3.0,train,split_extension_append_abs_deficit
mswc-f75512b68c74ebdb,negative_confusable,unknown,1.0,train,split_extension_append_abs_deficit
mswc-f75f3d91f2747241,negative_confusable,unknown,1.0,train,split_extension_append_abs_deficit
mswc-f76b5ba6321b0fae,negative_confusable,unknown,1.0,train,split_extension_append_abs_deficit
mswc-f77a43009ddd0bcb,negative_confusable,unknown,1.0,train,split_extension_append_abs_deficit
mswc-f783abfbdfbce35f,negative_confusable,unknown,2.0,train,split_extension_append_abs_deficit
mswc-f78e97ac370944ea,negative_confusable,unknown,1.0,train,split_extension_append_abs_deficit
mswc-f79c94e2e2c4646d,negative_confusable,unknown,2.0,train,split_extension_append_abs_deficit
mswc-f7a22a4859a359f4,negative_confusable,unknown,1.0,test,split_extension_append_abs_deficit
mswc-f7ad1ef07b42ac13,negative_confusable,unknown,1.0,test,split_extension_append_abs_deficit
mswc-f7b88caaad4a94a1,negative_confusable,unknown,1.0,train,split_extension_append_abs_deficit
mswc-f7c8af48e4c7671f,negative_confusable,unknown,1.0,validation,split_extension_append_abs_deficit
mswc-f7d8f4abf2d3cb89,negative_confusable,unknown,7.0,train,split_extension_append_abs_deficit
mswc-f7f02bdde311557f,negative_confusable,unknown,1.0,train,split_extension_append_abs_deficit
mswc-f7f83c3a63466ddb,negative_confusable,unknown,1.0,train,split_extension_append_abs_deficit
mswc-f7faae4fa5ad08c4,negative_confusable,unknown,1.0,train,split_extension_append_abs_deficit
mswc-f7fdc406fa77dc11,negative_confusable,unknown,1.0,test,split_extension_append_abs_deficit
mswc-f80df7968ff5ea03,negative_confusable,unknown,1.0,test,split_extension_append_abs_deficit
mswc-f818ec0273816e27,negative_confusable,unknown,1.0,validation,split_extension_append_abs_deficit
mswc-f81d57c04bec2c31,negative_confusable,unknown,1.0,validation,split_extension_append_abs_deficit
mswc-f82519483ba5fd97,negative_confusable,unknown,1.0,train,split_extension_append_abs_deficit
mswc-f828e125e3b717f0,negative_confusable,unknown,1.0,train,split_extension_append_abs_deficit
mswc-f840574cf76c3565,negative_confusable,unknown,1.0,train,split_extension_append_abs_deficit
mswc-f8593f68e9d1a7cc,negative_confusable,unknown,1.0,train,split_extension_append_abs_deficit
mswc-f864af44191a89bd,negative_confusable,unknown,1.0,validation,split_extension_append_abs_deficit
mswc-f869777b43bece01,negative_confusable,unknown,1.0,train,split_extension_append_abs_deficit
mswc-f86993a6d89317e3,negative_confusable,unknown,1.0,train,split_extension_append_abs_deficit
mswc-f8800b676b02a495,negative_confusable,unknown,1.0,train,split_extension_append_abs_deficit
mswc-f88bb87163912ddf,negative_confusable,unknown,1.0,train,split_extension_append_abs_deficit
mswc-f89ac886a538c2eb,negative_confusable,unknown,1.0,train,split_extension_append_abs_deficit
mswc-f89fcc5bc4a06354,negative_confusable,unknown,1.0,train,split_extension_append_abs_deficit
mswc-f8a42aaaf28d9a16,negative_confusable,unknown,1.0,test,split_extension_append_abs_deficit
mswc-f8a6f41a5adc085e,negative_confusable,unknown,1.0,validation,split_extension_append_abs_deficit
mswc-f8ace2dae19b876f,negative_confusable,unknown,1.0,train,split_extension_append_abs_deficit
mswc-f8c2f092284ad4b3,negative_confusable,unknown,2.0,train,split_extension_append_abs_deficit
mswc-f8cf8954a9c34df6,negative_confusable,unknown,5.0,train,split_extension_append_abs_deficit
mswc-f8df32165ae35b8f,negative_confusable,unknown,7.0,train,split_extension_append_abs_deficit
mswc-f8ee2bca8cf23ccf,negative_confusable,unknown,1.0,train,split_extension_append_abs_deficit
mswc-f9297939c2da7e18,negative_confusable,unknown,1.0,validation,split_extension_append_abs_deficit
mswc-f944ef9a9041b7fa,negative_confusable,unknown,1.0,train,split_extension_append_abs_deficit
mswc-f94e892baf2ee5cc,negative_confusable,unknown,1.0,train,split_extension_append_abs_deficit
mswc-f95c9f478228e092,negative_confusable,unknown,8.0,train,split_extension_append_abs_deficit
mswc-f9676e69f82d014e,negative_confusable,unknown,1.0,train,split_extension_append_abs_deficit
mswc-f9722b97a42bf4eb,negative_confusable,unknown,1.0,validation,split_extension_append_abs_deficit
mswc-f9793bac48fbbe63,negative_confusable,unknown,1.0,train,split_extension_append_abs_deficit
mswc-f9a6f686045c3a83,negative_confusable,unknown,1.0,train,split_extension_append_abs_deficit
mswc-f9afd06858c4a972,negative_confusable,unknown,1.0,train,split_extension_append_abs_deficit
mswc-fa1c2ca16433f371,negative_confusable,unknown,1.0,train,split_extension_append_abs_deficit
mswc-fa225dd4c7bb39e5,negative_confusable,unknown,1.0,train,split_extension_append_abs_deficit
mswc-fa30940fa9c5e70f,negative_confusable,unknown,1.0,train,split_extension_append_abs_deficit
mswc-fa3a72f7238a6ca6,negative_confusable,unknown,2.0,train,split_extension_append_abs_deficit
mswc-fa3c47372a0dd1fd,negative_confusable,unknown,1.0,validation,split_extension_append_abs_deficit
mswc-fa42e84ae35697c2,negative_confusable,unknown,1.0,test,split_extension_append_abs_deficit
mswc-fa48b6b1ad70e3cd,negative_confusable,unknown,1.0,train,split_extension_append_abs_deficit
mswc-fa5073e3018138ab,negative_confusable,unknown,1.0,test,split_extension_append_abs_deficit
mswc-fa54c8fb3a6c31f2,negative_confusable,unknown,1.0,train,split_extension_append_abs_deficit
mswc-fa552041006acdb1,negative_confusable,unknown,17.0,train,split_extension_append_abs_deficit
mswc-fa5ecae9517eb77d,negative_confusable,unknown,1.0,train,split_extension_append_abs_deficit
mswc-fa6d1e90d7e01197,negative_confusable,unknown,1.0,train,split_extension_append_abs_deficit
mswc-fa7cb5eeb2b0f43e,negative_confusable,unknown,1.0,validation,split_extension_append_abs_deficit
mswc-fac3de6ce56e14c3,negative_confusable,unknown,1.0,train,split_extension_append_abs_deficit
mswc-facb4d11981fe460,negative_confusable,unknown,2.0,train,split_extension_append_abs_deficit
mswc-fad0a1ce448ebda3,negative_confusable,unknown,1.0,train,split_extension_append_abs_deficit
mswc-fade7ef4d2fb97f1,negative_confusable,unknown,1.0,train,split_extension_append_abs_deficit
mswc-fae28dec194bd9aa,negative_confusable,unknown,1.0,train,split_extension_append_abs_deficit
mswc-faf58637592369d7,negative_confusable,unknown,1.0,train,split_extension_append_abs_deficit
mswc-faf70271af570726,negative_confusable,unknown,1.0,train,split_extension_append_abs_deficit
mswc-fb158a16d5ebe6b6,negative_confusable,unknown,1.0,train,split_extension_append_abs_deficit
mswc-fb3823f9500b1eca,negative_confusable,unknown,1.0,train,split_extension_append_abs_deficit
mswc-fb490ae0e52e7820,negative_confusable,unknown,1.0,test,split_extension_append_abs_deficit
mswc-fb5c276dcb84f69c,negative_confusable,unknown,1.0,train,split_extension_append_abs_deficit
mswc-fb6590d7e9616862,negative_confusable,unknown,1.0,train,split_extension_append_abs_deficit
mswc-fb730b3bcce26eeb,negative_confusable,unknown,1.0,validation,split_extension_append_abs_deficit
mswc-fb776cb9d4d47a4d,negative_confusable,unknown,1.0,validation,split_extension_append_abs_deficit
mswc-fb79f6328db7f891,negative_confusable,unknown,2.0,train,split_extension_append_abs_deficit
mswc-fb80648555d6a696,negative_confusable,unknown,1.0,train,split_extension_append_abs_deficit
mswc-fb8c36db8f7d3610,negative_confusable,unknown,1.0,train,split_extension_append_abs_deficit
mswc-fb919534447910b3,negative_confusable,unknown,1.0,test,split_extension_append_abs_deficit
mswc-fb93f258ff3c8f9d,negative_confusable,unknown,1.0,train,split_extension_append_abs_deficit
mswc-fbb3edf1627fedb8,negative_confusable,unknown,1.0,train,split_extension_append_abs_deficit
mswc-fbb436f58f440edb,negative_confusable,unknown,3.0,train,split_extension_append_abs_deficit
mswc-fbb827a42f5e36d7,negative_confusable,unknown,1.0,train,split_extension_append_abs_deficit
mswc-fbbbbcd43aced02d,negative_confusable,unknown,1.0,test,split_extension_append_abs_deficit
mswc-fbdba5c790d5a556,negative_confusable,unknown,1.0,train,split_extension_append_abs_deficit
mswc-fbe7c4a246c015e6,negative_confusable,unknown,1.0,train,split_extension_append_abs_deficit
mswc-fbee73c674fd3545,negative_confusable,unknown,1.0,validation,split_extension_append_abs_deficit
mswc-fc095f30ab5b0560,negative_confusable,unknown,1.0,train,split_extension_append_abs_deficit
mswc-fc0c89b64bae9239,negative_confusable,unknown,1.0,train,split_extension_append_abs_deficit
mswc-fc0d31a88e177012,negative_confusable,unknown,1.0,test,split_extension_append_abs_deficit
mswc-fc13f216f9812eb7,negative_confusable,unknown,1.0,train,split_extension_append_abs_deficit
mswc-fc1c11e3b9d4608b,negative_confusable,unknown,1.0,train,split_extension_append_abs_deficit
mswc-fc20ea918607149d,negative_confusable,unknown,1.0,validation,split_extension_append_abs_deficit
mswc-fc35797fa6b3a03a,negative_confusable,unknown,1.0,train,split_extension_append_abs_deficit
mswc-fc3c1caf82f94cc4,negative_confusable,unknown,1.0,train,split_extension_append_abs_deficit
mswc-fc535a50027a6f8c,negative_confusable,unknown,2.0,train,split_extension_append_abs_deficit
mswc-fc58df6c7ed28191,negative_confusable,unknown,1.0,validation,split_extension_append_abs_deficit
mswc-fc767488372d5fc9,negative_confusable,unknown,1.0,train,split_extension_append_abs_deficit
mswc-fc924425b97bf9fa,negative_confusable,unknown,1.0,train,split_extension_append_abs_deficit
mswc-fc94a7467716f3bf,negative_confusable,unknown,1.0,test,split_extension_append_abs_deficit
mswc-fc9ac5e847f44e6d,negative_confusable,unknown,3.0,train,split_extension_append_abs_deficit
mswc-fcb9643c48642a42,negative_confusable,unknown,1.0,train,split_extension_append_abs_deficit
mswc-fce08c366ebddbe5,negative_confusable,unknown,4.0,train,split_extension_append_abs_deficit
mswc-fcf8e1fdce374a57,negative_confusable,unknown,1.0,train,split_extension_append_abs_deficit
mswc-fcffb37fddeaa6cb,negative_confusable,unknown,10.0,train,split_extension_append_abs_deficit
mswc-fd0850496feabaf6,negative_confusable,unknown,1.0,train,split_extension_append_abs_deficit
mswc-fd16bb06b054d16e,negative_confusable,unknown,1.0,test,split_extension_append_abs_deficit
mswc-fd263c10f9505413,negative_confusable,unknown,1.0,train,split_extension_append_abs_deficit
mswc-fd430d6fab17fb03,negative_confusable,unknown,1.0,train,split_extension_append_abs_deficit
mswc-fd48e7acec23ba4e,negative_confusable,unknown,3.0,train,split_extension_append_abs_deficit
mswc-fd52910d24299328,negative_confusable,unknown,6.0,train,split_extension_append_abs_deficit
mswc-fd87da017455f804,negative_confusable,unknown,6.0,train,split_extension_append_abs_deficit
mswc-fd88634bccf55c17,negative_confusable,unknown,1.0,train,split_extension_append_abs_deficit
mswc-fd8a93e896e42539,negative_confusable,unknown,1.0,train,split_extension_append_abs_deficit
mswc-fd9e55b8e5cb3ca7,negative_confusable,unknown,3.0,train,split_extension_append_abs_deficit
mswc-fda062a972daaf27,negative_confusable,unknown,1.0,train,split_extension_append_abs_deficit
mswc-fda95d3e110763c4,negative_confusable,unknown,1.0,train,split_extension_append_abs_deficit
mswc-fdbd27b5b75376de,negative_confusable,unknown,1.0,train,split_extension_append_abs_deficit
mswc-fdd176b1ff6f5cf3,negative_confusable,unknown,1.0,train,split_extension_append_abs_deficit
mswc-fdd435997917bcc4,negative_confusable,unknown,1.0,test,split_extension_append_abs_deficit
mswc-fdeb75d82506836f,negative_confusable,unknown,1.0,test,split_extension_append_abs_deficit
mswc-fdec12b3b87ed451,negative_confusable,unknown,1.0,train,split_extension_append_abs_deficit
mswc-fdf639ebb0129934,negative_confusable,unknown,2.0,train,split_extension_append_abs_deficit
mswc-fe046fb7142a1087,negative_confusable,unknown,2.0,train,split_extension_append_abs_deficit
mswc-fe149f7301bd0744,negative_confusable,unknown,1.0,test,split_extension_append_abs_deficit
mswc-fe14ad2e6c376cc5,negative_confusable,unknown,2.0,train,split_extension_append_abs_deficit
mswc-fe1d32a5b6df88f9,negative_confusable,unknown,1.0,train,split_extension_append_abs_deficit
mswc-fe653264a9bf3d79,negative_confusable,unknown,1.0,test,split_extension_append_abs_deficit
mswc-feb535cf1f7d8853,negative_confusable,unknown,1.0,train,split_extension_append_abs_deficit
mswc-feb7e9e952041fb2,negative_confusable,unknown,1.0,train,split_extension_append_abs_deficit
mswc-febfa9170cb04861,negative_confusable,unknown,9.0,train,split_extension_append_abs_deficit
mswc-fed04ddc1a9e4405,negative_confusable,unknown,1.0,train,split_extension_append_abs_deficit
mswc-fed9256c65cd48a2,negative_confusable,unknown,1.0,train,split_extension_append_abs_deficit
mswc-fedc1c1f30d75a15,negative_confusable,unknown,1.0,train,split_extension_append_abs_deficit
mswc-ff17d668c982d333,negative_confusable,unknown,1.0,train,split_extension_append_abs_deficit
mswc-ff1b6bdebbf3cc16,negative_confusable,unknown,1.0,train,split_extension_append_abs_deficit
mswc-ff3eb3e3259f9678,negative_confusable,unknown,1.0,train,split_extension_append_abs_deficit
mswc-ff564b3aef65e0dd,negative_confusable,unknown,1.0,train,split_extension_append_abs_deficit
mswc-ff6c256ddb667119,negative_confusable,unknown,2.0,train,split_extension_append_abs_deficit
mswc-ff8b7bd15c3870e7,negative_confusable,unknown,1.0,train,split_extension_append_abs_deficit
mswc-ff92c81a8b096e39,negative_confusable,unknown,1.0,train,split_extension_append_abs_deficit
mswc-ff9407c773974ce0,negative_confusable,unknown,1.0,test,split_extension_append_abs_deficit
mswc-ffbc4c97cd2192c2,negative_confusable,unknown,1.0,validation,split_extension_append_abs_deficit
mswc-ffbf6a4e644cd108,negative_confusable,unknown,1.0,validation,split_extension_append_abs_deficit
mswc-ffd03652a70b878a,negative_confusable,unknown,1.0,train,split_extension_append_abs_deficit
mswc-ffd249ee0a1c1bf2,negative_confusable,unknown,1.0,validation,split_extension_append_abs_deficit
mswc-ffdb6b7c465c2ebf,negative_confusable,unknown,1.0,test,split_extension_append_abs_deficit
mswc-ffe42ace6c59c49e,negative_confusable,unknown,2.0,train,split_extension_append_abs_deficit
mswc-ffe4c381080d0e6c,negative_confusable,unknown,1.0,train,split_extension_append_abs_deficit
mswc-ffea9212e3374cbd,negative_confusable,unknown,1.0,validation,split_extension_append_abs_deficit
mswc-fff65f367b0c214a,negative_confusable,unknown,5.0,train,split_extension_append_abs_deficit
snips-0007cc59899fa13a,negative_confusable,unknown,4.38,train,split_extension_append_abs_deficit
snips-0009359432fcf1d6,negative_confusable,unknown,5.484,train,split_extension_append_abs_deficit
snips-003e3b453ee5616f,negative_confusable,unknown,6.966,train,split_extension_append_abs_deficit
snips-003f781ec53c1c7e,negative_confusable,unknown,4.1814,train,split_extension_append_abs_deficit
snips-004e260ef56e526e,negative_confusable,unknown,4.2725,train,split_extension_append_abs_deficit
snips-006219fc8d425c48,negative_confusable,unknown,5.2907,train,split_extension_append_abs_deficit
snips-00959cf3535b1ebf,negative_confusable,unknown,1.536,test,split_extension_append_abs_deficit
snips-00c99c34312f9d29,negative_confusable,unknown,4.8297,train,split_extension_append_abs_deficit
snips-00d8255e8c888978,negative_confusable,unknown,1.8576,validation,split_extension_append_abs_deficit
snips-0118bd32ccfd2f2c,negative_confusable,unknown,0.9387,train,split_extension_append_abs_deficit
snips-0157efd90235bb6c,negative_confusable,unknown,4.2,train,split_extension_append_abs_deficit
snips-015cccc5755b254c,negative_confusable,unknown,4.7787,train,split_extension_append_abs_deficit
snips-01e07cd9d662a3bf,negative_confusable,unknown,3.728,train,split_extension_append_abs_deficit
snips-0249863e042b8014,negative_confusable,unknown,1.3653,train,split_extension_append_abs_deficit
snips-028c9be9daa55b13,negative_confusable,unknown,2.1333,train,split_extension_append_abs_deficit
snips-02cbd61c9a9658a9,negative_confusable,unknown,2.56,train,split_extension_append_abs_deficit
snips-02f9c4b341f23913,negative_confusable,unknown,4.608,train,split_extension_append_abs_deficit
snips-03150896c465c6ad,negative_confusable,unknown,6.1301,train,split_extension_append_abs_deficit
snips-031a5224f557776c,negative_confusable,unknown,7.2,train,split_extension_append_abs_deficit
snips-032b682f9621e578,negative_confusable,unknown,8.0213,train,split_extension_append_abs_deficit
snips-041f946f9d6f0392,negative_confusable,unknown,1.5789,validation,split_extension_append_abs_deficit
snips-045e022cf00171f1,negative_confusable,unknown,2.1,test,split_extension_append_abs_deficit
snips-04a562b02362209d,negative_confusable,unknown,2.304,test,split_extension_append_abs_deficit
snips-04cfc916c20f5fc2,negative_confusable,unknown,2.22,validation,split_extension_append_abs_deficit
snips-051d81d2b840b092,negative_confusable,unknown,6.8267,train,split_extension_append_abs_deficit
snips-05822b25446df87e,negative_confusable,unknown,1.9627,test,split_extension_append_abs_deficit
snips-05b2f2023ff0a134,negative_confusable,unknown,6.144,train,split_extension_append_abs_deficit
snips-06197030b09e69ba,negative_confusable,unknown,2.2291,test,split_extension_append_abs_deficit
snips-0631c1f9c1c93e89,negative_confusable,unknown,5.94,train,split_extension_append_abs_deficit
snips-067a47eef11b3a10,negative_confusable,unknown,3.9939,train,split_extension_append_abs_deficit
snips-06905320ee953b73,negative_confusable,unknown,4.38,train,split_extension_append_abs_deficit
snips-06f53c9f6b10b35f,negative_confusable,unknown,1.9505,validation,split_extension_append_abs_deficit
snips-075a3b63a8df716e,negative_confusable,unknown,2.88,validation,split_extension_append_abs_deficit
snips-078a4bd56cc351e5,negative_confusable,unknown,1.86,test,split_extension_append_abs_deficit
snips-078f82ba7d35228c,negative_confusable,unknown,6.0587,train,split_extension_append_abs_deficit
snips-07c1b2043a430891,negative_confusable,unknown,1.536,validation,split_extension_append_abs_deficit
snips-07e23234a920f8de,negative_confusable,unknown,7.7091,train,split_extension_append_abs_deficit
snips-080ee6ee14081c12,negative_confusable,unknown,4.4373,train,split_extension_append_abs_deficit
snips-08c8655ac228e4a9,negative_confusable,unknown,5.12,train,split_extension_append_abs_deficit
snips-08eedbaece746c4b,negative_confusable,unknown,3.7546,train,split_extension_append_abs_deficit
snips-098b7c5b9bce06b0,negative_confusable,unknown,2.2187,train,split_extension_append_abs_deficit
snips-099f483d2abc81fc,negative_confusable,unknown,2.048,validation,split_extension_append_abs_deficit
snips-09a34811d84a5df6,negative_confusable,unknown,9.4493,train,split_extension_append_abs_deficit
snips-09d956372a10bb2f,negative_confusable,unknown,4.864,train,split_extension_append_abs_deficit
snips-09e81ea01092b1c7,negative_confusable,unknown,9.9,train,split_extension_append_abs_deficit
snips-0a5c75e674ccb884,negative_confusable,unknown,1.9627,validation,split_extension_append_abs_deficit
snips-0a6d94615b332367,negative_confusable,unknown,2.304,validation,split_extension_append_abs_deficit
snips-0ac24504307d3233,negative_confusable,unknown,2.3893,test,split_extension_append_abs_deficit
snips-0af2e1bfada99b5a,negative_confusable,unknown,3.2427,test,split_extension_append_abs_deficit
snips-0b05204f48f894ad,negative_confusable,unknown,2.2187,validation,split_extension_append_abs_deficit
snips-0b32b7f38d4936e1,negative_confusable,unknown,3.9,train,split_extension_append_abs_deficit
snips-0b34cba05c0ec941,negative_confusable,unknown,6.12,train,split_extension_append_abs_deficit
snips-0b34fa053cc360ee,negative_confusable,unknown,1.728,test,split_extension_append_abs_deficit
snips-0b45225b3b4ed826,negative_confusable,unknown,2.28,test,split_extension_append_abs_deficit
snips-0b46ef068ea234c6,negative_confusable,unknown,3.2426,test,split_extension_append_abs_deficit
snips-0b6aed719f4b4b6a,negative_confusable,unknown,2.3893,validation,split_extension_append_abs_deficit
snips-0b6f38f96482a6db,negative_confusable,unknown,2.0434,test,split_extension_append_abs_deficit
snips-0bbc81a287ef3e4f,negative_confusable,unknown,3.1573,test,split_extension_append_abs_deficit
snips-0c4ad88bb2e9e978,negative_confusable,unknown,4.68,train,split_extension_append_abs_deficit
snips-0c9cf4cadeecbfb4,negative_confusable,unknown,1.28,validation,split_extension_append_abs_deficit
snips-0cac10c3c0fda302,negative_confusable,unknown,3.36,train,split_extension_append_abs_deficit
snips-0cf1d1e172c3be3c,negative_confusable,unknown,6.3,train,split_extension_append_abs_deficit
snips-0d3c71ca5029f8ed,negative_confusable,unknown,7.4139,train,split_extension_append_abs_deficit
snips-0d45c1d197c27988,negative_confusable,unknown,6.5282,train,split_extension_append_abs_deficit
snips-0d7a858c6e1e94e6,negative_confusable,unknown,4.5,train,split_extension_append_abs_deficit
snips-0db1618e206aac54,negative_confusable,unknown,2.048,test,split_extension_append_abs_deficit
snips-0db4351996fa3f2d,negative_confusable,unknown,6.36,train,split_extension_append_abs_deficit
snips-0dcd000fcc22ad56,negative_confusable,unknown,2.1333,validation,split_extension_append_abs_deficit
snips-0de601f7ca0942ee,negative_confusable,unknown,5.9734,train,split_extension_append_abs_deficit
snips-0e027f04e27bbd17,negative_confusable,unknown,4.7786,train,split_extension_append_abs_deficit
snips-0e190bc58f780ed1,negative_confusable,unknown,5.0347,train,split_extension_append_abs_deficit
snips-0e516a5a11463952,negative_confusable,unknown,1.4861,train,split_extension_append_abs_deficit
snips-0e6440467ac664d7,negative_confusable,unknown,9.1022,train,split_extension_append_abs_deficit
snips-0ead63927394ed8c,negative_confusable,unknown,2.6935,train,split_extension_append_abs_deficit
snips-0ef0d29df51dc1a3,negative_confusable,unknown,2.7165,train,split_extension_append_abs_deficit
snips-0f54fc4f6a0c395a,negative_confusable,unknown,3.4986,validation,split_extension_append_abs_deficit
snips-0f76c9c474ce6d99,negative_confusable,unknown,9.864,train,split_extension_append_abs_deficit
snips-0ffd9d389e6f3ae3,negative_confusable,unknown,2.7864,validation,split_extension_append_abs_deficit
snips-10473cd0732d821b,negative_confusable,unknown,4.0107,train,split_extension_append_abs_deficit
snips-105d2f62f859ef06,negative_confusable,unknown,7.412,train,split_extension_append_abs_deficit
snips-10c51390f89d06e1,negative_confusable,unknown,3.2508,test,split_extension_append_abs_deficit
snips-10d004e4417a9641,negative_confusable,unknown,4.0107,train,split_extension_append_abs_deficit
snips-10d0cac31fa6c8b3,negative_confusable,unknown,4.864,train,split_extension_append_abs_deficit
snips-113c99017a97a6de,negative_confusable,unknown,1.9627,train,split_extension_append_abs_deficit
snips-1146c8d3ef690bfa,negative_confusable,unknown,3.3437,train,split_extension_append_abs_deficit
snips-1180a03eaf0e77e9,negative_confusable,unknown,4.1814,train,split_extension_append_abs_deficit
snips-118a5bd5c7b6c7b4,negative_confusable,unknown,5.2054,train,split_extension_append_abs_deficit
snips-120c457665b057a3,negative_confusable,unknown,2.4,validation,split_extension_append_abs_deficit
snips-1298178df6dd22b6,negative_confusable,unknown,1.792,test,split_extension_append_abs_deficit
snips-12a6c3fd99d284fb,negative_confusable,unknown,5.323,train,split_extension_append_abs_deficit
snips-1443c40246f27c36,negative_confusable,unknown,2.048,validation,split_extension_append_abs_deficit
snips-1451a55697f6f0f3,negative_confusable,unknown,10.1094,train,split_extension_append_abs_deficit
snips-147971540340bb1c,negative_confusable,unknown,5.7,train,split_extension_append_abs_deficit
snips-14cee04dd9ecd52f,negative_confusable,unknown,3.0,test,split_extension_append_abs_deficit
snips-14d898aa971a017f,negative_confusable,unknown,3.1579,validation,split_extension_append_abs_deficit
snips-14f2c6784e9ea868,negative_confusable,unknown,2.2187,train,split_extension_append_abs_deficit
snips-16022717a65af581,negative_confusable,unknown,5.2907,train,split_extension_append_abs_deficit
snips-169b0ccced4e3f81,negative_confusable,unknown,1.8576,train,split_extension_append_abs_deficit
snips-172170719aed3df7,negative_confusable,unknown,1.5789,validation,split_extension_append_abs_deficit
snips-1747c6fb86aa1aca,negative_confusable,unknown,7.0589,train,split_extension_append_abs_deficit
snips-174dd6cd0942ac9e,negative_confusable,unknown,3.4134,validation,split_extension_append_abs_deficit
snips-17b1ef7e438b0fbd,negative_confusable,unknown,2.1333,train,split_extension_append_abs_deficit
snips-17bcd5ecfd6dd332,negative_confusable,unknown,2.6935,validation,split_extension_append_abs_deficit
snips-17c2a5bf08626a59,negative_confusable,unknown,1.8576,validation,split_extension_append_abs_deficit
snips-17c99a908ef21afd,negative_confusable,unknown,2.304,validation,split_extension_append_abs_deficit
snips-17f29166df949cd1,negative_confusable,unknown,3.9253,train,split_extension_append_abs_deficit
snips-17f5a321dd56a574,negative_confusable,unknown,2.0434,validation,split_extension_append_abs_deficit
snips-17f9aac52fb1afe5,negative_confusable,unknown,1.8773,train,split_extension_append_abs_deficit
snips-181f5afa4539e624,negative_confusable,unknown,5.1084,train,split_extension_append_abs_deficit
snips-18353bf1d5ea3999,negative_confusable,unknown,3.2427,train,split_extension_append_abs_deficit
snips-18514bd13252af2d,negative_confusable,unknown,2.816,test,split_extension_append_abs_deficit
snips-185dcb1f17eba6ba,negative_confusable,unknown,1.98,train,split_extension_append_abs_deficit
snips-18a0915a613d2373,negative_confusable,unknown,2.304,validation,split_extension_append_abs_deficit
snips-18d3dfff6adc6a0a,negative_confusable,unknown,8.448,train,split_extension_append_abs_deficit
snips-18fae275c10657c1,negative_confusable,unknown,1.536,train,split_extension_append_abs_deficit
snips-1931be17f2985580,negative_confusable,unknown,11.4267,train,split_extension_append_abs_deficit
snips-197193c254e273e7,negative_confusable,unknown,9.8987,train,split_extension_append_abs_deficit
snips-19a2633191ac1710,negative_confusable,unknown,4.38,train,split_extension_append_abs_deficit
snips-19b8795683be4630,negative_confusable,unknown,1.3003,validation,split_extension_append_abs_deficit
snips-19f1db9bf7e29674,negative_confusable,unknown,2.52,validation,split_extension_append_abs_deficit
snips-19f3eee7d88304b3,negative_confusable,unknown,2.34,validation,split_extension_append_abs_deficit
snips-1a1b834f80cd4312,negative_confusable,unknown,2.048,test,split_extension_append_abs_deficit
snips-1a4a23741a73049c,negative_confusable,unknown,3.4366,validation,split_extension_append_abs_deficit
snips-1a7cd9487a6bce37,negative_confusable,unknown,2.1333,validation,split_extension_append_abs_deficit
snips-1a8225441b24847b,negative_confusable,unknown,4.2666,train,split_extension_append_abs_deficit
snips-1a9bd857450caf72,negative_confusable,unknown,1.792,train,split_extension_append_abs_deficit
snips-1ac17c7ebf8c854e,negative_confusable,unknown,4.864,train,split_extension_append_abs_deficit
snips-1b3045c0d073dc6f,negative_confusable,unknown,2.304,test,split_extension_append_abs_deficit
snips-1b524a78f39facc7,negative_confusable,unknown,4.808,train,split_extension_append_abs_deficit
snips-1b876137b7a2355a,negative_confusable,unknown,4.096,train,split_extension_append_abs_deficit
snips-1bb8fcd842e45d4a,negative_confusable,unknown,4.2667,train,split_extension_append_abs_deficit
snips-1be3415f736c673d,negative_confusable,unknown,1.4861,validation,split_extension_append_abs_deficit
snips-1c1db55692aa4a74,negative_confusable,unknown,4.7787,train,split_extension_append_abs_deficit
snips-1c37c0e483397b9c,negative_confusable,unknown,4.7787,train,split_extension_append_abs_deficit
snips-1cdc2c56129d237b,negative_confusable,unknown,6.1453,train,split_extension_append_abs_deficit
snips-1cfecc6edac6741c,negative_confusable,unknown,1.8773,test,split_extension_append_abs_deficit
snips-1d02479a6b6b8638,negative_confusable,unknown,2.2187,test,split_extension_append_abs_deficit
snips-1d0560e88062c243,negative_confusable,unknown,2.9013,train,split_extension_append_abs_deficit
snips-1d26621a3b2aa202,negative_confusable,unknown,2.0434,train,split_extension_append_abs_deficit
snips-1d3b07a396e10488,negative_confusable,unknown,8.0694,train,split_extension_append_abs_deficit
snips-1db150e8d435d893,negative_confusable,unknown,1.4507,validation,split_extension_append_abs_deficit
snips-1e3d3a92a6bef463,negative_confusable,unknown,4.44,train,split_extension_append_abs_deficit
snips-1e4f24616b58e1c1,negative_confusable,unknown,3.2426,train,split_extension_append_abs_deficit
snips-1f4fe9c03535aaca,negative_confusable,unknown,8.7308,train,split_extension_append_abs_deficit
snips-1f6166262f1d134f,negative_confusable,unknown,3.584,train,split_extension_append_abs_deficit
snips-1f69ded998b21ed9,negative_confusable,unknown,3.968,train,split_extension_append_abs_deficit
snips-1f6fbf583f4a8db2,negative_confusable,unknown,4.6934,train,split_extension_append_abs_deficit
snips-1fe7de2e3c17a521,negative_confusable,unknown,2.0434,train,split_extension_append_abs_deficit
snips-2046f466d48c050a,negative_confusable,unknown,12.06,train,split_extension_append_abs_deficit
snips-2063da81f57b5c25,negative_confusable,unknown,2.2187,validation,split_extension_append_abs_deficit
snips-20657dce201d4eed,negative_confusable,unknown,9.42,train,split_extension_append_abs_deficit
snips-207f44d54a70dcb5,negative_confusable,unknown,2.9013,train,split_extension_append_abs_deficit
snips-20b2932e76a314d5,negative_confusable,unknown,5.28,train,split_extension_append_abs_deficit
snips-20b53e37d590a633,negative_confusable,unknown,3.2427,train,split_extension_append_abs_deficit
snips-20d4788f236344e3,negative_confusable,unknown,2.3893,test,split_extension_append_abs_deficit
snips-20dc218163053e01,negative_confusable,unknown,5.22,train,split_extension_append_abs_deficit
snips-20f6fd97888b2978,negative_confusable,unknown,3.5693,train,split_extension_append_abs_deficit
snips-21138c846dbfafe3,negative_confusable,unknown,3.328,train,split_extension_append_abs_deficit
snips-211ad0cd1dac8608,negative_confusable,unknown,2.28,test,split_extension_append_abs_deficit
snips-2141d86d6f223c11,negative_confusable,unknown,2.6006,validation,split_extension_append_abs_deficit
snips-2150a9df6792ad50,negative_confusable,unknown,4.644,train,split_extension_append_abs_deficit
snips-219fd4a175aa453c,negative_confusable,unknown,2.7307,test,split_extension_append_abs_deficit
snips-21b1c3d1b0beacca,negative_confusable,unknown,1.8773,train,split_extension_append_abs_deficit
snips-21d616c7c3ee2698,negative_confusable,unknown,3.7547,train,split_extension_append_abs_deficit
snips-221ab7b29bab4618,negative_confusable,unknown,6.36,train,split_extension_append_abs_deficit
snips-2248793a5f7932b4,negative_confusable,unknown,5.46,train,split_extension_append_abs_deficit
snips-226d2c1df027bbb6,negative_confusable,unknown,3.0,test,split_extension_append_abs_deficit
snips-228b01abf23c4827,negative_confusable,unknown,5.632,train,split_extension_append_abs_deficit
snips-228ff15859e0ea18,negative_confusable,unknown,1.792,validation,split_extension_append_abs_deficit
snips-22ac5872dd20b205,negative_confusable,unknown,3.072,validation,split_extension_append_abs_deficit
snips-22b3f76ab0d89574,negative_confusable,unknown,3.4987,validation,split_extension_append_abs_deficit
snips-22b4eff91377c973,negative_confusable,unknown,4.7987,train,split_extension_append_abs_deficit
snips-22c08d1430e1b715,negative_confusable,unknown,4.5227,train,split_extension_append_abs_deficit
snips-22f82b733a9b01fe,negative_confusable,unknown,4.1796,train,split_extension_append_abs_deficit
snips-233ac7a597784f43,negative_confusable,unknown,7.8507,train,split_extension_append_abs_deficit
snips-2345c49c4cdfe906,negative_confusable,unknown,1.98,test,split_extension_append_abs_deficit
snips-236fa3d65f2bb04f,negative_confusable,unknown,1.3932,validation,split_extension_append_abs_deficit
snips-23763777c3fc29cc,negative_confusable,unknown,8.192,train,split_extension_append_abs_deficit
snips-23bdd69e3c156280,negative_confusable,unknown,5.52,train,split_extension_append_abs_deficit
snips-23be6f07107ca0ba,negative_confusable,unknown,5.0347,train,split_extension_append_abs_deficit
snips-243ba7b3a3898e49,negative_confusable,unknown,10.6666,train,split_extension_append_abs_deficit
snips-245304b48ea730e3,negative_confusable,unknown,9.636,train,split_extension_append_abs_deficit
snips-246b54718eede935,negative_confusable,unknown,3.7547,train,split_extension_append_abs_deficit
snips-246fc1e8af4c094e,negative_confusable,unknown,5.34,train,split_extension_append_abs_deficit
snips-249271267567a946,negative_confusable,unknown,2.9013,test,split_extension_append_abs_deficit
snips-24b32b3d529c1f2b,negative_confusable,unknown,2.9866,test,split_extension_append_abs_deficit
snips-252611926606fdc2,negative_confusable,unknown,2.9721,validation,split_extension_append_abs_deficit
snips-252fa074cde308b3,negative_confusable,unknown,4.3654,train,split_extension_append_abs_deficit
snips-253e7a8f0fd2a12a,negative_confusable,unknown,1.8576,validation,split_extension_append_abs_deficit
snips-253ea3e38c67da08,negative_confusable,unknown,4.48,train,split_extension_append_abs_deficit
snips-2568a2b5aa3915f9,negative_confusable,unknown,5.0347,train,split_extension_append_abs_deficit
snips-259710c13ad2a8fd,negative_confusable,unknown,1.8773,validation,split_extension_append_abs_deficit
snips-259777cbbd124438,negative_confusable,unknown,6.4,train,split_extension_append_abs_deficit
snips-25a73ae54cf3ba4d,negative_confusable,unknown,2.4149,validation,split_extension_append_abs_deficit
snips-26503923d3ef640f,negative_confusable,unknown,6.5707,train,split_extension_append_abs_deficit
snips-26873a3d3224ed4a,negative_confusable,unknown,5.2012,train,split_extension_append_abs_deficit
snips-26e10801a1746a73,negative_confusable,unknown,2.304,validation,split_extension_append_abs_deficit
snips-26eb85382a0c66ef,negative_confusable,unknown,2.2187,validation,split_extension_append_abs_deficit
snips-270f7ca31af9bdc1,negative_confusable,unknown,1.74,validation,split_extension_append_abs_deficit
snips-271564a2d01d5d10,negative_confusable,unknown,2.4747,validation,split_extension_append_abs_deficit
snips-27245b417b25bff3,negative_confusable,unknown,4.8,train,split_extension_append_abs_deficit
snips-275b8e6d6f1cf3c0,negative_confusable,unknown,3.1579,test,split_extension_append_abs_deficit
snips-27a1f56c56a73a85,negative_confusable,unknown,2.46,test,split_extension_append_abs_deficit
snips-27d49cfd6e78c777,negative_confusable,unknown,5.5467,train,split_extension_append_abs_deficit
snips-27f45da51225cc88,negative_confusable,unknown,8.3627,train,split_extension_append_abs_deficit
snips-286af773312036b2,negative_confusable,unknown,1.28,train,split_extension_append_abs_deficit
snips-288ac390142150bb,negative_confusable,unknown,3.328,validation,split_extension_append_abs_deficit
snips-28af8c563dec77e6,negative_confusable,unknown,1.536,validation,split_extension_append_abs_deficit
snips-28d37baffbdb5f74,negative_confusable,unknown,5.2053,train,split_extension_append_abs_deficit
snips-28e758fee2e1ea5b,negative_confusable,unknown,5.4799,train,split_extension_append_abs_deficit
snips-28fd99725830b422,negative_confusable,unknown,4.7787,train,split_extension_append_abs_deficit
snips-291e70a9ab5c5b08,negative_confusable,unknown,2.6935,validation,split_extension_append_abs_deficit
snips-2922469aba838b2f,negative_confusable,unknown,6.06,train,split_extension_append_abs_deficit
snips-2979285d0d967b57,negative_confusable,unknown,3.6224,train,split_extension_append_abs_deficit
snips-299bf4502b16e92b,negative_confusable,unknown,4.9493,train,split_extension_append_abs_deficit
snips-29ab9bf26449d423,negative_confusable,unknown,4.864,train,split_extension_append_abs_deficit
snips-29b8244757fca80a,negative_confusable,unknown,3.2508,validation,split_extension_append_abs_deficit
snips-29cafcb72f3a1866,negative_confusable,unknown,2.94,test,split_extension_append_abs_deficit
snips-29de6c71e3a7bea7,negative_confusable,unknown,4.8,train,split_extension_append_abs_deficit
snips-29e2e81eeb918502,negative_confusable,unknown,3.2427,validation,split_extension_append_abs_deficit
snips-2a074e19b7f338aa,negative_confusable,unknown,3.1573,test,split_extension_append_abs_deficit
snips-2a87e394897e8ea1,negative_confusable,unknown,2.28,validation,split_extension_append_abs_deficit
snips-2b020cdfd57a59c1,negative_confusable,unknown,2.64,test,split_extension_append_abs_deficit
snips-2b1c36301712f068,negative_confusable,unknown,3.9253,train,split_extension_append_abs_deficit
snips-2b4cbb418f0aab4a,negative_confusable,unknown,6.144,train,split_extension_append_abs_deficit
snips-2b92ad64c38c3174,negative_confusable,unknown,3.4987,train,split_extension_append_abs_deficit
snips-2be3d4564610cd53,negative_confusable,unknown,2.0434,train,split_extension_append_abs_deficit
snips-2c0066b4a205fe89,negative_confusable,unknown,3.4133,test,split_extension_append_abs_deficit
snips-2c14b0b2064c0fbe,negative_confusable,unknown,2.52,train,split_extension_append_abs_deficit
snips-2c266d07b4436bcf,negative_confusable,unknown,3.2508,test,split_extension_append_abs_deficit
snips-2cb16f66945b8abb,negative_confusable,unknown,4.0868,train,split_extension_append_abs_deficit
snips-2cbb8d7a44c881dc,negative_confusable,unknown,2.2291,test,split_extension_append_abs_deficit
snips-2ccded5a5bb9f39d,negative_confusable,unknown,2.048,train,split_extension_append_abs_deficit
snips-2cd261d8db1b78ab,negative_confusable,unknown,2.322,validation,split_extension_append_abs_deficit
snips-2d2aaf98008a37cc,negative_confusable,unknown,4.0107,train,split_extension_append_abs_deficit
snips-2d4de5a6465cd6b4,negative_confusable,unknown,4.2,train,split_extension_append_abs_deficit
snips-2d804ac22cee5de1,negative_confusable,unknown,2.1333,train,split_extension_append_abs_deficit
snips-2e8a8a27c1acea7f,negative_confusable,unknown,3.6694,train,split_extension_append_abs_deficit
snips-2ef8ca0cf138fb29,negative_confusable,unknown,1.1947,test,split_extension_append_abs_deficit
snips-2f221948c6d3e70a,negative_confusable,unknown,6.0372,train,split_extension_append_abs_deficit
snips-2f2633e577937752,negative_confusable,unknown,5.376,train,split_extension_append_abs_deficit
snips-2f26c343b05a1c59,negative_confusable,unknown,7.5093,train,split_extension_append_abs_deficit
snips-2f2ba4d95bba55f6,negative_confusable,unknown,7.32,train,split_extension_append_abs_deficit
snips-2f3970f872de4da5,negative_confusable,unknown,5.9837,train,split_extension_append_abs_deficit
snips-2f48ad618c6e7917,negative_confusable,unknown,3.4987,test,split_extension_append_abs_deficit
snips-2f699e9c6364cb16,negative_confusable,unknown,3.9254,train,split_extension_append_abs_deficit
snips-2f7b4261ef0242fc,negative_confusable,unknown,1.9627,test,split_extension_append_abs_deficit
snips-2ff6d3bc96def7c0,negative_confusable,unknown,3.06,train,split_extension_append_abs_deficit
snips-2ffdea5d656ecefe,negative_confusable,unknown,2.7307,validation,split_extension_append_abs_deficit
snips-3018d7e43976bbca,negative_confusable,unknown,3.84,train,split_extension_append_abs_deficit
snips-3021ccdda3c722e9,negative_confusable,unknown,1.1146,train,split_extension_append_abs_deficit
snips-30827bad2ab63192,negative_confusable,unknown,4.1813,train,split_extension_append_abs_deficit
snips-308ec5c8d360029b,negative_confusable,unknown,4.7787,train,split_extension_append_abs_deficit
snips-309728ad5235d96b,negative_confusable,unknown,4.8298,train,split_extension_append_abs_deficit
snips-30acb226463ab44f,negative_confusable,unknown,2.56,validation,split_extension_append_abs_deficit
snips-30d4b53456d3a802,negative_confusable,unknown,1.8773,test,split_extension_append_abs_deficit
snips-30fc9d3636496aab,negative_confusable,unknown,4.944,train,split_extension_append_abs_deficit
snips-3102074ab500974f,negative_confusable,unknown,3.84,train,split_extension_append_abs_deficit
snips-311a02d3102c2c3d,negative_confusable,unknown,4.5511,train,split_extension_append_abs_deficit
snips-3120ee3767df7518,negative_confusable,unknown,4.0107,train,split_extension_append_abs_deficit
snips-31374b21e895b1ed,negative_confusable,unknown,4.1796,train,split_extension_append_abs_deficit
snips-315044be4baf15af,negative_confusable,unknown,1.98,test,split_extension_append_abs_deficit
snips-31ebe54fe7dfc1be,negative_confusable,unknown,4.3027,train,split_extension_append_abs_deficit
snips-3249258a64650ad3,negative_confusable,unknown,1.9627,train,split_extension_append_abs_deficit
snips-324f99efcdfc585e,negative_confusable,unknown,3.8203,train,split_extension_append_abs_deficit
snips-32ac75bb567a795a,negative_confusable,unknown,4.92,train,split_extension_append_abs_deficit
snips-32ba5b6b9a4834c1,negative_confusable,unknown,2.88,train,split_extension_append_abs_deficit
snips-32f57f17aba357fd,negative_confusable,unknown,2.46,train,split_extension_append_abs_deficit
snips-330f28f0ab4f9557,negative_confusable,unknown,5.58,train,split_extension_append_abs_deficit
snips-33365bf26b6613e3,negative_confusable,unknown,3.4134,test,split_extension_append_abs_deficit
snips-339f8b8a4dc7b18c,negative_confusable,unknown,2.0434,validation,split_extension_append_abs_deficit
snips-33a9ca6366774eaa,negative_confusable,unknown,2.0434,validation,split_extension_append_abs_deficit
snips-33c59d096390dde4,negative_confusable,unknown,3.4987,test,split_extension_append_abs_deficit
snips-33e84f144d552cde,negative_confusable,unknown,1.8576,validation,split_extension_append_abs_deficit
snips-33eabf16f0e0ea4e,negative_confusable,unknown,2.048,train,split_extension_append_abs_deficit
snips-33ff4212f36cc801,negative_confusable,unknown,4.08,train,split_extension_append_abs_deficit
snips-345f6bfcebe19630,negative_confusable,unknown,2.4,test,split_extension_append_abs_deficit
snips-34744956f8f49e6a,negative_confusable,unknown,2.2187,train,split_extension_append_abs_deficit
snips-347d356fafa0dcc7,negative_confusable,unknown,9.5373,train,split_extension_append_abs_deficit
snips-347d8a9e702f25b5,negative_confusable,unknown,4.4373,train,split_extension_append_abs_deficit
snips-3499b8fa71175676,negative_confusable,unknown,2.3893,test,split_extension_append_abs_deficit
snips-34aba57f90a77707,negative_confusable,unknown,2.56,test,split_extension_append_abs_deficit
snips-34d504f60628b70f,negative_confusable,unknown,1.5789,validation,split_extension_append_abs_deficit
snips-34eadc131caba9bb,negative_confusable,unknown,8.5333,train,split_extension_append_abs_deficit
snips-34f08b1f492b19ec,negative_confusable,unknown,4.86,train,split_extension_append_abs_deficit
snips-34f3c05c4e43ce7f,negative_confusable,unknown,4.7369,train,split_extension_append_abs_deficit
snips-350c2e2a9c38b433,negative_confusable,unknown,4.1796,train,split_extension_append_abs_deficit
snips-355edf473c32b721,negative_confusable,unknown,7.424,train,split_extension_append_abs_deficit
snips-35b49d60961eb101,negative_confusable,unknown,9.984,train,split_extension_append_abs_deficit
snips-35fd439c848d819c,negative_confusable,unknown,4.56,train,split_extension_append_abs_deficit
snips-36154d134f9c505b,negative_confusable,unknown,3.3,train,split_extension_append_abs_deficit
snips-361bda6aa95cd278,negative_confusable,unknown,3.6694,train,split_extension_append_abs_deficit
snips-36776b50cbb9d60b,negative_confusable,unknown,8.7307,train,split_extension_append_abs_deficit
snips-3684959b4ec636a4,negative_confusable,unknown,3.072,train,split_extension_append_abs_deficit
snips-369124fb84262d1f,negative_confusable,unknown,2.34,test,split_extension_append_abs_deficit
snips-36acf5ace880d9bf,negative_confusable,unknown,3.6693,train,split_extension_append_abs_deficit
snips-36d114f06d26b2b9,negative_confusable,unknown,2.8793,test,split_extension_append_abs_deficit
snips-36dab4bb86b8b620,negative_confusable,unknown,2.0434,validation,split_extension_append_abs_deficit
snips-36fbe539852a36df,negative_confusable,unknown,2.64,test,split_extension_append_abs_deficit
snips-372f97b593f0d403,negative_confusable,unknown,4.92,train,split_extension_append_abs_deficit
snips-3748ae48d26f30ac,negative_confusable,unknown,4.8298,train,split_extension_append_abs_deficit
snips-374afd31d445b425,negative_confusable,unknown,2.3465,train,split_extension_append_abs_deficit
snips-37701f177c91d476,negative_confusable,unknown,1.8576,train,split_extension_append_abs_deficit
snips-37769951d452ba8a,negative_confusable,unknown,2.58,test,split_extension_append_abs_deficit
snips-37b9d412290c1d5c,negative_confusable,unknown,5.46,train,split_extension_append_abs_deficit
snips-380aefefbe3d5807,negative_confusable,unknown,9.42,train,split_extension_append_abs_deficit
snips-382dfbac7b318a9e,negative_confusable,unknown,8.88,train,split_extension_append_abs_deficit
snips-3867aca42733c577,negative_confusable,unknown,4.1814,train,split_extension_append_abs_deficit
snips-388f3536136e5da9,negative_confusable,unknown,1.4861,validation,split_extension_append_abs_deficit
snips-38ac13e6f109fa93,negative_confusable,unknown,2.22,validation,split_extension_append_abs_deficit
snips-38bacded69f610a8,negative_confusable,unknown,9.3809,train,split_extension_append_abs_deficit
snips-38fe057a5762df93,negative_confusable,unknown,5.0347,train,split_extension_append_abs_deficit
snips-3912c93443ed5ff8,negative_confusable,unknown,5.3244,train,split_extension_append_abs_deficit
snips-391b8d63fe383de2,negative_confusable,unknown,4.5511,train,split_extension_append_abs_deficit
snips-393940893b2b6255,negative_confusable,unknown,4.352,train,split_extension_append_abs_deficit
snips-393fbbba9c27cdd9,negative_confusable,unknown,4.7787,train,split_extension_append_abs_deficit
snips-394cb0c0356b8a38,negative_confusable,unknown,4.68,train,split_extension_append_abs_deficit
snips-3a3e4b6537edc408,negative_confusable,unknown,2.6006,test,split_extension_append_abs_deficit
snips-3a402d1db7aeeb2e,negative_confusable,unknown,7.0002,train,split_extension_append_abs_deficit
snips-3ab5581be0e7aada,negative_confusable,unknown,4.7417,train,split_extension_append_abs_deficit
snips-3b2c196da57647c4,negative_confusable,unknown,3.7152,train,split_extension_append_abs_deficit
snips-3b2d0e48b8add311,negative_confusable,unknown,3.4133,validation,split_extension_append_abs_deficit
snips-3b57df0bdc12434c,negative_confusable,unknown,2.1362,train,split_extension_append_abs_deficit
snips-3b5ebc0a181db29a,negative_confusable,unknown,5.2907,train,split_extension_append_abs_deficit
snips-3b727613ccc3564a,negative_confusable,unknown,3.5294,train,split_extension_append_abs_deficit
snips-3b73a641adeb1514,negative_confusable,unknown,3.8081,train,split_extension_append_abs_deficit
snips-3b8d4b1a6c316b96,negative_confusable,unknown,3.901,train,split_extension_append_abs_deficit
snips-3b9e11a6dbb5d157,negative_confusable,unknown,4.1813,train,split_extension_append_abs_deficit
snips-3bb17df42f433f03,negative_confusable,unknown,7.2534,train,split_extension_append_abs_deficit
snips-3bb3cf1672f56515,negative_confusable,unknown,1.8576,test,split_extension_append_abs_deficit
snips-3c51a18189192517,negative_confusable,unknown,2.9866,validation,split_extension_append_abs_deficit
snips-3c66263df6564413,negative_confusable,unknown,3.5294,train,split_extension_append_abs_deficit
snips-3d170d9da78622a9,negative_confusable,unknown,4.6933,train,split_extension_append_abs_deficit
snips-3d25b4ade6e214a4,negative_confusable,unknown,2.6935,test,split_extension_append_abs_deficit
snips-3d2b9894bc3dcbc4,negative_confusable,unknown,2.048,test,split_extension_append_abs_deficit
snips-3d2ef597700010cb,negative_confusable,unknown,2.4965,validation,split_extension_append_abs_deficit
snips-3d687ee43ba63054,negative_confusable,unknown,2.1333,test,split_extension_append_abs_deficit
snips-3d7bcef9ca674b08,negative_confusable,unknown,5.2907,train,split_extension_append_abs_deficit
snips-3d7ed8cce8589307,negative_confusable,unknown,5.113,train,split_extension_append_abs_deficit
snips-3d9e48a0709bdc31,negative_confusable,unknown,4.608,train,split_extension_append_abs_deficit
snips-3db3348b3b078caf,negative_confusable,unknown,3.9253,train,split_extension_append_abs_deficit
snips-3db4e70fc8ade0c5,negative_confusable,unknown,1.28,train,split_extension_append_abs_deficit
snips-3e4dde97ebfd19c7,negative_confusable,unknown,5.2012,train,split_extension_append_abs_deficit
snips-3eb7d65cd464fbbe,negative_confusable,unknown,4.644,train,split_extension_append_abs_deficit
snips-3ef59bc674a46096,negative_confusable,unknown,1.8576,validation,split_extension_append_abs_deficit
snips-3f061ddd5e108af8,negative_confusable,unknown,5.12,train,split_extension_append_abs_deficit
snips-3f2b76f8d81dba09,negative_confusable,unknown,2.322,train,split_extension_append_abs_deficit
snips-3f72c4293ad5fc32,negative_confusable,unknown,3.6867,train,split_extension_append_abs_deficit
snips-3fabd12fbb7e40e6,negative_confusable,unknown,3.7152,train,split_extension_append_abs_deficit
snips-3fb198b2fecc69e3,negative_confusable,unknown,2.1362,test,split_extension_append_abs_deficit
snips-400ea0219099c261,negative_confusable,unknown,4.6934,train,split_extension_append_abs_deficit
snips-40270dea02add3db,negative_confusable,unknown,1.9627,validation,split_extension_append_abs_deficit
snips-404f5b3cc06905a8,negative_confusable,unknown,2.1333,test,split_extension_append_abs_deficit
snips-405ad0bad3c11c9e,negative_confusable,unknown,1.4507,train,split_extension_append_abs_deficit
snips-408e3cfe38c73003,negative_confusable,unknown,2.304,train,split_extension_append_abs_deficit
snips-40d0880c9e1ad146,negative_confusable,unknown,4.096,train,split_extension_append_abs_deficit
snips-4124083c34242358,negative_confusable,unknown,2.304,train,split_extension_append_abs_deficit
snips-4138c08d47b05399,negative_confusable,unknown,7.26,train,split_extension_append_abs_deficit
snips-4200e74ce6d07956,negative_confusable,unknown,1.9627,validation,split_extension_append_abs_deficit
snips-42befb7f31bbe2dd,negative_confusable,unknown,5.2012,train,split_extension_append_abs_deficit
snips-432409e5047d0774,negative_confusable,unknown,2.048,test,split_extension_append_abs_deficit
snips-434a345bcfa2320e,negative_confusable,unknown,6.96,train,split_extension_append_abs_deficit
snips-4352f4234dd086d7,negative_confusable,unknown,4.2725,train,split_extension_append_abs_deficit
snips-4366ede48a18e34b,negative_confusable,unknown,1.792,test,split_extension_append_abs_deficit
snips-438d726387f477b6,negative_confusable,unknown,4.7787,train,split_extension_append_abs_deficit
snips-439fe87010ab772f,negative_confusable,unknown,5.6107,train,split_extension_append_abs_deficit
snips-43a6c617fe01f8d4,negative_confusable,unknown,8.2663,train,split_extension_append_abs_deficit
snips-43b709a24975994a,negative_confusable,unknown,2.048,test,split_extension_append_abs_deficit
snips-43c4011b4a118532,negative_confusable,unknown,3.84,train,split_extension_append_abs_deficit
snips-440988c4325351bf,negative_confusable,unknown,2.322,test,split_extension_append_abs_deficit
snips-440fb8d984c2bf60,negative_confusable,unknown,6.452,train,split_extension_append_abs_deficit
snips-44293eedc13cd2c9,negative_confusable,unknown,5.9733,train,split_extension_append_abs_deficit
snips-449ad7303eae8dc6,negative_confusable,unknown,2.048,train,split_extension_append_abs_deficit
snips-4532346698bcaf46,negative_confusable,unknown,1.9627,test,split_extension_append_abs_deficit
snips-4544bdaeeffd1742,negative_confusable,unknown,2.1362,train,split_extension_append_abs_deficit
snips-45b575884654c737,negative_confusable,unknown,1.3653,validation,split_extension_append_abs_deficit
snips-463fa6ef3ddf6fc1,negative_confusable,unknown,8.192,train,split_extension_append_abs_deficit
snips-46527688cd58081e,negative_confusable,unknown,1.536,train,split_extension_append_abs_deficit
snips-4655e78116f4b2f6,negative_confusable,unknown,4.4373,train,split_extension_append_abs_deficit
snips-466945dd4503e019,negative_confusable,unknown,2.58,validation,split_extension_append_abs_deficit
snips-46840d3aad8819fa,negative_confusable,unknown,2.322,validation,split_extension_append_abs_deficit
snips-46b1abd539aa5d9b,negative_confusable,unknown,3.4366,validation,split_extension_append_abs_deficit
snips-471c6d7b568d41de,negative_confusable,unknown,1.8773,validation,split_extension_append_abs_deficit
snips-471c9cefad09a1eb,negative_confusable,unknown,5.4613,train,split_extension_append_abs_deficit
snips-471e01dd1fdc23fa,negative_confusable,unknown,3.1573,validation,split_extension_append_abs_deficit
snips-473e399b5168ff20,negative_confusable,unknown,4.5227,train,split_extension_append_abs_deficit
snips-476317574459a709,negative_confusable,unknown,10.2,train,split_extension_append_abs_deficit
snips-476d569de27daa2e,negative_confusable,unknown,3.06,train,split_extension_append_abs_deficit
snips-4784afa3d79474fa,negative_confusable,unknown,2.944,validation,split_extension_append_abs_deficit
snips-47bf38ad5b53cf99,negative_confusable,unknown,4.5227,train,split_extension_append_abs_deficit
snips-48dabed793821aa7,negative_confusable,unknown,2.56,train,split_extension_append_abs_deficit
snips-48e4e83273a0b8c4,negative_confusable,unknown,4.0107,train,split_extension_append_abs_deficit
snips-491f973b34cdc683,negative_confusable,unknown,2.34,validation,split_extension_append_abs_deficit
snips-495eca8fdef9ec32,negative_confusable,unknown,2.6935,test,split_extension_append_abs_deficit
snips-49a3c37646b0f772,negative_confusable,unknown,1.8773,test,split_extension_append_abs_deficit
snips-49cce41a14244b03,negative_confusable,unknown,2.28,train,split_extension_append_abs_deficit
snips-49d84a879ac5988f,negative_confusable,unknown,2.6465,test,split_extension_append_abs_deficit
snips-49fe3926ef0a393a,negative_confusable,unknown,1.8773,test,split_extension_append_abs_deficit
snips-4a0770aef5b69968,negative_confusable,unknown,3.7547,train,split_extension_append_abs_deficit
snips-4af748603f318335,negative_confusable,unknown,2.304,test,split_extension_append_abs_deficit
snips-4b2f56892a8d1e40,negative_confusable,unknown,4.352,train,split_extension_append_abs_deficit
snips-4b6a855b4bf30bee,negative_confusable,unknown,2.82,test,split_extension_append_abs_deficit
snips-4ba275f7db1777e4,negative_confusable,unknown,2.6027,validation,split_extension_append_abs_deficit
snips-4bc252d1749bc1a4,negative_confusable,unknown,4.864,train,split_extension_append_abs_deficit
snips-4bd043ae7fbbe0a3,negative_confusable,unknown,2.52,test,split_extension_append_abs_deficit
snips-4bf8434a97de8f88,negative_confusable,unknown,3.0651,test,split_extension_append_abs_deficit
snips-4c21f53e5c932d11,negative_confusable,unknown,8.0373,train,split_extension_append_abs_deficit
snips-4c7309feeb51988d,negative_confusable,unknown,4.68,train,split_extension_append_abs_deficit
snips-4cb27dadbdf52570,negative_confusable,unknown,7.5947,train,split_extension_append_abs_deficit
snips-4cbfff668a433eb2,negative_confusable,unknown,1.792,test,split_extension_append_abs_deficit
snips-4cc28f1207732f3d,negative_confusable,unknown,2.6935,test,split_extension_append_abs_deficit
snips-4cc8d0e404c14744,negative_confusable,unknown,3.6693,train,split_extension_append_abs_deficit
snips-4cf68eb729ddf9fa,negative_confusable,unknown,4.5,train,split_extension_append_abs_deficit
snips-4d693312ee52b64b,negative_confusable,unknown,5.0347,train,split_extension_append_abs_deficit
snips-4d7d7b1cfe0a665b,negative_confusable,unknown,11.4243,train,split_extension_append_abs_deficit
snips-4d9392cb6bf9cbf1,negative_confusable,unknown,7.0827,train,split_extension_append_abs_deficit
snips-4db5bf38c0e1e986,negative_confusable,unknown,5.5467,train,split_extension_append_abs_deficit
snips-4e37dd46965cb87f,negative_confusable,unknown,4.352,train,split_extension_append_abs_deficit
snips-4e54b4af5f8270c9,negative_confusable,unknown,2.3893,train,split_extension_append_abs_deficit
snips-4e5c35b96071ac7c,negative_confusable,unknown,2.9013,test,split_extension_append_abs_deficit
snips-4e953d82611bc8cb,negative_confusable,unknown,3.072,test,split_extension_append_abs_deficit
snips-4f3c6a313aab755d,negative_confusable,unknown,1.98,validation,split_extension_append_abs_deficit
snips-4f7f58e2fb7ef28c,negative_confusable,unknown,2.4149,test,split_extension_append_abs_deficit
snips-4f9ce361ce4aa04d,negative_confusable,unknown,2.2291,validation,split_extension_append_abs_deficit
snips-502dd2f94946411f,negative_confusable,unknown,2.4149,validation,split_extension_append_abs_deficit
snips-50859cc340952d42,negative_confusable,unknown,1.4861,test,split_extension_append_abs_deficit
snips-50ca0092b5f32a29,negative_confusable,unknown,4.4434,train,split_extension_append_abs_deficit
snips-51132052d169e2fe,negative_confusable,unknown,3.328,test,split_extension_append_abs_deficit
snips-518d19cf911d9b7b,negative_confusable,unknown,1.792,train,split_extension_append_abs_deficit
snips-51aa8106c91b5483,negative_confusable,unknown,8.5171,train,split_extension_append_abs_deficit
snips-51c22f448caba41a,negative_confusable,unknown,5.922,train,split_extension_append_abs_deficit
snips-52097134bf4f653e,negative_confusable,unknown,4.14,train,split_extension_append_abs_deficit
snips-521d31f95015412e,negative_confusable,unknown,2.048,validation,split_extension_append_abs_deficit
snips-524edf33756417c5,negative_confusable,unknown,4.352,train,split_extension_append_abs_deficit
snips-529970186a8aa47a,negative_confusable,unknown,8.96,train,split_extension_append_abs_deficit
snips-52d211eb55bc5a93,negative_confusable,unknown,6.7071,train,split_extension_append_abs_deficit
snips-52db5369d12d96e3,negative_confusable,unknown,7.3387,train,split_extension_append_abs_deficit
snips-52e9eede72a5e66b,negative_confusable,unknown,2.2291,train,split_extension_append_abs_deficit
snips-5302913c78ead682,negative_confusable,unknown,2.64,train,split_extension_append_abs_deficit
snips-536c1c222817b837,negative_confusable,unknown,4.8297,train,split_extension_append_abs_deficit
snips-5385ff9487f4d270,negative_confusable,unknown,3.072,train,split_extension_append_abs_deficit
snips-53975b7d31aedbb6,negative_confusable,unknown,2.322,validation,split_extension_append_abs_deficit
snips-53c578360bac1790,negative_confusable,unknown,9.728,train,split_extension_append_abs_deficit
snips-53fff9bd6c627168,negative_confusable,unknown,1.6213,test,split_extension_append_abs_deficit
snips-542b8e1bf887ae79,negative_confusable,unknown,3.9253,train,split_extension_append_abs_deficit
snips-5457d63a511dfe92,negative_confusable,unknown,5.5467,train,split_extension_append_abs_deficit
snips-545959816b421f30,negative_confusable,unknown,4.608,train,split_extension_append_abs_deficit
snips-54776d3cbd8ac7a0,negative_confusable,unknown,5.0347,train,split_extension_append_abs_deficit
snips-548b0851a76ef6b5,negative_confusable,unknown,3.9254,train,split_extension_append_abs_deficit
snips-54b7f6c789866e79,negative_confusable,unknown,8.6187,train,split_extension_append_abs_deficit
snips-54c5c0ed8f1ce9c6,negative_confusable,unknown,1.6719,test,split_extension_append_abs_deficit
snips-54f15f27ca10c418,negative_confusable,unknown,2.56,train,split_extension_append_abs_deficit
snips-54fa3f3b96bd14e4,negative_confusable,unknown,1.6213,validation,split_extension_append_abs_deficit
snips-550ef84add5f7f44,negative_confusable,unknown,1.3653,test,split_extension_append_abs_deficit
snips-551a4e62902efa7e,negative_confusable,unknown,3.5294,train,split_extension_append_abs_deficit
snips-554df24224591b0c,negative_confusable,unknown,5.9734,train,split_extension_append_abs_deficit
snips-55a00b209fb84735,negative_confusable,unknown,6.4087,train,split_extension_append_abs_deficit
snips-55b9836377a0025d,negative_confusable,unknown,3.12,validation,split_extension_append_abs_deficit
snips-55bf8ea447a29bbb,negative_confusable,unknown,6.2293,train,split_extension_append_abs_deficit
snips-55de31ab9df1f798,negative_confusable,unknown,7.424,train,split_extension_append_abs_deficit
snips-562fcdd6a9c374af,negative_confusable,unknown,9.5666,train,split_extension_append_abs_deficit
snips-568df119f8ae0eb9,negative_confusable,unknown,4.5511,train,split_extension_append_abs_deficit
snips-569900f6f9b70515,negative_confusable,unknown,1.9505,test,split_extension_append_abs_deficit
snips-56e2cf219218e4d7,negative_confusable,unknown,6.912,train,split_extension_append_abs_deficit
snips-573059fd6ec2bbac,negative_confusable,unknown,4.2667,train,split_extension_append_abs_deficit
snips-57be8482c62a246a,negative_confusable,unknown,2.56,validation,split_extension_append_abs_deficit
snips-581acfb8d0512381,negative_confusable,unknown,2.2187,test,split_extension_append_abs_deficit
snips-5841d057c6fe989a,negative_confusable,unknown,2.9013,test,split_extension_append_abs_deficit
snips-5845f82c4f91b5fe,negative_confusable,unknown,5.1084,train,split_extension_append_abs_deficit
snips-584ba1e4d4f88a74,negative_confusable,unknown,1.92,test,split_extension_append_abs_deficit
snips-5859657c5a16c7b6,negative_confusable,unknown,8.34,train,split_extension_append_abs_deficit
snips-5871df29d354621e,negative_confusable,unknown,2.304,test,split_extension_append_abs_deficit
snips-58b8ee0984fbb9b2,negative_confusable,unknown,6.4854,train,split_extension_append_abs_deficit
snips-590c88c426ca4f24,negative_confusable,unknown,2.4747,test,split_extension_append_abs_deficit
snips-59358f994fb94594,negative_confusable,unknown,1.5789,test,split_extension_append_abs_deficit
snips-593f6ddad333a422,negative_confusable,unknown,4.352,train,split_extension_append_abs_deficit
snips-594a07d0405fb9bf,negative_confusable,unknown,4.7787,train,split_extension_append_abs_deficit
snips-59821737af517659,negative_confusable,unknown,2.64,validation,split_extension_append_abs_deficit
snips-59a4df20efbca76e,negative_confusable,unknown,7.792,train,split_extension_append_abs_deficit
snips-59b89b2ee90dd620,negative_confusable,unknown,4.352,train,split_extension_append_abs_deficit
snips-59c8f44a146b1fa7,negative_confusable,unknown,3.072,test,split_extension_append_abs_deficit
snips-59e96e1ab6819f39,negative_confusable,unknown,2.3893,validation,split_extension_append_abs_deficit
snips-5a2fecd65f0ba5ef,negative_confusable,unknown,4.7786,train,split_extension_append_abs_deficit
snips-5a7d593701b89bc3,negative_confusable,unknown,4.608,train,split_extension_append_abs_deficit
snips-5aa87fd163eea05f,negative_confusable,unknown,4.2,train,split_extension_append_abs_deficit
snips-5abee63686880254,negative_confusable,unknown,5.4,train,split_extension_append_abs_deficit
snips-5af0a0eb1564e06e,negative_confusable,unknown,1.344,test,split_extension_append_abs_deficit
snips-5b01a646eed6c05d,negative_confusable,unknown,2.2187,train,split_extension_append_abs_deficit
snips-5b3100bec0eedc3d,negative_confusable,unknown,8.5449,train,split_extension_append_abs_deficit
snips-5b6d537598e34df8,negative_confusable,unknown,3.9253,train,split_extension_append_abs_deficit
snips-5b779c61d64fcb63,negative_confusable,unknown,1.536,test,split_extension_append_abs_deficit
snips-5bbbeaf55a3d1134,negative_confusable,unknown,1.7067,train,split_extension_append_abs_deficit
snips-5bd85b44cf9c6209,negative_confusable,unknown,1.6213,validation,split_extension_append_abs_deficit
snips-5bfa26c82ae24c51,negative_confusable,unknown,2.322,train,split_extension_append_abs_deficit
snips-5c75c86fcd09b8f7,negative_confusable,unknown,9.1307,train,split_extension_append_abs_deficit
snips-5c9dec1cb08d66be,negative_confusable,unknown,2.56,train,split_extension_append_abs_deficit
snips-5cd72c59b44d2247,negative_confusable,unknown,2.9867,train,split_extension_append_abs_deficit
snips-5ce160b9cd92d3a4,negative_confusable,unknown,1.6213,validation,split_extension_append_abs_deficit
snips-5ce3f005dc62135c,negative_confusable,unknown,1.792,train,split_extension_append_abs_deficit
snips-5cea4b7ffe2d26da,negative_confusable,unknown,4.1813,train,split_extension_append_abs_deficit
snips-5cfac45d0762042f,negative_confusable,unknown,5.376,train,split_extension_append_abs_deficit
snips-5ddd75df1a081e34,negative_confusable,unknown,2.2187,train,split_extension_append_abs_deficit
snips-5dff91900590e618,negative_confusable,unknown,2.322,train,split_extension_append_abs_deficit
snips-5e0e110b4cb8b0cd,negative_confusable,unknown,5.2942,train,split_extension_append_abs_deficit
snips-5e158295e814abf9,negative_confusable,unknown,6.9,train,split_extension_append_abs_deficit
snips-5e3084f7b94bc3c9,negative_confusable,unknown,2.58,train,split_extension_append_abs_deficit
snips-5e6b1e139d27d8db,negative_confusable,unknown,1.4861,test,split_extension_append_abs_deficit
snips-5f0ce32d6741bcbd,negative_confusable,unknown,1.98,train,split_extension_append_abs_deficit
snips-5f2d8c60193c4cf8,negative_confusable,unknown,8.34,train,split_extension_append_abs_deficit
snips-5f2eb7ade5b1ad4d,negative_confusable,unknown,2.304,train,split_extension_append_abs_deficit
snips-5f3e3775b6b3bfe5,negative_confusable,unknown,2.1333,validation,split_extension_append_abs_deficit
snips-5f7d0799c6751632,negative_confusable,unknown,1.4507,validation,split_extension_append_abs_deficit
snips-5fbb417479e81522,negative_confusable,unknown,2.1362,validation,split_extension_append_abs_deficit
snips-5ff6a677d6244a40,negative_confusable,unknown,3.2427,train,split_extension_append_abs_deficit
snips-5ff9380e6e648143,negative_confusable,unknown,6.4947,train,split_extension_append_abs_deficit
snips-600ff18fad049e53,negative_confusable,unknown,5.6657,train,split_extension_append_abs_deficit
snips-603c6c1fdab69b0f,negative_confusable,unknown,5.4453,train,split_extension_append_abs_deficit
snips-606d449116fc3836,negative_confusable,unknown,10.752,train,split_extension_append_abs_deficit
snips-6092694e942283e8,negative_confusable,unknown,6.5945,train,split_extension_append_abs_deficit
snips-60abe966bfe51d6c,negative_confusable,unknown,3.4134,test,split_extension_append_abs_deficit
snips-6101d1a101fc69b9,negative_confusable,unknown,2.3893,train,split_extension_append_abs_deficit
snips-610d7217e05f1932,negative_confusable,unknown,4.1813,train,split_extension_append_abs_deficit
snips-6130cd13fd7f4384,negative_confusable,unknown,2.1333,test,split_extension_append_abs_deficit
snips-61b52d6c24f63ec1,negative_confusable,unknown,6.8267,train,split_extension_append_abs_deficit
snips-61cd0f3dd400d9ef,negative_confusable,unknown,2.6935,train,split_extension_append_abs_deficit
snips-62033754e87e2605,negative_confusable,unknown,4.1413,train,split_extension_append_abs_deficit
snips-620c4136b625fc4e,negative_confusable,unknown,1.6719,test,split_extension_append_abs_deficit
snips-62360a88cd9aa9ec,negative_confusable,unknown,3.1671,train,split_extension_append_abs_deficit
snips-623caef0141894d2,negative_confusable,unknown,3.18,validation,split_extension_append_abs_deficit
snips-624428377b35482c,negative_confusable,unknown,4.096,train,split_extension_append_abs_deficit
snips-625e6993559fe064,negative_confusable,unknown,4.08,train,split_extension_append_abs_deficit
snips-62bc400e4df1357c,negative_confusable,unknown,4.0106,train,split_extension_append_abs_deficit
snips-62d14e1abb334945,negative_confusable,unknown,8.0467,train,split_extension_append_abs_deficit
snips-632f52a5e4a20efa,negative_confusable,unknown,9.7524,train,split_extension_append_abs_deficit
snips-63c7ac66ed071071,negative_confusable,unknown,5.376,train,split_extension_append_abs_deficit
snips-646c49d2914011d2,negative_confusable,unknown,1.6719,train,split_extension_append_abs_deficit
snips-64c7f516540c95ad,negative_confusable,unknown,5.3871,train,split_extension_append_abs_deficit
snips-6531ac0e6a6202e4,negative_confusable,unknown,3.18,test,split_extension_append_abs_deficit
snips-654bb2f9c3bc4a74,negative_confusable,unknown,2.22,test,split_extension_append_abs_deficit
snips-66131dd3c719a836,negative_confusable,unknown,5.6293,train,split_extension_append_abs_deficit
snips-6653e34ef5e1d17a,negative_confusable,unknown,2.6453,train,split_extension_append_abs_deficit
snips-66a94df02751b2a4,negative_confusable,unknown,10.1133,train,split_extension_append_abs_deficit
snips-66e110f90c9523cd,negative_confusable,unknown,4.0868,train,split_extension_append_abs_deficit
snips-66e88768f2da943a,negative_confusable,unknown,2.4747,train,split_extension_append_abs_deficit
snips-66f5319533e836ed,negative_confusable,unknown,7.936,train,split_extension_append_abs_deficit
snips-6700411f3bcc5d34,negative_confusable,unknown,1.1947,validation,split_extension_append_abs_deficit
snips-67188479ff63d0d6,negative_confusable,unknown,4.0868,train,split_extension_append_abs_deficit
snips-67242f0c796f6add,negative_confusable,unknown,2.2187,validation,split_extension_append_abs_deficit
snips-673c51283130c160,negative_confusable,unknown,2.7307,train,split_extension_append_abs_deficit
snips-677ef7a6a47593c8,negative_confusable,unknown,2.58,validation,split_extension_append_abs_deficit
snips-6793ddeb331792ba,negative_confusable,unknown,4.1813,train,split_extension_append_abs_deficit
snips-67e272ef62e9467c,negative_confusable,unknown,2.1,validation,split_extension_append_abs_deficit
snips-6823f43495527368,negative_confusable,unknown,5.22,train,split_extension_append_abs_deficit
snips-68885b20c2f0db56,negative_confusable,unknown,1.7067,validation,split_extension_append_abs_deficit
snips-68dcf86d18bca2fa,negative_confusable,unknown,15.06,train,split_extension_append_abs_deficit
snips-68e54dc62df5eb61,negative_confusable,unknown,2.56,test,split_extension_append_abs_deficit
snips-69219c97c72d2558,negative_confusable,unknown,2.9721,test,split_extension_append_abs_deficit
snips-69385ea30a469543,negative_confusable,unknown,2.82,train,split_extension_append_abs_deficit
snips-6945ff2323d3f364,negative_confusable,unknown,3.3437,validation,split_extension_append_abs_deficit
snips-695213419814f0f8,negative_confusable,unknown,4.1813,train,split_extension_append_abs_deficit
snips-69a361c54de66d40,negative_confusable,unknown,1.6719,validation,split_extension_append_abs_deficit
snips-69e19c972e735183,negative_confusable,unknown,1.9627,test,split_extension_append_abs_deficit
snips-6a345d0b9a1df0d2,negative_confusable,unknown,1.6719,validation,split_extension_append_abs_deficit
snips-6ac43a477c0d1be0,negative_confusable,unknown,3.3437,test,split_extension_append_abs_deficit
snips-6b01c9193f872971,negative_confusable,unknown,2.46,validation,split_extension_append_abs_deficit
snips-6b2d7496bb13a3fe,negative_confusable,unknown,7.6027,train,split_extension_append_abs_deficit
snips-6b6bd1409212cd33,negative_confusable,unknown,4.6933,train,split_extension_append_abs_deficit
snips-6b71867f06ff5b56,negative_confusable,unknown,2.52,train,split_extension_append_abs_deficit
snips-6bbe0f550ec1bf93,negative_confusable,unknown,1.6213,test,split_extension_append_abs_deficit
snips-6c0fe666c9dbbd14,negative_confusable,unknown,3.4134,train,split_extension_append_abs_deficit
snips-6c2e4a9eaf51bce8,negative_confusable,unknown,3.6694,train,split_extension_append_abs_deficit
snips-6c6ec16ea414cfc1,negative_confusable,unknown,4.7369,train,split_extension_append_abs_deficit
snips-6cb91181e79da057,negative_confusable,unknown,1.4507,test,split_extension_append_abs_deficit
snips-6cd03fad03717701,negative_confusable,unknown,2.304,test,split_extension_append_abs_deficit
snips-6d2881f08aecf268,negative_confusable,unknown,3.901,train,split_extension_append_abs_deficit
snips-6d3a8ac9e94dd06c,negative_confusable,unknown,2.5078,validation,split_extension_append_abs_deficit
snips-6d62d64df8353630,negative_confusable,unknown,3.66,train,split_extension_append_abs_deficit
snips-6d8f08bcfb52b463,negative_confusable,unknown,2.7307,train,split_extension_append_abs_deficit
snips-6dae5aa799736f8f,negative_confusable,unknown,2.7,train,split_extension_append_abs_deficit
snips-6de252be14572be9,negative_confusable,unknown,1.792,test,split_extension_append_abs_deficit
snips-6e034f06e4e2a3b8,negative_confusable,unknown,2.56,train,split_extension_append_abs_deficit
snips-6e19a9c817a644be,negative_confusable,unknown,2.4149,train,split_extension_append_abs_deficit
snips-6e277cb212d7244a,negative_confusable,unknown,2.322,test,split_extension_append_abs_deficit
snips-6e47ba1319dbbce1,negative_confusable,unknown,2.7,validation,split_extension_append_abs_deficit
snips-6e991a509ff0746b,negative_confusable,unknown,2.1,train,split_extension_append_abs_deficit
snips-6ef998cd5161e2b7,negative_confusable,unknown,5.5728,train,split_extension_append_abs_deficit
snips-6efc8a8da872f211,negative_confusable,unknown,2.9867,test,split_extension_append_abs_deficit
snips-6f545aa68d6e4cd6,negative_confusable,unknown,2.9013,validation,split_extension_append_abs_deficit
snips-6f63551dd6bcf321,negative_confusable,unknown,1.7067,test,split_extension_append_abs_deficit
snips-6fa2e6f7435a45d9,negative_confusable,unknown,4.9226,train,split_extension_append_abs_deficit
snips-6fda96f43313db78,negative_confusable,unknown,6.72,train,split_extension_append_abs_deficit
snips-6fe94cb1d1f6b5b0,negative_confusable,unknown,4.9226,train,split_extension_append_abs_deficit
snips-7070b92bb2470666,negative_confusable,unknown,3.48,train,split_extension_append_abs_deficit
snips-7081597f061b6a03,negative_confusable,unknown,12.353,train,split_extension_append_abs_deficit
snips-70a4a4dcdaefd7ff,negative_confusable,unknown,1.7648,validation,split_extension_append_abs_deficit
snips-70f147fa62ec73df,negative_confusable,unknown,2.5078,train,split_extension_append_abs_deficit
snips-71310633817e89b4,negative_confusable,unknown,5.12,train,split_extension_append_abs_deficit
snips-7168d5405afd955c,negative_confusable,unknown,2.3893,test,split_extension_append_abs_deficit
snips-71b1869844180d8a,negative_confusable,unknown,1.0217,validation,split_extension_append_abs_deficit
snips-7208b4d5e774648e,negative_confusable,unknown,2.4149,validation,split_extension_append_abs_deficit
snips-7222663d424a121c,negative_confusable,unknown,3.2508,train,split_extension_append_abs_deficit
snips-72410b02bd8c7b25,negative_confusable,unknown,5.376,train,split_extension_append_abs_deficit
snips-72687587d8d5411f,negative_confusable,unknown,3.5294,train,split_extension_append_abs_deficit
snips-7279f88b7b6980df,negative_confusable,unknown,2.2291,validation,split_extension_append_abs_deficit
snips-728f632e64c27c4d,negative_confusable,unknown,10.2,train,split_extension_append_abs_deficit
snips-72dbc9f78fc41504,negative_confusable,unknown,3.584,train,split_extension_append_abs_deficit
snips-72e0fe7b7126b7a8,negative_confusable,unknown,4.8493,train,split_extension_append_abs_deficit
snips-72e6f53479cacc53,negative_confusable,unknown,5.376,train,split_extension_append_abs_deficit
snips-73096c1cf17d9937,negative_confusable,unknown,3.84,train,split_extension_append_abs_deficit
snips-730f58ef2d6854bc,negative_confusable,unknown,4.4373,train,split_extension_append_abs_deficit
snips-73424456816ecd3e,negative_confusable,unknown,3.2508,test,split_extension_append_abs_deficit
snips-736ea31c1ee87ec7,negative_confusable,unknown,5.1,train,split_extension_append_abs_deficit
snips-73c43ee7a27a0cf9,negative_confusable,unknown,5.2906,train,split_extension_append_abs_deficit
snips-73d3f71b2d14dffb,negative_confusable,unknown,8.0213,train,split_extension_append_abs_deficit
snips-740f7e7e67b4614f,negative_confusable,unknown,6.8267,train,split_extension_append_abs_deficit
snips-743a72b76a8c3799,negative_confusable,unknown,2.9867,validation,split_extension_append_abs_deficit
snips-747a60421e18a988,negative_confusable,unknown,1.9505,train,split_extension_append_abs_deficit
snips-7491074846dbf84e,negative_confusable,unknown,1.5789,test,split_extension_append_abs_deficit
snips-74a02bb30ec12b1b,negative_confusable,unknown,1.3653,train,split_extension_append_abs_deficit
snips-7501be4d4a01a61b,negative_confusable,unknown,3.0,train,split_extension_append_abs_deficit
snips-7528815d39a4b34e,negative_confusable,unknown,3.4133,train,split_extension_append_abs_deficit
snips-75386c7486034b20,negative_confusable,unknown,6.7413,train,split_extension_append_abs_deficit
snips-753d98f418251d4b,negative_confusable,unknown,1.56,validation,split_extension_append_abs_deficit
snips-7556380be4c04bd9,negative_confusable,unknown,6.5945,train,split_extension_append_abs_deficit
snips-759a8c53b85efb37,negative_confusable,unknown,7.3387,train,split_extension_append_abs_deficit
snips-76032b11769ec012,negative_confusable,unknown,3.901,train,split_extension_append_abs_deficit
snips-76210dadb6b66136,negative_confusable,unknown,2.7307,train,split_extension_append_abs_deficit
snips-76339449e7c74932,negative_confusable,unknown,2.3893,validation,split_extension_append_abs_deficit
snips-763d015e92c8ff15,negative_confusable,unknown,2.56,test,split_extension_append_abs_deficit
snips-76af7efa3f7ff89c,negative_confusable,unknown,2.0434,train,split_extension_append_abs_deficit
snips-777cec5a82d67f93,negative_confusable,unknown,6.4413,train,split_extension_append_abs_deficit
snips-777d6fb3c93a8743,negative_confusable,unknown,4.864,train,split_extension_append_abs_deficit
snips-77bb8ad15b6a3e6c,negative_confusable,unknown,1.4861,train,split_extension_append_abs_deficit
snips-77e9cf9ca07a6d65,negative_confusable,unknown,2.64,validation,split_extension_append_abs_deficit
snips-7817cf35cacfe4e0,negative_confusable,unknown,2.2187,validation,split_extension_append_abs_deficit
snips-781f7379e08af039,negative_confusable,unknown,5.16,train,split_extension_append_abs_deficit
snips-78224fe89dd384d2,negative_confusable,unknown,1.8576,test,split_extension_append_abs_deficit
snips-7857b138690dec32,negative_confusable,unknown,3.4986,train,split_extension_append_abs_deficit
snips-7866aef1075f9249,negative_confusable,unknown,4.352,train,split_extension_append_abs_deficit
snips-78e53845074b0e4c,negative_confusable,unknown,2.3893,validation,split_extension_append_abs_deficit
snips-78ea01fed47a523a,negative_confusable,unknown,10.2168,train,split_extension_append_abs_deficit
snips-7906155c0264a5ef,negative_confusable,unknown,3.6693,train,split_extension_append_abs_deficit
snips-7929c8fa56cea551,negative_confusable,unknown,10.44,train,split_extension_append_abs_deficit
snips-79531531ec3ef9b3,negative_confusable,unknown,4.824,train,split_extension_append_abs_deficit
snips-79c4ff9c5bb84a27,negative_confusable,unknown,4.32,train,split_extension_append_abs_deficit
snips-79f2a853f164dd90,negative_confusable,unknown,5.5728,train,split_extension_append_abs_deficit
snips-7a26f3f858129494,negative_confusable,unknown,2.52,validation,split_extension_append_abs_deficit
snips-7a49b1361a32c653,negative_confusable,unknown,2.304,validation,split_extension_append_abs_deficit
snips-7a4a636698f5371c,negative_confusable,unknown,3.072,validation,split_extension_append_abs_deficit
snips-7a873101b823a931,negative_confusable,unknown,6.4087,train,split_extension_append_abs_deficit
snips-7a8f40912e7b6926,negative_confusable,unknown,5.34,train,split_extension_append_abs_deficit
snips-7ad8cca178bb9dd7,negative_confusable,unknown,4.5511,train,split_extension_append_abs_deficit
snips-7b698e321606cce5,negative_confusable,unknown,8.192,train,split_extension_append_abs_deficit
snips-7b87a68c6e95b4c7,negative_confusable,unknown,2.6935,train,split_extension_append_abs_deficit
snips-7b8c59603658fdac,negative_confusable,unknown,4.98,train,split_extension_append_abs_deficit
snips-7b9100740f6f3f42,negative_confusable,unknown,2.0434,test,split_extension_append_abs_deficit
snips-7b97b262ce1dfc31,negative_confusable,unknown,8.28,train,split_extension_append_abs_deficit
snips-7ba818fb6c41c377,negative_confusable,unknown,7.8019,train,split_extension_append_abs_deficit
snips-7bc0ff632ccbe460,negative_confusable,unknown,8.3592,train,split_extension_append_abs_deficit
snips-7bc21e0fc651ee93,negative_confusable,unknown,4.9226,train,split_extension_append_abs_deficit
snips-7c40dced7fcde65f,negative_confusable,unknown,3.7547,train,split_extension_append_abs_deficit
snips-7c7fd0c309b7dda7,negative_confusable,unknown,2.9013,validation,split_extension_append_abs_deficit
snips-7cece5964e423a95,negative_confusable,unknown,5.46,train,split_extension_append_abs_deficit
snips-7d488665d651c997,negative_confusable,unknown,4.644,train,split_extension_append_abs_deficit
snips-7d8d82d9d94e8a3f,negative_confusable,unknown,1.8773,train,split_extension_append_abs_deficit
snips-7dd0771ac229db89,negative_confusable,unknown,7.86,train,split_extension_append_abs_deficit
snips-7e1fa75020e95f63,negative_confusable,unknown,1.5789,train,split_extension_append_abs_deficit
snips-7e207363a348369d,negative_confusable,unknown,2.6006,train,split_extension_append_abs_deficit
snips-7e216aadd644ff18,negative_confusable,unknown,5.4799,train,split_extension_append_abs_deficit
snips-7e2a72435923ddeb,negative_confusable,unknown,10.2168,train,split_extension_append_abs_deficit
snips-7ea5da5f61e83b0b,negative_confusable,unknown,5.0347,train,split_extension_append_abs_deficit
snips-7eab23860b6626ea,negative_confusable,unknown,2.048,test,split_extension_append_abs_deficit
snips-7eb4e4d44109fd29,negative_confusable,unknown,6.0907,train,split_extension_append_abs_deficit
snips-7f386b07bec64068,negative_confusable,unknown,6.4087,train,split_extension_append_abs_deficit
snips-7f4e270b651628e2,negative_confusable,unknown,1.92,train,split_extension_append_abs_deficit
snips-7f8e6f2c5b24c6cc,negative_confusable,unknown,4.4373,train,split_extension_append_abs_deficit
snips-7fab0d5beb21dc13,negative_confusable,unknown,6.3147,train,split_extension_append_abs_deficit
snips-80484cc075d7388c,negative_confusable,unknown,6.656,train,split_extension_append_abs_deficit
snips-806b1347cf766357,negative_confusable,unknown,3.3437,test,split_extension_append_abs_deficit
snips-809d978f1153fc26,negative_confusable,unknown,2.16,validation,split_extension_append_abs_deficit
snips-814a5b374b47aaad,negative_confusable,unknown,4.7787,train,split_extension_append_abs_deficit
snips-81574ded854c7739,negative_confusable,unknown,5.4799,train,split_extension_append_abs_deficit
snips-81b157928e891a75,negative_confusable,unknown,6.144,train,split_extension_append_abs_deficit
snips-81c1fdd3e7647799,negative_confusable,unknown,1.8773,test,split_extension_append_abs_deficit
snips-81cca7192041cdc0,negative_confusable,unknown,4.352,train,split_extension_append_abs_deficit
snips-81d92c33f7f116c4,negative_confusable,unknown,2.7307,validation,split_extension_append_abs_deficit
snips-823cecaaf243a28f,negative_confusable,unknown,4.096,train,split_extension_append_abs_deficit
snips-82541edf817f2cbb,negative_confusable,unknown,3.7547,train,split_extension_append_abs_deficit
snips-827074579b97a204,negative_confusable,unknown,2.7864,test,split_extension_append_abs_deficit
snips-82ebef5c17971e11,negative_confusable,unknown,6.3,train,split_extension_append_abs_deficit
snips-83031866d07398f5,negative_confusable,unknown,7.9877,train,split_extension_append_abs_deficit
snips-8340027b7e7cfb2d,negative_confusable,unknown,3.7153,train,split_extension_append_abs_deficit
snips-83504230cda7c401,negative_confusable,unknown,1.536,train,split_extension_append_abs_deficit
snips-837016d78f2617b0,negative_confusable,unknown,8.64,train,split_extension_append_abs_deficit
snips-8375f1ad66de1b56,negative_confusable,unknown,4.3627,train,split_extension_append_abs_deficit
snips-8380fb6b966beec4,negative_confusable,unknown,2.6935,validation,split_extension_append_abs_deficit
snips-8386d8f634872b88,negative_confusable,unknown,2.52,test,split_extension_append_abs_deficit
snips-8389694ef25d8292,negative_confusable,unknown,1.4861,test,split_extension_append_abs_deficit
snips-83f62f398c1d6ce7,negative_confusable,unknown,1.6213,train,split_extension_append_abs_deficit
snips-8491d7276a7ed812,negative_confusable,unknown,2.7306,test,split_extension_append_abs_deficit
snips-8496fb5950e3510e,negative_confusable,unknown,1.7067,train,split_extension_append_abs_deficit
snips-84f8b9e07c4e3146,negative_confusable,unknown,5.7173,train,split_extension_append_abs_deficit
snips-850aa4c1682b409a,negative_confusable,unknown,3.12,train,split_extension_append_abs_deficit
snips-851248c62b6dadf4,negative_confusable,unknown,4.1813,train,split_extension_append_abs_deficit
snips-8535997da233bae9,negative_confusable,unknown,4.98,train,split_extension_append_abs_deficit
snips-85535253d158b3aa,negative_confusable,unknown,1.3932,train,split_extension_append_abs_deficit
snips-855c1250ec2440e0,negative_confusable,unknown,4.8297,train,split_extension_append_abs_deficit
snips-856228a10bf2fe3e,negative_confusable,unknown,4.5226,train,split_extension_append_abs_deficit
snips-8567573e6ae0d658,negative_confusable,unknown,3.84,train,split_extension_append_abs_deficit
snips-8572de448daade65,negative_confusable,unknown,3.7153,train,split_extension_append_abs_deficit
snips-85888ecd4da67405,negative_confusable,unknown,2.7,train,split_extension_append_abs_deficit
snips-85a31830e4d94ce0,negative_confusable,unknown,4.1796,train,split_extension_append_abs_deficit
snips-85d524bbb9f2e86c,negative_confusable,unknown,2.2291,test,split_extension_append_abs_deficit
snips-85e1b83f782f2f1d,negative_confusable,unknown,4.4373,train,split_extension_append_abs_deficit
snips-860de89a97da2c07,negative_confusable,unknown,5.2942,train,split_extension_append_abs_deficit
snips-863b773b10851f23,negative_confusable,unknown,1.5789,test,split_extension_append_abs_deficit
snips-86b10afde0045cfd,negative_confusable,unknown,5.9758,train,split_extension_append_abs_deficit
snips-86dedd243cfa1957,negative_confusable,unknown,1.6719,train,split_extension_append_abs_deficit
snips-8742b288729ddeee,negative_confusable,unknown,9.6426,train,split_extension_append_abs_deficit
snips-8759a16c7e555b3e,negative_confusable,unknown,3.072,validation,split_extension_append_abs_deficit
snips-8783a730aab8161f,negative_confusable,unknown,2.4149,train,split_extension_append_abs_deficit
snips-878f8959987b8f1f,negative_confusable,unknown,4.6933,train,split_extension_append_abs_deficit
snips-87974709b7d98b2e,negative_confusable,unknown,2.04,test,split_extension_append_abs_deficit
snips-87a2df786fc2ad0e,negative_confusable,unknown,2.52,validation,split_extension_append_abs_deficit
snips-87d7a5caa95a3bb2,negative_confusable,unknown,8.3626,train,split_extension_append_abs_deficit
snips-87f2afe47263d55d,negative_confusable,unknown,2.46,train,split_extension_append_abs_deficit
snips-880cb347f54ae6b1,negative_confusable,unknown,5.8515,train,split_extension_append_abs_deficit
snips-881f723efd6b54a1,negative_confusable,unknown,7.3387,train,split_extension_append_abs_deficit
snips-88247f42573dc5de,negative_confusable,unknown,1.664,test,split_extension_append_abs_deficit
snips-882d7ea93ff37886,negative_confusable,unknown,4.4374,train,split_extension_append_abs_deficit
snips-88433a673a84bcb4,negative_confusable,unknown,2.28,train,split_extension_append_abs_deficit
snips-885cd88f7d69c90a,negative_confusable,unknown,2.816,test,split_extension_append_abs_deficit
snips-88abeb7972110acb,negative_confusable,unknown,8.2408,train,split_extension_append_abs_deficit
snips-88b89a7f2501127b,negative_confusable,unknown,2.56,test,split_extension_append_abs_deficit
snips-8914f67c625d1cd1,negative_confusable,unknown,1.9627,train,split_extension_append_abs_deficit
snips-8935b65e7b708cf7,negative_confusable,unknown,2.048,test,split_extension_append_abs_deficit
snips-89424b26d1136796,negative_confusable,unknown,4.1813,train,split_extension_append_abs_deficit
snips-896001072f8d79ea,negative_confusable,unknown,4.352,train,split_extension_append_abs_deficit
snips-89891697c1579b12,negative_confusable,unknown,2.4747,validation,split_extension_append_abs_deficit
snips-89ad5158aa59b967,negative_confusable,unknown,3.24,validation,split_extension_append_abs_deficit
snips-89adab5c96f95b7e,negative_confusable,unknown,5.6733,train,split_extension_append_abs_deficit
snips-8a020200f84ca72b,negative_confusable,unknown,5.632,train,split_extension_append_abs_deficit
snips-8a6f6f33c7567577,negative_confusable,unknown,2.2187,validation,split_extension_append_abs_deficit
snips-8a715e01d074dfd2,negative_confusable,unknown,1.9627,test,split_extension_append_abs_deficit
snips-8a9e278e6df47101,negative_confusable,unknown,3.328,test,split_extension_append_abs_deficit
snips-8aad770f26a31a64,negative_confusable,unknown,3.0651,train,split_extension_append_abs_deficit
snips-8b2ae7daffe0d117,negative_confusable,unknown,6.12,train,split_extension_append_abs_deficit
snips-8b3ba6bc438c3b3b,negative_confusable,unknown,12.5846,train,split_extension_append_abs_deficit
snips-8b550cac525c716a,negative_confusable,unknown,1.3932,test,split_extension_append_abs_deficit
snips-8b80162f0141ed47,negative_confusable,unknown,1.5789,test,split_extension_append_abs_deficit
snips-8bf82d3efe2fbdf4,negative_confusable,unknown,3.328,train,split_extension_append_abs_deficit
snips-8c1ba56e60ede50d,negative_confusable,unknown,3.4986,train,split_extension_append_abs_deficit
snips-8c3b12d8b27e331d,negative_confusable,unknown,3.9939,train,split_extension_append_abs_deficit
snips-8c870ad4b6700d0e,negative_confusable,unknown,6.06,train,split_extension_append_abs_deficit
snips-8c9f8e67d84101a3,negative_confusable,unknown,7.8948,train,split_extension_append_abs_deficit
snips-8cddf533f56a5785,negative_confusable,unknown,6.5081,train,split_extension_append_abs_deficit
snips-8ce7ab0b98386911,negative_confusable,unknown,4.74,train,split_extension_append_abs_deficit
snips-8d905e2de83809f2,negative_confusable,unknown,3.3,test,split_extension_append_abs_deficit
snips-8dd256eefdd57f51,negative_confusable,unknown,2.1333,validation,split_extension_append_abs_deficit
snips-8dfa56bb0cbb103b,negative_confusable,unknown,1.8773,validation,split_extension_append_abs_deficit
snips-8e000f0ef27fea6c,negative_confusable,unknown,2.52,validation,split_extension_append_abs_deficit
snips-8e1ce3ed987c402d,negative_confusable,unknown,3.328,validation,split_extension_append_abs_deficit
snips-8e2f89d076b20ad3,negative_confusable,unknown,2.048,train,split_extension_append_abs_deficit
snips-8e2fe03d214f7262,negative_confusable,unknown,5.58,train,split_extension_append_abs_deficit
snips-8e37116669f5a1a4,negative_confusable,unknown,3.2508,validation,split_extension_append_abs_deficit
snips-8e4c723414e13b27,negative_confusable,unknown,4.3654,train,split_extension_append_abs_deficit
snips-8e58bbf816942128,negative_confusable,unknown,3.0,validation,split_extension_append_abs_deficit
snips-8e5a5c7745fbb478,negative_confusable,unknown,1.7067,test,split_extension_append_abs_deficit
snips-8eb767f2505ef850,negative_confusable,unknown,5.3871,train,split_extension_append_abs_deficit
snips-8f37ef02d59313f8,negative_confusable,unknown,6.428,train,split_extension_append_abs_deficit
snips-8f3dcf39b5f6713e,negative_confusable,unknown,1.6213,validation,split_extension_append_abs_deficit
snips-8f5ac68478f7106b,negative_confusable,unknown,3.9253,train,split_extension_append_abs_deficit
snips-8f5d2e0b2004e96c,negative_confusable,unknown,2.322,test,split_extension_append_abs_deficit
snips-8f747155a29637eb,negative_confusable,unknown,2.304,train,split_extension_append_abs_deficit
snips-8fb71c10ba30ceaf,negative_confusable,unknown,4.612,train,split_extension_append_abs_deficit
snips-8fe473cd269cd982,negative_confusable,unknown,6.12,train,split_extension_append_abs_deficit
snips-8ffab6b284506b83,negative_confusable,unknown,9.1987,train,split_extension_append_abs_deficit
snips-907339d0216c2102,negative_confusable,unknown,2.04,validation,split_extension_append_abs_deficit
snips-9079c0c4eaffbfeb,negative_confusable,unknown,8.5334,train,split_extension_append_abs_deficit
snips-90e0f1435d353ef4,negative_confusable,unknown,6.912,train,split_extension_append_abs_deficit
snips-9137f1fd1fe1ab59,negative_confusable,unknown,4.1796,train,split_extension_append_abs_deficit
snips-919f435ced5df819,negative_confusable,unknown,2.304,validation,split_extension_append_abs_deficit
snips-91a926a3bef311ce,negative_confusable,unknown,2.1333,train,split_extension_append_abs_deficit
snips-91e105b9b99c1570,negative_confusable,unknown,9.3986,train,split_extension_append_abs_deficit
snips-922ef14f190f5140,negative_confusable,unknown,2.1362,train,split_extension_append_abs_deficit
snips-92a61b067c0955d7,negative_confusable,unknown,1.6719,validation,split_extension_append_abs_deficit
snips-930a8515f663346b,negative_confusable,unknown,5.272,train,split_extension_append_abs_deficit
snips-9340fa47ff749c2b,negative_confusable,unknown,4.6933,train,split_extension_append_abs_deficit
snips-93726e6e9f624362,negative_confusable,unknown,2.46,test,split_extension_append_abs_deficit
snips-93c407bc65bf27df,negative_confusable,unknown,8.8747,train,split_extension_append_abs_deficit
snips-93ef7de0219233ec,negative_confusable,unknown,2.8793,validation,split_extension_append_abs_deficit
snips-93feb8ef809d17cd,negative_confusable,unknown,5.58,train,split_extension_append_abs_deficit
snips-942760eee832ee18,negative_confusable,unknown,5.12,train,split_extension_append_abs_deficit
snips-942a43d2bb709dc4,negative_confusable,unknown,4.5227,train,split_extension_append_abs_deficit
snips-942c0be61d0819cf,negative_confusable,unknown,2.58,test,split_extension_append_abs_deficit
snips-943ea621bed0984c,negative_confusable,unknown,2.2187,test,split_extension_append_abs_deficit
snips-944d510f2a662932,negative_confusable,unknown,2.3894,test,split_extension_append_abs_deficit
snips-944e23bb558d9b45,negative_confusable,unknown,3.9254,train,split_extension_append_abs_deficit
snips-94b099f37e94979b,negative_confusable,unknown,3.328,test,split_extension_append_abs_deficit
snips-94c3388ca380a785,negative_confusable,unknown,2.048,test,split_extension_append_abs_deficit
snips-94eb8747dea0cded,negative_confusable,unknown,5.88,train,split_extension_append_abs_deficit
snips-959b6809a87700d1,negative_confusable,unknown,5.4905,train,split_extension_append_abs_deficit
snips-95b763e8698c9bc8,negative_confusable,unknown,2.28,validation,split_extension_append_abs_deficit
snips-95c52fbf6f4ab774,negative_confusable,unknown,3.18,test,split_extension_append_abs_deficit
snips-95ec05534829db56,negative_confusable,unknown,1.1093,test,split_extension_append_abs_deficit
snips-95f079371b9976bc,negative_confusable,unknown,3.9258,train,split_extension_append_abs_deficit
snips-95fcff3530f578be,negative_confusable,unknown,1.9505,validation,split_extension_append_abs_deficit
snips-9606c381fe418940,negative_confusable,unknown,3.328,train,split_extension_append_abs_deficit
snips-962d771c27824d67,negative_confusable,unknown,2.64,train,split_extension_append_abs_deficit
snips-965c3df65c563cac,negative_confusable,unknown,1.9505,train,split_extension_append_abs_deficit
snips-96644a3fcccd2a6d,negative_confusable,unknown,5.332,train,split_extension_append_abs_deficit
snips-9672b4d6523c6677,negative_confusable,unknown,5.8027,train,split_extension_append_abs_deficit
snips-96ad557d58450429,negative_confusable,unknown,6.7413,train,split_extension_append_abs_deficit
snips-96baa895f52e4609,negative_confusable,unknown,2.0434,validation,split_extension_append_abs_deficit
snips-96bde77c3e374dbf,negative_confusable,unknown,1.4861,train,split_extension_append_abs_deficit
snips-975090a9a1fb04b3,negative_confusable,unknown,1.56,test,split_extension_append_abs_deficit
snips-975f14b8e8b7e995,negative_confusable,unknown,4.6005,train,split_extension_append_abs_deficit
snips-9763cdd3d259757f,negative_confusable,unknown,3.1579,train,split_extension_append_abs_deficit
snips-979152e0734169c6,negative_confusable,unknown,5.2053,train,split_extension_append_abs_deficit
snips-97d0f239c2c8fc18,negative_confusable,unknown,6.0587,train,split_extension_append_abs_deficit
snips-97d9ce6ebd19a1da,negative_confusable,unknown,3.06,test,split_extension_append_abs_deficit
snips-97e302bd9289b64b,negative_confusable,unknown,1.8576,validation,split_extension_append_abs_deficit
snips-97e50cbabf30ce28,negative_confusable,unknown,7.1518,train,split_extension_append_abs_deficit
snips-9817f07e11d314fe,negative_confusable,unknown,2.2187,train,split_extension_append_abs_deficit
snips-98274c44b47becf2,negative_confusable,unknown,3.636,train,split_extension_append_abs_deficit
snips-98410a7b2b3c2a46,negative_confusable,unknown,2.2187,test,split_extension_append_abs_deficit
snips-98fff868dc8ff9b1,negative_confusable,unknown,2.1333,validation,split_extension_append_abs_deficit
snips-99020eb675931c51,negative_confusable,unknown,4.1814,train,split_extension_append_abs_deficit
snips-9998826102c1a41d,negative_confusable,unknown,2.9013,train,split_extension_append_abs_deficit
snips-99bd33ad31ad0891,negative_confusable,unknown,2.1362,test,split_extension_append_abs_deficit
snips-9a0dff843d2038df,negative_confusable,unknown,2.304,validation,split_extension_append_abs_deficit
snips-9a61d136a3c94814,negative_confusable,unknown,4.644,train,split_extension_append_abs_deficit
snips-9a6603ad6e06b328,negative_confusable,unknown,5.94,train,split_extension_append_abs_deficit
snips-9a8e139638a4cfdc,negative_confusable,unknown,2.6453,train,split_extension_append_abs_deficit
snips-9a9ce76ccfca5c55,negative_confusable,unknown,3.1573,test,split_extension_append_abs_deficit
snips-9aa2a3570441aaae,negative_confusable,unknown,4.352,train,split_extension_append_abs_deficit
snips-9b1ffd0be3991f21,negative_confusable,unknown,3.584,train,split_extension_append_abs_deficit
snips-9b3098f176a74bb1,negative_confusable,unknown,1.792,train,split_extension_append_abs_deficit
snips-9ba0cf10e98a4ebe,negative_confusable,unknown,3.48,test,split_extension_append_abs_deficit
snips-9bc90f41c236389e,negative_confusable,unknown,1.6213,test,split_extension_append_abs_deficit
snips-9bfe6af1c8bf0aa0,negative_confusable,unknown,4.0834,train,split_extension_append_abs_deficit
snips-9c35aa6eb91a00f8,negative_confusable,unknown,3.1573,train,split_extension_append_abs_deficit
snips-9c83f42e93cd74cb,negative_confusable,unknown,2.4747,train,split_extension_append_abs_deficit
snips-9c96bb9d8c13f04c,negative_confusable,unknown,3.4987,validation,split_extension_append_abs_deficit
snips-9cbed579f00f103b,negative_confusable,unknown,2.816,train,split_extension_append_abs_deficit
snips-9cd77fea2272a9fa,negative_confusable,unknown,2.1333,train,split_extension_append_abs_deficit
snips-9cefdbcbc9f348b0,negative_confusable,unknown,2.048,train,split_extension_append_abs_deficit
snips-9cf70e87386aec79,negative_confusable,unknown,4.4374,train,split_extension_append_abs_deficit
snips-9d3a24c06cbe0701,negative_confusable,unknown,3.2427,validation,split_extension_append_abs_deficit
snips-9d3bce2e3112e40c,negative_confusable,unknown,3.9254,train,split_extension_append_abs_deficit
snips-9d4af1ff263db4c6,negative_confusable,unknown,1.792,train,split_extension_append_abs_deficit
snips-9d6836d2fe9aa161,negative_confusable,unknown,1.536,validation,split_extension_append_abs_deficit
snips-9d6a62cf82b1c373,negative_confusable,unknown,2.7307,test,split_extension_append_abs_deficit
snips-9d7b0fc27046dc99,negative_confusable,unknown,3.072,validation,split_extension_append_abs_deficit
snips-9da0c6eaec08445d,negative_confusable,unknown,2.2291,train,split_extension_append_abs_deficit
snips-9dc6215d6b633f74,negative_confusable,unknown,6.4853,train,split_extension_append_abs_deficit
snips-9e15f7e23a3c6df7,negative_confusable,unknown,6.5707,train,split_extension_append_abs_deficit
snips-9eb2e632882c5ae4,negative_confusable,unknown,4.1796,train,split_extension_append_abs_deficit
snips-9eecd7f575d05bbf,negative_confusable,unknown,3.2427,validation,split_extension_append_abs_deficit
snips-9eee971fa7c11e70,negative_confusable,unknown,6.94,train,split_extension_append_abs_deficit
snips-9efc3642fee62b3e,negative_confusable,unknown,5.8514,train,split_extension_append_abs_deficit
snips-9f1bea181be2af7a,negative_confusable,unknown,1.408,test,split_extension_append_abs_deficit
snips-9f6bbda7af286225,negative_confusable,unknown,3.8081,train,split_extension_append_abs_deficit
snips-a0126f5de751c388,negative_confusable,unknown,2.048,train,split_extension_append_abs_deficit
snips-a06a98540fa1346b,negative_confusable,unknown,4.4582,train,split_extension_append_abs_deficit
snips-a0895010f0ba10d6,negative_confusable,unknown,2.34,train,split_extension_append_abs_deficit
snips-a0c27d9c3e87c442,negative_confusable,unknown,5.4614,train,split_extension_append_abs_deficit
snips-a1088bcf6401cf52,negative_confusable,unknown,4.2725,train,split_extension_append_abs_deficit
snips-a11289efda8fffdc,negative_confusable,unknown,4.1813,train,split_extension_append_abs_deficit
snips-a1334ba8b80abf77,negative_confusable,unknown,1.8773,test,split_extension_append_abs_deficit
snips-a1599e39ce1a0882,negative_confusable,unknown,5.82,train,split_extension_append_abs_deficit
snips-a15f0613ae52cedc,negative_confusable,unknown,4.9226,train,split_extension_append_abs_deficit
snips-a1c918d1ac4252a1,negative_confusable,unknown,4.9493,train,split_extension_append_abs_deficit
snips-a21004644a4435de,negative_confusable,unknown,3.66,train,split_extension_append_abs_deficit
snips-a259e110bd5619db,negative_confusable,unknown,1.8576,train,split_extension_append_abs_deficit
snips-a25fac335288606b,negative_confusable,unknown,2.816,validation,split_extension_append_abs_deficit
snips-a293926ec51a06bb,negative_confusable,unknown,3.5294,train,split_extension_append_abs_deficit
snips-a3042ca4756500f3,negative_confusable,unknown,7.44,train,split_extension_append_abs_deficit
snips-a34fb351ddbad534,negative_confusable,unknown,1.28,validation,split_extension_append_abs_deficit
snips-a352a91a5ac7f691,negative_confusable,unknown,8.8747,train,split_extension_append_abs_deficit
snips-a3ca917a40ecf50c,negative_confusable,unknown,2.22,train,split_extension_append_abs_deficit
snips-a44f00c3146334f7,negative_confusable,unknown,8.3627,train,split_extension_append_abs_deficit
snips-a46b8080c2f1f688,negative_confusable,unknown,1.792,validation,split_extension_append_abs_deficit
snips-a4842b7edd16357a,negative_confusable,unknown,2.6453,validation,split_extension_append_abs_deficit
snips-a4ca6f13f0bcef27,negative_confusable,unknown,6.84,train,split_extension_append_abs_deficit
snips-a4dc85c4754d2d8a,negative_confusable,unknown,1.4861,validation,split_extension_append_abs_deficit
snips-a4e57ba2cbb68674,negative_confusable,unknown,4.8297,train,split_extension_append_abs_deficit
snips-a54100ebc8bdf954,negative_confusable,unknown,4.096,train,split_extension_append_abs_deficit
snips-a59083f2ae078eae,negative_confusable,unknown,1.9627,train,split_extension_append_abs_deficit
snips-a59d517926488dfa,negative_confusable,unknown,1.6719,test,split_extension_append_abs_deficit
snips-a5d20fcaab5a26c6,negative_confusable,unknown,2.28,train,split_extension_append_abs_deficit
snips-a5d810235673d60f,negative_confusable,unknown,2.1333,train,split_extension_append_abs_deficit
snips-a5fa6f41071d6414,negative_confusable,unknown,2.6453,test,split_extension_append_abs_deficit
snips-a633229b841d8d9c,negative_confusable,unknown,2.1333,validation,split_extension_append_abs_deficit
snips-a636901d736435d1,negative_confusable,unknown,5.16,train,split_extension_append_abs_deficit
snips-a64c8c72de74de46,negative_confusable,unknown,4.352,train,split_extension_append_abs_deficit
snips-a658eea46de14bd5,negative_confusable,unknown,2.6881,train,split_extension_append_abs_deficit
snips-a67c45cada6fd53b,negative_confusable,unknown,4.92,train,split_extension_append_abs_deficit
snips-a6dda565a06401e8,negative_confusable,unknown,5.0346,train,split_extension_append_abs_deficit
snips-a6e13e2bd46d89fc,negative_confusable,unknown,5.82,train,split_extension_append_abs_deficit
snips-a6e8200dcc67c3e7,negative_confusable,unknown,2.2187,test,split_extension_append_abs_deficit
snips-a6f8064910341b1f,negative_confusable,unknown,1.6213,test,split_extension_append_abs_deficit
snips-a76a347201c180bf,negative_confusable,unknown,2.46,validation,split_extension_append_abs_deficit
snips-a771846f53016601,negative_confusable,unknown,6.0586,train,split_extension_append_abs_deficit
snips-a77a64d31e6594b3,negative_confusable,unknown,2.048,validation,split_extension_append_abs_deficit
snips-a7b5556396022233,negative_confusable,unknown,2.3893,train,split_extension_append_abs_deficit
snips-a7fbb6d025526779,negative_confusable,unknown,3.1574,train,split_extension_append_abs_deficit
snips-a8098cb44f8f6e9d,negative_confusable,unknown,2.1,test,split_extension_append_abs_deficit
snips-a814b1c80d17c100,negative_confusable,unknown,4.98,train,split_extension_append_abs_deficit
snips-a82dfd5a1bc641e4,negative_confusable,unknown,3.9254,train,split_extension_append_abs_deficit
snips-a8a32580a4d414f1,negative_confusable,unknown,2.7307,test,split_extension_append_abs_deficit
snips-a8a3c7b897d9d7cd,negative_confusable,unknown,9.78,train,split_extension_append_abs_deficit
snips-a8c3140d5de16555,negative_confusable,unknown,7.68,train,split_extension_append_abs_deficit
snips-a8ce4519f074aaf3,negative_confusable,unknown,3.2508,train,split_extension_append_abs_deficit
snips-a8cfb4e90fea23e7,negative_confusable,unknown,1.8773,validation,split_extension_append_abs_deficit
snips-a8d02ceb5c006265,negative_confusable,unknown,2.7,validation,split_extension_append_abs_deficit
snips-a8d51a7f00464ce5,negative_confusable,unknown,3.9254,train,split_extension_append_abs_deficit
snips-a8dc573cfd6823ff,negative_confusable,unknown,1.92,validation,split_extension_append_abs_deficit
snips-a8fddb8fa7961222,negative_confusable,unknown,4.1813,train,split_extension_append_abs_deficit
snips-a934c66ee695f9a2,negative_confusable,unknown,4.608,train,split_extension_append_abs_deficit
snips-a93b49f489c98586,negative_confusable,unknown,6.144,train,split_extension_append_abs_deficit
snips-a96e492085ad4545,negative_confusable,unknown,1.68,validation,split_extension_append_abs_deficit
snips-a97690c525f33ec6,negative_confusable,unknown,4.352,train,split_extension_append_abs_deficit
snips-a9acd25ce1048836,negative_confusable,unknown,4.352,train,split_extension_append_abs_deficit
snips-a9bfaccf81e04331,negative_confusable,unknown,2.46,train,split_extension_append_abs_deficit
snips-aa078f86b9be683e,negative_confusable,unknown,1.5,test,split_extension_append_abs_deficit
snips-aa2bcc8b046c78aa,negative_confusable,unknown,2.4747,test,split_extension_append_abs_deficit
snips-aa7d2f21aafc0608,negative_confusable,unknown,2.1333,test,split_extension_append_abs_deficit
snips-aa8a94e1213293cd,negative_confusable,unknown,6.4133,train,split_extension_append_abs_deficit
snips-ab0db8539e17623d,negative_confusable,unknown,3.9939,train,split_extension_append_abs_deficit
snips-ab20fea56b73c95f,negative_confusable,unknown,7.936,train,split_extension_append_abs_deficit
snips-ab24533976500b7b,negative_confusable,unknown,1.9505,train,split_extension_append_abs_deficit
snips-ab42ca0f573aaf3a,negative_confusable,unknown,10.0395,train,split_extension_append_abs_deficit
snips-aba695e71009c184,negative_confusable,unknown,3.072,train,split_extension_append_abs_deficit
snips-abc69314c3c6ce7b,negative_confusable,unknown,2.52,test,split_extension_append_abs_deficit
snips-ac22f9d33961d8d9,negative_confusable,unknown,2.1333,test,split_extension_append_abs_deficit
snips-ac38674a4a8858f0,negative_confusable,unknown,4.608,train,split_extension_append_abs_deficit
snips-acd125cc610b86d7,negative_confusable,unknown,6.3146,train,split_extension_append_abs_deficit
snips-ad08fe1c780aecfd,negative_confusable,unknown,3.9253,train,split_extension_append_abs_deficit
snips-ad451c51b93d270a,negative_confusable,unknown,6.144,train,split_extension_append_abs_deficit
snips-ad4d2873264e904b,negative_confusable,unknown,4.096,train,split_extension_append_abs_deficit
snips-ad92f6fa6fcf95df,negative_confusable,unknown,2.1,train,split_extension_append_abs_deficit
snips-adfe58e778b05320,negative_confusable,unknown,2.0434,validation,split_extension_append_abs_deficit
snips-ae38f7520858decf,negative_confusable,unknown,1.7067,train,split_extension_append_abs_deficit
snips-ae527c8b47f40f8f,negative_confusable,unknown,4.3654,train,split_extension_append_abs_deficit
snips-ae7b382888871062,negative_confusable,unknown,8.1735,train,split_extension_append_abs_deficit
snips-ae86e8770f8964ad,negative_confusable,unknown,6.8267,train,split_extension_append_abs_deficit
snips-ae8a5bb963643da8,negative_confusable,unknown,7.3387,train,split_extension_append_abs_deficit
snips-ae90d41c74abce4d,negative_confusable,unknown,3.072,train,split_extension_append_abs_deficit
snips-aed7474ab1d6008b,negative_confusable,unknown,3.84,train,split_extension_append_abs_deficit
snips-aff4d72cafb27a7c,negative_confusable,unknown,2.58,train,split_extension_append_abs_deficit
snips-aff8d878c2b5b0d9,negative_confusable,unknown,6.66,train,split_extension_append_abs_deficit
snips-affc60196b407079,negative_confusable,unknown,2.5078,test,split_extension_append_abs_deficit
snips-b0377e07309e412b,negative_confusable,unknown,7.424,train,split_extension_append_abs_deficit
snips-b08f085082b64468,negative_confusable,unknown,1.9627,train,split_extension_append_abs_deficit
snips-b093a4f1278ffcec,negative_confusable,unknown,6.0587,train,split_extension_append_abs_deficit
snips-b0a025f7408bdd13,negative_confusable,unknown,3.2427,validation,split_extension_append_abs_deficit
snips-b0a718a1721ddbcc,negative_confusable,unknown,6.66,train,split_extension_append_abs_deficit
snips-b0ccabbf519dd8a5,negative_confusable,unknown,1.4861,train,split_extension_append_abs_deficit
snips-b0cea0fef40f3ebd,negative_confusable,unknown,8.0214,train,split_extension_append_abs_deficit
snips-b0d19a64302b5cf2,negative_confusable,unknown,8.04,train,split_extension_append_abs_deficit
snips-b0e6ee2332f9c83a,negative_confusable,unknown,7.0826,train,split_extension_append_abs_deficit
snips-b12cd223601be9fb,negative_confusable,unknown,2.048,validation,split_extension_append_abs_deficit
snips-b12d4a13fe117ffb,negative_confusable,unknown,3.328,validation,split_extension_append_abs_deficit
snips-b1616660aafcfb5d,negative_confusable,unknown,1.3003,validation,split_extension_append_abs_deficit
snips-b19833209a498051,negative_confusable,unknown,7.14,train,split_extension_append_abs_deficit
snips-b19d13d5a85877a4,negative_confusable,unknown,9.6427,train,split_extension_append_abs_deficit
snips-b1f7953052be04ad,negative_confusable,unknown,1.9626,train,split_extension_append_abs_deficit
snips-b20aa44929710c92,negative_confusable,unknown,2.56,validation,split_extension_append_abs_deficit
snips-b21f5e1a878a9b53,negative_confusable,unknown,2.322,validation,split_extension_append_abs_deficit
snips-b29b81b72f95dadb,negative_confusable,unknown,1.536,validation,split_extension_append_abs_deficit
snips-b3146d1c35c2c61e,negative_confusable,unknown,6.966,train,split_extension_append_abs_deficit
snips-b31d8d73aa8837e3,negative_confusable,unknown,2.22,test,split_extension_append_abs_deficit
snips-b331691969e958ae,negative_confusable,unknown,1.792,train,split_extension_append_abs_deficit
snips-b34965dd2954dd6f,negative_confusable,unknown,2.322,train,split_extension_append_abs_deficit
snips-b35814dc029bb0a2,negative_confusable,unknown,1.9505,train,split_extension_append_abs_deficit
snips-b38737baf8c980d9,negative_confusable,unknown,7.8939,train,split_extension_append_abs_deficit
snips-b38fc149592899b0,negative_confusable,unknown,1.8576,test,split_extension_append_abs_deficit
snips-b3f3233e02b1eb9f,negative_confusable,unknown,7.424,train,split_extension_append_abs_deficit
snips-b42f5720b1393e79,negative_confusable,unknown,2.4747,train,split_extension_append_abs_deficit
snips-b44427ae49e97198,negative_confusable,unknown,3.6224,train,split_extension_append_abs_deficit
snips-b4e167a85f9a3579,negative_confusable,unknown,2.048,validation,split_extension_append_abs_deficit
snips-b4fed5e229efcb9a,negative_confusable,unknown,6.96,train,split_extension_append_abs_deficit
snips-b537bdd8bdb5756a,negative_confusable,unknown,1.4507,test,split_extension_append_abs_deficit
snips-b55639b47a6013ee,negative_confusable,unknown,1.8773,validation,split_extension_append_abs_deficit
snips-b5cb0b5ad2a991b3,negative_confusable,unknown,1.6719,train,split_extension_append_abs_deficit
snips-b65a6092ef5209cf,negative_confusable,unknown,3.84,train,split_extension_append_abs_deficit
snips-b65c65477048bbeb,negative_confusable,unknown,7.2534,train,split_extension_append_abs_deficit
snips-b6755933c03cf7cd,negative_confusable,unknown,2.9721,train,split_extension_append_abs_deficit
snips-b69d7eee8dd19f4d,negative_confusable,unknown,2.22,validation,split_extension_append_abs_deficit
snips-b6a514961da26e9c,negative_confusable,unknown,1.408,train,split_extension_append_abs_deficit
snips-b714c8223f3a8509,negative_confusable,unknown,5.94,train,split_extension_append_abs_deficit
snips-b72a8c08fc741fc0,negative_confusable,unknown,1.6213,validation,split_extension_append_abs_deficit
snips-b747ed120c988b64,negative_confusable,unknown,5.2907,train,split_extension_append_abs_deficit
snips-b76c706a664fdd71,negative_confusable,unknown,4.74,train,split_extension_append_abs_deficit
snips-b782223539093435,negative_confusable,unknown,2.04,validation,split_extension_append_abs_deficit
snips-b7c7de61136480c5,negative_confusable,unknown,9.1951,train,split_extension_append_abs_deficit
snips-b7eb23c9b67de6e6,negative_confusable,unknown,6.6773,train,split_extension_append_abs_deficit
snips-b87561379adf14f2,negative_confusable,unknown,4.0107,train,split_extension_append_abs_deficit
snips-b8d3cc7fe7dd7405,negative_confusable,unknown,7.924,train,split_extension_append_abs_deficit
snips-b934f0cb3fcd8935,negative_confusable,unknown,6.313,train,split_extension_append_abs_deficit
snips-b97aede445000f80,negative_confusable,unknown,1.3653,test,split_extension_append_abs_deficit
snips-b9b8bc6f6f291cbd,negative_confusable,unknown,2.048,train,split_extension_append_abs_deficit
snips-ba20c2441c7f2666,negative_confusable,unknown,2.4365,test,split_extension_append_abs_deficit
snips-ba565fe95d5644d7,negative_confusable,unknown,4.0107,train,split_extension_append_abs_deficit
snips-ba63527b028c374e,negative_confusable,unknown,7.7653,train,split_extension_append_abs_deficit
snips-ba8581275a62b0c8,negative_confusable,unknown,2.28,test,split_extension_append_abs_deficit
snips-ba88968ed2a8b4ee,negative_confusable,unknown,3.06,test,split_extension_append_abs_deficit
snips-ba8f8305631a0b28,negative_confusable,unknown,2.52,train,split_extension_append_abs_deficit
snips-bacff1ede48747ed,negative_confusable,unknown,1.9505,test,split_extension_append_abs_deficit
snips-bae62b6d58099ff0,negative_confusable,unknown,5.7586,train,split_extension_append_abs_deficit
snips-bafc55b402165d29,negative_confusable,unknown,7.68,train,split_extension_append_abs_deficit
snips-bb20be5f7317e252,negative_confusable,unknown,1.8773,validation,split_extension_append_abs_deficit
snips-bb278d34bc30d530,negative_confusable,unknown,5.1,train,split_extension_append_abs_deficit
snips-bb4cac6302118093,negative_confusable,unknown,3.2427,test,split_extension_append_abs_deficit
snips-bb6217e84b028a3f,negative_confusable,unknown,5.2942,train,split_extension_append_abs_deficit
snips-bbb085a9d4b5c0b8,negative_confusable,unknown,2.6006,test,split_extension_append_abs_deficit
snips-bbb8534006e5b334,negative_confusable,unknown,2.048,test,split_extension_append_abs_deficit
snips-bbbfeeef16d32cd2,negative_confusable,unknown,1.9627,validation,split_extension_append_abs_deficit
snips-bbcd32f36719e279,negative_confusable,unknown,4.92,train,split_extension_append_abs_deficit
snips-bbd8709ab23e1438,negative_confusable,unknown,1.8576,test,split_extension_append_abs_deficit
snips-bc1b35741cd9c036,negative_confusable,unknown,1.4507,validation,split_extension_append_abs_deficit
snips-bc8655d346da8697,negative_confusable,unknown,1.6213,train,split_extension_append_abs_deficit
snips-bca2fefd5724ade3,negative_confusable,unknown,8.704,train,split_extension_append_abs_deficit
snips-bd1d59123a0a921d,negative_confusable,unknown,2.16,train,split_extension_append_abs_deficit
snips-bd3b3c5f86ed4ab9,negative_confusable,unknown,8.2773,train,split_extension_append_abs_deficit
snips-bdb94e029282b3c8,negative_confusable,unknown,6.144,train,split_extension_append_abs_deficit
snips-bdd10509009935dc,negative_confusable,unknown,5.888,train,split_extension_append_abs_deficit
snips-bdfdd4c1348e9b47,negative_confusable,unknown,8.82,train,split_extension_append_abs_deficit
snips-bdffcd519dd1c933,negative_confusable,unknown,3.1574,validation,split_extension_append_abs_deficit
snips-be00ec064049bd1e,negative_confusable,unknown,2.816,train,split_extension_append_abs_deficit
snips-be5b520a2f2aa45d,negative_confusable,unknown,8.58,train,split_extension_append_abs_deficit
snips-be92c0752b5f9934,negative_confusable,unknown,2.2291,test,split_extension_append_abs_deficit
snips-befe76dadd256d28,negative_confusable,unknown,2.1333,validation,split_extension_append_abs_deficit
snips-bf1f72861c75ed51,negative_confusable,unknown,9.8134,train,split_extension_append_abs_deficit
snips-bf2f4bd1ee95d158,negative_confusable,unknown,2.28,test,split_extension_append_abs_deficit
snips-bf36c93f0497b450,negative_confusable,unknown,2.4747,validation,split_extension_append_abs_deficit
snips-bf8597861a5519e6,negative_confusable,unknown,4.98,train,split_extension_append_abs_deficit
snips-bf94469ff4f04e04,negative_confusable,unknown,2.1,validation,split_extension_append_abs_deficit
snips-bfb79b206e7b38b9,negative_confusable,unknown,3.0,validation,split_extension_append_abs_deficit
snips-bfdbf2229310967a,negative_confusable,unknown,3.328,validation,split_extension_append_abs_deficit
snips-bfe3937e4e882f1e,negative_confusable,unknown,4.2725,train,split_extension_append_abs_deficit
snips-bff7d174cc83f6e3,negative_confusable,unknown,7.0827,train,split_extension_append_abs_deficit
snips-c002bf628529824f,negative_confusable,unknown,7.68,train,split_extension_append_abs_deficit
snips-c00ff42f6b3e59b9,negative_confusable,unknown,4.4582,train,split_extension_append_abs_deficit
snips-c01bfe86d45c63a7,negative_confusable,unknown,2.7,test,split_extension_append_abs_deficit
snips-c0267bbcbb5e3012,negative_confusable,unknown,7.168,train,split_extension_append_abs_deficit
snips-c03067af7c312bd5,negative_confusable,unknown,2.6027,test,split_extension_append_abs_deficit
snips-c033dbbebd527346,negative_confusable,unknown,2.82,validation,split_extension_append_abs_deficit
snips-c0f1650fdabc480b,negative_confusable,unknown,6.6213,train,split_extension_append_abs_deficit
snips-c0fbbb59e3c7bcf2,negative_confusable,unknown,6.9074,train,split_extension_append_abs_deficit
snips-c13930f7042e9135,negative_confusable,unknown,2.04,train,split_extension_append_abs_deficit
snips-c1e91b03722fd401,negative_confusable,unknown,2.322,test,split_extension_append_abs_deficit
snips-c24edbbea82b0ce4,negative_confusable,unknown,4.864,train,split_extension_append_abs_deficit
snips-c2562ca8c8dacfa7,negative_confusable,unknown,2.1333,test,split_extension_append_abs_deficit
snips-c2b7099a63c8abe1,negative_confusable,unknown,1.4861,validation,split_extension_append_abs_deficit
snips-c2dd7af95af20588,negative_confusable,unknown,2.6453,validation,split_extension_append_abs_deficit
snips-c2e8b90a3c4f2a83,negative_confusable,unknown,7.5233,train,split_extension_append_abs_deficit
snips-c312c4c3a16b41db,negative_confusable,unknown,1.8,validation,split_extension_append_abs_deficit
snips-c36d75c3fad84209,negative_confusable,unknown,5.7173,train,split_extension_append_abs_deficit
snips-c3b6b1e81a80ec2d,negative_confusable,unknown,1.7648,train,split_extension_append_abs_deficit
snips-c3c5ef5f3b65d7e7,negative_confusable,unknown,7.08,train,split_extension_append_abs_deficit
snips-c3dbfc87bdf41f49,negative_confusable,unknown,2.5078,train,split_extension_append_abs_deficit
snips-c40c7eaf034d2569,negative_confusable,unknown,8.2663,train,split_extension_append_abs_deficit
snips-c413c1a461716a7c,negative_confusable,unknown,4.7786,train,split_extension_append_abs_deficit
snips-c461a5838312826d,negative_confusable,unknown,2.0434,train,split_extension_append_abs_deficit
snips-c467e1701104b458,negative_confusable,unknown,5.632,train,split_extension_append_abs_deficit
snips-c48b4bde128e2763,negative_confusable,unknown,3.06,train,split_extension_append_abs_deficit
snips-c4de1e0a8f2eefde,negative_confusable,unknown,5.9733,train,split_extension_append_abs_deficit
snips-c4e29ea488df63a5,negative_confusable,unknown,1.8576,train,split_extension_append_abs_deficit
snips-c55502ce017f88cc,negative_confusable,unknown,7.516,train,split_extension_append_abs_deficit
snips-c56da4ac6bec44ae,negative_confusable,unknown,1.6213,train,split_extension_append_abs_deficit
snips-c57800625df637e8,negative_confusable,unknown,2.1333,test,split_extension_append_abs_deficit
snips-c5b8e85c985b35b5,negative_confusable,unknown,4.0106,train,split_extension_append_abs_deficit
snips-c5bd778edf3ae552,negative_confusable,unknown,1.792,test,split_extension_append_abs_deficit
snips-c6283d59a58111d8,negative_confusable,unknown,7.24,train,split_extension_append_abs_deficit
snips-c6454220eaca475c,negative_confusable,unknown,10.08,train,split_extension_append_abs_deficit
snips-c65b521f081cda81,negative_confusable,unknown,1.792,validation,split_extension_append_abs_deficit
snips-c6713f49c3e72add,negative_confusable,unknown,2.58,train,split_extension_append_abs_deficit
snips-c69606b8c13665d4,negative_confusable,unknown,8.0317,train,split_extension_append_abs_deficit
snips-c6b61b44a9880c2d,negative_confusable,unknown,2.1,train,split_extension_append_abs_deficit
snips-c711c4f46d954add,negative_confusable,unknown,1.5789,train,split_extension_append_abs_deficit
snips-c7500901eb4bd9aa,negative_confusable,unknown,10.2399,train,split_extension_append_abs_deficit
snips-c77b3db3da7ce9a4,negative_confusable,unknown,3.6694,train,split_extension_append_abs_deficit
snips-c77c9870d5efb506,negative_confusable,unknown,2.304,test,split_extension_append_abs_deficit
snips-c7fe43ad4436df42,negative_confusable,unknown,2.1333,validation,split_extension_append_abs_deficit
snips-c810ae5ee1f7366c,negative_confusable,unknown,4.644,train,split_extension_append_abs_deficit
snips-c87f3d4bf7685ab1,negative_confusable,unknown,2.322,test,split_extension_append_abs_deficit
snips-c89e91b09016fbee,negative_confusable,unknown,6.076,train,split_extension_append_abs_deficit
snips-c92139fac3fa3c89,negative_confusable,unknown,2.6935,validation,split_extension_append_abs_deficit
snips-c9323da8c2114b24,negative_confusable,unknown,4.4374,train,split_extension_append_abs_deficit
snips-c9706aa1b02eb3c6,negative_confusable,unknown,6.5707,train,split_extension_append_abs_deficit
snips-c9929c4fb1cfd6c6,negative_confusable,unknown,9.5254,train,split_extension_append_abs_deficit
snips-ca4c7bd7c4b96451,negative_confusable,unknown,1.7067,validation,split_extension_append_abs_deficit
snips-ca63b67da05a217e,negative_confusable,unknown,5.12,train,split_extension_append_abs_deficit
snips-caa8fa0df391234d,negative_confusable,unknown,2.16,test,split_extension_append_abs_deficit
snips-cadc3042ff1c0fed,negative_confusable,unknown,2.7306,validation,split_extension_append_abs_deficit
snips-cae57a87991316e4,negative_confusable,unknown,2.76,validation,split_extension_append_abs_deficit
snips-cae5b38b01953250,negative_confusable,unknown,9.216,train,split_extension_append_abs_deficit
snips-cb02669e3cff870c,negative_confusable,unknown,2.9013,validation,split_extension_append_abs_deficit
snips-cb7cc7d09777a542,negative_confusable,unknown,4.864,train,split_extension_append_abs_deficit
snips-cb86a2f4a2d6bce2,negative_confusable,unknown,6.8534,train,split_extension_append_abs_deficit
snips-cb87d81ff4a8c42b,negative_confusable,unknown,5.4933,train,split_extension_append_abs_deficit
snips-cb9deefd3fd30cec,negative_confusable,unknown,1.8773,train,split_extension_append_abs_deficit
snips-cbb6ccb3c7264445,negative_confusable,unknown,2.1333,train,split_extension_append_abs_deficit
snips-cbc5f22b1b5af29a,negative_confusable,unknown,2.6453,test,split_extension_append_abs_deficit
snips-cbf0ed5ab198d98b,negative_confusable,unknown,2.2187,train,split_extension_append_abs_deficit
snips-cc07c2468fae00a6,negative_confusable,unknown,2.304,train,split_extension_append_abs_deficit
snips-cc9e13a28da683b4,negative_confusable,unknown,4.096,train,split_extension_append_abs_deficit
snips-cc9f3f7d6530aa11,negative_confusable,unknown,1.9505,test,split_extension_append_abs_deficit
snips-cca532525ba96492,negative_confusable,unknown,2.322,test,split_extension_append_abs_deficit
snips-cced0959d91c3b4e,negative_confusable,unknown,4.1796,train,split_extension_append_abs_deficit
snips-ccef291bb7b6c845,negative_confusable,unknown,3.7152,train,split_extension_append_abs_deficit
snips-cd10e3f713e26e47,negative_confusable,unknown,4.6933,train,split_extension_append_abs_deficit
snips-cd36caa1ad0d32ee,negative_confusable,unknown,1.3003,test,split_extension_append_abs_deficit
snips-cd3e7bb41fa0d4ef,negative_confusable,unknown,3.7546,train,split_extension_append_abs_deficit
snips-cd58082c718de96a,negative_confusable,unknown,2.4747,train,split_extension_append_abs_deficit
snips-ce1fb938796bb62a,negative_confusable,unknown,2.9365,train,split_extension_append_abs_deficit
snips-ce30575acb346dc7,negative_confusable,unknown,4.096,train,split_extension_append_abs_deficit
snips-ce3aa0d092edfdc9,negative_confusable,unknown,1.7067,validation,split_extension_append_abs_deficit
snips-ce6b289dd37366ec,negative_confusable,unknown,5.0347,train,split_extension_append_abs_deficit
snips-ce801b2c3fe91e5e,negative_confusable,unknown,1.2074,train,split_extension_append_abs_deficit
snips-cec936a1547f1743,negative_confusable,unknown,6.144,train,split_extension_append_abs_deficit
snips-cecd30bb142a90ae,negative_confusable,unknown,6.06,train,split_extension_append_abs_deficit
snips-cf679babf523c68e,negative_confusable,unknown,5.6671,train,split_extension_append_abs_deficit
snips-d020b8c47c0e6e32,negative_confusable,unknown,4.7787,train,split_extension_append_abs_deficit
snips-d05e38a7032645e1,negative_confusable,unknown,7.8948,train,split_extension_append_abs_deficit
snips-d0beaa79e34b1349,negative_confusable,unknown,1.8773,test,split_extension_append_abs_deficit
snips-d0c5eafa798b997e,negative_confusable,unknown,1.792,validation,split_extension_append_abs_deficit
snips-d0fa2f2d2e053017,negative_confusable,unknown,2.304,test,split_extension_append_abs_deficit
snips-d0fb42ecddba40f1,negative_confusable,unknown,1.7648,test,split_extension_append_abs_deficit
snips-d10fe879aeae06a9,negative_confusable,unknown,1.536,test,split_extension_append_abs_deficit
snips-d18581f42180b46b,negative_confusable,unknown,4.6933,train,split_extension_append_abs_deficit
snips-d1cde118ac6be183,negative_confusable,unknown,3.06,test,split_extension_append_abs_deficit
snips-d1e1fafa9d969eb3,negative_confusable,unknown,8.1734,train,split_extension_append_abs_deficit
snips-d1f2d373ac494999,negative_confusable,unknown,3.583,train,split_extension_append_abs_deficit
snips-d220d479f73b0fab,negative_confusable,unknown,1.536,validation,split_extension_append_abs_deficit
snips-d22598e3300fccac,negative_confusable,unknown,1.9627,validation,split_extension_append_abs_deficit
snips-d249554854089a0e,negative_confusable,unknown,2.9867,validation,split_extension_append_abs_deficit
snips-d28c758f39139944,negative_confusable,unknown,2.048,validation,split_extension_append_abs_deficit
snips-d2ad716d91a7ee8f,negative_confusable,unknown,4.7787,train,split_extension_append_abs_deficit
snips-d2cbe6bcb69294d1,negative_confusable,unknown,10.62,train,split_extension_append_abs_deficit
snips-d2e8eec469ab3afe,negative_confusable,unknown,4.352,train,split_extension_append_abs_deficit
snips-d328560aefd81e12,negative_confusable,unknown,1.6213,train,split_extension_append_abs_deficit
snips-d349e85f07dba6e3,negative_confusable,unknown,4.1796,train,split_extension_append_abs_deficit
snips-d37ef9e26372c72d,negative_confusable,unknown,1.8773,test,split_extension_append_abs_deficit
snips-d392ab883c79a01a,negative_confusable,unknown,8.8373,train,split_extension_append_abs_deficit
snips-d3fcb89e107ad065,negative_confusable,unknown,6.3147,train,split_extension_append_abs_deficit
snips-d422db1283b3e92a,negative_confusable,unknown,6.7413,train,split_extension_append_abs_deficit
snips-d43ac4f58437762b,negative_confusable,unknown,3.584,train,split_extension_append_abs_deficit
snips-d453e3ae0d64ab92,negative_confusable,unknown,2.4,train,split_extension_append_abs_deficit
snips-d48ce5479c46007f,negative_confusable,unknown,6.2587,train,split_extension_append_abs_deficit
snips-d4ade5f68b0bfda0,negative_confusable,unknown,2.82,test,split_extension_append_abs_deficit
snips-d4d852d58bcc216e,negative_confusable,unknown,4.644,train,split_extension_append_abs_deficit
snips-d4f118cdd3249537,negative_confusable,unknown,4.4582,train,split_extension_append_abs_deficit
snips-d51aaab7ba11fee0,negative_confusable,unknown,5.58,train,split_extension_append_abs_deficit
snips-d523598ea0ec98cf,negative_confusable,unknown,3.18,train,split_extension_append_abs_deficit
snips-d55706425cfa4d63,negative_confusable,unknown,2.1333,test,split_extension_append_abs_deficit
snips-d566f7ef51924669,negative_confusable,unknown,2.2291,validation,split_extension_append_abs_deficit
snips-d5996b0d110f3be5,negative_confusable,unknown,2.2291,train,split_extension_append_abs_deficit
snips-d5ee673a39e51630,negative_confusable,unknown,3.6693,train,split_extension_append_abs_deficit
snips-d632a1ec6e18e6d0,negative_confusable,unknown,5.0346,train,split_extension_append_abs_deficit
snips-d638e2b8f46fc7e6,negative_confusable,unknown,1.9505,test,split_extension_append_abs_deficit
snips-d6426c5939012971,negative_confusable,unknown,3.6224,train,split_extension_append_abs_deficit
snips-d64bef966db262e5,negative_confusable,unknown,1.5789,train,split_extension_append_abs_deficit
snips-d682df0d00131b7c,negative_confusable,unknown,3.06,validation,split_extension_append_abs_deficit
snips-d68ed0f6f5e703b2,negative_confusable,unknown,5.1084,train,split_extension_append_abs_deficit
snips-d698e1a80fbc0adb,negative_confusable,unknown,3.9253,train,split_extension_append_abs_deficit
snips-d6d6d6bb6820aa04,negative_confusable,unknown,3.072,validation,split_extension_append_abs_deficit
snips-d76eaa2fd6558c72,negative_confusable,unknown,3.6693,train,split_extension_append_abs_deficit
snips-d7f72faf74249817,negative_confusable,unknown,1.9627,validation,split_extension_append_abs_deficit
snips-d8007efe0f5e238c,negative_confusable,unknown,1.4861,test,split_extension_append_abs_deficit
snips-d8139560c191e1ab,negative_confusable,unknown,2.1333,test,split_extension_append_abs_deficit
snips-d851bc8b52c7ed85,negative_confusable,unknown,1.3653,validation,split_extension_append_abs_deficit
snips-d854ec9ad51872eb,negative_confusable,unknown,5.1,train,split_extension_append_abs_deficit
snips-d86fb6135505559d,negative_confusable,unknown,3.1573,validation,split_extension_append_abs_deficit
snips-d8851f40c2459534,negative_confusable,unknown,6.9974,train,split_extension_append_abs_deficit
snips-d89097c2b871ec47,negative_confusable,unknown,2.9866,train,split_extension_append_abs_deficit
snips-d8c9cd477efdd9f2,negative_confusable,unknown,3.7547,train,split_extension_append_abs_deficit
snips-d910371aa9c2fa80,negative_confusable,unknown,2.2187,train,split_extension_append_abs_deficit
snips-d9113897cbbbe9d0,negative_confusable,unknown,8.7,train,split_extension_append_abs_deficit
snips-d976141618e77836,negative_confusable,unknown,1.28,test,split_extension_append_abs_deficit
snips-d976c4cbe90d423f,negative_confusable,unknown,5.0987,train,split_extension_append_abs_deficit
snips-d9b5108b211b7dbe,negative_confusable,unknown,2.5078,test,split_extension_append_abs_deficit
snips-d9b625116e5ff42a,negative_confusable,unknown,9.216,train,split_extension_append_abs_deficit
snips-d9bb7c15fe821710,negative_confusable,unknown,4.352,train,split_extension_append_abs_deficit
snips-d9bcac9b69266715,negative_confusable,unknown,7.02,train,split_extension_append_abs_deficit
snips-d9e6c600764739e2,negative_confusable,unknown,1.2074,test,split_extension_append_abs_deficit
snips-da458ffc472053e9,negative_confusable,unknown,2.56,test,split_extension_append_abs_deficit
snips-da6ae5a3d82de8a9,negative_confusable,unknown,4.096,train,split_extension_append_abs_deficit
snips-da9f498e070a5807,negative_confusable,unknown,7.14,train,split_extension_append_abs_deficit
snips-dadade36190428d1,negative_confusable,unknown,4.1813,train,split_extension_append_abs_deficit
snips-db1517fb714400a0,negative_confusable,unknown,2.56,validation,split_extension_append_abs_deficit
snips-db647a04c676cfb2,negative_confusable,unknown,1.8576,test,split_extension_append_abs_deficit
snips-db70eb4a33c2ba6c,negative_confusable,unknown,5.2733,train,split_extension_append_abs_deficit
snips-db83ec412f7926c3,negative_confusable,unknown,2.6453,validation,split_extension_append_abs_deficit
snips-dbb1513fbfacdff3,negative_confusable,unknown,5.46,train,split_extension_append_abs_deficit
snips-dbd401a16b775f48,negative_confusable,unknown,4.38,train,split_extension_append_abs_deficit
snips-dc7a339db6eb9785,negative_confusable,unknown,7.2446,train,split_extension_append_abs_deficit
snips-dc7c5135ce05eb7c,negative_confusable,unknown,2.1362,validation,split_extension_append_abs_deficit
snips-dc9ae5d9ba7299f2,negative_confusable,unknown,1.536,train,split_extension_append_abs_deficit
snips-dcad46537c924d71,negative_confusable,unknown,2.16,test,split_extension_append_abs_deficit
snips-dccad062edf9d8d1,negative_confusable,unknown,2.28,train,split_extension_append_abs_deficit
snips-dcce0bed5e6f3ff3,negative_confusable,unknown,1.7067,test,split_extension_append_abs_deficit
snips-dd0743695b61d9d4,negative_confusable,unknown,4.6933,train,split_extension_append_abs_deficit
snips-dd7b462f1aaf31c3,negative_confusable,unknown,1.536,test,split_extension_append_abs_deficit
snips-dda0f4a53d483705,negative_confusable,unknown,7.8948,train,split_extension_append_abs_deficit
snips-dde124004cb56aca,negative_confusable,unknown,4.68,train,split_extension_append_abs_deficit
snips-de96c7d9dacaf576,negative_confusable,unknown,3.072,test,split_extension_append_abs_deficit
snips-defa47b469fcf190,negative_confusable,unknown,1.3932,test,split_extension_append_abs_deficit
snips-defca92cab43f746,negative_confusable,unknown,3.0651,validation,split_extension_append_abs_deficit
snips-defcf6e774a4c851,negative_confusable,unknown,4.4582,train,split_extension_append_abs_deficit
snips-df1df266b0e5c807,negative_confusable,unknown,1.8773,train,split_extension_append_abs_deficit
snips-df43353ada049108,negative_confusable,unknown,4.4374,train,split_extension_append_abs_deficit
snips-df649129bb94cd8a,negative_confusable,unknown,2.0434,test,split_extension_append_abs_deficit
snips-dfb99baf26ed686f,negative_confusable,unknown,5.0346,train,split_extension_append_abs_deficit
snips-dfd7bafec58951dc,negative_confusable,unknown,2.16,validation,split_extension_append_abs_deficit
snips-e017212ffbaf3df9,negative_confusable,unknown,2.0434,test,split_extension_append_abs_deficit
snips-e0261bb4850d626d,negative_confusable,unknown,2.56,test,split_extension_append_abs_deficit
snips-e050c0a6ae1c9a9f,negative_confusable,unknown,2.2187,validation,split_extension_append_abs_deficit
snips-e05e3dfe92a6955a,negative_confusable,unknown,1.9627,validation,split_extension_append_abs_deficit
snips-e0680af7b16dae83,negative_confusable,unknown,3.1573,train,split_extension_append_abs_deficit
snips-e082b89ae00b8c9e,negative_confusable,unknown,5.7732,train,split_extension_append_abs_deficit
snips-e0a056617cf88d9b,negative_confusable,unknown,2.58,validation,split_extension_append_abs_deficit
snips-e0cfbd484530bd1f,negative_confusable,unknown,1.7067,train,split_extension_append_abs_deficit
snips-e100a85b362f6e7b,negative_confusable,unknown,7.7654,train,split_extension_append_abs_deficit
snips-e173b556e7958d5c,negative_confusable,unknown,5.4613,train,split_extension_append_abs_deficit
snips-e1a0a43eed7f05d2,negative_confusable,unknown,4.864,train,split_extension_append_abs_deficit
snips-e1d39ba653daca90,negative_confusable,unknown,4.5226,train,split_extension_append_abs_deficit
snips-e1dc67c593e3823f,negative_confusable,unknown,1.6719,train,split_extension_append_abs_deficit
snips-e1eae51935618581,negative_confusable,unknown,6.9974,train,split_extension_append_abs_deficit
snips-e1f51a120dbf467e,negative_confusable,unknown,5.7,train,split_extension_append_abs_deficit
snips-e20e13aa91281e2a,negative_confusable,unknown,2.22,train,split_extension_append_abs_deficit
snips-e22ecdbe307ad563,negative_confusable,unknown,5.0155,train,split_extension_append_abs_deficit
snips-e23fabce438129ea,negative_confusable,unknown,9.5666,train,split_extension_append_abs_deficit
snips-e24bf3f5a65c93de,negative_confusable,unknown,2.2291,train,split_extension_append_abs_deficit
snips-e2a873991b82de5c,negative_confusable,unknown,4.4374,train,split_extension_append_abs_deficit
snips-e2db0fcb9f0b193e,negative_confusable,unknown,6.9,train,split_extension_append_abs_deficit
snips-e32fe4913702173f,negative_confusable,unknown,2.816,train,split_extension_append_abs_deficit
snips-e34f5a4dc9829baa,negative_confusable,unknown,6.3867,train,split_extension_append_abs_deficit
snips-e3b0b7477e94bd3a,negative_confusable,unknown,1.8773,train,split_extension_append_abs_deficit
snips-e3d718cfc96d5d13,negative_confusable,unknown,3.4986,test,split_extension_append_abs_deficit
snips-e4115596aeaf1738,negative_confusable,unknown,4.0106,train,split_extension_append_abs_deficit
snips-e415eb75401a6b55,negative_confusable,unknown,2.04,test,split_extension_append_abs_deficit
snips-e425a61bf1a2fee1,negative_confusable,unknown,2.048,validation,split_extension_append_abs_deficit
snips-e43ce6eb8a4a10f6,negative_confusable,unknown,2.28,validation,split_extension_append_abs_deficit
snips-e454532c40ce06dd,negative_confusable,unknown,5.0155,train,split_extension_append_abs_deficit
snips-e47c64f22f9b7314,negative_confusable,unknown,4.613,train,split_extension_append_abs_deficit
snips-e4d23bee35139772,negative_confusable,unknown,1.536,train,split_extension_append_abs_deficit
snips-e4d39f87157737ae,negative_confusable,unknown,7.936,train,split_extension_append_abs_deficit
snips-e5193b800bb32254,negative_confusable,unknown,1.7067,test,split_extension_append_abs_deficit
snips-e57e8ed53f0c0455,negative_confusable,unknown,5.64,train,split_extension_append_abs_deficit
snips-e5c53cc7a8e989a9,negative_confusable,unknown,8.2774,train,split_extension_append_abs_deficit
snips-e608dbc47521c167,negative_confusable,unknown,7.68,train,split_extension_append_abs_deficit
snips-e63a121604cde285,negative_confusable,unknown,3.1579,validation,split_extension_append_abs_deficit
snips-e6587eb30fd91438,negative_confusable,unknown,4.6933,train,split_extension_append_abs_deficit
snips-e6b3976b573c339d,negative_confusable,unknown,3.9253,train,split_extension_append_abs_deficit
snips-e6d72beca949120d,negative_confusable,unknown,4.8297,train,split_extension_append_abs_deficit
snips-e70278e7986da2a9,negative_confusable,unknown,1.7067,train,split_extension_append_abs_deficit
snips-e7574ed6dd1d9599,negative_confusable,unknown,6.5707,train,split_extension_append_abs_deficit
snips-e75932ae94aad0d0,negative_confusable,unknown,8.144,train,split_extension_append_abs_deficit
snips-e7838a9541170eef,negative_confusable,unknown,5.94,train,split_extension_append_abs_deficit
snips-e82297b04f2ceb71,negative_confusable,unknown,1.5789,validation,split_extension_append_abs_deficit
snips-e837bb4bc4f38a72,negative_confusable,unknown,9.24,train,split_extension_append_abs_deficit
snips-e840e3f1759ef86f,negative_confusable,unknown,1.8773,train,split_extension_append_abs_deficit
snips-e8626ed4659f1530,negative_confusable,unknown,3.901,train,split_extension_append_abs_deficit
snips-e88b5b38557df0f5,negative_confusable,unknown,2.3893,train,split_extension_append_abs_deficit
snips-e90f2f41f36e3dfb,negative_confusable,unknown,6.6427,train,split_extension_append_abs_deficit
snips-e92bdd0ffb7886a5,negative_confusable,unknown,2.2291,validation,split_extension_append_abs_deficit
snips-e942331e08a75da7,negative_confusable,unknown,1.92,validation,split_extension_append_abs_deficit
snips-e94aedf4d9a69242,negative_confusable,unknown,1.9505,validation,split_extension_append_abs_deficit
snips-e95f58fe0ce5cf11,negative_confusable,unknown,5.6657,train,split_extension_append_abs_deficit
snips-e9d96a3d5fadbd08,negative_confusable,unknown,6.944,train,split_extension_append_abs_deficit
snips-e9e024269d3d3610,negative_confusable,unknown,2.2187,test,split_extension_append_abs_deficit
snips-ea655215583ab259,negative_confusable,unknown,6.1301,train,split_extension_append_abs_deficit
snips-ead36d88f655c1c2,negative_confusable,unknown,4.644,train,split_extension_append_abs_deficit
snips-eb262b1d176741b9,negative_confusable,unknown,2.8371,train,split_extension_append_abs_deficit
snips-eb7205434de84124,negative_confusable,unknown,4.608,train,split_extension_append_abs_deficit
snips-eb7eed6de66d02c1,negative_confusable,unknown,2.1,validation,split_extension_append_abs_deficit
snips-ebb5dcff426ce0d5,negative_confusable,unknown,2.52,train,split_extension_append_abs_deficit
snips-ebceedeb7fd03eb5,negative_confusable,unknown,2.9867,test,split_extension_append_abs_deficit
snips-ec265d538fcdaa88,negative_confusable,unknown,7.2067,train,split_extension_append_abs_deficit
snips-ec3fac6be1115a72,negative_confusable,unknown,2.1,validation,split_extension_append_abs_deficit
snips-ec49b6beb70c0e0a,negative_confusable,unknown,2.82,validation,split_extension_append_abs_deficit
snips-ec78efb168c5d448,negative_confusable,unknown,3.1579,test,split_extension_append_abs_deficit
snips-eca137bd8b38cc60,negative_confusable,unknown,1.9505,validation,split_extension_append_abs_deficit
snips-ecd2b518a3754665,negative_confusable,unknown,8.3627,train,split_extension_append_abs_deficit
snips-ecf3be35524cba86,negative_confusable,unknown,2.22,train,split_extension_append_abs_deficit
snips-ecfd0091834e166d,negative_confusable,unknown,2.2291,validation,split_extension_append_abs_deficit
snips-ed89dbbb2ddf2a49,negative_confusable,unknown,2.1362,validation,split_extension_append_abs_deficit
snips-ed990fe3ba98625f,negative_confusable,unknown,2.3893,test,split_extension_append_abs_deficit
snips-edb52b9e4a355591,negative_confusable,unknown,4.44,train,split_extension_append_abs_deficit
snips-ede4b205fe3826a2,negative_confusable,unknown,4.2725,train,split_extension_append_abs_deficit
snips-ee8e69200929b945,negative_confusable,unknown,11.0933,train,split_extension_append_abs_deficit
snips-ee8f5cb10e605a62,negative_confusable,unknown,3.6693,train,split_extension_append_abs_deficit
snips-ee961f08a52cd632,negative_confusable,unknown,2.76,train,split_extension_append_abs_deficit
snips-eed01828e9e1f7a7,negative_confusable,unknown,2.2187,validation,split_extension_append_abs_deficit
snips-eee2c9a3f5a5a729,negative_confusable,unknown,2.322,validation,split_extension_append_abs_deficit
snips-eee32420ab09ce94,negative_confusable,unknown,4.62,train,split_extension_append_abs_deficit
snips-eef97e1127ce6684,negative_confusable,unknown,2.9867,train,split_extension_append_abs_deficit
snips-ef0a15595fc96fd8,negative_confusable,unknown,7.3375,train,split_extension_append_abs_deficit
snips-ef341978c8ceb79c,negative_confusable,unknown,3.4986,validation,split_extension_append_abs_deficit
snips-ef4be3f54d9b4a8a,negative_confusable,unknown,5.5093,train,split_extension_append_abs_deficit
snips-ef5f21211675a0bb,negative_confusable,unknown,2.5078,validation,split_extension_append_abs_deficit
snips-ef72bd921ee45a38,negative_confusable,unknown,6.3147,train,split_extension_append_abs_deficit
snips-ef835d0d29eb4801,negative_confusable,unknown,7.9642,train,split_extension_append_abs_deficit
snips-efad1f282a28771b,negative_confusable,unknown,3.3438,validation,split_extension_append_abs_deficit
snips-efd20944b76279e2,negative_confusable,unknown,1.8576,train,split_extension_append_abs_deficit
snips-effef78d186534fd,negative_confusable,unknown,2.304,train,split_extension_append_abs_deficit
snips-f02dbc8fff92ef24,negative_confusable,unknown,2.6935,test,split_extension_append_abs_deficit
snips-f032054137fb513d,negative_confusable,unknown,3.8081,train,split_extension_append_abs_deficit
snips-f03413011ac8623c,negative_confusable,unknown,3.84,train,split_extension_append_abs_deficit
snips-f06be8c3d1498e98,negative_confusable,unknown,1.9627,test,split_extension_append_abs_deficit
snips-f0ccac4155b4c18a,negative_confusable,unknown,2.2291,train,split_extension_append_abs_deficit
snips-f0ccea76f4209ab6,negative_confusable,unknown,4.62,train,split_extension_append_abs_deficit
snips-f0e71706ff59b973,negative_confusable,unknown,4.9493,train,split_extension_append_abs_deficit
snips-f1417968d9721b8d,negative_confusable,unknown,1.8576,test,split_extension_append_abs_deficit
snips-f16b83edb533a8b3,negative_confusable,unknown,3.4986,test,split_extension_append_abs_deficit
snips-f1b97c89183122b7,negative_confusable,unknown,1.8576,train,split_extension_append_abs_deficit
snips-f2058d7b12e7cac1,negative_confusable,unknown,1.8773,train,split_extension_append_abs_deficit
snips-f20b09025fa3d63e,negative_confusable,unknown,2.322,train,split_extension_append_abs_deficit
snips-f223b3725ff76365,negative_confusable,unknown,1.6719,test,split_extension_append_abs_deficit
snips-f2838ef57a0385c8,negative_confusable,unknown,2.4747,test,split_extension_append_abs_deficit
snips-f28f66863f5ef050,negative_confusable,unknown,3.4987,train,split_extension_append_abs_deficit
snips-f2ab09a9ce7778d1,negative_confusable,unknown,6.36,train,split_extension_append_abs_deficit
snips-f2b58837b8c0e14f,negative_confusable,unknown,2.4747,test,split_extension_append_abs_deficit
snips-f2e8876f171f6b09,negative_confusable,unknown,4.3654,train,split_extension_append_abs_deficit
snips-f3716dc36c2cf2a0,negative_confusable,unknown,1.4507,train,split_extension_append_abs_deficit
snips-f3a0e0be4d8b11be,negative_confusable,unknown,1.792,validation,split_extension_append_abs_deficit
snips-f3a4f812ff1a3b08,negative_confusable,unknown,4.7787,train,split_extension_append_abs_deficit
snips-f3f72ed88a0b8ab5,negative_confusable,unknown,2.048,train,split_extension_append_abs_deficit
snips-f3f9f1f37b2dc425,negative_confusable,unknown,3.1574,test,split_extension_append_abs_deficit
snips-f3fc5c2b88b709ba,negative_confusable,unknown,3.328,train,split_extension_append_abs_deficit
snips-f41e2dd96936a3da,negative_confusable,unknown,2.7,test,split_extension_append_abs_deficit
snips-f442629146d9cad4,negative_confusable,unknown,3.901,train,split_extension_append_abs_deficit
snips-f4528e5009f5739e,negative_confusable,unknown,2.2187,test,split_extension_append_abs_deficit
snips-f4a1b5bfd7ffbf1b,negative_confusable,unknown,4.7786,train,split_extension_append_abs_deficit
snips-f4c9be1679bdca8b,negative_confusable,unknown,4.4374,train,split_extension_append_abs_deficit
snips-f4f85fcfa0a07dfb,negative_confusable,unknown,1.3003,train,split_extension_append_abs_deficit
snips-f58f91978a17a49b,negative_confusable,unknown,1.9627,train,split_extension_append_abs_deficit
snips-f6a6b3cbdb39f6fc,negative_confusable,unknown,7.1517,train,split_extension_append_abs_deficit
snips-f6ddfd57348d9bcf,negative_confusable,unknown,2.3765,validation,split_extension_append_abs_deficit
snips-f6e03c2044ae0ca4,negative_confusable,unknown,8.5334,train,split_extension_append_abs_deficit
snips-f6e294fe89e6701c,negative_confusable,unknown,2.816,validation,split_extension_append_abs_deficit
snips-f709ae6c07033e4c,negative_confusable,unknown,9.8453,train,split_extension_append_abs_deficit
snips-f74fbc577664e7b2,negative_confusable,unknown,1.3932,validation,split_extension_append_abs_deficit
snips-f75b8c803850de89,negative_confusable,unknown,4.1796,train,split_extension_append_abs_deficit
snips-f75e4db0c31b7cef,negative_confusable,unknown,4.5773,train,split_extension_append_abs_deficit
snips-f80f49c6da079b3b,negative_confusable,unknown,4.5,train,split_extension_append_abs_deficit
snips-f818ac3428fe4565,negative_confusable,unknown,4.0868,train,split_extension_append_abs_deficit
snips-f84c87a4a71ac9df,negative_confusable,unknown,3.6223,train,split_extension_append_abs_deficit
snips-f85457ea37184d32,negative_confusable,unknown,2.1333,train,split_extension_append_abs_deficit
snips-f87ef4ea32efddd2,negative_confusable,unknown,2.04,train,split_extension_append_abs_deficit
snips-f88231ef9270bf53,negative_confusable,unknown,3.7546,train,split_extension_append_abs_deficit
snips-f8dcc17ff565c869,negative_confusable,unknown,6.96,train,split_extension_append_abs_deficit
snips-f965b6d79b38b4e4,negative_confusable,unknown,3.901,train,split_extension_append_abs_deficit
snips-f967d2d221555e83,negative_confusable,unknown,6.4853,train,split_extension_append_abs_deficit
snips-f96a3891ca8fe445,negative_confusable,unknown,6.144,train,split_extension_append_abs_deficit
snips-f974ef669bd11a6a,negative_confusable,unknown,2.304,train,split_extension_append_abs_deficit
snips-f9c4163a97ebc3cf,negative_confusable,unknown,2.048,train,split_extension_append_abs_deficit
snips-fa021057e6d5d7e9,negative_confusable,unknown,3.5294,train,split_extension_append_abs_deficit
snips-fa0699cc765a0f92,negative_confusable,unknown,2.46,test,split_extension_append_abs_deficit
snips-fa1881fab20e2a9c,negative_confusable,unknown,2.6006,train,split_extension_append_abs_deficit
snips-fa49a044dd923ca4,negative_confusable,unknown,8.8624,train,split_extension_append_abs_deficit
snips-faa5747fd83ba476,negative_confusable,unknown,2.0434,test,split_extension_append_abs_deficit
snips-fabddf5ec2b865ca,negative_confusable,unknown,2.64,train,split_extension_append_abs_deficit
snips-fac29ad0b1547d2e,negative_confusable,unknown,2.22,test,split_extension_append_abs_deficit
snips-fadbc94c33f48e12,negative_confusable,unknown,2.3893,train,split_extension_append_abs_deficit
snips-fb2701a3982420a2,negative_confusable,unknown,4.62,train,split_extension_append_abs_deficit
snips-fb2c48c09f034aa5,negative_confusable,unknown,7.936,train,split_extension_append_abs_deficit
snips-fb2f68670b6cb3ab,negative_confusable,unknown,6.9,train,split_extension_append_abs_deficit
snips-fbba979cd3b197bb,negative_confusable,unknown,5.7586,train,split_extension_append_abs_deficit
snips-fbc3a632cd84aac6,negative_confusable,unknown,2.9013,test,split_extension_append_abs_deficit
snips-fbed87b5102a60dd,negative_confusable,unknown,12.4459,train,split_extension_append_abs_deficit
snips-fc4ceaa3bb259139,negative_confusable,unknown,4.3654,train,split_extension_append_abs_deficit
snips-fc64a5cfc0ded352,negative_confusable,unknown,2.4747,validation,split_extension_append_abs_deficit
snips-fc79c3c99d15a2d0,negative_confusable,unknown,2.048,test,split_extension_append_abs_deficit
snips-fcadf7ebe52a1576,negative_confusable,unknown,1.472,train,split_extension_append_abs_deficit
snips-fcb9cdd2c53593c2,negative_confusable,unknown,5.2942,train,split_extension_append_abs_deficit
snips-fcd67d1a0b97c642,negative_confusable,unknown,5.2907,train,split_extension_append_abs_deficit
snips-fceaafa17b309bed,negative_confusable,unknown,2.2187,test,split_extension_append_abs_deficit
snips-fd498e319ac31141,negative_confusable,unknown,2.1333,train,split_extension_append_abs_deficit
snips-fd55b3a4056af8ec,negative_confusable,unknown,3.4366,train,split_extension_append_abs_deficit
snips-fd55f4c7b349bf6c,negative_confusable,unknown,2.58,validation,split_extension_append_abs_deficit
snips-fd699b0158af4d1c,negative_confusable,unknown,3.1579,train,split_extension_append_abs_deficit
snips-fd831883be65ab18,negative_confusable,unknown,6.7413,train,split_extension_append_abs_deficit
snips-fdc267e8aba6f1fb,negative_confusable,unknown,1.38,train,split_extension_append_abs_deficit
snips-fdcb26f9c225ca4b,negative_confusable,unknown,2.322,train,split_extension_append_abs_deficit
snips-fdcf6f0f78421e5f,negative_confusable,unknown,4.5,train,split_extension_append_abs_deficit
snips-fde246fcc0690b75,negative_confusable,unknown,2.304,validation,split_extension_append_abs_deficit
snips-fe0c7e4ee9afe95a,negative_confusable,unknown,2.304,test,split_extension_append_abs_deficit
snips-fe1c966dc9fb9178,negative_confusable,unknown,3.9254,train,split_extension_append_abs_deficit
snips-fe22c1eaad790d44,negative_confusable,unknown,6.3159,train,split_extension_append_abs_deficit
snips-fe54683dfd67802f,negative_confusable,unknown,1.7067,validation,split_extension_append_abs_deficit
snips-fe89c87c9447be20,negative_confusable,unknown,3.06,validation,split_extension_append_abs_deficit
snips-fead5e073b0e0251,negative_confusable,unknown,3.1071,test,split_extension_append_abs_deficit
snips-febda583f261d464,negative_confusable,unknown,1.5789,train,split_extension_append_abs_deficit
snips-ff8e18c1244f2ece,negative_confusable,unknown,1.8773,validation,split_extension_append_abs_deficit
snips-ff9569a53fa6bbc6,negative_confusable,unknown,1.6213,train,split_extension_append_abs_deficit
snips-ff9ea870359b3283,negative_confusable,unknown,2.9722,train,split_extension_append_abs_deficit
snips-ffa71ca0e752a032,negative_confusable,unknown,4.352,train,split_extension_append_abs_deficit
snips-ffbb588eb4e19b15,negative_confusable,unknown,2.1,test,split_extension_append_abs_deficit
Manual-BG-Macmic1,negative_general_speech,Macmic,3.2213,train,split_extension_greedy_abs_deficit
Manual-BG-Macmic2,negative_general_speech,Macmic,121.344,train,split_extension_append_abs_deficit
Manual-BG-Phonemic1,negative_general_speech,Phonemic,31.8507,train,split_extension_append_abs_deficit
Manual-BG-RPI1,negative_general_speech,RPI,5.2587,validation,split_extension_greedy_abs_deficit
Manual-BG-RPI10,negative_general_speech,RPI,62.528,train,split_extension_greedy_abs_deficit
Manual-BG-RPI11,negative_general_speech,RPI,56.4053,train,split_extension_greedy_abs_deficit
Manual-BG-RPI12,negative_general_speech,RPI,20.4693,test,split_extension_greedy_abs_deficit
Manual-BG-RPI13,negative_general_speech,RPI,27.52,train,split_extension_greedy_abs_deficit
Manual-BG-RPI14,negative_general_speech,RPI,2.0267,train,split_extension_append_abs_deficit
Manual-BG-RPI15,negative_general_speech,RPI,2.848,train,split_extension_append_abs_deficit
Manual-BG-RPI16,negative_general_speech,RPI,125.4933,validation,split_extension_append_abs_deficit
Manual-BG-RPI17,negative_general_speech,RPI,111.0293,test,split_extension_append_abs_deficit
Manual-BG-RPI18,negative_general_speech,RPI,261.1307,train,split_extension_append_abs_deficit
Manual-BG-RPI19,negative_general_speech,RPI,472.5973,train,split_extension_append_abs_deficit
Manual-BG-RPI2,negative_general_speech,RPI,3.0827,train,split_extension_greedy_abs_deficit
Manual-BG-RPI20,negative_general_speech,RPI,370.1227,train,split_extension_append_abs_deficit
Manual-BG-RPI21,negative_general_speech,RPI,303.9787,train,split_extension_append_abs_deficit
Manual-BG-RPI22,negative_general_speech,RPI,189.6853,train,split_extension_append_abs_deficit
Manual-BG-RPI23,negative_general_speech,RPI,145.4293,train,split_extension_append_abs_deficit
Manual-BG-RPI24,negative_general_speech,RPI,307.7973,train,split_extension_append_abs_deficit
Manual-BG-RPI25,negative_general_speech,RPI,4.4267,validation,split_extension_append_abs_deficit
Manual-BG-RPI26,negative_general_speech,RPI,63.9147,test,split_extension_append_abs_deficit
Manual-BG-RPI27,negative_general_speech,RPI,60.7893,train,split_extension_append_abs_deficit
Manual-BG-RPI28,negative_general_speech,RPI,155.6693,train,split_extension_append_abs_deficit
Manual-BG-RPI29,negative_general_speech,RPI,122.272,validation,split_extension_append_abs_deficit
Manual-BG-RPI3,negative_general_speech,RPI,11.3173,train,split_extension_greedy_abs_deficit
Manual-BG-RPI30,negative_general_speech,RPI,76.4267,train,split_extension_append_abs_deficit
Manual-BG-RPI31,negative_general_speech,RPI,50.8907,test,split_extension_append_abs_deficit
Manual-BG-RPI32,negative_general_speech,RPI,62.9973,validation,split_extension_append_abs_deficit
Manual-BG-RPI33,negative_general_speech,RPI,82.336,train,split_extension_append_abs_deficit
Manual-BG-RPI34,negative_general_speech,RPI,140.1813,train,split_extension_append_abs_deficit
Manual-BG-RPI36,negative_general_speech,RPI,124.4053,test,split_extension_append_abs_deficit
Manual-BG-RPI4,negative_general_speech,RPI,12.672,validation,split_extension_greedy_abs_deficit
Manual-BG-RPI5,negative_general_speech,RPI,31.0933,train,split_extension_greedy_abs_deficit
Manual-BG-RPI6,negative_general_speech,RPI,23.6693,train,split_extension_greedy_abs_deficit
Manual-BG-RPI7,negative_general_speech,RPI,7.4453,test,split_extension_greedy_abs_deficit
Manual-BG-RPI8,negative_general_speech,RPI,1.4613,validation,split_extension_greedy_abs_deficit
Manual-BG-RPI9,negative_general_speech,RPI,7.9253,validation,split_extension_greedy_abs_deficit
fleurs-en_us-1510,negative_general_speech,unknown,12.0,train,split_extension_append_abs_deficit
fleurs-en_us-1514,negative_general_speech,unknown,6.0,train,split_extension_append_abs_deficit
fleurs-en_us-1515,negative_general_speech,unknown,3.96,train,split_extension_append_abs_deficit
fleurs-en_us-1519,negative_general_speech,unknown,6.0,train,split_extension_append_abs_deficit
fleurs-en_us-1520,negative_general_speech,unknown,6.0,train,split_extension_append_abs_deficit
fleurs-en_us-1522,negative_general_speech,unknown,6.0,train,split_extension_append_abs_deficit
fleurs-en_us-1523,negative_general_speech,unknown,6.0,validation,split_extension_append_abs_deficit
fleurs-en_us-1525,negative_general_speech,unknown,12.0,train,split_extension_append_abs_deficit
fleurs-en_us-1528,negative_general_speech,unknown,6.0,train,split_extension_append_abs_deficit
fleurs-en_us-1529,negative_general_speech,unknown,6.0,train,split_extension_append_abs_deficit
fleurs-en_us-1532,negative_general_speech,unknown,12.0,train,split_extension_append_abs_deficit
fleurs-en_us-1538,negative_general_speech,unknown,6.0,validation,split_extension_append_abs_deficit
fleurs-en_us-1539,negative_general_speech,unknown,6.0,train,split_extension_append_abs_deficit
fleurs-en_us-1542,negative_general_speech,unknown,6.0,train,split_extension_append_abs_deficit
fleurs-en_us-1544,negative_general_speech,unknown,6.0,test,split_extension_append_abs_deficit
fleurs-en_us-1545,negative_general_speech,unknown,12.0,train,split_extension_append_abs_deficit
fleurs-en_us-1546,negative_general_speech,unknown,6.0,train,split_extension_append_abs_deficit
fleurs-en_us-1547,negative_general_speech,unknown,6.0,train,split_extension_append_abs_deficit
fleurs-en_us-1548,negative_general_speech,unknown,6.0,train,split_extension_append_abs_deficit
fleurs-en_us-1554,negative_general_speech,unknown,2.7,test,split_extension_append_abs_deficit
fleurs-en_us-1556,negative_general_speech,unknown,6.0,train,split_extension_append_abs_deficit
fleurs-en_us-1557,negative_general_speech,unknown,6.0,train,split_extension_append_abs_deficit
fleurs-en_us-1559,negative_general_speech,unknown,5.88,train,split_extension_append_abs_deficit
fleurs-en_us-1562,negative_general_speech,unknown,12.0,train,split_extension_append_abs_deficit
fleurs-en_us-1569,negative_general_speech,unknown,18.0,train,split_extension_append_abs_deficit
fleurs-en_us-1573,negative_general_speech,unknown,6.0,train,split_extension_append_abs_deficit
fleurs-en_us-1577,negative_general_speech,unknown,6.0,train,split_extension_append_abs_deficit
fleurs-en_us-1581,negative_general_speech,unknown,6.0,test,split_extension_append_abs_deficit
fleurs-en_us-1583,negative_general_speech,unknown,6.0,train,split_extension_append_abs_deficit
fleurs-en_us-1584,negative_general_speech,unknown,6.0,train,split_extension_append_abs_deficit
fleurs-en_us-1585,negative_general_speech,unknown,6.0,train,split_extension_append_abs_deficit
fleurs-en_us-1587,negative_general_speech,unknown,4.56,test,split_extension_append_abs_deficit
fleurs-en_us-1589,negative_general_speech,unknown,6.0,validation,split_extension_append_abs_deficit
fleurs-en_us-1591,negative_general_speech,unknown,6.0,test,split_extension_append_abs_deficit
fleurs-en_us-1595,negative_general_speech,unknown,6.0,train,split_extension_append_abs_deficit
fleurs-en_us-1601,negative_general_speech,unknown,6.0,test,split_extension_append_abs_deficit
fleurs-en_us-1602,negative_general_speech,unknown,6.0,validation,split_extension_append_abs_deficit
fleurs-en_us-1605,negative_general_speech,unknown,6.0,test,split_extension_append_abs_deficit
fleurs-en_us-1606,negative_general_speech,unknown,6.0,train,split_extension_append_abs_deficit
fleurs-en_us-1608,negative_general_speech,unknown,6.0,train,split_extension_append_abs_deficit
fleurs-en_us-1609,negative_general_speech,unknown,6.0,train,split_extension_append_abs_deficit
fleurs-en_us-1611,negative_general_speech,unknown,12.0,train,split_extension_append_abs_deficit
fleurs-en_us-1612,negative_general_speech,unknown,11.22,train,split_extension_append_abs_deficit
fleurs-en_us-1613,negative_general_speech,unknown,6.0,train,split_extension_append_abs_deficit
fleurs-en_us-1615,negative_general_speech,unknown,6.0,train,split_extension_append_abs_deficit
fleurs-en_us-1616,negative_general_speech,unknown,12.0,train,split_extension_append_abs_deficit
fleurs-en_us-1624,negative_general_speech,unknown,5.1,validation,split_extension_append_abs_deficit
fleurs-en_us-1625,negative_general_speech,unknown,6.0,train,split_extension_append_abs_deficit
fleurs-en_us-1627,negative_general_speech,unknown,12.0,train,split_extension_append_abs_deficit
fleurs-en_us-1628,negative_general_speech,unknown,12.0,train,split_extension_append_abs_deficit
fleurs-en_us-1629,negative_general_speech,unknown,6.0,train,split_extension_append_abs_deficit
fleurs-en_us-1630,negative_general_speech,unknown,6.0,train,split_extension_append_abs_deficit
fleurs-en_us-1631,negative_general_speech,unknown,6.0,validation,split_extension_append_abs_deficit
fleurs-en_us-1635,negative_general_speech,unknown,12.0,train,split_extension_append_abs_deficit
fleurs-en_us-1636,negative_general_speech,unknown,5.4,validation,split_extension_append_abs_deficit
fleurs-en_us-1637,negative_general_speech,unknown,6.0,validation,split_extension_append_abs_deficit
fleurs-en_us-1643,negative_general_speech,unknown,12.0,train,split_extension_append_abs_deficit
fleurs-en_us-1647,negative_general_speech,unknown,6.0,train,split_extension_append_abs_deficit
fleurs-en_us-1650,negative_general_speech,unknown,6.0,validation,split_extension_append_abs_deficit
fleurs-en_us-1659,negative_general_speech,unknown,11.26,train,split_extension_append_abs_deficit
fleurs-en_us-1660,negative_general_speech,unknown,6.0,train,split_extension_append_abs_deficit
fleurs-en_us-1664,negative_general_speech,unknown,5.4,train,split_extension_append_abs_deficit
fleurs-en_us-1667,negative_general_speech,unknown,6.0,train,split_extension_append_abs_deficit
fleurs-en_us-1671,negative_general_speech,unknown,6.0,train,split_extension_append_abs_deficit
fleurs-en_us-1673,negative_general_speech,unknown,12.0,train,split_extension_append_abs_deficit
fleurs-en_us-1674,negative_general_speech,unknown,6.0,train,split_extension_append_abs_deficit
fleurs-en_us-1675,negative_general_speech,unknown,6.0,test,split_extension_append_abs_deficit
fleurs-en_us-1676,negative_general_speech,unknown,6.0,train,split_extension_append_abs_deficit
fleurs-en_us-1680,negative_general_speech,unknown,6.0,train,split_extension_append_abs_deficit
fleurs-en_us-1681,negative_general_speech,unknown,12.0,train,split_extension_append_abs_deficit
fleurs-en_us-1684,negative_general_speech,unknown,6.0,train,split_extension_append_abs_deficit
fleurs-en_us-1685,negative_general_speech,unknown,6.0,train,split_extension_append_abs_deficit
fleurs-en_us-1693,negative_general_speech,unknown,6.0,train,split_extension_append_abs_deficit
fleurs-en_us-1696,negative_general_speech,unknown,12.0,train,split_extension_append_abs_deficit
fleurs-en_us-1701,negative_general_speech,unknown,6.0,train,split_extension_append_abs_deficit
fleurs-en_us-1703,negative_general_speech,unknown,6.0,train,split_extension_append_abs_deficit
fleurs-en_us-1713,negative_general_speech,unknown,6.0,train,split_extension_append_abs_deficit
fleurs-en_us-1715,negative_general_speech,unknown,6.0,train,split_extension_append_abs_deficit
fleurs-en_us-1716,negative_general_speech,unknown,6.0,train,split_extension_append_abs_deficit
fleurs-en_us-1718,negative_general_speech,unknown,6.0,train,split_extension_append_abs_deficit
fleurs-en_us-1722,negative_general_speech,unknown,6.0,validation,split_extension_append_abs_deficit
fleurs-en_us-1725,negative_general_speech,unknown,6.0,train,split_extension_append_abs_deficit
fleurs-en_us-1726,negative_general_speech,unknown,6.0,train,split_extension_append_abs_deficit
fleurs-en_us-1730,negative_general_speech,unknown,6.0,train,split_extension_append_abs_deficit
fleurs-en_us-1731,negative_general_speech,unknown,6.0,train,split_extension_append_abs_deficit
fleurs-en_us-1740,negative_general_speech,unknown,6.0,train,split_extension_append_abs_deficit
fleurs-en_us-1746,negative_general_speech,unknown,6.0,train,split_extension_append_abs_deficit
fleurs-en_us-1749,negative_general_speech,unknown,6.0,train,split_extension_append_abs_deficit
fleurs-en_us-1750,negative_general_speech,unknown,5.16,validation,split_extension_append_abs_deficit
fleurs-en_us-1757,negative_general_speech,unknown,6.0,train,split_extension_append_abs_deficit
fleurs-en_us-1762,negative_general_speech,unknown,5.4,test,split_extension_append_abs_deficit
fleurs-en_us-1764,negative_general_speech,unknown,12.0,train,split_extension_append_abs_deficit
fleurs-en_us-1765,negative_general_speech,unknown,6.0,train,split_extension_append_abs_deficit
fleurs-en_us-1772,negative_general_speech,unknown,5.62,test,split_extension_append_abs_deficit
fleurs-en_us-1778,negative_general_speech,unknown,5.04,test,split_extension_append_abs_deficit
fleurs-en_us-1783,negative_general_speech,unknown,6.0,train,split_extension_append_abs_deficit
fleurs-en_us-1785,negative_general_speech,unknown,6.0,test,split_extension_append_abs_deficit
fleurs-en_us-1789,negative_general_speech,unknown,6.0,train,split_extension_append_abs_deficit
fleurs-en_us-1794,negative_general_speech,unknown,6.0,train,split_extension_append_abs_deficit
fleurs-en_us-1796,negative_general_speech,unknown,11.82,train,split_extension_append_abs_deficit
fleurs-en_us-1797,negative_general_speech,unknown,6.0,train,split_extension_append_abs_deficit
fleurs-en_us-1798,negative_general_speech,unknown,6.0,train,split_extension_append_abs_deficit
fleurs-en_us-1800,negative_general_speech,unknown,6.0,train,split_extension_append_abs_deficit
fleurs-en_us-1803,negative_general_speech,unknown,6.0,train,split_extension_append_abs_deficit
fleurs-en_us-1804,negative_general_speech,unknown,6.0,train,split_extension_append_abs_deficit
fleurs-en_us-1811,negative_general_speech,unknown,6.0,train,split_extension_append_abs_deficit
fleurs-en_us-1813,negative_general_speech,unknown,6.0,validation,split_extension_append_abs_deficit
fleurs-en_us-1815,negative_general_speech,unknown,6.0,train,split_extension_append_abs_deficit
fleurs-en_us-1820,negative_general_speech,unknown,6.0,train,split_extension_append_abs_deficit
fleurs-en_us-1821,negative_general_speech,unknown,12.0,train,split_extension_append_abs_deficit
fleurs-en_us-1823,negative_general_speech,unknown,6.0,train,split_extension_append_abs_deficit
fleurs-en_us-1824,negative_general_speech,unknown,6.0,validation,split_extension_append_abs_deficit
fleurs-en_us-1829,negative_general_speech,unknown,6.0,train,split_extension_append_abs_deficit
fleurs-en_us-1832,negative_general_speech,unknown,6.0,train,split_extension_append_abs_deficit
fleurs-en_us-1835,negative_general_speech,unknown,6.0,train,split_extension_append_abs_deficit
fleurs-en_us-1843,negative_general_speech,unknown,12.0,train,split_extension_append_abs_deficit
fleurs-en_us-1845,negative_general_speech,unknown,6.0,train,split_extension_append_abs_deficit
fleurs-en_us-1846,negative_general_speech,unknown,6.0,validation,split_extension_append_abs_deficit
fleurs-en_us-1847,negative_general_speech,unknown,6.0,train,split_extension_append_abs_deficit
fleurs-en_us-1853,negative_general_speech,unknown,5.16,train,split_extension_append_abs_deficit
fleurs-en_us-1854,negative_general_speech,unknown,6.0,train,split_extension_append_abs_deficit
fleurs-en_us-1864,negative_general_speech,unknown,6.0,test,split_extension_append_abs_deficit
fleurs-en_us-1865,negative_general_speech,unknown,6.0,train,split_extension_append_abs_deficit
fleurs-en_us-1866,negative_general_speech,unknown,6.0,train,split_extension_append_abs_deficit
fleurs-en_us-1869,negative_general_speech,unknown,6.0,train,split_extension_append_abs_deficit
fleurs-en_us-1870,negative_general_speech,unknown,10.32,train,split_extension_append_abs_deficit
fleurs-en_us-1873,negative_general_speech,unknown,6.0,train,split_extension_append_abs_deficit
fleurs-en_us-1875,negative_general_speech,unknown,6.0,test,split_extension_append_abs_deficit
fleurs-en_us-1876,negative_general_speech,unknown,6.0,train,split_extension_append_abs_deficit
fleurs-en_us-1877,negative_general_speech,unknown,6.0,train,split_extension_append_abs_deficit
fleurs-en_us-1878,negative_general_speech,unknown,6.0,test,split_extension_append_abs_deficit
fleurs-en_us-1882,negative_general_speech,unknown,6.0,train,split_extension_append_abs_deficit
fleurs-en_us-1884,negative_general_speech,unknown,6.0,train,split_extension_append_abs_deficit
fleurs-en_us-1887,negative_general_speech,unknown,5.46,test,split_extension_append_abs_deficit
fleurs-en_us-1889,negative_general_speech,unknown,4.86,validation,split_extension_append_abs_deficit
fleurs-en_us-1890,negative_general_speech,unknown,6.0,validation,split_extension_append_abs_deficit
fleurs-en_us-1894,negative_general_speech,unknown,6.0,train,split_extension_append_abs_deficit
fleurs-en_us-1895,negative_general_speech,unknown,6.0,train,split_extension_append_abs_deficit
fleurs-en_us-1899,negative_general_speech,unknown,6.0,train,split_extension_append_abs_deficit
fleurs-en_us-1902,negative_general_speech,unknown,6.0,train,split_extension_append_abs_deficit
fleurs-en_us-1906,negative_general_speech,unknown,5.88,validation,split_extension_append_abs_deficit
fleurs-en_us-1909,negative_general_speech,unknown,6.0,train,split_extension_append_abs_deficit
fleurs-en_us-1914,negative_general_speech,unknown,5.88,validation,split_extension_append_abs_deficit
fleurs-en_us-1915,negative_general_speech,unknown,6.0,train,split_extension_append_abs_deficit
fleurs-en_us-1917,negative_general_speech,unknown,6.0,validation,split_extension_append_abs_deficit
fleurs-en_us-1919,negative_general_speech,unknown,12.0,train,split_extension_append_abs_deficit
fleurs-en_us-1921,negative_general_speech,unknown,6.0,test,split_extension_append_abs_deficit
fleurs-en_us-1924,negative_general_speech,unknown,6.0,train,split_extension_append_abs_deficit
fleurs-en_us-1931,negative_general_speech,unknown,6.0,train,split_extension_append_abs_deficit
fleurs-en_us-1932,negative_general_speech,unknown,6.0,train,split_extension_append_abs_deficit
fleurs-en_us-1936,negative_general_speech,unknown,6.0,train,split_extension_append_abs_deficit
fleurs-en_us-1938,negative_general_speech,unknown,6.0,train,split_extension_append_abs_deficit
fleurs-en_us-1939,negative_general_speech,unknown,6.0,train,split_extension_append_abs_deficit
fleurs-en_us-1941,negative_general_speech,unknown,6.0,train,split_extension_append_abs_deficit
fleurs-en_us-1942,negative_general_speech,unknown,6.0,train,split_extension_append_abs_deficit
fleurs-en_us-1946,negative_general_speech,unknown,6.0,train,split_extension_append_abs_deficit
fleurs-en_us-1947,negative_general_speech,unknown,6.0,test,split_extension_append_abs_deficit
fleurs-en_us-1950,negative_general_speech,unknown,6.0,train,split_extension_append_abs_deficit
fleurs-en_us-1953,negative_general_speech,unknown,5.52,train,split_extension_append_abs_deficit
fleurs-en_us-1961,negative_general_speech,unknown,6.0,train,split_extension_append_abs_deficit
fleurs-en_us-1964,negative_general_speech,unknown,6.0,train,split_extension_append_abs_deficit
fleurs-en_us-1969,negative_general_speech,unknown,6.0,validation,split_extension_append_abs_deficit
fleurs-en_us-1970,negative_general_speech,unknown,6.0,train,split_extension_append_abs_deficit
fleurs-en_us-1973,negative_general_speech,unknown,6.0,train,split_extension_append_abs_deficit
fleurs-en_us-1974,negative_general_speech,unknown,6.0,train,split_extension_append_abs_deficit
fleurs-en_us-1975,negative_general_speech,unknown,12.0,train,split_extension_append_abs_deficit
fleurs-en_us-1976,negative_general_speech,unknown,6.0,validation,split_extension_append_abs_deficit
fleurs-en_us-1978,negative_general_speech,unknown,4.98,train,split_extension_append_abs_deficit
fleurs-en_us-1983,negative_general_speech,unknown,12.0,train,split_extension_append_abs_deficit
fleurs-en_us-1988,negative_general_speech,unknown,6.0,train,split_extension_append_abs_deficit
fleurs-en_us-1990,negative_general_speech,unknown,6.0,train,split_extension_append_abs_deficit
fleurs-en_us-2000,negative_general_speech,unknown,6.0,train,split_extension_append_abs_deficit
fleurs-en_us-2003,negative_general_speech,unknown,6.0,validation,split_extension_append_abs_deficit
fleurs-en_us-2007,negative_general_speech,unknown,6.0,train,split_extension_append_abs_deficit
fleurs-fil_ph-100,negative_general_speech,unknown,6.0,validation,split_extension_append_abs_deficit
fleurs-fil_ph-101,negative_general_speech,unknown,6.0,train,split_extension_append_abs_deficit
fleurs-fil_ph-1012,negative_general_speech,unknown,6.0,train,split_extension_append_abs_deficit
fleurs-fil_ph-1014,negative_general_speech,unknown,6.0,train,split_extension_append_abs_deficit
fleurs-fil_ph-1022,negative_general_speech,unknown,6.0,train,split_extension_append_abs_deficit
fleurs-fil_ph-1026,negative_general_speech,unknown,6.0,train,split_extension_append_abs_deficit
fleurs-fil_ph-104,negative_general_speech,unknown,6.0,train,split_extension_append_abs_deficit
fleurs-fil_ph-1040,negative_general_speech,unknown,6.0,validation,split_extension_append_abs_deficit
fleurs-fil_ph-1058,negative_general_speech,unknown,6.0,train,split_extension_append_abs_deficit
fleurs-fil_ph-1072,negative_general_speech,unknown,6.0,train,split_extension_append_abs_deficit
fleurs-fil_ph-1078,negative_general_speech,unknown,6.0,test,split_extension_append_abs_deficit
fleurs-fil_ph-110,negative_general_speech,unknown,6.0,train,split_extension_append_abs_deficit
fleurs-fil_ph-1103,negative_general_speech,unknown,6.0,train,split_extension_append_abs_deficit
fleurs-fil_ph-1108,negative_general_speech,unknown,6.0,train,split_extension_append_abs_deficit
fleurs-fil_ph-1118,negative_general_speech,unknown,6.0,train,split_extension_append_abs_deficit
fleurs-fil_ph-1127,negative_general_speech,unknown,6.0,train,split_extension_append_abs_deficit
fleurs-fil_ph-1128,negative_general_speech,unknown,6.0,train,split_extension_append_abs_deficit
fleurs-fil_ph-1134,negative_general_speech,unknown,6.0,train,split_extension_append_abs_deficit
fleurs-fil_ph-1137,negative_general_speech,unknown,6.0,train,split_extension_append_abs_deficit
fleurs-fil_ph-114,negative_general_speech,unknown,6.0,train,split_extension_append_abs_deficit
fleurs-fil_ph-115,negative_general_speech,unknown,6.0,train,split_extension_append_abs_deficit
fleurs-fil_ph-1153,negative_general_speech,unknown,6.0,train,split_extension_append_abs_deficit
fleurs-fil_ph-1158,negative_general_speech,unknown,6.0,train,split_extension_append_abs_deficit
fleurs-fil_ph-1159,negative_general_speech,unknown,6.0,train,split_extension_append_abs_deficit
fleurs-fil_ph-1170,negative_general_speech,unknown,6.0,train,split_extension_append_abs_deficit
fleurs-fil_ph-1178,negative_general_speech,unknown,6.0,train,split_extension_append_abs_deficit
fleurs-fil_ph-1181,negative_general_speech,unknown,6.0,train,split_extension_append_abs_deficit
fleurs-fil_ph-1209,negative_general_speech,unknown,6.0,train,split_extension_append_abs_deficit
fleurs-fil_ph-1216,negative_general_speech,unknown,6.0,train,split_extension_append_abs_deficit
fleurs-fil_ph-1224,negative_general_speech,unknown,6.0,train,split_extension_append_abs_deficit
fleurs-fil_ph-1225,negative_general_speech,unknown,6.0,train,split_extension_append_abs_deficit
fleurs-fil_ph-123,negative_general_speech,unknown,6.0,train,split_extension_append_abs_deficit
fleurs-fil_ph-1230,negative_general_speech,unknown,6.0,train,split_extension_append_abs_deficit
fleurs-fil_ph-1244,negative_general_speech,unknown,6.0,test,split_extension_append_abs_deficit
fleurs-fil_ph-1261,negative_general_speech,unknown,12.0,train,split_extension_append_abs_deficit
fleurs-fil_ph-1265,negative_general_speech,unknown,6.0,train,split_extension_append_abs_deficit
fleurs-fil_ph-1268,negative_general_speech,unknown,6.0,train,split_extension_append_abs_deficit
fleurs-fil_ph-1274,negative_general_speech,unknown,6.0,train,split_extension_append_abs_deficit
fleurs-fil_ph-1293,negative_general_speech,unknown,6.0,train,split_extension_append_abs_deficit
fleurs-fil_ph-1295,negative_general_speech,unknown,6.0,train,split_extension_append_abs_deficit
fleurs-fil_ph-1297,negative_general_speech,unknown,6.0,train,split_extension_append_abs_deficit
fleurs-fil_ph-13,negative_general_speech,unknown,6.0,train,split_extension_append_abs_deficit
fleurs-fil_ph-1303,negative_general_speech,unknown,6.0,validation,split_extension_append_abs_deficit
fleurs-fil_ph-1326,negative_general_speech,unknown,6.0,train,split_extension_append_abs_deficit
fleurs-fil_ph-1334,negative_general_speech,unknown,6.0,train,split_extension_append_abs_deficit
fleurs-fil_ph-1337,negative_general_speech,unknown,6.0,train,split_extension_append_abs_deficit
fleurs-fil_ph-1341,negative_general_speech,unknown,6.0,train,split_extension_append_abs_deficit
fleurs-fil_ph-1346,negative_general_speech,unknown,6.0,train,split_extension_append_abs_deficit
fleurs-fil_ph-1358,negative_general_speech,unknown,6.0,train,split_extension_append_abs_deficit
fleurs-fil_ph-1360,negative_general_speech,unknown,6.0,validation,split_extension_append_abs_deficit
fleurs-fil_ph-1364,negative_general_speech,unknown,6.0,train,split_extension_append_abs_deficit
fleurs-fil_ph-1404,negative_general_speech,unknown,6.0,train,split_extension_append_abs_deficit
fleurs-fil_ph-1405,negative_general_speech,unknown,6.0,train,split_extension_append_abs_deficit
fleurs-fil_ph-1407,negative_general_speech,unknown,6.0,train,split_extension_append_abs_deficit
fleurs-fil_ph-1408,negative_general_speech,unknown,6.0,test,split_extension_append_abs_deficit
fleurs-fil_ph-142,negative_general_speech,unknown,6.0,test,split_extension_append_abs_deficit
fleurs-fil_ph-1422,negative_general_speech,unknown,6.0,train,split_extension_append_abs_deficit
fleurs-fil_ph-1423,negative_general_speech,unknown,12.0,train,split_extension_append_abs_deficit
fleurs-fil_ph-1433,negative_general_speech,unknown,6.0,train,split_extension_append_abs_deficit
fleurs-fil_ph-1440,negative_general_speech,unknown,6.0,test,split_extension_append_abs_deficit
fleurs-fil_ph-1445,negative_general_speech,unknown,6.0,train,split_extension_append_abs_deficit
fleurs-fil_ph-1454,negative_general_speech,unknown,6.0,train,split_extension_append_abs_deficit
fleurs-fil_ph-1458,negative_general_speech,unknown,6.0,train,split_extension_append_abs_deficit
fleurs-fil_ph-1461,negative_general_speech,unknown,6.0,train,split_extension_append_abs_deficit
fleurs-fil_ph-1465,negative_general_speech,unknown,6.0,train,split_extension_append_abs_deficit
fleurs-fil_ph-1471,negative_general_speech,unknown,6.0,train,split_extension_append_abs_deficit
fleurs-fil_ph-1474,negative_general_speech,unknown,6.0,train,split_extension_append_abs_deficit
fleurs-fil_ph-1477,negative_general_speech,unknown,6.0,train,split_extension_append_abs_deficit
fleurs-fil_ph-1481,negative_general_speech,unknown,6.0,validation,split_extension_append_abs_deficit
fleurs-fil_ph-1482,negative_general_speech,unknown,6.0,train,split_extension_append_abs_deficit
fleurs-fil_ph-1484,negative_general_speech,unknown,6.0,train,split_extension_append_abs_deficit
fleurs-fil_ph-1491,negative_general_speech,unknown,6.0,train,split_extension_append_abs_deficit
fleurs-fil_ph-1496,negative_general_speech,unknown,6.0,test,split_extension_append_abs_deficit
fleurs-fil_ph-1498,negative_general_speech,unknown,6.0,train,split_extension_append_abs_deficit
fleurs-fil_ph-1503,negative_general_speech,unknown,6.0,train,split_extension_append_abs_deficit
fleurs-fil_ph-1508,negative_general_speech,unknown,6.0,train,split_extension_append_abs_deficit
fleurs-fil_ph-1514,negative_general_speech,unknown,6.0,train,split_extension_append_abs_deficit
fleurs-fil_ph-152,negative_general_speech,unknown,6.0,test,split_extension_append_abs_deficit
fleurs-fil_ph-1536,negative_general_speech,unknown,6.0,train,split_extension_append_abs_deficit
fleurs-fil_ph-1537,negative_general_speech,unknown,6.0,train,split_extension_append_abs_deficit
fleurs-fil_ph-1539,negative_general_speech,unknown,6.0,train,split_extension_append_abs_deficit
fleurs-fil_ph-1541,negative_general_speech,unknown,6.0,train,split_extension_append_abs_deficit
fleurs-fil_ph-1543,negative_general_speech,unknown,6.0,validation,split_extension_append_abs_deficit
fleurs-fil_ph-1546,negative_general_speech,unknown,6.0,train,split_extension_append_abs_deficit
fleurs-fil_ph-1549,negative_general_speech,unknown,12.0,train,split_extension_append_abs_deficit
fleurs-fil_ph-1551,negative_general_speech,unknown,6.0,train,split_extension_append_abs_deficit
fleurs-fil_ph-1552,negative_general_speech,unknown,12.0,train,split_extension_append_abs_deficit
fleurs-fil_ph-1555,negative_general_speech,unknown,6.0,train,split_extension_append_abs_deficit
fleurs-fil_ph-1558,negative_general_speech,unknown,6.0,train,split_extension_append_abs_deficit
fleurs-fil_ph-1560,negative_general_speech,unknown,12.0,train,split_extension_append_abs_deficit
fleurs-fil_ph-1561,negative_general_speech,unknown,6.0,validation,split_extension_append_abs_deficit
fleurs-fil_ph-1562,negative_general_speech,unknown,6.0,train,split_extension_append_abs_deficit
fleurs-fil_ph-1564,negative_general_speech,unknown,6.0,train,split_extension_append_abs_deficit
fleurs-fil_ph-1577,negative_general_speech,unknown,6.0,train,split_extension_append_abs_deficit
fleurs-fil_ph-1579,negative_general_speech,unknown,6.0,train,split_extension_append_abs_deficit
fleurs-fil_ph-158,negative_general_speech,unknown,6.0,train,split_extension_append_abs_deficit
fleurs-fil_ph-1587,negative_general_speech,unknown,6.0,train,split_extension_append_abs_deficit
fleurs-fil_ph-1589,negative_general_speech,unknown,6.0,train,split_extension_append_abs_deficit
fleurs-fil_ph-1591,negative_general_speech,unknown,6.0,validation,split_extension_append_abs_deficit
fleurs-fil_ph-1592,negative_general_speech,unknown,6.0,train,split_extension_append_abs_deficit
fleurs-fil_ph-1593,negative_general_speech,unknown,6.0,test,split_extension_append_abs_deficit
fleurs-fil_ph-1594,negative_general_speech,unknown,6.0,train,split_extension_append_abs_deficit
fleurs-fil_ph-1597,negative_general_speech,unknown,6.0,train,split_extension_append_abs_deficit
fleurs-fil_ph-1600,negative_general_speech,unknown,6.0,test,split_extension_append_abs_deficit
fleurs-fil_ph-1601,negative_general_speech,unknown,6.0,train,split_extension_append_abs_deficit
fleurs-fil_ph-1605,negative_general_speech,unknown,6.0,train,split_extension_append_abs_deficit
fleurs-fil_ph-1607,negative_general_speech,unknown,12.0,train,split_extension_append_abs_deficit
fleurs-fil_ph-161,negative_general_speech,unknown,12.0,train,split_extension_append_abs_deficit
fleurs-fil_ph-1610,negative_general_speech,unknown,6.0,train,split_extension_append_abs_deficit
fleurs-fil_ph-1616,negative_general_speech,unknown,6.0,validation,split_extension_append_abs_deficit
fleurs-fil_ph-1619,negative_general_speech,unknown,6.0,train,split_extension_append_abs_deficit
fleurs-fil_ph-1620,negative_general_speech,unknown,6.0,train,split_extension_append_abs_deficit
fleurs-fil_ph-1624,negative_general_speech,unknown,12.0,train,split_extension_append_abs_deficit
fleurs-fil_ph-1626,negative_general_speech,unknown,6.0,train,split_extension_append_abs_deficit
fleurs-fil_ph-1627,negative_general_speech,unknown,6.0,train,split_extension_append_abs_deficit
fleurs-fil_ph-1628,negative_general_speech,unknown,6.0,train,split_extension_append_abs_deficit
fleurs-fil_ph-163,negative_general_speech,unknown,6.0,train,split_extension_append_abs_deficit
fleurs-fil_ph-1630,negative_general_speech,unknown,6.0,test,split_extension_append_abs_deficit
fleurs-fil_ph-1636,negative_general_speech,unknown,12.0,train,split_extension_append_abs_deficit
fleurs-fil_ph-1642,negative_general_speech,unknown,12.0,train,split_extension_append_abs_deficit
fleurs-fil_ph-1643,negative_general_speech,unknown,6.0,test,split_extension_append_abs_deficit
fleurs-fil_ph-1645,negative_general_speech,unknown,6.0,test,split_extension_append_abs_deficit
fleurs-fil_ph-1647,negative_general_speech,unknown,6.0,train,split_extension_append_abs_deficit
fleurs-fil_ph-1648,negative_general_speech,unknown,6.0,train,split_extension_append_abs_deficit
fleurs-fil_ph-1649,negative_general_speech,unknown,6.0,train,split_extension_append_abs_deficit
fleurs-fil_ph-1652,negative_general_speech,unknown,6.0,validation,split_extension_append_abs_deficit
fleurs-fil_ph-1653,negative_general_speech,unknown,6.0,train,split_extension_append_abs_deficit
fleurs-fil_ph-1654,negative_general_speech,unknown,6.0,train,split_extension_append_abs_deficit
fleurs-fil_ph-1655,negative_general_speech,unknown,12.0,train,split_extension_append_abs_deficit
fleurs-fil_ph-1659,negative_general_speech,unknown,6.0,train,split_extension_append_abs_deficit
fleurs-fil_ph-1661,negative_general_speech,unknown,6.0,train,split_extension_append_abs_deficit
fleurs-fil_ph-1669,negative_general_speech,unknown,6.0,validation,split_extension_append_abs_deficit
fleurs-fil_ph-1670,negative_general_speech,unknown,6.0,test,split_extension_append_abs_deficit
fleurs-fil_ph-1672,negative_general_speech,unknown,18.0,train,split_extension_append_abs_deficit
fleurs-fil_ph-1678,negative_general_speech,unknown,12.0,train,split_extension_append_abs_deficit
fleurs-fil_ph-169,negative_general_speech,unknown,6.0,train,split_extension_append_abs_deficit
fleurs-fil_ph-1692,negative_general_speech,unknown,6.0,train,split_extension_append_abs_deficit
fleurs-fil_ph-1695,negative_general_speech,unknown,6.0,train,split_extension_append_abs_deficit
fleurs-fil_ph-1697,negative_general_speech,unknown,6.0,train,split_extension_append_abs_deficit
fleurs-fil_ph-1699,negative_general_speech,unknown,12.0,train,split_extension_append_abs_deficit
fleurs-fil_ph-1707,negative_general_speech,unknown,6.0,train,split_extension_append_abs_deficit
fleurs-fil_ph-1714,negative_general_speech,unknown,6.0,train,split_extension_append_abs_deficit
fleurs-fil_ph-1726,negative_general_speech,unknown,6.0,train,split_extension_append_abs_deficit
fleurs-fil_ph-1729,negative_general_speech,unknown,6.0,train,split_extension_append_abs_deficit
fleurs-fil_ph-173,negative_general_speech,unknown,6.0,train,split_extension_append_abs_deficit
fleurs-fil_ph-1730,negative_general_speech,unknown,6.0,train,split_extension_append_abs_deficit
fleurs-fil_ph-1731,negative_general_speech,unknown,6.0,validation,split_extension_append_abs_deficit
fleurs-fil_ph-1738,negative_general_speech,unknown,6.0,train,split_extension_append_abs_deficit
fleurs-fil_ph-1739,negative_general_speech,unknown,6.0,train,split_extension_append_abs_deficit
fleurs-fil_ph-1740,negative_general_speech,unknown,6.0,train,split_extension_append_abs_deficit
fleurs-fil_ph-1745,negative_general_speech,unknown,6.0,train,split_extension_append_abs_deficit
fleurs-fil_ph-175,negative_general_speech,unknown,6.0,train,split_extension_append_abs_deficit
fleurs-fil_ph-1751,negative_general_speech,unknown,6.0,train,split_extension_append_abs_deficit
fleurs-fil_ph-1754,negative_general_speech,unknown,6.0,train,split_extension_append_abs_deficit
fleurs-fil_ph-1755,negative_general_speech,unknown,11.04,train,split_extension_append_abs_deficit
fleurs-fil_ph-1756,negative_general_speech,unknown,6.0,train,split_extension_append_abs_deficit
fleurs-fil_ph-1763,negative_general_speech,unknown,6.0,test,split_extension_append_abs_deficit
fleurs-fil_ph-1764,negative_general_speech,unknown,6.0,train,split_extension_append_abs_deficit
fleurs-fil_ph-1766,negative_general_speech,unknown,6.0,train,split_extension_append_abs_deficit
fleurs-fil_ph-177,negative_general_speech,unknown,6.0,train,split_extension_append_abs_deficit
fleurs-fil_ph-1773,negative_general_speech,unknown,6.0,train,split_extension_append_abs_deficit
fleurs-fil_ph-1780,negative_general_speech,unknown,12.0,train,split_extension_append_abs_deficit
fleurs-fil_ph-1782,negative_general_speech,unknown,6.0,train,split_extension_append_abs_deficit
fleurs-fil_ph-1784,negative_general_speech,unknown,6.0,validation,split_extension_append_abs_deficit
fleurs-fil_ph-1787,negative_general_speech,unknown,6.0,validation,split_extension_append_abs_deficit
fleurs-fil_ph-1788,negative_general_speech,unknown,6.0,train,split_extension_append_abs_deficit
fleurs-fil_ph-1790,negative_general_speech,unknown,6.0,train,split_extension_append_abs_deficit
fleurs-fil_ph-1792,negative_general_speech,unknown,6.0,train,split_extension_append_abs_deficit
fleurs-fil_ph-1793,negative_general_speech,unknown,6.0,test,split_extension_append_abs_deficit
fleurs-fil_ph-180,negative_general_speech,unknown,6.0,train,split_extension_append_abs_deficit
fleurs-fil_ph-1800,negative_general_speech,unknown,6.0,train,split_extension_append_abs_deficit
fleurs-fil_ph-1807,negative_general_speech,unknown,6.0,train,split_extension_append_abs_deficit
fleurs-fil_ph-1808,negative_general_speech,unknown,6.0,train,split_extension_append_abs_deficit
fleurs-fil_ph-181,negative_general_speech,unknown,6.0,train,split_extension_append_abs_deficit
fleurs-fil_ph-1811,negative_general_speech,unknown,6.0,train,split_extension_append_abs_deficit
fleurs-fil_ph-1815,negative_general_speech,unknown,6.0,train,split_extension_append_abs_deficit
fleurs-fil_ph-1821,negative_general_speech,unknown,6.0,validation,split_extension_append_abs_deficit
fleurs-fil_ph-183,negative_general_speech,unknown,6.0,test,split_extension_append_abs_deficit
fleurs-fil_ph-1835,negative_general_speech,unknown,6.0,train,split_extension_append_abs_deficit
fleurs-fil_ph-1838,negative_general_speech,unknown,6.0,train,split_extension_append_abs_deficit
fleurs-fil_ph-1839,negative_general_speech,unknown,12.0,train,split_extension_append_abs_deficit
fleurs-fil_ph-1848,negative_general_speech,unknown,6.0,train,split_extension_append_abs_deficit
fleurs-fil_ph-1849,negative_general_speech,unknown,6.0,train,split_extension_append_abs_deficit
fleurs-fil_ph-1850,negative_general_speech,unknown,6.0,validation,split_extension_append_abs_deficit
fleurs-fil_ph-1851,negative_general_speech,unknown,6.0,train,split_extension_append_abs_deficit
fleurs-fil_ph-1852,negative_general_speech,unknown,6.0,train,split_extension_append_abs_deficit
fleurs-fil_ph-1853,negative_general_speech,unknown,6.0,train,split_extension_append_abs_deficit
fleurs-fil_ph-1855,negative_general_speech,unknown,6.0,train,split_extension_append_abs_deficit
fleurs-fil_ph-1859,negative_general_speech,unknown,6.0,train,split_extension_append_abs_deficit
fleurs-fil_ph-1861,negative_general_speech,unknown,6.0,train,split_extension_append_abs_deficit
fleurs-fil_ph-1865,negative_general_speech,unknown,6.0,train,split_extension_append_abs_deficit
fleurs-fil_ph-187,negative_general_speech,unknown,12.0,train,split_extension_append_abs_deficit
fleurs-fil_ph-1870,negative_general_speech,unknown,6.0,train,split_extension_append_abs_deficit
fleurs-fil_ph-1871,negative_general_speech,unknown,6.0,train,split_extension_append_abs_deficit
fleurs-fil_ph-1872,negative_general_speech,unknown,6.0,test,split_extension_append_abs_deficit
fleurs-fil_ph-1878,negative_general_speech,unknown,6.0,test,split_extension_append_abs_deficit
fleurs-fil_ph-1879,negative_general_speech,unknown,6.0,train,split_extension_append_abs_deficit
fleurs-fil_ph-1887,negative_general_speech,unknown,6.0,train,split_extension_append_abs_deficit
fleurs-fil_ph-1894,negative_general_speech,unknown,6.0,train,split_extension_append_abs_deficit
fleurs-fil_ph-1895,negative_general_speech,unknown,6.0,train,split_extension_append_abs_deficit
fleurs-fil_ph-1897,negative_general_speech,unknown,6.0,test,split_extension_append_abs_deficit
fleurs-fil_ph-19,negative_general_speech,unknown,6.0,validation,split_extension_append_abs_deficit
fleurs-fil_ph-1900,negative_general_speech,unknown,6.0,train,split_extension_append_abs_deficit
fleurs-fil_ph-1902,negative_general_speech,unknown,6.0,train,split_extension_append_abs_deficit
fleurs-fil_ph-1918,negative_general_speech,unknown,12.0,train,split_extension_append_abs_deficit
fleurs-fil_ph-1924,negative_general_speech,unknown,6.0,validation,split_extension_append_abs_deficit
fleurs-fil_ph-1925,negative_general_speech,unknown,6.0,test,split_extension_append_abs_deficit
fleurs-fil_ph-1929,negative_general_speech,unknown,6.0,train,split_extension_append_abs_deficit
fleurs-fil_ph-193,negative_general_speech,unknown,6.0,test,split_extension_append_abs_deficit
fleurs-fil_ph-1930,negative_general_speech,unknown,12.0,train,split_extension_append_abs_deficit
fleurs-fil_ph-1931,negative_general_speech,unknown,6.0,train,split_extension_append_abs_deficit
fleurs-fil_ph-1933,negative_general_speech,unknown,6.0,train,split_extension_append_abs_deficit
fleurs-fil_ph-1935,negative_general_speech,unknown,12.0,train,split_extension_append_abs_deficit
fleurs-fil_ph-1937,negative_general_speech,unknown,6.0,train,split_extension_append_abs_deficit
fleurs-fil_ph-1946,negative_general_speech,unknown,6.0,train,split_extension_append_abs_deficit
fleurs-fil_ph-1947,negative_general_speech,unknown,6.0,train,split_extension_append_abs_deficit
fleurs-fil_ph-1950,negative_general_speech,unknown,6.0,train,split_extension_append_abs_deficit
fleurs-fil_ph-1954,negative_general_speech,unknown,6.0,train,split_extension_append_abs_deficit
fleurs-fil_ph-1958,negative_general_speech,unknown,6.0,train,split_extension_append_abs_deficit
fleurs-fil_ph-1960,negative_general_speech,unknown,6.0,train,split_extension_append_abs_deficit
fleurs-fil_ph-1964,negative_general_speech,unknown,6.0,train,split_extension_append_abs_deficit
fleurs-fil_ph-1968,negative_general_speech,unknown,6.0,train,split_extension_append_abs_deficit
fleurs-fil_ph-1973,negative_general_speech,unknown,6.0,train,split_extension_append_abs_deficit
fleurs-fil_ph-1980,negative_general_speech,unknown,6.0,test,split_extension_append_abs_deficit
fleurs-fil_ph-1981,negative_general_speech,unknown,12.0,train,split_extension_append_abs_deficit
fleurs-fil_ph-1982,negative_general_speech,unknown,6.0,train,split_extension_append_abs_deficit
fleurs-fil_ph-1984,negative_general_speech,unknown,6.0,train,split_extension_append_abs_deficit
fleurs-fil_ph-1987,negative_general_speech,unknown,6.0,train,split_extension_append_abs_deficit
fleurs-fil_ph-1988,negative_general_speech,unknown,6.0,train,split_extension_append_abs_deficit
fleurs-fil_ph-1994,negative_general_speech,unknown,6.0,train,split_extension_append_abs_deficit
fleurs-fil_ph-2000,negative_general_speech,unknown,12.0,train,split_extension_append_abs_deficit
fleurs-fil_ph-2001,negative_general_speech,unknown,6.0,validation,split_extension_append_abs_deficit
fleurs-fil_ph-2002,negative_general_speech,unknown,6.0,validation,split_extension_append_abs_deficit
fleurs-fil_ph-2007,negative_general_speech,unknown,6.0,train,split_extension_append_abs_deficit
fleurs-fil_ph-201,negative_general_speech,unknown,6.0,train,split_extension_append_abs_deficit
fleurs-fil_ph-206,negative_general_speech,unknown,6.0,validation,split_extension_append_abs_deficit
fleurs-fil_ph-207,negative_general_speech,unknown,6.0,train,split_extension_append_abs_deficit
fleurs-fil_ph-211,negative_general_speech,unknown,6.0,validation,split_extension_append_abs_deficit
fleurs-fil_ph-212,negative_general_speech,unknown,6.0,validation,split_extension_append_abs_deficit
fleurs-fil_ph-216,negative_general_speech,unknown,6.0,train,split_extension_append_abs_deficit
fleurs-fil_ph-230,negative_general_speech,unknown,6.0,train,split_extension_append_abs_deficit
fleurs-fil_ph-247,negative_general_speech,unknown,6.0,train,split_extension_append_abs_deficit
fleurs-fil_ph-248,negative_general_speech,unknown,6.0,train,split_extension_append_abs_deficit
fleurs-fil_ph-258,negative_general_speech,unknown,6.0,train,split_extension_append_abs_deficit
fleurs-fil_ph-261,negative_general_speech,unknown,6.0,train,split_extension_append_abs_deficit
fleurs-fil_ph-262,negative_general_speech,unknown,6.0,train,split_extension_append_abs_deficit
fleurs-fil_ph-268,negative_general_speech,unknown,6.0,train,split_extension_append_abs_deficit
fleurs-fil_ph-271,negative_general_speech,unknown,6.0,validation,split_extension_append_abs_deficit
fleurs-fil_ph-273,negative_general_speech,unknown,6.0,train,split_extension_append_abs_deficit
fleurs-fil_ph-277,negative_general_speech,unknown,6.0,train,split_extension_append_abs_deficit
fleurs-fil_ph-282,negative_general_speech,unknown,6.0,train,split_extension_append_abs_deficit
fleurs-fil_ph-292,negative_general_speech,unknown,6.0,train,split_extension_append_abs_deficit
fleurs-fil_ph-296,negative_general_speech,unknown,6.0,train,split_extension_append_abs_deficit
fleurs-fil_ph-297,negative_general_speech,unknown,6.0,train,split_extension_append_abs_deficit
fleurs-fil_ph-298,negative_general_speech,unknown,6.0,train,split_extension_append_abs_deficit
fleurs-fil_ph-3,negative_general_speech,unknown,6.0,train,split_extension_append_abs_deficit
fleurs-fil_ph-306,negative_general_speech,unknown,6.0,validation,split_extension_append_abs_deficit
fleurs-fil_ph-308,negative_general_speech,unknown,5.94,test,split_extension_append_abs_deficit
fleurs-fil_ph-311,negative_general_speech,unknown,6.0,train,split_extension_append_abs_deficit
fleurs-fil_ph-313,negative_general_speech,unknown,6.0,train,split_extension_append_abs_deficit
fleurs-fil_ph-318,negative_general_speech,unknown,6.0,train,split_extension_append_abs_deficit
fleurs-fil_ph-321,negative_general_speech,unknown,6.0,train,split_extension_append_abs_deficit
fleurs-fil_ph-332,negative_general_speech,unknown,6.0,train,split_extension_append_abs_deficit
fleurs-fil_ph-336,negative_general_speech,unknown,6.0,train,split_extension_append_abs_deficit
fleurs-fil_ph-338,negative_general_speech,unknown,6.0,train,split_extension_append_abs_deficit
fleurs-fil_ph-346,negative_general_speech,unknown,6.0,train,split_extension_append_abs_deficit
fleurs-fil_ph-348,negative_general_speech,unknown,6.0,train,split_extension_append_abs_deficit
fleurs-fil_ph-349,negative_general_speech,unknown,6.0,train,split_extension_append_abs_deficit
fleurs-fil_ph-355,negative_general_speech,unknown,6.0,validation,split_extension_append_abs_deficit
fleurs-fil_ph-365,negative_general_speech,unknown,6.0,train,split_extension_append_abs_deficit
fleurs-fil_ph-367,negative_general_speech,unknown,6.0,train,split_extension_append_abs_deficit
fleurs-fil_ph-370,negative_general_speech,unknown,6.0,train,split_extension_append_abs_deficit
fleurs-fil_ph-372,negative_general_speech,unknown,12.0,train,split_extension_append_abs_deficit
fleurs-fil_ph-375,negative_general_speech,unknown,6.0,validation,split_extension_append_abs_deficit
fleurs-fil_ph-377,negative_general_speech,unknown,6.0,train,split_extension_append_abs_deficit
fleurs-fil_ph-380,negative_general_speech,unknown,6.0,train,split_extension_append_abs_deficit
fleurs-fil_ph-381,negative_general_speech,unknown,6.0,train,split_extension_append_abs_deficit
fleurs-fil_ph-383,negative_general_speech,unknown,6.0,train,split_extension_append_abs_deficit
fleurs-fil_ph-387,negative_general_speech,unknown,6.0,train,split_extension_append_abs_deficit
fleurs-fil_ph-388,negative_general_speech,unknown,6.0,train,split_extension_append_abs_deficit
fleurs-fil_ph-389,negative_general_speech,unknown,6.0,train,split_extension_append_abs_deficit
fleurs-fil_ph-393,negative_general_speech,unknown,6.0,train,split_extension_append_abs_deficit
fleurs-fil_ph-40,negative_general_speech,unknown,6.0,train,split_extension_append_abs_deficit
fleurs-fil_ph-400,negative_general_speech,unknown,6.0,train,split_extension_append_abs_deficit
fleurs-fil_ph-406,negative_general_speech,unknown,6.0,train,split_extension_append_abs_deficit
fleurs-fil_ph-414,negative_general_speech,unknown,6.0,test,split_extension_append_abs_deficit
fleurs-fil_ph-417,negative_general_speech,unknown,6.0,train,split_extension_append_abs_deficit
fleurs-fil_ph-424,negative_general_speech,unknown,6.0,train,split_extension_append_abs_deficit
fleurs-fil_ph-427,negative_general_speech,unknown,6.0,train,split_extension_append_abs_deficit
fleurs-fil_ph-444,negative_general_speech,unknown,12.0,train,split_extension_append_abs_deficit
fleurs-fil_ph-449,negative_general_speech,unknown,6.0,train,split_extension_append_abs_deficit
fleurs-fil_ph-452,negative_general_speech,unknown,6.0,test,split_extension_append_abs_deficit
fleurs-fil_ph-462,negative_general_speech,unknown,6.0,train,split_extension_append_abs_deficit
fleurs-fil_ph-469,negative_general_speech,unknown,6.0,train,split_extension_append_abs_deficit
fleurs-fil_ph-48,negative_general_speech,unknown,6.0,train,split_extension_append_abs_deficit
fleurs-fil_ph-480,negative_general_speech,unknown,6.0,validation,split_extension_append_abs_deficit
fleurs-fil_ph-482,negative_general_speech,unknown,6.0,train,split_extension_append_abs_deficit
fleurs-fil_ph-49,negative_general_speech,unknown,6.0,train,split_extension_append_abs_deficit
fleurs-fil_ph-490,negative_general_speech,unknown,6.0,test,split_extension_append_abs_deficit
fleurs-fil_ph-498,negative_general_speech,unknown,6.0,train,split_extension_append_abs_deficit
fleurs-fil_ph-5,negative_general_speech,unknown,6.0,train,split_extension_append_abs_deficit
fleurs-fil_ph-502,negative_general_speech,unknown,6.0,train,split_extension_append_abs_deficit
fleurs-fil_ph-522,negative_general_speech,unknown,6.0,train,split_extension_append_abs_deficit
fleurs-fil_ph-524,negative_general_speech,unknown,6.0,train,split_extension_append_abs_deficit
fleurs-fil_ph-534,negative_general_speech,unknown,6.0,train,split_extension_append_abs_deficit
fleurs-fil_ph-537,negative_general_speech,unknown,6.0,train,split_extension_append_abs_deficit
fleurs-fil_ph-545,negative_general_speech,unknown,6.0,train,split_extension_append_abs_deficit
fleurs-fil_ph-547,negative_general_speech,unknown,6.0,train,split_extension_append_abs_deficit
fleurs-fil_ph-553,negative_general_speech,unknown,6.0,test,split_extension_append_abs_deficit
fleurs-fil_ph-554,negative_general_speech,unknown,6.0,train,split_extension_append_abs_deficit
fleurs-fil_ph-557,negative_general_speech,unknown,6.0,train,split_extension_append_abs_deficit
fleurs-fil_ph-56,negative_general_speech,unknown,6.0,train,split_extension_append_abs_deficit
fleurs-fil_ph-579,negative_general_speech,unknown,6.0,test,split_extension_append_abs_deficit
fleurs-fil_ph-583,negative_general_speech,unknown,6.0,train,split_extension_append_abs_deficit
fleurs-fil_ph-586,negative_general_speech,unknown,6.0,train,split_extension_append_abs_deficit
fleurs-fil_ph-594,negative_general_speech,unknown,6.0,train,split_extension_append_abs_deficit
fleurs-fil_ph-597,negative_general_speech,unknown,6.0,train,split_extension_append_abs_deficit
fleurs-fil_ph-60,negative_general_speech,unknown,6.0,validation,split_extension_append_abs_deficit
fleurs-fil_ph-608,negative_general_speech,unknown,6.0,train,split_extension_append_abs_deficit
fleurs-fil_ph-610,negative_general_speech,unknown,6.0,train,split_extension_append_abs_deficit
fleurs-fil_ph-618,negative_general_speech,unknown,6.0,train,split_extension_append_abs_deficit
fleurs-fil_ph-623,negative_general_speech,unknown,6.0,train,split_extension_append_abs_deficit
fleurs-fil_ph-625,negative_general_speech,unknown,6.0,train,split_extension_append_abs_deficit
fleurs-fil_ph-63,negative_general_speech,unknown,6.0,train,split_extension_append_abs_deficit
fleurs-fil_ph-630,negative_general_speech,unknown,6.0,test,split_extension_append_abs_deficit
fleurs-fil_ph-645,negative_general_speech,unknown,6.0,train,split_extension_append_abs_deficit
fleurs-fil_ph-646,negative_general_speech,unknown,6.0,train,split_extension_append_abs_deficit
fleurs-fil_ph-649,negative_general_speech,unknown,6.0,train,split_extension_append_abs_deficit
fleurs-fil_ph-655,negative_general_speech,unknown,6.0,train,split_extension_append_abs_deficit
fleurs-fil_ph-658,negative_general_speech,unknown,6.0,train,split_extension_append_abs_deficit
fleurs-fil_ph-66,negative_general_speech,unknown,6.0,test,split_extension_append_abs_deficit
fleurs-fil_ph-664,negative_general_speech,unknown,6.0,train,split_extension_append_abs_deficit
fleurs-fil_ph-694,negative_general_speech,unknown,6.0,train,split_extension_append_abs_deficit
fleurs-fil_ph-728,negative_general_speech,unknown,6.0,train,split_extension_append_abs_deficit
fleurs-fil_ph-73,negative_general_speech,unknown,6.0,validation,split_extension_append_abs_deficit
fleurs-fil_ph-731,negative_general_speech,unknown,6.0,train,split_extension_append_abs_deficit
fleurs-fil_ph-735,negative_general_speech,unknown,6.0,train,split_extension_append_abs_deficit
fleurs-fil_ph-745,negative_general_speech,unknown,6.0,validation,split_extension_append_abs_deficit
fleurs-fil_ph-75,negative_general_speech,unknown,6.0,train,split_extension_append_abs_deficit
fleurs-fil_ph-764,negative_general_speech,unknown,6.0,test,split_extension_append_abs_deficit
fleurs-fil_ph-766,negative_general_speech,unknown,6.0,train,split_extension_append_abs_deficit
fleurs-fil_ph-767,negative_general_speech,unknown,6.0,train,split_extension_append_abs_deficit
fleurs-fil_ph-776,negative_general_speech,unknown,6.0,train,split_extension_append_abs_deficit
fleurs-fil_ph-780,negative_general_speech,unknown,6.0,train,split_extension_append_abs_deficit
fleurs-fil_ph-783,negative_general_speech,unknown,6.0,train,split_extension_append_abs_deficit
fleurs-fil_ph-785,negative_general_speech,unknown,6.0,train,split_extension_append_abs_deficit
fleurs-fil_ph-803,negative_general_speech,unknown,6.0,train,split_extension_append_abs_deficit
fleurs-fil_ph-805,negative_general_speech,unknown,6.0,test,split_extension_append_abs_deficit
fleurs-fil_ph-806,negative_general_speech,unknown,6.0,train,split_extension_append_abs_deficit
fleurs-fil_ph-814,negative_general_speech,unknown,6.0,train,split_extension_append_abs_deficit
fleurs-fil_ph-815,negative_general_speech,unknown,6.0,test,split_extension_append_abs_deficit
fleurs-fil_ph-82,negative_general_speech,unknown,6.0,train,split_extension_append_abs_deficit
fleurs-fil_ph-823,negative_general_speech,unknown,6.0,test,split_extension_append_abs_deficit
fleurs-fil_ph-826,negative_general_speech,unknown,6.0,train,split_extension_append_abs_deficit
fleurs-fil_ph-830,negative_general_speech,unknown,6.0,validation,split_extension_append_abs_deficit
fleurs-fil_ph-843,negative_general_speech,unknown,6.0,train,split_extension_append_abs_deficit
fleurs-fil_ph-857,negative_general_speech,unknown,6.0,train,split_extension_append_abs_deficit
fleurs-fil_ph-859,negative_general_speech,unknown,6.0,train,split_extension_append_abs_deficit
fleurs-fil_ph-862,negative_general_speech,unknown,6.0,train,split_extension_append_abs_deficit
fleurs-fil_ph-865,negative_general_speech,unknown,6.0,train,split_extension_append_abs_deficit
fleurs-fil_ph-867,negative_general_speech,unknown,6.0,validation,split_extension_append_abs_deficit
fleurs-fil_ph-884,negative_general_speech,unknown,6.0,train,split_extension_append_abs_deficit
fleurs-fil_ph-888,negative_general_speech,unknown,6.0,test,split_extension_append_abs_deficit
fleurs-fil_ph-91,negative_general_speech,unknown,6.0,train,split_extension_append_abs_deficit
fleurs-fil_ph-911,negative_general_speech,unknown,6.0,train,split_extension_append_abs_deficit
fleurs-fil_ph-931,negative_general_speech,unknown,6.0,validation,split_extension_append_abs_deficit
fleurs-fil_ph-943,negative_general_speech,unknown,6.0,test,split_extension_append_abs_deficit
fleurs-fil_ph-950,negative_general_speech,unknown,6.0,train,split_extension_append_abs_deficit
fleurs-fil_ph-955,negative_general_speech,unknown,6.0,train,split_extension_append_abs_deficit
fleurs-fil_ph-956,negative_general_speech,unknown,6.0,validation,split_extension_append_abs_deficit
fleurs-fil_ph-973,negative_general_speech,unknown,6.0,train,split_extension_append_abs_deficit
fleurs-fil_ph-989,negative_general_speech,unknown,6.0,train,split_extension_append_abs_deficit
fleurs-fil_ph-990,negative_general_speech,unknown,12.0,train,split_extension_append_abs_deficit
musan-speech-librivox-0000,negative_general_speech,unknown,6.0,train,split_extension_append_abs_deficit
musan-speech-librivox-0002,negative_general_speech,unknown,6.0,train,split_extension_append_abs_deficit
musan-speech-librivox-0003,negative_general_speech,unknown,6.0,train,split_extension_append_abs_deficit
musan-speech-librivox-0006,negative_general_speech,unknown,6.0,train,split_extension_append_abs_deficit
musan-speech-librivox-0007,negative_general_speech,unknown,6.0,test,split_extension_append_abs_deficit
musan-speech-librivox-0008,negative_general_speech,unknown,6.0,validation,split_extension_append_abs_deficit
musan-speech-librivox-0011,negative_general_speech,unknown,6.0,train,split_extension_append_abs_deficit
musan-speech-librivox-0013,negative_general_speech,unknown,6.0,train,split_extension_append_abs_deficit
musan-speech-librivox-0016,negative_general_speech,unknown,6.0,train,split_extension_append_abs_deficit
musan-speech-librivox-0019,negative_general_speech,unknown,6.0,validation,split_extension_append_abs_deficit
musan-speech-librivox-0021,negative_general_speech,unknown,6.0,train,split_extension_append_abs_deficit
musan-speech-librivox-0022,negative_general_speech,unknown,6.0,train,split_extension_append_abs_deficit
musan-speech-librivox-0023,negative_general_speech,unknown,6.0,train,split_extension_append_abs_deficit
musan-speech-librivox-0024,negative_general_speech,unknown,6.0,validation,split_extension_append_abs_deficit
musan-speech-librivox-0025,negative_general_speech,unknown,6.0,train,split_extension_append_abs_deficit
musan-speech-librivox-0028,negative_general_speech,unknown,6.0,train,split_extension_append_abs_deficit
musan-speech-librivox-0029,negative_general_speech,unknown,6.0,train,split_extension_append_abs_deficit
musan-speech-librivox-0031,negative_general_speech,unknown,6.0,test,split_extension_append_abs_deficit
musan-speech-librivox-0032,negative_general_speech,unknown,6.0,train,split_extension_append_abs_deficit
musan-speech-librivox-0035,negative_general_speech,unknown,6.0,train,split_extension_append_abs_deficit
musan-speech-librivox-0040,negative_general_speech,unknown,6.0,train,split_extension_append_abs_deficit
musan-speech-librivox-0042,negative_general_speech,unknown,6.0,train,split_extension_append_abs_deficit
musan-speech-librivox-0048,negative_general_speech,unknown,6.0,train,split_extension_append_abs_deficit
musan-speech-librivox-0050,negative_general_speech,unknown,6.0,train,split_extension_append_abs_deficit
musan-speech-librivox-0052,negative_general_speech,unknown,6.0,train,split_extension_append_abs_deficit
musan-speech-librivox-0053,negative_general_speech,unknown,6.0,train,split_extension_append_abs_deficit
musan-speech-librivox-0055,negative_general_speech,unknown,6.0,test,split_extension_append_abs_deficit
musan-speech-librivox-0059,negative_general_speech,unknown,6.0,train,split_extension_append_abs_deficit
musan-speech-librivox-0061,negative_general_speech,unknown,6.0,validation,split_extension_append_abs_deficit
musan-speech-librivox-0062,negative_general_speech,unknown,6.0,train,split_extension_append_abs_deficit
musan-speech-librivox-0063,negative_general_speech,unknown,6.0,train,split_extension_append_abs_deficit
musan-speech-librivox-0066,negative_general_speech,unknown,6.0,train,split_extension_append_abs_deficit
musan-speech-librivox-0070,negative_general_speech,unknown,6.0,validation,split_extension_append_abs_deficit
musan-speech-librivox-0074,negative_general_speech,unknown,6.0,train,split_extension_append_abs_deficit
musan-speech-librivox-0075,negative_general_speech,unknown,6.0,train,split_extension_append_abs_deficit
musan-speech-librivox-0076,negative_general_speech,unknown,6.0,validation,split_extension_append_abs_deficit
musan-speech-librivox-0079,negative_general_speech,unknown,6.0,train,split_extension_append_abs_deficit
musan-speech-librivox-0080,negative_general_speech,unknown,6.0,train,split_extension_append_abs_deficit
musan-speech-librivox-0082,negative_general_speech,unknown,6.0,train,split_extension_append_abs_deficit
musan-speech-librivox-0085,negative_general_speech,unknown,6.0,train,split_extension_append_abs_deficit
musan-speech-librivox-0087,negative_general_speech,unknown,6.0,train,split_extension_append_abs_deficit
musan-speech-librivox-0088,negative_general_speech,unknown,6.0,train,split_extension_append_abs_deficit
musan-speech-librivox-0089,negative_general_speech,unknown,6.0,test,split_extension_append_abs_deficit
musan-speech-librivox-0091,negative_general_speech,unknown,6.0,train,split_extension_append_abs_deficit
musan-speech-librivox-0092,negative_general_speech,unknown,6.0,train,split_extension_append_abs_deficit
musan-speech-librivox-0094,negative_general_speech,unknown,6.0,train,split_extension_append_abs_deficit
musan-speech-librivox-0095,negative_general_speech,unknown,6.0,validation,split_extension_append_abs_deficit
musan-speech-librivox-0104,negative_general_speech,unknown,6.0,train,split_extension_append_abs_deficit
musan-speech-librivox-0105,negative_general_speech,unknown,6.0,train,split_extension_append_abs_deficit
musan-speech-librivox-0106,negative_general_speech,unknown,6.0,test,split_extension_append_abs_deficit
musan-speech-librivox-0108,negative_general_speech,unknown,6.0,train,split_extension_append_abs_deficit
musan-speech-librivox-0111,negative_general_speech,unknown,6.0,train,split_extension_append_abs_deficit
musan-speech-librivox-0113,negative_general_speech,unknown,6.0,train,split_extension_append_abs_deficit
musan-speech-librivox-0116,negative_general_speech,unknown,6.0,validation,split_extension_append_abs_deficit
musan-speech-librivox-0118,negative_general_speech,unknown,6.0,train,split_extension_append_abs_deficit
musan-speech-librivox-0119,negative_general_speech,unknown,6.0,train,split_extension_append_abs_deficit
musan-speech-librivox-0120,negative_general_speech,unknown,6.0,train,split_extension_append_abs_deficit
musan-speech-librivox-0121,negative_general_speech,unknown,6.0,train,split_extension_append_abs_deficit
musan-speech-librivox-0123,negative_general_speech,unknown,6.0,train,split_extension_append_abs_deficit
musan-speech-librivox-0124,negative_general_speech,unknown,6.0,test,split_extension_append_abs_deficit
musan-speech-librivox-0125,negative_general_speech,unknown,6.0,train,split_extension_append_abs_deficit
musan-speech-librivox-0126,negative_general_speech,unknown,6.0,train,split_extension_append_abs_deficit
musan-speech-librivox-0128,negative_general_speech,unknown,6.0,train,split_extension_append_abs_deficit
musan-speech-librivox-0129,negative_general_speech,unknown,6.0,train,split_extension_append_abs_deficit
musan-speech-librivox-0132,negative_general_speech,unknown,6.0,test,split_extension_append_abs_deficit
musan-speech-librivox-0133,negative_general_speech,unknown,6.0,train,split_extension_append_abs_deficit
musan-speech-librivox-0136,negative_general_speech,unknown,6.0,train,split_extension_append_abs_deficit
musan-speech-librivox-0138,negative_general_speech,unknown,6.0,train,split_extension_append_abs_deficit
musan-speech-librivox-0139,negative_general_speech,unknown,6.0,train,split_extension_append_abs_deficit
musan-speech-librivox-0142,negative_general_speech,unknown,6.0,test,split_extension_append_abs_deficit
musan-speech-librivox-0146,negative_general_speech,unknown,6.0,validation,split_extension_append_abs_deficit
musan-speech-librivox-0147,negative_general_speech,unknown,6.0,train,split_extension_append_abs_deficit
musan-speech-librivox-0148,negative_general_speech,unknown,6.0,train,split_extension_append_abs_deficit
musan-speech-librivox-0150,negative_general_speech,unknown,6.0,train,split_extension_append_abs_deficit
musan-speech-librivox-0152,negative_general_speech,unknown,6.0,train,split_extension_append_abs_deficit
musan-speech-librivox-0153,negative_general_speech,unknown,6.0,train,split_extension_append_abs_deficit
musan-speech-librivox-0157,negative_general_speech,unknown,6.0,validation,split_extension_append_abs_deficit
musan-speech-librivox-0158,negative_general_speech,unknown,6.0,train,split_extension_append_abs_deficit
musan-speech-librivox-0159,negative_general_speech,unknown,6.0,test,split_extension_append_abs_deficit
musan-speech-librivox-0162,negative_general_speech,unknown,6.0,validation,split_extension_append_abs_deficit
musan-speech-librivox-0163,negative_general_speech,unknown,6.0,train,split_extension_append_abs_deficit
musan-speech-librivox-0166,negative_general_speech,unknown,6.0,validation,split_extension_append_abs_deficit
musan-speech-librivox-0167,negative_general_speech,unknown,6.0,train,split_extension_append_abs_deficit
musan-speech-librivox-0168,negative_general_speech,unknown,6.0,train,split_extension_append_abs_deficit
musan-speech-librivox-0169,negative_general_speech,unknown,6.0,train,split_extension_append_abs_deficit
musan-speech-us-gov-0001,negative_general_speech,unknown,6.0,train,split_extension_append_abs_deficit
musan-speech-us-gov-0004,negative_general_speech,unknown,6.0,train,split_extension_append_abs_deficit
musan-speech-us-gov-0006,negative_general_speech,unknown,6.0,train,split_extension_append_abs_deficit
musan-speech-us-gov-0007,negative_general_speech,unknown,6.0,train,split_extension_append_abs_deficit
musan-speech-us-gov-0008,negative_general_speech,unknown,6.0,train,split_extension_append_abs_deficit
musan-speech-us-gov-0010,negative_general_speech,unknown,6.0,train,split_extension_append_abs_deficit
musan-speech-us-gov-0013,negative_general_speech,unknown,6.0,train,split_extension_append_abs_deficit
musan-speech-us-gov-0021,negative_general_speech,unknown,6.0,train,split_extension_append_abs_deficit
musan-speech-us-gov-0026,negative_general_speech,unknown,6.0,train,split_extension_append_abs_deficit
musan-speech-us-gov-0027,negative_general_speech,unknown,6.0,train,split_extension_append_abs_deficit
musan-speech-us-gov-0031,negative_general_speech,unknown,6.0,train,split_extension_append_abs_deficit
musan-speech-us-gov-0032,negative_general_speech,unknown,6.0,train,split_extension_append_abs_deficit
musan-speech-us-gov-0036,negative_general_speech,unknown,6.0,test,split_extension_append_abs_deficit
musan-speech-us-gov-0039,negative_general_speech,unknown,6.0,train,split_extension_append_abs_deficit
musan-speech-us-gov-0041,negative_general_speech,unknown,6.0,train,split_extension_append_abs_deficit
musan-speech-us-gov-0045,negative_general_speech,unknown,6.0,validation,split_extension_append_abs_deficit
musan-speech-us-gov-0046,negative_general_speech,unknown,6.0,test,split_extension_append_abs_deficit
musan-speech-us-gov-0048,negative_general_speech,unknown,6.0,test,split_extension_append_abs_deficit
musan-speech-us-gov-0055,negative_general_speech,unknown,6.0,train,split_extension_append_abs_deficit
musan-speech-us-gov-0057,negative_general_speech,unknown,6.0,train,split_extension_append_abs_deficit
musan-speech-us-gov-0058,negative_general_speech,unknown,6.0,train,split_extension_append_abs_deficit
musan-speech-us-gov-0059,negative_general_speech,unknown,6.0,train,split_extension_append_abs_deficit
musan-speech-us-gov-0060,negative_general_speech,unknown,6.0,train,split_extension_append_abs_deficit
musan-speech-us-gov-0063,negative_general_speech,unknown,6.0,train,split_extension_append_abs_deficit
musan-speech-us-gov-0064,negative_general_speech,unknown,6.0,train,split_extension_append_abs_deficit
musan-speech-us-gov-0069,negative_general_speech,unknown,6.0,train,split_extension_append_abs_deficit
musan-speech-us-gov-0071,negative_general_speech,unknown,6.0,train,split_extension_append_abs_deficit
musan-speech-us-gov-0072,negative_general_speech,unknown,6.0,train,split_extension_append_abs_deficit
musan-speech-us-gov-0074,negative_general_speech,unknown,6.0,train,split_extension_append_abs_deficit
musan-speech-us-gov-0076,negative_general_speech,unknown,6.0,train,split_extension_append_abs_deficit
musan-speech-us-gov-0077,negative_general_speech,unknown,6.0,test,split_extension_append_abs_deficit
musan-speech-us-gov-0078,negative_general_speech,unknown,6.0,test,split_extension_append_abs_deficit
musan-speech-us-gov-0080,negative_general_speech,unknown,6.0,train,split_extension_append_abs_deficit
musan-speech-us-gov-0081,negative_general_speech,unknown,6.0,train,split_extension_append_abs_deficit
musan-speech-us-gov-0082,negative_general_speech,unknown,6.0,train,split_extension_append_abs_deficit
musan-speech-us-gov-0083,negative_general_speech,unknown,6.0,train,split_extension_append_abs_deficit
musan-speech-us-gov-0085,negative_general_speech,unknown,6.0,test,split_extension_append_abs_deficit
musan-speech-us-gov-0087,negative_general_speech,unknown,6.0,train,split_extension_append_abs_deficit
musan-speech-us-gov-0089,negative_general_speech,unknown,6.0,validation,split_extension_append_abs_deficit
musan-speech-us-gov-0090,negative_general_speech,unknown,6.0,train,split_extension_append_abs_deficit
musan-speech-us-gov-0093,negative_general_speech,unknown,6.0,train,split_extension_append_abs_deficit
musan-speech-us-gov-0094,negative_general_speech,unknown,6.0,validation,split_extension_append_abs_deficit
musan-speech-us-gov-0095,negative_general_speech,unknown,6.0,test,split_extension_append_abs_deficit
musan-speech-us-gov-0097,negative_general_speech,unknown,6.0,train,split_extension_append_abs_deficit
musan-speech-us-gov-0098,negative_general_speech,unknown,6.0,train,split_extension_append_abs_deficit
musan-speech-us-gov-0099,negative_general_speech,unknown,6.0,train,split_extension_append_abs_deficit
musan-speech-us-gov-0104,negative_general_speech,unknown,6.0,test,split_extension_append_abs_deficit
musan-speech-us-gov-0106,negative_general_speech,unknown,6.0,train,split_extension_append_abs_deficit
musan-speech-us-gov-0109,negative_general_speech,unknown,6.0,train,split_extension_append_abs_deficit
musan-speech-us-gov-0111,negative_general_speech,unknown,6.0,validation,split_extension_append_abs_deficit
musan-speech-us-gov-0113,negative_general_speech,unknown,6.0,train,split_extension_append_abs_deficit
musan-speech-us-gov-0116,negative_general_speech,unknown,6.0,test,split_extension_append_abs_deficit
musan-speech-us-gov-0118,negative_general_speech,unknown,6.0,train,split_extension_append_abs_deficit
musan-speech-us-gov-0120,negative_general_speech,unknown,6.0,train,split_extension_append_abs_deficit
musan-speech-us-gov-0121,negative_general_speech,unknown,6.0,train,split_extension_append_abs_deficit
musan-speech-us-gov-0122,negative_general_speech,unknown,6.0,validation,split_extension_append_abs_deficit
musan-speech-us-gov-0124,negative_general_speech,unknown,6.0,train,split_extension_append_abs_deficit
musan-speech-us-gov-0126,negative_general_speech,unknown,6.0,validation,split_extension_append_abs_deficit
musan-speech-us-gov-0127,negative_general_speech,unknown,6.0,test,split_extension_append_abs_deficit
musan-speech-us-gov-0132,negative_general_speech,unknown,6.0,train,split_extension_append_abs_deficit
musan-speech-us-gov-0133,negative_general_speech,unknown,6.0,validation,split_extension_append_abs_deficit
musan-speech-us-gov-0134,negative_general_speech,unknown,6.0,train,split_extension_append_abs_deficit
musan-speech-us-gov-0135,negative_general_speech,unknown,6.0,train,split_extension_append_abs_deficit
musan-speech-us-gov-0136,negative_general_speech,unknown,6.0,train,split_extension_append_abs_deficit
musan-speech-us-gov-0138,negative_general_speech,unknown,6.0,train,split_extension_append_abs_deficit
musan-speech-us-gov-0144,negative_general_speech,unknown,6.0,train,split_extension_append_abs_deficit
musan-speech-us-gov-0147,negative_general_speech,unknown,6.0,train,split_extension_append_abs_deficit
musan-speech-us-gov-0148,negative_general_speech,unknown,6.0,test,split_extension_append_abs_deficit
musan-speech-us-gov-0151,negative_general_speech,unknown,6.0,train,split_extension_append_abs_deficit
musan-speech-us-gov-0160,negative_general_speech,unknown,6.0,test,split_extension_append_abs_deficit
musan-speech-us-gov-0167,negative_general_speech,unknown,6.0,train,split_extension_append_abs_deficit
musan-speech-us-gov-0170,negative_general_speech,unknown,6.0,train,split_extension_append_abs_deficit
musan-speech-us-gov-0172,negative_general_speech,unknown,6.0,test,split_extension_append_abs_deficit
musan-speech-us-gov-0175,negative_general_speech,unknown,6.0,train,split_extension_append_abs_deficit
musan-speech-us-gov-0176,negative_general_speech,unknown,6.0,train,split_extension_append_abs_deficit
musan-speech-us-gov-0177,negative_general_speech,unknown,6.0,train,split_extension_append_abs_deficit
musan-speech-us-gov-0178,negative_general_speech,unknown,6.0,train,split_extension_append_abs_deficit
musan-speech-us-gov-0180,negative_general_speech,unknown,6.0,validation,split_extension_append_abs_deficit
musan-speech-us-gov-0183,negative_general_speech,unknown,6.0,train,split_extension_append_abs_deficit
musan-speech-us-gov-0184,negative_general_speech,unknown,6.0,train,split_extension_append_abs_deficit
musan-speech-us-gov-0186,negative_general_speech,unknown,6.0,train,split_extension_append_abs_deficit
musan-speech-us-gov-0189,negative_general_speech,unknown,6.0,train,split_extension_append_abs_deficit
musan-speech-us-gov-0190,negative_general_speech,unknown,6.0,train,split_extension_append_abs_deficit
musan-speech-us-gov-0191,negative_general_speech,unknown,6.0,train,split_extension_append_abs_deficit
musan-speech-us-gov-0193,negative_general_speech,unknown,6.0,validation,split_extension_append_abs_deficit
musan-speech-us-gov-0194,negative_general_speech,unknown,6.0,test,split_extension_append_abs_deficit
musan-speech-us-gov-0196,negative_general_speech,unknown,6.0,train,split_extension_append_abs_deficit
musan-speech-us-gov-0198,negative_general_speech,unknown,6.0,train,split_extension_append_abs_deficit
musan-speech-us-gov-0202,negative_general_speech,unknown,6.0,train,split_extension_append_abs_deficit
musan-speech-us-gov-0203,negative_general_speech,unknown,6.0,train,split_extension_append_abs_deficit
musan-speech-us-gov-0207,negative_general_speech,unknown,6.0,test,split_extension_append_abs_deficit
musan-speech-us-gov-0208,negative_general_speech,unknown,6.0,test,split_extension_append_abs_deficit
musan-speech-us-gov-0209,negative_general_speech,unknown,6.0,train,split_extension_append_abs_deficit
musan-speech-us-gov-0210,negative_general_speech,unknown,6.0,train,split_extension_append_abs_deficit
musan-speech-us-gov-0211,negative_general_speech,unknown,6.0,train,split_extension_append_abs_deficit
musan-speech-us-gov-0213,negative_general_speech,unknown,6.0,train,split_extension_append_abs_deficit
musan-speech-us-gov-0218,negative_general_speech,unknown,6.0,validation,split_extension_append_abs_deficit
musan-speech-us-gov-0220,negative_general_speech,unknown,6.0,train,split_extension_append_abs_deficit
musan-speech-us-gov-0223,negative_general_speech,unknown,6.0,train,split_extension_append_abs_deficit
musan-speech-us-gov-0224,negative_general_speech,unknown,6.0,test,split_extension_append_abs_deficit
musan-speech-us-gov-0225,negative_general_speech,unknown,6.0,train,split_extension_append_abs_deficit
musan-speech-us-gov-0226,negative_general_speech,unknown,6.0,train,split_extension_append_abs_deficit
musan-speech-us-gov-0229,negative_general_speech,unknown,6.0,train,split_extension_append_abs_deficit
musan-speech-us-gov-0230,negative_general_speech,unknown,6.0,train,split_extension_append_abs_deficit
musan-speech-us-gov-0233,negative_general_speech,unknown,6.0,train,split_extension_append_abs_deficit
musan-speech-us-gov-0236,negative_general_speech,unknown,6.0,train,split_extension_append_abs_deficit
musan-speech-us-gov-0238,negative_general_speech,unknown,6.0,train,split_extension_append_abs_deficit
musan-speech-us-gov-0240,negative_general_speech,unknown,6.0,validation,split_extension_append_abs_deficit
musan-speech-us-gov-0241,negative_general_speech,unknown,6.0,test,split_extension_append_abs_deficit
musan-speech-us-gov-0242,negative_general_speech,unknown,6.0,train,split_extension_append_abs_deficit
musan-speech-us-gov-0245,negative_general_speech,unknown,6.0,train,split_extension_append_abs_deficit
musan-speech-us-gov-0247,negative_general_speech,unknown,6.0,train,split_extension_append_abs_deficit
musan-speech-us-gov-0248,negative_general_speech,unknown,6.0,train,split_extension_append_abs_deficit
musan-speech-us-gov-0249,negative_general_speech,unknown,6.0,train,split_extension_append_abs_deficit
musan-speech-us-gov-0252,negative_general_speech,unknown,6.0,train,split_extension_append_abs_deficit
snips-004e2732858c7f94,negative_general_speech,unknown,5.58,train,split_extension_append_abs_deficit
snips-006cdba1d6c0ee30,negative_general_speech,unknown,3.9009,train,split_extension_append_abs_deficit
snips-010834e786654955,negative_general_speech,unknown,2.9013,test,split_extension_append_abs_deficit
snips-0152b62936f26d92,negative_general_speech,unknown,6.6065,train,split_extension_append_abs_deficit
snips-01a3f820b9b08bc9,negative_general_speech,unknown,4.4582,train,split_extension_append_abs_deficit
snips-01d18b3abe5609c2,negative_general_speech,unknown,4.3654,train,split_extension_append_abs_deficit
snips-026e9234784ca97e,negative_general_speech,unknown,2.46,train,split_extension_append_abs_deficit
snips-02c69ac58484fc1a,negative_general_speech,unknown,3.4366,test,split_extension_append_abs_deficit
snips-02c9c04c582eda1c,negative_general_speech,unknown,4.352,train,split_extension_append_abs_deficit
snips-037f0c882a611a9a,negative_general_speech,unknown,3.12,validation,split_extension_append_abs_deficit
snips-039d6c88ed624071,negative_general_speech,unknown,4.864,train,split_extension_append_abs_deficit
snips-03c9686685ea5f3b,negative_general_speech,unknown,2.9013,train,split_extension_append_abs_deficit
snips-03e107c2169010cf,negative_general_speech,unknown,2.5078,train,split_extension_append_abs_deficit
snips-04b5ce57b3a436a7,negative_general_speech,unknown,4.02,train,split_extension_append_abs_deficit
snips-050af323b1d2ab21,negative_general_speech,unknown,4.62,train,split_extension_append_abs_deficit
snips-05371897f366d168,negative_general_speech,unknown,5.04,train,split_extension_append_abs_deficit
snips-053b101eb381f1fc,negative_general_speech,unknown,5.52,train,split_extension_append_abs_deficit
snips-05b9aeb7b367886f,negative_general_speech,unknown,3.4571,test,split_extension_append_abs_deficit
snips-05bc88c03cdc0204,negative_general_speech,unknown,6.12,train,split_extension_append_abs_deficit
snips-063b86a828a36608,negative_general_speech,unknown,4.14,train,split_extension_append_abs_deficit
snips-064f8d1657cee9b8,negative_general_speech,unknown,3.1573,train,split_extension_append_abs_deficit
snips-06b1c29f4b46bfcd,negative_general_speech,unknown,6.06,train,split_extension_append_abs_deficit
snips-06ed4f40319bccc8,negative_general_speech,unknown,2.82,test,split_extension_append_abs_deficit
snips-0703c47aba863bf3,negative_general_speech,unknown,5.2012,train,split_extension_append_abs_deficit
snips-07109e5aabee6a18,negative_general_speech,unknown,3.2427,test,split_extension_append_abs_deficit
snips-075d73650fb7cf4c,negative_general_speech,unknown,3.2427,test,split_extension_append_abs_deficit
snips-07a2cd1fd6ba2fc9,negative_general_speech,unknown,6.4853,train,split_extension_append_abs_deficit
snips-07cc3124a905f621,negative_general_speech,unknown,2.76,validation,split_extension_append_abs_deficit
snips-07e6905d4f644e29,negative_general_speech,unknown,6.4,train,split_extension_append_abs_deficit
snips-089b97424c0cbf98,negative_general_speech,unknown,3.1573,test,split_extension_append_abs_deficit
snips-08abe31a117ed55b,negative_general_speech,unknown,5.9733,train,split_extension_append_abs_deficit
snips-08af740287710b69,negative_general_speech,unknown,3.84,train,split_extension_append_abs_deficit
snips-08fb828815bd318d,negative_general_speech,unknown,2.56,train,split_extension_append_abs_deficit
snips-08fc0e046cfc1160,negative_general_speech,unknown,4.98,train,split_extension_append_abs_deficit
snips-09155022276db0b6,negative_general_speech,unknown,2.76,test,split_extension_append_abs_deficit
snips-09c7333f427b20b2,negative_general_speech,unknown,6.78,train,split_extension_append_abs_deficit
snips-0b2db983afecdbe8,negative_general_speech,unknown,3.8081,train,split_extension_append_abs_deficit
snips-0b915e5831721f7e,negative_general_speech,unknown,5.28,train,split_extension_append_abs_deficit
snips-0ba2e67ecba0c136,negative_general_speech,unknown,3.0651,train,split_extension_append_abs_deficit
snips-0c1d00a48cea4261,negative_general_speech,unknown,3.84,train,split_extension_append_abs_deficit
snips-0c2c30518d33e2a2,negative_general_speech,unknown,5.888,train,split_extension_append_abs_deficit
snips-0c376ffd8cff760e,negative_general_speech,unknown,3.4366,validation,split_extension_append_abs_deficit
snips-0c3b299d89e8bcca,negative_general_speech,unknown,2.88,train,split_extension_append_abs_deficit
snips-0c95d2eda4833b7e,negative_general_speech,unknown,3.78,train,split_extension_append_abs_deficit
snips-0dc5edcf5f3e69b4,negative_general_speech,unknown,2.28,validation,split_extension_append_abs_deficit
snips-0e682268f8ac2b11,negative_general_speech,unknown,4.8297,train,split_extension_append_abs_deficit
snips-0e91dacf29ebaa3c,negative_general_speech,unknown,7.2,train,split_extension_append_abs_deficit
snips-0eebee87be902347,negative_general_speech,unknown,3.3,validation,split_extension_append_abs_deficit
snips-0f43c09155f9bf08,negative_general_speech,unknown,3.22,validation,split_extension_append_abs_deficit
snips-0fc74ddf394a38b8,negative_general_speech,unknown,4.7369,train,split_extension_append_abs_deficit
snips-0ff2043127a02437,negative_general_speech,unknown,3.96,train,split_extension_append_abs_deficit
snips-0ff80f68d291afda,negative_general_speech,unknown,3.9,train,split_extension_append_abs_deficit
snips-100d966dd5f3920a,negative_general_speech,unknown,3.904,train,split_extension_append_abs_deficit
snips-1076a31d7ec81f3d,negative_general_speech,unknown,2.46,validation,split_extension_append_abs_deficit
snips-10783cd4457f0616,negative_general_speech,unknown,2.4747,validation,split_extension_append_abs_deficit
snips-1095e7ce77bd01a1,negative_general_speech,unknown,3.7547,train,split_extension_append_abs_deficit
snips-10e17e3490ad54c2,negative_general_speech,unknown,6.5707,train,split_extension_append_abs_deficit
snips-114376935ac86316,negative_general_speech,unknown,2.7307,test,split_extension_append_abs_deficit
snips-115d122a73b44c2a,negative_general_speech,unknown,6.6,train,split_extension_append_abs_deficit
snips-11cebb51e6cd63e2,negative_general_speech,unknown,4.6933,train,split_extension_append_abs_deficit
snips-12f5d4736c6fd486,negative_general_speech,unknown,2.22,test,split_extension_append_abs_deficit
snips-12f857b52861de53,negative_general_speech,unknown,2.322,test,split_extension_append_abs_deficit
snips-13cb5a5618a71095,negative_general_speech,unknown,4.8297,train,split_extension_append_abs_deficit
snips-13db91231eec47ed,negative_general_speech,unknown,4.608,train,split_extension_append_abs_deficit
snips-14e2bce08172e7fc,negative_general_speech,unknown,4.608,train,split_extension_append_abs_deficit
snips-155572097998801a,negative_general_speech,unknown,7.2446,train,split_extension_append_abs_deficit
snips-1689bcd36a66b515,negative_general_speech,unknown,3.328,validation,split_extension_append_abs_deficit
snips-1724b8501942f1b0,negative_general_speech,unknown,3.6223,train,split_extension_append_abs_deficit
snips-17269b9b8d3bda6a,negative_general_speech,unknown,3.9,train,split_extension_append_abs_deficit
snips-173c1eccb89b8770,negative_general_speech,unknown,7.56,train,split_extension_append_abs_deficit
snips-177cb2003c0aa1a1,negative_general_speech,unknown,2.6453,validation,split_extension_append_abs_deficit
snips-17b3e1f4a182cea4,negative_general_speech,unknown,3.72,train,split_extension_append_abs_deficit
snips-18827910e3c71f17,negative_general_speech,unknown,4.0107,train,split_extension_append_abs_deficit
snips-1899184a38f479a6,negative_general_speech,unknown,3.24,train,split_extension_append_abs_deficit
snips-18a9822c8ad2a137,negative_general_speech,unknown,2.58,test,split_extension_append_abs_deficit
snips-197143503c64047d,negative_general_speech,unknown,3.66,train,split_extension_append_abs_deficit
snips-1a37e24c98b23ddc,negative_general_speech,unknown,5.88,train,split_extension_append_abs_deficit
snips-1aa18571df1e261e,negative_general_speech,unknown,3.54,train,split_extension_append_abs_deficit
snips-1b5f56ba5b18ef8a,negative_general_speech,unknown,2.304,validation,split_extension_append_abs_deficit
snips-1c6cf630f82a9042,negative_general_speech,unknown,4.92,train,split_extension_append_abs_deficit
snips-1ce2c5dfc945e1a2,negative_general_speech,unknown,3.84,train,split_extension_append_abs_deficit
snips-1cefefa7602ab73e,negative_general_speech,unknown,2.94,validation,split_extension_append_abs_deficit
snips-1d04ae6cb06d1890,negative_general_speech,unknown,5.4799,train,split_extension_append_abs_deficit
snips-1d25c587bed25e5a,negative_general_speech,unknown,5.5467,train,split_extension_append_abs_deficit
snips-1df73e202cce7d87,negative_general_speech,unknown,6.7802,train,split_extension_append_abs_deficit
snips-1f34ca4ac52090d5,negative_general_speech,unknown,3.0965,test,split_extension_append_abs_deficit
snips-1f415ec8814456b8,negative_general_speech,unknown,5.5467,train,split_extension_append_abs_deficit
snips-1f7be19f8a609118,negative_general_speech,unknown,3.9253,train,split_extension_append_abs_deficit
snips-1f8f7a8929e58ebc,negative_general_speech,unknown,4.2725,train,split_extension_append_abs_deficit
snips-1f99c54cef308968,negative_general_speech,unknown,5.7173,train,split_extension_append_abs_deficit
snips-1fcc80b9ef2f73fc,negative_general_speech,unknown,3.3,test,split_extension_append_abs_deficit
snips-21143174a77857a2,negative_general_speech,unknown,3.24,test,split_extension_append_abs_deficit
snips-21146fa3f76c5725,negative_general_speech,unknown,3.9938,train,split_extension_append_abs_deficit
snips-2149e58f88b6dc8a,negative_general_speech,unknown,3.4366,train,split_extension_append_abs_deficit
snips-214c67c4193ce8a3,negative_general_speech,unknown,2.816,validation,split_extension_append_abs_deficit
snips-219971bb2f415932,negative_general_speech,unknown,2.1362,test,split_extension_append_abs_deficit
snips-21d40fcb6adfcc7a,negative_general_speech,unknown,4.608,train,split_extension_append_abs_deficit
snips-21f45817b8d0ba1b,negative_general_speech,unknown,3.072,train,split_extension_append_abs_deficit
snips-224b52c0d0e817d2,negative_general_speech,unknown,3.9,train,split_extension_append_abs_deficit
snips-2269176a6deeef30,negative_general_speech,unknown,3.6,validation,split_extension_append_abs_deficit
snips-22aec173b9c7600c,negative_general_speech,unknown,5.7,train,split_extension_append_abs_deficit
snips-22b01d26f1caf164,negative_general_speech,unknown,5.2012,train,split_extension_append_abs_deficit
snips-22b1f234ac326130,negative_general_speech,unknown,3.48,validation,split_extension_append_abs_deficit
snips-2304a0568da26b97,negative_general_speech,unknown,2.7,validation,split_extension_append_abs_deficit
snips-237591f89ebf4bef,negative_general_speech,unknown,2.816,test,split_extension_append_abs_deficit
snips-2390aa56998a746b,negative_general_speech,unknown,4.2667,train,split_extension_append_abs_deficit
snips-24b63f9519919f0a,negative_general_speech,unknown,4.7787,train,split_extension_append_abs_deficit
snips-2563c29e60ffd89b,negative_general_speech,unknown,2.5078,validation,split_extension_append_abs_deficit
snips-26631c4d8a0cf33e,negative_general_speech,unknown,4.02,train,split_extension_append_abs_deficit
snips-26a132e6f8d77401,negative_general_speech,unknown,5.22,train,split_extension_append_abs_deficit
snips-27e98d796b8b7bf8,negative_general_speech,unknown,2.46,test,split_extension_append_abs_deficit
snips-280d4b70e5f39107,negative_general_speech,unknown,4.8,train,split_extension_append_abs_deficit
snips-287f5a05e3166139,negative_general_speech,unknown,2.4747,train,split_extension_append_abs_deficit
snips-28c86cbb693e4e8a,negative_general_speech,unknown,4.0868,train,split_extension_append_abs_deficit
snips-2938b2901e71839b,negative_general_speech,unknown,1.9627,validation,split_extension_append_abs_deficit
snips-294175db5c1fbe9b,negative_general_speech,unknown,3.72,train,split_extension_append_abs_deficit
snips-2965fc902e402169,negative_general_speech,unknown,2.6935,test,split_extension_append_abs_deficit
snips-29debf6407ef1820,negative_general_speech,unknown,6.8267,train,split_extension_append_abs_deficit
snips-2a6de5bd77a89432,negative_general_speech,unknown,4.02,train,split_extension_append_abs_deficit
snips-2ac5524cd37bef85,negative_general_speech,unknown,2.58,validation,split_extension_append_abs_deficit
snips-2ac57d36766fb743,negative_general_speech,unknown,4.08,train,split_extension_append_abs_deficit
snips-2ada98da4d7c472f,negative_general_speech,unknown,2.7,validation,split_extension_append_abs_deficit
snips-2b0fe410bbd3d0d8,negative_general_speech,unknown,4.98,train,split_extension_append_abs_deficit
snips-2b129b92eb24c6a4,negative_general_speech,unknown,3.72,train,split_extension_append_abs_deficit
snips-2b84922009e42dd2,negative_general_speech,unknown,3.072,train,split_extension_append_abs_deficit
snips-2ba95b79cabfe9b6,negative_general_speech,unknown,1.8576,train,split_extension_append_abs_deficit
snips-2bb8f471a4dd2344,negative_general_speech,unknown,3.48,train,split_extension_append_abs_deficit
snips-2d1b0a96a2d0f028,negative_general_speech,unknown,3.072,validation,split_extension_append_abs_deficit
snips-2d3a9ca43604480c,negative_general_speech,unknown,4.5,train,split_extension_append_abs_deficit
snips-2d6961e0848b8a13,negative_general_speech,unknown,4.7787,train,split_extension_append_abs_deficit
snips-2d9ef76fffd007bf,negative_general_speech,unknown,4.26,train,split_extension_append_abs_deficit
snips-2da1b624d0082bb5,negative_general_speech,unknown,3.584,train,split_extension_append_abs_deficit
snips-2daf39987d0eebe1,negative_general_speech,unknown,4.92,train,split_extension_append_abs_deficit
snips-2e188b6cc8be687e,negative_general_speech,unknown,3.072,test,split_extension_append_abs_deficit
snips-2e1e8af8eee1e304,negative_general_speech,unknown,4.9493,train,split_extension_append_abs_deficit
snips-2e3a6fa7c2e9e3fe,negative_general_speech,unknown,6.78,train,split_extension_append_abs_deficit
snips-2e42334c01a75488,negative_general_speech,unknown,4.26,train,split_extension_append_abs_deficit
snips-2ef3a7b3d5ce2fb2,negative_general_speech,unknown,3.18,train,split_extension_append_abs_deficit
snips-2ef9091e55b906f5,negative_general_speech,unknown,4.14,train,split_extension_append_abs_deficit
snips-2f1b77c30dbb58ba,negative_general_speech,unknown,3.18,test,split_extension_append_abs_deficit
snips-2f1c158e08533186,negative_general_speech,unknown,1.8773,train,split_extension_append_abs_deficit
snips-300bf2fc547bdd04,negative_general_speech,unknown,3.54,test,split_extension_append_abs_deficit
snips-30e8b156f11f2e65,negative_general_speech,unknown,4.62,train,split_extension_append_abs_deficit
snips-30e94fb67fd17833,negative_general_speech,unknown,1.8773,validation,split_extension_append_abs_deficit
snips-314fdd0f5301f2db,negative_general_speech,unknown,4.644,train,split_extension_append_abs_deficit
snips-32591f9c68c33051,negative_general_speech,unknown,2.94,train,split_extension_append_abs_deficit
snips-32875795fa3d5f36,negative_general_speech,unknown,6.144,train,split_extension_append_abs_deficit
snips-332857fcc016e91f,negative_general_speech,unknown,5.46,train,split_extension_append_abs_deficit
snips-336f87f1b193c2ca,negative_general_speech,unknown,3.1579,validation,split_extension_append_abs_deficit
snips-342bdf7d8ce0ce98,negative_general_speech,unknown,3.36,test,split_extension_append_abs_deficit
snips-352a36cf3b41dcae,negative_general_speech,unknown,3.4133,validation,split_extension_append_abs_deficit
snips-353a79fc97d06dc7,negative_general_speech,unknown,4.096,train,split_extension_append_abs_deficit
snips-35c8ed58b6811366,negative_general_speech,unknown,4.14,train,split_extension_append_abs_deficit
snips-35cc953d409a8a08,negative_general_speech,unknown,2.6453,test,split_extension_append_abs_deficit
snips-361ec3cafe1e757e,negative_general_speech,unknown,2.88,train,split_extension_append_abs_deficit
snips-362e1118251e609a,negative_general_speech,unknown,4.0107,train,split_extension_append_abs_deficit
snips-363372a529c2d391,negative_general_speech,unknown,2.7,train,split_extension_append_abs_deficit
snips-366cb0be206b24fa,negative_general_speech,unknown,3.06,train,split_extension_append_abs_deficit
snips-36dadcb0b0522bc0,negative_general_speech,unknown,6.18,train,split_extension_append_abs_deficit
snips-36f3c65bf0de6eba,negative_general_speech,unknown,4.68,train,split_extension_append_abs_deficit
snips-3a40a7029d607876,negative_general_speech,unknown,4.32,train,split_extension_append_abs_deficit
snips-3a527bdde6f2adeb,negative_general_speech,unknown,4.096,train,split_extension_append_abs_deficit
snips-3abb4cd507e74d78,negative_general_speech,unknown,3.328,test,split_extension_append_abs_deficit
snips-3b19168ed3a96429,negative_general_speech,unknown,4.44,train,split_extension_append_abs_deficit
snips-3b6f46c72418b341,negative_general_speech,unknown,2.56,test,split_extension_append_abs_deficit
snips-3b70d79544147dd7,negative_general_speech,unknown,2.76,test,split_extension_append_abs_deficit
snips-3b8da3f72c79b125,negative_general_speech,unknown,3.7871,train,split_extension_append_abs_deficit
snips-3d259973aaf32a2a,negative_general_speech,unknown,4.6565,train,split_extension_append_abs_deficit
snips-3d2d0f66e801565b,negative_general_speech,unknown,3.24,test,split_extension_append_abs_deficit
snips-3d49a637a6605ce9,negative_general_speech,unknown,4.02,train,split_extension_append_abs_deficit
snips-3d7a5e7ddc6c0d74,negative_general_speech,unknown,3.06,test,split_extension_append_abs_deficit
snips-3d94a06f92694df2,negative_general_speech,unknown,6.0,train,split_extension_append_abs_deficit
snips-3daf62471325fb7a,negative_general_speech,unknown,5.4613,train,split_extension_append_abs_deficit
snips-3e3477f5620da430,negative_general_speech,unknown,2.4747,test,split_extension_append_abs_deficit
snips-3e9613f81eec0891,negative_general_speech,unknown,3.06,validation,split_extension_append_abs_deficit
snips-3e98f51d351499d5,negative_general_speech,unknown,3.584,train,split_extension_append_abs_deficit
snips-3eaa829862942665,negative_general_speech,unknown,4.864,train,split_extension_append_abs_deficit
snips-3fe37af19d25f983,negative_general_speech,unknown,4.644,train,split_extension_append_abs_deficit
snips-3ff1b4f5def868dd,negative_general_speech,unknown,3.6,train,split_extension_append_abs_deficit
snips-3fffb3c0605bb6cc,negative_general_speech,unknown,4.0868,train,split_extension_append_abs_deficit
snips-40bb6dd004247e19,negative_general_speech,unknown,6.42,train,split_extension_append_abs_deficit
snips-40c9a9787e524e70,negative_general_speech,unknown,2.76,train,split_extension_append_abs_deficit
snips-40e4928f4a7e11d2,negative_general_speech,unknown,3.4133,validation,split_extension_append_abs_deficit
snips-41b483626126699b,negative_general_speech,unknown,4.9226,train,split_extension_append_abs_deficit
snips-4201a02b62a19672,negative_general_speech,unknown,3.9009,train,split_extension_append_abs_deficit
snips-426eb9ff07c498b0,negative_general_speech,unknown,2.82,train,split_extension_append_abs_deficit
snips-43337eaa883c92e9,negative_general_speech,unknown,3.584,validation,split_extension_append_abs_deficit
snips-438412dd4c35d8bb,negative_general_speech,unknown,4.3654,train,split_extension_append_abs_deficit
snips-43a8f3689a98affd,negative_general_speech,unknown,2.4747,validation,split_extension_append_abs_deficit
snips-43dc52664672277b,negative_general_speech,unknown,4.0868,train,split_extension_append_abs_deficit
snips-43f685c6b23081e1,negative_general_speech,unknown,3.0,train,split_extension_append_abs_deficit
snips-443237e51eba58eb,negative_general_speech,unknown,5.28,train,split_extension_append_abs_deficit
snips-446785df376bef67,negative_general_speech,unknown,3.24,train,split_extension_append_abs_deficit
snips-448c4333ed1ecb1f,negative_general_speech,unknown,3.4366,train,split_extension_append_abs_deficit
snips-4497c09f9eb09695,negative_general_speech,unknown,6.18,train,split_extension_append_abs_deficit
snips-44dc659601ea5c70,negative_general_speech,unknown,2.9013,validation,split_extension_append_abs_deficit
snips-45614d23455c089e,negative_general_speech,unknown,2.816,test,split_extension_append_abs_deficit
snips-458bba615979bddc,negative_general_speech,unknown,2.94,validation,split_extension_append_abs_deficit
snips-45c52ee76d36e142,negative_general_speech,unknown,5.88,train,split_extension_append_abs_deficit
snips-4621c178352497d3,negative_general_speech,unknown,4.44,train,split_extension_append_abs_deficit
snips-464cd24d9d5a53c6,negative_general_speech,unknown,3.4366,train,split_extension_append_abs_deficit
snips-469c2dad2a95148d,negative_general_speech,unknown,3.72,train,split_extension_append_abs_deficit
snips-4728055c17a4ca5d,negative_general_speech,unknown,4.02,train,split_extension_append_abs_deficit
snips-474b8e4ddc7fb758,negative_general_speech,unknown,3.78,train,split_extension_append_abs_deficit
snips-476010a80668bdad,negative_general_speech,unknown,2.304,test,split_extension_append_abs_deficit
snips-4764d035457f7234,negative_general_speech,unknown,6.24,train,split_extension_append_abs_deficit
snips-4830c30eefc157e1,negative_general_speech,unknown,2.816,train,split_extension_append_abs_deficit
snips-48d58f7a7e142d90,negative_general_speech,unknown,3.78,train,split_extension_append_abs_deficit
snips-4933f018888651d4,negative_general_speech,unknown,3.36,validation,split_extension_append_abs_deficit
snips-4962c76b00b1baee,negative_general_speech,unknown,3.06,train,split_extension_append_abs_deficit
snips-4968352de2b96a2d,negative_general_speech,unknown,3.5294,validation,split_extension_append_abs_deficit
snips-497df0ff26bd5f88,negative_general_speech,unknown,6.144,train,split_extension_append_abs_deficit
snips-49d1547425cc7df2,negative_general_speech,unknown,3.66,train,split_extension_append_abs_deficit
snips-4a280376c6eabddc,negative_general_speech,unknown,3.84,train,split_extension_append_abs_deficit
snips-4a440727c272b04e,negative_general_speech,unknown,3.36,train,split_extension_append_abs_deficit
snips-4aafeb4e59dc5516,negative_general_speech,unknown,6.48,train,split_extension_append_abs_deficit
snips-4b57f2b20d17ce12,negative_general_speech,unknown,2.816,train,split_extension_append_abs_deficit
snips-4b6a8219cb4243a5,negative_general_speech,unknown,4.2,train,split_extension_append_abs_deficit
snips-4bf400d84b9df0b4,negative_general_speech,unknown,1.8773,test,split_extension_append_abs_deficit
snips-4cafe69e56a5a330,negative_general_speech,unknown,2.4747,train,split_extension_append_abs_deficit
snips-4cc76d637ebbdfd7,negative_general_speech,unknown,4.08,train,split_extension_append_abs_deficit
snips-4d1d762001fb4ddf,negative_general_speech,unknown,5.46,train,split_extension_append_abs_deficit
snips-4e0d7d899b2eb8f4,negative_general_speech,unknown,5.2053,train,split_extension_append_abs_deficit
snips-4e373fbd409c250c,negative_general_speech,unknown,4.2667,train,split_extension_append_abs_deficit
snips-4e3d0fcda377b480,negative_general_speech,unknown,5.3871,train,split_extension_append_abs_deficit
snips-4f7b95e38d104c81,negative_general_speech,unknown,3.9938,train,split_extension_append_abs_deficit
snips-4f7c6c4719785cd6,negative_general_speech,unknown,3.8081,train,split_extension_append_abs_deficit
snips-5001c9066d7fd1dc,negative_general_speech,unknown,4.62,train,split_extension_append_abs_deficit
snips-500cd232d51548e9,negative_general_speech,unknown,2.816,validation,split_extension_append_abs_deficit
snips-501913b05fa8c96e,negative_general_speech,unknown,3.072,validation,split_extension_append_abs_deficit
snips-5033884400f12a46,negative_general_speech,unknown,2.816,validation,split_extension_append_abs_deficit
snips-508e34028d07e290,negative_general_speech,unknown,5.4,train,split_extension_append_abs_deficit
snips-5145316254ad53d8,negative_general_speech,unknown,3.4165,test,split_extension_append_abs_deficit
snips-51806a908436ec9f,negative_general_speech,unknown,4.644,train,split_extension_append_abs_deficit
snips-51c47a5dc944608c,negative_general_speech,unknown,4.62,train,split_extension_append_abs_deficit
snips-51d11ce8aa5e7ce2,negative_general_speech,unknown,4.32,train,split_extension_append_abs_deficit
snips-51eb7ba84b987770,negative_general_speech,unknown,2.82,validation,split_extension_append_abs_deficit
snips-52295f58d0e98387,negative_general_speech,unknown,4.56,train,split_extension_append_abs_deficit
snips-526fe7848b3e8936,negative_general_speech,unknown,3.9009,train,split_extension_append_abs_deficit
snips-5305c7209bc098e4,negative_general_speech,unknown,4.864,train,split_extension_append_abs_deficit
snips-5320f0c798dede06,negative_general_speech,unknown,3.66,train,split_extension_append_abs_deficit
snips-533295c993fc1e23,negative_general_speech,unknown,5.8027,train,split_extension_append_abs_deficit
snips-53a48b7b39bdfd0e,negative_general_speech,unknown,5.2012,train,split_extension_append_abs_deficit
snips-53b5120c5316e30a,negative_general_speech,unknown,2.7864,train,split_extension_append_abs_deficit
snips-545f595451b807c5,negative_general_speech,unknown,2.4747,validation,split_extension_append_abs_deficit
snips-549ea76416da6779,negative_general_speech,unknown,3.48,validation,split_extension_append_abs_deficit
snips-54c826b27356250b,negative_general_speech,unknown,6.36,train,split_extension_append_abs_deficit
snips-54e35f3ef65f8505,negative_general_speech,unknown,4.92,train,split_extension_append_abs_deficit
snips-551ef64b45636e5e,negative_general_speech,unknown,6.7413,train,split_extension_append_abs_deficit
snips-5550922544250988,negative_general_speech,unknown,5.76,train,split_extension_append_abs_deficit
snips-556ffca81163c812,negative_general_speech,unknown,3.1573,validation,split_extension_append_abs_deficit
snips-55986cd253386216,negative_general_speech,unknown,3.584,test,split_extension_append_abs_deficit
snips-55b248f2e40446fe,negative_general_speech,unknown,4.38,train,split_extension_append_abs_deficit
snips-56de82c3c1c1bc32,negative_general_speech,unknown,4.3654,train,split_extension_append_abs_deficit
snips-56dfed5a1079913b,negative_general_speech,unknown,3.3437,validation,split_extension_append_abs_deficit
snips-5788133fac41b834,negative_general_speech,unknown,3.54,train,split_extension_append_abs_deficit
snips-5798861272a9ffc2,negative_general_speech,unknown,2.816,train,split_extension_append_abs_deficit
snips-579cbf56767173d0,negative_general_speech,unknown,2.82,validation,split_extension_append_abs_deficit
snips-586ba1ed72e2a864,negative_general_speech,unknown,4.7787,train,split_extension_append_abs_deficit
snips-58d999ed44cc2d41,negative_general_speech,unknown,3.9,train,split_extension_append_abs_deficit
snips-597944de18c8ae81,negative_general_speech,unknown,4.4373,train,split_extension_append_abs_deficit
snips-598b9e1b9c4b0c89,negative_general_speech,unknown,4.2725,train,split_extension_append_abs_deficit
snips-598c55776b757ce6,negative_general_speech,unknown,4.98,train,split_extension_append_abs_deficit
snips-5994703631cb2304,negative_general_speech,unknown,4.1813,train,split_extension_append_abs_deficit
snips-59a860461eaa3377,negative_general_speech,unknown,4.62,train,split_extension_append_abs_deficit
snips-59aa1c45329efa88,negative_general_speech,unknown,3.584,test,split_extension_append_abs_deficit
snips-59d51366e85f0141,negative_general_speech,unknown,4.0107,train,split_extension_append_abs_deficit
snips-59fcb6f6eba8b1c9,negative_general_speech,unknown,5.5728,train,split_extension_append_abs_deficit
snips-5a11cee365f6c731,negative_general_speech,unknown,6.24,train,split_extension_append_abs_deficit
snips-5a27b85f3194b003,negative_general_speech,unknown,2.816,validation,split_extension_append_abs_deficit
snips-5a4b96007a162ff2,negative_general_speech,unknown,4.62,train,split_extension_append_abs_deficit
snips-5a634f6d58fdb422,negative_general_speech,unknown,2.304,train,split_extension_append_abs_deficit
snips-5a8f9518038cda6d,negative_general_speech,unknown,6.2293,train,split_extension_append_abs_deficit
snips-5ad67946c32ea813,negative_general_speech,unknown,3.9253,train,split_extension_append_abs_deficit
snips-5b8e977a75da049a,negative_general_speech,unknown,2.7864,test,split_extension_append_abs_deficit
snips-5b911846c11300bb,negative_general_speech,unknown,1.4507,train,split_extension_append_abs_deficit
snips-5bb43c33bb8a2511,negative_general_speech,unknown,2.4747,test,split_extension_append_abs_deficit
snips-5c142bad5f57bd2a,negative_general_speech,unknown,4.5227,train,split_extension_append_abs_deficit
snips-5c4c422121f17af1,negative_general_speech,unknown,3.1573,train,split_extension_append_abs_deficit
snips-5cf599df5d1f6bdd,negative_general_speech,unknown,2.8793,test,split_extension_append_abs_deficit
snips-5d514a22e74146a7,negative_general_speech,unknown,4.4582,train,split_extension_append_abs_deficit
snips-5d89188984859ce5,negative_general_speech,unknown,2.6453,validation,split_extension_append_abs_deficit
snips-5da304d4ca5c101f,negative_general_speech,unknown,5.2942,train,split_extension_append_abs_deficit
snips-5de1ada2982896c2,negative_general_speech,unknown,6.8267,train,split_extension_append_abs_deficit
snips-5e092ccf62c96ad0,negative_general_speech,unknown,5.2907,train,split_extension_append_abs_deficit
snips-5e18b0fd39410817,negative_general_speech,unknown,2.6006,test,split_extension_append_abs_deficit
snips-5e29abd61f012110,negative_general_speech,unknown,3.12,test,split_extension_append_abs_deficit
snips-5e4d555743642c81,negative_general_speech,unknown,4.096,train,split_extension_append_abs_deficit
snips-5ed46731318ed678,negative_general_speech,unknown,4.02,train,split_extension_append_abs_deficit
snips-5f11f3c37a760b98,negative_general_speech,unknown,3.24,validation,split_extension_append_abs_deficit
snips-5f2728135e4f3779,negative_general_speech,unknown,3.4133,test,split_extension_append_abs_deficit
snips-5f9d403ccc122804,negative_general_speech,unknown,6.2293,train,split_extension_append_abs_deficit
snips-600014eceb52c513,negative_general_speech,unknown,3.96,train,split_extension_append_abs_deficit
snips-6016714019cd4a10,negative_general_speech,unknown,3.6,train,split_extension_append_abs_deficit
snips-6046c9cb5848546a,negative_general_speech,unknown,6.6,train,split_extension_append_abs_deficit
snips-605324675a32e65e,negative_general_speech,unknown,5.4,train,split_extension_append_abs_deficit
snips-607910658c9a93a3,negative_general_speech,unknown,3.42,test,split_extension_append_abs_deficit
snips-60c2fea8deb2a7d0,negative_general_speech,unknown,4.08,train,split_extension_append_abs_deficit
snips-6124288306cf5695,negative_general_speech,unknown,3.48,test,split_extension_append_abs_deficit
snips-61ac133abb9f750b,negative_general_speech,unknown,3.9009,train,split_extension_append_abs_deficit
snips-61d17e8a130fff9f,negative_general_speech,unknown,3.8171,train,split_extension_append_abs_deficit
snips-61fe0c67adb514cf,negative_general_speech,unknown,6.5707,train,split_extension_append_abs_deficit
snips-6252ccbcaf5383f5,negative_general_speech,unknown,4.26,train,split_extension_append_abs_deficit
snips-62f49877c9aedb0e,negative_general_speech,unknown,3.36,test,split_extension_append_abs_deficit
snips-62ff2756f252f2dd,negative_general_speech,unknown,2.34,validation,split_extension_append_abs_deficit
snips-63c0cf9ac06452e6,negative_general_speech,unknown,3.7152,train,split_extension_append_abs_deficit
snips-63ced81e7f6d87aa,negative_general_speech,unknown,4.9493,train,split_extension_append_abs_deficit
snips-63ec3ede188502da,negative_general_speech,unknown,3.9,train,split_extension_append_abs_deficit
snips-63f79d0497552858,negative_general_speech,unknown,6.06,train,split_extension_append_abs_deficit
snips-640df72cd19b823d,negative_general_speech,unknown,3.42,train,split_extension_append_abs_deficit
snips-64645d26711e07c8,negative_general_speech,unknown,2.88,validation,split_extension_append_abs_deficit
snips-64747769ee336c4b,negative_general_speech,unknown,2.7307,validation,split_extension_append_abs_deficit
snips-64ccfaddba03af71,negative_general_speech,unknown,4.2667,train,split_extension_append_abs_deficit
snips-652889735968e8ec,negative_general_speech,unknown,3.24,train,split_extension_append_abs_deficit
snips-65d84a04eb6b3905,negative_general_speech,unknown,2.7,train,split_extension_append_abs_deficit
snips-65e4573fb53bf259,negative_general_speech,unknown,3.96,train,split_extension_append_abs_deficit
snips-668865768c18b7c4,negative_general_speech,unknown,5.94,train,split_extension_append_abs_deficit
snips-67e7a5abca04440c,negative_general_speech,unknown,5.82,train,split_extension_append_abs_deficit
snips-68ac1b84074f0a83,negative_general_speech,unknown,4.1813,train,split_extension_append_abs_deficit
snips-68fd76bd6b5893ac,negative_general_speech,unknown,3.24,test,split_extension_append_abs_deficit
snips-6988edec12629daa,negative_general_speech,unknown,2.1333,train,split_extension_append_abs_deficit
snips-69915ed599b5ef4f,negative_general_speech,unknown,4.02,train,split_extension_append_abs_deficit
snips-6a2375653772efe2,negative_general_speech,unknown,2.816,train,split_extension_append_abs_deficit
snips-6a4d583a16cc3a93,negative_general_speech,unknown,3.96,train,split_extension_append_abs_deficit
snips-6a8130ef99a7ab0b,negative_general_speech,unknown,2.4,validation,split_extension_append_abs_deficit
snips-6a91b45698cd4921,negative_general_speech,unknown,6.78,train,split_extension_append_abs_deficit
snips-6b66126c09fa0c12,negative_general_speech,unknown,4.86,train,split_extension_append_abs_deficit
snips-6bb9d9b8535ca28d,negative_general_speech,unknown,2.94,test,split_extension_append_abs_deficit
snips-6c4e9c8acee56b05,negative_general_speech,unknown,2.6453,test,split_extension_append_abs_deficit
snips-6cb4b75e903e49d0,negative_general_speech,unknown,4.02,train,split_extension_append_abs_deficit
snips-6cde7162af5eb8a0,negative_general_speech,unknown,3.12,train,split_extension_append_abs_deficit
snips-6d91d697325f1092,negative_general_speech,unknown,4.2,train,split_extension_append_abs_deficit
snips-6dddd3bc4f82b91e,negative_general_speech,unknown,5.58,train,split_extension_append_abs_deficit
snips-6e488cf16e34002c,negative_general_speech,unknown,4.0868,train,split_extension_append_abs_deficit
snips-6ea0fd3df82ebf12,negative_general_speech,unknown,3.84,train,split_extension_append_abs_deficit
snips-6ee8559b246003b4,negative_general_speech,unknown,3.4133,train,split_extension_append_abs_deficit
snips-6fa66fc35fa2694c,negative_general_speech,unknown,7.08,train,split_extension_append_abs_deficit
snips-6ff609f0e5ee39c0,negative_general_speech,unknown,2.4747,test,split_extension_append_abs_deficit
snips-7034a3c72d7294a2,negative_general_speech,unknown,5.5271,train,split_extension_append_abs_deficit
snips-7068b7ff245b2165,negative_general_speech,unknown,6.18,train,split_extension_append_abs_deficit
snips-70a39fa8c478b3ba,negative_general_speech,unknown,3.54,test,split_extension_append_abs_deficit
snips-70d91cb284f8f223,negative_general_speech,unknown,3.2508,test,split_extension_append_abs_deficit
snips-70dfdcbfe04780da,negative_general_speech,unknown,3.06,test,split_extension_append_abs_deficit
snips-71447970edfeb82b,negative_general_speech,unknown,3.24,train,split_extension_append_abs_deficit
snips-7176d8d8d798fafd,negative_general_speech,unknown,6.8267,train,split_extension_append_abs_deficit
snips-72172ee84786aa19,negative_general_speech,unknown,2.64,validation,split_extension_append_abs_deficit
snips-73591ef7784df491,negative_general_speech,unknown,4.2725,train,split_extension_append_abs_deficit
snips-735a7982bb27f901,negative_general_speech,unknown,6.54,train,split_extension_append_abs_deficit
snips-73a1aa4dc3bccb58,negative_general_speech,unknown,2.1333,test,split_extension_append_abs_deficit
snips-73c494bdcc9cb691,negative_general_speech,unknown,2.8793,validation,split_extension_append_abs_deficit
snips-741ad9aa4f888a02,negative_general_speech,unknown,7.68,train,split_extension_append_abs_deficit
snips-74205e15b7865a27,negative_general_speech,unknown,3.36,validation,split_extension_append_abs_deficit
snips-75342a4321089092,negative_general_speech,unknown,5.52,train,split_extension_append_abs_deficit
snips-753bbc0afecd43d1,negative_general_speech,unknown,3.9253,train,split_extension_append_abs_deficit
snips-75bad8062ae2dea5,negative_general_speech,unknown,3.7547,train,split_extension_append_abs_deficit
snips-75fa3e197eb7979e,negative_general_speech,unknown,4.7565,train,split_extension_append_abs_deficit
snips-762b4f00a3df68d5,negative_general_speech,unknown,3.4987,train,split_extension_append_abs_deficit
snips-762bceb23adf5c54,negative_general_speech,unknown,3.584,validation,split_extension_append_abs_deficit
snips-762cda105d55020a,negative_general_speech,unknown,2.816,validation,split_extension_append_abs_deficit
snips-7669073ebf87ade3,negative_general_speech,unknown,5.0774,train,split_extension_append_abs_deficit
snips-76842f9103fc4d94,negative_general_speech,unknown,4.68,train,split_extension_append_abs_deficit
snips-769f6716a8f2793b,negative_general_speech,unknown,4.98,train,split_extension_append_abs_deficit
snips-7715d7f91a9f20b6,negative_general_speech,unknown,3.48,train,split_extension_append_abs_deficit
snips-77d21cbd01f7df91,negative_general_speech,unknown,4.608,train,split_extension_append_abs_deficit
snips-77ecf5b13c510056,negative_general_speech,unknown,2.1362,train,split_extension_append_abs_deficit
snips-77f95da1584a9c21,negative_general_speech,unknown,2.76,train,split_extension_append_abs_deficit
snips-78de43b138cf5425,negative_general_speech,unknown,5.4799,train,split_extension_append_abs_deficit
snips-78feea07594d7a5f,negative_general_speech,unknown,4.096,train,split_extension_append_abs_deficit
snips-79bd4341c2fdf935,negative_general_speech,unknown,3.9253,train,split_extension_append_abs_deficit
snips-7a064f293ba0f7e8,negative_general_speech,unknown,3.66,train,split_extension_append_abs_deficit
snips-7a2756bb35f41bc7,negative_general_speech,unknown,6.0372,train,split_extension_append_abs_deficit
snips-7b8d2605d6e66852,negative_general_speech,unknown,6.656,train,split_extension_append_abs_deficit
snips-7b948a482261d48f,negative_general_speech,unknown,4.2667,train,split_extension_append_abs_deficit
snips-7c108161e7d27c94,negative_general_speech,unknown,3.584,train,split_extension_append_abs_deficit
snips-7c6e74cb3eabf86d,negative_general_speech,unknown,3.18,test,split_extension_append_abs_deficit
snips-7d1096607d15d1c2,negative_general_speech,unknown,2.9065,validation,split_extension_append_abs_deficit
snips-7d45c74a611f99a5,negative_general_speech,unknown,5.632,train,split_extension_append_abs_deficit
snips-7d47286f6a924181,negative_general_speech,unknown,2.56,validation,split_extension_append_abs_deficit
snips-7db7d5ea93780759,negative_general_speech,unknown,3.6693,train,split_extension_append_abs_deficit
snips-7e2fa654e84a3761,negative_general_speech,unknown,2.4747,train,split_extension_append_abs_deficit
snips-7e424605a42e1994,negative_general_speech,unknown,3.072,test,split_extension_append_abs_deficit
snips-7e5d579dee981bc1,negative_general_speech,unknown,1.6214,validation,split_extension_append_abs_deficit
snips-7e6e3d398afe16ca,negative_general_speech,unknown,3.9938,train,split_extension_append_abs_deficit
snips-7e7e15406c476b85,negative_general_speech,unknown,3.24,test,split_extension_append_abs_deficit
snips-7ed3612ed1ff0fc4,negative_general_speech,unknown,3.78,train,split_extension_append_abs_deficit
snips-7f25efcaf9e6b7f1,negative_general_speech,unknown,4.38,train,split_extension_append_abs_deficit
snips-7f8e7bd66cb902d1,negative_general_speech,unknown,4.98,train,split_extension_append_abs_deficit
snips-800189970e701839,negative_general_speech,unknown,3.9,train,split_extension_append_abs_deficit
snips-801318239539d8d8,negative_general_speech,unknown,2.94,train,split_extension_append_abs_deficit
snips-80ea81c24f0e7c80,negative_general_speech,unknown,3.328,test,split_extension_append_abs_deficit
snips-813c7771d0eb5f51,negative_general_speech,unknown,3.4133,test,split_extension_append_abs_deficit
snips-8141e2525b3103cd,negative_general_speech,unknown,3.36,validation,split_extension_append_abs_deficit
snips-81bbbe42bebb6169,negative_general_speech,unknown,6.3147,train,split_extension_append_abs_deficit
snips-82148e97d4f8d101,negative_general_speech,unknown,2.1333,test,split_extension_append_abs_deficit
snips-8278945c917f0be1,negative_general_speech,unknown,5.64,train,split_extension_append_abs_deficit
snips-82b75383b2027d01,negative_general_speech,unknown,3.9253,train,split_extension_append_abs_deficit
snips-82c1131b9068e4a1,negative_general_speech,unknown,4.3654,train,split_extension_append_abs_deficit
snips-83bff671b6c27de2,negative_general_speech,unknown,4.74,train,split_extension_append_abs_deficit
snips-83e1e19ec14a10f9,negative_general_speech,unknown,5.28,train,split_extension_append_abs_deficit
snips-840702ed845be721,negative_general_speech,unknown,5.04,train,split_extension_append_abs_deficit
snips-8418f688172a5c70,negative_general_speech,unknown,3.9253,train,split_extension_append_abs_deficit
snips-8450e286921ce0c7,negative_general_speech,unknown,2.28,train,split_extension_append_abs_deficit
snips-8459734b307ce54a,negative_general_speech,unknown,7.0589,train,split_extension_append_abs_deficit
snips-8478ea887976423b,negative_general_speech,unknown,6.5016,train,split_extension_append_abs_deficit
snips-84d73c5518e777ae,negative_general_speech,unknown,3.7547,train,split_extension_append_abs_deficit
snips-851c8a38a16e19e1,negative_general_speech,unknown,3.9,train,split_extension_append_abs_deficit
snips-85694d7de1b76f18,negative_general_speech,unknown,5.64,train,split_extension_append_abs_deficit
snips-8596ec3a7721b3f3,negative_general_speech,unknown,2.9013,test,split_extension_append_abs_deficit
snips-86c41c94d3fd149a,negative_general_speech,unknown,3.5294,train,split_extension_append_abs_deficit
snips-8770b6a9fb64c10b,negative_general_speech,unknown,2.94,test,split_extension_append_abs_deficit
snips-87b83781b66e3f5d,negative_general_speech,unknown,3.78,train,split_extension_append_abs_deficit
snips-88266b58bfac6fd8,negative_general_speech,unknown,4.864,train,split_extension_append_abs_deficit
snips-888fff1b192dc7b0,negative_general_speech,unknown,5.3871,train,split_extension_append_abs_deficit
snips-88c0aadc59221890,negative_general_speech,unknown,3.6,train,split_extension_append_abs_deficit
snips-88c9fea00b4e65a4,negative_general_speech,unknown,3.84,train,split_extension_append_abs_deficit
snips-89120595509d239e,negative_general_speech,unknown,3.06,validation,split_extension_append_abs_deficit
snips-8965197aeb50a0ef,negative_general_speech,unknown,5.04,train,split_extension_append_abs_deficit
snips-8968f217dab31971,negative_general_speech,unknown,4.0107,train,split_extension_append_abs_deficit
snips-8a41d61cc662ee34,negative_general_speech,unknown,7.5,train,split_extension_append_abs_deficit
snips-8b34ae4d4a03da87,negative_general_speech,unknown,4.4765,train,split_extension_append_abs_deficit
snips-8b549ba81b195297,negative_general_speech,unknown,3.1573,test,split_extension_append_abs_deficit
snips-8c9ffe9c5e981034,negative_general_speech,unknown,3.78,train,split_extension_append_abs_deficit
snips-8d9c1f65ebf567a1,negative_general_speech,unknown,3.72,train,split_extension_append_abs_deficit
snips-8dd82a87f5790a3d,negative_general_speech,unknown,3.9009,train,split_extension_append_abs_deficit
snips-8e2d21e300bfb013,negative_general_speech,unknown,3.36,train,split_extension_append_abs_deficit
snips-8f26f5c49e9b04f0,negative_general_speech,unknown,2.6453,train,split_extension_append_abs_deficit
snips-8ff792e9d5724c4a,negative_general_speech,unknown,2.94,test,split_extension_append_abs_deficit
snips-9004abd56b237bbc,negative_general_speech,unknown,4.92,train,split_extension_append_abs_deficit
snips-90dc10faa1a6c496,negative_general_speech,unknown,3.4366,validation,split_extension_append_abs_deficit
snips-9183c0aebcb0e21d,negative_general_speech,unknown,4.608,train,split_extension_append_abs_deficit
snips-91ff80d8c376c3fc,negative_general_speech,unknown,4.2725,train,split_extension_append_abs_deficit
snips-9208db4928a94e0b,negative_general_speech,unknown,4.0107,train,split_extension_append_abs_deficit
snips-92b061ceee262a8e,negative_general_speech,unknown,3.06,train,split_extension_append_abs_deficit
snips-9337a1383540457d,negative_general_speech,unknown,2.7,test,split_extension_append_abs_deficit
snips-9407650652075c18,negative_general_speech,unknown,2.4149,train,split_extension_append_abs_deficit
snips-9420446370f60ba4,negative_general_speech,unknown,6.2229,train,split_extension_append_abs_deficit
snips-9441c1b5b47368e6,negative_general_speech,unknown,3.84,train,split_extension_append_abs_deficit
snips-9455f60d1b82cd5c,negative_general_speech,unknown,3.72,train,split_extension_append_abs_deficit
snips-94d4ed98f4f07585,negative_general_speech,unknown,6.0587,train,split_extension_append_abs_deficit
snips-958654912b7439f6,negative_general_speech,unknown,4.56,train,split_extension_append_abs_deficit
snips-95ab094357a45189,negative_general_speech,unknown,2.3893,validation,split_extension_append_abs_deficit
snips-96ab70472cd13547,negative_general_speech,unknown,6.9,train,split_extension_append_abs_deficit
snips-970b8db413b5bbee,negative_general_speech,unknown,3.9,train,split_extension_append_abs_deficit
snips-9769b0169c7a156b,negative_general_speech,unknown,5.4,train,split_extension_append_abs_deficit
snips-978aeb5d46ce7d0c,negative_general_speech,unknown,4.62,train,split_extension_append_abs_deficit
snips-97feb9df7f87a408,negative_general_speech,unknown,2.7864,validation,split_extension_append_abs_deficit
snips-985df61ae1cd5d87,negative_general_speech,unknown,4.32,train,split_extension_append_abs_deficit
snips-993093a8817fe3ce,negative_general_speech,unknown,3.24,validation,split_extension_append_abs_deficit
snips-993cf11e89c8cc16,negative_general_speech,unknown,4.56,train,split_extension_append_abs_deficit
snips-99e5b5ad7ba50c03,negative_general_speech,unknown,4.62,train,split_extension_append_abs_deficit
snips-9a03b45ba5efb96a,negative_general_speech,unknown,4.5227,train,split_extension_append_abs_deficit
snips-9b0e19c63255ad53,negative_general_speech,unknown,6.12,train,split_extension_append_abs_deficit
snips-9ba5e77bb691efed,negative_general_speech,unknown,3.9009,train,split_extension_append_abs_deficit
snips-9c0bfa8cab2b518d,negative_general_speech,unknown,2.82,train,split_extension_append_abs_deficit
snips-9cde5b74a247f356,negative_general_speech,unknown,3.18,train,split_extension_append_abs_deficit
snips-9d52d0c8535ee1af,negative_general_speech,unknown,3.0,test,split_extension_append_abs_deficit
snips-9e49c24693b7636a,negative_general_speech,unknown,3.328,train,split_extension_append_abs_deficit
snips-9e4c0582538e0188,negative_general_speech,unknown,4.1796,train,split_extension_append_abs_deficit
snips-9e6fc36290892364,negative_general_speech,unknown,2.5078,test,split_extension_append_abs_deficit
snips-9ef373076e4c5558,negative_general_speech,unknown,4.1796,train,split_extension_append_abs_deficit
snips-9ef90a2feb4990a4,negative_general_speech,unknown,5.5467,train,split_extension_append_abs_deficit
snips-9f603c785b90060c,negative_general_speech,unknown,2.8793,train,split_extension_append_abs_deficit
snips-9f69b393320c67b9,negative_general_speech,unknown,4.0265,train,split_extension_append_abs_deficit
snips-9f85d9d6c5947375,negative_general_speech,unknown,4.56,train,split_extension_append_abs_deficit
snips-9f8644351c5e2f8d,negative_general_speech,unknown,5.2942,train,split_extension_append_abs_deficit
snips-9f929bc0e4aa18ee,negative_general_speech,unknown,3.0,validation,split_extension_append_abs_deficit
snips-a0bc1e0768f8cc67,negative_general_speech,unknown,4.6933,train,split_extension_append_abs_deficit
snips-a0f2e432afbbecaf,negative_general_speech,unknown,5.12,train,split_extension_append_abs_deficit
snips-a1613160f4020550,negative_general_speech,unknown,3.584,test,split_extension_append_abs_deficit
snips-a1bc30b04180bfb9,negative_general_speech,unknown,4.02,train,split_extension_append_abs_deficit
snips-a1e5e82bc6ed42df,negative_general_speech,unknown,5.12,train,split_extension_append_abs_deficit
snips-a1ecd0725ef260e9,negative_general_speech,unknown,3.3437,train,split_extension_append_abs_deficit
snips-a329fca8448544b7,negative_general_speech,unknown,3.48,train,split_extension_append_abs_deficit
snips-a37326ecaa5d9965,negative_general_speech,unknown,5.2053,train,split_extension_append_abs_deficit
snips-a3f76471aba3156f,negative_general_speech,unknown,4.02,train,split_extension_append_abs_deficit
snips-a477f0ba16f0feca,negative_general_speech,unknown,3.584,test,split_extension_append_abs_deficit
snips-a4c2c7c09a2c2628,negative_general_speech,unknown,3.96,train,split_extension_append_abs_deficit
snips-a55d329e18a8be4f,negative_general_speech,unknown,7.38,train,split_extension_append_abs_deficit
snips-a5fdc3b0e591e5f1,negative_general_speech,unknown,4.0868,train,split_extension_append_abs_deficit
snips-a6aba94445069995,negative_general_speech,unknown,6.42,train,split_extension_append_abs_deficit
snips-a6d953af55f4a468,negative_general_speech,unknown,2.4747,test,split_extension_append_abs_deficit
snips-a77b1cc42863054a,negative_general_speech,unknown,2.9867,test,split_extension_append_abs_deficit
snips-a7895bddbac21d44,negative_general_speech,unknown,4.14,train,split_extension_append_abs_deficit
snips-a791e672643845bc,negative_general_speech,unknown,4.864,train,split_extension_append_abs_deficit
snips-a807b6016d9726c7,negative_general_speech,unknown,4.8,train,split_extension_append_abs_deficit
snips-a87d30fdb53a82b6,negative_general_speech,unknown,4.38,train,split_extension_append_abs_deficit
snips-a8ba22dacb62b980,negative_general_speech,unknown,3.4366,test,split_extension_append_abs_deficit
snips-a8c2a1e1f80e3ca1,negative_general_speech,unknown,4.7787,train,split_extension_append_abs_deficit
snips-a8f5c34bd0d6a2b7,negative_general_speech,unknown,3.3,train,split_extension_append_abs_deficit
snips-a9dd4bb9521950e7,negative_general_speech,unknown,3.2427,validation,split_extension_append_abs_deficit
snips-a9e73e47b5b2d97f,negative_general_speech,unknown,4.14,train,split_extension_append_abs_deficit
snips-aa4b72d92d9e1e6a,negative_general_speech,unknown,5.376,train,split_extension_append_abs_deficit
snips-aa5a53cd64f13ce3,negative_general_speech,unknown,3.9253,train,split_extension_append_abs_deficit
snips-aa67965721e5de9f,negative_general_speech,unknown,4.0107,train,split_extension_append_abs_deficit
snips-aa6a05cb4fa92a77,negative_general_speech,unknown,2.4747,validation,split_extension_append_abs_deficit
snips-ab86cc9e7d95a76a,negative_general_speech,unknown,3.0,train,split_extension_append_abs_deficit
snips-abad9420167ee4dc,negative_general_speech,unknown,3.2508,validation,split_extension_append_abs_deficit
snips-ad15133414196e1e,negative_general_speech,unknown,2.76,validation,split_extension_append_abs_deficit
snips-adf0c05ea9eb4f92,negative_general_speech,unknown,5.12,train,split_extension_append_abs_deficit
snips-adf2924f75e334be,negative_general_speech,unknown,3.9009,train,split_extension_append_abs_deficit
snips-adf92dc215451a2c,negative_general_speech,unknown,5.82,train,split_extension_append_abs_deficit
snips-ae14105452eee302,negative_general_speech,unknown,3.7547,train,split_extension_append_abs_deficit
snips-aec3b5120efd4eb6,negative_general_speech,unknown,2.6006,train,split_extension_append_abs_deficit
snips-af65cff30c103e69,negative_general_speech,unknown,6.42,train,split_extension_append_abs_deficit
snips-af9531eadf6dfe6b,negative_general_speech,unknown,6.96,train,split_extension_append_abs_deficit
snips-b013b7072286d19f,negative_general_speech,unknown,2.4149,test,split_extension_append_abs_deficit
snips-b06cfad50faa93aa,negative_general_speech,unknown,3.0,train,split_extension_append_abs_deficit
snips-b093a0654934ff2a,negative_general_speech,unknown,3.96,train,split_extension_append_abs_deficit
snips-b0b988e00622af1b,negative_general_speech,unknown,5.34,train,split_extension_append_abs_deficit
snips-b1efd1e4fff6369a,negative_general_speech,unknown,1.792,validation,split_extension_append_abs_deficit
snips-b1fe1473ddde31a3,negative_general_speech,unknown,3.72,train,split_extension_append_abs_deficit
snips-b228717da2374bad,negative_general_speech,unknown,4.3654,train,split_extension_append_abs_deficit
snips-b2645d59ed4ce73d,negative_general_speech,unknown,3.54,train,split_extension_append_abs_deficit
snips-b288ea483ebb12ce,negative_general_speech,unknown,3.6,train,split_extension_append_abs_deficit
snips-b2a34a23adce2ff4,negative_general_speech,unknown,4.2667,train,split_extension_append_abs_deficit
snips-b34c37a97a68c4b4,negative_general_speech,unknown,3.0,train,split_extension_append_abs_deficit
snips-b3cb493c009d678a,negative_general_speech,unknown,4.14,train,split_extension_append_abs_deficit
snips-b4383debc3e0e645,negative_general_speech,unknown,2.4747,train,split_extension_append_abs_deficit
snips-b61e60b52360d31e,negative_general_speech,unknown,3.5294,test,split_extension_append_abs_deficit
snips-b626ea0766b44686,negative_general_speech,unknown,4.08,train,split_extension_append_abs_deficit
snips-b63275fb83f74e13,negative_general_speech,unknown,6.656,train,split_extension_append_abs_deficit
snips-b6b8a865cf0c1814,negative_general_speech,unknown,2.8793,test,split_extension_append_abs_deficit
snips-b7323d441a8e0744,negative_general_speech,unknown,2.56,test,split_extension_append_abs_deficit
snips-b7eee8086e67510a,negative_general_speech,unknown,4.62,train,split_extension_append_abs_deficit
snips-b84d2e8d9f5d2c3a,negative_general_speech,unknown,2.7307,test,split_extension_append_abs_deficit
snips-b886818ba389dc09,negative_general_speech,unknown,5.04,train,split_extension_append_abs_deficit
snips-b8b63131ccaf1ff8,negative_general_speech,unknown,6.96,train,split_extension_append_abs_deficit
snips-b9530ec2727fc9fa,negative_general_speech,unknown,3.9271,train,split_extension_append_abs_deficit
snips-b9867e465e45c3d8,negative_general_speech,unknown,4.1796,train,split_extension_append_abs_deficit
snips-b9ceffa87eae8270,negative_general_speech,unknown,3.24,validation,split_extension_append_abs_deficit
snips-b9d0e0dbc1d2b025,negative_general_speech,unknown,3.9,train,split_extension_append_abs_deficit
snips-b9d411bcb1d4627c,negative_general_speech,unknown,4.5227,train,split_extension_append_abs_deficit
snips-b9f20462c12db293,negative_general_speech,unknown,2.816,train,split_extension_append_abs_deficit
snips-bacf34a3a39be4c2,negative_general_speech,unknown,4.02,train,split_extension_append_abs_deficit
snips-bae59a7521e242c9,negative_general_speech,unknown,5.64,train,split_extension_append_abs_deficit
snips-baf349fd270e6d6d,negative_general_speech,unknown,2.7,train,split_extension_append_abs_deficit
snips-bb32ce47ba626216,negative_general_speech,unknown,2.4747,test,split_extension_append_abs_deficit
snips-bb9b438ec7db4894,negative_general_speech,unknown,2.1,validation,split_extension_append_abs_deficit
snips-bba9489c7aa8927f,negative_general_speech,unknown,6.72,train,split_extension_append_abs_deficit
snips-bbb2c294f3f46849,negative_general_speech,unknown,5.16,train,split_extension_append_abs_deficit
snips-bc245347b472b941,negative_general_speech,unknown,6.12,train,split_extension_append_abs_deficit
snips-bc6dba5726a67862,negative_general_speech,unknown,2.1333,validation,split_extension_append_abs_deficit
snips-bca4ea216d8d8bd0,negative_general_speech,unknown,2.82,train,split_extension_append_abs_deficit
snips-bcfb647f90319c1b,negative_general_speech,unknown,4.32,train,split_extension_append_abs_deficit
snips-bd2291d946c2f003,negative_general_speech,unknown,3.9,train,split_extension_append_abs_deficit
snips-bd50bae413aed027,negative_general_speech,unknown,4.3654,train,split_extension_append_abs_deficit
snips-bd704fc5cca21f01,negative_general_speech,unknown,4.26,train,split_extension_append_abs_deficit
snips-bd78eb54913e59a0,negative_general_speech,unknown,2.3893,test,split_extension_append_abs_deficit
snips-bd7acabd375ab1c1,negative_general_speech,unknown,4.2,train,split_extension_append_abs_deficit
snips-bde4b354dd3f62f7,negative_general_speech,unknown,2.816,test,split_extension_append_abs_deficit
snips-be62db2533e0a27f,negative_general_speech,unknown,2.816,validation,split_extension_append_abs_deficit
snips-bf1443c07bc5565c,negative_general_speech,unknown,7.2446,train,split_extension_append_abs_deficit
snips-bf5c03bfc52bd890,negative_general_speech,unknown,3.6,train,split_extension_append_abs_deficit
snips-bfeccb662a624278,negative_general_speech,unknown,2.048,train,split_extension_append_abs_deficit
snips-c00eb292d57ac4d8,negative_general_speech,unknown,4.644,train,split_extension_append_abs_deficit
snips-c0bc1932251ab54e,negative_general_speech,unknown,2.9013,train,split_extension_append_abs_deficit
snips-c0ee94d6bdcd3e9e,negative_general_speech,unknown,5.34,train,split_extension_append_abs_deficit
snips-c0f8ffa04962e97d,negative_general_speech,unknown,6.6,train,split_extension_append_abs_deficit
snips-c2cc78b64af6aa70,negative_general_speech,unknown,3.18,validation,split_extension_append_abs_deficit
snips-c31e620f006a44b1,negative_general_speech,unknown,1.8576,test,split_extension_append_abs_deficit
snips-c3f29ad579e47a0e,negative_general_speech,unknown,7.0589,train,split_extension_append_abs_deficit
snips-c43b46a27618ecb2,negative_general_speech,unknown,4.3654,train,split_extension_append_abs_deficit
snips-c4400cf5e16d2e0c,negative_general_speech,unknown,3.6693,train,split_extension_append_abs_deficit
snips-c444794acbe5a24a,negative_general_speech,unknown,2.76,train,split_extension_append_abs_deficit
snips-c452821d34d4ba20,negative_general_speech,unknown,3.84,train,split_extension_append_abs_deficit
snips-c4bb8d6685b502e2,negative_general_speech,unknown,2.7,test,split_extension_append_abs_deficit
snips-c545c0714711ce60,negative_general_speech,unknown,3.78,train,split_extension_append_abs_deficit
snips-c5664a7c8e279277,negative_general_speech,unknown,3.3,validation,split_extension_append_abs_deficit
snips-c56ab9028d5ef32e,negative_general_speech,unknown,2.6453,train,split_extension_append_abs_deficit
snips-c58013edf742dad1,negative_general_speech,unknown,5.7586,train,split_extension_append_abs_deficit
snips-c612e140059e8f1b,negative_general_speech,unknown,3.6693,train,split_extension_append_abs_deficit
snips-c6a50ddea2ba2879,negative_general_speech,unknown,3.6,train,split_extension_append_abs_deficit
snips-c6bbcce0315ca0f3,negative_general_speech,unknown,2.816,test,split_extension_append_abs_deficit
snips-c6bd6a07bede731f,negative_general_speech,unknown,4.44,train,split_extension_append_abs_deficit
snips-c71065ea27ef6903,negative_general_speech,unknown,4.352,train,split_extension_append_abs_deficit
snips-c719240b0f66c31c,negative_general_speech,unknown,3.36,test,split_extension_append_abs_deficit
snips-c76322932c356be0,negative_general_speech,unknown,3.6871,train,split_extension_append_abs_deficit
snips-c7d6315240b052b4,negative_general_speech,unknown,3.4987,test,split_extension_append_abs_deficit
snips-c8c9aadf9a7315f9,negative_general_speech,unknown,2.9013,validation,split_extension_append_abs_deficit
snips-c90ff941997f8bb7,negative_general_speech,unknown,3.48,validation,split_extension_append_abs_deficit
snips-c95ae15d098d76b4,negative_general_speech,unknown,4.98,train,split_extension_append_abs_deficit
snips-c9646dc753dcc879,negative_general_speech,unknown,2.3893,train,split_extension_append_abs_deficit
snips-c9a03fd22d10b573,negative_general_speech,unknown,4.5,train,split_extension_append_abs_deficit
snips-ca46d236e0927454,negative_general_speech,unknown,3.84,train,split_extension_append_abs_deficit
snips-ca8d259fe907ae37,negative_general_speech,unknown,4.9493,train,split_extension_append_abs_deficit
snips-cb62e0e12f484563,negative_general_speech,unknown,2.88,test,split_extension_append_abs_deficit
snips-cb8876fcd6979aad,negative_general_speech,unknown,2.1333,train,split_extension_append_abs_deficit
snips-cbda0e6b718ebd84,negative_general_speech,unknown,7.02,train,split_extension_append_abs_deficit
snips-cc1baee08fa0ba37,negative_general_speech,unknown,6.4271,train,split_extension_append_abs_deficit
snips-cc78ee960c464eb7,negative_general_speech,unknown,3.0,test,split_extension_append_abs_deficit
snips-ccb0486810ef8421,negative_general_speech,unknown,3.18,validation,split_extension_append_abs_deficit
snips-cd8d54da1fd16eed,negative_general_speech,unknown,3.584,validation,split_extension_append_abs_deficit
snips-cd940ca4cf7112e8,negative_general_speech,unknown,4.92,train,split_extension_append_abs_deficit
snips-cdcc68d2a5bbd70f,negative_general_speech,unknown,3.9938,train,split_extension_append_abs_deficit
snips-ced7b9d7224bff00,negative_general_speech,unknown,3.12,train,split_extension_append_abs_deficit
snips-cf19be345ba2783a,negative_general_speech,unknown,6.0587,train,split_extension_append_abs_deficit
snips-cf50e52f0e4d4459,negative_general_speech,unknown,5.1084,train,split_extension_append_abs_deficit
snips-cfc0fca9793ad9e3,negative_general_speech,unknown,2.28,test,split_extension_append_abs_deficit
snips-cff69094c7504bc0,negative_general_speech,unknown,4.0107,train,split_extension_append_abs_deficit
snips-d009469ed6daf966,negative_general_speech,unknown,2.7,validation,split_extension_append_abs_deficit
snips-d015ede64bbaae4f,negative_general_speech,unknown,4.32,train,split_extension_append_abs_deficit
snips-d06da3b1092017f3,negative_general_speech,unknown,3.78,train,split_extension_append_abs_deficit
snips-d0d85b55b3fe3ff0,negative_general_speech,unknown,3.24,validation,split_extension_append_abs_deficit
snips-d22ced4451159140,negative_general_speech,unknown,5.888,train,split_extension_append_abs_deficit
snips-d243cbacdac99f8c,negative_general_speech,unknown,3.4987,validation,split_extension_append_abs_deficit
snips-d25011c75ad1723b,negative_general_speech,unknown,5.4613,train,split_extension_append_abs_deficit
snips-d37859705d8b5812,negative_general_speech,unknown,5.7586,train,split_extension_append_abs_deficit
snips-d38e09613b34b246,negative_general_speech,unknown,2.82,test,split_extension_append_abs_deficit
snips-d3f3ecba2fdb43c5,negative_general_speech,unknown,4.56,train,split_extension_append_abs_deficit
snips-d48560af00b37658,negative_general_speech,unknown,3.4987,validation,split_extension_append_abs_deficit
snips-d4a36b7a03cacf67,negative_general_speech,unknown,7.5947,train,split_extension_append_abs_deficit
snips-d4ade7f070241be1,negative_general_speech,unknown,4.44,train,split_extension_append_abs_deficit
snips-d50e3320c1a7ce7f,negative_general_speech,unknown,4.02,train,split_extension_append_abs_deficit
snips-d527044753e4bf80,negative_general_speech,unknown,4.096,train,split_extension_append_abs_deficit
snips-d52b94c400849eb9,negative_general_speech,unknown,4.86,train,split_extension_append_abs_deficit
snips-d58ec1481abe4978,negative_general_speech,unknown,4.26,train,split_extension_append_abs_deficit
snips-d59daa75da2fe124,negative_general_speech,unknown,3.66,train,split_extension_append_abs_deficit
snips-d5a17514c64f5ebb,negative_general_speech,unknown,3.9253,train,split_extension_append_abs_deficit
snips-d5aa6ec985598e68,negative_general_speech,unknown,1.792,test,split_extension_append_abs_deficit
snips-d5b52b3bb07467b3,negative_general_speech,unknown,4.14,train,split_extension_append_abs_deficit
snips-d655c113d5c0c02c,negative_general_speech,unknown,5.376,train,split_extension_append_abs_deficit
snips-d690afa4ef81f76e,negative_general_speech,unknown,3.1579,test,split_extension_append_abs_deficit
snips-d732981d602b164c,negative_general_speech,unknown,6.84,train,split_extension_append_abs_deficit
snips-d7725b42c9f48767,negative_general_speech,unknown,1.1947,test,split_extension_append_abs_deficit
snips-d77b3c2741386420,negative_general_speech,unknown,6.2293,train,split_extension_append_abs_deficit
snips-d7a01f4c6c13ea11,negative_general_speech,unknown,4.26,train,split_extension_append_abs_deficit
snips-d7a139727c3dad3b,negative_general_speech,unknown,5.0347,train,split_extension_append_abs_deficit
snips-d8588be9bffd1afb,negative_general_speech,unknown,2.9867,validation,split_extension_append_abs_deficit
snips-d85c64d821362658,negative_general_speech,unknown,5.8514,train,split_extension_append_abs_deficit
snips-d88a6aaf8b1b3da0,negative_general_speech,unknown,3.66,train,split_extension_append_abs_deficit
snips-d8e306990ab1ca84,negative_general_speech,unknown,4.86,train,split_extension_append_abs_deficit
snips-d8e336e208230ae5,negative_general_speech,unknown,4.98,train,split_extension_append_abs_deficit
snips-d8f1576bfb37a797,negative_general_speech,unknown,3.9,train,split_extension_append_abs_deficit
snips-d8f9b8c98442a075,negative_general_speech,unknown,4.7371,train,split_extension_append_abs_deficit
snips-d9d196e12dddfeac,negative_general_speech,unknown,5.76,train,split_extension_append_abs_deficit
snips-da3390402861cb72,negative_general_speech,unknown,4.644,train,split_extension_append_abs_deficit
snips-dac706fbd8eee2d9,negative_general_speech,unknown,2.64,train,split_extension_append_abs_deficit
snips-dae5467ef0c380c7,negative_general_speech,unknown,7.62,train,split_extension_append_abs_deficit
snips-db340a820961a8ab,negative_general_speech,unknown,4.1796,train,split_extension_append_abs_deficit
snips-dc985a55c488af10,negative_general_speech,unknown,4.26,train,split_extension_append_abs_deficit
snips-dcca11d3ff6c8562,negative_general_speech,unknown,3.78,train,split_extension_append_abs_deficit
snips-dcee85ed3304ddde,negative_general_speech,unknown,3.06,test,split_extension_append_abs_deficit
snips-dd624213a71be9aa,negative_general_speech,unknown,2.816,train,split_extension_append_abs_deficit
snips-dd6657dddbd3fdc0,negative_general_speech,unknown,2.6006,validation,split_extension_append_abs_deficit
snips-dd679ad8c646f2f4,negative_general_speech,unknown,3.48,test,split_extension_append_abs_deficit
snips-de160ee11253ab0e,negative_general_speech,unknown,2.322,validation,split_extension_append_abs_deficit
snips-de56831a23c987df,negative_general_speech,unknown,5.6657,train,split_extension_append_abs_deficit
snips-de6ee7c3b267666f,negative_general_speech,unknown,3.06,validation,split_extension_append_abs_deficit
snips-de743e0498d70a83,negative_general_speech,unknown,3.0,validation,split_extension_append_abs_deficit
snips-de8208c229b51414,negative_general_speech,unknown,3.2508,train,split_extension_append_abs_deficit
snips-df6ac2ffca46fb47,negative_general_speech,unknown,3.9,train,split_extension_append_abs_deficit
snips-df80408b37e2551f,negative_general_speech,unknown,3.84,train,split_extension_append_abs_deficit
snips-dfd5bb305990338f,negative_general_speech,unknown,3.584,validation,split_extension_append_abs_deficit
snips-e02871f57d99de0c,negative_general_speech,unknown,3.8265,train,split_extension_append_abs_deficit
snips-e0484309fb2cdd61,negative_general_speech,unknown,3.4133,train,split_extension_append_abs_deficit
snips-e0f7eb20e1e6e925,negative_general_speech,unknown,4.5,train,split_extension_append_abs_deficit
snips-e101c1d76e447535,negative_general_speech,unknown,4.5,train,split_extension_append_abs_deficit
snips-e111529f968e1b9d,negative_general_speech,unknown,3.0,validation,split_extension_append_abs_deficit
snips-e139a008bbd4a69f,negative_general_speech,unknown,3.36,train,split_extension_append_abs_deficit
snips-e1eb74c8a5459ac5,negative_general_speech,unknown,4.9493,train,split_extension_append_abs_deficit
snips-e201ad1c5931ba9e,negative_general_speech,unknown,3.84,train,split_extension_append_abs_deficit
snips-e226f4e3ff15af64,negative_general_speech,unknown,2.52,validation,split_extension_append_abs_deficit
snips-e23717fdafef7699,negative_general_speech,unknown,3.3,train,split_extension_append_abs_deficit
snips-e2acd58874ba32e7,negative_general_speech,unknown,3.54,validation,split_extension_append_abs_deficit
snips-e2cb0b9ba5afad73,negative_general_speech,unknown,4.98,train,split_extension_append_abs_deficit
snips-e326fc704d3018a4,negative_general_speech,unknown,2.7307,train,split_extension_append_abs_deficit
snips-e3859ce7d47649a0,negative_general_speech,unknown,4.096,train,split_extension_append_abs_deficit
snips-e3b40552d52dcf4e,negative_general_speech,unknown,4.56,train,split_extension_append_abs_deficit
snips-e4868d8b08230450,negative_general_speech,unknown,2.76,validation,split_extension_append_abs_deficit
snips-e4f543edca2d0cd3,negative_general_speech,unknown,6.3,train,split_extension_append_abs_deficit
snips-e4fab0773069e001,negative_general_speech,unknown,3.84,train,split_extension_append_abs_deficit
snips-e54b3a4bab1ef2f4,negative_general_speech,unknown,3.072,validation,split_extension_append_abs_deficit
snips-e5ed185f0045b447,negative_general_speech,unknown,2.9722,test,split_extension_append_abs_deficit
snips-e646a6cb614dc598,negative_general_speech,unknown,3.4987,train,split_extension_append_abs_deficit
snips-e6d06242fb30654e,negative_general_speech,unknown,3.72,train,split_extension_append_abs_deficit
snips-e6f318815626eab8,negative_general_speech,unknown,5.4613,train,split_extension_append_abs_deficit
snips-e744618cb3f46ff6,negative_general_speech,unknown,5.888,train,split_extension_append_abs_deficit
snips-e7a52c53837cbb67,negative_general_speech,unknown,5.376,train,split_extension_append_abs_deficit
snips-e7b63c68cc77ee16,negative_general_speech,unknown,3.6223,train,split_extension_append_abs_deficit
snips-e7eba2ea1405f911,negative_general_speech,unknown,6.6874,train,split_extension_append_abs_deficit
snips-e806b880f88d311c,negative_general_speech,unknown,4.9493,train,split_extension_append_abs_deficit
snips-e862f61af36d6781,negative_general_speech,unknown,4.5227,train,split_extension_append_abs_deficit
snips-e8a9d85f2a48cf91,negative_general_speech,unknown,4.4582,train,split_extension_append_abs_deficit
snips-e8abdc7cd56f5a9d,negative_general_speech,unknown,2.9867,train,split_extension_append_abs_deficit
snips-e941d6c15524a5d6,negative_general_speech,unknown,5.16,train,split_extension_append_abs_deficit
snips-e9cd5b5159c90977,negative_general_speech,unknown,4.68,train,split_extension_append_abs_deficit
snips-e9f32cf87427cf60,negative_general_speech,unknown,2.304,train,split_extension_append_abs_deficit
snips-eaa3890ae38a811f,negative_general_speech,unknown,2.9722,validation,split_extension_append_abs_deficit
snips-eb76bb3c4c16b22e,negative_general_speech,unknown,4.6933,train,split_extension_append_abs_deficit
snips-eb7e08ba47d55c4d,negative_general_speech,unknown,4.86,train,split_extension_append_abs_deficit
snips-eba65c9a3f3c61cc,negative_general_speech,unknown,3.5294,test,split_extension_append_abs_deficit
snips-ecd1b4b971733eee,negative_general_speech,unknown,2.1333,validation,split_extension_append_abs_deficit
snips-ed8f5dc83603aa07,negative_general_speech,unknown,4.9493,train,split_extension_append_abs_deficit
snips-eda47e56f4576e51,negative_general_speech,unknown,3.0651,validation,split_extension_append_abs_deficit
snips-eded13da7dc48d5e,negative_general_speech,unknown,4.1796,train,split_extension_append_abs_deficit
snips-ee313a5b6d7d388b,negative_general_speech,unknown,5.1084,train,split_extension_append_abs_deficit
snips-ee468b260d852af5,negative_general_speech,unknown,3.9253,train,split_extension_append_abs_deficit
snips-ee9e7b1a559c82a4,negative_general_speech,unknown,3.2427,train,split_extension_append_abs_deficit
snips-eec8838da2d9a35f,negative_general_speech,unknown,2.34,train,split_extension_append_abs_deficit
snips-ef09a5e8639d6769,negative_general_speech,unknown,3.9,train,split_extension_append_abs_deficit
snips-f079de7d9e0b2f08,negative_general_speech,unknown,2.4149,validation,split_extension_append_abs_deficit
snips-f0a03bdaaf781ba5,negative_general_speech,unknown,4.3654,train,split_extension_append_abs_deficit
snips-f13c289fef1055d5,negative_general_speech,unknown,1.792,train,split_extension_append_abs_deficit
snips-f1aedfde3867e2ad,negative_general_speech,unknown,5.888,train,split_extension_append_abs_deficit
snips-f1ba8245d81e0c86,negative_general_speech,unknown,3.66,train,split_extension_append_abs_deficit
snips-f1ebba828954d2a4,negative_general_speech,unknown,2.56,train,split_extension_append_abs_deficit
snips-f24cd6939610f614,negative_general_speech,unknown,6.3147,train,split_extension_append_abs_deficit
snips-f2719ff3be8d5767,negative_general_speech,unknown,4.08,train,split_extension_append_abs_deficit
snips-f314f70068d3c4cf,negative_general_speech,unknown,2.76,test,split_extension_append_abs_deficit
snips-f32efd09530ac2cf,negative_general_speech,unknown,5.1084,train,split_extension_append_abs_deficit
snips-f34682bec89dc82d,negative_general_speech,unknown,2.8171,test,split_extension_append_abs_deficit
snips-f394d0caca355948,negative_general_speech,unknown,3.18,train,split_extension_append_abs_deficit
snips-f3b1f88c5d33bbe8,negative_general_speech,unknown,3.9,train,split_extension_append_abs_deficit
snips-f3ccf7a2917c2b21,negative_general_speech,unknown,4.02,train,split_extension_append_abs_deficit
snips-f4b31919d4512519,negative_general_speech,unknown,2.94,train,split_extension_append_abs_deficit
snips-f51538bec2883528,negative_general_speech,unknown,4.5227,train,split_extension_append_abs_deficit
snips-f56d503350e8d0a4,negative_general_speech,unknown,2.82,validation,split_extension_append_abs_deficit
snips-f6075b4a21aacfd3,negative_general_speech,unknown,2.3893,test,split_extension_append_abs_deficit
snips-f639ce5320648ecb,negative_general_speech,unknown,3.54,validation,split_extension_append_abs_deficit
snips-f6af4e0375373aa0,negative_general_speech,unknown,4.2667,train,split_extension_append_abs_deficit
snips-f7077001ecb4ff85,negative_general_speech,unknown,3.0651,test,split_extension_append_abs_deficit
snips-f7bdbf388c7b52b5,negative_general_speech,unknown,3.7547,train,split_extension_append_abs_deficit
snips-f849cc7c6422b60e,negative_general_speech,unknown,2.52,train,split_extension_append_abs_deficit
snips-f8fa930717aabf10,negative_general_speech,unknown,3.48,test,split_extension_append_abs_deficit
snips-f92be3338a5750f0,negative_general_speech,unknown,6.24,train,split_extension_append_abs_deficit
snips-fa3cd75aca32584f,negative_general_speech,unknown,4.98,train,split_extension_append_abs_deficit
snips-fa8d227db679041c,negative_general_speech,unknown,4.44,train,split_extension_append_abs_deficit
snips-fb73b27b6cb79c95,negative_general_speech,unknown,3.7547,train,split_extension_append_abs_deficit
snips-fba83f156694d35e,negative_general_speech,unknown,2.0434,test,split_extension_append_abs_deficit
snips-fbbff9d604961703,negative_general_speech,unknown,3.88,train,split_extension_append_abs_deficit
snips-fc06718ee4f333dc,negative_general_speech,unknown,5.1084,train,split_extension_append_abs_deficit
snips-fc18ece19c0b8596,negative_general_speech,unknown,4.6933,train,split_extension_append_abs_deficit
snips-fd3137fb76d115c9,negative_general_speech,unknown,3.42,validation,split_extension_append_abs_deficit
snips-fd61c8998c362406,negative_general_speech,unknown,2.816,test,split_extension_append_abs_deficit
snips-fda27019716770c5,negative_general_speech,unknown,4.68,train,split_extension_append_abs_deficit
snips-fdee2368291cd783,negative_general_speech,unknown,3.0,test,split_extension_append_abs_deficit
snips-fe1883d80588b543,negative_general_speech,unknown,3.1573,validation,split_extension_append_abs_deficit
snips-fe23822f00967d77,negative_general_speech,unknown,3.4366,validation,split_extension_append_abs_deficit
snips-fe43e8286413ba73,negative_general_speech,unknown,4.5,train,split_extension_append_abs_deficit
snips-ff193f87421ead63,negative_general_speech,unknown,2.3893,train,split_extension_append_abs_deficit
snips-ff4fb11a946b087a,negative_general_speech,unknown,4.14,train,split_extension_append_abs_deficit
snips-ff772107f8c6cd19,negative_general_speech,unknown,2.2187,validation,split_extension_append_abs_deficit
snips-ff7e941286a9dd72,negative_general_speech,unknown,3.7152,train,split_extension_append_abs_deficit
snips-ffc72cb9aaf178dd,negative_general_speech,unknown,5.12,train,split_extension_append_abs_deficit
musan-music-fma-0000,negative_media,unknown,6.0,train,split_extension_append_abs_deficit
musan-music-fma-0003,negative_media,unknown,6.0,validation,split_extension_append_abs_deficit
musan-music-fma-0004,negative_media,unknown,6.0,train,split_extension_append_abs_deficit
musan-music-fma-0006,negative_media,unknown,6.0,train,split_extension_append_abs_deficit
musan-music-fma-0007,negative_media,unknown,6.0,validation,split_extension_append_abs_deficit
musan-music-fma-0008,negative_media,unknown,6.0,validation,split_extension_append_abs_deficit
musan-music-fma-0010,negative_media,unknown,6.0,train,split_extension_append_abs_deficit
musan-music-fma-0021,negative_media,unknown,6.0,train,split_extension_append_abs_deficit
musan-music-fma-0027,negative_media,unknown,6.0,train,split_extension_append_abs_deficit
musan-music-fma-0042,negative_media,unknown,6.0,train,split_extension_append_abs_deficit
musan-music-fma-0046,negative_media,unknown,6.0,train,split_extension_append_abs_deficit
musan-music-fma-0055,negative_media,unknown,6.0,train,split_extension_append_abs_deficit
musan-music-fma-0056,negative_media,unknown,6.0,test,split_extension_append_abs_deficit
musan-music-fma-0062,negative_media,unknown,6.0,test,split_extension_append_abs_deficit
musan-music-fma-0063,negative_media,unknown,6.0,validation,split_extension_append_abs_deficit
musan-music-fma-0064,negative_media,unknown,6.0,train,split_extension_append_abs_deficit
musan-music-fma-0065,negative_media,unknown,6.0,train,split_extension_append_abs_deficit
musan-music-fma-0067,negative_media,unknown,6.0,train,split_extension_append_abs_deficit
musan-music-fma-0068,negative_media,unknown,6.0,train,split_extension_append_abs_deficit
musan-music-fma-0073,negative_media,unknown,6.0,test,split_extension_append_abs_deficit
musan-music-fma-0075,negative_media,unknown,6.0,validation,split_extension_append_abs_deficit
musan-music-fma-0081,negative_media,unknown,6.0,train,split_extension_append_abs_deficit
musan-music-fma-0083,negative_media,unknown,6.0,train,split_extension_append_abs_deficit
musan-music-fma-0086,negative_media,unknown,6.0,train,split_extension_append_abs_deficit
musan-music-fma-0088,negative_media,unknown,6.0,test,split_extension_append_abs_deficit
musan-music-fma-0091,negative_media,unknown,6.0,train,split_extension_append_abs_deficit
musan-music-fma-0092,negative_media,unknown,6.0,train,split_extension_append_abs_deficit
musan-music-fma-0095,negative_media,unknown,6.0,train,split_extension_append_abs_deficit
musan-music-fma-0100,negative_media,unknown,6.0,train,split_extension_append_abs_deficit
musan-music-fma-0101,negative_media,unknown,6.0,train,split_extension_append_abs_deficit
musan-music-fma-0102,negative_media,unknown,6.0,train,split_extension_append_abs_deficit
musan-music-fma-0104,negative_media,unknown,6.0,train,split_extension_append_abs_deficit
musan-music-fma-0105,negative_media,unknown,6.0,train,split_extension_append_abs_deficit
musan-music-fma-0110,negative_media,unknown,6.0,train,split_extension_append_abs_deficit
musan-music-fma-0111,negative_media,unknown,6.0,train,split_extension_append_abs_deficit
musan-music-fma-0112,negative_media,unknown,6.0,train,split_extension_append_abs_deficit
musan-music-fma-0113,negative_media,unknown,6.0,train,split_extension_append_abs_deficit
musan-music-fma-0124,negative_media,unknown,6.0,train,split_extension_append_abs_deficit
musan-music-fma-0126,negative_media,unknown,6.0,train,split_extension_append_abs_deficit
musan-music-fma-wa-0002,negative_media,unknown,6.0,train,split_extension_append_abs_deficit
musan-music-fma-wa-0003,negative_media,unknown,6.0,test,split_extension_append_abs_deficit
musan-music-fma-wa-0006,negative_media,unknown,6.0,train,split_extension_append_abs_deficit
musan-music-fma-wa-0012,negative_media,unknown,6.0,train,split_extension_append_abs_deficit
musan-music-fma-wa-0013,negative_media,unknown,6.0,train,split_extension_append_abs_deficit
musan-music-fma-wa-0016,negative_media,unknown,6.0,train,split_extension_append_abs_deficit
musan-music-fma-wa-0025,negative_media,unknown,6.0,train,split_extension_append_abs_deficit
musan-music-fma-wa-0027,negative_media,unknown,6.0,train,split_extension_append_abs_deficit
musan-music-fma-wa-0029,negative_media,unknown,6.0,train,split_extension_append_abs_deficit
musan-music-fma-wa-0043,negative_media,unknown,6.0,train,split_extension_append_abs_deficit
musan-music-fma-wa-0044,negative_media,unknown,6.0,test,split_extension_append_abs_deficit
musan-music-fma-wa-0045,negative_media,unknown,6.0,test,split_extension_append_abs_deficit
musan-music-fma-wa-0048,negative_media,unknown,6.0,train,split_extension_append_abs_deficit
musan-music-fma-wa-0050,negative_media,unknown,6.0,train,split_extension_append_abs_deficit
musan-music-fma-wa-0051,negative_media,unknown,6.0,train,split_extension_append_abs_deficit
musan-music-fma-wa-0056,negative_media,unknown,6.0,train,split_extension_append_abs_deficit
musan-music-fma-wa-0057,negative_media,unknown,6.0,test,split_extension_append_abs_deficit
musan-music-fma-wa-0058,negative_media,unknown,6.0,train,split_extension_append_abs_deficit
musan-music-fma-wa-0067,negative_media,unknown,6.0,train,split_extension_append_abs_deficit
musan-music-fma-wa-0068,negative_media,unknown,6.0,train,split_extension_append_abs_deficit
musan-music-fma-wa-0072,negative_media,unknown,6.0,train,split_extension_append_abs_deficit
musan-music-fma-wa-0073,negative_media,unknown,6.0,train,split_extension_append_abs_deficit
musan-music-fma-wa-0074,negative_media,unknown,6.0,train,split_extension_append_abs_deficit
musan-music-fma-wa-0087,negative_media,unknown,6.0,train,split_extension_append_abs_deficit
musan-music-fma-wa-0092,negative_media,unknown,6.0,train,split_extension_append_abs_deficit
musan-music-hd-0001,negative_media,unknown,6.0,train,split_extension_append_abs_deficit
musan-music-hd-0017,negative_media,unknown,6.0,train,split_extension_append_abs_deficit
musan-music-hd-0019,negative_media,unknown,6.0,train,split_extension_append_abs_deficit
musan-music-hd-0020,negative_media,unknown,6.0,train,split_extension_append_abs_deficit
musan-music-hd-0021,negative_media,unknown,6.0,train,split_extension_append_abs_deficit
musan-music-hd-0022,negative_media,unknown,6.0,train,split_extension_append_abs_deficit
musan-music-hd-0024,negative_media,unknown,6.0,test,split_extension_append_abs_deficit
musan-music-hd-0026,negative_media,unknown,6.0,train,split_extension_append_abs_deficit
musan-music-hd-0030,negative_media,unknown,6.0,test,split_extension_append_abs_deficit
musan-music-hd-0035,negative_media,unknown,6.0,train,split_extension_append_abs_deficit
musan-music-hd-0036,negative_media,unknown,6.0,train,split_extension_append_abs_deficit
musan-music-hd-0037,negative_media,unknown,6.0,test,split_extension_append_abs_deficit
musan-music-hd-0039,negative_media,unknown,6.0,train,split_extension_append_abs_deficit
musan-music-hd-0042,negative_media,unknown,6.0,train,split_extension_append_abs_deficit
musan-music-hd-0050,negative_media,unknown,6.0,validation,split_extension_append_abs_deficit
musan-music-hd-0051,negative_media,unknown,6.0,train,split_extension_append_abs_deficit
musan-music-hd-0055,negative_media,unknown,6.0,train,split_extension_append_abs_deficit
musan-music-hd-0057,negative_media,unknown,6.0,validation,split_extension_append_abs_deficit
musan-music-hd-0058,negative_media,unknown,6.0,validation,split_extension_append_abs_deficit
musan-music-hd-0060,negative_media,unknown,6.0,validation,split_extension_append_abs_deficit
musan-music-hd-0069,negative_media,unknown,6.0,train,split_extension_append_abs_deficit
musan-music-hd-0072,negative_media,unknown,6.0,train,split_extension_append_abs_deficit
musan-music-jamendo-0003,negative_media,unknown,6.0,train,split_extension_append_abs_deficit
musan-music-jamendo-0004,negative_media,unknown,6.0,train,split_extension_append_abs_deficit
musan-music-jamendo-0005,negative_media,unknown,6.0,train,split_extension_append_abs_deficit
musan-music-jamendo-0009,negative_media,unknown,6.0,test,split_extension_append_abs_deficit
musan-music-jamendo-0010,negative_media,unknown,6.0,train,split_extension_append_abs_deficit
musan-music-jamendo-0016,negative_media,unknown,6.0,test,split_extension_append_abs_deficit
musan-music-jamendo-0017,negative_media,unknown,6.0,validation,split_extension_append_abs_deficit
musan-music-jamendo-0020,negative_media,unknown,6.0,train,split_extension_append_abs_deficit
musan-music-jamendo-0022,negative_media,unknown,6.0,train,split_extension_append_abs_deficit
musan-music-jamendo-0028,negative_media,unknown,6.0,test,split_extension_append_abs_deficit
musan-music-jamendo-0038,negative_media,unknown,6.0,train,split_extension_append_abs_deficit
musan-music-jamendo-0042,negative_media,unknown,6.0,train,split_extension_append_abs_deficit
musan-music-jamendo-0043,negative_media,unknown,6.0,train,split_extension_append_abs_deficit
musan-music-jamendo-0044,negative_media,unknown,6.0,train,split_extension_append_abs_deficit
musan-music-jamendo-0049,negative_media,unknown,6.0,train,split_extension_append_abs_deficit
musan-music-jamendo-0053,negative_media,unknown,6.0,train,split_extension_append_abs_deficit
musan-music-jamendo-0054,negative_media,unknown,6.0,train,split_extension_append_abs_deficit
musan-music-jamendo-0059,negative_media,unknown,6.0,train,split_extension_append_abs_deficit
musan-music-jamendo-0060,negative_media,unknown,6.0,train,split_extension_append_abs_deficit
musan-music-jamendo-0068,negative_media,unknown,6.0,train,split_extension_append_abs_deficit
musan-music-jamendo-0070,negative_media,unknown,6.0,train,split_extension_append_abs_deficit
musan-music-jamendo-0072,negative_media,unknown,6.0,train,split_extension_append_abs_deficit
musan-music-jamendo-0075,negative_media,unknown,6.0,train,split_extension_append_abs_deficit
musan-music-jamendo-0077,negative_media,unknown,6.0,train,split_extension_append_abs_deficit
musan-music-jamendo-0086,negative_media,unknown,6.0,test,split_extension_append_abs_deficit
musan-music-jamendo-0094,negative_media,unknown,6.0,train,split_extension_append_abs_deficit
musan-music-jamendo-0098,negative_media,unknown,6.0,validation,split_extension_append_abs_deficit
musan-music-jamendo-0099,negative_media,unknown,6.0,train,split_extension_append_abs_deficit
musan-music-jamendo-0104,negative_media,unknown,6.0,train,split_extension_append_abs_deficit
musan-music-jamendo-0106,negative_media,unknown,6.0,train,split_extension_append_abs_deficit
musan-music-jamendo-0109,negative_media,unknown,6.0,train,split_extension_append_abs_deficit
musan-music-jamendo-0111,negative_media,unknown,6.0,train,split_extension_append_abs_deficit
musan-music-jamendo-0116,negative_media,unknown,6.0,train,split_extension_append_abs_deficit
musan-music-jamendo-0120,negative_media,unknown,6.0,train,split_extension_append_abs_deficit
musan-music-jamendo-0127,negative_media,unknown,6.0,train,split_extension_append_abs_deficit
musan-music-jamendo-0131,negative_media,unknown,6.0,train,split_extension_append_abs_deficit
musan-music-jamendo-0132,negative_media,unknown,6.0,train,split_extension_append_abs_deficit
musan-music-jamendo-0140,negative_media,unknown,6.0,train,split_extension_append_abs_deficit
musan-music-jamendo-0152,negative_media,unknown,6.0,train,split_extension_append_abs_deficit
musan-music-jamendo-0157,negative_media,unknown,6.0,validation,split_extension_append_abs_deficit
musan-music-jamendo-0161,negative_media,unknown,6.0,test,split_extension_append_abs_deficit
musan-music-jamendo-0163,negative_media,unknown,6.0,train,split_extension_append_abs_deficit
musan-music-jamendo-0165,negative_media,unknown,6.0,train,split_extension_append_abs_deficit
musan-music-jamendo-0166,negative_media,unknown,6.0,train,split_extension_append_abs_deficit
musan-music-jamendo-0169,negative_media,unknown,6.0,train,split_extension_append_abs_deficit
musan-music-jamendo-0170,negative_media,unknown,6.0,train,split_extension_append_abs_deficit
musan-music-jamendo-0171,negative_media,unknown,6.0,train,split_extension_append_abs_deficit
musan-music-jamendo-0174,negative_media,unknown,6.0,train,split_extension_append_abs_deficit
musan-music-jamendo-0175,negative_media,unknown,6.0,test,split_extension_append_abs_deficit
musan-music-jamendo-0176,negative_media,unknown,6.0,train,split_extension_append_abs_deficit
musan-music-jamendo-0179,negative_media,unknown,6.0,train,split_extension_append_abs_deficit
musan-music-jamendo-0187,negative_media,unknown,6.0,train,split_extension_append_abs_deficit
musan-music-jamendo-0188,negative_media,unknown,6.0,train,split_extension_append_abs_deficit
musan-music-jamendo-0189,negative_media,unknown,6.0,train,split_extension_append_abs_deficit
musan-music-jamendo-0195,negative_media,unknown,6.0,train,split_extension_append_abs_deficit
musan-music-jamendo-0196,negative_media,unknown,6.0,validation,split_extension_append_abs_deficit
musan-music-jamendo-0200,negative_media,unknown,6.0,train,split_extension_append_abs_deficit
musan-music-jamendo-0201,negative_media,unknown,6.0,train,split_extension_append_abs_deficit
musan-music-jamendo-0203,negative_media,unknown,6.0,train,split_extension_append_abs_deficit
musan-music-jamendo-0205,negative_media,unknown,6.0,train,split_extension_append_abs_deficit
musan-music-jamendo-0206,negative_media,unknown,6.0,validation,split_extension_append_abs_deficit
musan-music-jamendo-0207,negative_media,unknown,6.0,train,split_extension_append_abs_deficit
musan-music-jamendo-0210,negative_media,unknown,6.0,train,split_extension_append_abs_deficit
musan-music-rfm-0000,negative_media,unknown,6.0,train,split_extension_append_abs_deficit
musan-music-rfm-0002,negative_media,unknown,6.0,train,split_extension_append_abs_deficit
musan-music-rfm-0009,negative_media,unknown,6.0,train,split_extension_append_abs_deficit
musan-music-rfm-0013,negative_media,unknown,6.0,validation,split_extension_append_abs_deficit
musan-music-rfm-0019,negative_media,unknown,6.0,train,split_extension_append_abs_deficit
musan-music-rfm-0022,negative_media,unknown,6.0,validation,split_extension_append_abs_deficit
musan-music-rfm-0023,negative_media,unknown,6.0,test,split_extension_append_abs_deficit
musan-music-rfm-0027,negative_media,unknown,6.0,train,split_extension_append_abs_deficit
musan-music-rfm-0029,negative_media,unknown,6.0,train,split_extension_append_abs_deficit
musan-music-rfm-0031,negative_media,unknown,6.0,train,split_extension_append_abs_deficit
musan-music-rfm-0033,negative_media,unknown,6.0,train,split_extension_append_abs_deficit
musan-music-rfm-0034,negative_media,unknown,6.0,train,split_extension_append_abs_deficit
musan-music-rfm-0036,negative_media,unknown,6.0,train,split_extension_append_abs_deficit
musan-music-rfm-0037,negative_media,unknown,6.0,train,split_extension_append_abs_deficit
musan-music-rfm-0039,negative_media,unknown,6.0,train,split_extension_append_abs_deficit
musan-music-rfm-0041,negative_media,unknown,6.0,train,split_extension_append_abs_deficit
musan-music-rfm-0043,negative_media,unknown,6.0,train,split_extension_append_abs_deficit
musan-music-rfm-0047,negative_media,unknown,6.0,train,split_extension_append_abs_deficit
musan-music-rfm-0049,negative_media,unknown,6.0,train,split_extension_append_abs_deficit
musan-music-rfm-0050,negative_media,unknown,6.0,train,split_extension_append_abs_deficit
musan-music-rfm-0055,negative_media,unknown,6.0,train,split_extension_append_abs_deficit
musan-music-rfm-0056,negative_media,unknown,6.0,train,split_extension_append_abs_deficit
musan-music-rfm-0061,negative_media,unknown,6.0,test,split_extension_append_abs_deficit
musan-music-rfm-0064,negative_media,unknown,6.0,train,split_extension_append_abs_deficit
musan-music-rfm-0065,negative_media,unknown,6.0,train,split_extension_append_abs_deficit
musan-music-rfm-0066,negative_media,unknown,6.0,train,split_extension_append_abs_deficit
musan-music-rfm-0067,negative_media,unknown,6.0,validation,split_extension_append_abs_deficit
musan-music-rfm-0073,negative_media,unknown,6.0,train,split_extension_append_abs_deficit
musan-music-rfm-0075,negative_media,unknown,6.0,train,split_extension_append_abs_deficit
musan-music-rfm-0076,negative_media,unknown,6.0,train,split_extension_append_abs_deficit
musan-music-rfm-0081,negative_media,unknown,6.0,train,split_extension_append_abs_deficit
musan-music-rfm-0082,negative_media,unknown,6.0,train,split_extension_append_abs_deficit
musan-music-rfm-0084,negative_media,unknown,6.0,validation,split_extension_append_abs_deficit
musan-music-rfm-0085,negative_media,unknown,6.0,train,split_extension_append_abs_deficit
musan-music-rfm-0089,negative_media,unknown,6.0,validation,split_extension_append_abs_deficit
musan-music-rfm-0097,negative_media,unknown,6.0,train,split_extension_append_abs_deficit
musan-music-rfm-0102,negative_media,unknown,6.0,train,split_extension_append_abs_deficit
musan-music-rfm-0107,negative_media,unknown,6.0,train,split_extension_append_abs_deficit
musan-music-rfm-0108,negative_media,unknown,6.0,train,split_extension_append_abs_deficit
musan-music-rfm-0109,negative_media,unknown,6.0,validation,split_extension_append_abs_deficit
musan-music-rfm-0111,negative_media,unknown,6.0,train,split_extension_append_abs_deficit
musan-music-rfm-0112,negative_media,unknown,6.0,train,split_extension_append_abs_deficit
musan-music-rfm-0114,negative_media,unknown,6.0,train,split_extension_append_abs_deficit
musan-music-rfm-0117,negative_media,unknown,6.0,train,split_extension_append_abs_deficit
musan-music-rfm-0118,negative_media,unknown,6.0,train,split_extension_append_abs_deficit
musan-music-rfm-0120,negative_media,unknown,6.0,test,split_extension_append_abs_deficit
musan-music-rfm-0126,negative_media,unknown,6.0,train,split_extension_append_abs_deficit
musan-music-rfm-0130,negative_media,unknown,6.0,train,split_extension_append_abs_deficit
musan-music-rfm-0138,negative_media,unknown,6.0,train,split_extension_append_abs_deficit
musan-music-rfm-0141,negative_media,unknown,6.0,train,split_extension_append_abs_deficit
musan-music-rfm-0145,negative_media,unknown,6.0,train,split_extension_append_abs_deficit
mswc-000844f3794a63ea,negative_partial_wakeword,unknown,1.0,test,split_extension_append_abs_deficit
mswc-007b0b48b2c8344d,negative_partial_wakeword,unknown,1.0,validation,split_extension_append_abs_deficit
mswc-00b244d2ff2a0b8d,negative_partial_wakeword,unknown,1.0,train,split_extension_append_abs_deficit
mswc-00c32b9cc65b2550,negative_partial_wakeword,unknown,2.0,train,split_extension_append_abs_deficit
mswc-00eb67a434814ba7,negative_partial_wakeword,unknown,1.0,train,split_extension_append_abs_deficit
mswc-01a4d12dcbcbf2b4,negative_partial_wakeword,unknown,1.0,train,split_extension_append_abs_deficit
mswc-01dfef853e87deeb,negative_partial_wakeword,unknown,1.0,train,split_extension_append_abs_deficit
mswc-02ac69bf462d6346,negative_partial_wakeword,unknown,1.0,validation,split_extension_append_abs_deficit
mswc-03cbbdc70c4114be,negative_partial_wakeword,unknown,1.0,train,split_extension_append_abs_deficit
mswc-03e38237b1cd4090,negative_partial_wakeword,unknown,1.0,train,split_extension_append_abs_deficit
mswc-04000da9b904dafc,negative_partial_wakeword,unknown,1.0,train,split_extension_append_abs_deficit
mswc-0440e960999e0f3e,negative_partial_wakeword,unknown,1.0,train,split_extension_append_abs_deficit
mswc-044357496b3d953b,negative_partial_wakeword,unknown,2.0,train,split_extension_append_abs_deficit
mswc-045afb87fe8c49b7,negative_partial_wakeword,unknown,1.0,train,split_extension_append_abs_deficit
mswc-0461a12b2ebdd127,negative_partial_wakeword,unknown,1.0,train,split_extension_append_abs_deficit
mswc-0493e2616caf68ed,negative_partial_wakeword,unknown,1.0,test,split_extension_append_abs_deficit
mswc-04a956c4d637bcdf,negative_partial_wakeword,unknown,1.0,train,split_extension_append_abs_deficit
mswc-05bcc44fe3b05155,negative_partial_wakeword,unknown,1.0,train,split_extension_append_abs_deficit
mswc-06be60fbaa51aa39,negative_partial_wakeword,unknown,1.0,train,split_extension_append_abs_deficit
mswc-06eb40ac579f4280,negative_partial_wakeword,unknown,1.0,train,split_extension_append_abs_deficit
mswc-07a23ba4e9451a60,negative_partial_wakeword,unknown,1.0,train,split_extension_append_abs_deficit
mswc-07a8bee9901f0281,negative_partial_wakeword,unknown,1.0,validation,split_extension_append_abs_deficit
mswc-0944bcc9c33612bb,negative_partial_wakeword,unknown,1.0,test,split_extension_append_abs_deficit
mswc-09d5fe416f57241e,negative_partial_wakeword,unknown,1.0,train,split_extension_append_abs_deficit
mswc-09daa0e61f4baf6e,negative_partial_wakeword,unknown,1.0,test,split_extension_append_abs_deficit
mswc-09e7340e7b7388ff,negative_partial_wakeword,unknown,1.0,train,split_extension_append_abs_deficit
mswc-0a40fd471f8c5587,negative_partial_wakeword,unknown,1.0,train,split_extension_append_abs_deficit
mswc-0a6cb590ee5c0288,negative_partial_wakeword,unknown,1.0,train,split_extension_append_abs_deficit
mswc-0b503b8826484ffe,negative_partial_wakeword,unknown,1.0,train,split_extension_append_abs_deficit
mswc-0b8bf67f2e1fc654,negative_partial_wakeword,unknown,1.0,validation,split_extension_append_abs_deficit
mswc-0e6ec9bfb7f8c225,negative_partial_wakeword,unknown,2.0,train,split_extension_append_abs_deficit
mswc-0eca8b7df607c816,negative_partial_wakeword,unknown,1.0,test,split_extension_append_abs_deficit
mswc-0eff645111c1138c,negative_partial_wakeword,unknown,1.0,validation,split_extension_append_abs_deficit
mswc-0f830497b26415a6,negative_partial_wakeword,unknown,1.0,train,split_extension_append_abs_deficit
mswc-108fae1d5783d9f8,negative_partial_wakeword,unknown,2.0,train,split_extension_append_abs_deficit
mswc-108fbc1cade07f73,negative_partial_wakeword,unknown,1.0,train,split_extension_append_abs_deficit
mswc-119124394354a868,negative_partial_wakeword,unknown,1.0,train,split_extension_append_abs_deficit
mswc-11a464a6be72253d,negative_partial_wakeword,unknown,1.0,validation,split_extension_append_abs_deficit
mswc-120ac332bef66823,negative_partial_wakeword,unknown,5.0,train,split_extension_append_abs_deficit
mswc-12acef3c99749ff9,negative_partial_wakeword,unknown,1.0,train,split_extension_append_abs_deficit
mswc-134326f81588d7ed,negative_partial_wakeword,unknown,1.0,train,split_extension_append_abs_deficit
mswc-1377d17a15367cf7,negative_partial_wakeword,unknown,1.0,train,split_extension_append_abs_deficit
mswc-13ed0433b72c1a21,negative_partial_wakeword,unknown,1.0,train,split_extension_append_abs_deficit
mswc-145ecdd6ef615054,negative_partial_wakeword,unknown,1.0,train,split_extension_append_abs_deficit
mswc-15b31c42f5fa033f,negative_partial_wakeword,unknown,1.0,train,split_extension_append_abs_deficit
mswc-1600ce9ca7d7b144,negative_partial_wakeword,unknown,1.0,test,split_extension_append_abs_deficit
mswc-161c0e5fa60fb82a,negative_partial_wakeword,unknown,2.0,train,split_extension_append_abs_deficit
mswc-165f79e04a16af63,negative_partial_wakeword,unknown,1.0,train,split_extension_append_abs_deficit
mswc-166f6bb4b6782d5e,negative_partial_wakeword,unknown,1.0,train,split_extension_append_abs_deficit
mswc-16955a7920d94f5c,negative_partial_wakeword,unknown,1.0,train,split_extension_append_abs_deficit
mswc-16da770f45bd454a,negative_partial_wakeword,unknown,1.0,train,split_extension_append_abs_deficit
mswc-16eb206fce42eacf,negative_partial_wakeword,unknown,1.0,train,split_extension_append_abs_deficit
mswc-1704dd673eb000e9,negative_partial_wakeword,unknown,1.0,train,split_extension_append_abs_deficit
mswc-18b1c3f6aa13269c,negative_partial_wakeword,unknown,1.0,train,split_extension_append_abs_deficit
mswc-19487455c0503e1a,negative_partial_wakeword,unknown,1.0,train,split_extension_append_abs_deficit
mswc-19e3734a112a0ab5,negative_partial_wakeword,unknown,1.0,train,split_extension_append_abs_deficit
mswc-1a03eae370181165,negative_partial_wakeword,unknown,1.0,test,split_extension_append_abs_deficit
mswc-1a20c21e85500b80,negative_partial_wakeword,unknown,1.0,train,split_extension_append_abs_deficit
mswc-1b079248e586b5e8,negative_partial_wakeword,unknown,2.0,train,split_extension_append_abs_deficit
mswc-1b249c02d8cc03b1,negative_partial_wakeword,unknown,1.0,train,split_extension_append_abs_deficit
mswc-1bc6397feed496a6,negative_partial_wakeword,unknown,1.0,train,split_extension_append_abs_deficit
mswc-1c721fb3615085dc,negative_partial_wakeword,unknown,2.0,train,split_extension_append_abs_deficit
mswc-1ccc11db8fd7790d,negative_partial_wakeword,unknown,1.0,train,split_extension_append_abs_deficit
mswc-1d1d3b5ff26c1047,negative_partial_wakeword,unknown,1.0,validation,split_extension_append_abs_deficit
mswc-1da88197c4a326f2,negative_partial_wakeword,unknown,1.0,train,split_extension_append_abs_deficit
mswc-1dad193177f363aa,negative_partial_wakeword,unknown,1.0,train,split_extension_append_abs_deficit
mswc-1df9b51e9d27e9c5,negative_partial_wakeword,unknown,1.0,validation,split_extension_append_abs_deficit
mswc-1e54203142cb4625,negative_partial_wakeword,unknown,1.0,train,split_extension_append_abs_deficit
mswc-1eb90c0097b15436,negative_partial_wakeword,unknown,1.0,train,split_extension_append_abs_deficit
mswc-200b895600abb6be,negative_partial_wakeword,unknown,1.0,validation,split_extension_append_abs_deficit
mswc-209393ac25207c35,negative_partial_wakeword,unknown,1.0,train,split_extension_append_abs_deficit
mswc-20ab58d8a4fee3a0,negative_partial_wakeword,unknown,1.0,train,split_extension_append_abs_deficit
mswc-21135e5599eb2022,negative_partial_wakeword,unknown,1.0,train,split_extension_append_abs_deficit
mswc-21988c64f52d8db0,negative_partial_wakeword,unknown,2.0,train,split_extension_append_abs_deficit
mswc-232c2484c9b9e740,negative_partial_wakeword,unknown,1.0,train,split_extension_append_abs_deficit
mswc-239c77af54808dfc,negative_partial_wakeword,unknown,1.0,validation,split_extension_append_abs_deficit
mswc-23f22e4c46ddf3e7,negative_partial_wakeword,unknown,1.0,test,split_extension_append_abs_deficit
mswc-244931d5d11598ab,negative_partial_wakeword,unknown,1.0,train,split_extension_append_abs_deficit
mswc-2467d5989653faa4,negative_partial_wakeword,unknown,1.0,train,split_extension_append_abs_deficit
mswc-2530bcfed10b9c71,negative_partial_wakeword,unknown,1.0,train,split_extension_append_abs_deficit
mswc-2565794c6baa87eb,negative_partial_wakeword,unknown,2.0,train,split_extension_append_abs_deficit
mswc-258d339d4548264f,negative_partial_wakeword,unknown,1.0,train,split_extension_append_abs_deficit
mswc-25e0247ebcc65063,negative_partial_wakeword,unknown,1.0,train,split_extension_append_abs_deficit
mswc-26d8d307751ded08,negative_partial_wakeword,unknown,2.0,train,split_extension_append_abs_deficit
mswc-27af5f2ffbd77e1d,negative_partial_wakeword,unknown,1.0,train,split_extension_append_abs_deficit
mswc-27e38c08e7a80955,negative_partial_wakeword,unknown,1.0,train,split_extension_append_abs_deficit
mswc-2815b34e00768632,negative_partial_wakeword,unknown,1.0,train,split_extension_append_abs_deficit
mswc-295097e50acd34d7,negative_partial_wakeword,unknown,1.0,train,split_extension_append_abs_deficit
mswc-2987640c2ff5ff5d,negative_partial_wakeword,unknown,1.0,train,split_extension_append_abs_deficit
mswc-29deffa9d522104f,negative_partial_wakeword,unknown,1.0,train,split_extension_append_abs_deficit
mswc-2a2c357ed50b944c,negative_partial_wakeword,unknown,1.0,train,split_extension_append_abs_deficit
mswc-2a35330ee1803f69,negative_partial_wakeword,unknown,1.0,train,split_extension_append_abs_deficit
mswc-2a7e6bf5e2bebeee,negative_partial_wakeword,unknown,1.0,validation,split_extension_append_abs_deficit
mswc-2adb8a3062d83fd5,negative_partial_wakeword,unknown,1.0,train,split_extension_append_abs_deficit
mswc-2b8e5f50fb07c9fe,negative_partial_wakeword,unknown,2.0,train,split_extension_append_abs_deficit
mswc-2bc3c3cc5608aba9,negative_partial_wakeword,unknown,1.0,train,split_extension_append_abs_deficit
mswc-2c5cdf42160b946d,negative_partial_wakeword,unknown,2.0,train,split_extension_append_abs_deficit
mswc-2c646122d82e9bed,negative_partial_wakeword,unknown,1.0,test,split_extension_append_abs_deficit
mswc-2ca6717583a57ea1,negative_partial_wakeword,unknown,1.0,train,split_extension_append_abs_deficit
mswc-2d35eb3454cee265,negative_partial_wakeword,unknown,2.0,train,split_extension_append_abs_deficit
mswc-2e16e57a086c73da,negative_partial_wakeword,unknown,1.0,validation,split_extension_append_abs_deficit
mswc-2e1ed480d6ddb598,negative_partial_wakeword,unknown,5.0,train,split_extension_append_abs_deficit
mswc-2e9fcb47528a5916,negative_partial_wakeword,unknown,1.0,train,split_extension_append_abs_deficit
mswc-30faacf57ce5463a,negative_partial_wakeword,unknown,1.0,train,split_extension_append_abs_deficit
mswc-313a9da6eae7f24e,negative_partial_wakeword,unknown,1.0,test,split_extension_append_abs_deficit
mswc-3222759677d37d6f,negative_partial_wakeword,unknown,1.0,train,split_extension_append_abs_deficit
mswc-32e644a29aaf848c,negative_partial_wakeword,unknown,1.0,validation,split_extension_append_abs_deficit
mswc-32e9bcf0a7d57e8b,negative_partial_wakeword,unknown,2.0,train,split_extension_append_abs_deficit
mswc-32f9323236bc0775,negative_partial_wakeword,unknown,1.0,train,split_extension_append_abs_deficit
mswc-3301c7cfc6696c63,negative_partial_wakeword,unknown,1.0,train,split_extension_append_abs_deficit
mswc-333ea933cca02650,negative_partial_wakeword,unknown,1.0,test,split_extension_append_abs_deficit
mswc-338b3f26010eb6bd,negative_partial_wakeword,unknown,1.0,train,split_extension_append_abs_deficit
mswc-339647b88a29e4ff,negative_partial_wakeword,unknown,1.0,train,split_extension_append_abs_deficit
mswc-358d8eebfe72b27e,negative_partial_wakeword,unknown,1.0,train,split_extension_append_abs_deficit
mswc-35ccadbae12c6c7b,negative_partial_wakeword,unknown,1.0,validation,split_extension_append_abs_deficit
mswc-36ce4dfcf12862cf,negative_partial_wakeword,unknown,1.0,train,split_extension_append_abs_deficit
mswc-377394d5948fe8ed,negative_partial_wakeword,unknown,1.0,test,split_extension_append_abs_deficit
mswc-37f623fdd54d3f91,negative_partial_wakeword,unknown,1.0,train,split_extension_append_abs_deficit
mswc-386ff03b08f94b1e,negative_partial_wakeword,unknown,3.0,train,split_extension_append_abs_deficit
mswc-388ec8491e6b0551,negative_partial_wakeword,unknown,1.0,train,split_extension_append_abs_deficit
mswc-38a1c0d10414d65e,negative_partial_wakeword,unknown,1.0,validation,split_extension_append_abs_deficit
mswc-38c68ec91dc7e767,negative_partial_wakeword,unknown,4.0,train,split_extension_append_abs_deficit
mswc-39009d8e7e99f900,negative_partial_wakeword,unknown,1.0,train,split_extension_append_abs_deficit
mswc-39d59f30cfd326e9,negative_partial_wakeword,unknown,1.0,train,split_extension_append_abs_deficit
mswc-39e384e79faf5037,negative_partial_wakeword,unknown,1.0,train,split_extension_append_abs_deficit
mswc-3a44345e17ece9aa,negative_partial_wakeword,unknown,1.0,train,split_extension_append_abs_deficit
mswc-3b546cceec00cad2,negative_partial_wakeword,unknown,1.0,train,split_extension_append_abs_deficit
mswc-3bfc3dd32daf4c5b,negative_partial_wakeword,unknown,1.0,train,split_extension_append_abs_deficit
mswc-3cd30b006fba5037,negative_partial_wakeword,unknown,1.0,test,split_extension_append_abs_deficit
mswc-3ce5f276b1063382,negative_partial_wakeword,unknown,1.0,train,split_extension_append_abs_deficit
mswc-3d82e4c8f59a8fb6,negative_partial_wakeword,unknown,1.0,train,split_extension_append_abs_deficit
mswc-3e65691366e59739,negative_partial_wakeword,unknown,1.0,train,split_extension_append_abs_deficit
mswc-3f0ffb83b95ffe51,negative_partial_wakeword,unknown,1.0,validation,split_extension_append_abs_deficit
mswc-3ffe7c6778aa4a5d,negative_partial_wakeword,unknown,1.0,train,split_extension_append_abs_deficit
mswc-4124d68b10a9191a,negative_partial_wakeword,unknown,1.0,train,split_extension_append_abs_deficit
mswc-43f1f9fd8c5bc0f3,negative_partial_wakeword,unknown,1.0,train,split_extension_append_abs_deficit
mswc-45b072bd81f903b4,negative_partial_wakeword,unknown,1.0,train,split_extension_append_abs_deficit
mswc-45dc802c31599e9d,negative_partial_wakeword,unknown,1.0,train,split_extension_append_abs_deficit
mswc-46ba7d8e87620c44,negative_partial_wakeword,unknown,1.0,train,split_extension_append_abs_deficit
mswc-46c71570ac5818f7,negative_partial_wakeword,unknown,1.0,train,split_extension_append_abs_deficit
mswc-47e541a289da8755,negative_partial_wakeword,unknown,1.0,train,split_extension_append_abs_deficit
mswc-48f78f5db8504b3f,negative_partial_wakeword,unknown,2.0,train,split_extension_append_abs_deficit
mswc-48fe4254bb9eb9d4,negative_partial_wakeword,unknown,1.0,train,split_extension_append_abs_deficit
mswc-49518b0d6dc530fc,negative_partial_wakeword,unknown,7.0,train,split_extension_append_abs_deficit
mswc-4992481727517f64,negative_partial_wakeword,unknown,4.0,train,split_extension_append_abs_deficit
mswc-4b550e8f1e76a0a6,negative_partial_wakeword,unknown,1.0,train,split_extension_append_abs_deficit
mswc-4c1b19a0816c8ce4,negative_partial_wakeword,unknown,1.0,train,split_extension_append_abs_deficit
mswc-4d2e435e3a5b573c,negative_partial_wakeword,unknown,1.0,train,split_extension_append_abs_deficit
mswc-4d332f34940a0455,negative_partial_wakeword,unknown,2.0,train,split_extension_append_abs_deficit
mswc-4dbf20f61f25d36c,negative_partial_wakeword,unknown,1.0,train,split_extension_append_abs_deficit
mswc-4e06b91cf792a0e9,negative_partial_wakeword,unknown,1.0,train,split_extension_append_abs_deficit
mswc-4e6ebb9a20d87c87,negative_partial_wakeword,unknown,1.0,train,split_extension_append_abs_deficit
mswc-4f34f32247be0b4d,negative_partial_wakeword,unknown,1.0,train,split_extension_append_abs_deficit
mswc-4f8c8cfb6803bafd,negative_partial_wakeword,unknown,1.0,train,split_extension_append_abs_deficit
mswc-4f9d96513b4cafa2,negative_partial_wakeword,unknown,1.0,train,split_extension_append_abs_deficit
mswc-4fd813c8cef7b663,negative_partial_wakeword,unknown,1.0,train,split_extension_append_abs_deficit
mswc-504657e9a817c4f6,negative_partial_wakeword,unknown,1.0,test,split_extension_append_abs_deficit
mswc-504ddf6aba227a8f,negative_partial_wakeword,unknown,1.0,train,split_extension_append_abs_deficit
mswc-50d66bd2a34d96c2,negative_partial_wakeword,unknown,1.0,train,split_extension_append_abs_deficit
mswc-5195e6271856274f,negative_partial_wakeword,unknown,1.0,train,split_extension_append_abs_deficit
mswc-52d1e0cba1664f05,negative_partial_wakeword,unknown,1.0,train,split_extension_append_abs_deficit
mswc-53bd1de79e9408ad,negative_partial_wakeword,unknown,1.0,train,split_extension_append_abs_deficit
mswc-5443eccb8d34feac,negative_partial_wakeword,unknown,1.0,train,split_extension_append_abs_deficit
mswc-54adc33158409de4,negative_partial_wakeword,unknown,1.0,train,split_extension_append_abs_deficit
mswc-575c52f345221a35,negative_partial_wakeword,unknown,1.0,train,split_extension_append_abs_deficit
mswc-584f18dff9eb26b7,negative_partial_wakeword,unknown,1.0,validation,split_extension_append_abs_deficit
mswc-58c7baf7cbe67772,negative_partial_wakeword,unknown,2.0,train,split_extension_append_abs_deficit
mswc-58f5abd604c13c9c,negative_partial_wakeword,unknown,1.0,train,split_extension_append_abs_deficit
mswc-59644fb5c73ead26,negative_partial_wakeword,unknown,1.0,train,split_extension_append_abs_deficit
mswc-59862e1cddd539bb,negative_partial_wakeword,unknown,1.0,train,split_extension_append_abs_deficit
mswc-59b23e23e4201cc1,negative_partial_wakeword,unknown,2.0,train,split_extension_append_abs_deficit
mswc-5a8f6b995997990f,negative_partial_wakeword,unknown,2.0,train,split_extension_append_abs_deficit
mswc-5d4515f07d259120,negative_partial_wakeword,unknown,1.0,train,split_extension_append_abs_deficit
mswc-5eb5395f1ed0fa9a,negative_partial_wakeword,unknown,1.0,test,split_extension_append_abs_deficit
mswc-5ff5b119c97392bb,negative_partial_wakeword,unknown,1.0,train,split_extension_append_abs_deficit
mswc-6057fbf74d326056,negative_partial_wakeword,unknown,1.0,train,split_extension_append_abs_deficit
mswc-6067a9eddcab4269,negative_partial_wakeword,unknown,1.0,train,split_extension_append_abs_deficit
mswc-60a53410abe58fee,negative_partial_wakeword,unknown,1.0,validation,split_extension_append_abs_deficit
mswc-60b438ecc3f1f20a,negative_partial_wakeword,unknown,1.0,validation,split_extension_append_abs_deficit
mswc-610a0d5aebe3e7e8,negative_partial_wakeword,unknown,1.0,train,split_extension_append_abs_deficit
mswc-61eec17fd90001b6,negative_partial_wakeword,unknown,1.0,test,split_extension_append_abs_deficit
mswc-621d28f88b69316a,negative_partial_wakeword,unknown,1.0,train,split_extension_append_abs_deficit
mswc-62c0b4fa1d686b71,negative_partial_wakeword,unknown,1.0,test,split_extension_append_abs_deficit
mswc-62f738d44f552fac,negative_partial_wakeword,unknown,1.0,test,split_extension_append_abs_deficit
mswc-634a95fe574f2cdc,negative_partial_wakeword,unknown,1.0,train,split_extension_append_abs_deficit
mswc-63b0d0de5660a4d9,negative_partial_wakeword,unknown,1.0,train,split_extension_append_abs_deficit
mswc-64b45f91eec793d7,negative_partial_wakeword,unknown,2.0,train,split_extension_append_abs_deficit
mswc-6597f1673952ae1b,negative_partial_wakeword,unknown,1.0,train,split_extension_append_abs_deficit
mswc-66072df1b5c21947,negative_partial_wakeword,unknown,2.0,train,split_extension_append_abs_deficit
mswc-66a1d975730db266,negative_partial_wakeword,unknown,1.0,test,split_extension_append_abs_deficit
mswc-66a3784228333ced,negative_partial_wakeword,unknown,1.0,train,split_extension_append_abs_deficit
mswc-66c086e4d39fd45c,negative_partial_wakeword,unknown,1.0,train,split_extension_append_abs_deficit
mswc-67025dc98ab56ca0,negative_partial_wakeword,unknown,1.0,train,split_extension_append_abs_deficit
mswc-6759fe891a18128b,negative_partial_wakeword,unknown,1.0,train,split_extension_append_abs_deficit
mswc-67cb18ba2db9d95c,negative_partial_wakeword,unknown,1.0,train,split_extension_append_abs_deficit
mswc-69170ca4c04d4e81,negative_partial_wakeword,unknown,1.0,train,split_extension_append_abs_deficit
mswc-6927f0e0b664c98d,negative_partial_wakeword,unknown,1.0,test,split_extension_append_abs_deficit
mswc-6928959866ffdc90,negative_partial_wakeword,unknown,2.0,train,split_extension_append_abs_deficit
mswc-69aa2995c6b455c2,negative_partial_wakeword,unknown,1.0,train,split_extension_append_abs_deficit
mswc-6a9f30196c81e2a5,negative_partial_wakeword,unknown,1.0,train,split_extension_append_abs_deficit
mswc-6b9a7f255fd32af2,negative_partial_wakeword,unknown,1.0,train,split_extension_append_abs_deficit
mswc-6bd1ea9a0ee8b95f,negative_partial_wakeword,unknown,1.0,validation,split_extension_append_abs_deficit
mswc-6be3c76d96badb1a,negative_partial_wakeword,unknown,1.0,validation,split_extension_append_abs_deficit
mswc-6c7838bb54a39ddd,negative_partial_wakeword,unknown,1.0,train,split_extension_append_abs_deficit
mswc-6c7fd95b539c27e1,negative_partial_wakeword,unknown,1.0,train,split_extension_append_abs_deficit
mswc-6cd03a3f5757cec3,negative_partial_wakeword,unknown,1.0,train,split_extension_append_abs_deficit
mswc-6f035d372cb9b6bc,negative_partial_wakeword,unknown,1.0,train,split_extension_append_abs_deficit
mswc-6f5cead119790c90,negative_partial_wakeword,unknown,1.0,train,split_extension_append_abs_deficit
mswc-70139e525858a12d,negative_partial_wakeword,unknown,1.0,train,split_extension_append_abs_deficit
mswc-70fae215b413caab,negative_partial_wakeword,unknown,1.0,train,split_extension_append_abs_deficit
mswc-710900627b6becca,negative_partial_wakeword,unknown,1.0,train,split_extension_append_abs_deficit
mswc-71934613a9e691ae,negative_partial_wakeword,unknown,1.0,test,split_extension_append_abs_deficit
mswc-7273a1cb6172539f,negative_partial_wakeword,unknown,1.0,validation,split_extension_append_abs_deficit
mswc-730063470c308487,negative_partial_wakeword,unknown,1.0,train,split_extension_append_abs_deficit
mswc-7373c755d8a37985,negative_partial_wakeword,unknown,1.0,train,split_extension_append_abs_deficit
mswc-747e55f7ed9301cb,negative_partial_wakeword,unknown,1.0,validation,split_extension_append_abs_deficit
mswc-7488d078f40426c5,negative_partial_wakeword,unknown,1.0,validation,split_extension_append_abs_deficit
mswc-74a7ad855779fb09,negative_partial_wakeword,unknown,1.0,train,split_extension_append_abs_deficit
mswc-74b8c7c3df48d939,negative_partial_wakeword,unknown,1.0,train,split_extension_append_abs_deficit
mswc-7612eda76777fe87,negative_partial_wakeword,unknown,0.974,train,split_extension_append_abs_deficit
mswc-76a32d77b283e2ad,negative_partial_wakeword,unknown,1.0,train,split_extension_append_abs_deficit
mswc-76d19f6d8711ebf5,negative_partial_wakeword,unknown,1.0,validation,split_extension_append_abs_deficit
mswc-76dc1a1d95e971af,negative_partial_wakeword,unknown,1.0,test,split_extension_append_abs_deficit
mswc-772c21b9d797f849,negative_partial_wakeword,unknown,1.0,validation,split_extension_append_abs_deficit
mswc-791770a7095a3237,negative_partial_wakeword,unknown,1.0,train,split_extension_append_abs_deficit
mswc-799284bbd8381255,negative_partial_wakeword,unknown,1.0,train,split_extension_append_abs_deficit
mswc-7afa378cf39d68be,negative_partial_wakeword,unknown,1.0,train,split_extension_append_abs_deficit
mswc-7cd73d101eb208a4,negative_partial_wakeword,unknown,1.0,train,split_extension_append_abs_deficit
mswc-7ce379e42f792696,negative_partial_wakeword,unknown,3.0,train,split_extension_append_abs_deficit
mswc-7da931d6958b5f02,negative_partial_wakeword,unknown,1.0,train,split_extension_append_abs_deficit
mswc-7e92592f0728ffea,negative_partial_wakeword,unknown,1.0,train,split_extension_append_abs_deficit
mswc-7f18f2c6c9031b74,negative_partial_wakeword,unknown,1.0,validation,split_extension_append_abs_deficit
mswc-806ac6b75036e881,negative_partial_wakeword,unknown,1.0,train,split_extension_append_abs_deficit
mswc-807846a78f488130,negative_partial_wakeword,unknown,1.0,train,split_extension_append_abs_deficit
mswc-80956a8bbc8d4342,negative_partial_wakeword,unknown,1.0,validation,split_extension_append_abs_deficit
mswc-81e3b18a26a6b212,negative_partial_wakeword,unknown,1.0,train,split_extension_append_abs_deficit
mswc-825fb128e7a563d4,negative_partial_wakeword,unknown,1.0,test,split_extension_append_abs_deficit
mswc-82a30ff98df73945,negative_partial_wakeword,unknown,1.0,train,split_extension_append_abs_deficit
mswc-859673175131a4f4,negative_partial_wakeword,unknown,1.0,train,split_extension_append_abs_deficit
mswc-85a539d7e362d5cc,negative_partial_wakeword,unknown,1.0,train,split_extension_append_abs_deficit
mswc-86719a284eddde36,negative_partial_wakeword,unknown,1.0,train,split_extension_append_abs_deficit
mswc-8847cd311a2323ca,negative_partial_wakeword,unknown,1.0,train,split_extension_append_abs_deficit
mswc-8b54d6ee60eaea29,negative_partial_wakeword,unknown,1.0,test,split_extension_append_abs_deficit
mswc-8b7756c8a78af02b,negative_partial_wakeword,unknown,1.0,train,split_extension_append_abs_deficit
mswc-8bdeb931cfac9293,negative_partial_wakeword,unknown,1.0,train,split_extension_append_abs_deficit
mswc-8cefe6cd46a29de1,negative_partial_wakeword,unknown,1.0,train,split_extension_append_abs_deficit
mswc-8cf51a5008acfb1a,negative_partial_wakeword,unknown,1.0,validation,split_extension_append_abs_deficit
mswc-8e844370da452f4c,negative_partial_wakeword,unknown,1.0,train,split_extension_append_abs_deficit
mswc-8ee4523d092dea7f,negative_partial_wakeword,unknown,2.0,train,split_extension_append_abs_deficit
mswc-8f1a1421a6267ad5,negative_partial_wakeword,unknown,1.0,train,split_extension_append_abs_deficit
mswc-8f7828d4742bdfe5,negative_partial_wakeword,unknown,1.0,train,split_extension_append_abs_deficit
mswc-8fa0b1d373c6f2d8,negative_partial_wakeword,unknown,1.0,validation,split_extension_append_abs_deficit
mswc-904f8e07754514ca,negative_partial_wakeword,unknown,1.0,train,split_extension_append_abs_deficit
mswc-9064e8b6e19cae7d,negative_partial_wakeword,unknown,1.0,train,split_extension_append_abs_deficit
mswc-914f4eb169777941,negative_partial_wakeword,unknown,1.0,validation,split_extension_append_abs_deficit
mswc-9179bf5651ccc7cf,negative_partial_wakeword,unknown,1.0,train,split_extension_append_abs_deficit
mswc-91fb310a117e1519,negative_partial_wakeword,unknown,1.0,test,split_extension_append_abs_deficit
mswc-9241074f00255508,negative_partial_wakeword,unknown,2.0,train,split_extension_append_abs_deficit
mswc-93f623893e747d2b,negative_partial_wakeword,unknown,1.0,train,split_extension_append_abs_deficit
mswc-94541b8e97618582,negative_partial_wakeword,unknown,1.0,train,split_extension_append_abs_deficit
mswc-94781990c4c912c4,negative_partial_wakeword,unknown,1.0,train,split_extension_append_abs_deficit
mswc-94965befce0b87d9,negative_partial_wakeword,unknown,1.0,test,split_extension_append_abs_deficit
mswc-95bbfda11a71f2cf,negative_partial_wakeword,unknown,1.0,train,split_extension_append_abs_deficit
mswc-976707f5c48de715,negative_partial_wakeword,unknown,1.0,train,split_extension_append_abs_deficit
mswc-97a4da4f1c8d700d,negative_partial_wakeword,unknown,1.0,train,split_extension_append_abs_deficit
mswc-97e9e1c1af0399d2,negative_partial_wakeword,unknown,1.0,train,split_extension_append_abs_deficit
mswc-97fcb42c321e1bbe,negative_partial_wakeword,unknown,1.0,train,split_extension_append_abs_deficit
mswc-9895a3c5541149e1,negative_partial_wakeword,unknown,1.0,train,split_extension_append_abs_deficit
mswc-98ae0c905f50997b,negative_partial_wakeword,unknown,1.0,train,split_extension_append_abs_deficit
mswc-98d3141cfd6d6613,negative_partial_wakeword,unknown,1.0,train,split_extension_append_abs_deficit
mswc-9a29871016181971,negative_partial_wakeword,unknown,1.0,test,split_extension_append_abs_deficit
mswc-9a7aaa219256234d,negative_partial_wakeword,unknown,1.0,train,split_extension_append_abs_deficit
mswc-9a953d5b87be2b51,negative_partial_wakeword,unknown,1.0,train,split_extension_append_abs_deficit
mswc-9bce378c1779af99,negative_partial_wakeword,unknown,1.0,train,split_extension_append_abs_deficit
mswc-9c450d22ebf8e893,negative_partial_wakeword,unknown,1.0,train,split_extension_append_abs_deficit
mswc-9cf8a7347572eb8d,negative_partial_wakeword,unknown,2.0,train,split_extension_append_abs_deficit
mswc-9cfe5970177b97b2,negative_partial_wakeword,unknown,1.0,train,split_extension_append_abs_deficit
mswc-9d5495d95eb8e076,negative_partial_wakeword,unknown,1.0,train,split_extension_append_abs_deficit
mswc-9da52a4f0f924db6,negative_partial_wakeword,unknown,1.0,train,split_extension_append_abs_deficit
mswc-9e05309f6929f658,negative_partial_wakeword,unknown,1.0,test,split_extension_append_abs_deficit
mswc-9e28b7d538d9f6ce,negative_partial_wakeword,unknown,1.0,train,split_extension_append_abs_deficit
mswc-9e96cccae2eb8abf,negative_partial_wakeword,unknown,1.0,train,split_extension_append_abs_deficit
mswc-9eab39f33dcc8614,negative_partial_wakeword,unknown,1.0,train,split_extension_append_abs_deficit
mswc-9f1758ac02367952,negative_partial_wakeword,unknown,1.0,train,split_extension_append_abs_deficit
mswc-9f37eea7ffecf009,negative_partial_wakeword,unknown,1.0,train,split_extension_append_abs_deficit
mswc-9f56251112403b63,negative_partial_wakeword,unknown,1.0,train,split_extension_append_abs_deficit
mswc-9fd2ab26776b8db9,negative_partial_wakeword,unknown,1.0,train,split_extension_append_abs_deficit
mswc-9fd7abc997b26e57,negative_partial_wakeword,unknown,1.0,train,split_extension_append_abs_deficit
mswc-a0a114dddf0d49f8,negative_partial_wakeword,unknown,1.0,test,split_extension_append_abs_deficit
mswc-a0f2061057a275a0,negative_partial_wakeword,unknown,2.0,train,split_extension_append_abs_deficit
mswc-a11561edbe63aecb,negative_partial_wakeword,unknown,1.0,train,split_extension_append_abs_deficit
mswc-a14577cddd217ee6,negative_partial_wakeword,unknown,1.0,test,split_extension_append_abs_deficit
mswc-a1831126e3c973c6,negative_partial_wakeword,unknown,1.0,train,split_extension_append_abs_deficit
mswc-a1ba56ab30ee1135,negative_partial_wakeword,unknown,1.0,test,split_extension_append_abs_deficit
mswc-a1d0540664b55b29,negative_partial_wakeword,unknown,1.0,test,split_extension_append_abs_deficit
mswc-a298d40a8ef53b72,negative_partial_wakeword,unknown,1.0,train,split_extension_append_abs_deficit
mswc-a29d163c4a553fc9,negative_partial_wakeword,unknown,1.0,test,split_extension_append_abs_deficit
mswc-a2da37af1f2af5d6,negative_partial_wakeword,unknown,1.0,train,split_extension_append_abs_deficit
mswc-a2dd690fef58049d,negative_partial_wakeword,unknown,1.0,validation,split_extension_append_abs_deficit
mswc-a2e12b85a12fc7db,negative_partial_wakeword,unknown,1.0,train,split_extension_append_abs_deficit
mswc-a302395934002f50,negative_partial_wakeword,unknown,1.0,train,split_extension_append_abs_deficit
mswc-a332b7ec5805246c,negative_partial_wakeword,unknown,1.0,test,split_extension_append_abs_deficit
mswc-a3bcf4acaae26682,negative_partial_wakeword,unknown,1.0,train,split_extension_append_abs_deficit
mswc-a41c92c110b343a6,negative_partial_wakeword,unknown,1.0,train,split_extension_append_abs_deficit
mswc-a492a2804349736c,negative_partial_wakeword,unknown,2.0,train,split_extension_append_abs_deficit
mswc-a49dc86b3139949c,negative_partial_wakeword,unknown,1.0,train,split_extension_append_abs_deficit
mswc-a5399674f5a80a75,negative_partial_wakeword,unknown,1.0,train,split_extension_append_abs_deficit
mswc-a5f003c7f0c8326e,negative_partial_wakeword,unknown,1.0,train,split_extension_append_abs_deficit
mswc-a6892ba57f7bd00a,negative_partial_wakeword,unknown,1.0,train,split_extension_append_abs_deficit
mswc-a6c358188d525492,negative_partial_wakeword,unknown,1.0,train,split_extension_append_abs_deficit
mswc-a6f4526855132475,negative_partial_wakeword,unknown,1.0,train,split_extension_append_abs_deficit
mswc-a7900210d7da6c71,negative_partial_wakeword,unknown,1.0,test,split_extension_append_abs_deficit
mswc-a7e758b039f7e8d6,negative_partial_wakeword,unknown,1.0,train,split_extension_append_abs_deficit
mswc-a8605429f7f83bf6,negative_partial_wakeword,unknown,1.0,train,split_extension_append_abs_deficit
mswc-a8c1b1f695b6205f,negative_partial_wakeword,unknown,1.0,train,split_extension_append_abs_deficit
mswc-a9cfa8b86e8defbf,negative_partial_wakeword,unknown,1.0,train,split_extension_append_abs_deficit
mswc-a9d042fa3b1496d9,negative_partial_wakeword,unknown,1.0,validation,split_extension_append_abs_deficit
mswc-a9d3c7dc9a8e89f1,negative_partial_wakeword,unknown,1.0,train,split_extension_append_abs_deficit
mswc-aa75e1298b0a87cf,negative_partial_wakeword,unknown,1.0,train,split_extension_append_abs_deficit
mswc-aab7f8156fc21e42,negative_partial_wakeword,unknown,1.0,train,split_extension_append_abs_deficit
mswc-aafe8f7a959172b4,negative_partial_wakeword,unknown,1.0,validation,split_extension_append_abs_deficit
mswc-ab80495c3e647e98,negative_partial_wakeword,unknown,1.0,test,split_extension_append_abs_deficit
mswc-abb0bfd22744cdb4,negative_partial_wakeword,unknown,1.0,train,split_extension_append_abs_deficit
mswc-abd27de7ce2d51bb,negative_partial_wakeword,unknown,1.0,validation,split_extension_append_abs_deficit
mswc-ac08f72233b60686,negative_partial_wakeword,unknown,1.0,train,split_extension_append_abs_deficit
mswc-ac2a880addb58ed0,negative_partial_wakeword,unknown,1.0,train,split_extension_append_abs_deficit
mswc-ac3f67e41c398f62,negative_partial_wakeword,unknown,1.0,train,split_extension_append_abs_deficit
mswc-acf0ef6d58593b28,negative_partial_wakeword,unknown,1.0,test,split_extension_append_abs_deficit
mswc-ad33894796815cb9,negative_partial_wakeword,unknown,1.0,train,split_extension_append_abs_deficit
mswc-ad70f06f7b07b6c6,negative_partial_wakeword,unknown,1.0,train,split_extension_append_abs_deficit
mswc-ae744e04b930895c,negative_partial_wakeword,unknown,1.0,train,split_extension_append_abs_deficit
mswc-ae9f06f963002a85,negative_partial_wakeword,unknown,1.0,validation,split_extension_append_abs_deficit
mswc-af3e4bdf760a44c0,negative_partial_wakeword,unknown,1.0,train,split_extension_append_abs_deficit
mswc-af836e09e2ecfc74,negative_partial_wakeword,unknown,1.0,test,split_extension_append_abs_deficit
mswc-afce6638b8de9c49,negative_partial_wakeword,unknown,1.0,train,split_extension_append_abs_deficit
mswc-afd819ba8e90c293,negative_partial_wakeword,unknown,1.0,train,split_extension_append_abs_deficit
mswc-b03117eadcab7088,negative_partial_wakeword,unknown,1.0,train,split_extension_append_abs_deficit
mswc-b11c717cd96e4487,negative_partial_wakeword,unknown,2.0,train,split_extension_append_abs_deficit
mswc-b1458b769af8fc82,negative_partial_wakeword,unknown,3.0,train,split_extension_append_abs_deficit
mswc-b2ee97089c11844f,negative_partial_wakeword,unknown,1.0,train,split_extension_append_abs_deficit
mswc-b3961cff4e138378,negative_partial_wakeword,unknown,1.0,train,split_extension_append_abs_deficit
mswc-b39a7c2efc6ab849,negative_partial_wakeword,unknown,1.0,train,split_extension_append_abs_deficit
mswc-b3d87682b8aea7c7,negative_partial_wakeword,unknown,1.0,test,split_extension_append_abs_deficit
mswc-b4ab0c7e6f01fd76,negative_partial_wakeword,unknown,2.0,train,split_extension_append_abs_deficit
mswc-b4ba696b50d39030,negative_partial_wakeword,unknown,1.0,validation,split_extension_append_abs_deficit
mswc-b53e9307e0d07168,negative_partial_wakeword,unknown,1.0,train,split_extension_append_abs_deficit
mswc-b5b1b7fb54f3a6ba,negative_partial_wakeword,unknown,1.0,validation,split_extension_append_abs_deficit
mswc-b5e288ad7f2d9539,negative_partial_wakeword,unknown,1.0,train,split_extension_append_abs_deficit
mswc-b62f971e5bc71f0c,negative_partial_wakeword,unknown,2.0,train,split_extension_append_abs_deficit
mswc-b73f074e00fce8ac,negative_partial_wakeword,unknown,1.0,train,split_extension_append_abs_deficit
mswc-b7e48eda599c3c2e,negative_partial_wakeword,unknown,1.0,test,split_extension_append_abs_deficit
mswc-b805888be1d749a5,negative_partial_wakeword,unknown,1.0,train,split_extension_append_abs_deficit
mswc-b8aa467b0f86abf5,negative_partial_wakeword,unknown,1.0,train,split_extension_append_abs_deficit
mswc-b8f3bf192931b63a,negative_partial_wakeword,unknown,1.0,train,split_extension_append_abs_deficit
mswc-ba370fa0682c4a54,negative_partial_wakeword,unknown,1.0,test,split_extension_append_abs_deficit
mswc-ba947a6dcf91f176,negative_partial_wakeword,unknown,1.0,validation,split_extension_append_abs_deficit
mswc-bb60f1bfb1632173,negative_partial_wakeword,unknown,1.0,test,split_extension_append_abs_deficit
mswc-bc41f572c4583d25,negative_partial_wakeword,unknown,1.0,train,split_extension_append_abs_deficit
mswc-bc5702a9406375d4,negative_partial_wakeword,unknown,1.0,train,split_extension_append_abs_deficit
mswc-bd1be8fe5a5c5817,negative_partial_wakeword,unknown,1.0,train,split_extension_append_abs_deficit
mswc-bd914ac5fbc0e188,negative_partial_wakeword,unknown,1.0,train,split_extension_append_abs_deficit
mswc-be6141807e193e5f,negative_partial_wakeword,unknown,1.0,test,split_extension_append_abs_deficit
mswc-be651d8198d561f9,negative_partial_wakeword,unknown,1.0,validation,split_extension_append_abs_deficit
mswc-beb66858ae6b39e1,negative_partial_wakeword,unknown,1.0,train,split_extension_append_abs_deficit
mswc-beef480784a77eab,negative_partial_wakeword,unknown,1.0,train,split_extension_append_abs_deficit
mswc-bf708a7caae8a8ee,negative_partial_wakeword,unknown,1.0,train,split_extension_append_abs_deficit
mswc-c06bf88c5e26199f,negative_partial_wakeword,unknown,1.0,train,split_extension_append_abs_deficit
mswc-c0fe32bac63de603,negative_partial_wakeword,unknown,1.0,train,split_extension_append_abs_deficit
mswc-c128ae83d34bc1be,negative_partial_wakeword,unknown,1.0,validation,split_extension_append_abs_deficit
mswc-c2f11292ada4ef23,negative_partial_wakeword,unknown,1.0,train,split_extension_append_abs_deficit
mswc-c33b7e8f83bb9a80,negative_partial_wakeword,unknown,2.0,train,split_extension_append_abs_deficit
mswc-c519943c6a3c7eb4,negative_partial_wakeword,unknown,1.0,train,split_extension_append_abs_deficit
mswc-c5c9b4f7d18b2880,negative_partial_wakeword,unknown,1.0,train,split_extension_append_abs_deficit
mswc-c6785cfb4fb822a9,negative_partial_wakeword,unknown,1.0,train,split_extension_append_abs_deficit
mswc-c70aff39e15c04a8,negative_partial_wakeword,unknown,1.0,test,split_extension_append_abs_deficit
mswc-c79f487c0155e78a,negative_partial_wakeword,unknown,1.0,validation,split_extension_append_abs_deficit
mswc-c803ed6d1566fd4e,negative_partial_wakeword,unknown,1.0,train,split_extension_append_abs_deficit
mswc-c86357b5ac7b47d7,negative_partial_wakeword,unknown,1.0,train,split_extension_append_abs_deficit
mswc-c8a0951c53d15530,negative_partial_wakeword,unknown,1.0,validation,split_extension_append_abs_deficit
mswc-c8a9b0addbc8b4ac,negative_partial_wakeword,unknown,1.0,test,split_extension_append_abs_deficit
mswc-c97c2714688a12d1,negative_partial_wakeword,unknown,2.0,train,split_extension_append_abs_deficit
mswc-ca4d4da2a8deab11,negative_partial_wakeword,unknown,1.0,train,split_extension_append_abs_deficit
mswc-cb00151ae7cefb8b,negative_partial_wakeword,unknown,1.0,train,split_extension_append_abs_deficit
mswc-cbd5cba5f7b1a8b9,negative_partial_wakeword,unknown,1.0,train,split_extension_append_abs_deficit
mswc-cbf8bb11683f2d8e,negative_partial_wakeword,unknown,1.0,train,split_extension_append_abs_deficit
mswc-cc6c32eb42f7bd01,negative_partial_wakeword,unknown,1.0,train,split_extension_append_abs_deficit
mswc-cc8b0b9c53208036,negative_partial_wakeword,unknown,1.0,test,split_extension_append_abs_deficit
mswc-cce95950fcdf522a,negative_partial_wakeword,unknown,1.0,test,split_extension_append_abs_deficit
mswc-cd207488b60d6577,negative_partial_wakeword,unknown,1.0,train,split_extension_append_abs_deficit
mswc-ce0af62d43bcaa11,negative_partial_wakeword,unknown,1.0,test,split_extension_append_abs_deficit
mswc-ce22c128f2b42bf7,negative_partial_wakeword,unknown,1.0,train,split_extension_append_abs_deficit
mswc-cf20a39943b7a02c,negative_partial_wakeword,unknown,1.0,validation,split_extension_append_abs_deficit
mswc-cf5580de09707607,negative_partial_wakeword,unknown,1.0,validation,split_extension_append_abs_deficit
mswc-d076442e35832589,negative_partial_wakeword,unknown,1.0,train,split_extension_append_abs_deficit
mswc-d158df6b6d7f8a01,negative_partial_wakeword,unknown,1.0,validation,split_extension_append_abs_deficit
mswc-d20653f05ccfb1e2,negative_partial_wakeword,unknown,1.0,train,split_extension_append_abs_deficit
mswc-d2350f9397c360e7,negative_partial_wakeword,unknown,1.0,train,split_extension_append_abs_deficit
mswc-d2e4ad0496aabd52,negative_partial_wakeword,unknown,1.0,validation,split_extension_append_abs_deficit
mswc-d473dc4b3fcb513e,negative_partial_wakeword,unknown,1.0,train,split_extension_append_abs_deficit
mswc-d4def422599dbf8d,negative_partial_wakeword,unknown,2.0,train,split_extension_append_abs_deficit
mswc-d5338e67701631ee,negative_partial_wakeword,unknown,1.0,train,split_extension_append_abs_deficit
mswc-d53c45a7ace9b543,negative_partial_wakeword,unknown,1.0,train,split_extension_append_abs_deficit
mswc-d6d45687f8899f18,negative_partial_wakeword,unknown,1.0,test,split_extension_append_abs_deficit
mswc-d6f4a43d2a4cc1ac,negative_partial_wakeword,unknown,2.0,train,split_extension_append_abs_deficit
mswc-d729a3bac82799cb,negative_partial_wakeword,unknown,1.0,validation,split_extension_append_abs_deficit
mswc-d732cf2efe3e6fa5,negative_partial_wakeword,unknown,1.0,test,split_extension_append_abs_deficit
mswc-d928cc53e4950e21,negative_partial_wakeword,unknown,1.0,test,split_extension_append_abs_deficit
mswc-d98b409c00e0a89e,negative_partial_wakeword,unknown,1.0,validation,split_extension_append_abs_deficit
mswc-d990c6f16bb0c873,negative_partial_wakeword,unknown,1.0,validation,split_extension_append_abs_deficit
mswc-d9b08a24ae783574,negative_partial_wakeword,unknown,1.0,train,split_extension_append_abs_deficit
mswc-dab60ebe7cd559ff,negative_partial_wakeword,unknown,1.0,train,split_extension_append_abs_deficit
mswc-dbdd80147208b5dc,negative_partial_wakeword,unknown,1.0,train,split_extension_append_abs_deficit
mswc-dc05d132dbbd1f7c,negative_partial_wakeword,unknown,1.0,train,split_extension_append_abs_deficit
mswc-dc7c25a49c873af7,negative_partial_wakeword,unknown,1.0,train,split_extension_append_abs_deficit
mswc-dc8651db10d8be24,negative_partial_wakeword,unknown,1.0,train,split_extension_append_abs_deficit
mswc-dd2fdfd9aa2670fb,negative_partial_wakeword,unknown,1.0,train,split_extension_append_abs_deficit
mswc-debd37cbd96e50ef,negative_partial_wakeword,unknown,1.0,train,split_extension_append_abs_deficit
mswc-df339fa64312543b,negative_partial_wakeword,unknown,1.0,train,split_extension_append_abs_deficit
mswc-e0509c56e3f2844a,negative_partial_wakeword,unknown,1.0,validation,split_extension_append_abs_deficit
mswc-e07d0c612730bfd5,negative_partial_wakeword,unknown,1.0,test,split_extension_append_abs_deficit
mswc-e09f15825943bc25,negative_partial_wakeword,unknown,1.0,train,split_extension_append_abs_deficit
mswc-e0fe905f4ad81d1c,negative_partial_wakeword,unknown,1.0,train,split_extension_append_abs_deficit
mswc-e106a9e4b976c971,negative_partial_wakeword,unknown,2.0,train,split_extension_append_abs_deficit
mswc-e20f809a351c7d09,negative_partial_wakeword,unknown,2.0,train,split_extension_append_abs_deficit
mswc-e24a6449ab0708ea,negative_partial_wakeword,unknown,1.0,train,split_extension_append_abs_deficit
mswc-e25c340e82d87f07,negative_partial_wakeword,unknown,1.0,train,split_extension_append_abs_deficit
mswc-e3617555cd135928,negative_partial_wakeword,unknown,1.0,train,split_extension_append_abs_deficit
mswc-e394feeabd1060b1,negative_partial_wakeword,unknown,1.0,train,split_extension_append_abs_deficit
mswc-e407276e2bec4a41,negative_partial_wakeword,unknown,1.0,train,split_extension_append_abs_deficit
mswc-e54696228ecadccf,negative_partial_wakeword,unknown,1.0,train,split_extension_append_abs_deficit
mswc-e63dfea1d8510f82,negative_partial_wakeword,unknown,1.0,train,split_extension_append_abs_deficit
mswc-e711caebf942b9a0,negative_partial_wakeword,unknown,2.0,train,split_extension_append_abs_deficit
mswc-e73d968bd7570082,negative_partial_wakeword,unknown,1.0,train,split_extension_append_abs_deficit
mswc-e89a27ffdc343d4b,negative_partial_wakeword,unknown,2.0,train,split_extension_append_abs_deficit
mswc-e8d14db29d971c73,negative_partial_wakeword,unknown,1.0,train,split_extension_append_abs_deficit
mswc-e9b99c003b6d6eca,negative_partial_wakeword,unknown,1.0,train,split_extension_append_abs_deficit
mswc-e9f694d50c5c3a53,negative_partial_wakeword,unknown,1.0,train,split_extension_append_abs_deficit
mswc-ea08915a37c26ed9,negative_partial_wakeword,unknown,1.0,train,split_extension_append_abs_deficit
mswc-ea0ed42c40a3831f,negative_partial_wakeword,unknown,2.0,train,split_extension_append_abs_deficit
mswc-ea5124a60e687b76,negative_partial_wakeword,unknown,2.0,train,split_extension_append_abs_deficit
mswc-ea85ea96e6b88486,negative_partial_wakeword,unknown,1.0,train,split_extension_append_abs_deficit
mswc-eab775849eb02413,negative_partial_wakeword,unknown,1.0,train,split_extension_append_abs_deficit
mswc-eb52395506bbe77b,negative_partial_wakeword,unknown,3.0,train,split_extension_append_abs_deficit
mswc-ec052fe73f9fa083,negative_partial_wakeword,unknown,1.0,validation,split_extension_append_abs_deficit
mswc-ed07f16faa58a669,negative_partial_wakeword,unknown,1.0,train,split_extension_append_abs_deficit
mswc-ee549b3a7ce99122,negative_partial_wakeword,unknown,1.0,train,split_extension_append_abs_deficit
mswc-eeb446b0bafd4935,negative_partial_wakeword,unknown,1.0,train,split_extension_append_abs_deficit
mswc-ef2745870883ca05,negative_partial_wakeword,unknown,2.0,train,split_extension_append_abs_deficit
mswc-ef4b488f2069bf6f,negative_partial_wakeword,unknown,1.0,train,split_extension_append_abs_deficit
mswc-ef627bc81046613d,negative_partial_wakeword,unknown,1.0,test,split_extension_append_abs_deficit
mswc-efc6b41d12bdfb14,negative_partial_wakeword,unknown,1.0,validation,split_extension_append_abs_deficit
mswc-f0166b443b47f8fd,negative_partial_wakeword,unknown,1.0,train,split_extension_append_abs_deficit
mswc-f01c97c2c5b82bee,negative_partial_wakeword,unknown,1.0,train,split_extension_append_abs_deficit
mswc-f04bf531e2d304ad,negative_partial_wakeword,unknown,1.0,train,split_extension_append_abs_deficit
mswc-f0be7eb79145e70e,negative_partial_wakeword,unknown,1.0,train,split_extension_append_abs_deficit
mswc-f0d66b1635181a3c,negative_partial_wakeword,unknown,1.0,train,split_extension_append_abs_deficit
mswc-f118166717702995,negative_partial_wakeword,unknown,1.0,train,split_extension_append_abs_deficit
mswc-f23850825fe7698f,negative_partial_wakeword,unknown,1.0,train,split_extension_append_abs_deficit
mswc-f2812d2575d2b5fe,negative_partial_wakeword,unknown,1.0,train,split_extension_append_abs_deficit
mswc-f2c99c9fd62da6c9,negative_partial_wakeword,unknown,1.0,train,split_extension_append_abs_deficit
mswc-f2f8cd98a69e2d85,negative_partial_wakeword,unknown,1.0,train,split_extension_append_abs_deficit
mswc-f440fbe55782afbc,negative_partial_wakeword,unknown,1.0,train,split_extension_append_abs_deficit
mswc-f5a76af72b8696c9,negative_partial_wakeword,unknown,2.0,train,split_extension_append_abs_deficit
mswc-f6eec820cf321a3e,negative_partial_wakeword,unknown,1.0,train,split_extension_append_abs_deficit
mswc-f75bac19bf5df078,negative_partial_wakeword,unknown,1.0,train,split_extension_append_abs_deficit
mswc-f7fa1a08fa1a6ecb,negative_partial_wakeword,unknown,1.0,test,split_extension_append_abs_deficit
mswc-f8b86421f3f6cd2e,negative_partial_wakeword,unknown,1.0,train,split_extension_append_abs_deficit
mswc-f8d81a9fd09432db,negative_partial_wakeword,unknown,1.0,train,split_extension_append_abs_deficit
mswc-f9bc257f0a5f10c6,negative_partial_wakeword,unknown,1.0,train,split_extension_append_abs_deficit
mswc-faa84567fd004236,negative_partial_wakeword,unknown,1.0,train,split_extension_append_abs_deficit
mswc-fb196e79841fbc49,negative_partial_wakeword,unknown,1.0,train,split_extension_append_abs_deficit
mswc-fba5de5e64428428,negative_partial_wakeword,unknown,1.0,train,split_extension_append_abs_deficit
mswc-fc669d034f548be1,negative_partial_wakeword,unknown,1.0,validation,split_extension_append_abs_deficit
mswc-fc941abaab9cd718,negative_partial_wakeword,unknown,1.0,train,split_extension_append_abs_deficit
mswc-fd9796305e17329d,negative_partial_wakeword,unknown,1.0,train,split_extension_append_abs_deficit
mswc-fdb9c879ae476302,negative_partial_wakeword,unknown,1.0,train,split_extension_append_abs_deficit
mswc-fdd058f801bc4cef,negative_partial_wakeword,unknown,1.0,train,split_extension_append_abs_deficit
mswc-fe8bad3b1f307113,negative_partial_wakeword,unknown,1.0,test,split_extension_append_abs_deficit
mswc-ff68c5d992a38dfb,negative_partial_wakeword,unknown,1.0,validation,split_extension_append_abs_deficit
mswc-ffcaa61fb2b71593,negative_partial_wakeword,unknown,1.0,train,split_extension_append_abs_deficit
mswc-fff79a004761f155,negative_partial_wakeword,unknown,1.0,train,split_extension_append_abs_deficit
musan-noise-free-sound-0000,negative_silence_noise,unknown,6.0,validation,split_extension_append_abs_deficit
musan-noise-free-sound-0001,negative_silence_noise,unknown,6.0,train,split_extension_append_abs_deficit
musan-noise-free-sound-0002,negative_silence_noise,unknown,6.0,train,split_extension_append_abs_deficit
musan-noise-free-sound-0003,negative_silence_noise,unknown,6.0,train,split_extension_append_abs_deficit
musan-noise-free-sound-0004,negative_silence_noise,unknown,2.9865,test,split_extension_append_abs_deficit
musan-noise-free-sound-0005,negative_silence_noise,unknown,6.0,train,split_extension_append_abs_deficit
musan-noise-free-sound-0006,negative_silence_noise,unknown,6.0,train,split_extension_append_abs_deficit
musan-noise-free-sound-0007,negative_silence_noise,unknown,6.0,train,split_extension_append_abs_deficit
musan-noise-free-sound-0008,negative_silence_noise,unknown,6.0,train,split_extension_append_abs_deficit
musan-noise-free-sound-0009,negative_silence_noise,unknown,6.0,train,split_extension_append_abs_deficit
musan-noise-free-sound-0010,negative_silence_noise,unknown,6.0,train,split_extension_append_abs_deficit
musan-noise-free-sound-0011,negative_silence_noise,unknown,6.0,train,split_extension_append_abs_deficit
musan-noise-free-sound-0012,negative_silence_noise,unknown,6.0,train,split_extension_append_abs_deficit
musan-noise-free-sound-0013,negative_silence_noise,unknown,1.5445,validation,split_extension_append_abs_deficit
musan-noise-free-sound-0014,negative_silence_noise,unknown,3.4159,validation,split_extension_append_abs_deficit
musan-noise-free-sound-0015,negative_silence_noise,unknown,6.0,train,split_extension_append_abs_deficit
musan-noise-free-sound-0016,negative_silence_noise,unknown,4.0,validation,split_extension_append_abs_deficit
musan-noise-free-sound-0017,negative_silence_noise,unknown,6.0,train,split_extension_append_abs_deficit
musan-noise-free-sound-0018,negative_silence_noise,unknown,6.0,train,split_extension_append_abs_deficit
musan-noise-free-sound-0019,negative_silence_noise,unknown,6.0,validation,split_extension_append_abs_deficit
musan-noise-free-sound-0020,negative_silence_noise,unknown,6.0,train,split_extension_append_abs_deficit
musan-noise-free-sound-0021,negative_silence_noise,unknown,6.0,validation,split_extension_append_abs_deficit
musan-noise-free-sound-0022,negative_silence_noise,unknown,6.0,train,split_extension_append_abs_deficit
musan-noise-free-sound-0023,negative_silence_noise,unknown,6.0,train,split_extension_append_abs_deficit
musan-noise-free-sound-0024,negative_silence_noise,unknown,6.0,train,split_extension_append_abs_deficit
musan-noise-free-sound-0025,negative_silence_noise,unknown,2.3467,validation,split_extension_append_abs_deficit
musan-noise-free-sound-0026,negative_silence_noise,unknown,3.7973,train,split_extension_append_abs_deficit
musan-noise-free-sound-0027,negative_silence_noise,unknown,6.0,train,split_extension_append_abs_deficit
musan-noise-free-sound-0028,negative_silence_noise,unknown,6.0,train,split_extension_append_abs_deficit
musan-noise-free-sound-0029,negative_silence_noise,unknown,6.0,train,split_extension_append_abs_deficit
musan-noise-free-sound-0030,negative_silence_noise,unknown,6.0,train,split_extension_append_abs_deficit
musan-noise-free-sound-0031,negative_silence_noise,unknown,6.0,train,split_extension_append_abs_deficit
musan-noise-free-sound-0032,negative_silence_noise,unknown,6.0,train,split_extension_append_abs_deficit
musan-noise-free-sound-0033,negative_silence_noise,unknown,5.5263,test,split_extension_append_abs_deficit
musan-noise-free-sound-0034,negative_silence_noise,unknown,6.0,train,split_extension_append_abs_deficit
musan-noise-free-sound-0035,negative_silence_noise,unknown,6.0,train,split_extension_append_abs_deficit
musan-noise-free-sound-0036,negative_silence_noise,unknown,4.57,test,split_extension_append_abs_deficit
musan-noise-free-sound-0037,negative_silence_noise,unknown,0.94,train,split_extension_append_abs_deficit
musan-noise-free-sound-0038,negative_silence_noise,unknown,0.9133,test,split_extension_append_abs_deficit
musan-noise-free-sound-0039,negative_silence_noise,unknown,3.4467,test,split_extension_append_abs_deficit
musan-noise-free-sound-0040,negative_silence_noise,unknown,6.0,test,split_extension_append_abs_deficit
musan-noise-free-sound-0041,negative_silence_noise,unknown,6.0,train,split_extension_append_abs_deficit
musan-noise-free-sound-0042,negative_silence_noise,unknown,6.0,train,split_extension_append_abs_deficit
musan-noise-free-sound-0043,negative_silence_noise,unknown,1.5325,test,split_extension_append_abs_deficit
musan-noise-free-sound-0044,negative_silence_noise,unknown,4.5976,train,split_extension_append_abs_deficit
musan-noise-free-sound-0045,negative_silence_noise,unknown,4.644,train,split_extension_append_abs_deficit
musan-noise-free-sound-0046,negative_silence_noise,unknown,4.6208,validation,split_extension_append_abs_deficit
musan-noise-free-sound-0047,negative_silence_noise,unknown,5.2967,validation,split_extension_append_abs_deficit
musan-noise-free-sound-0048,negative_silence_noise,unknown,6.0,train,split_extension_append_abs_deficit
musan-noise-free-sound-0049,negative_silence_noise,unknown,3.4667,train,split_extension_append_abs_deficit
musan-noise-free-sound-0050,negative_silence_noise,unknown,4.1331,validation,split_extension_append_abs_deficit
musan-noise-free-sound-0051,negative_silence_noise,unknown,6.0,train,split_extension_append_abs_deficit
musan-noise-free-sound-0052,negative_silence_noise,unknown,5.6642,test,split_extension_append_abs_deficit
musan-noise-free-sound-0053,negative_silence_noise,unknown,5.2719,validation,split_extension_append_abs_deficit
musan-noise-free-sound-0054,negative_silence_noise,unknown,6.0,train,split_extension_append_abs_deficit
musan-noise-free-sound-0055,negative_silence_noise,unknown,6.0,train,split_extension_append_abs_deficit
musan-noise-free-sound-0056,negative_silence_noise,unknown,6.0,test,split_extension_append_abs_deficit
musan-noise-free-sound-0057,negative_silence_noise,unknown,6.0,train,split_extension_append_abs_deficit
musan-noise-free-sound-0058,negative_silence_noise,unknown,2.0,train,split_extension_append_abs_deficit
musan-noise-free-sound-0059,negative_silence_noise,unknown,6.0,train,split_extension_append_abs_deficit
musan-noise-free-sound-0060,negative_silence_noise,unknown,1.0449,validation,split_extension_append_abs_deficit
musan-noise-free-sound-0061,negative_silence_noise,unknown,6.0,train,split_extension_append_abs_deficit
musan-noise-free-sound-0062,negative_silence_noise,unknown,6.0,validation,split_extension_append_abs_deficit
musan-noise-free-sound-0063,negative_silence_noise,unknown,6.0,train,split_extension_append_abs_deficit
musan-noise-free-sound-0064,negative_silence_noise,unknown,6.0,train,split_extension_append_abs_deficit
musan-noise-free-sound-0065,negative_silence_noise,unknown,6.0,train,split_extension_append_abs_deficit
musan-noise-free-sound-0066,negative_silence_noise,unknown,6.0,train,split_extension_append_abs_deficit
musan-noise-free-sound-0067,negative_silence_noise,unknown,6.0,train,split_extension_append_abs_deficit
musan-noise-free-sound-0068,negative_silence_noise,unknown,6.0,train,split_extension_append_abs_deficit
musan-noise-free-sound-0069,negative_silence_noise,unknown,2.5714,train,split_extension_append_abs_deficit
musan-noise-free-sound-0070,negative_silence_noise,unknown,6.0,train,split_extension_append_abs_deficit
musan-noise-free-sound-0071,negative_silence_noise,unknown,6.0,train,split_extension_append_abs_deficit
musan-noise-free-sound-0072,negative_silence_noise,unknown,6.0,train,split_extension_append_abs_deficit
musan-noise-free-sound-0073,negative_silence_noise,unknown,6.0,train,split_extension_append_abs_deficit
musan-noise-free-sound-0074,negative_silence_noise,unknown,6.0,train,split_extension_append_abs_deficit
musan-noise-free-sound-0075,negative_silence_noise,unknown,6.0,train,split_extension_append_abs_deficit
musan-noise-free-sound-0076,negative_silence_noise,unknown,6.0,test,split_extension_append_abs_deficit
musan-noise-free-sound-0077,negative_silence_noise,unknown,6.0,train,split_extension_append_abs_deficit
musan-noise-free-sound-0078,negative_silence_noise,unknown,6.0,train,split_extension_append_abs_deficit
musan-noise-free-sound-0079,negative_silence_noise,unknown,6.0,train,split_extension_append_abs_deficit
musan-noise-free-sound-0080,negative_silence_noise,unknown,6.0,train,split_extension_append_abs_deficit
musan-noise-free-sound-0081,negative_silence_noise,unknown,6.0,train,split_extension_append_abs_deficit
musan-noise-free-sound-0082,negative_silence_noise,unknown,6.0,train,split_extension_append_abs_deficit
musan-noise-free-sound-0083,negative_silence_noise,unknown,0.5913,train,split_extension_append_abs_deficit
musan-noise-free-sound-0084,negative_silence_noise,unknown,6.0,train,split_extension_append_abs_deficit
musan-noise-free-sound-0085,negative_silence_noise,unknown,4.6714,validation,split_extension_append_abs_deficit
musan-noise-free-sound-0086,negative_silence_noise,unknown,6.0,train,split_extension_append_abs_deficit
musan-noise-free-sound-0087,negative_silence_noise,unknown,2.8,train,split_extension_append_abs_deficit
musan-noise-free-sound-0088,negative_silence_noise,unknown,6.0,train,split_extension_append_abs_deficit
musan-noise-free-sound-0089,negative_silence_noise,unknown,6.0,train,split_extension_append_abs_deficit
musan-noise-free-sound-0090,negative_silence_noise,unknown,5.8442,train,split_extension_append_abs_deficit
musan-noise-free-sound-0091,negative_silence_noise,unknown,5.0621,train,split_extension_append_abs_deficit
musan-noise-free-sound-0092,negative_silence_noise,unknown,6.0,train,split_extension_append_abs_deficit
musan-noise-free-sound-0093,negative_silence_noise,unknown,5.3174,test,split_extension_append_abs_deficit
musan-noise-free-sound-0094,negative_silence_noise,unknown,5.5898,validation,split_extension_append_abs_deficit
musan-noise-free-sound-0095,negative_silence_noise,unknown,4.0684,train,split_extension_append_abs_deficit
musan-noise-free-sound-0096,negative_silence_noise,unknown,6.0,train,split_extension_append_abs_deficit
musan-noise-free-sound-0097,negative_silence_noise,unknown,2.7369,test,split_extension_append_abs_deficit
musan-noise-free-sound-0098,negative_silence_noise,unknown,2.766,validation,split_extension_append_abs_deficit
musan-noise-free-sound-0099,negative_silence_noise,unknown,6.0,train,split_extension_append_abs_deficit
musan-noise-free-sound-0100,negative_silence_noise,unknown,6.0,train,split_extension_append_abs_deficit
musan-noise-free-sound-0101,negative_silence_noise,unknown,6.0,train,split_extension_append_abs_deficit
musan-noise-free-sound-0102,negative_silence_noise,unknown,6.0,train,split_extension_append_abs_deficit
musan-noise-free-sound-0103,negative_silence_noise,unknown,5.2382,test,split_extension_append_abs_deficit
musan-noise-free-sound-0104,negative_silence_noise,unknown,6.0,train,split_extension_append_abs_deficit
musan-noise-free-sound-0105,negative_silence_noise,unknown,6.0,test,split_extension_append_abs_deficit
musan-noise-free-sound-0106,negative_silence_noise,unknown,6.0,validation,split_extension_append_abs_deficit
musan-noise-free-sound-0107,negative_silence_noise,unknown,6.0,train,split_extension_append_abs_deficit
musan-noise-free-sound-0108,negative_silence_noise,unknown,6.0,train,split_extension_append_abs_deficit
musan-noise-free-sound-0109,negative_silence_noise,unknown,6.0,train,split_extension_append_abs_deficit
musan-noise-free-sound-0110,negative_silence_noise,unknown,6.0,train,split_extension_append_abs_deficit
musan-noise-free-sound-0111,negative_silence_noise,unknown,6.0,train,split_extension_append_abs_deficit
musan-noise-free-sound-0112,negative_silence_noise,unknown,1.0144,test,split_extension_append_abs_deficit
musan-noise-free-sound-0113,negative_silence_noise,unknown,5.8462,validation,split_extension_append_abs_deficit
musan-noise-free-sound-0114,negative_silence_noise,unknown,6.0,validation,split_extension_append_abs_deficit
musan-noise-free-sound-0115,negative_silence_noise,unknown,2.5771,validation,split_extension_append_abs_deficit
musan-noise-free-sound-0116,negative_silence_noise,unknown,6.0,train,split_extension_append_abs_deficit
musan-noise-free-sound-0117,negative_silence_noise,unknown,6.0,test,split_extension_append_abs_deficit
musan-noise-free-sound-0118,negative_silence_noise,unknown,6.0,train,split_extension_append_abs_deficit
musan-noise-free-sound-0119,negative_silence_noise,unknown,6.0,train,split_extension_append_abs_deficit
musan-noise-free-sound-0120,negative_silence_noise,unknown,6.0,train,split_extension_append_abs_deficit
musan-noise-free-sound-0121,negative_silence_noise,unknown,6.0,test,split_extension_append_abs_deficit
musan-noise-free-sound-0122,negative_silence_noise,unknown,6.0,train,split_extension_append_abs_deficit
musan-noise-free-sound-0123,negative_silence_noise,unknown,6.0,train,split_extension_append_abs_deficit
musan-noise-free-sound-0124,negative_silence_noise,unknown,5.0,train,split_extension_append_abs_deficit
musan-noise-free-sound-0125,negative_silence_noise,unknown,1.125,validation,split_extension_append_abs_deficit
musan-noise-free-sound-0126,negative_silence_noise,unknown,6.0,train,split_extension_append_abs_deficit
musan-noise-free-sound-0127,negative_silence_noise,unknown,2.448,test,split_extension_append_abs_deficit
musan-noise-free-sound-0128,negative_silence_noise,unknown,4.056,test,split_extension_append_abs_deficit
musan-noise-free-sound-0129,negative_silence_noise,unknown,6.0,train,split_extension_append_abs_deficit
musan-noise-free-sound-0130,negative_silence_noise,unknown,6.0,train,split_extension_append_abs_deficit
musan-noise-free-sound-0131,negative_silence_noise,unknown,6.0,train,split_extension_append_abs_deficit
musan-noise-free-sound-0132,negative_silence_noise,unknown,0.7158,test,split_extension_append_abs_deficit
musan-noise-free-sound-0133,negative_silence_noise,unknown,0.5209,train,split_extension_append_abs_deficit
musan-noise-free-sound-0134,negative_silence_noise,unknown,2.5134,train,split_extension_append_abs_deficit
musan-noise-free-sound-0135,negative_silence_noise,unknown,3.0046,validation,split_extension_append_abs_deficit
musan-noise-free-sound-0136,negative_silence_noise,unknown,0.625,train,split_extension_append_abs_deficit
musan-noise-free-sound-0137,negative_silence_noise,unknown,6.0,train,split_extension_append_abs_deficit
musan-noise-free-sound-0138,negative_silence_noise,unknown,3.25,train,split_extension_append_abs_deficit
musan-noise-free-sound-0139,negative_silence_noise,unknown,6.0,validation,split_extension_append_abs_deficit
musan-noise-free-sound-0140,negative_silence_noise,unknown,6.0,train,split_extension_append_abs_deficit
musan-noise-free-sound-0141,negative_silence_noise,unknown,6.0,train,split_extension_append_abs_deficit
musan-noise-free-sound-0142,negative_silence_noise,unknown,6.0,train,split_extension_append_abs_deficit
musan-noise-free-sound-0143,negative_silence_noise,unknown,6.0,train,split_extension_append_abs_deficit
musan-noise-free-sound-0144,negative_silence_noise,unknown,6.0,train,split_extension_append_abs_deficit
musan-noise-free-sound-0145,negative_silence_noise,unknown,2.9122,test,split_extension_append_abs_deficit
musan-noise-free-sound-0146,negative_silence_noise,unknown,2.0775,test,split_extension_append_abs_deficit
musan-noise-free-sound-0147,negative_silence_noise,unknown,6.0,train,split_extension_append_abs_deficit
musan-noise-free-sound-0148,negative_silence_noise,unknown,2.2149,test,split_extension_append_abs_deficit
musan-noise-free-sound-0149,negative_silence_noise,unknown,1.7618,test,split_extension_append_abs_deficit
musan-noise-free-sound-0150,negative_silence_noise,unknown,0.4504,test,split_extension_append_abs_deficit
musan-noise-free-sound-0151,negative_silence_noise,unknown,6.0,train,split_extension_append_abs_deficit
musan-noise-free-sound-0152,negative_silence_noise,unknown,6.0,train,split_extension_append_abs_deficit
musan-noise-free-sound-0153,negative_silence_noise,unknown,6.0,train,split_extension_append_abs_deficit
musan-noise-free-sound-0154,negative_silence_noise,unknown,6.0,train,split_extension_append_abs_deficit
musan-noise-free-sound-0155,negative_silence_noise,unknown,6.0,train,split_extension_append_abs_deficit
musan-noise-free-sound-0156,negative_silence_noise,unknown,6.0,train,split_extension_append_abs_deficit
musan-noise-free-sound-0157,negative_silence_noise,unknown,3.0933,test,split_extension_append_abs_deficit
musan-noise-free-sound-0158,negative_silence_noise,unknown,6.0,train,split_extension_append_abs_deficit
musan-noise-free-sound-0159,negative_silence_noise,unknown,5.216,train,split_extension_append_abs_deficit
musan-noise-free-sound-0160,negative_silence_noise,unknown,6.0,train,split_extension_append_abs_deficit
musan-noise-free-sound-0161,negative_silence_noise,unknown,6.0,train,split_extension_append_abs_deficit
musan-noise-free-sound-0162,negative_silence_noise,unknown,6.0,train,split_extension_append_abs_deficit
musan-noise-free-sound-0163,negative_silence_noise,unknown,0.3627,test,split_extension_append_abs_deficit
musan-noise-free-sound-0164,negative_silence_noise,unknown,6.0,train,split_extension_append_abs_deficit
musan-noise-free-sound-0165,negative_silence_noise,unknown,6.0,train,split_extension_append_abs_deficit
musan-noise-free-sound-0166,negative_silence_noise,unknown,0.768,train,split_extension_append_abs_deficit
musan-noise-free-sound-0167,negative_silence_noise,unknown,2.0054,validation,split_extension_append_abs_deficit
musan-noise-free-sound-0168,negative_silence_noise,unknown,1.344,test,split_extension_append_abs_deficit
musan-noise-free-sound-0169,negative_silence_noise,unknown,2.304,validation,split_extension_append_abs_deficit
musan-noise-free-sound-0170,negative_silence_noise,unknown,5.2907,test,split_extension_append_abs_deficit
musan-noise-free-sound-0171,negative_silence_noise,unknown,4.6293,test,split_extension_append_abs_deficit
musan-noise-free-sound-0172,negative_silence_noise,unknown,6.0,train,split_extension_append_abs_deficit
musan-noise-free-sound-0173,negative_silence_noise,unknown,6.0,train,split_extension_append_abs_deficit
musan-noise-free-sound-0174,negative_silence_noise,unknown,6.0,train,split_extension_append_abs_deficit
musan-noise-free-sound-0175,negative_silence_noise,unknown,4.7188,test,split_extension_append_abs_deficit
musan-noise-free-sound-0176,negative_silence_noise,unknown,2.9843,train,split_extension_append_abs_deficit
musan-noise-free-sound-0177,negative_silence_noise,unknown,6.0,train,split_extension_append_abs_deficit
musan-noise-free-sound-0178,negative_silence_noise,unknown,4.8846,train,split_extension_append_abs_deficit
musan-noise-free-sound-0179,negative_silence_noise,unknown,2.813,test,split_extension_append_abs_deficit
musan-noise-free-sound-0180,negative_silence_noise,unknown,6.0,train,split_extension_append_abs_deficit
musan-noise-free-sound-0181,negative_silence_noise,unknown,4.7964,validation,split_extension_append_abs_deficit
musan-noise-free-sound-0182,negative_silence_noise,unknown,2.2523,train,split_extension_append_abs_deficit
musan-noise-free-sound-0183,negative_silence_noise,unknown,6.0,train,split_extension_append_abs_deficit
musan-noise-free-sound-0184,negative_silence_noise,unknown,6.0,train,split_extension_append_abs_deficit
musan-noise-free-sound-0185,negative_silence_noise,unknown,2.6693,validation,split_extension_append_abs_deficit
musan-noise-free-sound-0186,negative_silence_noise,unknown,2.8362,train,split_extension_append_abs_deficit
musan-noise-free-sound-0187,negative_silence_noise,unknown,6.0,train,split_extension_append_abs_deficit
musan-noise-free-sound-0188,negative_silence_noise,unknown,6.0,train,split_extension_append_abs_deficit
musan-noise-free-sound-0189,negative_silence_noise,unknown,6.0,train,split_extension_append_abs_deficit
musan-noise-free-sound-0190,negative_silence_noise,unknown,6.0,train,split_extension_append_abs_deficit
musan-noise-free-sound-0191,negative_silence_noise,unknown,3.9623,validation,split_extension_append_abs_deficit
musan-noise-free-sound-0192,negative_silence_noise,unknown,6.0,validation,split_extension_append_abs_deficit
musan-noise-free-sound-0193,negative_silence_noise,unknown,4.004,train,split_extension_append_abs_deficit
musan-noise-free-sound-0194,negative_silence_noise,unknown,6.0,train,split_extension_append_abs_deficit
musan-noise-free-sound-0195,negative_silence_noise,unknown,4.2959,validation,split_extension_append_abs_deficit
musan-noise-free-sound-0196,negative_silence_noise,unknown,3.6286,train,split_extension_append_abs_deficit
musan-noise-free-sound-0197,negative_silence_noise,unknown,6.0,test,split_extension_append_abs_deficit
musan-noise-free-sound-0198,negative_silence_noise,unknown,6.0,train,split_extension_append_abs_deficit
musan-noise-free-sound-0199,negative_silence_noise,unknown,6.0,train,split_extension_append_abs_deficit
musan-noise-free-sound-0200,negative_silence_noise,unknown,6.0,train,split_extension_append_abs_deficit
musan-noise-free-sound-0201,negative_silence_noise,unknown,6.0,validation,split_extension_append_abs_deficit
musan-noise-free-sound-0202,negative_silence_noise,unknown,6.0,train,split_extension_append_abs_deficit
musan-noise-free-sound-0203,negative_silence_noise,unknown,6.0,train,split_extension_append_abs_deficit
musan-noise-free-sound-0204,negative_silence_noise,unknown,6.0,train,split_extension_append_abs_deficit
musan-noise-free-sound-0205,negative_silence_noise,unknown,6.0,train,split_extension_append_abs_deficit
musan-noise-free-sound-0206,negative_silence_noise,unknown,2.3357,test,split_extension_append_abs_deficit
musan-noise-free-sound-0207,negative_silence_noise,unknown,6.0,train,split_extension_append_abs_deficit
musan-noise-free-sound-0208,negative_silence_noise,unknown,6.0,train,split_extension_append_abs_deficit
musan-noise-free-sound-0209,negative_silence_noise,unknown,6.0,train,split_extension_append_abs_deficit
musan-noise-free-sound-0210,negative_silence_noise,unknown,5.6723,validation,split_extension_append_abs_deficit
musan-noise-free-sound-0211,negative_silence_noise,unknown,6.0,validation,split_extension_append_abs_deficit
musan-noise-free-sound-0212,negative_silence_noise,unknown,6.0,train,split_extension_append_abs_deficit
musan-noise-free-sound-0213,negative_silence_noise,unknown,5.7141,validation,split_extension_append_abs_deficit
musan-noise-free-sound-0214,negative_silence_noise,unknown,6.0,train,split_extension_append_abs_deficit
musan-noise-free-sound-0215,negative_silence_noise,unknown,6.0,train,split_extension_append_abs_deficit
musan-noise-free-sound-0216,negative_silence_noise,unknown,6.0,train,split_extension_append_abs_deficit
musan-noise-free-sound-0217,negative_silence_noise,unknown,4.8382,train,split_extension_append_abs_deficit
musan-noise-free-sound-0218,negative_silence_noise,unknown,6.0,train,split_extension_append_abs_deficit
musan-noise-free-sound-0219,negative_silence_noise,unknown,6.0,train,split_extension_append_abs_deficit
musan-noise-free-sound-0220,negative_silence_noise,unknown,6.0,validation,split_extension_append_abs_deficit
musan-noise-free-sound-0221,negative_silence_noise,unknown,6.0,train,split_extension_append_abs_deficit
musan-noise-free-sound-0222,negative_silence_noise,unknown,1.2096,train,split_extension_append_abs_deficit
musan-noise-free-sound-0223,negative_silence_noise,unknown,3.5869,train,split_extension_append_abs_deficit
musan-noise-free-sound-0224,negative_silence_noise,unknown,6.0,train,split_extension_append_abs_deficit
musan-noise-free-sound-0225,negative_silence_noise,unknown,6.0,train,split_extension_append_abs_deficit
musan-noise-free-sound-0226,negative_silence_noise,unknown,6.0,train,split_extension_append_abs_deficit
musan-noise-free-sound-0227,negative_silence_noise,unknown,6.0,train,split_extension_append_abs_deficit
musan-noise-free-sound-0228,negative_silence_noise,unknown,6.0,train,split_extension_append_abs_deficit
musan-noise-free-sound-0229,negative_silence_noise,unknown,5.3339,train,split_extension_append_abs_deficit
musan-noise-free-sound-0230,negative_silence_noise,unknown,6.0,validation,split_extension_append_abs_deficit
musan-noise-free-sound-0231,negative_silence_noise,unknown,6.0,train,split_extension_append_abs_deficit
musan-noise-free-sound-0232,negative_silence_noise,unknown,6.0,train,split_extension_append_abs_deficit
musan-noise-free-sound-0233,negative_silence_noise,unknown,6.0,train,split_extension_append_abs_deficit
musan-noise-free-sound-0234,negative_silence_noise,unknown,6.0,train,split_extension_append_abs_deficit
musan-noise-free-sound-0235,negative_silence_noise,unknown,6.0,train,split_extension_append_abs_deficit
musan-noise-free-sound-0236,negative_silence_noise,unknown,5.5641,train,split_extension_append_abs_deficit
musan-noise-free-sound-0237,negative_silence_noise,unknown,5.3029,train,split_extension_append_abs_deficit
musan-noise-free-sound-0238,negative_silence_noise,unknown,6.0,train,split_extension_append_abs_deficit
musan-noise-free-sound-0239,negative_silence_noise,unknown,6.0,train,split_extension_append_abs_deficit
musan-noise-free-sound-0240,negative_silence_noise,unknown,6.0,train,split_extension_append_abs_deficit
musan-noise-free-sound-0241,negative_silence_noise,unknown,6.0,train,split_extension_append_abs_deficit
musan-noise-free-sound-0242,negative_silence_noise,unknown,6.0,validation,split_extension_append_abs_deficit
musan-noise-free-sound-0243,negative_silence_noise,unknown,6.0,train,split_extension_append_abs_deficit
musan-noise-free-sound-0244,negative_silence_noise,unknown,6.0,train,split_extension_append_abs_deficit
musan-noise-free-sound-0245,negative_silence_noise,unknown,6.0,train,split_extension_append_abs_deficit
musan-noise-free-sound-0246,negative_silence_noise,unknown,6.0,train,split_extension_append_abs_deficit
musan-noise-free-sound-0247,negative_silence_noise,unknown,6.0,train,split_extension_append_abs_deficit
musan-noise-free-sound-0248,negative_silence_noise,unknown,6.0,train,split_extension_append_abs_deficit
musan-noise-free-sound-0249,negative_silence_noise,unknown,6.0,train,split_extension_append_abs_deficit
musan-noise-free-sound-0250,negative_silence_noise,unknown,6.0,train,split_extension_append_abs_deficit
musan-noise-free-sound-0251,negative_silence_noise,unknown,6.0,train,split_extension_append_abs_deficit
musan-noise-free-sound-0252,negative_silence_noise,unknown,6.0,train,split_extension_append_abs_deficit
musan-noise-free-sound-0253,negative_silence_noise,unknown,0.9751,test,split_extension_append_abs_deficit
musan-noise-free-sound-0254,negative_silence_noise,unknown,6.0,train,split_extension_append_abs_deficit
musan-noise-free-sound-0255,negative_silence_noise,unknown,5.5375,validation,split_extension_append_abs_deficit
musan-noise-free-sound-0256,negative_silence_noise,unknown,6.0,train,split_extension_append_abs_deficit
musan-noise-free-sound-0257,negative_silence_noise,unknown,5.0,validation,split_extension_append_abs_deficit
musan-noise-free-sound-0258,negative_silence_noise,unknown,6.0,train,split_extension_append_abs_deficit
musan-noise-free-sound-0259,negative_silence_noise,unknown,6.0,train,split_extension_append_abs_deficit
musan-noise-free-sound-0260,negative_silence_noise,unknown,6.0,train,split_extension_append_abs_deficit
musan-noise-free-sound-0261,negative_silence_noise,unknown,6.0,train,split_extension_append_abs_deficit
musan-noise-free-sound-0262,negative_silence_noise,unknown,6.0,train,split_extension_append_abs_deficit
musan-noise-free-sound-0263,negative_silence_noise,unknown,0.9043,validation,split_extension_append_abs_deficit
musan-noise-free-sound-0264,negative_silence_noise,unknown,6.0,test,split_extension_append_abs_deficit
musan-noise-free-sound-0265,negative_silence_noise,unknown,1.3326,test,split_extension_append_abs_deficit
musan-noise-free-sound-0266,negative_silence_noise,unknown,6.0,train,split_extension_append_abs_deficit
musan-noise-free-sound-0267,negative_silence_noise,unknown,6.0,train,split_extension_append_abs_deficit
musan-noise-free-sound-0268,negative_silence_noise,unknown,6.0,train,split_extension_append_abs_deficit
musan-noise-free-sound-0269,negative_silence_noise,unknown,6.0,validation,split_extension_append_abs_deficit
musan-noise-free-sound-0270,negative_silence_noise,unknown,6.0,train,split_extension_append_abs_deficit
musan-noise-free-sound-0271,negative_silence_noise,unknown,6.0,train,split_extension_append_abs_deficit
musan-noise-free-sound-0272,negative_silence_noise,unknown,6.0,train,split_extension_append_abs_deficit
musan-noise-free-sound-0273,negative_silence_noise,unknown,6.0,train,split_extension_append_abs_deficit
musan-noise-free-sound-0274,negative_silence_noise,unknown,3.9678,train,split_extension_append_abs_deficit
musan-noise-free-sound-0275,negative_silence_noise,unknown,6.0,train,split_extension_append_abs_deficit
musan-noise-free-sound-0276,negative_silence_noise,unknown,2.8715,train,split_extension_append_abs_deficit
musan-noise-free-sound-0277,negative_silence_noise,unknown,5.7051,test,split_extension_append_abs_deficit
musan-noise-free-sound-0278,negative_silence_noise,unknown,6.0,train,split_extension_append_abs_deficit
musan-noise-free-sound-0279,negative_silence_noise,unknown,6.0,train,split_extension_append_abs_deficit
musan-noise-free-sound-0280,negative_silence_noise,unknown,6.0,train,split_extension_append_abs_deficit
musan-noise-free-sound-0281,negative_silence_noise,unknown,0.1,test,split_extension_append_abs_deficit
musan-noise-free-sound-0282,negative_silence_noise,unknown,6.0,train,split_extension_append_abs_deficit
musan-noise-free-sound-0283,negative_silence_noise,unknown,6.0,test,split_extension_append_abs_deficit
musan-noise-free-sound-0284,negative_silence_noise,unknown,2.786,validation,split_extension_append_abs_deficit
musan-noise-free-sound-0285,negative_silence_noise,unknown,4.0925,validation,split_extension_append_abs_deficit
musan-noise-free-sound-0286,negative_silence_noise,unknown,6.0,train,split_extension_append_abs_deficit
musan-noise-free-sound-0287,negative_silence_noise,unknown,6.0,train,split_extension_append_abs_deficit
musan-noise-free-sound-0288,negative_silence_noise,unknown,6.0,train,split_extension_append_abs_deficit
musan-noise-free-sound-0289,negative_silence_noise,unknown,6.0,train,split_extension_append_abs_deficit
musan-noise-free-sound-0290,negative_silence_noise,unknown,6.0,train,split_extension_append_abs_deficit
musan-noise-free-sound-0291,negative_silence_noise,unknown,6.0,train,split_extension_append_abs_deficit
musan-noise-free-sound-0292,negative_silence_noise,unknown,6.0,train,split_extension_append_abs_deficit
musan-noise-free-sound-0293,negative_silence_noise,unknown,6.0,train,split_extension_append_abs_deficit
musan-noise-free-sound-0294,negative_silence_noise,unknown,6.0,train,split_extension_append_abs_deficit
musan-noise-free-sound-0295,negative_silence_noise,unknown,6.0,train,split_extension_append_abs_deficit
musan-noise-free-sound-0296,negative_silence_noise,unknown,1.8617,train,split_extension_append_abs_deficit
musan-noise-free-sound-0297,negative_silence_noise,unknown,1.799,train,split_extension_append_abs_deficit
musan-noise-free-sound-0298,negative_silence_noise,unknown,6.0,train,split_extension_append_abs_deficit
musan-noise-free-sound-0299,negative_silence_noise,unknown,0.2126,train,split_extension_append_abs_deficit
musan-noise-free-sound-0300,negative_silence_noise,unknown,6.0,train,split_extension_append_abs_deficit
musan-noise-free-sound-0301,negative_silence_noise,unknown,6.0,train,split_extension_append_abs_deficit
musan-noise-free-sound-0302,negative_silence_noise,unknown,6.0,train,split_extension_append_abs_deficit
musan-noise-free-sound-0303,negative_silence_noise,unknown,6.0,validation,split_extension_append_abs_deficit
musan-noise-free-sound-0304,negative_silence_noise,unknown,6.0,train,split_extension_append_abs_deficit
musan-noise-free-sound-0305,negative_silence_noise,unknown,6.0,train,split_extension_append_abs_deficit
musan-noise-free-sound-0306,negative_silence_noise,unknown,6.0,test,split_extension_append_abs_deficit
musan-noise-free-sound-0307,negative_silence_noise,unknown,6.0,train,split_extension_append_abs_deficit
musan-noise-free-sound-0308,negative_silence_noise,unknown,6.0,train,split_extension_append_abs_deficit
musan-noise-free-sound-0309,negative_silence_noise,unknown,3.3729,train,split_extension_append_abs_deficit
musan-noise-free-sound-0310,negative_silence_noise,unknown,6.0,train,split_extension_append_abs_deficit
musan-noise-free-sound-0311,negative_silence_noise,unknown,6.0,train,split_extension_append_abs_deficit
musan-noise-free-sound-0312,negative_silence_noise,unknown,1.513,train,split_extension_append_abs_deficit
musan-noise-free-sound-0313,negative_silence_noise,unknown,2.7875,test,split_extension_append_abs_deficit
musan-noise-free-sound-0314,negative_silence_noise,unknown,0.6109,validation,split_extension_append_abs_deficit
musan-noise-free-sound-0315,negative_silence_noise,unknown,2.7838,test,split_extension_append_abs_deficit
musan-noise-free-sound-0316,negative_silence_noise,unknown,6.0,train,split_extension_append_abs_deficit
musan-noise-free-sound-0317,negative_silence_noise,unknown,6.0,train,split_extension_append_abs_deficit
musan-noise-free-sound-0318,negative_silence_noise,unknown,0.4093,validation,split_extension_append_abs_deficit
musan-noise-free-sound-0319,negative_silence_noise,unknown,1.5151,validation,split_extension_append_abs_deficit
musan-noise-free-sound-0320,negative_silence_noise,unknown,6.0,train,split_extension_append_abs_deficit
musan-noise-free-sound-0321,negative_silence_noise,unknown,6.0,train,split_extension_append_abs_deficit
musan-noise-free-sound-0322,negative_silence_noise,unknown,6.0,train,split_extension_append_abs_deficit
musan-noise-free-sound-0323,negative_silence_noise,unknown,6.0,train,split_extension_append_abs_deficit
musan-noise-free-sound-0324,negative_silence_noise,unknown,6.0,test,split_extension_append_abs_deficit
musan-noise-free-sound-0325,negative_silence_noise,unknown,1.6457,train,split_extension_append_abs_deficit
musan-noise-free-sound-0326,negative_silence_noise,unknown,6.0,train,split_extension_append_abs_deficit
musan-noise-free-sound-0327,negative_silence_noise,unknown,5.1597,test,split_extension_append_abs_deficit
musan-noise-free-sound-0328,negative_silence_noise,unknown,0.7182,validation,split_extension_append_abs_deficit
musan-noise-free-sound-0329,negative_silence_noise,unknown,6.0,train,split_extension_append_abs_deficit
musan-noise-free-sound-0330,negative_silence_noise,unknown,6.0,train,split_extension_append_abs_deficit
musan-noise-free-sound-0331,negative_silence_noise,unknown,6.0,train,split_extension_append_abs_deficit
musan-noise-free-sound-0332,negative_silence_noise,unknown,3.625,test,split_extension_append_abs_deficit
musan-noise-free-sound-0333,negative_silence_noise,unknown,6.0,train,split_extension_append_abs_deficit
musan-noise-free-sound-0334,negative_silence_noise,unknown,6.0,test,split_extension_append_abs_deficit
musan-noise-free-sound-0335,negative_silence_noise,unknown,6.0,train,split_extension_append_abs_deficit
musan-noise-free-sound-0336,negative_silence_noise,unknown,6.0,train,split_extension_append_abs_deficit
musan-noise-free-sound-0337,negative_silence_noise,unknown,1.4255,test,split_extension_append_abs_deficit
musan-noise-free-sound-0338,negative_silence_noise,unknown,6.0,train,split_extension_append_abs_deficit
musan-noise-free-sound-0339,negative_silence_noise,unknown,6.0,train,split_extension_append_abs_deficit
musan-noise-free-sound-0340,negative_silence_noise,unknown,6.0,train,split_extension_append_abs_deficit
musan-noise-free-sound-0341,negative_silence_noise,unknown,6.0,train,split_extension_append_abs_deficit
musan-noise-free-sound-0342,negative_silence_noise,unknown,6.0,test,split_extension_append_abs_deficit
musan-noise-free-sound-0343,negative_silence_noise,unknown,2.8096,validation,split_extension_append_abs_deficit
musan-noise-free-sound-0344,negative_silence_noise,unknown,6.0,train,split_extension_append_abs_deficit
musan-noise-free-sound-0345,negative_silence_noise,unknown,5.9024,test,split_extension_append_abs_deficit
musan-noise-free-sound-0346,negative_silence_noise,unknown,6.0,train,split_extension_append_abs_deficit
musan-noise-free-sound-0347,negative_silence_noise,unknown,6.0,train,split_extension_append_abs_deficit
musan-noise-free-sound-0348,negative_silence_noise,unknown,6.0,train,split_extension_append_abs_deficit
musan-noise-free-sound-0349,negative_silence_noise,unknown,1.0,validation,split_extension_append_abs_deficit
musan-noise-free-sound-0350,negative_silence_noise,unknown,6.0,train,split_extension_append_abs_deficit
musan-noise-free-sound-0351,negative_silence_noise,unknown,4.968,validation,split_extension_append_abs_deficit
musan-noise-free-sound-0352,negative_silence_noise,unknown,6.0,train,split_extension_append_abs_deficit
musan-noise-free-sound-0353,negative_silence_noise,unknown,6.0,train,split_extension_append_abs_deficit
musan-noise-free-sound-0354,negative_silence_noise,unknown,0.9999,train,split_extension_append_abs_deficit
musan-noise-free-sound-0355,negative_silence_noise,unknown,6.0,train,split_extension_append_abs_deficit
musan-noise-free-sound-0356,negative_silence_noise,unknown,6.0,train,split_extension_append_abs_deficit
musan-noise-free-sound-0357,negative_silence_noise,unknown,6.0,train,split_extension_append_abs_deficit
musan-noise-free-sound-0358,negative_silence_noise,unknown,6.0,train,split_extension_append_abs_deficit
musan-noise-free-sound-0359,negative_silence_noise,unknown,6.0,train,split_extension_append_abs_deficit
musan-noise-free-sound-0360,negative_silence_noise,unknown,6.0,train,split_extension_append_abs_deficit
musan-noise-free-sound-0361,negative_silence_noise,unknown,6.0,train,split_extension_append_abs_deficit
musan-noise-free-sound-0362,negative_silence_noise,unknown,6.0,validation,split_extension_append_abs_deficit
musan-noise-free-sound-0363,negative_silence_noise,unknown,4.7219,validation,split_extension_append_abs_deficit
musan-noise-free-sound-0364,negative_silence_noise,unknown,6.0,train,split_extension_append_abs_deficit
musan-noise-free-sound-0365,negative_silence_noise,unknown,6.0,train,split_extension_append_abs_deficit
musan-noise-free-sound-0366,negative_silence_noise,unknown,4.049,train,split_extension_append_abs_deficit
musan-noise-free-sound-0367,negative_silence_noise,unknown,1.0449,test,split_extension_append_abs_deficit
musan-noise-free-sound-0368,negative_silence_noise,unknown,1.6457,train,split_extension_append_abs_deficit
musan-noise-free-sound-0369,negative_silence_noise,unknown,4.049,test,split_extension_append_abs_deficit
musan-noise-free-sound-0370,negative_silence_noise,unknown,6.0,train,split_extension_append_abs_deficit
musan-noise-free-sound-0371,negative_silence_noise,unknown,6.0,train,split_extension_append_abs_deficit
musan-noise-free-sound-0372,negative_silence_noise,unknown,6.0,train,split_extension_append_abs_deficit
musan-noise-free-sound-0373,negative_silence_noise,unknown,3.2346,validation,split_extension_append_abs_deficit
musan-noise-free-sound-0374,negative_silence_noise,unknown,0.7431,train,split_extension_append_abs_deficit
musan-noise-free-sound-0375,negative_silence_noise,unknown,0.75,validation,split_extension_append_abs_deficit
musan-noise-free-sound-0376,negative_silence_noise,unknown,5.0867,test,split_extension_append_abs_deficit
musan-noise-free-sound-0377,negative_silence_noise,unknown,6.0,train,split_extension_append_abs_deficit
musan-noise-free-sound-0378,negative_silence_noise,unknown,6.0,train,split_extension_append_abs_deficit
musan-noise-free-sound-0379,negative_silence_noise,unknown,6.0,train,split_extension_append_abs_deficit
musan-noise-free-sound-0380,negative_silence_noise,unknown,0.144,test,split_extension_append_abs_deficit
musan-noise-free-sound-0381,negative_silence_noise,unknown,6.0,train,split_extension_append_abs_deficit
musan-noise-free-sound-0382,negative_silence_noise,unknown,6.0,train,split_extension_append_abs_deficit
musan-noise-free-sound-0383,negative_silence_noise,unknown,6.0,train,split_extension_append_abs_deficit
musan-noise-free-sound-0384,negative_silence_noise,unknown,6.0,train,split_extension_append_abs_deficit
musan-noise-free-sound-0385,negative_silence_noise,unknown,6.0,validation,split_extension_append_abs_deficit
musan-noise-free-sound-0386,negative_silence_noise,unknown,6.0,train,split_extension_append_abs_deficit
musan-noise-free-sound-0387,negative_silence_noise,unknown,5.9603,train,split_extension_append_abs_deficit
musan-noise-free-sound-0388,negative_silence_noise,unknown,4.3824,validation,split_extension_append_abs_deficit
musan-noise-free-sound-0389,negative_silence_noise,unknown,6.0,train,split_extension_append_abs_deficit
musan-noise-free-sound-0390,negative_silence_noise,unknown,6.0,train,split_extension_append_abs_deficit
musan-noise-free-sound-0391,negative_silence_noise,unknown,6.0,train,split_extension_append_abs_deficit
musan-noise-free-sound-0392,negative_silence_noise,unknown,6.0,train,split_extension_append_abs_deficit
musan-noise-free-sound-0393,negative_silence_noise,unknown,5.5379,test,split_extension_append_abs_deficit
musan-noise-free-sound-0394,negative_silence_noise,unknown,6.0,train,split_extension_append_abs_deficit
musan-noise-free-sound-0395,negative_silence_noise,unknown,6.0,train,split_extension_append_abs_deficit
musan-noise-free-sound-0396,negative_silence_noise,unknown,6.0,train,split_extension_append_abs_deficit
musan-noise-free-sound-0397,negative_silence_noise,unknown,6.0,train,split_extension_append_abs_deficit
musan-noise-free-sound-0398,negative_silence_noise,unknown,6.0,train,split_extension_append_abs_deficit
musan-noise-free-sound-0399,negative_silence_noise,unknown,6.0,train,split_extension_append_abs_deficit
musan-noise-free-sound-0400,negative_silence_noise,unknown,6.0,train,split_extension_append_abs_deficit
musan-noise-free-sound-0401,negative_silence_noise,unknown,6.0,train,split_extension_append_abs_deficit
musan-noise-free-sound-0402,negative_silence_noise,unknown,6.0,train,split_extension_append_abs_deficit
musan-noise-free-sound-0403,negative_silence_noise,unknown,6.0,train,split_extension_append_abs_deficit
musan-noise-free-sound-0404,negative_silence_noise,unknown,6.0,train,split_extension_append_abs_deficit
musan-noise-free-sound-0405,negative_silence_noise,unknown,2.3069,test,split_extension_append_abs_deficit
musan-noise-free-sound-0406,negative_silence_noise,unknown,6.0,validation,split_extension_append_abs_deficit
musan-noise-free-sound-0407,negative_silence_noise,unknown,2.9594,validation,split_extension_append_abs_deficit
musan-noise-free-sound-0408,negative_silence_noise,unknown,6.0,train,split_extension_append_abs_deficit
musan-noise-free-sound-0409,negative_silence_noise,unknown,6.0,train,split_extension_append_abs_deficit
musan-noise-free-sound-0410,negative_silence_noise,unknown,1.1808,validation,split_extension_append_abs_deficit
musan-noise-free-sound-0411,negative_silence_noise,unknown,2.3626,train,split_extension_append_abs_deficit
musan-noise-free-sound-0412,negative_silence_noise,unknown,2.6249,test,split_extension_append_abs_deficit
musan-noise-free-sound-0413,negative_silence_noise,unknown,6.0,train,split_extension_append_abs_deficit
musan-noise-free-sound-0414,negative_silence_noise,unknown,6.0,train,split_extension_append_abs_deficit
musan-noise-free-sound-0415,negative_silence_noise,unknown,6.0,train,split_extension_append_abs_deficit
musan-noise-free-sound-0416,negative_silence_noise,unknown,6.0,train,split_extension_append_abs_deficit
musan-noise-free-sound-0417,negative_silence_noise,unknown,6.0,validation,split_extension_append_abs_deficit
musan-noise-free-sound-0418,negative_silence_noise,unknown,6.0,train,split_extension_append_abs_deficit
musan-noise-free-sound-0419,negative_silence_noise,unknown,6.0,train,split_extension_append_abs_deficit
musan-noise-free-sound-0420,negative_silence_noise,unknown,0.8214,validation,split_extension_append_abs_deficit
musan-noise-free-sound-0421,negative_silence_noise,unknown,3.3698,validation,split_extension_append_abs_deficit
musan-noise-free-sound-0422,negative_silence_noise,unknown,6.0,train,split_extension_append_abs_deficit
musan-noise-free-sound-0423,negative_silence_noise,unknown,6.0,train,split_extension_append_abs_deficit
musan-noise-free-sound-0424,negative_silence_noise,unknown,6.0,train,split_extension_append_abs_deficit
musan-noise-free-sound-0425,negative_silence_noise,unknown,1.4106,validation,split_extension_append_abs_deficit
musan-noise-free-sound-0426,negative_silence_noise,unknown,3.8923,test,split_extension_append_abs_deficit
musan-noise-free-sound-0427,negative_silence_noise,unknown,6.0,train,split_extension_append_abs_deficit
musan-noise-free-sound-0428,negative_silence_noise,unknown,6.0,train,split_extension_append_abs_deficit
musan-noise-free-sound-0429,negative_silence_noise,unknown,6.0,train,split_extension_append_abs_deficit
musan-noise-free-sound-0430,negative_silence_noise,unknown,6.0,train,split_extension_append_abs_deficit
musan-noise-free-sound-0431,negative_silence_noise,unknown,6.0,validation,split_extension_append_abs_deficit
musan-noise-free-sound-0432,negative_silence_noise,unknown,6.0,train,split_extension_append_abs_deficit
musan-noise-free-sound-0433,negative_silence_noise,unknown,6.0,train,split_extension_append_abs_deficit
musan-noise-free-sound-0434,negative_silence_noise,unknown,6.0,train,split_extension_append_abs_deficit
musan-noise-free-sound-0435,negative_silence_noise,unknown,5.2767,train,split_extension_append_abs_deficit
musan-noise-free-sound-0436,negative_silence_noise,unknown,6.0,train,split_extension_append_abs_deficit
musan-noise-free-sound-0437,negative_silence_noise,unknown,1.19,validation,split_extension_append_abs_deficit
musan-noise-free-sound-0438,negative_silence_noise,unknown,6.0,train,split_extension_append_abs_deficit
musan-noise-free-sound-0439,negative_silence_noise,unknown,6.0,train,split_extension_append_abs_deficit
musan-noise-free-sound-0440,negative_silence_noise,unknown,4.1883,train,split_extension_append_abs_deficit
musan-noise-free-sound-0441,negative_silence_noise,unknown,6.0,test,split_extension_append_abs_deficit
musan-noise-free-sound-0442,negative_silence_noise,unknown,6.0,test,split_extension_append_abs_deficit
musan-noise-free-sound-0443,negative_silence_noise,unknown,6.0,train,split_extension_append_abs_deficit
musan-noise-free-sound-0444,negative_silence_noise,unknown,6.0,train,split_extension_append_abs_deficit
musan-noise-free-sound-0445,negative_silence_noise,unknown,6.0,train,split_extension_append_abs_deficit
musan-noise-free-sound-0446,negative_silence_noise,unknown,6.0,train,split_extension_append_abs_deficit
musan-noise-free-sound-0447,negative_silence_noise,unknown,6.0,train,split_extension_append_abs_deficit
musan-noise-free-sound-0448,negative_silence_noise,unknown,0.574,test,split_extension_append_abs_deficit
musan-noise-free-sound-0449,negative_silence_noise,unknown,4.7381,validation,split_extension_append_abs_deficit
musan-noise-free-sound-0450,negative_silence_noise,unknown,6.0,train,split_extension_append_abs_deficit
musan-noise-free-sound-0451,negative_silence_noise,unknown,6.0,train,split_extension_append_abs_deficit
musan-noise-free-sound-0452,negative_silence_noise,unknown,6.0,train,split_extension_append_abs_deficit
musan-noise-free-sound-0453,negative_silence_noise,unknown,0.9404,test,split_extension_append_abs_deficit
musan-noise-free-sound-0454,negative_silence_noise,unknown,6.0,train,split_extension_append_abs_deficit
musan-noise-free-sound-0455,negative_silence_noise,unknown,6.0,train,split_extension_append_abs_deficit
musan-noise-free-sound-0456,negative_silence_noise,unknown,6.0,train,split_extension_append_abs_deficit
musan-noise-free-sound-0457,negative_silence_noise,unknown,6.0,train,split_extension_append_abs_deficit
musan-noise-free-sound-0458,negative_silence_noise,unknown,6.0,train,split_extension_append_abs_deficit
musan-noise-free-sound-0459,negative_silence_noise,unknown,6.0,train,split_extension_append_abs_deficit
musan-noise-free-sound-0460,negative_silence_noise,unknown,6.0,train,split_extension_append_abs_deficit
musan-noise-free-sound-0461,negative_silence_noise,unknown,6.0,train,split_extension_append_abs_deficit
musan-noise-free-sound-0462,negative_silence_noise,unknown,6.0,train,split_extension_append_abs_deficit
musan-noise-free-sound-0463,negative_silence_noise,unknown,6.0,test,split_extension_append_abs_deficit
musan-noise-free-sound-0464,negative_silence_noise,unknown,6.0,train,split_extension_append_abs_deficit
musan-noise-free-sound-0465,negative_silence_noise,unknown,6.0,train,split_extension_append_abs_deficit
musan-noise-free-sound-0466,negative_silence_noise,unknown,6.0,train,split_extension_append_abs_deficit
musan-noise-free-sound-0467,negative_silence_noise,unknown,6.0,train,split_extension_append_abs_deficit
musan-noise-free-sound-0468,negative_silence_noise,unknown,6.0,train,split_extension_append_abs_deficit
musan-noise-free-sound-0469,negative_silence_noise,unknown,6.0,train,split_extension_append_abs_deficit
musan-noise-free-sound-0470,negative_silence_noise,unknown,4.7574,test,split_extension_append_abs_deficit
musan-noise-free-sound-0471,negative_silence_noise,unknown,6.0,train,split_extension_append_abs_deficit
musan-noise-free-sound-0472,negative_silence_noise,unknown,6.0,train,split_extension_append_abs_deficit
musan-noise-free-sound-0473,negative_silence_noise,unknown,6.0,train,split_extension_append_abs_deficit
musan-noise-free-sound-0474,negative_silence_noise,unknown,6.0,train,split_extension_append_abs_deficit
musan-noise-free-sound-0475,negative_silence_noise,unknown,6.0,validation,split_extension_append_abs_deficit
musan-noise-free-sound-0476,negative_silence_noise,unknown,6.0,train,split_extension_append_abs_deficit
musan-noise-free-sound-0477,negative_silence_noise,unknown,6.0,train,split_extension_append_abs_deficit
musan-noise-free-sound-0478,negative_silence_noise,unknown,6.0,train,split_extension_append_abs_deficit
musan-noise-free-sound-0479,negative_silence_noise,unknown,3.7156,test,split_extension_append_abs_deficit
musan-noise-free-sound-0480,negative_silence_noise,unknown,6.0,train,split_extension_append_abs_deficit
musan-noise-free-sound-0481,negative_silence_noise,unknown,6.0,train,split_extension_append_abs_deficit
musan-noise-free-sound-0482,negative_silence_noise,unknown,6.0,train,split_extension_append_abs_deficit
musan-noise-free-sound-0483,negative_silence_noise,unknown,6.0,train,split_extension_append_abs_deficit
musan-noise-free-sound-0484,negative_silence_noise,unknown,6.0,train,split_extension_append_abs_deficit
musan-noise-free-sound-0485,negative_silence_noise,unknown,6.0,train,split_extension_append_abs_deficit
musan-noise-free-sound-0486,negative_silence_noise,unknown,6.0,train,split_extension_append_abs_deficit
musan-noise-free-sound-0487,negative_silence_noise,unknown,1.9302,validation,split_extension_append_abs_deficit
musan-noise-free-sound-0488,negative_silence_noise,unknown,5.6569,train,split_extension_append_abs_deficit
musan-noise-free-sound-0489,negative_silence_noise,unknown,6.0,train,split_extension_append_abs_deficit
musan-noise-free-sound-0490,negative_silence_noise,unknown,6.0,train,split_extension_append_abs_deficit
musan-noise-free-sound-0491,negative_silence_noise,unknown,1.5441,validation,split_extension_append_abs_deficit
musan-noise-free-sound-0492,negative_silence_noise,unknown,6.0,train,split_extension_append_abs_deficit
musan-noise-free-sound-0493,negative_silence_noise,unknown,6.0,train,split_extension_append_abs_deficit
musan-noise-free-sound-0494,negative_silence_noise,unknown,6.0,train,split_extension_append_abs_deficit
musan-noise-free-sound-0495,negative_silence_noise,unknown,6.0,train,split_extension_append_abs_deficit
musan-noise-free-sound-0496,negative_silence_noise,unknown,5.9733,test,split_extension_append_abs_deficit
musan-noise-free-sound-0497,negative_silence_noise,unknown,6.0,train,split_extension_append_abs_deficit
musan-noise-free-sound-0498,negative_silence_noise,unknown,5.0,validation,split_extension_append_abs_deficit
musan-noise-free-sound-0499,negative_silence_noise,unknown,6.0,train,split_extension_append_abs_deficit
musan-noise-free-sound-0500,negative_silence_noise,unknown,6.0,train,split_extension_append_abs_deficit
musan-noise-free-sound-0501,negative_silence_noise,unknown,6.0,train,split_extension_append_abs_deficit
musan-noise-free-sound-0502,negative_silence_noise,unknown,6.0,train,split_extension_append_abs_deficit
musan-noise-free-sound-0503,negative_silence_noise,unknown,5.0648,validation,split_extension_append_abs_deficit
musan-noise-free-sound-0504,negative_silence_noise,unknown,6.0,train,split_extension_append_abs_deficit
musan-noise-free-sound-0505,negative_silence_noise,unknown,6.0,train,split_extension_append_abs_deficit
musan-noise-free-sound-0506,negative_silence_noise,unknown,6.0,train,split_extension_append_abs_deficit
musan-noise-free-sound-0507,negative_silence_noise,unknown,1.1199,test,split_extension_append_abs_deficit
musan-noise-free-sound-0508,negative_silence_noise,unknown,6.0,train,split_extension_append_abs_deficit
musan-noise-free-sound-0509,negative_silence_noise,unknown,6.0,train,split_extension_append_abs_deficit
musan-noise-free-sound-0510,negative_silence_noise,unknown,6.0,train,split_extension_append_abs_deficit
musan-noise-free-sound-0511,negative_silence_noise,unknown,4.0,test,split_extension_append_abs_deficit
musan-noise-free-sound-0512,negative_silence_noise,unknown,3.7877,test,split_extension_append_abs_deficit
musan-noise-free-sound-0513,negative_silence_noise,unknown,6.0,train,split_extension_append_abs_deficit
musan-noise-free-sound-0514,negative_silence_noise,unknown,5.329,validation,split_extension_append_abs_deficit
musan-noise-free-sound-0515,negative_silence_noise,unknown,4.0751,test,split_extension_append_abs_deficit
musan-noise-free-sound-0516,negative_silence_noise,unknown,1.0992,validation,split_extension_append_abs_deficit
musan-noise-free-sound-0517,negative_silence_noise,unknown,6.0,train,split_extension_append_abs_deficit
musan-noise-free-sound-0518,negative_silence_noise,unknown,6.0,train,split_extension_append_abs_deficit
musan-noise-free-sound-0519,negative_silence_noise,unknown,6.0,train,split_extension_append_abs_deficit
musan-noise-free-sound-0520,negative_silence_noise,unknown,6.0,train,split_extension_append_abs_deficit
musan-noise-free-sound-0521,negative_silence_noise,unknown,6.0,test,split_extension_append_abs_deficit
musan-noise-free-sound-0522,negative_silence_noise,unknown,6.0,train,split_extension_append_abs_deficit
musan-noise-free-sound-0523,negative_silence_noise,unknown,6.0,train,split_extension_append_abs_deficit
musan-noise-free-sound-0524,negative_silence_noise,unknown,6.0,train,split_extension_append_abs_deficit
musan-noise-free-sound-0525,negative_silence_noise,unknown,0.9583,validation,split_extension_append_abs_deficit
musan-noise-free-sound-0526,negative_silence_noise,unknown,1.4187,train,split_extension_append_abs_deficit
musan-noise-free-sound-0527,negative_silence_noise,unknown,6.0,train,split_extension_append_abs_deficit
musan-noise-free-sound-0528,negative_silence_noise,unknown,3.0697,validation,split_extension_append_abs_deficit
musan-noise-free-sound-0529,negative_silence_noise,unknown,1.8594,test,split_extension_append_abs_deficit
musan-noise-free-sound-0530,negative_silence_noise,unknown,6.0,train,split_extension_append_abs_deficit
musan-noise-free-sound-0531,negative_silence_noise,unknown,6.0,test,split_extension_append_abs_deficit
musan-noise-free-sound-0532,negative_silence_noise,unknown,6.0,train,split_extension_append_abs_deficit
musan-noise-free-sound-0533,negative_silence_noise,unknown,6.0,train,split_extension_append_abs_deficit
musan-noise-free-sound-0534,negative_silence_noise,unknown,6.0,train,split_extension_append_abs_deficit
musan-noise-free-sound-0535,negative_silence_noise,unknown,6.0,train,split_extension_append_abs_deficit
musan-noise-free-sound-0536,negative_silence_noise,unknown,0.6927,validation,split_extension_append_abs_deficit
musan-noise-free-sound-0537,negative_silence_noise,unknown,6.0,train,split_extension_append_abs_deficit
musan-noise-free-sound-0538,negative_silence_noise,unknown,0.5738,validation,split_extension_append_abs_deficit
musan-noise-free-sound-0539,negative_silence_noise,unknown,1.5151,train,split_extension_append_abs_deficit
musan-noise-free-sound-0540,negative_silence_noise,unknown,3.0041,test,split_extension_append_abs_deficit
musan-noise-free-sound-0541,negative_silence_noise,unknown,6.0,train,split_extension_append_abs_deficit
musan-noise-free-sound-0542,negative_silence_noise,unknown,6.0,train,split_extension_append_abs_deficit
musan-noise-free-sound-0543,negative_silence_noise,unknown,4.356,test,split_extension_append_abs_deficit
musan-noise-free-sound-0544,negative_silence_noise,unknown,6.0,train,split_extension_append_abs_deficit
musan-noise-free-sound-0545,negative_silence_noise,unknown,6.0,train,split_extension_append_abs_deficit
musan-noise-free-sound-0546,negative_silence_noise,unknown,6.0,train,split_extension_append_abs_deficit
musan-noise-free-sound-0547,negative_silence_noise,unknown,4.8489,test,split_extension_append_abs_deficit
musan-noise-free-sound-0548,negative_silence_noise,unknown,6.0,train,split_extension_append_abs_deficit
musan-noise-free-sound-0549,negative_silence_noise,unknown,5.832,validation,split_extension_append_abs_deficit
musan-noise-free-sound-0550,negative_silence_noise,unknown,6.0,train,split_extension_append_abs_deficit
musan-noise-free-sound-0551,negative_silence_noise,unknown,6.0,train,split_extension_append_abs_deficit
musan-noise-free-sound-0552,negative_silence_noise,unknown,6.0,train,split_extension_append_abs_deficit
musan-noise-free-sound-0553,negative_silence_noise,unknown,6.0,train,split_extension_append_abs_deficit
musan-noise-free-sound-0554,negative_silence_noise,unknown,0.7837,train,split_extension_append_abs_deficit
musan-noise-free-sound-0555,negative_silence_noise,unknown,6.0,train,split_extension_append_abs_deficit
musan-noise-free-sound-0556,negative_silence_noise,unknown,6.0,train,split_extension_append_abs_deficit
musan-noise-free-sound-0557,negative_silence_noise,unknown,6.0,train,split_extension_append_abs_deficit
musan-noise-free-sound-0558,negative_silence_noise,unknown,6.0,train,split_extension_append_abs_deficit
musan-noise-free-sound-0559,negative_silence_noise,unknown,6.0,train,split_extension_append_abs_deficit
musan-noise-free-sound-0560,negative_silence_noise,unknown,6.0,train,split_extension_append_abs_deficit
musan-noise-free-sound-0561,negative_silence_noise,unknown,1.1755,train,split_extension_append_abs_deficit
musan-noise-free-sound-0562,negative_silence_noise,unknown,6.0,train,split_extension_append_abs_deficit
musan-noise-free-sound-0563,negative_silence_noise,unknown,6.0,train,split_extension_append_abs_deficit
musan-noise-free-sound-0564,negative_silence_noise,unknown,0.1036,validation,split_extension_append_abs_deficit
musan-noise-free-sound-0565,negative_silence_noise,unknown,6.0,train,split_extension_append_abs_deficit
musan-noise-free-sound-0566,negative_silence_noise,unknown,6.0,train,split_extension_append_abs_deficit
musan-noise-free-sound-0567,negative_silence_noise,unknown,6.0,train,split_extension_append_abs_deficit
musan-noise-free-sound-0568,negative_silence_noise,unknown,6.0,train,split_extension_append_abs_deficit
musan-noise-free-sound-0569,negative_silence_noise,unknown,3.84,train,split_extension_append_abs_deficit
musan-noise-free-sound-0570,negative_silence_noise,unknown,6.0,train,split_extension_append_abs_deficit
musan-noise-free-sound-0571,negative_silence_noise,unknown,6.0,train,split_extension_append_abs_deficit
musan-noise-free-sound-0572,negative_silence_noise,unknown,6.0,train,split_extension_append_abs_deficit
musan-noise-free-sound-0573,negative_silence_noise,unknown,0.391,train,split_extension_append_abs_deficit
musan-noise-free-sound-0574,negative_silence_noise,unknown,6.0,train,split_extension_append_abs_deficit
musan-noise-free-sound-0575,negative_silence_noise,unknown,6.0,train,split_extension_append_abs_deficit
musan-noise-free-sound-0576,negative_silence_noise,unknown,3.7326,train,split_extension_append_abs_deficit
musan-noise-free-sound-0577,negative_silence_noise,unknown,6.0,train,split_extension_append_abs_deficit
musan-noise-free-sound-0578,negative_silence_noise,unknown,6.0,train,split_extension_append_abs_deficit
musan-noise-free-sound-0579,negative_silence_noise,unknown,6.0,train,split_extension_append_abs_deficit
musan-noise-free-sound-0580,negative_silence_noise,unknown,6.0,train,split_extension_append_abs_deficit
musan-noise-free-sound-0581,negative_silence_noise,unknown,6.0,train,split_extension_append_abs_deficit
musan-noise-free-sound-0582,negative_silence_noise,unknown,1.4744,validation,split_extension_append_abs_deficit
musan-noise-free-sound-0583,negative_silence_noise,unknown,2.0438,test,split_extension_append_abs_deficit
musan-noise-free-sound-0584,negative_silence_noise,unknown,6.0,train,split_extension_append_abs_deficit
musan-noise-free-sound-0585,negative_silence_noise,unknown,0.9288,test,split_extension_append_abs_deficit
musan-noise-free-sound-0586,negative_silence_noise,unknown,6.0,train,split_extension_append_abs_deficit
musan-noise-free-sound-0587,negative_silence_noise,unknown,6.0,test,split_extension_append_abs_deficit
musan-noise-free-sound-0588,negative_silence_noise,unknown,5.8027,test,split_extension_append_abs_deficit
musan-noise-free-sound-0589,negative_silence_noise,unknown,2.2465,train,split_extension_append_abs_deficit
musan-noise-free-sound-0590,negative_silence_noise,unknown,3.7877,validation,split_extension_append_abs_deficit
musan-noise-free-sound-0591,negative_silence_noise,unknown,6.0,train,split_extension_append_abs_deficit
musan-noise-free-sound-0592,negative_silence_noise,unknown,6.0,test,split_extension_append_abs_deficit
musan-noise-free-sound-0593,negative_silence_noise,unknown,6.0,train,split_extension_append_abs_deficit
musan-noise-free-sound-0594,negative_silence_noise,unknown,6.0,train,split_extension_append_abs_deficit
musan-noise-free-sound-0595,negative_silence_noise,unknown,6.0,train,split_extension_append_abs_deficit
musan-noise-free-sound-0596,negative_silence_noise,unknown,6.0,train,split_extension_append_abs_deficit
musan-noise-free-sound-0597,negative_silence_noise,unknown,6.0,train,split_extension_append_abs_deficit
musan-noise-free-sound-0598,negative_silence_noise,unknown,6.0,validation,split_extension_append_abs_deficit
musan-noise-free-sound-0599,negative_silence_noise,unknown,3.84,test,split_extension_append_abs_deficit
musan-noise-free-sound-0600,negative_silence_noise,unknown,6.0,train,split_extension_append_abs_deficit
musan-noise-free-sound-0601,negative_silence_noise,unknown,4.2399,test,split_extension_append_abs_deficit
musan-noise-free-sound-0602,negative_silence_noise,unknown,4.125,test,split_extension_append_abs_deficit
musan-noise-free-sound-0603,negative_silence_noise,unknown,6.0,train,split_extension_append_abs_deficit
musan-noise-free-sound-0604,negative_silence_noise,unknown,6.0,train,split_extension_append_abs_deficit
musan-noise-free-sound-0605,negative_silence_noise,unknown,6.0,train,split_extension_append_abs_deficit
musan-noise-free-sound-0606,negative_silence_noise,unknown,6.0,train,split_extension_append_abs_deficit
musan-noise-free-sound-0607,negative_silence_noise,unknown,6.0,train,split_extension_append_abs_deficit
musan-noise-free-sound-0608,negative_silence_noise,unknown,3.5265,validation,split_extension_append_abs_deficit
musan-noise-free-sound-0609,negative_silence_noise,unknown,6.0,train,split_extension_append_abs_deficit
musan-noise-free-sound-0610,negative_silence_noise,unknown,6.0,train,split_extension_append_abs_deficit
musan-noise-free-sound-0611,negative_silence_noise,unknown,0.127,train,split_extension_append_abs_deficit
musan-noise-free-sound-0612,negative_silence_noise,unknown,6.0,train,split_extension_append_abs_deficit
musan-noise-free-sound-0613,negative_silence_noise,unknown,6.0,train,split_extension_append_abs_deficit
musan-noise-free-sound-0614,negative_silence_noise,unknown,6.0,train,split_extension_append_abs_deficit
musan-noise-free-sound-0615,negative_silence_noise,unknown,6.0,train,split_extension_append_abs_deficit
musan-noise-free-sound-0616,negative_silence_noise,unknown,6.0,train,split_extension_append_abs_deficit
musan-noise-free-sound-0617,negative_silence_noise,unknown,6.0,train,split_extension_append_abs_deficit
musan-noise-free-sound-0618,negative_silence_noise,unknown,3.0206,train,split_extension_append_abs_deficit
musan-noise-free-sound-0619,negative_silence_noise,unknown,0.5454,validation,split_extension_append_abs_deficit
musan-noise-free-sound-0620,negative_silence_noise,unknown,6.0,train,split_extension_append_abs_deficit
musan-noise-free-sound-0621,negative_silence_noise,unknown,6.0,train,split_extension_append_abs_deficit
musan-noise-free-sound-0622,negative_silence_noise,unknown,6.0,train,split_extension_append_abs_deficit
musan-noise-free-sound-0623,negative_silence_noise,unknown,6.0,train,split_extension_append_abs_deficit
musan-noise-free-sound-0624,negative_silence_noise,unknown,0.104,test,split_extension_append_abs_deficit
musan-noise-free-sound-0625,negative_silence_noise,unknown,6.0,train,split_extension_append_abs_deficit
musan-noise-free-sound-0626,negative_silence_noise,unknown,1.3236,test,split_extension_append_abs_deficit
musan-noise-free-sound-0627,negative_silence_noise,unknown,0.3135,validation,split_extension_append_abs_deficit
musan-noise-free-sound-0628,negative_silence_noise,unknown,6.0,train,split_extension_append_abs_deficit
musan-noise-free-sound-0629,negative_silence_noise,unknown,3.5,test,split_extension_append_abs_deficit
musan-noise-free-sound-0630,negative_silence_noise,unknown,3.1086,train,split_extension_append_abs_deficit
musan-noise-free-sound-0631,negative_silence_noise,unknown,5.6,train,split_extension_append_abs_deficit
musan-noise-free-sound-0632,negative_silence_noise,unknown,2.568,validation,split_extension_append_abs_deficit
musan-noise-free-sound-0633,negative_silence_noise,unknown,6.0,train,split_extension_append_abs_deficit
musan-noise-free-sound-0634,negative_silence_noise,unknown,6.0,train,split_extension_append_abs_deficit
musan-noise-free-sound-0635,negative_silence_noise,unknown,6.0,train,split_extension_append_abs_deficit
musan-noise-free-sound-0636,negative_silence_noise,unknown,6.0,train,split_extension_append_abs_deficit
musan-noise-free-sound-0637,negative_silence_noise,unknown,6.0,train,split_extension_append_abs_deficit
musan-noise-free-sound-0638,negative_silence_noise,unknown,5.5927,test,split_extension_append_abs_deficit
musan-noise-free-sound-0639,negative_silence_noise,unknown,6.0,train,split_extension_append_abs_deficit
musan-noise-free-sound-0640,negative_silence_noise,unknown,6.0,train,split_extension_append_abs_deficit
musan-noise-free-sound-0641,negative_silence_noise,unknown,6.0,train,split_extension_append_abs_deficit
musan-noise-free-sound-0642,negative_silence_noise,unknown,4.4931,validation,split_extension_append_abs_deficit
musan-noise-free-sound-0643,negative_silence_noise,unknown,2.7843,train,split_extension_append_abs_deficit
musan-noise-free-sound-0644,negative_silence_noise,unknown,6.0,train,split_extension_append_abs_deficit
musan-noise-free-sound-0645,negative_silence_noise,unknown,1.7241,validation,split_extension_append_abs_deficit
musan-noise-free-sound-0646,negative_silence_noise,unknown,6.0,train,split_extension_append_abs_deficit
musan-noise-free-sound-0647,negative_silence_noise,unknown,6.0,train,split_extension_append_abs_deficit
musan-noise-free-sound-0648,negative_silence_noise,unknown,6.0,train,split_extension_append_abs_deficit
musan-noise-free-sound-0649,negative_silence_noise,unknown,6.0,train,split_extension_append_abs_deficit
musan-noise-free-sound-0650,negative_silence_noise,unknown,6.0,train,split_extension_append_abs_deficit
musan-noise-free-sound-0651,negative_silence_noise,unknown,6.0,validation,split_extension_append_abs_deficit
musan-noise-free-sound-0652,negative_silence_noise,unknown,5.6993,train,split_extension_append_abs_deficit
musan-noise-free-sound-0653,negative_silence_noise,unknown,6.0,test,split_extension_append_abs_deficit
musan-noise-free-sound-0654,negative_silence_noise,unknown,5.9821,train,split_extension_append_abs_deficit
musan-noise-free-sound-0655,negative_silence_noise,unknown,6.0,train,split_extension_append_abs_deficit
musan-noise-free-sound-0656,negative_silence_noise,unknown,4.8849,test,split_extension_append_abs_deficit
musan-noise-free-sound-0657,negative_silence_noise,unknown,6.0,train,split_extension_append_abs_deficit
musan-noise-free-sound-0658,negative_silence_noise,unknown,6.0,train,split_extension_append_abs_deficit
musan-noise-free-sound-0659,negative_silence_noise,unknown,6.0,train,split_extension_append_abs_deficit
musan-noise-free-sound-0660,negative_silence_noise,unknown,6.0,train,split_extension_append_abs_deficit
musan-noise-free-sound-0661,negative_silence_noise,unknown,6.0,train,split_extension_append_abs_deficit
musan-noise-free-sound-0662,negative_silence_noise,unknown,1.4106,validation,split_extension_append_abs_deficit
musan-noise-free-sound-0663,negative_silence_noise,unknown,6.0,train,split_extension_append_abs_deficit
musan-noise-free-sound-0664,negative_silence_noise,unknown,6.0,train,split_extension_append_abs_deficit
musan-noise-free-sound-0665,negative_silence_noise,unknown,6.0,train,split_extension_append_abs_deficit
musan-noise-free-sound-0666,negative_silence_noise,unknown,6.0,train,split_extension_append_abs_deficit
musan-noise-free-sound-0667,negative_silence_noise,unknown,6.0,train,split_extension_append_abs_deficit
musan-noise-free-sound-0668,negative_silence_noise,unknown,4.0229,train,split_extension_append_abs_deficit
musan-noise-free-sound-0669,negative_silence_noise,unknown,4.0229,test,split_extension_append_abs_deficit
musan-noise-free-sound-0670,negative_silence_noise,unknown,4.7601,train,split_extension_append_abs_deficit
musan-noise-free-sound-0671,negative_silence_noise,unknown,6.0,train,split_extension_append_abs_deficit
musan-noise-free-sound-0672,negative_silence_noise,unknown,6.0,train,split_extension_append_abs_deficit
musan-noise-free-sound-0673,negative_silence_noise,unknown,3.8298,validation,split_extension_append_abs_deficit
musan-noise-free-sound-0674,negative_silence_noise,unknown,6.0,train,split_extension_append_abs_deficit
musan-noise-free-sound-0675,negative_silence_noise,unknown,6.0,train,split_extension_append_abs_deficit
musan-noise-free-sound-0676,negative_silence_noise,unknown,2.1631,validation,split_extension_append_abs_deficit
musan-noise-free-sound-0677,negative_silence_noise,unknown,6.0,train,split_extension_append_abs_deficit
musan-noise-free-sound-0678,negative_silence_noise,unknown,2.0637,test,split_extension_append_abs_deficit
musan-noise-free-sound-0679,negative_silence_noise,unknown,6.0,train,split_extension_append_abs_deficit
musan-noise-free-sound-0680,negative_silence_noise,unknown,6.0,train,split_extension_append_abs_deficit
musan-noise-free-sound-0681,negative_silence_noise,unknown,6.0,train,split_extension_append_abs_deficit
musan-noise-free-sound-0682,negative_silence_noise,unknown,6.0,train,split_extension_append_abs_deficit
musan-noise-free-sound-0683,negative_silence_noise,unknown,6.0,train,split_extension_append_abs_deficit
musan-noise-free-sound-0684,negative_silence_noise,unknown,6.0,train,split_extension_append_abs_deficit
musan-noise-free-sound-0685,negative_silence_noise,unknown,6.0,train,split_extension_append_abs_deficit
musan-noise-free-sound-0686,negative_silence_noise,unknown,6.0,train,split_extension_append_abs_deficit
musan-noise-free-sound-0687,negative_silence_noise,unknown,6.0,train,split_extension_append_abs_deficit
musan-noise-free-sound-0688,negative_silence_noise,unknown,6.0,validation,split_extension_append_abs_deficit
musan-noise-free-sound-0689,negative_silence_noise,unknown,1.05,test,split_extension_append_abs_deficit
musan-noise-free-sound-0690,negative_silence_noise,unknown,5.2053,validation,split_extension_append_abs_deficit
musan-noise-free-sound-0691,negative_silence_noise,unknown,6.0,train,split_extension_append_abs_deficit
musan-noise-free-sound-0692,negative_silence_noise,unknown,0.9279,train,split_extension_append_abs_deficit
musan-noise-free-sound-0693,negative_silence_noise,unknown,1.4106,train,split_extension_append_abs_deficit
musan-noise-free-sound-0694,negative_silence_noise,unknown,6.0,train,split_extension_append_abs_deficit
musan-noise-free-sound-0695,negative_silence_noise,unknown,6.0,train,split_extension_append_abs_deficit
musan-noise-free-sound-0696,negative_silence_noise,unknown,6.0,train,split_extension_append_abs_deficit
musan-noise-free-sound-0697,negative_silence_noise,unknown,6.0,train,split_extension_append_abs_deficit
musan-noise-free-sound-0698,negative_silence_noise,unknown,6.0,train,split_extension_append_abs_deficit
musan-noise-free-sound-0699,negative_silence_noise,unknown,6.0,train,split_extension_append_abs_deficit
musan-noise-free-sound-0700,negative_silence_noise,unknown,6.0,train,split_extension_append_abs_deficit
musan-noise-free-sound-0701,negative_silence_noise,unknown,6.0,train,split_extension_append_abs_deficit
musan-noise-free-sound-0702,negative_silence_noise,unknown,6.0,validation,split_extension_append_abs_deficit
musan-noise-free-sound-0703,negative_silence_noise,unknown,6.0,train,split_extension_append_abs_deficit
musan-noise-free-sound-0704,negative_silence_noise,unknown,6.0,train,split_extension_append_abs_deficit
musan-noise-free-sound-0705,negative_silence_noise,unknown,6.0,train,split_extension_append_abs_deficit
musan-noise-free-sound-0706,negative_silence_noise,unknown,6.0,train,split_extension_append_abs_deficit
musan-noise-free-sound-0707,negative_silence_noise,unknown,6.0,train,split_extension_append_abs_deficit
musan-noise-free-sound-0708,negative_silence_noise,unknown,6.0,train,split_extension_append_abs_deficit
musan-noise-free-sound-0709,negative_silence_noise,unknown,6.0,train,split_extension_append_abs_deficit
musan-noise-free-sound-0710,negative_silence_noise,unknown,6.0,train,split_extension_append_abs_deficit
musan-noise-free-sound-0711,negative_silence_noise,unknown,0.3927,test,split_extension_append_abs_deficit
musan-noise-free-sound-0712,negative_silence_noise,unknown,2.8474,test,split_extension_append_abs_deficit
musan-noise-free-sound-0713,negative_silence_noise,unknown,1.6979,test,split_extension_append_abs_deficit
musan-noise-free-sound-0714,negative_silence_noise,unknown,1.1233,train,split_extension_append_abs_deficit
musan-noise-free-sound-0715,negative_silence_noise,unknown,6.0,train,split_extension_append_abs_deficit
musan-noise-free-sound-0716,negative_silence_noise,unknown,0.624,train,split_extension_append_abs_deficit
musan-noise-free-sound-0717,negative_silence_noise,unknown,5.9821,validation,split_extension_append_abs_deficit
musan-noise-free-sound-0718,negative_silence_noise,unknown,6.0,test,split_extension_append_abs_deficit
musan-noise-free-sound-0719,negative_silence_noise,unknown,6.0,train,split_extension_append_abs_deficit
musan-noise-free-sound-0720,negative_silence_noise,unknown,6.0,train,split_extension_append_abs_deficit
musan-noise-free-sound-0721,negative_silence_noise,unknown,6.0,train,split_extension_append_abs_deficit
musan-noise-free-sound-0722,negative_silence_noise,unknown,6.0,train,split_extension_append_abs_deficit
musan-noise-free-sound-0723,negative_silence_noise,unknown,6.0,train,split_extension_append_abs_deficit
musan-noise-free-sound-0724,negative_silence_noise,unknown,0.9109,train,split_extension_append_abs_deficit
musan-noise-free-sound-0725,negative_silence_noise,unknown,6.0,train,split_extension_append_abs_deficit
musan-noise-free-sound-0726,negative_silence_noise,unknown,6.0,test,split_extension_append_abs_deficit
musan-noise-free-sound-0727,negative_silence_noise,unknown,6.0,train,split_extension_append_abs_deficit
musan-noise-free-sound-0728,negative_silence_noise,unknown,6.0,train,split_extension_append_abs_deficit
musan-noise-free-sound-0729,negative_silence_noise,unknown,6.0,train,split_extension_append_abs_deficit
musan-noise-free-sound-0730,negative_silence_noise,unknown,1.489,test,split_extension_append_abs_deficit
musan-noise-free-sound-0731,negative_silence_noise,unknown,1.4367,train,split_extension_append_abs_deficit
musan-noise-free-sound-0732,negative_silence_noise,unknown,6.0,test,split_extension_append_abs_deficit
musan-noise-free-sound-0733,negative_silence_noise,unknown,6.0,train,split_extension_append_abs_deficit
musan-noise-free-sound-0734,negative_silence_noise,unknown,6.0,train,split_extension_append_abs_deficit
musan-noise-free-sound-0735,negative_silence_noise,unknown,6.0,train,split_extension_append_abs_deficit
musan-noise-free-sound-0736,negative_silence_noise,unknown,0.9194,validation,split_extension_append_abs_deficit
musan-noise-free-sound-0737,negative_silence_noise,unknown,4.8469,validation,split_extension_append_abs_deficit
musan-noise-free-sound-0738,negative_silence_noise,unknown,6.0,validation,split_extension_append_abs_deficit
musan-noise-free-sound-0739,negative_silence_noise,unknown,6.0,train,split_extension_append_abs_deficit
musan-noise-free-sound-0740,negative_silence_noise,unknown,6.0,train,split_extension_append_abs_deficit
musan-noise-free-sound-0741,negative_silence_noise,unknown,6.0,train,split_extension_append_abs_deficit
musan-noise-free-sound-0742,negative_silence_noise,unknown,6.0,validation,split_extension_append_abs_deficit
musan-noise-free-sound-0743,negative_silence_noise,unknown,6.0,train,split_extension_append_abs_deficit
musan-noise-free-sound-0744,negative_silence_noise,unknown,1.0449,train,split_extension_append_abs_deficit
musan-noise-free-sound-0745,negative_silence_noise,unknown,4.7333,train,split_extension_append_abs_deficit
musan-noise-free-sound-0746,negative_silence_noise,unknown,0.227,train,split_extension_append_abs_deficit
musan-noise-free-sound-0747,negative_silence_noise,unknown,6.0,train,split_extension_append_abs_deficit
musan-noise-free-sound-0748,negative_silence_noise,unknown,5.64,validation,split_extension_append_abs_deficit
musan-noise-free-sound-0749,negative_silence_noise,unknown,1.0,test,split_extension_append_abs_deficit
musan-noise-free-sound-0750,negative_silence_noise,unknown,5.4596,validation,split_extension_append_abs_deficit
musan-noise-free-sound-0751,negative_silence_noise,unknown,1.4464,test,split_extension_append_abs_deficit
musan-noise-free-sound-0752,negative_silence_noise,unknown,6.0,train,split_extension_append_abs_deficit
musan-noise-free-sound-0753,negative_silence_noise,unknown,6.0,train,split_extension_append_abs_deficit
musan-noise-free-sound-0754,negative_silence_noise,unknown,6.0,train,split_extension_append_abs_deficit
musan-noise-free-sound-0755,negative_silence_noise,unknown,6.0,train,split_extension_append_abs_deficit
musan-noise-free-sound-0756,negative_silence_noise,unknown,4.1588,validation,split_extension_append_abs_deficit
musan-noise-free-sound-0757,negative_silence_noise,unknown,6.0,train,split_extension_append_abs_deficit
musan-noise-free-sound-0758,negative_silence_noise,unknown,6.0,train,split_extension_append_abs_deficit
musan-noise-free-sound-0759,negative_silence_noise,unknown,2.7314,validation,split_extension_append_abs_deficit
musan-noise-free-sound-0760,negative_silence_noise,unknown,0.6233,test,split_extension_append_abs_deficit
musan-noise-free-sound-0761,negative_silence_noise,unknown,6.0,train,split_extension_append_abs_deficit
musan-noise-free-sound-0762,negative_silence_noise,unknown,6.0,train,split_extension_append_abs_deficit
musan-noise-free-sound-0763,negative_silence_noise,unknown,6.0,train,split_extension_append_abs_deficit
musan-noise-free-sound-0764,negative_silence_noise,unknown,0.0646,validation,split_extension_append_abs_deficit
musan-noise-free-sound-0765,negative_silence_noise,unknown,0.2028,validation,split_extension_append_abs_deficit
musan-noise-free-sound-0766,negative_silence_noise,unknown,0.0261,train,split_extension_append_abs_deficit
musan-noise-free-sound-0767,negative_silence_noise,unknown,6.0,train,split_extension_append_abs_deficit
musan-noise-free-sound-0768,negative_silence_noise,unknown,0.4229,validation,split_extension_append_abs_deficit
musan-noise-free-sound-0769,negative_silence_noise,unknown,6.0,train,split_extension_append_abs_deficit
musan-noise-free-sound-0770,negative_silence_noise,unknown,6.0,train,split_extension_append_abs_deficit
musan-noise-free-sound-0771,negative_silence_noise,unknown,3.1579,train,split_extension_append_abs_deficit
musan-noise-free-sound-0772,negative_silence_noise,unknown,4.6536,test,split_extension_append_abs_deficit
musan-noise-free-sound-0773,negative_silence_noise,unknown,6.0,train,split_extension_append_abs_deficit
musan-noise-free-sound-0774,negative_silence_noise,unknown,3.1472,test,split_extension_append_abs_deficit
musan-noise-free-sound-0775,negative_silence_noise,unknown,6.0,train,split_extension_append_abs_deficit
musan-noise-free-sound-0776,negative_silence_noise,unknown,6.0,train,split_extension_append_abs_deficit
musan-noise-free-sound-0777,negative_silence_noise,unknown,6.0,train,split_extension_append_abs_deficit
musan-noise-free-sound-0778,negative_silence_noise,unknown,6.0,train,split_extension_append_abs_deficit
musan-noise-free-sound-0779,negative_silence_noise,unknown,6.0,train,split_extension_append_abs_deficit
musan-noise-free-sound-0780,negative_silence_noise,unknown,6.0,train,split_extension_append_abs_deficit
musan-noise-free-sound-0781,negative_silence_noise,unknown,6.0,test,split_extension_append_abs_deficit
musan-noise-free-sound-0782,negative_silence_noise,unknown,6.0,train,split_extension_append_abs_deficit
musan-noise-free-sound-0783,negative_silence_noise,unknown,6.0,train,split_extension_append_abs_deficit
musan-noise-free-sound-0784,negative_silence_noise,unknown,6.0,train,split_extension_append_abs_deficit
musan-noise-free-sound-0785,negative_silence_noise,unknown,6.0,train,split_extension_append_abs_deficit
musan-noise-free-sound-0786,negative_silence_noise,unknown,6.0,train,split_extension_append_abs_deficit
musan-noise-free-sound-0787,negative_silence_noise,unknown,6.0,test,split_extension_append_abs_deficit
musan-noise-free-sound-0788,negative_silence_noise,unknown,6.0,train,split_extension_append_abs_deficit
musan-noise-free-sound-0789,negative_silence_noise,unknown,6.0,train,split_extension_append_abs_deficit
musan-noise-free-sound-0790,negative_silence_noise,unknown,6.0,train,split_extension_append_abs_deficit
musan-noise-free-sound-0791,negative_silence_noise,unknown,6.0,train,split_extension_append_abs_deficit
musan-noise-free-sound-0792,negative_silence_noise,unknown,6.0,train,split_extension_append_abs_deficit
musan-noise-free-sound-0793,negative_silence_noise,unknown,6.0,train,split_extension_append_abs_deficit
musan-noise-free-sound-0794,negative_silence_noise,unknown,4.4341,train,split_extension_append_abs_deficit
musan-noise-free-sound-0795,negative_silence_noise,unknown,6.0,train,split_extension_append_abs_deficit
musan-noise-free-sound-0796,negative_silence_noise,unknown,6.0,train,split_extension_append_abs_deficit
musan-noise-free-sound-0797,negative_silence_noise,unknown,6.0,validation,split_extension_append_abs_deficit
musan-noise-free-sound-0798,negative_silence_noise,unknown,6.0,train,split_extension_append_abs_deficit
musan-noise-free-sound-0799,negative_silence_noise,unknown,5.6319,test,split_extension_append_abs_deficit
musan-noise-free-sound-0800,negative_silence_noise,unknown,6.0,train,split_extension_append_abs_deficit
musan-noise-free-sound-0801,negative_silence_noise,unknown,6.0,train,split_extension_append_abs_deficit
musan-noise-free-sound-0802,negative_silence_noise,unknown,5.1245,test,split_extension_append_abs_deficit
musan-noise-free-sound-0803,negative_silence_noise,unknown,6.0,train,split_extension_append_abs_deficit
musan-noise-free-sound-0804,negative_silence_noise,unknown,6.0,train,split_extension_append_abs_deficit
musan-noise-free-sound-0805,negative_silence_noise,unknown,6.0,train,split_extension_append_abs_deficit
musan-noise-free-sound-0806,negative_silence_noise,unknown,6.0,train,split_extension_append_abs_deficit
musan-noise-free-sound-0807,negative_silence_noise,unknown,4.1013,train,split_extension_append_abs_deficit
musan-noise-free-sound-0808,negative_silence_noise,unknown,1.6979,validation,split_extension_append_abs_deficit
musan-noise-free-sound-0809,negative_silence_noise,unknown,6.0,train,split_extension_append_abs_deficit
musan-noise-free-sound-0810,negative_silence_noise,unknown,4.0084,validation,split_extension_append_abs_deficit
musan-noise-free-sound-0811,negative_silence_noise,unknown,6.0,train,split_extension_append_abs_deficit
musan-noise-free-sound-0812,negative_silence_noise,unknown,6.0,train,split_extension_append_abs_deficit
musan-noise-free-sound-0813,negative_silence_noise,unknown,6.0,train,split_extension_append_abs_deficit
musan-noise-free-sound-0814,negative_silence_noise,unknown,6.0,train,split_extension_append_abs_deficit
musan-noise-free-sound-0815,negative_silence_noise,unknown,2.4718,validation,split_extension_append_abs_deficit
musan-noise-free-sound-0816,negative_silence_noise,unknown,1.3246,train,split_extension_append_abs_deficit
musan-noise-free-sound-0817,negative_silence_noise,unknown,1.6123,test,split_extension_append_abs_deficit
musan-noise-free-sound-0818,negative_silence_noise,unknown,6.0,test,split_extension_append_abs_deficit
musan-noise-free-sound-0819,negative_silence_noise,unknown,6.0,train,split_extension_append_abs_deficit
musan-noise-free-sound-0820,negative_silence_noise,unknown,6.0,train,split_extension_append_abs_deficit
musan-noise-free-sound-0821,negative_silence_noise,unknown,3.3437,test,split_extension_append_abs_deficit
musan-noise-free-sound-0822,negative_silence_noise,unknown,4.9894,test,split_extension_append_abs_deficit
musan-noise-free-sound-0823,negative_silence_noise,unknown,2.7491,train,split_extension_append_abs_deficit
musan-noise-free-sound-0824,negative_silence_noise,unknown,6.0,train,split_extension_append_abs_deficit
musan-noise-free-sound-0825,negative_silence_noise,unknown,2.6736,test,split_extension_append_abs_deficit
musan-noise-free-sound-0826,negative_silence_noise,unknown,6.0,train,split_extension_append_abs_deficit
musan-noise-free-sound-0827,negative_silence_noise,unknown,0.548,test,split_extension_append_abs_deficit
musan-noise-free-sound-0828,negative_silence_noise,unknown,6.0,train,split_extension_append_abs_deficit
musan-noise-free-sound-0829,negative_silence_noise,unknown,6.0,train,split_extension_append_abs_deficit
musan-noise-free-sound-0830,negative_silence_noise,unknown,0.9582,validation,split_extension_append_abs_deficit
musan-noise-free-sound-0831,negative_silence_noise,unknown,6.0,train,split_extension_append_abs_deficit
musan-noise-free-sound-0832,negative_silence_noise,unknown,6.0,train,split_extension_append_abs_deficit
musan-noise-free-sound-0833,negative_silence_noise,unknown,4.9737,train,split_extension_append_abs_deficit
musan-noise-free-sound-0834,negative_silence_noise,unknown,6.0,validation,split_extension_append_abs_deficit
musan-noise-free-sound-0835,negative_silence_noise,unknown,5.0516,test,split_extension_append_abs_deficit
musan-noise-free-sound-0836,negative_silence_noise,unknown,6.0,train,split_extension_append_abs_deficit
musan-noise-free-sound-0837,negative_silence_noise,unknown,6.0,train,split_extension_append_abs_deficit
musan-noise-free-sound-0838,negative_silence_noise,unknown,1.0029,train,split_extension_append_abs_deficit
musan-noise-free-sound-0839,negative_silence_noise,unknown,2.1421,validation,split_extension_append_abs_deficit
musan-noise-free-sound-0840,negative_silence_noise,unknown,6.0,train,split_extension_append_abs_deficit
musan-noise-free-sound-0841,negative_silence_noise,unknown,6.0,train,split_extension_append_abs_deficit
musan-noise-free-sound-0842,negative_silence_noise,unknown,6.0,train,split_extension_append_abs_deficit
musan-noise-sound-bible-0000,negative_silence_noise,unknown,6.0,train,split_extension_append_abs_deficit
musan-noise-sound-bible-0001,negative_silence_noise,unknown,2.063,validation,split_extension_append_abs_deficit
musan-noise-sound-bible-0002,negative_silence_noise,unknown,1.044,train,split_extension_append_abs_deficit
musan-noise-sound-bible-0003,negative_silence_noise,unknown,6.0,train,split_extension_append_abs_deficit
musan-noise-sound-bible-0004,negative_silence_noise,unknown,6.0,train,split_extension_append_abs_deficit
musan-noise-sound-bible-0005,negative_silence_noise,unknown,6.0,train,split_extension_append_abs_deficit
musan-noise-sound-bible-0006,negative_silence_noise,unknown,0.768,test,split_extension_append_abs_deficit
musan-noise-sound-bible-0007,negative_silence_noise,unknown,6.0,train,split_extension_append_abs_deficit
musan-noise-sound-bible-0008,negative_silence_noise,unknown,6.0,train,split_extension_append_abs_deficit
musan-noise-sound-bible-0009,negative_silence_noise,unknown,2.115,train,split_extension_append_abs_deficit
musan-noise-sound-bible-0010,negative_silence_noise,unknown,6.0,train,split_extension_append_abs_deficit
musan-noise-sound-bible-0011,negative_silence_noise,unknown,5.093,train,split_extension_append_abs_deficit
musan-noise-sound-bible-0012,negative_silence_noise,unknown,3.134,validation,split_extension_append_abs_deficit
musan-noise-sound-bible-0013,negative_silence_noise,unknown,5.12,validation,split_extension_append_abs_deficit
musan-noise-sound-bible-0014,negative_silence_noise,unknown,6.0,train,split_extension_append_abs_deficit
musan-noise-sound-bible-0015,negative_silence_noise,unknown,6.0,train,split_extension_append_abs_deficit
musan-noise-sound-bible-0016,negative_silence_noise,unknown,6.0,train,split_extension_append_abs_deficit
musan-noise-sound-bible-0017,negative_silence_noise,unknown,3.2392,test,split_extension_append_abs_deficit
musan-noise-sound-bible-0018,negative_silence_noise,unknown,3.683,validation,split_extension_append_abs_deficit
musan-noise-sound-bible-0019,negative_silence_noise,unknown,6.0,train,split_extension_append_abs_deficit
musan-noise-sound-bible-0020,negative_silence_noise,unknown,4.336,train,split_extension_append_abs_deficit
musan-noise-sound-bible-0021,negative_silence_noise,unknown,6.0,validation,split_extension_append_abs_deficit
musan-noise-sound-bible-0022,negative_silence_noise,unknown,4.153,train,split_extension_append_abs_deficit
musan-noise-sound-bible-0023,negative_silence_noise,unknown,2.56,test,split_extension_append_abs_deficit
musan-noise-sound-bible-0024,negative_silence_noise,unknown,2.455,train,split_extension_append_abs_deficit
musan-noise-sound-bible-0025,negative_silence_noise,unknown,5.537,train,split_extension_append_abs_deficit
musan-noise-sound-bible-0026,negative_silence_noise,unknown,0.653,test,split_extension_append_abs_deficit
musan-noise-sound-bible-0027,negative_silence_noise,unknown,3.004,validation,split_extension_append_abs_deficit
musan-noise-sound-bible-0028,negative_silence_noise,unknown,6.0,train,split_extension_append_abs_deficit
musan-noise-sound-bible-0029,negative_silence_noise,unknown,3.0041,train,split_extension_append_abs_deficit
musan-noise-sound-bible-0030,negative_silence_noise,unknown,6.0,test,split_extension_append_abs_deficit
musan-noise-sound-bible-0031,negative_silence_noise,unknown,6.0,train,split_extension_append_abs_deficit
musan-noise-sound-bible-0032,negative_silence_noise,unknown,6.0,train,split_extension_append_abs_deficit
musan-noise-sound-bible-0033,negative_silence_noise,unknown,6.0,train,split_extension_append_abs_deficit
musan-noise-sound-bible-0034,negative_silence_noise,unknown,6.0,train,split_extension_append_abs_deficit
musan-noise-sound-bible-0035,negative_silence_noise,unknown,6.0,train,split_extension_append_abs_deficit
musan-noise-sound-bible-0036,negative_silence_noise,unknown,6.0,train,split_extension_append_abs_deficit
musan-noise-sound-bible-0037,negative_silence_noise,unknown,1.044,validation,split_extension_append_abs_deficit
musan-noise-sound-bible-0038,negative_silence_noise,unknown,6.0,train,split_extension_append_abs_deficit
musan-noise-sound-bible-0039,negative_silence_noise,unknown,4.048,validation,split_extension_append_abs_deficit
musan-noise-sound-bible-0040,negative_silence_noise,unknown,6.0,train,split_extension_append_abs_deficit
musan-noise-sound-bible-0041,negative_silence_noise,unknown,2.638,train,split_extension_append_abs_deficit
musan-noise-sound-bible-0042,negative_silence_noise,unknown,6.0,test,split_extension_append_abs_deficit
musan-noise-sound-bible-0043,negative_silence_noise,unknown,6.0,train,split_extension_append_abs_deficit
musan-noise-sound-bible-0044,negative_silence_noise,unknown,6.0,train,split_extension_append_abs_deficit
musan-noise-sound-bible-0045,negative_silence_noise,unknown,6.0,train,split_extension_append_abs_deficit
musan-noise-sound-bible-0046,negative_silence_noise,unknown,0.8098,test,split_extension_append_abs_deficit
musan-noise-sound-bible-0047,negative_silence_noise,unknown,6.0,train,split_extension_append_abs_deficit
musan-noise-sound-bible-0048,negative_silence_noise,unknown,6.0,train,split_extension_append_abs_deficit
musan-noise-sound-bible-0049,negative_silence_noise,unknown,6.0,train,split_extension_append_abs_deficit
musan-noise-sound-bible-0050,negative_silence_noise,unknown,1.056,train,split_extension_append_abs_deficit
musan-noise-sound-bible-0051,negative_silence_noise,unknown,2.063,train,split_extension_append_abs_deficit
musan-noise-sound-bible-0052,negative_silence_noise,unknown,6.0,train,split_extension_append_abs_deficit
musan-noise-sound-bible-0053,negative_silence_noise,unknown,6.0,train,split_extension_append_abs_deficit
musan-noise-sound-bible-0054,negative_silence_noise,unknown,6.0,train,split_extension_append_abs_deficit
musan-noise-sound-bible-0055,negative_silence_noise,unknown,6.0,test,split_extension_append_abs_deficit
musan-noise-sound-bible-0056,negative_silence_noise,unknown,6.0,train,split_extension_append_abs_deficit
musan-noise-sound-bible-0057,negative_silence_noise,unknown,4.1796,test,split_extension_append_abs_deficit
musan-noise-sound-bible-0058,negative_silence_noise,unknown,1.332,validation,split_extension_append_abs_deficit
musan-noise-sound-bible-0059,negative_silence_noise,unknown,6.0,train,split_extension_append_abs_deficit
musan-noise-sound-bible-0060,negative_silence_noise,unknown,6.0,train,split_extension_append_abs_deficit
musan-noise-sound-bible-0061,negative_silence_noise,unknown,6.0,train,split_extension_append_abs_deficit
musan-noise-sound-bible-0062,negative_silence_noise,unknown,6.0,train,split_extension_append_abs_deficit
musan-noise-sound-bible-0063,negative_silence_noise,unknown,6.0,train,split_extension_append_abs_deficit
musan-noise-sound-bible-0064,negative_silence_noise,unknown,2.847,validation,split_extension_append_abs_deficit
musan-noise-sound-bible-0065,negative_silence_noise,unknown,6.0,train,split_extension_append_abs_deficit
musan-noise-sound-bible-0066,negative_silence_noise,unknown,2.716,train,split_extension_append_abs_deficit
musan-noise-sound-bible-0067,negative_silence_noise,unknown,6.0,train,split_extension_append_abs_deficit
musan-noise-sound-bible-0068,negative_silence_noise,unknown,5.784,train,split_extension_append_abs_deficit
musan-noise-sound-bible-0069,negative_silence_noise,unknown,1.175,test,split_extension_append_abs_deficit
musan-noise-sound-bible-0070,negative_silence_noise,unknown,2.063,train,split_extension_append_abs_deficit
musan-noise-sound-bible-0071,negative_silence_noise,unknown,4.049,validation,split_extension_append_abs_deficit
musan-noise-sound-bible-0072,negative_silence_noise,unknown,4.832,test,split_extension_append_abs_deficit
musan-noise-sound-bible-0073,negative_silence_noise,unknown,6.0,train,split_extension_append_abs_deficit
musan-noise-sound-bible-0074,negative_silence_noise,unknown,2.063,validation,split_extension_append_abs_deficit
musan-noise-sound-bible-0075,negative_silence_noise,unknown,6.0,train,split_extension_append_abs_deficit
musan-noise-sound-bible-0076,negative_silence_noise,unknown,6.0,train,split_extension_append_abs_deficit
musan-noise-sound-bible-0077,negative_silence_noise,unknown,5.146,train,split_extension_append_abs_deficit
musan-noise-sound-bible-0078,negative_silence_noise,unknown,6.0,train,split_extension_append_abs_deficit
musan-noise-sound-bible-0079,negative_silence_noise,unknown,6.0,train,split_extension_append_abs_deficit
musan-noise-sound-bible-0080,negative_silence_noise,unknown,4.702,train,split_extension_append_abs_deficit
musan-noise-sound-bible-0081,negative_silence_noise,unknown,6.0,train,split_extension_append_abs_deficit
musan-noise-sound-bible-0082,negative_silence_noise,unknown,3.604,validation,split_extension_append_abs_deficit
musan-noise-sound-bible-0083,negative_silence_noise,unknown,6.0,train,split_extension_append_abs_deficit
musan-noise-sound-bible-0084,negative_silence_noise,unknown,6.0,train,split_extension_append_abs_deficit
musan-noise-sound-bible-0085,negative_silence_noise,unknown,2.063,test,split_extension_append_abs_deficit
musan-noise-sound-bible-0086,negative_silence_noise,unknown,0.552,train,split_extension_append_abs_deficit
Manual-Fil-Macmic1,positive_wakeword,Macmic,30.4213,train,split_extension_greedy_abs_deficit
Manual-Fil-Macmic2,positive_wakeword,Macmic,37.888,train,split_extension_greedy_abs_deficit
Manual-Fil-Phonemic1,positive_wakeword,Phonemic,4.5867,test,split_extension_greedy_abs_deficit
Manual-Fil-Phonemic2,positive_wakeword,Phonemic,2.56,validation,split_extension_greedy_abs_deficit
Manual-Fil-Phonemic3,positive_wakeword,Phonemic,25.4293,train,split_extension_greedy_abs_deficit
Manual-Fil-RPI1,positive_wakeword,RPI,1.792,train,split_extension_greedy_abs_deficit
Manual-Fil-RPI10,positive_wakeword,RPI,1.5787,train,split_extension_greedy_abs_deficit
Manual-Fil-RPI11,positive_wakeword,RPI,1.4933,validation,split_extension_greedy_abs_deficit
Manual-Fil-RPI12,positive_wakeword,RPI,1.4827,train,split_extension_greedy_abs_deficit
Manual-Fil-RPI13,positive_wakeword,RPI,1.2373,validation,split_extension_greedy_abs_deficit
Manual-Fil-RPI14,positive_wakeword,RPI,1.4293,validation,split_extension_greedy_abs_deficit
Manual-Fil-RPI15,positive_wakeword,RPI,1.472,validation,split_extension_greedy_abs_deficit
Manual-Fil-RPI16,positive_wakeword,RPI,1.696,train,split_extension_greedy_abs_deficit
Manual-Fil-RPI17,positive_wakeword,RPI,1.8987,train,split_extension_greedy_abs_deficit
Manual-Fil-RPI18,positive_wakeword,RPI,1.9093,train,split_extension_greedy_abs_deficit
Manual-Fil-RPI19,positive_wakeword,RPI,1.1947,validation,split_extension_greedy_abs_deficit
Manual-Fil-RPI2,positive_wakeword,RPI,1.9413,train,split_extension_greedy_abs_deficit
Manual-Fil-RPI20,positive_wakeword,RPI,1.1307,test,split_extension_greedy_abs_deficit
Manual-Fil-RPI21,positive_wakeword,RPI,1.312,test,split_extension_greedy_abs_deficit
Manual-Fil-RPI22,positive_wakeword,RPI,1.3227,test,split_extension_greedy_abs_deficit
Manual-Fil-RPI23,positive_wakeword,RPI,13.536,train,split_extension_greedy_abs_deficit
Manual-Fil-RPI24,positive_wakeword,RPI,1.4613,test,split_extension_greedy_abs_deficit
Manual-Fil-RPI25,positive_wakeword,RPI,3.6907,train,split_extension_greedy_abs_deficit
Manual-Fil-RPI26,positive_wakeword,RPI,1.8027,train,split_extension_greedy_abs_deficit
Manual-Fil-RPI27,positive_wakeword,RPI,2.7307,train,split_extension_greedy_abs_deficit
Manual-Fil-RPI28,positive_wakeword,RPI,2.9653,train,split_extension_greedy_abs_deficit
Manual-Fil-RPI29,positive_wakeword,RPI,1.6533,validation,split_extension_greedy_abs_deficit
Manual-Fil-RPI3,positive_wakeword,RPI,1.568,validation,split_extension_greedy_abs_deficit
Manual-Fil-RPI30,positive_wakeword,RPI,1.696,train,split_extension_greedy_abs_deficit
Manual-Fil-RPI31,positive_wakeword,RPI,2.112,train,split_extension_greedy_abs_deficit
Manual-Fil-RPI32,positive_wakeword,RPI,2.1547,train,split_extension_greedy_abs_deficit
Manual-Fil-RPI33,positive_wakeword,RPI,1.5893,test,split_extension_greedy_abs_deficit
Manual-Fil-RPI34,positive_wakeword,RPI,1.7707,train,split_extension_greedy_abs_deficit
Manual-Fil-RPI35,positive_wakeword,RPI,1.8773,train,split_extension_greedy_abs_deficit
Manual-Fil-RPI36,positive_wakeword,RPI,1.664,train,split_extension_greedy_abs_deficit
Manual-Fil-RPI37,positive_wakeword,RPI,1.6853,train,split_extension_greedy_abs_deficit
Manual-Fil-RPI38,positive_wakeword,RPI,2.048,train,split_extension_greedy_abs_deficit
Manual-Fil-RPI39,positive_wakeword,RPI,2.2613,train,split_extension_greedy_abs_deficit
Manual-Fil-RPI4,positive_wakeword,RPI,1.3227,train,split_extension_greedy_abs_deficit
Manual-Fil-RPI40,positive_wakeword,RPI,1.8667,train,split_extension_greedy_abs_deficit
Manual-Fil-RPI41,positive_wakeword,RPI,2.6773,train,split_extension_greedy_abs_deficit
Manual-Fil-RPI42,positive_wakeword,RPI,1.6747,train,split_extension_greedy_abs_deficit
Manual-Fil-RPI43,positive_wakeword,RPI,1.6853,train,split_extension_greedy_abs_deficit
Manual-Fil-RPI44,positive_wakeword,RPI,2.3467,train,split_extension_greedy_abs_deficit
Manual-Fil-RPI45,positive_wakeword,RPI,1.5573,test,split_extension_greedy_abs_deficit
Manual-Fil-RPI46,positive_wakeword,RPI,2.496,train,split_extension_greedy_abs_deficit
Manual-Fil-RPI47,positive_wakeword,RPI,2.0907,train,split_extension_greedy_abs_deficit
Manual-Fil-RPI48,positive_wakeword,RPI,2.08,train,split_extension_greedy_abs_deficit
Manual-Fil-RPI49,positive_wakeword,RPI,1.9627,train,split_extension_greedy_abs_deficit
Manual-Fil-RPI5,positive_wakeword,RPI,1.6213,test,split_extension_greedy_abs_deficit
Manual-Fil-RPI50,positive_wakeword,RPI,2.1547,train,split_extension_greedy_abs_deficit
Manual-Fil-RPI51,positive_wakeword,RPI,1.856,train,split_extension_greedy_abs_deficit
Manual-Fil-RPI52,positive_wakeword,RPI,1.792,train,split_extension_greedy_abs_deficit
Manual-Fil-RPI53,positive_wakeword,RPI,1.856,train,split_extension_greedy_abs_deficit
Manual-Fil-RPI54,positive_wakeword,RPI,2.1013,train,split_extension_greedy_abs_deficit
Manual-Fil-RPI55,positive_wakeword,RPI,1.8027,train,split_extension_greedy_abs_deficit
Manual-Fil-RPI56,positive_wakeword,RPI,1.5573,train,split_extension_greedy_abs_deficit
Manual-Fil-RPI57,positive_wakeword,RPI,1.9733,train,split_extension_greedy_abs_deficit
Manual-Fil-RPI58,positive_wakeword,RPI,1.664,train,split_extension_greedy_abs_deficit
Manual-Fil-RPI59,positive_wakeword,RPI,1.92,train,split_extension_greedy_abs_deficit
Manual-Fil-RPI6,positive_wakeword,RPI,1.3867,validation,split_extension_greedy_abs_deficit
Manual-Fil-RPI60,positive_wakeword,RPI,1.5787,validation,split_extension_greedy_abs_deficit
Manual-Fil-RPI61,positive_wakeword,RPI,1.8987,train,split_extension_greedy_abs_deficit
Manual-Fil-RPI62,positive_wakeword,RPI,1.44,train,split_extension_greedy_abs_deficit
Manual-Fil-RPI63,positive_wakeword,RPI,1.5893,train,split_extension_greedy_abs_deficit
Manual-Fil-RPI64,positive_wakeword,RPI,1.4293,test,split_extension_greedy_abs_deficit
Manual-Fil-RPI65,positive_wakeword,RPI,27.4133,train,split_extension_append_abs_deficit
Manual-Fil-RPI66,positive_wakeword,RPI,19.2427,train,split_extension_append_abs_deficit
Manual-Fil-RPI67,positive_wakeword,RPI,35.4133,train,split_extension_append_abs_deficit
Manual-Fil-RPI68,positive_wakeword,RPI,25.0987,test,split_extension_append_abs_deficit
Manual-Fil-RPI69,positive_wakeword,RPI,115.0293,train,split_extension_append_abs_deficit
Manual-Fil-RPI7,positive_wakeword,RPI,1.216,train,split_extension_greedy_abs_deficit
Manual-Fil-RPI70,positive_wakeword,RPI,31.84,train,split_extension_append_abs_deficit
Manual-Fil-RPI71,positive_wakeword,RPI,35.7227,train,split_extension_append_abs_deficit
Manual-Fil-RPI73,positive_wakeword,RPI,26.816,train,split_extension_append_abs_deficit
Manual-Fil-RPI74,positive_wakeword,RPI,5.2907,validation,split_extension_append_abs_deficit
Manual-Fil-RPI75,positive_wakeword,RPI,9.6747,test,split_extension_append_abs_deficit
Manual-Fil-RPI76,positive_wakeword,RPI,24.5333,validation,split_extension_append_abs_deficit
Manual-Fil-RPI77,positive_wakeword,RPI,12.0853,train,split_extension_append_abs_deficit
Manual-Fil-RPI78,positive_wakeword,RPI,11.296,validation,split_extension_append_abs_deficit
Manual-Fil-RPI79,positive_wakeword,RPI,8.7467,train,split_extension_append_abs_deficit
Manual-Fil-RPI8,positive_wakeword,RPI,1.3867,train,split_extension_greedy_abs_deficit
Manual-Fil-RPI80,positive_wakeword,RPI,29.2373,train,split_extension_append_abs_deficit
Manual-Fil-RPI81,positive_wakeword,RPI,4.48,train,split_extension_append_abs_deficit
Manual-Fil-RPI82,positive_wakeword,RPI,7.0507,test,split_extension_append_abs_deficit
Manual-Fil-RPI9,positive_wakeword,RPI,1.568,test,split_extension_greedy_abs_deficit
en_GB-aru-medium-spk0,positive_wakeword,unknown,3.6455,train,split_extension_append_abs_deficit
en_GB-aru-medium-spk1,positive_wakeword,unknown,3.7732,train,split_extension_append_abs_deficit
en_GB-aru-medium-spk10,positive_wakeword,unknown,2.055,validation,split_extension_append_abs_deficit
en_GB-aru-medium-spk11,positive_wakeword,unknown,3.2044,train,split_extension_append_abs_deficit
en_GB-aru-medium-spk2,positive_wakeword,unknown,3.0302,train,split_extension_append_abs_deficit
en_GB-aru-medium-spk3,positive_wakeword,unknown,5.3058,train,split_extension_append_abs_deficit
en_GB-aru-medium-spk4,positive_wakeword,unknown,2.1711,validation,split_extension_append_abs_deficit
en_GB-aru-medium-spk5,positive_wakeword,unknown,2.6471,train,split_extension_append_abs_deficit
en_GB-aru-medium-spk6,positive_wakeword,unknown,2.9373,train,split_extension_append_abs_deficit
en_GB-aru-medium-spk7,positive_wakeword,unknown,3.007,train,split_extension_append_abs_deficit
en_GB-aru-medium-spk8,positive_wakeword,unknown,2.4961,test,split_extension_append_abs_deficit
en_GB-aru-medium-spk9,positive_wakeword,unknown,5.805,train,split_extension_append_abs_deficit
en_GB-cori-medium-spk0,positive_wakeword,unknown,3.6571,train,split_extension_append_abs_deficit
en_GB-jenny_dioco-medium-spk0,positive_wakeword,unknown,3.2276,train,split_extension_append_abs_deficit
en_GB-northern_english_male-medium-spk0,positive_wakeword,unknown,3.2972,train,split_extension_append_abs_deficit
en_GB-semaine-medium-spk1,positive_wakeword,unknown,4.5976,train,split_extension_append_abs_deficit
en_GB-semaine-medium-spk2,positive_wakeword,unknown,3.4714,train,split_extension_append_abs_deficit
en_GB-semaine-medium-spk3,positive_wakeword,unknown,5.1432,train,split_extension_append_abs_deficit
en_GB-southern_english_female-low-spk0,positive_wakeword,unknown,4.448,train,split_extension_append_abs_deficit
en_GB-vctk-medium-spk0,positive_wakeword,unknown,2.1362,test,split_extension_append_abs_deficit
en_GB-vctk-medium-spk1,positive_wakeword,unknown,3.4017,train,split_extension_append_abs_deficit
en_GB-vctk-medium-spk10,positive_wakeword,unknown,4.2957,train,split_extension_append_abs_deficit
en_GB-vctk-medium-spk101,positive_wakeword,unknown,2.6471,test,split_extension_append_abs_deficit
en_GB-vctk-medium-spk102,positive_wakeword,unknown,3.4714,train,split_extension_append_abs_deficit
en_GB-vctk-medium-spk103,positive_wakeword,unknown,3.7384,train,split_extension_append_abs_deficit
en_GB-vctk-medium-spk104,positive_wakeword,unknown,2.1827,train,split_extension_append_abs_deficit
en_GB-vctk-medium-spk105,positive_wakeword,unknown,3.1347,train,split_extension_append_abs_deficit
en_GB-vctk-medium-spk106,positive_wakeword,unknown,3.3205,train,split_extension_append_abs_deficit
en_GB-vctk-medium-spk107,positive_wakeword,unknown,3.274,train,split_extension_append_abs_deficit
en_GB-vctk-medium-spk108,positive_wakeword,unknown,1.7531,train,split_extension_append_abs_deficit
en_GB-vctk-medium-spk11,positive_wakeword,unknown,3.5527,train,split_extension_append_abs_deficit
en_GB-vctk-medium-spk12,positive_wakeword,unknown,3.7732,train,split_extension_append_abs_deficit
en_GB-vctk-medium-spk14,positive_wakeword,unknown,2.9025,train,split_extension_append_abs_deficit
en_GB-vctk-medium-spk15,positive_wakeword,unknown,2.1362,train,split_extension_append_abs_deficit
en_GB-vctk-medium-spk16,positive_wakeword,unknown,3.6455,train,split_extension_append_abs_deficit
en_GB-vctk-medium-spk18,positive_wakeword,unknown,1.8808,test,split_extension_append_abs_deficit
en_GB-vctk-medium-spk19,positive_wakeword,unknown,2.9722,train,split_extension_append_abs_deficit
en_GB-vctk-medium-spk20,positive_wakeword,unknown,2.8444,train,split_extension_append_abs_deficit
en_GB-vctk-medium-spk21,positive_wakeword,unknown,2.5774,train,split_extension_append_abs_deficit
en_GB-vctk-medium-spk22,positive_wakeword,unknown,2.74,test,split_extension_append_abs_deficit
en_GB-vctk-medium-spk23,positive_wakeword,unknown,3.3321,train,split_extension_append_abs_deficit
en_GB-vctk-medium-spk24,positive_wakeword,unknown,3.0302,train,split_extension_append_abs_deficit
en_GB-vctk-medium-spk25,positive_wakeword,unknown,3.1231,train,split_extension_append_abs_deficit
en_GB-vctk-medium-spk26,positive_wakeword,unknown,3.065,train,split_extension_append_abs_deficit
en_GB-vctk-medium-spk27,positive_wakeword,unknown,3.1115,train,split_extension_append_abs_deficit
en_GB-vctk-medium-spk28,positive_wakeword,unknown,2.6471,test,split_extension_append_abs_deficit
en_GB-vctk-medium-spk29,positive_wakeword,unknown,2.8444,train,split_extension_append_abs_deficit
en_GB-vctk-medium-spk30,positive_wakeword,unknown,3.1579,train,split_extension_append_abs_deficit
en_GB-vctk-medium-spk31,positive_wakeword,unknown,2.7632,train,split_extension_append_abs_deficit
en_GB-vctk-medium-spk32,positive_wakeword,unknown,2.7283,train,split_extension_append_abs_deficit
en_GB-vctk-medium-spk33,positive_wakeword,unknown,2.5542,validation,split_extension_append_abs_deficit
en_GB-vctk-medium-spk35,positive_wakeword,unknown,3.6455,train,split_extension_append_abs_deficit
en_GB-vctk-medium-spk36,positive_wakeword,unknown,3.2044,train,split_extension_append_abs_deficit
en_GB-vctk-medium-spk37,positive_wakeword,unknown,2.2988,validation,split_extension_append_abs_deficit
en_GB-vctk-medium-spk38,positive_wakeword,unknown,2.9025,train,split_extension_append_abs_deficit
en_GB-vctk-medium-spk4,positive_wakeword,unknown,3.3553,train,split_extension_append_abs_deficit
en_GB-vctk-medium-spk40,positive_wakeword,unknown,3.2856,train,split_extension_append_abs_deficit
en_GB-vctk-medium-spk41,positive_wakeword,unknown,3.274,train,split_extension_append_abs_deficit
en_GB-vctk-medium-spk42,positive_wakeword,unknown,2.4497,validation,split_extension_append_abs_deficit
en_GB-vctk-medium-spk43,positive_wakeword,unknown,2.7516,validation,split_extension_append_abs_deficit
en_GB-vctk-medium-spk44,positive_wakeword,unknown,3.6804,train,split_extension_append_abs_deficit
en_GB-vctk-medium-spk45,positive_wakeword,unknown,3.6804,train,split_extension_append_abs_deficit
en_GB-vctk-medium-spk47,positive_wakeword,unknown,3.0999,train,split_extension_append_abs_deficit
en_GB-vctk-medium-spk48,positive_wakeword,unknown,3.2624,train,split_extension_append_abs_deficit
en_GB-vctk-medium-spk49,positive_wakeword,unknown,2.5774,validation,split_extension_append_abs_deficit
en_GB-vctk-medium-spk5,positive_wakeword,unknown,2.1595,train,split_extension_append_abs_deficit
en_GB-vctk-medium-spk50,positive_wakeword,unknown,2.4961,validation,split_extension_append_abs_deficit
en_GB-vctk-medium-spk51,positive_wakeword,unknown,2.9838,train,split_extension_append_abs_deficit
en_GB-vctk-medium-spk52,positive_wakeword,unknown,2.6006,train,split_extension_append_abs_deficit
en_GB-vctk-medium-spk54,positive_wakeword,unknown,3.4249,train,split_extension_append_abs_deficit
en_GB-vctk-medium-spk56,positive_wakeword,unknown,3.2044,train,split_extension_append_abs_deficit
en_GB-vctk-medium-spk57,positive_wakeword,unknown,3.7965,train,split_extension_append_abs_deficit
en_GB-vctk-medium-spk58,positive_wakeword,unknown,2.6819,train,split_extension_append_abs_deficit
en_GB-vctk-medium-spk59,positive_wakeword,unknown,2.0898,train,split_extension_append_abs_deficit
en_GB-vctk-medium-spk6,positive_wakeword,unknown,2.5194,train,split_extension_append_abs_deficit
en_GB-vctk-medium-spk60,positive_wakeword,unknown,2.2988,train,split_extension_append_abs_deficit
en_GB-vctk-medium-spk61,positive_wakeword,unknown,3.2392,train,split_extension_append_abs_deficit
en_GB-vctk-medium-spk62,positive_wakeword,unknown,2.3684,validation,split_extension_append_abs_deficit
en_GB-vctk-medium-spk64,positive_wakeword,unknown,3.5991,train,split_extension_append_abs_deficit
en_GB-vctk-medium-spk65,positive_wakeword,unknown,2.6587,test,split_extension_append_abs_deficit
en_GB-vctk-medium-spk66,positive_wakeword,unknown,3.5062,train,split_extension_append_abs_deficit
en_GB-vctk-medium-spk68,positive_wakeword,unknown,2.0782,test,split_extension_append_abs_deficit
en_GB-vctk-medium-spk69,positive_wakeword,unknown,3.1579,train,split_extension_append_abs_deficit
en_GB-vctk-medium-spk7,positive_wakeword,unknown,2.6935,validation,split_extension_append_abs_deficit
en_GB-vctk-medium-spk70,positive_wakeword,unknown,2.8909,train,split_extension_append_abs_deficit
en_GB-vctk-medium-spk71,positive_wakeword,unknown,3.0999,train,split_extension_append_abs_deficit
en_GB-vctk-medium-spk72,positive_wakeword,unknown,3.541,train,split_extension_append_abs_deficit
en_GB-vctk-medium-spk73,positive_wakeword,unknown,2.8212,train,split_extension_append_abs_deficit
en_GB-vctk-medium-spk74,positive_wakeword,unknown,3.5527,train,split_extension_append_abs_deficit
en_GB-vctk-medium-spk75,positive_wakeword,unknown,3.1811,train,split_extension_append_abs_deficit
en_GB-vctk-medium-spk76,positive_wakeword,unknown,3.4946,train,split_extension_append_abs_deficit
en_GB-vctk-medium-spk77,positive_wakeword,unknown,3.3901,train,split_extension_append_abs_deficit
en_GB-vctk-medium-spk78,positive_wakeword,unknown,2.1943,test,split_extension_append_abs_deficit
en_GB-vctk-medium-spk79,positive_wakeword,unknown,3.0302,train,split_extension_append_abs_deficit
en_GB-vctk-medium-spk80,positive_wakeword,unknown,2.9722,train,split_extension_append_abs_deficit
en_GB-vctk-medium-spk81,positive_wakeword,unknown,3.7036,train,split_extension_append_abs_deficit
en_GB-vctk-medium-spk82,positive_wakeword,unknown,2.0434,test,split_extension_append_abs_deficit
en_GB-vctk-medium-spk83,positive_wakeword,unknown,4.1796,train,split_extension_append_abs_deficit
en_GB-vctk-medium-spk84,positive_wakeword,unknown,1.9853,validation,split_extension_append_abs_deficit
en_GB-vctk-medium-spk85,positive_wakeword,unknown,4.1796,train,split_extension_append_abs_deficit
en_GB-vctk-medium-spk87,positive_wakeword,unknown,2.4845,train,split_extension_append_abs_deficit
en_GB-vctk-medium-spk88,positive_wakeword,unknown,5.7934,train,split_extension_append_abs_deficit
en_GB-vctk-medium-spk89,positive_wakeword,unknown,2.9722,train,split_extension_append_abs_deficit
en_GB-vctk-medium-spk9,positive_wakeword,unknown,4.0287,train,split_extension_append_abs_deficit
en_GB-vctk-medium-spk90,positive_wakeword,unknown,3.4598,train,split_extension_append_abs_deficit
en_GB-vctk-medium-spk91,positive_wakeword,unknown,2.2059,train,split_extension_append_abs_deficit
en_GB-vctk-medium-spk92,positive_wakeword,unknown,2.5078,train,split_extension_append_abs_deficit
en_GB-vctk-medium-spk93,positive_wakeword,unknown,2.5078,validation,split_extension_append_abs_deficit
en_GB-vctk-medium-spk94,positive_wakeword,unknown,2.2872,train,split_extension_append_abs_deficit
en_GB-vctk-medium-spk95,positive_wakeword,unknown,3.5875,train,split_extension_append_abs_deficit
en_GB-vctk-medium-spk96,positive_wakeword,unknown,1.8576,validation,split_extension_append_abs_deficit
en_GB-vctk-medium-spk97,positive_wakeword,unknown,4.6904,train,split_extension_append_abs_deficit
en_GB-vctk-medium-spk98,positive_wakeword,unknown,2.5542,test,split_extension_append_abs_deficit
en_US-arctic-medium-spk1,positive_wakeword,unknown,3.901,train,split_extension_append_abs_deficit
en_US-arctic-medium-spk10,positive_wakeword,unknown,4.4582,train,split_extension_append_abs_deficit
en_US-arctic-medium-spk11,positive_wakeword,unknown,3.4598,train,split_extension_append_abs_deficit
en_US-arctic-medium-spk12,positive_wakeword,unknown,2.6587,train,split_extension_append_abs_deficit
en_US-arctic-medium-spk13,positive_wakeword,unknown,3.065,train,split_extension_append_abs_deficit
en_US-arctic-medium-spk14,positive_wakeword,unknown,3.4017,train,split_extension_append_abs_deficit
en_US-arctic-medium-spk15,positive_wakeword,unknown,3.4249,train,split_extension_append_abs_deficit
en_US-arctic-medium-spk16,positive_wakeword,unknown,3.7732,train,split_extension_append_abs_deficit
en_US-arctic-medium-spk17,positive_wakeword,unknown,3.8777,train,split_extension_append_abs_deficit
en_US-arctic-medium-spk2,positive_wakeword,unknown,3.9126,train,split_extension_append_abs_deficit
en_US-arctic-medium-spk3,positive_wakeword,unknown,3.8777,train,split_extension_append_abs_deficit
en_US-arctic-medium-spk4,positive_wakeword,unknown,3.8661,train,split_extension_append_abs_deficit
en_US-arctic-medium-spk5,positive_wakeword,unknown,3.541,train,split_extension_append_abs_deficit
en_US-arctic-medium-spk6,positive_wakeword,unknown,3.6571,train,split_extension_append_abs_deficit
en_US-arctic-medium-spk7,positive_wakeword,unknown,2.5194,test,split_extension_append_abs_deficit
en_US-arctic-medium-spk8,positive_wakeword,unknown,2.8328,train,split_extension_append_abs_deficit
en_US-arctic-medium-spk9,positive_wakeword,unknown,3.3901,train,split_extension_append_abs_deficit
en_US-bryce-medium-spk0,positive_wakeword,unknown,4.6672,train,split_extension_append_abs_deficit
en_US-danny-low-spk0,positive_wakeword,unknown,4.112,train,split_extension_append_abs_deficit
en_US-hfc_female-medium-spk0,positive_wakeword,unknown,3.1231,train,split_extension_append_abs_deficit
en_US-hfc_male-medium-spk0,positive_wakeword,unknown,3.8545,train,split_extension_append_abs_deficit
en_US-joe-medium-spk0,positive_wakeword,unknown,3.3088,train,split_extension_append_abs_deficit
en_US-john-medium-spk0,positive_wakeword,unknown,4.6556,train,split_extension_append_abs_deficit
en_US-kathleen-low-spk0,positive_wakeword,unknown,3.136,train,split_extension_append_abs_deficit
en_US-kristin-medium-spk0,positive_wakeword,unknown,3.6339,train,split_extension_append_abs_deficit
en_US-kusal-medium-spk0,positive_wakeword,unknown,3.3669,train,split_extension_append_abs_deficit
en_US-l2arctic-medium-spk0,positive_wakeword,unknown,2.8677,train,split_extension_append_abs_deficit
en_US-l2arctic-medium-spk11,positive_wakeword,unknown,2.0782,validation,split_extension_append_abs_deficit
en_US-l2arctic-medium-spk12,positive_wakeword,unknown,3.3088,train,split_extension_append_abs_deficit
en_US-l2arctic-medium-spk13,positive_wakeword,unknown,2.7051,test,split_extension_append_abs_deficit
en_US-l2arctic-medium-spk14,positive_wakeword,unknown,2.8096,train,split_extension_append_abs_deficit
en_US-l2arctic-medium-spk18,positive_wakeword,unknown,2.0201,validation,split_extension_append_abs_deficit
en_US-l2arctic-medium-spk19,positive_wakeword,unknown,2.055,train,split_extension_append_abs_deficit
en_US-l2arctic-medium-spk20,positive_wakeword,unknown,2.7167,validation,split_extension_append_abs_deficit
en_US-l2arctic-medium-spk22,positive_wakeword,unknown,2.4729,train,split_extension_append_abs_deficit
en_US-l2arctic-medium-spk3,positive_wakeword,unknown,3.2624,train,split_extension_append_abs_deficit
en_US-l2arctic-medium-spk5,positive_wakeword,unknown,2.5658,train,split_extension_append_abs_deficit
en_US-l2arctic-medium-spk8,positive_wakeword,unknown,2.1595,validation,split_extension_append_abs_deficit
en_US-libritts_r-medium-spk0,positive_wakeword,unknown,3.0534,train,split_extension_append_abs_deficit
en_US-libritts_r-medium-spk1,positive_wakeword,unknown,2.6587,validation,split_extension_append_abs_deficit
en_US-libritts_r-medium-spk103,positive_wakeword,unknown,3.0302,train,split_extension_append_abs_deficit
en_US-libritts_r-medium-spk107,positive_wakeword,unknown,3.2044,train,split_extension_append_abs_deficit
en_US-libritts_r-medium-spk108,positive_wakeword,unknown,2.3684,train,split_extension_append_abs_deficit
en_US-libritts_r-medium-spk113,positive_wakeword,unknown,3.1115,train,split_extension_append_abs_deficit
en_US-libritts_r-medium-spk122,positive_wakeword,unknown,2.9257,train,split_extension_append_abs_deficit
en_US-libritts_r-medium-spk127,positive_wakeword,unknown,2.0898,validation,split_extension_append_abs_deficit
en_US-libritts_r-medium-spk131,positive_wakeword,unknown,3.4482,train,split_extension_append_abs_deficit
en_US-libritts_r-medium-spk134,positive_wakeword,unknown,2.7864,test,split_extension_append_abs_deficit
en_US-libritts_r-medium-spk136,positive_wakeword,unknown,3.2856,train,split_extension_append_abs_deficit
en_US-libritts_r-medium-spk139,positive_wakeword,unknown,2.8444,train,split_extension_append_abs_deficit
en_US-libritts_r-medium-spk14,positive_wakeword,unknown,2.9141,train,split_extension_append_abs_deficit
en_US-libritts_r-medium-spk146,positive_wakeword,unknown,1.6254,validation,split_extension_append_abs_deficit
en_US-libritts_r-medium-spk150,positive_wakeword,unknown,3.6571,train,split_extension_append_abs_deficit
en_US-libritts_r-medium-spk154,positive_wakeword,unknown,3.3553,train,split_extension_append_abs_deficit
en_US-libritts_r-medium-spk159,positive_wakeword,unknown,2.4729,test,split_extension_append_abs_deficit
en_US-libritts_r-medium-spk165,positive_wakeword,unknown,2.38,test,split_extension_append_abs_deficit
en_US-libritts_r-medium-spk17,positive_wakeword,unknown,3.2392,train,split_extension_append_abs_deficit
en_US-libritts_r-medium-spk175,positive_wakeword,unknown,3.1231,train,split_extension_append_abs_deficit
en_US-libritts_r-medium-spk180,positive_wakeword,unknown,2.1362,validation,split_extension_append_abs_deficit
en_US-libritts_r-medium-spk181,positive_wakeword,unknown,2.8444,train,split_extension_append_abs_deficit
en_US-libritts_r-medium-spk184,positive_wakeword,unknown,2.3452,train,split_extension_append_abs_deficit
en_US-libritts_r-medium-spk191,positive_wakeword,unknown,1.9156,validation,split_extension_append_abs_deficit
en_US-libritts_r-medium-spk192,positive_wakeword,unknown,2.1711,train,split_extension_append_abs_deficit
en_US-libritts_r-medium-spk193,positive_wakeword,unknown,2.9373,train,split_extension_append_abs_deficit
en_US-libritts_r-medium-spk194,positive_wakeword,unknown,2.798,train,split_extension_append_abs_deficit
en_US-libritts_r-medium-spk195,positive_wakeword,unknown,2.9722,train,split_extension_append_abs_deficit
en_US-libritts_r-medium-spk199,positive_wakeword,unknown,2.4497,test,split_extension_append_abs_deficit
en_US-libritts_r-medium-spk20,positive_wakeword,unknown,3.8197,train,split_extension_append_abs_deficit
en_US-libritts_r-medium-spk201,positive_wakeword,unknown,2.7167,validation,split_extension_append_abs_deficit
en_US-libritts_r-medium-spk202,positive_wakeword,unknown,3.7152,train,split_extension_append_abs_deficit
en_US-libritts_r-medium-spk205,positive_wakeword,unknown,3.6804,train,split_extension_append_abs_deficit
en_US-libritts_r-medium-spk211,positive_wakeword,unknown,2.4729,validation,split_extension_append_abs_deficit
en_US-libritts_r-medium-spk212,positive_wakeword,unknown,2.8909,train,split_extension_append_abs_deficit
en_US-libritts_r-medium-spk220,positive_wakeword,unknown,3.0883,train,split_extension_append_abs_deficit
en_US-libritts_r-medium-spk221,positive_wakeword,unknown,3.274,train,split_extension_append_abs_deficit
en_US-libritts_r-medium-spk223,positive_wakeword,unknown,3.6455,train,split_extension_append_abs_deficit
en_US-libritts_r-medium-spk225,positive_wakeword,unknown,2.7864,train,split_extension_append_abs_deficit
en_US-libritts_r-medium-spk226,positive_wakeword,unknown,2.6703,validation,split_extension_append_abs_deficit
en_US-libritts_r-medium-spk229,positive_wakeword,unknown,3.8313,train,split_extension_append_abs_deficit
en_US-libritts_r-medium-spk233,positive_wakeword,unknown,1.9737,test,split_extension_append_abs_deficit
en_US-libritts_r-medium-spk235,positive_wakeword,unknown,2.9605,train,split_extension_append_abs_deficit
en_US-libritts_r-medium-spk236,positive_wakeword,unknown,2.1595,test,split_extension_append_abs_deficit
en_US-libritts_r-medium-spk240,positive_wakeword,unknown,3.1347,train,split_extension_append_abs_deficit
en_US-libritts_r-medium-spk242,positive_wakeword,unknown,2.3452,validation,split_extension_append_abs_deficit
en_US-libritts_r-medium-spk244,positive_wakeword,unknown,2.322,validation,split_extension_append_abs_deficit
en_US-libritts_r-medium-spk248,positive_wakeword,unknown,2.9605,train,split_extension_append_abs_deficit
en_US-libritts_r-medium-spk250,positive_wakeword,unknown,3.4249,train,split_extension_append_abs_deficit
en_US-libritts_r-medium-spk253,positive_wakeword,unknown,3.2392,train,split_extension_append_abs_deficit
en_US-libritts_r-medium-spk261,positive_wakeword,unknown,3.1579,train,split_extension_append_abs_deficit
en_US-libritts_r-medium-spk266,positive_wakeword,unknown,2.1246,test,split_extension_append_abs_deficit
en_US-libritts_r-medium-spk267,positive_wakeword,unknown,2.9605,train,split_extension_append_abs_deficit
en_US-libritts_r-medium-spk273,positive_wakeword,unknown,1.9737,train,split_extension_append_abs_deficit
en_US-libritts_r-medium-spk279,positive_wakeword,unknown,3.1231,train,split_extension_append_abs_deficit
en_US-libritts_r-medium-spk28,positive_wakeword,unknown,2.2175,test,split_extension_append_abs_deficit
en_US-libritts_r-medium-spk285,positive_wakeword,unknown,2.6471,validation,split_extension_append_abs_deficit
en_US-libritts_r-medium-spk286,positive_wakeword,unknown,2.3452,validation,split_extension_append_abs_deficit
en_US-libritts_r-medium-spk29,positive_wakeword,unknown,2.7051,train,split_extension_append_abs_deficit
en_US-libritts_r-medium-spk290,positive_wakeword,unknown,3.1463,train,split_extension_append_abs_deficit
en_US-libritts_r-medium-spk293,positive_wakeword,unknown,3.0534,train,split_extension_append_abs_deficit
en_US-libritts_r-medium-spk30,positive_wakeword,unknown,2.8793,train,split_extension_append_abs_deficit
en_US-libritts_r-medium-spk302,positive_wakeword,unknown,2.6587,test,split_extension_append_abs_deficit
en_US-libritts_r-medium-spk314,positive_wakeword,unknown,2.9489,train,split_extension_append_abs_deficit
en_US-libritts_r-medium-spk319,positive_wakeword,unknown,2.6355,train,split_extension_append_abs_deficit
en_US-libritts_r-medium-spk321,positive_wakeword,unknown,3.3901,train,split_extension_append_abs_deficit
en_US-libritts_r-medium-spk322,positive_wakeword,unknown,2.0085,train,split_extension_append_abs_deficit
en_US-libritts_r-medium-spk323,positive_wakeword,unknown,3.1695,train,split_extension_append_abs_deficit
en_US-libritts_r-medium-spk324,positive_wakeword,unknown,2.2407,train,split_extension_append_abs_deficit
en_US-libritts_r-medium-spk334,positive_wakeword,unknown,4.0751,train,split_extension_append_abs_deficit
en_US-libritts_r-medium-spk336,positive_wakeword,unknown,3.1463,train,split_extension_append_abs_deficit
en_US-libritts_r-medium-spk337,positive_wakeword,unknown,2.3452,test,split_extension_append_abs_deficit
en_US-libritts_r-medium-spk34,positive_wakeword,unknown,2.6471,train,split_extension_append_abs_deficit
en_US-libritts_r-medium-spk344,positive_wakeword,unknown,3.1811,train,split_extension_append_abs_deficit
en_US-libritts_r-medium-spk348,positive_wakeword,unknown,3.3669,train,split_extension_append_abs_deficit
en_US-libritts_r-medium-spk354,positive_wakeword,unknown,3.3901,train,split_extension_append_abs_deficit
en_US-libritts_r-medium-spk355,positive_wakeword,unknown,2.7283,test,split_extension_append_abs_deficit
en_US-libritts_r-medium-spk357,positive_wakeword,unknown,3.2624,train,split_extension_append_abs_deficit
en_US-libritts_r-medium-spk361,positive_wakeword,unknown,1.6254,test,split_extension_append_abs_deficit
en_US-libritts_r-medium-spk364,positive_wakeword,unknown,2.0666,train,split_extension_append_abs_deficit
en_US-libritts_r-medium-spk373,positive_wakeword,unknown,3.1695,train,split_extension_append_abs_deficit
en_US-libritts_r-medium-spk375,positive_wakeword,unknown,3.1927,train,split_extension_append_abs_deficit
en_US-libritts_r-medium-spk377,positive_wakeword,unknown,2.74,train,split_extension_append_abs_deficit
en_US-libritts_r-medium-spk390,positive_wakeword,unknown,3.5643,train,split_extension_append_abs_deficit
en_US-libritts_r-medium-spk391,positive_wakeword,unknown,2.8677,train,split_extension_append_abs_deficit
en_US-libritts_r-medium-spk401,positive_wakeword,unknown,3.3901,train,split_extension_append_abs_deficit
en_US-libritts_r-medium-spk405,positive_wakeword,unknown,3.1579,train,split_extension_append_abs_deficit
en_US-libritts_r-medium-spk406,positive_wakeword,unknown,2.4729,validation,split_extension_append_abs_deficit
en_US-libritts_r-medium-spk409,positive_wakeword,unknown,2.9373,train,split_extension_append_abs_deficit
en_US-libritts_r-medium-spk413,positive_wakeword,unknown,3.7732,train,split_extension_append_abs_deficit
en_US-libritts_r-medium-spk416,positive_wakeword,unknown,2.6239,validation,split_extension_append_abs_deficit
en_US-libritts_r-medium-spk421,positive_wakeword,unknown,2.1711,test,split_extension_append_abs_deficit
en_US-libritts_r-medium-spk428,positive_wakeword,unknown,2.531,test,split_extension_append_abs_deficit
en_US-libritts_r-medium-spk443,positive_wakeword,unknown,3.0766,train,split_extension_append_abs_deficit
en_US-libritts_r-medium-spk444,positive_wakeword,unknown,2.7864,test,split_extension_append_abs_deficit
en_US-libritts_r-medium-spk448,positive_wakeword,unknown,2.6587,train,split_extension_append_abs_deficit
en_US-libritts_r-medium-spk459,positive_wakeword,unknown,2.7283,test,split_extension_append_abs_deficit
en_US-libritts_r-medium-spk460,positive_wakeword,unknown,2.8909,train,split_extension_append_abs_deficit
en_US-libritts_r-medium-spk462,positive_wakeword,unknown,3.1347,train,split_extension_append_abs_deficit
en_US-libritts_r-medium-spk476,positive_wakeword,unknown,3.3321,train,split_extension_append_abs_deficit
en_US-libritts_r-medium-spk48,positive_wakeword,unknown,3.0999,train,split_extension_append_abs_deficit
en_US-libritts_r-medium-spk481,positive_wakeword,unknown,3.4946,train,split_extension_append_abs_deficit
en_US-libritts_r-medium-spk484,positive_wakeword,unknown,2.6703,test,split_extension_append_abs_deficit
en_US-libritts_r-medium-spk49,positive_wakeword,unknown,3.3785,train,split_extension_append_abs_deficit
en_US-libritts_r-medium-spk490,positive_wakeword,unknown,3.0186,train,split_extension_append_abs_deficit
en_US-libritts_r-medium-spk492,positive_wakeword,unknown,2.3684,test,split_extension_append_abs_deficit
en_US-libritts_r-medium-spk5,positive_wakeword,unknown,2.7283,validation,split_extension_append_abs_deficit
en_US-libritts_r-medium-spk501,positive_wakeword,unknown,2.4613,train,split_extension_append_abs_deficit
en_US-libritts_r-medium-spk506,positive_wakeword,unknown,1.8576,test,split_extension_append_abs_deficit
en_US-libritts_r-medium-spk508,positive_wakeword,unknown,2.5426,train,split_extension_append_abs_deficit
en_US-libritts_r-medium-spk51,positive_wakeword,unknown,2.5194,train,split_extension_append_abs_deficit
en_US-libritts_r-medium-spk510,positive_wakeword,unknown,3.274,train,split_extension_append_abs_deficit
en_US-libritts_r-medium-spk514,positive_wakeword,unknown,2.6935,test,split_extension_append_abs_deficit
en_US-libritts_r-medium-spk516,positive_wakeword,unknown,2.2988,test,split_extension_append_abs_deficit
en_US-libritts_r-medium-spk52,positive_wakeword,unknown,2.4729,test,split_extension_append_abs_deficit
en_US-libritts_r-medium-spk525,positive_wakeword,unknown,3.0766,train,split_extension_append_abs_deficit
en_US-libritts_r-medium-spk530,positive_wakeword,unknown,3.7036,train,split_extension_append_abs_deficit
en_US-libritts_r-medium-spk540,positive_wakeword,unknown,3.1115,train,split_extension_append_abs_deficit
en_US-libritts_r-medium-spk541,positive_wakeword,unknown,1.8692,train,split_extension_append_abs_deficit
en_US-libritts_r-medium-spk546,positive_wakeword,unknown,2.8561,train,split_extension_append_abs_deficit
en_US-libritts_r-medium-spk548,positive_wakeword,unknown,3.0999,train,split_extension_append_abs_deficit
en_US-libritts_r-medium-spk55,positive_wakeword,unknown,2.9489,train,split_extension_append_abs_deficit
en_US-libritts_r-medium-spk552,positive_wakeword,unknown,1.5093,train,split_extension_append_abs_deficit
en_US-libritts_r-medium-spk554,positive_wakeword,unknown,2.8444,train,split_extension_append_abs_deficit
en_US-libritts_r-medium-spk556,positive_wakeword,unknown,3.0186,train,split_extension_append_abs_deficit
en_US-libritts_r-medium-spk557,positive_wakeword,unknown,3.0999,train,split_extension_append_abs_deficit
en_US-libritts_r-medium-spk558,positive_wakeword,unknown,2.589,validation,split_extension_append_abs_deficit
en_US-libritts_r-medium-spk559,positive_wakeword,unknown,2.798,train,split_extension_append_abs_deficit
en_US-libritts_r-medium-spk565,positive_wakeword,unknown,2.9141,train,split_extension_append_abs_deficit
en_US-libritts_r-medium-spk57,positive_wakeword,unknown,2.4149,validation,split_extension_append_abs_deficit
en_US-libritts_r-medium-spk572,positive_wakeword,unknown,2.8793,train,split_extension_append_abs_deficit
en_US-libritts_r-medium-spk578,positive_wakeword,unknown,3.0418,train,split_extension_append_abs_deficit
en_US-libritts_r-medium-spk581,positive_wakeword,unknown,3.4714,train,split_extension_append_abs_deficit
en_US-libritts_r-medium-spk598,positive_wakeword,unknown,2.798,train,split_extension_append_abs_deficit
en_US-libritts_r-medium-spk599,positive_wakeword,unknown,2.3684,train,split_extension_append_abs_deficit
en_US-libritts_r-medium-spk601,positive_wakeword,unknown,3.5294,train,split_extension_append_abs_deficit
en_US-libritts_r-medium-spk605,positive_wakeword,unknown,3.1579,train,split_extension_append_abs_deficit
en_US-libritts_r-medium-spk606,positive_wakeword,unknown,3.1347,train,split_extension_append_abs_deficit
en_US-libritts_r-medium-spk607,positive_wakeword,unknown,3.0186,train,split_extension_append_abs_deficit
en_US-libritts_r-medium-spk612,positive_wakeword,unknown,2.9373,train,split_extension_append_abs_deficit
en_US-libritts_r-medium-spk619,positive_wakeword,unknown,2.798,train,split_extension_append_abs_deficit
en_US-libritts_r-medium-spk62,positive_wakeword,unknown,2.2523,test,split_extension_append_abs_deficit
en_US-libritts_r-medium-spk624,positive_wakeword,unknown,3.0883,train,split_extension_append_abs_deficit
en_US-libritts_r-medium-spk63,positive_wakeword,unknown,3.0418,train,split_extension_append_abs_deficit
en_US-libritts_r-medium-spk636,positive_wakeword,unknown,2.589,test,split_extension_append_abs_deficit
en_US-libritts_r-medium-spk639,positive_wakeword,unknown,2.2523,train,split_extension_append_abs_deficit
en_US-libritts_r-medium-spk64,positive_wakeword,unknown,2.0666,test,split_extension_append_abs_deficit
en_US-libritts_r-medium-spk642,positive_wakeword,unknown,2.7864,validation,split_extension_append_abs_deficit
en_US-libritts_r-medium-spk648,positive_wakeword,unknown,2.5194,test,split_extension_append_abs_deficit
en_US-libritts_r-medium-spk656,positive_wakeword,unknown,3.6571,train,split_extension_append_abs_deficit
en_US-libritts_r-medium-spk658,positive_wakeword,unknown,2.3452,test,split_extension_append_abs_deficit
en_US-libritts_r-medium-spk666,positive_wakeword,unknown,2.8909,train,split_extension_append_abs_deficit
en_US-libritts_r-medium-spk672,positive_wakeword,unknown,2.9257,train,split_extension_append_abs_deficit
en_US-libritts_r-medium-spk675,positive_wakeword,unknown,2.5194,validation,split_extension_append_abs_deficit
en_US-libritts_r-medium-spk677,positive_wakeword,unknown,3.4598,train,split_extension_append_abs_deficit
en_US-libritts_r-medium-spk678,positive_wakeword,unknown,3.2044,train,split_extension_append_abs_deficit
en_US-libritts_r-medium-spk681,positive_wakeword,unknown,3.4714,train,split_extension_append_abs_deficit
en_US-libritts_r-medium-spk685,positive_wakeword,unknown,3.4017,train,split_extension_append_abs_deficit
en_US-libritts_r-medium-spk686,positive_wakeword,unknown,2.5658,test,split_extension_append_abs_deficit
en_US-libritts_r-medium-spk69,positive_wakeword,unknown,2.8444,train,split_extension_append_abs_deficit
en_US-libritts_r-medium-spk694,positive_wakeword,unknown,2.531,validation,split_extension_append_abs_deficit
en_US-libritts_r-medium-spk704,positive_wakeword,unknown,2.2291,validation,split_extension_append_abs_deficit
en_US-libritts_r-medium-spk707,positive_wakeword,unknown,3.3321,train,split_extension_append_abs_deficit
en_US-libritts_r-medium-spk708,positive_wakeword,unknown,2.798,train,split_extension_append_abs_deficit
en_US-libritts_r-medium-spk716,positive_wakeword,unknown,2.2407,validation,split_extension_append_abs_deficit
en_US-libritts_r-medium-spk719,positive_wakeword,unknown,2.2756,validation,split_extension_append_abs_deficit
en_US-libritts_r-medium-spk72,positive_wakeword,unknown,2.9489,train,split_extension_append_abs_deficit
en_US-libritts_r-medium-spk720,positive_wakeword,unknown,3.2972,train,split_extension_append_abs_deficit
en_US-libritts_r-medium-spk723,positive_wakeword,unknown,2.8561,train,split_extension_append_abs_deficit
en_US-libritts_r-medium-spk724,positive_wakeword,unknown,2.2756,test,split_extension_append_abs_deficit
en_US-libritts_r-medium-spk726,positive_wakeword,unknown,3.3437,train,split_extension_append_abs_deficit
en_US-libritts_r-medium-spk727,positive_wakeword,unknown,4.0867,train,split_extension_append_abs_deficit
en_US-libritts_r-medium-spk729,positive_wakeword,unknown,2.6471,validation,split_extension_append_abs_deficit
en_US-libritts_r-medium-spk731,positive_wakeword,unknown,3.0418,train,split_extension_append_abs_deficit
en_US-libritts_r-medium-spk744,positive_wakeword,unknown,2.7748,validation,split_extension_append_abs_deficit
en_US-libritts_r-medium-spk75,positive_wakeword,unknown,3.1579,train,split_extension_append_abs_deficit
en_US-libritts_r-medium-spk756,positive_wakeword,unknown,2.8561,train,split_extension_append_abs_deficit
en_US-libritts_r-medium-spk761,positive_wakeword,unknown,2.0898,train,split_extension_append_abs_deficit
en_US-libritts_r-medium-spk764,positive_wakeword,unknown,3.1347,train,split_extension_append_abs_deficit
en_US-libritts_r-medium-spk771,positive_wakeword,unknown,2.3336,test,split_extension_append_abs_deficit
en_US-libritts_r-medium-spk790,positive_wakeword,unknown,3.3437,train,split_extension_append_abs_deficit
en_US-libritts_r-medium-spk791,positive_wakeword,unknown,2.3104,train,split_extension_append_abs_deficit
en_US-libritts_r-medium-spk794,positive_wakeword,unknown,2.2988,validation,split_extension_append_abs_deficit
en_US-libritts_r-medium-spk796,positive_wakeword,unknown,3.4249,train,split_extension_append_abs_deficit
en_US-libritts_r-medium-spk801,positive_wakeword,unknown,2.8561,train,split_extension_append_abs_deficit
en_US-libritts_r-medium-spk806,positive_wakeword,unknown,2.8444,train,split_extension_append_abs_deficit
en_US-libritts_r-medium-spk811,positive_wakeword,unknown,4.8994,train,split_extension_append_abs_deficit
en_US-libritts_r-medium-spk813,positive_wakeword,unknown,2.7167,train,split_extension_append_abs_deficit
en_US-libritts_r-medium-spk814,positive_wakeword,unknown,3.0766,train,split_extension_append_abs_deficit
en_US-libritts_r-medium-spk815,positive_wakeword,unknown,3.6107,train,split_extension_append_abs_deficit
en_US-libritts_r-medium-spk820,positive_wakeword,unknown,3.1347,train,split_extension_append_abs_deficit
en_US-libritts_r-medium-spk825,positive_wakeword,unknown,3.3785,train,split_extension_append_abs_deficit
en_US-libritts_r-medium-spk83,positive_wakeword,unknown,2.1246,validation,split_extension_append_abs_deficit
en_US-libritts_r-medium-spk837,positive_wakeword,unknown,3.2508,train,split_extension_append_abs_deficit
en_US-libritts_r-medium-spk838,positive_wakeword,unknown,3.065,train,split_extension_append_abs_deficit
en_US-libritts_r-medium-spk842,positive_wakeword,unknown,2.9025,train,split_extension_append_abs_deficit
en_US-libritts_r-medium-spk846,positive_wakeword,unknown,2.3452,train,split_extension_append_abs_deficit
en_US-libritts_r-medium-spk848,positive_wakeword,unknown,2.6239,test,split_extension_append_abs_deficit
en_US-libritts_r-medium-spk849,positive_wakeword,unknown,2.8096,train,split_extension_append_abs_deficit
en_US-libritts_r-medium-spk850,positive_wakeword,unknown,2.2988,test,split_extension_append_abs_deficit
en_US-libritts_r-medium-spk857,positive_wakeword,unknown,3.216,train,split_extension_append_abs_deficit
en_US-libritts_r-medium-spk858,positive_wakeword,unknown,3.0186,train,split_extension_append_abs_deficit
en_US-libritts_r-medium-spk864,positive_wakeword,unknown,3.007,train,split_extension_append_abs_deficit
en_US-libritts_r-medium-spk871,positive_wakeword,unknown,2.1943,validation,split_extension_append_abs_deficit
en_US-libritts_r-medium-spk873,positive_wakeword,unknown,2.4265,train,split_extension_append_abs_deficit
en_US-libritts_r-medium-spk876,positive_wakeword,unknown,3.2856,train,split_extension_append_abs_deficit
en_US-libritts_r-medium-spk879,positive_wakeword,unknown,2.0898,test,split_extension_append_abs_deficit
en_US-libritts_r-medium-spk88,positive_wakeword,unknown,2.6471,validation,split_extension_append_abs_deficit
en_US-libritts_r-medium-spk886,positive_wakeword,unknown,3.5294,train,split_extension_append_abs_deficit
en_US-libritts_r-medium-spk887,positive_wakeword,unknown,3.5062,train,split_extension_append_abs_deficit
en_US-libritts_r-medium-spk892,positive_wakeword,unknown,3.0883,train,split_extension_append_abs_deficit
en_US-libritts_r-medium-spk898,positive_wakeword,unknown,3.3785,train,split_extension_append_abs_deficit
en_US-libritts_r-medium-spk9,positive_wakeword,unknown,3.4598,train,split_extension_append_abs_deficit
en_US-libritts_r-medium-spk900,positive_wakeword,unknown,3.065,train,split_extension_append_abs_deficit
en_US-libritts_r-medium-spk94,positive_wakeword,unknown,3.7268,train,split_extension_append_abs_deficit
en_US-ljspeech-medium-spk0,positive_wakeword,unknown,3.1927,train,split_extension_append_abs_deficit
en_US-mike-medium-spk0,positive_wakeword,unknown,3.1347,train,split_extension_append_abs_deficit
en_US-sam-medium-spk0,positive_wakeword,unknown,3.7036,train,split_extension_append_abs_deficit
